ID,species,centroid_size_left,Comp1,Comp2,Comp3,Comp4,Comp5,Comp6,Comp7,Comp8,Comp9,Comp10,Comp11,Comp12,Comp13,Comp14,Comp15,Comp16,Comp17,Comp18,Comp19,Comp20,Comp21,Comp22,Comp23,Comp24,Comp25,Comp26,Comp27,Comp28,Comp29,Comp30,Comp31,Comp32,Comp33,Comp34,Comp35,Comp36,Comp37,Comp38,Comp39,Comp40,Comp41,Comp42,Comp43,Comp44,Comp45,Comp46,Comp47,Comp48,Comp49,Comp50,Comp51,Comp52,Comp53,Comp54,Comp55,Comp56,Comp57,Comp58,Comp59,Comp60,X1,Y1,X2,Y2,X3,Y3,X4,Y4,X5,Y5,X6,Y6,X7,Y7,X8,Y8,X9,Y9,X10,Y10,X11,Y11,X12,Y12,X13,Y13,X14,Y14,X15,Y15,X16,Y16,X17,Y17,X18,Y18,X19,Y19,X20,Y20,X21,Y21,X22,Y22,X23,Y23,X24,Y24,X25,Y25,X26,Y26,X27,Y27,X28,Y28,X29,Y29,X30,Y30,X31,Y31,X32,Y32,Cutwindow_length_left,Sut1_length_left,Sut2_length_left,Sut3_length_left,Sut4_length_left,Sut5_length_left,Sut6_length_left,Arc1_width_left,Arc2_width_left,Arc3_width_left,Arc4_width_left,Arc5_width_left,Leftface_length,noncut_edge_length,Intersect_to_top_dist_left,dist_arc2_arc3_left,dist_arc3_arc4_left,dist_arc4_arc5_left,Leftface_height1,Leftface_height2,Leftface_height3,Leftface_height4,Leftface_height5,Leftface_height6,Leftface_height7
FEB1xPBX012-1-V35,LBX,1.786663786,0.002284849,0.001197641,-0.013616737,-0.00983609,-0.003719951,-0.037009935,-0.033453991,-0.005594407,0.011016398,-0.017591721,0.025515195,5.88E-06,0.005107943,-0.030346739,-0.030356769,-0.011748982,-0.036762639,0.020132997,0.014288857,-0.011417491,-8.61E-05,-0.011649856,-0.004974176,0.003505439,-0.003079635,0.000131351,0.005618894,0.004143476,0.00333833,0.004889003,0.001769743,0.004231829,-0.000355122,-0.001182942,0.000641749,-0.000420613,0.001363266,0.000753372,-0.002074651,-0.000339369,-0.000889295,-0.000988488,-0.000908766,0.000248808,0.000630526,-7.08E-05,0.000967844,0.000885785,-0.000213188,-0.000184732,2.05E-06,0.000308901,3.69E-05,-0.000419198,-0.000176661,6.52E-05,-0.000257554,7.90E-05,2.75E-05,-0.000357872,2.6082,0.9883,2.6456,1.2098,2.5478,1.286,2.2735,1.2724,2.1354,1.2853,1.9035,1.3166,1.9995,1.3026,1.8441,1.3317,1.7686,1.3393,1.6974,1.349,1.6046,1.3112,1.5302,1.2418,1.4606,1.1634,2.1411,1.1329,2.062,1.1947,1.9995,1.1832,1.9542,1.2364,1.8937,1.2199,1.8714,1.2738,1.8089,1.2364,1.7931,1.2839,1.7377,1.2515,1.7292,1.2988,1.63,1.2152,2.3428,1.041,2.3414,0.9635,2.1375,1.0649,1.9935,1.1138,1.8867,1.1413,1.8042,1.1532,1.7298,1.1613,1.6289,1.1629,0.517683784,0.192327871,0.116601544,0.094881663,0.131297563,0.069898784,0.056503186,0.13870119,0.234002778,0.097015463,0.158101139,0.075881552,1.160881463,0.300868077,3.92E-06,0.111984508,0.086390335,0.072783583,0.225017888,0.205184429,0.245891134,0.17610318,0.222593486,0.248097259,1.103573926
FEB1xPBX013-1-V12,LBX,1.758694889,0.014304942,-0.007281347,-0.004658221,-0.016045928,-0.000903065,-0.003573519,0.000475614,-0.000437559,0.014454679,0.002397137,0.011716641,0.001125635,0.002781552,-0.002662195,0.002879933,6.07E-05,0.002102864,-0.004514896,0.000283528,0.005734207,-1.49E-05,0.000644837,0.005364658,-0.003580945,0.000112258,-0.001391892,0.003022842,0.000517146,-0.004218878,0.001346763,-0.001875599,-0.001182106,0.001571652,0.001364447,0.000216428,0.001097769,-0.001225947,-0.001150312,-0.001352191,0.001557637,-0.00064194,-0.002009404,-0.001391366,-0.000459586,-0.000358028,0.000163298,0.001267427,-0.000636858,0.000556805,-0.001351124,0.000711286,0.000646445,0.000974224,-8.01E-05,0.000900402,0.000298331,0.000177774,0.000123981,-0.000498709,-6.19E-05,2.5885,1.0707,2.6208,1.2681,2.4773,1.363,2.2379,1.3285,2.0901,1.3371,1.9639,1.3565,1.8614,1.3695,1.7988,1.3759,1.7233,1.3857,1.6505,1.3867,1.5701,1.3544,1.5043,1.2972,1.4326,1.2217,2.1099,1.19,2.0257,1.2497,1.9703,1.244,1.92,1.2922,1.8603,1.2756,1.8323,1.3202,1.7754,1.29,1.756,1.3288,1.7114,1.3008,1.6891,1.3367,1.6316,1.2724,2.295,1.094,2.2936,1.0221,2.1099,1.1102,1.9664,1.1631,1.8571,1.1882,1.7708,1.199,1.7082,1.2066,1.6316,1.212,0.485345908,0.188590164,0.108563898,0.07785692,0.057247707,0.063641574,0.059754832,0.148049992,0.127682419,0.103321101,0.062926306,0.07613337,1.165721154,0.273322904,3.92E-06,0.114448941,0.086112543,0.064904853,0.196419398,0.192017838,0.193076695,0.199326692,0.213489321,0.253059064,0.991074755
FEB1xPBX013-1-V18,LBX,1.772683389,0.02367119,-0.027016946,-0.009703056,-0.003632747,0.003480475,-0.010267119,0.011751597,0.013428199,0.00506691,0.007039055,0.008263701,0.007207112,-0.003183376,0.003763049,0.005793877,-0.000591287,-0.00453515,0.001797597,-0.002650707,0.006282729,-0.004211296,-0.004828937,0.005241396,-0.00556805,0.004460173,0.001618146,1.00E-05,-0.002894969,-0.002339455,-0.00091116,-0.002038183,0.004440121,-0.00179732,-0.000133314,0.000873014,0.001297246,-0.001489847,-0.002057934,-0.0024084,0.001717541,-0.000475078,0.000381069,0.00014308,-0.000504764,0.000856272,-0.00031217,-0.001012116,-0.001228691,0.002085833,0.000822435,-0.001180468,-0.000732331,0.000435627,-0.000618713,0.000384197,-0.000366467,-0.001230618,-0.000109128,-0.000557538,0.000679868,2.6532,1.0469,2.6823,1.2422,2.5259,1.3403,2.2566,1.295,2.1372,1.3037,2.0135,1.3252,1.9099,1.3396,1.8366,1.3483,1.7762,1.3612,1.6812,1.3713,1.6117,1.3371,1.5496,1.2778,1.4907,1.212,2.1656,1.1526,2.0807,1.2109,2.0304,1.208,1.9779,1.2598,1.9247,1.2454,1.8912,1.2911,1.8409,1.2627,1.8172,1.3033,1.7632,1.274,1.7416,1.3026,1.6845,1.2465,2.3616,1.0627,2.3616,0.9908,2.1609,1.08,2.0279,1.126,1.9207,1.1526,1.838,1.167,1.7611,1.1821,1.6827,1.1915,0.490177947,0.168993373,0.108646629,0.074461534,0.051980189,0.049003673,0.068052333,0.11971654,0.12555453,0.104595985,0.073814497,0.061762205,1.174165346,0.248327888,0,0.112121586,0.085567108,0.078517387,0.193753297,0.182545036,0.186976924,0.195965813,0.208623537,0.235336971,1.079446126
KMM20-V09,LBX,1.833871039,0.02869458,-0.017682628,0.003260101,-0.002028787,-0.004504463,0.003268187,-0.002759947,-0.004663585,0.000602263,-0.001076062,-0.002360997,0.013533804,-0.000444371,0.005646984,0.006691871,-0.00502006,0.004167303,-0.000249293,-0.000896979,-0.001811692,0.000358597,-0.001457142,-0.00259764,-2.01E-05,0.001048495,-0.000374334,0.004075649,-0.000554948,-0.002296058,0.002495908,0.000631799,0.001446208,0.002070787,-0.00103729,-0.002286018,0.001603159,0.000554086,0.001471124,-0.002681642,0.000462887,-0.002002855,-0.002310148,-0.001613526,-0.00147751,-0.001428088,0.000671601,-0.000653709,0.000569398,-0.000821468,0.001509496,0.001180756,-0.000816089,0.001054894,-0.000628527,-0.001055572,0.000131954,-0.000713155,-0.000824051,0.000490948,0.001110848,2.658,0.9795,2.6748,1.2066,2.5183,1.2907,2.2697,1.26,2.1516,1.2718,2.0291,1.2848,1.9024,1.2923,1.822,1.3058,1.7411,1.3145,1.6672,1.3177,1.5895,1.2783,1.5178,1.2114,1.4628,1.1354,2.164,1.1084,2.0908,1.1652,2.0239,1.1609,1.9678,1.2105,1.911,1.1947,1.8765,1.2415,1.8089,1.2105,1.7938,1.2645,1.7377,1.217,1.7089,1.2537,1.6597,1.1947,2.3646,1.0059,2.3689,0.9407,2.1618,1.0399,2.0216,1.0858,1.9096,1.1077,1.806,1.1206,1.7352,1.1278,1.6597,1.1284,0.511630902,0.184810849,0.122720007,0.09632331,0.057021487,0.050009299,0.068800291,0.118688036,0.123187865,0.126921787,0.081525517,0.081366455,1.20532479,0.273884373,3.70E-05,0.117850965,0.103315294,0.071496084,0.203123534,0.198035956,0.196910767,0.213646109,0.226927301,0.245125315,1.133585127
KMM20-V10,LBX,1.833694054,0.009653826,-0.022673317,0.002212049,0.001071875,0.006751643,0.00075528,-0.001506997,0.01166149,-0.014012996,0.000504563,-0.005614105,0.009409256,-0.00159744,0.004134568,0.002658236,-0.003694864,0.002407842,-0.00661473,0.000491582,-0.004301453,0.005066199,-0.004187874,0.001572179,0.005331888,0.002661897,0.001806151,0.00199859,-0.001675275,-0.000819011,-0.000565945,-0.003778164,0.003090593,4.60E-05,-0.001510008,-0.000196418,0.003103711,0.004492946,-0.001675082,-0.001146412,0.000246196,-0.000809541,-0.000406394,0.000563937,-0.001634491,-0.001689268,-0.000305598,0.00053307,-0.002439192,0.002221793,0.000506784,0.000758272,0.000635815,0.000316995,0.000305462,0.000187375,0.000123336,-9.87E-05,0.001214555,-0.000342136,0.000349382,2.6537,0.986,2.6802,1.1893,2.5431,1.2961,2.2335,1.2724,2.1365,1.2731,2.0178,1.2882,1.8963,1.2968,1.8193,1.3062,1.7395,1.3177,1.6618,1.3177,1.5831,1.2891,1.5092,1.2114,1.4558,1.1321,2.1472,1.1131,2.0782,1.1692,2.0207,1.1631,1.9693,1.2102,1.9124,1.1936,1.8765,1.2429,1.8172,1.2123,1.7913,1.2544,1.7344,1.2206,1.7078,1.2436,1.6604,1.1908,2.359,0.9998,2.3569,0.9304,2.144,1.0556,2.0173,1.0939,1.907,1.1142,1.81,1.1239,1.7276,1.1296,1.6593,1.1307,0.492961997,0.181174446,0.119138994,0.091849061,0.057421686,0.058883274,0.080595906,0.097002526,0.119656592,0.121803982,0.077571644,0.080624376,1.206776541,0.277278488,8.82E-06,0.112512844,0.097019225,0.083214963,0.203472455,0.198988568,0.193241041,0.206282913,0.215223791,0.234547415,1.122066455
KMM20-V29,LBX,1.782963709,0.016280128,0.009300438,-0.007852933,-0.004302915,-0.003347703,0.010428481,-0.003308086,-0.012968604,-0.000206371,-0.002907256,0.002731465,0.004720026,-0.001183575,-0.000155324,0.00713275,0.002906096,-0.003030683,-0.00499304,0.005204906,0.00482757,0.003380401,-0.004553015,0.002361218,0.001392888,0.002130545,0.00370588,0.002482609,-0.002050374,-0.001805393,0.001670534,0.000618376,-0.000588345,0.001808338,-0.002312796,-0.001605821,0.001656513,-0.000935539,-0.001605822,-0.000988215,-0.000388112,0.000975687,-0.003210345,-0.001591448,0.000202132,-0.000455974,-0.000237062,0.001072943,-0.000556684,0.000279435,0.00086749,0.000422308,0.000597385,8.26E-05,-0.000406513,0.00089558,-0.000582049,-0.000707939,0.000294062,0.000281022,-0.000596078,2.6309,0.9894,2.6733,1.198,2.5295,1.2864,2.3101,1.2573,2.1613,1.2627,2.028,1.2762,1.9186,1.2821,1.8463,1.2907,1.7665,1.2961,1.6812,1.2967,1.5982,1.2643,1.5302,1.1985,1.4752,1.1246,2.158,1.1124,2.0854,1.1649,2.0228,1.1627,1.9775,1.2008,1.9193,1.1886,1.8876,1.2318,1.8251,1.2008,1.8107,1.2476,1.751,1.2095,1.7229,1.231,1.6748,1.1807,2.3441,1.0081,2.3447,0.9488,2.158,1.0426,2.0227,1.0863,1.9169,1.1046,1.8211,1.1145,1.747,1.1181,1.673,1.1217,0.488003207,0.210072416,0.123796809,0.09074916,0.059085447,0.055901431,0.078351579,0.148897952,0.133981864,0.10955898,0.072809683,0.079982498,1.163581338,0.268429525,7.20E-07,0.106691424,0.094986736,0.074608981,0.197882819,0.199126216,0.193896906,0.204425463,0.224336622,0.263116894,1.110843216
KMM5-V11,LBX,1.788301496,0.024231017,0.011557076,-0.010819389,0.003638847,-0.002173501,0.003684552,-0.006954833,0.008522367,0.007354987,-0.004904461,-0.009292649,-0.004082605,0.007077883,-0.000511857,0.001675615,0.004769456,0.005734116,-0.00269205,0.002320733,-0.006309203,-0.006262375,-0.001932678,0.000640611,0.000242947,-0.002262663,5.49E-05,-0.002985544,-2.73E-05,0.001335545,0.000306263,0.001320345,0.002392336,0.001151133,0.000668897,0.003065292,-0.002719176,0.001245392,0.000232721,-0.000484943,-2.68E-05,0.002083424,0.000211885,-0.002254596,-0.000810082,-0.00095424,0.000991563,-0.00130759,0.001866682,-0.000604282,-0.001044296,-0.000342957,-0.001037658,0.000860973,-0.000934084,-0.000672236,0.000303774,-0.001295717,-0.001243257,5.32E-05,0.000302987,2.6122,0.9844,2.6586,1.1936,2.5194,1.2789,2.2717,1.2483,2.1444,1.262,2.0135,1.2749,1.9042,1.2864,1.8296,1.2977,1.7584,1.3085,1.6775,1.3096,1.5903,1.2659,1.5018,1.1893,1.4356,1.1224,2.1541,1.0983,2.0685,1.1652,2.0124,1.1559,1.97,1.2069,1.9081,1.1875,1.8822,1.2343,1.8161,1.2055,1.8067,1.2616,1.7384,1.2141,1.7269,1.2645,1.6629,1.1731,2.3238,0.9883,2.3267,0.9408,2.1508,1.0289,2.0084,1.0769,1.9056,1.0991,1.8145,1.1119,1.736,1.1189,1.6618,1.1219,0.496862637,0.190603673,0.123008333,0.080723293,0.056554487,0.042750673,0.054113307,0.128035073,0.131534102,0.109903321,0.075450977,0.072014443,1.184665168,0.305874893,1.68E-05,0.108981879,0.093744333,0.078174484,0.210121679,0.20181774,0.196204842,0.206271787,0.229691119,0.250505828,1.100997934
LBX001V02,LBX,1.747590439,0.007705552,0.012960624,0.004823655,-0.010878204,-0.007493165,0.013658561,0.001679373,0.004212105,-0.002757872,-0.011629297,0.006138063,0.005975696,-0.003195751,-0.002869681,0.003395948,0.004116251,0.009390825,0.003791461,0.004893194,-0.003900413,0.003657346,-0.003301894,-0.004556909,0.002633742,-0.002290182,-0.001896639,-0.002804426,0.001773675,-0.00108678,-0.001538024,-0.001293585,-0.000231159,-0.00133301,-0.005009325,-0.000883369,-0.002162107,-0.001716645,0.003758763,0.001122423,-0.00076059,0.00013035,0.001001168,-0.000317355,-0.001300656,-0.001028237,6.17E-05,-0.00123749,-0.001243318,0.001028647,0.000394022,6.84E-05,0.000791704,-0.000918652,-0.000758823,0.000479229,-0.00069321,-0.000392258,-0.00019096,-0.000348628,-0.000306915,2.6246,1.0367,2.6697,1.2576,2.5424,1.3562,2.2913,1.3269,2.1613,1.3333,2.0388,1.3436,1.9308,1.3504,1.8495,1.3562,1.7772,1.3716,1.7012,1.3716,1.6154,1.3317,1.5502,1.267,1.4898,1.1974,2.1577,1.1692,2.0843,1.2251,2.0232,1.2163,1.9765,1.2627,1.9153,1.2487,1.8986,1.3004,1.8228,1.2697,1.8174,1.3163,1.7551,1.2789,1.7416,1.3225,1.701,1.2458,2.3303,1.0613,2.3296,1.0232,2.158,1.117,2.0221,1.1577,1.9135,1.18,1.8193,1.1926,1.7519,1.1985,1.6985,1.2033,0.463079313,0.206683937,0.132801506,0.102108276,0.059471338,0.051209569,0.060647918,0.130157443,0.122932258,0.108213862,0.081506625,0.073921918,1.146121952,0.273926267,9.80E-07,0.112659531,0.094853835,0.068322251,0.185791765,0.185459025,0.193217727,0.206070498,0.224080343,0.248650156,1.02878402
LBX001V06,LBX,1.844206864,0.000115831,-0.007213789,0.014614493,-0.013306698,0.012499205,0.00281266,0.012223335,-0.024634499,-0.038668537,-0.002340779,-0.005564611,-0.017205908,0.004693369,0.014498553,-0.007544463,-0.012256825,-0.006987561,0.006334726,-0.000426868,-0.004085787,-0.003230144,-0.000236383,0.011843927,-0.003972268,0.003346361,-0.003079272,0.002415598,-0.001158099,0.004481768,0.002728206,-0.003266781,-0.000101527,0.001512776,-0.001111403,0.000183196,-0.003706396,-0.003543418,-0.001106339,-0.000957043,0.003688595,-0.000140992,0.000141567,-0.002370272,-0.000123152,-0.001433214,0.000565837,0.001651222,-0.000384242,-0.001230602,4.15E-05,0.001374104,-0.000808796,-5.19E-05,-0.000150498,0.00079364,0.000944913,9.01E-05,-0.000859137,-0.000269863,-0.000186801,2.6424,1.1052,2.6575,1.2994,2.4881,1.404,2.2389,1.377,2.1214,1.3857,1.98,1.3921,1.8646,1.3943,1.7783,1.4018,1.7042,1.4065,1.6241,1.4083,1.541,1.3608,1.4773,1.2853,1.4191,1.1904,2.048,1.2314,2.0372,1.2686,1.9757,1.2551,1.932,1.3031,1.8684,1.2843,1.8387,1.3279,1.7729,1.2994,1.7481,1.336,1.6942,1.3058,1.6661,1.3328,1.6219,1.2735,2.3393,1.1073,2.3393,1.0739,2.0451,1.1641,1.9714,1.1828,1.8668,1.1974,1.7702,1.2039,1.6956,1.2048,1.6223,1.2033,0.428174754,0.240087838,0.144229158,0.101118742,0.071272505,0.072399448,0.082965656,0.117821645,0.141544763,0.115420969,0.086625285,0.074248906,1.226263402,0.299174548,0,0.111202203,0.0966864,0.0789598,0.219084116,0.213654604,0.212517105,0.225216185,0.252325999,0.287897291,0.99184278
LBX001V07,LBX,1.882907666,0.035030429,-0.00392338,0.031950735,-0.004706955,0.007290643,-0.000238402,0.011310367,0.002422561,-0.006111943,0.005670997,-0.002112843,0.004025851,0.003722878,0.003134087,-0.000715588,0.000559722,-0.002659706,0.007064133,-0.006176083,0.002975387,0.000687535,-0.00224335,0.003099066,2.43E-05,-0.004557872,-0.004300119,0.00054796,-0.00103889,-0.001347441,0.000698001,-0.001362897,0.002211768,0.000277955,-0.003045089,0.000256234,-0.000812244,0.00143548,0.001553214,-0.000310632,-0.001741544,-0.000987259,0.000390169,-0.000407536,0.001467685,0.001526617,0.000941544,-0.000208605,-0.000594896,0.000274052,0.000235831,0.000131648,9.29E-05,0.000135068,-0.000352709,-0.000542816,0.001120701,-0.000207951,-8.27E-05,-4.00E-05,-2.83E-05,2.7001,0.9849,2.7287,1.2195,2.527,1.3306,2.3004,1.3015,2.1731,1.3134,2.048,1.3252,1.9261,1.3414,1.8333,1.3544,1.7632,1.3684,1.6942,1.3749,1.6003,1.3324,1.5255,1.2576,1.4579,1.1699,2.1645,1.117,2.0998,1.1791,2.0307,1.1764,1.9865,1.2282,1.9213,1.2093,1.8905,1.2702,1.8258,1.2346,1.8046,1.2882,1.7528,1.2451,1.7276,1.2868,1.6773,1.2163,2.3786,1.0076,2.3781,0.9502,2.1609,1.0606,2.0246,1.1066,1.9164,1.1289,1.8198,1.144,1.7476,1.1505,1.6758,1.1553,0.497216583,0.229148554,0.153001242,0.114853167,0.07960402,0.072153517,0.089027636,0.127854996,0.125655282,0.122971745,0.093706136,0.071484334,1.25590041,0.31283013,5.00E-07,0.114239967,0.098794433,0.073751271,0.230326659,0.221177983,0.224201806,0.236330806,0.254594756,0.278375753,1.114432775
LBX001V08,LBX,1.873321087,0.011038587,-0.000651148,-0.000928871,-0.010815954,-0.002611299,0.008541926,0.000814989,0.012871783,-0.001012821,-0.003653215,0.001372679,0.010420199,0.004437364,0.004127508,0.000740038,-0.004041748,0.003602859,-0.005125744,-0.004056603,-0.003854857,-0.000766032,0.000192881,0.00114349,-0.003764024,-0.002735236,-0.000787971,-0.003943636,0.000394128,0.002449518,-0.003150124,0.002486612,0.000737481,0.001083278,0.000313618,-0.002129702,-0.002342753,0.002029922,9.72E-05,-5.24E-05,-0.001877249,0.000286583,-0.000635767,-0.000988545,0.00057033,-0.00025924,-0.001663982,-0.001059509,0.000368508,-0.000614656,0.00109158,0.000205519,0.000208846,-0.000190807,-0.00033965,-9.01E-05,-0.000139283,-0.000500853,-0.000194296,4.03E-05,-4.23E-05,2.6057,1.0307,2.651,1.2562,2.5151,1.3565,2.2211,1.3139,2.103,1.3269,1.9703,1.3414,1.8441,1.3554,1.7675,1.3652,1.692,1.3803,1.6176,1.3813,1.5324,1.3296,1.4515,1.2605,1.3819,1.1828,2.1063,1.1598,2.0293,1.2159,1.9624,1.2166,1.9135,1.2562,1.851,1.2504,1.82,1.2929,1.7539,1.267,1.7301,1.3094,1.6719,1.2792,1.6553,1.3181,1.6149,1.2476,2.3008,1.0574,2.3008,0.9912,2.1052,1.0926,1.9624,1.1372,1.8517,1.1595,1.7553,1.1717,1.6704,1.1789,1.6117,1.1834,0.499182131,0.192161,0.133239221,0.102397656,0.066985521,0.0671744,0.072220011,0.118813341,0.13348985,0.126974171,0.077224348,0.076995195,1.233215654,0.308150515,0,0.116414776,0.098508731,0.082902593,0.212644539,0.210085935,0.20403708,0.217148728,0.236123802,0.24981293,1.012495225
LBX001V10,LBX,1.86242758,0.008265284,-0.004840253,0.024709663,-0.007695534,-0.0066404,0.016040485,-0.003064562,-0.004626294,0.000198131,-0.004393667,0.001821064,0.011861151,0.00351277,-0.007729943,-0.002766543,0.003565807,0.000325717,0.003444968,-0.000922292,0.002936048,0.002195778,0.004377179,-0.00162503,0.002607557,-0.002834328,0.00129236,0.000706697,0.004395588,0.000516407,0.00235622,-0.001099627,-0.001546599,-0.002216694,-0.001500815,0.005048462,-0.000933234,0.002455794,-0.001724086,0.000793519,-0.001613817,0.000795432,0.003378747,0.000270969,0.000104181,-0.000484642,-6.94E-05,-0.000270451,-0.000523019,-0.000303555,-0.000724367,-0.001773937,-0.000539367,-0.000226874,0.000553679,0.001420102,0.000476572,0.000388113,-0.000509569,9.81E-06,-0.000281813,2.5609,1.0086,2.5939,1.2476,2.431,1.349,2.1875,1.3306,2.0401,1.3314,1.9135,1.3436,1.8092,1.3558,1.7118,1.3626,1.6255,1.367,1.5615,1.3652,1.4806,1.3107,1.4153,1.2341,1.3565,1.1586,2.0566,1.1505,1.9657,1.2116,1.911,1.203,1.8643,1.2537,1.7931,1.2339,1.7681,1.2832,1.6963,1.254,1.6742,1.2923,1.6214,1.26,1.5982,1.2859,1.5658,1.226,2.2546,1.0426,2.2513,0.9903,2.0563,1.0904,1.9063,1.1357,1.7894,1.1537,1.6888,1.1624,1.617,1.1645,1.5635,1.165,0.496573147,0.222645054,0.141022693,0.102482438,0.083426435,0.079723585,0.085571607,0.147402171,0.127186477,0.105011095,0.097637083,0.086412094,1.213704808,0.29104735,2.18E-05,0.121881992,0.098864807,0.075139936,0.211300734,0.219614776,0.2278151,0.226854182,0.237067353,0.273695963,0.970984542
LBX001V12,LBX,1.805951081,0.030573908,-0.002700438,0.012711833,-0.010304119,-0.000989933,-0.000986572,-0.004804057,0.000370679,-0.003874008,-0.000114349,-0.002319923,0.007418913,7.66E-05,0.008546582,5.21E-05,0.000244029,-0.001998423,-0.000291668,0.001677708,-0.001202069,0.001677829,0.006333308,-0.001136975,0.002117603,0.001371386,0.000845358,-0.001522449,0.00116638,-0.000222364,-0.002731263,0.001026958,0.001452693,-0.000155307,0.001078387,0.001597505,-0.000496026,0.000224365,0.002674179,0.001159731,-0.001088474,-0.001879821,4.51E-05,0.001230303,-1.13E-05,-0.000195668,0.000348127,0.000493345,-0.000669664,-0.001238038,-0.001133667,-0.000819626,0.001033199,-0.000882594,3.41E-05,-0.000918936,0.000100761,-0.000245466,-3.16E-05,1.49E-05,0.000174158,2.5825,1.0399,2.6133,1.2659,2.4507,1.3472,2.2156,1.3177,2.0804,1.3206,1.9714,1.3306,1.8538,1.3403,1.7729,1.3468,1.6985,1.3608,1.63,1.3641,1.5394,1.3177,1.4691,1.2465,1.3993,1.1681,2.0958,1.1526,2.0236,1.2091,1.9617,1.1983,1.9121,1.2479,1.8495,1.2271,1.82,1.2781,1.7546,1.2487,1.7359,1.2954,1.6766,1.2587,1.6528,1.294,1.6118,1.2285,2.3031,1.0469,2.3037,0.9919,2.0922,1.0895,1.9622,1.1273,1.849,1.1489,1.7535,1.1591,1.6701,1.1634,1.6061,1.1638,0.489915105,0.203985416,0.125133888,0.101763353,0.070790395,0.06333214,0.08093658,0.135231098,0.109457754,0.117999364,0.081160705,0.075705746,1.190124985,0.3027185,7.20E-07,0.1158373,0.097327129,0.078638413,0.217593107,0.210246046,0.207107532,0.219081378,0.226574778,0.259427832,1.020357947
LBX001V13,LBX,1.820815834,0.02897257,-0.01634544,0.018926181,0.00319371,0.016798158,-0.006500707,0.002595333,0.00165184,-0.006527243,0.01357331,0.004098813,-0.006038059,0.000708895,-0.002886492,0.000389914,0.000456413,-0.004100438,0.002852694,-0.003394769,0.000800158,0.001947314,-0.00028014,0.001536571,-0.002581277,-0.001018734,0.0033454,0.000644033,-0.001720548,0.00271052,0.000934732,-0.002760077,-0.000676773,-0.001408545,0.002535191,-0.001502286,0.001160038,0.003840201,0.002581364,-0.000933335,0.000762208,0.000632705,-0.000757055,0.00024713,-0.000466105,-0.001413875,3.64E-05,-0.000527314,0.000291,0.000849466,0.001502383,-0.002117914,0.000392564,-0.000709693,0.000712466,0.000304676,0.000721218,0.000706216,0.000593558,-0.000439501,0.000375988,2.6677,1.0227,2.6791,1.2149,2.4978,1.3385,2.2648,1.3058,2.13,1.3101,2.0038,1.3155,1.8991,1.3198,1.8225,1.3306,1.7492,1.3403,1.6737,1.3468,1.5928,1.3026,1.5227,1.2238,1.459,1.1462,2.1446,1.1246,2.071,1.18,2.0149,1.1749,1.966,1.2224,1.9128,1.2051,1.8797,1.2584,1.8229,1.2242,1.7985,1.2774,1.7481,1.2357,1.7165,1.2673,1.6564,1.2109,2.3662,1.0246,2.3634,0.9513,2.1419,1.0669,2.0135,1.103,1.9103,1.1221,1.8182,1.1329,1.7456,1.1393,1.655,1.1408,0.495769029,0.21744305,0.142853106,0.100481093,0.064391925,0.058363002,0.079989312,0.134868566,0.126315478,0.104788263,0.077357611,0.073939029,1.214992979,0.293830649,1.57E-05,0.106472766,0.091906583,0.075678861,0.220621599,0.206177836,0.203657605,0.214815758,0.237618728,0.268658929,1.095602049
LBX001V15,LBX,1.774589259,0.013712664,0.03606456,0.020011052,-0.007235712,-0.010302311,0.009966953,0.001070698,0.01471324,-0.007889903,0.007987069,-0.000365417,0.005688983,-0.000313361,0.002785323,-0.003090995,-0.007046804,-0.004295762,-0.000837926,0.002504722,-0.006045265,0.000558686,0.004850995,-7.25E-05,-0.001506361,-0.001055058,0.001273825,0.001131133,0.003102504,0.001141346,0.004103325,0.001452984,0.000622916,-0.003682583,0.002999447,0.001988321,0.002137258,0.001660099,0.000966452,0.000702766,0.002585188,-0.001499764,0.000373721,-0.000100495,0.000625216,0.000504585,0.000216582,-0.000614907,0.00082513,0.000747519,-0.0004517,0.001237597,-0.001044936,1.73E-05,0.000559628,0.000236495,-0.000159466,-0.00013382,0.000327399,-0.000659844,-0.00055912,2.5976,0.986,2.6633,1.2292,2.5345,1.3285,2.2807,1.2943,2.1526,1.3001,2.0333,1.3101,1.9283,1.326,1.8333,1.3296,1.7557,1.3403,1.696,1.3468,1.6082,1.3044,1.5284,1.2289,1.4551,1.149,2.1289,1.1235,2.0631,1.1764,2.0135,1.1699,1.9617,1.2217,1.9088,1.2033,1.8732,1.2616,1.8107,1.226,1.7891,1.2767,1.7341,1.2379,1.7125,1.2756,1.6737,1.2141,2.3058,1.0045,2.3058,0.9613,2.1273,1.055,2.0108,1.0944,1.9056,1.1196,1.8071,1.1325,1.7359,1.139,1.6726,1.1444,0.464128646,0.228507943,0.152682481,0.113759044,0.084754764,0.068935114,0.077796722,0.128231236,0.119718378,0.106197034,0.095068186,0.07833422,1.154068997,0.311701219,0,0.109898362,0.100692105,0.077518836,0.212796664,0.214044668,0.228323652,0.229341536,0.249839408,0.28424646,1.044007246
LBX001V18,LBX,1.846569413,0.017937577,-0.002680001,0.012412117,-0.010174422,-0.007081878,-0.006894229,-0.002048564,0.00179105,0.000630759,-0.010596482,-0.000161845,-0.000405811,0.002291042,0.006982312,-0.002038625,-0.000481189,-0.000829195,-0.001859865,-0.00455254,-0.000628653,-0.00215337,0.00570428,0.001618104,0.004069191,-0.002714265,0.002937399,-0.003413269,0.002983559,-0.001646616,-0.00112489,0.004211774,0.001329866,0.002302371,0.000113131,-0.002081775,-0.000929355,0.000567395,0.000501467,0.000744872,0.000431891,-0.004090646,-3.10E-05,0.002121761,0.000581759,-0.000125006,0.000306764,-0.000280985,-0.000654413,3.21E-05,0.000453114,-2.67E-05,0.000195882,-0.000276291,0.000616796,0.000274862,-0.00066341,-0.000330442,0.001191207,0.000270424,-0.000224129,2.671,1.0065,2.7078,1.258,2.5467,1.3357,2.2886,1.3112,2.1516,1.3177,2.0383,1.3328,1.9272,1.3479,1.8484,1.3533,1.7718,1.363,1.6981,1.3666,1.6052,1.322,1.5264,1.2508,1.4569,1.1748,2.1645,1.1505,2.0901,1.2109,2.02,1.2087,1.9757,1.253,1.9207,1.2335,1.8866,1.2857,1.8236,1.2557,1.8042,1.2999,1.7422,1.2708,1.7249,1.3118,1.6769,1.2271,2.3774,1.0466,2.3745,0.9862,2.1609,1.0861,2.0185,1.1278,1.9164,1.1483,1.8177,1.1597,1.7384,1.1656,1.6731,1.1694,0.493580105,0.203040144,0.123241592,0.101423863,0.074277857,0.06931955,0.069433781,0.13715411,0.114301794,0.112121452,0.078984809,0.077211722,1.225709468,0.308163398,1.68E-05,0.102350037,0.099605472,0.082788707,0.217307731,0.217557556,0.217737204,0.221133127,0.231900022,0.25879973,1.096018107
LBX001V27,LBX,1.860110423,0.032217783,0.003432132,0.016155707,-0.010215491,-0.006704581,-0.003082424,0.009419498,-0.001468348,-0.009742695,0.003062771,-0.002864045,0.001989275,0.001122783,-0.006184706,-0.000488062,-0.004263779,-0.003814986,-0.000762338,0.00031284,0.004455774,-0.002119348,0.004911018,-6.02E-05,0.001868461,0.00170485,-0.002168457,0.00142917,0.001367036,0.001914285,-0.001936673,-0.000965207,0.001944967,0.000507208,-0.001186986,-0.000209067,-0.001825627,-0.00119858,0.003210663,0.000872027,0.002374274,0.002343358,0.000402761,0.000870381,0.000440917,-0.000391792,-0.000955911,0.001886385,0.00011577,-0.001398103,-0.000521438,-0.000560692,0.000396459,0.000966805,-0.001060938,0.000402374,2.49E-06,0.000763742,0.000590365,-0.000308372,-0.000749041,2.6748,1.0609,2.678,1.3069,2.5216,1.3846,2.2914,1.3486,2.1455,1.3558,2.0225,1.3709,1.9117,1.381,1.8215,1.3871,1.7438,1.3993,1.6654,1.4079,1.5777,1.3619,1.5097,1.2853,1.4428,1.2033,2.1397,1.1775,2.0761,1.24,2.007,1.226,1.9671,1.281,1.8991,1.2659,1.8765,1.3166,1.8085,1.2843,1.7848,1.3296,1.7309,1.2972,1.6985,1.3296,1.6586,1.2638,2.3554,1.0631,2.3554,1.0092,2.139,1.1106,2.0038,1.1553,1.8943,1.1775,1.8058,1.1877,1.7229,1.1929,1.6568,1.1969,0.488778989,0.228665914,0.135003704,0.1055991,0.073392098,0.068213928,0.083127492,0.146077548,0.123923404,0.111259382,0.090406029,0.078651955,1.240202306,0.302344042,0,0.115040949,0.092449554,0.078664922,0.22030606,0.217797153,0.220408031,0.232031894,0.245518105,0.282612385,1.040854361
LBX001V29,LBX,1.728016947,0.034888199,0.019178783,0.016225683,-0.00096775,-0.001702486,0.011784072,0.007928601,-0.011151386,0.006903149,-0.001903664,-0.002341877,-0.0015286,0.000656304,0.010872541,-0.006861647,0.003044996,0.005098237,0.00522921,0.000272028,-0.008368551,7.29E-05,0.00396411,-0.003662608,0.000362251,-0.004533503,0.003311438,0.003539158,-0.001864831,0.0035373,4.47E-05,-0.000849734,0.001728027,0.001865671,-9.42E-05,0.001083213,-0.001581223,0.003189176,-0.000229719,-0.000886053,0.000728566,-0.00066645,0.000443163,0.000209343,0.000827472,0.00050175,0.000849598,0.000221513,0.002093615,0.001081483,0.000188922,-0.00024546,0.000460155,-0.000646252,-0.000376666,0.000321496,4.89E-05,-0.000327757,-0.000174336,-0.000725342,-4.89E-05,2.6084,0.9903,2.6597,1.2077,2.4687,1.2997,2.2896,1.2789,2.1613,1.2843,2.0437,1.2853,1.9297,1.3004,1.8463,1.3091,1.7693,1.3213,1.6953,1.327,1.6169,1.2846,1.5428,1.2084,1.4773,1.1386,2.1426,1.1142,2.0771,1.1731,2.0203,1.1638,1.9736,1.2084,1.9132,1.1951,1.8797,1.2368,1.8189,1.2156,1.8168,1.2695,1.7492,1.2282,1.7389,1.281,1.6855,1.2001,2.3213,1.0113,2.3204,0.9628,2.1411,1.0534,2.0192,1.0919,1.9115,1.1149,1.8161,1.1251,1.7476,1.13,1.6834,1.1332,0.465101301,0.220760255,0.139481468,0.10405585,0.080900927,0.049380259,0.050480194,0.12841359,0.117604252,0.114995696,0.083852549,0.077960503,1.140780478,0.288129415,1.62E-06,0.111580016,0.096502539,0.070829725,0.206785928,0.204495721,0.208890043,0.215668727,0.239186475,0.27000463,1.074862828
LBX001V30,LBX,1.759157791,0.018319183,0.047319014,-0.016076929,-0.021524384,-0.000318487,-0.00300978,0.011119202,0.013969765,-0.002939488,-0.002321803,0.005023973,0.003266461,-0.000297807,0.005811493,0.003507706,0.001435309,0.001138223,0.00304518,-0.00025129,0.000340107,0.004671763,0.000336125,0.000452724,-0.00509342,0.002208297,-0.002717251,0.000896731,-0.004122175,0.0033542,0.002089942,-0.001079814,0.00163543,-0.001857173,0.003265558,0.001033378,0.001239843,-0.000660826,-0.000894438,-0.000231201,0.001861579,-0.000703888,-0.000379628,0.001385373,-0.001584889,-0.000383124,0.000281253,-0.000424725,0.000989026,0.000852708,0.000376894,0.000830667,0.00113821,0.000257455,-0.000220736,0.000298504,0.000523435,-0.000143811,-0.000310565,-0.000292345,-0.000148547,2.6106,1.0151,2.6762,1.2267,2.5611,1.3001,2.3047,1.2648,2.1677,1.267,2.0415,1.2778,1.9304,1.2929,1.856,1.2972,1.7952,1.3145,1.7044,1.3252,1.6149,1.2934,1.5329,1.2217,1.4563,1.1456,2.1455,1.1088,2.075,1.1613,2.0221,1.1505,1.9746,1.2044,1.9153,1.185,1.8862,1.2314,1.8258,1.2033,1.8204,1.2573,1.7589,1.2163,1.7438,1.2681,1.6877,1.2023,2.313,1.0182,2.3116,0.9657,2.1413,1.0399,2.0174,1.08,1.911,1.1037,1.8189,1.1188,1.7535,1.1282,1.6837,1.1361,0.467250564,0.222891543,0.140590825,0.099313494,0.075735659,0.053473077,0.069245361,0.137017663,0.126661281,0.112121452,0.074524157,0.063213369,1.161653451,0.306283806,3.92E-06,0.112234086,0.091351738,0.068151376,0.210377779,0.19765437,0.206743948,0.217580008,0.239914756,0.277992032,1.065342954
LBX001V31,LBX,1.828272788,0.008120115,0.014720128,0.012777875,-0.013549915,0.0064692,-0.009067452,0.007982164,0.002179222,0.007582933,-0.011294929,-0.005907422,0.00640654,0.007061392,-0.00699939,0.000143708,0.001892249,0.000158324,-0.003921514,-0.004544375,-0.004119146,-0.004602875,0.005050711,0.002129555,-0.006746736,0.002896954,0.001727182,-0.001159405,-0.001072222,0.004545102,-0.000226813,-0.003674426,-0.000523621,-0.002585618,0.002171588,-0.003128369,-0.000207253,-0.000972934,0.000436825,0.000903563,-0.000519781,-0.000575576,0.000497436,-0.001952702,0.001330889,0.000235536,-0.001796787,-0.001387047,7.50E-05,-0.000506821,-0.000166171,3.22E-05,-6.54E-06,-0.000316517,-0.000360764,-1.68E-05,-0.000919153,-0.000562763,-0.000364126,-0.000894387,8.95E-05,2.6224,1.1046,2.6413,1.3263,2.4881,1.4094,2.2249,1.3813,2.0987,1.3932,1.9639,1.4018,1.8608,1.4094,1.7961,1.4153,1.7163,1.432,1.6446,1.4407,1.5437,1.3873,1.4595,1.2961,1.4018,1.2249,2.103,1.2195,2.0167,1.2738,1.9577,1.2681,1.9146,1.3213,1.8495,1.302,1.824,1.3515,1.7578,1.3198,1.742,1.3659,1.6818,1.3269,1.6643,1.3587,1.6197,1.2968,2.2843,1.1257,2.2828,1.071,2.0998,1.1489,1.9547,1.1904,1.8459,1.2116,1.7553,1.2184,1.6798,1.2242,1.616,1.2265,0.489442724,0.202580478,0.144845987,0.094396716,0.068605029,0.073260972,0.089871519,0.126759812,0.135074054,0.103379737,0.064968454,0.081528707,1.226513942,0.324840699,4.50E-06,0.113386287,0.093411616,0.076330924,0.228670811,0.223707175,0.218200023,0.223830382,0.248724426,0.263931374,0.936665426
LBX002V02,LBX,1.871925893,0.006269785,0.011322132,-0.017655237,-0.025999206,0.000358802,-0.008656031,-0.005887248,0.005200084,6.70E-05,0.00620935,-0.006138148,-0.001455968,0.000807579,-0.001381844,0.001855047,-0.001529117,-0.003739778,0.000543575,-0.003707755,0.003131385,-0.002474963,0.00443658,0.003662558,-0.002413358,0.001647127,-0.001640045,-0.000465047,-0.001776106,0.005531256,0.002551167,-0.003333438,-0.0035992,-0.00237651,-0.000102568,0.000540553,-0.002965123,0.001213417,-0.000532568,0.00071609,3.83E-06,-0.002187969,-0.000627839,0.001211115,-0.00053224,-0.00060602,-0.000917732,0.000159839,0.001163616,-0.000481091,-0.000972393,0.001891153,-0.000537838,0.000373316,-7.01E-05,0.000210944,-0.000214315,0.000139581,4.19E-05,0.000425082,-0.000405344,2.6095,1.1143,2.6622,1.3065,2.5493,1.3857,2.2584,1.3646,2.1073,1.3684,1.9775,1.3817,1.8689,1.4011,1.7941,1.4126,1.7125,1.4313,1.6413,1.4349,1.5448,1.391,1.4644,1.3155,1.3954,1.2335,2.1063,1.2109,2.0264,1.2778,1.9649,1.2638,1.925,1.3177,1.8614,1.2972,1.842,1.3544,1.7679,1.3123,1.7531,1.3648,1.692,1.3256,1.6715,1.3662,1.6133,1.3004,2.3177,1.1106,2.3166,1.0431,2.1052,1.1303,1.9601,1.1791,1.856,1.2026,1.7638,1.2163,1.6882,1.2228,1.6106,1.2282,0.50105813,0.216236213,0.121462628,0.082778318,0.053893413,0.062974916,0.076935103,0.151147775,0.130479615,0.110319173,0.075678861,0.083715291,1.219937478,0.317850232,2.42E-06,0.108755735,0.094711457,0.077056473,0.227229444,0.217345002,0.212595978,0.216423335,0.239796435,0.279940583,0.991942322
LBX002V04,LBX,1.785218781,0.036936199,0.029169825,0.001400303,-0.005514751,0.012279749,0.00460256,-0.008269282,0.011126468,-0.006789784,-0.004709051,-0.013136329,-0.007701071,0.007614167,-0.000728924,-0.008718239,-0.000647211,0.000562106,0.003803236,-0.002402632,-0.00354426,-0.000783392,0.005704714,0.002861874,0.003077201,-0.001604011,-0.002157225,0.004884226,0.003395894,-0.003586683,0.000859515,-0.000352139,-0.004806082,-0.000436685,2.95E-05,-0.001900084,0.000273059,-0.002847862,-0.001486103,0.000202334,-0.001162728,0.000502896,0.001064424,0.00143501,-0.000593744,0.00163322,9.06E-05,-0.000462065,-0.000112708,-3.48E-05,-0.001094087,-4.11E-05,0.000219628,0.00057818,0.000934593,-0.000494533,0.00064145,-0.000385119,-0.000268713,0.000179052,0.000671369,2.6321,1.0356,2.6683,1.2314,2.5356,1.3209,2.3019,1.3037,2.176,1.3087,2.0502,1.3224,1.9455,1.335,1.8668,1.3328,1.7869,1.3425,1.7168,1.3511,1.6025,1.3076,1.5234,1.2307,1.4507,1.1401,2.1645,1.1289,2.0976,1.1861,2.0361,1.1796,1.9898,1.226,1.9283,1.2098,1.9024,1.2594,1.8387,1.2282,1.8258,1.2767,1.7654,1.2335,1.7535,1.295,1.6924,1.2023,2.3544,1.0221,2.3544,0.9746,2.1609,1.0649,2.0318,1.1037,1.9239,1.1239,1.8319,1.135,1.7643,1.1397,1.6917,1.1408,0.477771881,0.222337131,0.145524294,0.113759044,0.087022813,0.069485322,0.058067289,0.125999246,0.126543787,0.105455441,0.078730744,0.080486645,1.186012736,0.339603018,0,0.111950346,0.091469776,0.07349136,0.223037956,0.218618069,0.230010782,0.23527418,0.25063647,0.277320104,1.089975202
LBX004V01,LBX,1.883625313,0.007071939,0.01987119,-0.010136235,-0.018788671,-0.014002183,0.003410871,-0.004344226,0.000526089,-0.005895801,0.001975246,0.009450718,0.00340261,0.002143697,0.00579943,0.001521239,0.004330918,-0.000504689,0.00728357,-0.00068284,-0.003033061,0.00385832,-0.001579161,-0.000204396,0.001759344,0.000518157,-0.00021835,-0.000169639,0.000279503,0.000984825,-0.002943041,0.001582531,-0.002069673,-0.000210269,0.001887739,0.001670617,-0.001164489,0.00297346,-0.000147019,-0.00016193,-0.001776255,-0.001072209,0.000350098,0.000209427,-0.000585325,0.000861795,0.000441872,-0.00024586,0.000450128,-0.000334512,-0.000949665,0.000118914,8.37E-06,-0.000629979,-0.000267749,0.001030809,-0.00124058,-0.000647942,0.000855258,-0.000410616,0.000467762,2.6472,1,2.7233,1.2379,2.5928,1.3112,2.322,1.2835,2.1645,1.2857,2.0257,1.2965,1.9153,1.308,1.8306,1.315,1.7481,1.3258,1.6742,1.3263,1.5888,1.2821,1.5147,1.2131,1.4435,1.1419,2.1555,1.1199,2.0836,1.176,2.0218,1.1659,1.97,1.212,1.9085,1.1947,1.8761,1.2472,1.8121,1.2149,1.797,1.2695,1.7309,1.2242,1.7165,1.2767,1.6597,1.1947,2.3612,1.0156,2.3612,0.9574,2.153,1.0527,2.0192,1.0926,1.9002,1.117,1.808,1.1241,1.726,1.1321,1.6543,1.1348,0.50141069,0.233424956,0.136304439,0.101206423,0.072341413,0.056561559,0.058389811,0.157515364,0.139219539,0.110997342,0.084988764,0.083203906,1.212035189,0.295340228,0,0.11690308,0.098493655,0.081730839,0.212789661,0.210697817,0.212914302,0.219021688,0.241660299,0.286058805,1.108004711
LBX005V01,LBX,1.90831288,0.032767633,0.00926393,0.005815249,-0.011232691,-0.010402672,0.005312968,-0.01158493,-0.012823702,-0.003995488,0.00153597,-0.001415367,-0.003025355,0.005617437,-0.000454023,0.00694047,-0.00413812,-0.00307062,0.001332005,0.002535794,0.00130662,-0.004543498,-0.00086614,-0.00086429,-0.001329775,0.005745137,0.000743728,0.00234127,0.002487252,-0.001165459,-0.004051354,0.000689387,0.000943097,-0.000327859,0.001596768,-0.003138082,-0.000837326,0.001135348,0.001675851,-0.000862473,-0.000956806,0.001769326,-6.81E-05,0.000764154,0.001096527,-0.001037834,-0.001244617,0.000344218,0.000586986,0.000259355,1.53E-05,-0.00075139,-0.000783163,0.000163713,0.000686098,-0.000914493,-0.000944931,0.001138603,-0.00014743,-0.000704004,-0.000812262,2.6758,0.9725,2.7006,1.2174,2.555,1.2961,2.3403,1.272,2.1785,1.2828,2.0333,1.2986,1.9142,1.3058,1.8333,1.3123,1.7481,1.3242,1.6791,1.3317,1.5852,1.2869,1.5081,1.2136,1.432,1.1332,2.1634,1.1063,2.0955,1.1645,2.0264,1.158,1.9714,1.2152,1.9088,1.198,1.884,1.2519,1.8172,1.2131,1.802,1.2756,1.7287,1.2249,1.706,1.2616,1.6553,1.1893,2.3842,0.9865,2.3835,0.934,2.1643,1.0396,2.0236,1.0778,1.9056,1.1041,1.8159,1.1138,1.7258,1.1181,1.6519,1.1212,0.514834546,0.242384199,0.144512595,0.103861302,0.061783898,0.048234635,0.075439844,0.162160044,0.146057112,0.119317434,0.081160705,0.086027031,1.254138322,0.316955297,9.80E-07,0.124216585,0.092836254,0.089283201,0.224640691,0.221968218,0.215700927,0.232674752,0.256941647,0.291523172,1.146104345
LBX005V02,LBX,1.865125175,0.029721201,-0.010100366,0.004398235,-0.001327104,0.02138309,0.005966312,-0.014973515,0.015500033,-0.00310568,0.000244724,-0.003741448,-0.002652657,0.002922915,-0.008067392,-0.002384644,-0.001472316,0.004719328,0.001492527,-0.002853788,-0.005606249,-0.005753751,0.001309353,-0.000487595,-0.001009611,-0.001333242,0.003038773,0.001038301,-0.004356168,0.000593191,-0.002317667,-0.002229489,-0.000665259,0.001533417,-0.001475142,0.000526847,-0.000710613,-0.001956071,-0.000886185,-0.001645234,-0.002768331,0.000321065,-0.001283881,-0.000980236,-7.19E-05,-0.00094357,0.000160127,0.000399528,-0.000231795,0.001032057,-0.001805212,8.73E-05,-0.000134865,-0.000481581,0.000145682,0.000590838,-0.000259209,-7.17E-05,-4.95E-05,0.00027933,0.000317532,2.6505,0.9817,2.6672,1.1548,2.5367,1.2972,2.2623,1.2706,2.1465,1.2835,2.0063,1.2972,1.8984,1.3069,1.8218,1.3188,1.7499,1.336,1.6769,1.3409,1.5685,1.301,1.4898,1.2152,1.4256,1.1354,2.157,1.0965,2.0717,1.1634,2.0124,1.1613,1.9631,1.2048,1.9035,1.1936,1.87,1.2379,1.8089,1.2145,1.7956,1.267,1.7287,1.2256,1.7172,1.2735,1.6537,1.1936,2.3608,0.9779,2.3603,0.9207,2.1566,1.0293,2.0095,1.0827,1.8981,1.1081,1.8047,1.1224,1.7255,1.13,1.6518,1.1335,0.512581018,0.203467196,0.141488692,0.102,0.074616084,0.058048945,0.070537508,0.116516308,0.140867775,0.108335128,0.077518836,0.073928682,1.234505448,0.324625846,5.00E-07,0.113589172,0.096881216,0.080964498,0.2250108,0.211941336,0.206929795,0.217867047,0.243083607,0.263435343,1.127800452
LBX005V03,LBX,1.858583073,0.031623794,-0.000889406,0.020755522,0.005150074,-0.004529716,0.002166685,-0.01642001,-0.000308032,-0.003806825,-0.002820075,0.009978327,-0.003764288,0.005811077,0.001420378,-0.001657145,-0.002111947,5.49E-05,0.000273894,0.0053993,-0.00189835,-0.002790327,0.00543331,0.004522547,-0.002475135,0.00046774,0.003274363,-0.000823933,-0.001223764,-0.001479202,-0.002315603,-0.001070276,-0.003367613,-0.000315443,0.00159344,-0.000100078,0.001003478,0.001119596,0.000661156,-0.000384347,0.000489312,0.001599303,-0.001623221,-0.000207728,0.000657435,-0.000199557,0.00171362,-0.001031159,-2.44E-05,-0.000759805,0.00076347,-0.000155709,0.000733803,-0.001545708,-0.000402198,-0.000320987,-0.000933017,-0.00015031,-0.000639125,0.000742098,-4.68E-05,2.6483,0.9493,2.6791,1.2023,2.5194,1.3091,2.2954,1.2785,2.148,1.29,2.0077,1.3001,1.9024,1.3091,1.8344,1.3145,1.7535,1.3242,1.6787,1.3321,1.5881,1.2846,1.5097,1.212,1.4385,1.1257,2.1562,1.1091,2.0757,1.1652,2.0239,1.1624,1.9649,1.2069,1.9074,1.1911,1.8743,1.2443,1.811,1.2127,1.7909,1.2587,1.7319,1.2242,1.7132,1.2688,1.6514,1.1926,2.3662,0.9782,2.3677,0.9351,2.1543,1.0421,2.0232,1.0836,1.904,1.1063,1.8107,1.1192,1.7292,1.1241,1.6449,1.1271,0.51165935,0.219255559,0.144230129,0.102557691,0.070630376,0.070752314,0.068507299,0.147847929,0.140663073,0.105683916,0.068214075,0.081479445,1.222592737,0.316697016,4.50E-06,0.119983082,0.098790283,0.079931596,0.225038597,0.217529768,0.210881246,0.219800205,0.241197015,0.27530741,1.122724347
LBX005V07,LBX,1.832405987,0.040548986,0.012575062,-0.016880478,-0.014817791,-0.00120718,-0.005173957,-0.003966156,-0.004986929,-0.001047104,0.002045349,-0.00104847,0.000226907,-0.001013086,0.009320661,0.000626659,-0.006147382,-0.00387631,-0.003556613,0.00471175,-0.001841828,-0.008443626,0.002098182,-0.006353418,0.000101555,0.006687139,-0.001086307,0.002290323,-0.002190163,-0.000379885,0.00246048,0.000413228,-0.003128655,0.001815954,-0.000618184,-0.000847597,0.001885196,0.002523843,-0.002031535,-6.50E-05,0.002490795,-0.00238641,-0.0007682,-0.000874954,0.001609882,0.001039327,0.00131167,-2.51E-06,0.000385427,0.000494437,-0.001379936,-0.00043881,0.000869451,-0.000867505,0.000962063,-8.92E-05,-4.47E-05,-0.000695846,0.000460493,-0.00059884,-0.00021368,2.6377,1.0167,2.6618,1.226,2.5248,1.2994,2.2983,1.2551,2.1559,1.2573,2.0232,1.267,1.9142,1.2832,1.8355,1.2907,1.747,1.2994,1.6766,1.3109,1.5838,1.2789,1.5032,1.2033,1.4299,1.1268,2.1505,1.107,2.08,1.1631,2.0196,1.1566,1.9664,1.1969,1.9081,1.1839,1.8743,1.2343,1.8103,1.2077,1.7988,1.2558,1.7298,1.2147,1.7168,1.2567,1.6507,1.1879,2.3601,1.0027,2.3587,0.9466,2.1456,1.0286,2.0167,1.0663,1.9045,1.0903,1.8034,1.1019,1.7257,1.1092,1.647,1.1138,0.506305096,0.209233004,0.120972931,0.090223334,0.063112756,0.050644842,0.052300382,0.142416993,0.133054049,0.110197278,0.079056562,0.088926599,1.212807837,0.307820889,3.92E-06,0.114793467,0.10065426,0.080803775,0.210825425,0.212128004,0.212476658,0.212867517,0.23634221,0.273165774,1.11650541
LBX005V09,LBX,1.861406888,0.032040748,-0.006596108,0.014209016,0.00172473,0.007164359,0.009140211,-0.006100433,0.004947593,-0.001401769,-0.004137861,-0.001873329,0.007427281,-0.002350219,0.00066201,0.004699505,-0.001680321,-0.001498784,-0.000990808,0.001165836,-0.003951682,0.000581786,-0.002874242,-0.009693926,0.002430121,0.008096731,0.003568389,0.00174259,0.001246459,0.000211833,-0.001115719,-0.002301129,0.003374654,-0.001346589,0.000342533,0.000904008,-0.001241079,-0.000491453,-0.001804464,-0.000407284,0.002563109,-0.000539312,0.001491528,-0.000479552,-0.002218842,-0.00128263,0.0002396,-0.000430057,-0.002504639,-0.000518443,-0.000746951,2.15E-05,-0.000542781,0.000364979,0.000474651,-0.000188825,0.000410922,0.000582059,-0.000524271,0.000126774,-0.001006691,2.6699,0.9569,2.6866,1.1764,2.5291,1.295,2.281,1.267,2.1602,1.2627,2.0307,1.2767,1.9186,1.281,1.8279,1.2853,1.7524,1.2961,1.6769,1.308,1.5885,1.2691,1.5076,1.185,1.4471,1.1124,2.1721,1.0858,2.0933,1.1408,2.0351,1.1343,1.979,1.1893,1.9142,1.171,1.8873,1.2195,1.8172,1.1931,1.8074,1.2487,1.733,1.2006,1.7114,1.2276,1.6704,1.1683,2.3741,0.9779,2.372,0.916,2.171,1.0162,2.0302,1.0618,1.9097,1.0871,1.8128,1.1014,1.7276,1.1059,1.6676,1.1088,0.508437941,0.211406362,0.139051142,0.101546295,0.069006811,0.041950089,0.079832637,0.120876507,0.130254558,0.112182441,0.090801872,0.076268539,1.232647594,0.301773756,8.82E-06,0.126347537,0.099485728,0.084533366,0.205602359,0.205534547,0.208446156,0.224920341,0.239292311,0.273862447,1.1417399
LBX005V10,LBX,1.838843937,0.040914946,0.000752852,0.002990907,-0.006960708,-0.00182349,0.000377917,-0.004487864,-0.004091432,-0.005511113,-0.006293224,-0.001784006,-0.00065391,0.002750997,0.001379099,0.006077324,-0.004219042,-0.00237251,-0.006878161,0.002805243,-0.000580041,0.001363622,-0.002997753,-0.002733364,-0.002619054,0.001490675,0.003803905,-0.001293992,0.001047125,0.002560178,0.001891221,-0.000396092,-0.001151809,0.003084025,1.64E-05,0.002700569,0.005272865,-0.003331958,-0.000960446,0.000819814,0.000172774,0.00110554,-0.000301203,-0.000274207,0.001443378,-0.000502441,-0.000153734,-0.000576233,-0.000391948,-0.001215113,-0.00141413,0.000464976,0.000754716,0.00046715,-5.30E-05,0.000676004,-0.000412865,0.000108117,4.28E-05,-0.000553754,-0.000520599,2.6472,0.9838,2.664,1.2174,2.5129,1.2983,2.2918,1.2681,2.1591,1.2821,2.0189,1.2972,1.9056,1.308,1.829,1.3134,1.7557,1.3234,1.6823,1.3335,1.5791,1.2986,1.5,1.2289,1.4304,1.1483,2.1472,1.1073,2.0728,1.1753,2.0167,1.1677,1.9703,1.2174,1.9078,1.199,1.8754,1.2487,1.8107,1.2249,1.7967,1.2756,1.733,1.2357,1.7093,1.2638,1.6597,1.2123,2.3581,1.0011,2.3571,0.9374,2.1458,1.0462,2.0135,1.0915,1.9045,1.1167,1.8031,1.1305,1.7244,1.1392,1.6553,1.1462,0.498679506,0.216254017,0.137309614,0.093434469,0.066547201,0.049720519,0.075532245,0.133436464,0.141010815,0.113813576,0.076790104,0.073978984,1.227869085,0.312654202,2.00E-06,0.11330887,0.100494875,0.078446988,0.203666394,0.203191535,0.20496951,0.213699813,0.239849369,0.26562306,1.118618009
LBX005V11,LBX,1.90375631,0.017897077,-0.01361731,-0.00212588,-0.021462199,-0.001869873,-0.007276716,-0.008277622,0.000258542,-0.004554554,7.91E-05,-0.001709666,-0.001295173,0.010766504,-0.000532229,0.007610037,-0.002368572,-0.001381864,-0.003165341,-0.001012929,0.000479927,0.004226042,0.00349755,-0.001845329,-0.003062161,0.006946746,0.000507688,0.000227429,0.000796312,0.001230713,-0.001396468,-0.0003973,-0.000211404,0.00122612,0.001558842,-0.000189823,0.001277515,0.000859675,0.001133558,0.001002156,0.001816114,6.21E-05,-0.00145882,-0.000308942,0.000806616,0.00076423,-9.99E-05,0.000309138,0.000423919,0.001620944,-0.001363216,-0.000533713,-0.000367299,0.000348109,-0.000875951,-0.00014846,-0.000286731,-0.00055784,8.23E-05,0.000283734,0.000271365,2.6891,0.9682,2.7028,1.1893,2.5723,1.2616,2.2972,1.24,2.1419,1.253,2.0124,1.2659,1.8937,1.2756,1.8236,1.2821,1.7481,1.2929,1.6802,1.3015,1.5845,1.2591,1.5083,1.1821,1.432,1.1009,2.1607,1.0836,2.0868,1.1489,2.0237,1.1343,1.9703,1.1872,1.9056,1.1683,1.8754,1.2238,1.8089,1.1857,1.7934,1.2407,1.7273,1.1969,1.705,1.2282,1.6575,1.1681,2.3883,0.98,2.39,0.9013,2.1537,1.0156,2.0183,1.0566,1.8981,1.0787,1.8031,1.0895,1.7233,1.096,1.6564,1.0982,0.510245519,0.207589041,0.117782936,0.089253011,0.05493751,0.051244512,0.077741237,0.155843158,0.130140924,0.119095676,0.07040071,0.076268539,1.26408453,0.319129441,5.78E-06,0.122896745,0.09825299,0.082365041,0.215213801,0.2114079,0.206982052,0.219336112,0.232055855,0.266359926,1.18452634
LBX005V12,LBX,1.80942296,0.004647951,0.00962499,-0.006360046,-0.019606166,0.006596076,0.006490963,-0.027719785,-0.004271932,-0.002441727,0.002707017,-0.004818649,0.001158634,-0.001329082,-0.003551037,-0.004631567,0.00775005,-0.001333271,-0.003415723,0.006916694,0.001057809,0.00474231,-0.000548863,0.003342428,-0.002930196,0.001394989,0.005238687,0.001002482,-0.000317894,0.000256806,-0.001374808,-0.000720573,-0.001938515,-0.000848412,0.001308952,-0.00372336,0.00315246,-0.001441836,-0.000232023,7.44E-05,0.001006265,0.000633233,3.99E-05,-0.001199262,0.001496566,0.00302149,-0.000578848,-0.001725388,-0.000207818,0.000419586,-0.001148391,-0.00080214,0.001013077,-0.000812473,-0.000225503,-0.000378227,0.000313172,0.000490674,-0.000545542,-6.13E-05,-0.000168893,2.6143,0.9984,2.6812,1.1688,2.5572,1.2724,2.2983,1.2494,2.1494,1.2609,2.0135,1.2691,1.9175,1.2789,1.8474,1.276,1.7647,1.2853,1.6935,1.2932,1.5978,1.2472,1.528,1.1731,1.4576,1.0832,2.1598,1.0969,2.0764,1.153,2.016,1.1458,1.9664,1.1868,1.906,1.1724,1.8786,1.2224,1.8139,1.1882,1.8006,1.2353,1.7366,1.1893,1.714,1.2149,1.664,1.1641,2.3587,0.9811,2.3583,0.929,2.157,1.0329,2.0108,1.0728,1.9029,1.0906,1.8107,1.0982,1.7352,1.0994,1.6625,1.0969,0.500333369,0.206006068,0.130274364,0.094824575,0.068596356,0.062022012,0.086756268,0.14934343,0.136147163,0.096498912,0.07015996,0.083221271,1.159804264,0.31583035,3.20E-07,0.113170491,0.093445439,0.077307826,0.214334785,0.209228105,0.209901715,0.209987166,0.23364839,0.258530346,1.138904021
LBX005V14,LBX,1.798725385,0.012383381,-0.001878164,0.021854588,0.009089608,-0.004369058,0.002250024,-0.007610886,0.005151864,0.004969318,-0.004559856,0.003296001,0.007412025,-0.001063717,0.00519165,-0.003138756,0.003809067,0.002378529,0.002167753,0.005196571,-0.0005652,0.001264225,0.006757986,-0.001062351,0.001342589,0.005605484,0.003739383,0.000951144,0.004717978,0.003606991,-2.59E-05,-0.002096824,0.001858498,0.003398915,0.003149618,-0.002007552,0.000296251,-0.002241545,-0.000135288,0.001191392,0.000529491,0.00113527,-0.001348019,-0.000496926,-3.70E-05,0.003187617,0.00034285,0.000656796,0.000653559,0.002492088,0.000244132,0.000455391,0.000378943,-0.000966926,-0.000735988,-0.000287408,0.000328716,0.000605786,-0.000587269,-0.00055372,5.36E-05,2.6311,0.9223,2.6791,1.1645,2.514,1.2713,2.2616,1.2465,2.1278,1.253,2.0156,1.2573,1.9132,1.267,1.8387,1.2691,1.7589,1.2778,1.6791,1.2821,1.5971,1.2368,1.5313,1.1667,1.4676,1.0868,2.157,1.0703,2.0807,1.1321,2.021,1.1246,1.979,1.1764,1.9056,1.1586,1.8754,1.2071,1.8121,1.1757,1.801,1.2222,1.733,1.1868,1.7122,1.2192,1.6629,1.157,2.3411,0.9621,2.3411,0.9193,2.1548,1.0088,2.017,1.0499,1.9024,1.0731,1.8112,1.0831,1.733,1.0871,1.6632,1.0866,0.501648981,0.20490876,0.129750607,0.088793975,0.070829725,0.060173915,0.074932303,0.133957792,0.112282367,0.102858398,0.074529591,0.080272847,1.175071274,0.287879037,0,0.120304447,0.095050829,0.079875027,0.213812839,0.210467313,0.210293153,0.21620333,0.231357407,0.260590733,1.126222021
LBX007V01,LBX,1.862404497,0.017933896,-0.001242462,0.026443233,0.000619091,-0.00712003,0.001186468,-0.005933084,0.006392485,-0.003163707,-0.003613425,0.002495486,0.003448273,-0.000690067,-0.007081374,0.000977961,-0.004041749,0.002304802,-0.004015805,0.001139905,0.008037023,-0.000571686,0.002857196,0.003225661,0.001830243,-0.001641161,-0.001447139,0.003558581,0.000765309,-0.000248465,0.000180156,-0.002842778,-0.002798568,0.000940836,-0.004780642,-0.000386092,-0.002658625,0.001179565,0.001842762,-0.003060521,0.000950918,-0.000130238,-6.88E-05,0.0016415,-0.00025437,-0.000111803,-0.001311045,0.000176019,-0.000132335,0.001090801,-9.21E-05,-0.000320048,0.000296043,-0.001186542,-0.00062167,-7.25E-05,-5.60E-05,-0.000315588,-6.22E-05,0.000216302,0.000200097,2.6688,0.9536,2.6949,1.2149,2.5496,1.3242,2.2929,1.2994,2.1548,1.3069,2.0318,1.3209,1.9211,1.3378,1.8434,1.345,1.7549,1.3601,1.6873,1.3652,1.5939,1.3242,1.5255,1.2508,1.4551,1.1609,2.1645,1.1246,2.0847,1.1947,2.0167,1.1882,1.9725,1.2368,1.9094,1.2238,1.8905,1.2756,1.8177,1.2389,1.8004,1.2816,1.746,1.2513,1.7179,1.2826,1.6683,1.222,2.3598,0.9977,2.359,0.9502,2.1618,1.0593,2.0132,1.1122,1.9053,1.1351,1.8142,1.1489,1.7411,1.1561,1.6653,1.1602,0.505669062,0.216890756,0.132298337,0.102904324,0.06931955,0.076606527,0.085879276,0.138303507,0.123794184,0.111982588,0.078032878,0.089778951,1.231276159,0.309281959,1.28E-06,0.113051537,0.092934923,0.072764346,0.219062023,0.214822019,0.217050271,0.224775199,0.240746028,0.273560268,1.100312247
LBX007V02,LBX,1.87937322,0.040976195,-0.00203582,0.025034295,0.006247566,0.004164192,0.013098339,-0.005891806,-0.005499133,-0.002636066,-0.001876798,0.00423042,-0.003424402,0.001916076,-0.00190009,0.002151213,0.00514982,-0.008015389,0.003953013,-0.000381156,0.001242591,-0.00010497,0.004777514,0.002665654,-0.000898231,0.002373205,-0.000766618,-0.003247824,0.001641238,0.001933302,0.002228464,0.002087573,-0.003109158,-0.000986544,-0.000407328,0.000695549,0.002394316,0.000218238,0.00077352,0.000614723,0.000398812,0.002991012,0.00026239,-0.002039617,-0.001940347,-0.00155231,0.001122642,-4.17E-05,0.0002578,0.000563457,0.000433328,-0.000194969,-9.77E-05,0.000553604,-3.12E-05,-0.000523997,-0.000842727,0.000168788,0.000166657,0.000139587,7.18E-05,2.6494,0.9644,2.678,1.199,2.4892,1.322,2.2983,1.2929,2.1404,1.3029,2.0052,1.3188,1.8945,1.3209,1.8125,1.3317,1.7398,1.3411,1.6543,1.3432,1.5663,1.2977,1.4827,1.2174,1.4213,1.1499,2.1455,1.107,2.0707,1.1703,2.0088,1.1631,1.9613,1.2163,1.8988,1.1976,1.87,1.2566,1.7967,1.2199,1.7772,1.2673,1.7183,1.2292,1.696,1.2673,1.6456,1.2066,2.3576,0.9919,2.3583,0.9394,2.1433,1.0466,2.0049,1.0885,1.8916,1.1127,1.7907,1.1268,1.7136,1.1338,1.6429,1.1375,0.509725583,0.240638006,0.149802704,0.111505426,0.068809447,0.073440112,0.085818879,0.158216339,0.136131738,0.110719917,0.082708162,0.073305184,1.242030539,0.302743935,9.80E-07,0.115283347,0.104506938,0.078949668,0.225482971,0.22123657,0.220111903,0.235334167,0.253628882,0.291013213,1.104672101
LBX007V06,LBX,1.765311053,0.019689626,0.013181269,0.001757691,-0.014157675,-0.011818772,-0.005056796,-0.014346144,0.013650414,0.01058733,0.003521167,0.007006259,0.004260293,-0.012052098,-0.002828065,-0.004083812,0.003507987,0.008966029,-0.010354659,-0.002813126,0.003283933,-0.004944867,0.000428703,0.004880893,0.005994713,0.000385626,-0.000197624,0.001884437,-0.002588622,-0.000215932,-0.001661809,-0.000297892,0.000892712,-0.005833755,0.005632709,-0.002270184,-0.00245004,-0.001585465,-0.001763746,-0.000947508,0.003682023,-0.003377375,-0.000352875,-0.00252588,0.001978846,-0.001352626,-0.000338523,0.000707269,0.000829949,-0.002067658,-0.001217733,0.000904786,-0.001510058,0.000273154,-3.07E-05,0.001801199,0.000437226,-4.26E-06,0.001401367,-0.000526851,0.000428903,2.6019,0.9763,2.6607,1.2012,2.5356,1.295,2.2727,1.2544,2.1447,1.2602,2.0286,1.2681,1.9164,1.2832,1.8495,1.2871,1.7726,1.2979,1.6985,1.308,1.6158,1.2713,1.5403,1.2037,1.4691,1.1289,2.1661,1.1084,2.0631,1.1559,2.0019,1.1537,1.9617,1.2055,1.9056,1.185,1.8808,1.2335,1.8233,1.2012,1.7981,1.2443,1.7463,1.2141,1.7319,1.2558,1.6686,1.1811,2.3364,0.9815,2.3321,0.9283,2.1624,1.0119,1.9946,1.0779,1.8941,1.1019,1.8172,1.1084,1.7413,1.1174,1.6665,1.1206,0.502783791,0.180774888,0.132427527,0.091620795,0.061134687,0.066886471,0.05855681,0.128131339,0.116368467,0.113211528,0.067013581,0.077654684,1.143032196,0.291034654,3.70E-05,0.101258975,0.083879258,0.078073107,0.206621635,0.20125936,0.200986766,0.213805262,0.236142542,0.266406344,1.100020591
LBX007V08,LBX,1.915563046,-0.003939839,-0.033860215,-0.006118193,-0.019279839,0.01329439,-0.021642225,-0.007764279,0.00346954,-0.003845359,0.00846909,0.003665216,0.00075625,-0.01060915,0.003316821,-0.002289032,0.000361429,0.008281171,0.002280893,0.000700957,-0.005799272,-0.002768205,-0.000582568,-0.005111586,0.002685356,-0.000702121,-0.00215553,-0.004488571,-0.002611899,-2.32E-05,-0.001845418,0.003426199,-0.003334504,-0.003236838,0.001850804,0.004825079,-0.00253274,0.000528356,0.002111457,0.000252134,0.003525094,0.001821922,-0.00148989,-0.000257318,0.000657407,0.002133213,-0.003521008,0.000927501,-0.000393298,-0.000169087,-8.83E-05,-0.000722857,-0.001147791,-0.000227573,-0.001759807,-0.000540694,4.37E-05,-0.000920799,-0.000104523,-0.000189491,0.000424891,2.699,0.9968,2.7215,1.1663,2.5762,1.29,2.2411,1.2339,2.1138,1.2443,1.9995,1.2573,1.8937,1.267,1.8085,1.2713,1.7255,1.2832,1.6629,1.2853,1.5777,1.2379,1.5108,1.1667,1.4417,1.0912,2.1555,1.0948,2.0584,1.1501,2.0045,1.1314,1.9621,1.176,1.8959,1.1638,1.87,1.2177,1.7967,1.1688,1.783,1.2335,1.7183,1.1875,1.6996,1.2307,1.6284,1.157,2.395,0.98,2.3972,0.9139,2.1467,1.0194,1.9995,1.0588,1.8889,1.0798,1.795,1.089,1.712,1.0949,1.6235,1.0965,0.530757242,0.163328411,0.109283119,0.089489944,0.054700823,0.045597039,0.058541097,0.127724117,0.115036907,0.106243729,0.08530844,0.083848733,1.260838868,0.294286,9.68E-06,0.113330137,0.099325928,0.080599318,0.212746069,0.201070162,0.203533019,0.209137778,0.217886989,0.2343536,1.169334447
LBX008V01,LBX,1.829653101,0.021361119,0.004306881,0.002055233,-0.01495312,-0.008545693,0.004121999,-0.01118517,-0.005566146,-0.015303896,0.003204856,-0.001854203,-0.001079612,0.004986561,-0.00330016,0.007657749,0.000733526,0.000883982,0.002267599,0.003891058,0.000308558,0.001317592,0.000633196,-0.002505407,-0.001940282,0.000990382,0.000170242,0.00026003,0.001458028,0.000965741,0.000692405,-0.000827696,-0.001633124,-0.000431085,0.000264061,0.001950844,0.001584451,-0.001707132,0.000548526,0.001495871,-3.67E-05,0.001258347,0.000634196,-0.001526253,-0.000638866,-0.001532118,-0.000679548,-0.000516116,9.74E-05,0.000144024,-5.02E-05,0.000546487,0.00025435,-0.002797476,0.000671278,-0.00103828,0.000339714,-0.000539767,-0.000518155,0.00118598,-2.11E-05,2.6537,1.0054,2.6812,1.2292,2.5583,1.3037,2.3184,1.2825,2.1638,1.2932,2.0343,1.304,1.9175,1.3134,1.8366,1.3188,1.7611,1.3285,1.6963,1.3285,1.6025,1.2896,1.5302,1.2163,1.4676,1.1354,2.1588,1.1214,2.089,1.1789,2.03,1.1659,1.9826,1.2199,1.92,1.2012,1.8934,1.2558,1.8243,1.222,1.8114,1.2774,1.7488,1.2285,1.7251,1.2609,1.6791,1.2033,2.3752,1.002,2.3738,0.957,2.1537,1.0626,2.027,1.0998,1.9153,1.1197,1.8209,1.1359,1.7465,1.1392,1.6715,1.1408,0.486641244,0.226771625,0.13659989,0.098720312,0.06243853,0.048466483,0.07658825,0.154969836,0.129949567,0.117177643,0.081080022,0.076120562,1.193202921,0.299318058,3.92E-06,0.115525279,0.097934315,0.075779285,0.207989062,0.200933248,0.202083671,0.219379785,0.236891958,0.274740059,1.124862169
LBX008V02,LBX,1.741076359,0.005965753,0.035251418,-0.015976073,-0.003904699,0.000212032,0.011198134,-0.012873339,0.001571039,0.00174478,-0.003151266,-0.005309918,0.000194233,0.004861635,-0.003693844,0.001577912,-0.001791635,0.003514851,0.002430371,0.002092072,-0.000302521,-0.004305878,-0.005686514,-0.004391321,-0.00071249,0.005043983,0.00081032,-0.000226822,-0.001516536,0.000456932,0.001410192,-0.00063357,0.001744379,0.000409414,-0.002770385,-0.001126801,-0.003812111,0.001348306,-0.002004662,0.001280848,-0.001117173,-0.001558162,0.000784585,0.001842575,-0.002198721,0.000764455,6.53E-06,-0.000111153,0.000202277,-0.000411426,-0.000770856,0.000734785,-0.000728505,-0.001017233,0.001296381,-0.000162921,-0.001071643,1.73E-05,0.000239405,-0.000203487,7.18E-05,2.6019,1.0032,2.6607,1.1936,2.5658,1.2929,2.3134,1.2745,2.1818,1.2745,2.0405,1.2907,1.9434,1.3091,1.8635,1.3155,1.7902,1.3285,1.7136,1.3328,1.6226,1.294,1.5464,1.2235,1.4795,1.1451,2.1631,1.1235,2.0919,1.1811,2.0315,1.1775,1.9883,1.2228,1.9322,1.2091,1.9092,1.2573,1.8409,1.2278,1.8423,1.2846,1.7654,1.2352,1.753,1.2745,1.6936,1.1974,2.3249,1.0228,2.3213,0.9782,2.1609,1.0566,2.0267,1.1001,1.9239,1.1251,1.8326,1.1361,1.7596,1.1422,1.6877,1.1437,0.475280401,0.213051848,0.129636299,0.085646074,0.062071572,0.037473324,0.065573165,0.1316,0.142225631,0.098827982,0.080155911,0.074443871,1.131334332,0.300056828,2.59E-05,0.104206766,0.093195386,0.075861782,0.211322715,0.202059645,0.205440113,0.202531282,0.233391024,0.265963644,1.075473221
LBX008V04,LBX,1.793801637,0.022095036,-0.01094785,0.019352562,-0.001736946,-0.004908945,0.003621438,-0.009453078,0.01123791,-0.005833466,-0.001301228,0.00018348,0.003600082,-0.000496406,-0.000294848,0.000527532,0.00113003,0.002665612,0.003196908,-0.002804027,0.002268344,-0.002869027,-0.00804259,-0.001557815,-0.001271317,-0.000879387,-0.000496331,0.00203722,-0.002841001,0.000669794,0.001026232,0.000497772,0.000480658,-0.00311803,-0.000282716,0.000593207,-8.87E-05,0.002878649,0.002269534,-0.000158317,-0.002089152,-0.000816614,-0.001089682,-0.000713262,-0.00180634,0.001233139,0.000532199,2.43E-05,-0.000581884,-0.000793873,0.002172348,-0.00015344,-0.000481396,2.22E-05,-0.000612662,-0.000610231,0.000948988,-0.00067157,-0.000570881,-0.000578683,-2.83E-05,2.6348,0.9682,2.678,1.2012,2.5313,1.3091,2.2706,1.2846,2.1591,1.294,2.0268,1.3105,1.9204,1.3198,1.8362,1.3357,1.7665,1.3479,1.6985,1.3533,1.6138,1.3123,1.541,1.2454,1.4773,1.1667,2.1672,1.1219,2.0825,1.1796,2.0243,1.1775,1.9779,1.2238,1.9207,1.2109,1.8937,1.2681,1.8312,1.2325,1.8161,1.2907,1.76,1.24,1.7319,1.2799,1.6877,1.2163,2.3608,0.9978,2.3592,0.9536,2.1586,1.0615,2.0151,1.11,1.9121,1.1327,1.8216,1.1465,1.7495,1.1526,1.683,1.1577,0.488704011,0.192776684,0.137676868,0.099539439,0.058187456,0.049284988,0.076296527,0.111895532,0.133324941,0.106805665,0.085688097,0.070759664,1.174397079,0.289394195,5.12E-06,0.108850907,0.092069593,0.071593924,0.207721665,0.202589486,0.199485162,0.211586696,0.23364931,0.249634953,1.108643432
LBX008V05,LBX,1.792482139,0.02804812,0.008535548,-0.006877735,-0.003293506,-0.002698789,0.006506493,-0.005057094,-0.00945051,0.011269139,0.003128016,-0.009553327,-0.005974613,-0.002175424,-0.00398495,-0.008511665,-0.002855602,0.004047559,0.000420339,-0.001054413,-0.006924958,-9.56E-05,0.008173063,-0.000642872,0.00337764,-0.002409948,0.001210546,0.000253154,0.001448744,0.002948141,-0.002261553,-0.002436636,1.79E-05,-0.002649085,0.00067427,-0.000437758,-4.06E-05,-0.00029899,-0.000868013,-0.003726021,0.000481748,-0.003192084,-0.000227365,0.000645648,-0.001459061,0.000982236,0.001574295,0.001032862,-0.000749393,-0.001875681,-6.62E-06,0.0003802,0.000499502,0.000781734,-0.000282072,-0.000397876,0.000264182,-0.0001868,-0.000655788,-0.000769465,-0.00032172,2.5989,1.0074,2.6348,1.2015,2.4817,1.2907,2.2652,1.2695,2.1257,1.2709,2.0034,1.2839,1.8981,1.294,1.815,1.3029,1.7294,1.3152,1.6474,1.3202,1.564,1.2663,1.4935,1.1929,1.4324,1.1174,2.125,1.1095,2.0466,1.1742,1.9876,1.167,1.9408,1.2195,1.879,1.1958,1.8531,1.249,1.7898,1.2131,1.7762,1.262,1.7122,1.2174,1.6985,1.2799,1.6374,1.19,2.3161,1.0097,2.3139,0.9364,2.1241,1.034,1.9854,1.082,1.8786,1.1084,1.7875,1.1181,1.7077,1.1219,1.6343,1.1235,0.494200374,0.21273467,0.124930781,0.089811581,0.06363961,0.05637597,0.046913751,0.139507025,0.122988983,0.105783269,0.083575236,0.086479188,1.171674976,0.295555139,9.68E-06,0.112353905,0.090862148,0.077719045,0.213992757,0.210414567,0.207781544,0.215349228,0.235302571,0.274534989,1.082805029
LBX008V06,LBX,1.871395489,0.022845196,-0.016383963,0.011592763,-0.009665449,-0.004813697,-0.000733659,0.002441411,-0.009874296,0.009325743,0.003407913,-0.003712776,-0.002391073,0.00349565,0.001044153,0.007426562,0.00567176,-0.003642618,-0.005262988,0.003842253,0.00524291,0.003292554,0.000471075,-0.007934294,-0.003891387,-0.000605739,-0.000490471,-0.002004835,-0.000134006,-0.000174615,0.002403309,-0.000240097,0.001686839,-0.001172771,0.00273516,-0.003272377,0.000515187,0.005115496,0.001520353,-0.001574414,-0.000480064,-0.001532542,-0.000179477,-0.002589346,0.000717413,0.000977496,-0.000337229,0.00109073,0.000791093,0.001003847,-0.000613937,-0.000346065,0.001586037,0.00066566,-0.000425046,0.000747568,-0.001120627,0.000285323,0.000241425,-0.000296672,-2.09E-05,2.6785,0.9892,2.7017,1.2159,2.5104,1.3022,2.2929,1.2691,2.1232,1.2742,2.0102,1.285,1.8937,1.295,1.8161,1.3058,1.7309,1.3188,1.6633,1.3177,1.5841,1.2745,1.5093,1.199,1.4374,1.1235,2.1548,1.1117,2.075,1.1656,2.0081,1.1634,1.9617,1.2163,1.8991,1.1947,1.8679,1.2562,1.801,1.2131,1.7891,1.2735,1.7265,1.2184,1.6974,1.2433,1.6564,1.1936,2.3662,1.007,2.3681,0.932,2.1559,1.0431,2.0067,1.0879,1.8977,1.1077,1.7963,1.1138,1.7222,1.1192,1.6553,1.121,0.50508432,0.209395248,0.118815824,0.084094827,0.04659485,0.042098575,0.082598426,0.169776618,0.113514933,0.116928397,0.078347942,0.086186078,1.248345185,0.297900067,7.22E-06,0.113404982,0.099810671,0.074688286,0.211755047,0.20889416,0.20571874,0.209979856,0.219726967,0.264282046,1.12835759
LBX008V07,LBX,1.803362259,0.067134518,-0.001791366,0.000439384,0.011051643,0.002388616,0.004841353,-0.009137754,-0.024821641,0.004216949,0.010899005,-0.002904843,0.002953145,-0.006425077,0.001591962,0.003114297,0.003869965,0.004983165,0.002148086,0.000582912,0.005762341,-0.002863922,0.00300079,-0.001957035,0.004599415,-0.000374501,-0.002464681,0.001272243,0.000305343,-0.001287304,0.006754429,0.001625152,0.001086771,-0.000672396,-9.12E-05,-0.000969939,-0.003587625,-0.00117113,0.001629096,0.001331906,0.001148818,-0.002898234,0.000840105,-0.000345153,-0.002354006,-0.000126958,-0.000929741,-0.001528472,-0.000994369,-0.000460814,-0.000794614,0.000378875,-0.000183814,-7.04E-05,-0.000938602,-0.000701208,0.000129016,-0.001029733,0.000328217,0.000193678,-0.000115828,2.6224,1.0086,2.6327,1.2131,2.4439,1.3004,2.2983,1.2778,2.1472,1.2742,2.0315,1.285,1.9006,1.3008,1.8164,1.3044,1.7438,1.3198,1.6532,1.3231,1.5734,1.2767,1.5081,1.2114,1.445,1.1413,2.1591,1.1073,2.0814,1.1634,2.0081,1.1586,1.9687,1.2114,1.9072,1.192,1.8776,1.2443,1.8053,1.212,1.7934,1.2681,1.7406,1.2228,1.7147,1.2605,1.6316,1.1936,2.354,0.9991,2.354,0.9416,2.1534,1.0336,2.0041,1.0836,1.9006,1.1063,1.8003,1.1206,1.7334,1.1264,1.6298,1.1325,0.534512806,0.220106542,0.128865356,0.096751227,0.061002049,0.042973131,0.06605528,0.151142879,0.116202969,0.131850104,0.084276924,0.074215362,1.184854443,0.27640275,0,0.106284383,0.103844162,0.065595198,0.219265342,0.196400102,0.206233193,0.221514108,0.23834003,0.283953605,1.113018598
LBX008V08,LBX,1.805394433,0.030642058,-0.01210519,0.025141729,0.006585743,0.000963151,-0.007531123,-0.009788452,0.011634173,0.000447723,-0.002264134,0.001267831,0.008687343,-0.003208963,0.004067572,0.000661509,0.002031919,-0.00377644,0.004655566,7.60E-05,0.004267421,-0.001343475,0.002386894,-0.002602253,-0.00062699,0.00305028,-5.24E-05,-0.000720557,-3.17E-05,-0.004787323,-0.001108683,0.00092972,-0.000113707,-0.000322962,-0.001482707,-0.002271542,0.000505157,-0.001641537,0.003468965,0.000299105,-0.002251689,-0.000294605,-0.001415667,0.000563284,0.000557598,0.002219841,-0.00094156,-0.000715865,-0.001790404,-0.001571009,0.001011091,0.002094943,-0.00056614,-2.54E-05,0.000992269,-0.000323923,0.001319608,0.000472038,-0.001137394,-0.00060805,-0.000293131,2.6656,0.973,2.6931,1.2163,2.5237,1.3209,2.2756,1.2789,2.1483,1.2864,2.0372,1.3015,1.9358,1.308,1.8571,1.3123,1.7826,1.3274,1.7104,1.3317,1.6165,1.2848,1.5469,1.2201,1.4903,1.1343,2.1868,1.1066,2.1055,1.1634,2.0448,1.1598,1.9923,1.2069,1.9315,1.1911,1.9063,1.2479,1.8402,1.2077,1.8243,1.2652,1.7639,1.2177,1.7388,1.2515,1.6877,1.1882,2.3867,1.0016,2.3857,0.9536,2.1857,1.0451,2.0397,1.0894,1.9311,1.1099,1.8369,1.1206,1.7607,1.125,1.6845,1.1278,0.505726576,0.193836864,0.13023379,0.104714708,0.066949683,0.057395557,0.08763133,0.127520743,0.112121452,0.10160812,0.078817384,0.076014867,1.186316897,0.295653124,2.00E-06,0.117543949,0.092796821,0.076952518,0.222404519,0.210651964,0.21189613,0.219015456,0.224951017,0.250488423,1.126369535
LBX008V10,LBX,1.771468018,0.035081775,0.007952827,-0.000117402,-0.023439526,0.01866401,-0.005251742,-0.003140234,0.005570541,-0.003843198,0.001245384,0.01916561,-0.01127761,0.006344425,0.003171743,0.013758088,0.009313156,-0.005514193,0.003917295,0.002420189,0.004584375,-0.001153396,0.003898562,-6.71E-05,0.006644137,0.002167859,-0.00292168,0.000155797,0.000257552,-0.00079074,0.002371651,0.001078371,-0.000563702,-0.004329172,-0.001824039,0.001569897,0.001018579,0.000848512,-0.003200391,0.00111043,-0.004391198,-0.0015269,0.000901311,-0.001383218,-0.001070942,0.00088299,-0.000292594,-0.000586974,-0.00325131,0.00085754,0.0001769,-0.000716749,-0.000367259,-0.000854172,-0.001976871,0.000998826,-3.08E-05,-0.000504338,-0.000257901,-0.000663603,0.000554283,2.6375,1.0518,2.6607,1.2332,2.5191,1.3382,2.3091,1.3195,2.13,1.3065,2.0164,1.3188,1.9106,1.3216,1.833,1.3296,1.7826,1.3414,1.719,1.3522,1.6117,1.3263,1.527,1.2573,1.4552,1.1904,2.1526,1.1429,2.0739,1.1947,2.021,1.1893,1.9736,1.2325,1.9153,1.2163,1.884,1.2659,1.8247,1.2368,1.8074,1.281,1.7557,1.2443,1.7492,1.2929,1.6805,1.2206,2.3565,1.0448,2.3549,0.9924,2.1469,1.0825,2.0146,1.1197,1.9097,1.1383,1.8225,1.1483,1.7484,1.1597,1.6769,1.1694,0.478451356,0.235965697,0.125085771,0.096330317,0.061725602,0.054930137,0.058888114,0.179571184,0.114263949,0.105837045,0.078011281,0.051762921,1.190396258,0.309466767,5.12E-06,0.10909395,0.092890312,0.069406412,0.201882367,0.189797708,0.194408076,0.209678659,0.219570945,0.287189554,1.073897821
LBX008V13,LBX,1.767718797,0.036486548,0.002418187,0.03845038,-0.013097118,0.025479155,-0.015121124,0.014666346,0.004957655,0.001334643,-0.007312937,0.00407338,-0.006235921,-0.008292743,0.004735903,0.000341277,0.004453639,-0.003135682,-0.007946281,0.009552865,-0.006041629,-0.000243772,-0.000612518,-0.003323781,0.001374021,0.006768612,0.004623698,-0.003754648,0.00984483,0.001390491,-0.002391363,-0.002895271,-0.004064285,0.000254932,0.001888532,-0.002211228,0.002856489,-0.001463213,-0.000843027,0.00092929,-0.000996641,-0.000344586,0.001813392,0.002280019,0.000147808,-0.000367177,5.97E-05,0.001280295,0.00018711,-0.0007291,-0.001744227,-0.000722612,0.000142423,-0.001551592,-0.000278993,-0.000155289,5.36E-05,0.000581822,-0.000235548,0.000377522,-0.00017073,2.6748,0.9995,2.6812,1.2012,2.4817,1.3285,2.2681,1.304,2.1472,1.3026,2.0343,1.3069,1.9373,1.3148,1.8718,1.3155,1.7927,1.3278,1.7384,1.3421,1.6273,1.3123,1.5431,1.2454,1.4612,1.1731,2.1472,1.1117,2.0755,1.171,2.0232,1.1683,1.9773,1.2201,1.9169,1.2039,1.8981,1.2546,1.8274,1.2292,1.8215,1.2697,1.7492,1.2406,1.7346,1.2691,1.6931,1.2195,2.3486,1.0052,2.3457,0.9613,2.1437,1.0599,2.0207,1.1016,1.9135,1.126,1.8243,1.139,1.7424,1.1476,1.6863,1.1519,0.466720098,0.227147749,0.149864772,0.103842381,0.071837873,0.068027421,0.082591162,0.120908106,0.112981857,0.097321169,0.06550374,0.080050609,1.225953474,0.324654955,1.68E-05,0.112102855,0.093007204,0.079026578,0.205576677,0.21197823,0.208984784,0.217525746,0.237493684,0.273971112,1.08144888
LBX009V01,LBX,1.907570224,0.021665665,-0.017259339,0.003281814,-0.008954382,0.003937844,-0.002849904,-0.005779737,-0.008189791,0.00034111,-0.004510385,-0.009470197,-0.001322792,-0.000834419,-0.00044036,-0.003353984,0.009205797,0.005272352,-0.003668532,0.003937729,0.001993943,0.000894263,0.000104863,0.001859037,0.001783084,-1.52E-05,0.001546359,-0.003033502,-0.001973878,0.002468032,-0.001114747,-0.001175596,-0.002772994,0.001141116,-0.000223138,-0.002192149,-0.001889274,-0.000615845,0.000789055,0.001314487,9.62E-05,0.001359207,0.000991184,0.001178162,-0.000817025,-0.000913887,-0.000884969,0.002119417,0.002703033,0.000428299,0.000368276,-0.00088441,0.000416026,-0.001862933,-8.68E-05,-0.000325909,-4.60E-05,0.000744285,-4.51E-05,-0.000829919,0.000127297,2.685,1.0065,2.7114,1.212,2.5302,1.3004,2.2799,1.2767,2.1386,1.2875,2.0113,1.2929,1.8921,1.3058,1.8247,1.3128,1.7379,1.3242,1.6537,1.3225,1.5626,1.2756,1.4935,1.2001,1.4266,1.116,2.1627,1.1178,2.075,1.1796,2.0052,1.1652,1.9664,1.2177,1.8988,1.2012,1.8758,1.2501,1.7988,1.2149,1.7909,1.2616,1.7201,1.2249,1.6953,1.258,1.6456,1.1904,2.3849,0.9969,2.3813,0.9416,2.1586,1.0512,2.0005,1.0944,1.8943,1.1154,1.7934,1.1224,1.7131,1.1241,1.6413,1.1224,0.522171591,0.197446322,0.125249232,0.087584531,0.058036023,0.061350469,0.078722297,0.141712138,0.127414481,0.119895997,0.067762527,0.087545417,1.263155101,0.306947324,2.59E-05,0.112325242,0.100934087,0.07933278,0.223729301,0.219231043,0.208272058,0.212591745,0.237400969,0.256054564,1.138895188
LBX009V03,LBX,1.838998637,0.03377336,0.006617744,0.004470535,-0.008065736,0.003885663,0.00982844,-0.008179228,-0.006546419,0.000526051,-0.004158705,-0.001902875,-0.001759927,-0.002384281,0.006580654,-0.004527756,0.003755559,-0.000652686,0.005364694,0.003098827,-0.000960572,-0.00507732,0.000893857,-0.000277457,0.001648263,-0.001482926,0.003298137,0.001321704,0.003823719,0.003284882,-0.002617318,0.00023505,0.003931047,-0.000526148,0.00340821,-0.000520276,0.001832866,-0.000314819,-0.000841781,0.000745601,-0.001554313,0.00389992,0.001582771,-0.000258453,0.000586518,0.001369171,-3.39E-06,-0.00081081,6.40E-05,0.000468549,0.001863072,0.000206143,0.001656126,0.000888168,-0.000151203,0.000181022,0.001604826,0.000612617,-0.000461026,0.001323031,-0.000391512,2.6311,1.0032,2.6791,1.2077,2.5086,1.3101,2.295,1.2864,2.1548,1.294,2.0232,1.3058,1.9164,1.3134,1.8258,1.3177,1.7524,1.3306,1.6683,1.3371,1.5831,1.2929,1.5022,1.2238,1.432,1.144,2.1508,1.1152,2.071,1.1764,2.0113,1.1692,1.9689,1.221,1.897,1.2059,1.8668,1.2508,1.8096,1.2271,1.7923,1.2767,1.7244,1.2357,1.7071,1.2821,1.6564,1.2055,2.3569,1.0056,2.3562,0.9631,2.1505,1.0584,2.0081,1.0987,1.8952,1.1152,1.8067,1.1303,1.7211,1.1347,1.655,1.1383,0.5025788,0.223837173,0.144402909,0.100695233,0.079868141,0.052945727,0.066365202,0.14040584,0.132127968,0.107070071,0.090701985,0.074524962,1.207338167,0.305164382,9.80E-07,0.120047407,0.089934421,0.085632938,0.215559852,0.210834271,0.213447183,0.229591725,0.244260066,0.269933788,1.102149813
LBX009V05,LBX,1.892448244,0.025137298,-0.017114089,-0.005865534,0.003076599,0.006651571,-0.013437264,-0.014565683,-0.000193789,-0.004690275,-0.002659047,0.002208205,-0.000805546,0.00224048,-0.001144958,-0.00071437,-0.000770839,0.006993886,-0.000552478,0.001967522,-0.007674949,0.00446932,-0.005381085,0.001294997,0.002723399,0.001903953,0.007207332,-0.002346561,-0.000961086,0.002046119,-0.002234043,-0.001428942,-0.005395316,-0.001790048,-0.000405221,-9.52E-05,-0.001194006,0.000804356,0.001806681,-0.003571161,-0.001266382,0.000134771,0.000969992,-0.000208654,-0.001106892,-0.00180887,0.000884951,0.000291307,0.00059359,0.000610695,0.001256369,4.97E-05,-0.000650798,7.91E-05,0.000762179,0.001236702,-0.001736087,-0.00057367,-2.74E-05,-0.000150621,0.000244242,2.6744,0.9653,2.6917,1.1782,2.5435,1.2673,2.2641,1.2494,2.1462,1.2602,1.998,1.2673,1.8945,1.2656,1.8261,1.2778,1.7416,1.2902,1.6624,1.2967,1.5683,1.2479,1.495,1.1782,1.4274,1.0962,2.1609,1.085,2.0732,1.1447,2.0185,1.1354,1.9631,1.18,1.9099,1.1663,1.8783,1.2166,1.8134,1.1839,1.8015,1.2341,1.7265,1.1931,1.7131,1.2384,1.6294,1.1613,2.3813,0.9739,2.3821,0.9006,2.1602,1.0178,2.0162,1.0615,1.904,1.0868,1.8037,1.096,1.7211,1.103,1.6262,1.1063,0.536948731,0.194107187,0.136635464,0.094017552,0.051608526,0.05014828,0.059122669,0.118393623,0.148369977,0.10351396,0.069479493,0.085404976,1.25385159,0.308909776,1.28E-06,0.112910451,0.098091845,0.08738564,0.21710912,0.203911844,0.192376714,0.203509828,0.237448289,0.253838078,1.173562069
LBX009V06,LBX,1.898641168,-0.018668572,0.00361051,0.006955502,-0.018730672,0.001163212,-0.009996422,0.005938263,0.002871992,-0.003569392,-0.00285691,0.001382714,0.003228061,0.00509577,0.001597525,-0.002007407,-0.00041339,0.008438881,0.001906235,-0.001354555,-0.007211916,0.004032322,0.002665784,0.004393979,-0.004378905,0.003301593,0.002089546,6.19E-05,-0.001265279,-0.000623045,0.005017976,-0.00122898,0.001218156,-0.001062711,0.001877562,-0.002993766,-0.000575484,0.001697206,-0.000218458,0.002518348,0.001095172,0.001247349,0.000794526,-0.000389027,0.001043576,-5.67E-05,0.001498437,0.001928219,0.000597522,-0.000255866,0.000326453,0.000201356,0.000592788,-0.00016948,-0.000827968,-0.00011147,-0.000226398,-8.56E-05,0.00016829,0.000974453,0.000511338,2.6807,0.9601,2.7251,1.1803,2.587,1.2738,2.2616,1.2508,2.1332,1.2638,2.0038,1.2735,1.8905,1.2832,1.8182,1.2886,1.7402,1.2965,1.6625,1.3008,1.5795,1.2526,1.5025,1.1778,1.4356,1.0937,2.13,1.0987,2.0556,1.1472,1.9995,1.1375,1.952,1.1904,1.8873,1.1688,1.856,1.2249,1.7816,1.1893,1.7772,1.2368,1.7136,1.199,1.6953,1.2357,1.6399,1.1649,2.3393,0.9854,2.3403,0.9272,2.1278,1.0271,1.9984,1.0667,1.8835,1.0831,1.7783,1.0922,1.7125,1.0944,1.6386,1.0922,0.494550756,0.201129237,0.140061843,0.097922674,0.067743192,0.066062395,0.075582075,0.129056422,0.129763053,0.113714467,0.072501379,0.078399043,1.252247168,0.307203548,2.00E-06,0.116484033,0.107669587,0.068688354,0.228168907,0.22110208,0.221517133,0.225220448,0.238787458,0.260660948,1.121407067
LBX009V07,LBX,1.85933881,0.032056174,-0.004181937,0.005719829,-0.002286042,0.010217132,0.0033833,-0.00339836,-0.006305744,0.00499392,0.001958605,-0.003119997,-0.002874681,0.003616843,0.005030217,0.001830176,0.005504516,0.005685072,-0.001049043,0.003522456,-0.003168919,-0.000465993,-0.002736656,-0.001221069,0.001962872,-0.003888629,-0.000622509,0.001789998,-0.001806245,0.003918478,0.001192648,0.000108166,0.004040066,-0.002413061,-0.001955163,0.001127625,0.001218428,-0.001439029,9.48E-05,-0.001145886,0.001528193,0.000590127,9.48E-05,0.00135229,-0.000337202,-8.46E-05,0.000385823,-0.000441937,-0.000535324,0.000533173,-0.00167435,0.00036181,-0.000329347,-0.00028201,0.000887757,-0.000627438,0.000438199,7.81E-05,0.000585784,9.91E-06,0.0001162,2.6634,0.9968,2.6974,1.1936,2.5108,1.3022,2.2911,1.2774,2.153,1.2846,2.0264,1.2947,1.9056,1.3047,1.815,1.3076,1.7517,1.3249,1.6769,1.3306,1.582,1.2929,1.5032,1.2138,1.4342,1.1332,2.1624,1.1117,2.0804,1.1764,2.0189,1.1656,1.9703,1.2184,1.9099,1.1969,1.8776,1.2476,1.8128,1.2163,1.7999,1.2713,1.7346,1.2265,1.7163,1.2713,1.6532,1.1985,2.3619,0.998,2.3605,0.9412,2.1591,1.0464,2.0151,1.0912,1.9035,1.1143,1.8058,1.1262,1.7319,1.1305,1.6505,1.1311,0.516545138,0.209809866,0.130299655,0.094704277,0.063595676,0.039315391,0.064234881,0.138287563,0.127002244,0.121213201,0.090646401,0.06562149,1.236744759,0.312841893,3.92E-06,0.113404982,0.099019039,0.078862412,0.218631837,0.195627248,0.204504988,0.218285524,0.237528882,0.266054506,1.118177039
LBX009V08,LBX,1.763557412,-0.013140337,0.043879124,-0.003084042,-0.004426972,-0.007506491,0.016820229,0.033630626,0.000577259,-0.017086529,0.006269309,-0.003131562,-0.013855327,0.008374542,-0.007182607,-0.000138383,-0.004243516,0.004837505,-0.012223764,0.01593946,-0.016019201,0.008702376,0.001641255,0.002027563,0.01050448,0.000823929,-0.004902045,0.006549246,-0.007399256,-0.001220236,0.002235286,0.002455091,-0.002802177,-0.00244104,0.002803793,-0.002598956,-0.002152382,0.001156333,0.003598993,0.001555796,-0.001096326,0.001920155,-0.000920117,-0.001697994,0.000218603,0.002200944,0.000316366,-0.002071702,-0.001010628,0.000549439,0.000435361,-0.000623571,-4.29E-05,-0.000157965,-0.00079377,0.000649998,0.000338432,-0.000184098,0.00020452,-8.48E-05,1.89E-05,2.6219,0.9682,2.665,1.1764,2.5464,1.2735,2.2904,1.2469,2.1458,1.249,2.0236,1.2605,1.9128,1.2699,1.8355,1.2702,1.7416,1.2843,1.6715,1.2875,1.5831,1.2454,1.5146,1.178,1.4536,1.1084,2.0944,1.1197,2.0631,1.1489,2.0049,1.1386,1.9639,1.1836,1.9081,1.1652,1.8754,1.2159,1.8096,1.185,1.7891,1.2339,1.7359,1.1904,1.7172,1.2447,1.6764,1.164,2.2605,0.9624,2.2584,0.9142,2.0904,1.0408,1.9998,1.0674,1.9027,1.0825,1.8042,1.0948,1.7327,1.1001,1.6744,1.1034,0.420340921,0.233657527,0.129843367,0.09735348,0.065686833,0.058912223,0.046513654,0.144615248,0.122739928,0.111198022,0.077300582,0.094952725,1.17668217,0.282058895,8.82E-06,0.100388246,0.100470344,0.073897564,0.192978367,0.198750723,0.206043612,0.21517623,0.233011931,0.287188457,1.048391387
LBX009V09,LBX,1.880217519,0.016791425,-0.008184433,0.003842086,-0.00486261,-0.0018185,-0.001291262,-0.016960419,0.012150599,-0.005521025,-0.004521526,-0.004194381,0.007474003,0.001433851,0.00065,0.003586662,0.006391812,0.00130566,-0.006824779,0.003479148,0.000919979,0.007734901,-0.001434148,-0.000883123,0.002738746,0.000321427,0.001347576,0.001530944,-0.000756684,0.001682983,-0.000843829,-0.000776085,0.002377358,-0.000180767,0.000210003,0.001744756,-0.000214789,0.001057961,0.000111903,0.000750247,0.001439221,0.00138464,0.000387671,-0.000928358,-0.001573316,0.001360234,8.90E-05,0.001118111,-0.001562058,-0.002211306,-0.000115806,0.001066535,0.00051782,0.000597922,0.001097531,-0.001251387,-0.000310361,-0.001021082,-0.000291233,0.000165023,-0.000391897,2.6731,0.9946,2.7157,1.2271,2.5755,1.3134,2.2857,1.2875,2.1534,1.2882,2.0318,1.3026,1.9175,1.308,1.8376,1.3123,1.7647,1.3224,1.6877,1.3285,1.5971,1.2853,1.5129,1.2077,1.4504,1.1203,2.1882,1.1203,2.0998,1.1828,2.0361,1.1667,1.9908,1.2163,1.9218,1.198,1.8937,1.2487,1.8269,1.2152,1.8096,1.2659,1.747,1.2206,1.719,1.2476,1.674,1.1915,2.39,1.002,2.3928,0.9408,2.185,1.0534,2.0333,1.0998,1.9178,1.1221,1.8222,1.13,1.7427,1.1305,1.6688,1.1289,0.519106039,0.193551259,0.118246015,0.095544178,0.063897809,0.054193727,0.087655747,0.132301852,0.122449663,0.114427488,0.080015623,0.073596331,1.229144328,0.315687393,1.57E-05,0.118508143,0.096446099,0.08008227,0.215960783,0.205078643,0.201906142,0.213485948,0.223424641,0.254839754,1.141899785
LBX009V10,LBX,1.819421,0.025951212,-0.03345371,0.027307468,-0.001474321,-0.016746986,-0.011023605,-0.00549811,-0.009477964,0.005182612,0.011124701,-0.00218161,0.009812639,0.00645271,-0.003677752,-0.006569811,-0.00018688,0.007496107,-0.002022774,0.003742403,-0.006886542,0.001229867,-0.002096457,0.003959889,-0.002613255,0.008839328,-0.00417682,-0.000689098,-0.0034207,-0.000259866,-0.000616766,0.002936098,0.001633286,0.000733465,-0.002363028,0.001933252,-4.24E-05,0.0026724,-3.45E-05,-0.001985419,0.001528128,-0.004265261,0.001313829,0.000438361,0.000303031,0.001686947,0.000641833,0.000953212,0.001468552,-0.000940497,0.000849289,-0.001112147,-0.001830392,0.000132191,-0.000251346,0.000326625,0.001317282,0.000742534,0.000771937,0.000519043,-9.85E-05,2.6775,1.0183,2.6762,1.2681,2.4849,1.3285,2.249,1.2882,2.1343,1.2983,1.9951,1.3015,1.8894,1.3123,1.8107,1.3177,1.7341,1.3188,1.6704,1.3209,1.6054,1.2623,1.5485,1.194,1.4899,1.1124,2.1624,1.1343,2.0879,1.1936,2.0221,1.1764,1.9628,1.2314,1.9088,1.2077,1.8732,1.2638,1.8096,1.2152,1.7913,1.2638,1.733,1.2152,1.7132,1.2512,1.6557,1.185,2.3808,1.0146,2.3781,0.9552,2.1613,1.0599,2.0189,1.103,1.9024,1.1181,1.8031,1.1235,1.7255,1.1224,1.6553,1.117,0.509230184,0.176592101,0.114520959,0.077183547,0.05113404,0.057284989,0.07075712,0.115143823,0.139236777,0.106250318,0.078885043,0.076607898,1.191322194,0.275776177,1.46E-05,0.117543949,0.099483114,0.0766,0.216639516,0.213075409,0.207588848,0.205496594,0.226846314,0.244565288,1.114007653
LBX009V15,LBX,1.964019851,0.020360807,-0.026401274,0.009982278,-0.008538799,-0.007305503,-0.005549418,-0.005908385,-0.01403212,-0.001379803,-0.009302524,0.000529425,-0.000229569,0.002779167,-0.00395508,0.001340247,0.003197964,0.003394003,-0.005832053,-0.003465104,0.001465935,0.0024678,0.001495556,-0.001499304,0.005121731,-0.001761931,0.000844614,-0.001023449,0.002139766,-0.001722964,0.002174043,-0.001698047,-0.001854007,0.001126316,0.000727511,0.00106058,0.000172134,-0.00121101,-7.74E-06,0.002051416,0.000477446,0.001440496,-0.000319791,-0.001149498,-0.000400582,0.001204791,-0.001582602,-0.000503564,0.001296717,-0.000678525,0.000964455,0.000111867,0.001386799,-0.001094686,-3.47E-05,-0.000664598,-0.000675156,0.001033743,0.000489844,0.001036749,-0.000389994,2.712,0.9525,2.7147,1.2044,2.5388,1.281,2.2853,1.2573,2.1325,1.2691,2.0016,1.2778,1.8837,1.2907,1.806,1.2936,1.7168,1.3008,1.642,1.2994,1.5493,1.2522,1.4752,1.1775,1.4177,1.0998,2.1591,1.0969,2.0678,1.1566,2.0009,1.1472,1.9628,1.199,1.8883,1.1818,1.8592,1.2314,1.7859,1.198,1.7654,1.2433,1.7114,1.2066,1.6802,1.2379,1.6294,1.1656,2.3975,0.9833,2.3964,0.9056,2.1552,1.03,1.9948,1.0725,1.8786,1.0915,1.7765,1.1037,1.7024,1.1052,1.6241,1.1045,0.534136481,0.204094586,0.129778041,0.08783439,0.064161827,0.064640931,0.072773415,0.153254951,0.131188795,0.118603626,0.0777541,0.089490111,1.302654897,0.300250978,2.42E-06,0.117796095,0.103673526,0.074994733,0.217087494,0.21500586,0.215547767,0.223241327,0.240026769,0.261899408,1.17687821
LBX009V17,LBX,1.923131376,0.017383016,-0.023190627,0.002446985,-0.004816105,0.017832197,0.002775016,-0.010213699,-0.003719933,0.000574,0.002325548,-0.000626603,-0.009316477,0.003486144,-0.003656753,0.005065979,0.00268999,0.001044955,-0.00313838,-0.000613887,0.001389401,0.002042045,-0.007246617,-0.00186653,0.000518744,-0.00673216,0.00206837,-0.002273944,0.00130541,0.002566108,-0.002748573,0.001194258,-0.000615757,0.000794973,-0.000299759,-0.00513787,-0.002288757,-0.000959073,0.002303277,-0.000452299,0.000895349,-0.000540971,0.00204572,0.002072812,-0.000894262,0.001868441,-0.002566996,0.001281345,-0.000561891,0.000561783,-0.000917824,0.000976183,-0.000266935,0.000478503,0.00070178,0.0004344,-0.000155486,-0.00023312,-0.000234588,0.000638965,3.06E-05,2.6872,0.9633,2.7104,1.1397,2.5421,1.2771,2.2843,1.254,2.1375,1.2605,2.0005,1.2778,1.8873,1.2896,1.8064,1.2896,1.7309,1.3069,1.6629,1.3123,1.5611,1.2648,1.4863,1.1936,1.4123,1.1099,2.1559,1.0861,2.0775,1.1508,2.0013,1.1437,1.9581,1.1911,1.9006,1.1796,1.8711,1.2335,1.8064,1.1962,1.7898,1.2522,1.7215,1.2091,1.6956,1.2422,1.6392,1.1742,2.3813,0.9786,2.3813,0.8981,2.1548,1.0232,1.9977,1.0753,1.8988,1.0965,1.8017,1.1073,1.7219,1.1124,1.6377,1.1142,0.524156942,0.211369274,0.125036355,0.096512434,0.058392208,0.040918455,0.073703324,0.146943833,0.138087979,0.113813356,0.0809,0.077456698,1.283301044,0.32212749,0,0.106907904,0.095651451,0.085874443,0.21405497,0.196316301,0.201396748,0.207876357,0.232041117,0.264648616,1.167432499
LBX009V21,LBX,1.818437212,0.007544239,-0.00355795,0.013435132,-0.016543055,-0.013198036,-0.003407244,-0.003670366,-0.002538549,-0.004276103,-0.003034838,-0.001734911,-0.002685676,0.000417212,0.006796352,-0.004382949,0.001973397,0.004802058,0.002566067,0.002007182,-0.007754112,0.00205958,6.27E-05,-0.000209375,0.000720239,0.002037368,0.005587091,-0.000986014,-0.000239318,7.23E-05,-0.001386721,-0.000543022,0.006665781,-0.001262032,-0.001273706,0.001253592,0.000396148,-0.000581912,0.002464153,0.000387851,0.0018314,-0.00039297,-0.000234633,0.002601965,0.001472648,-0.000307281,-0.000424172,-0.000346378,-0.000409294,0.000238466,-0.000681632,0.001421683,0.000168399,0.000188404,-0.000646832,0.000702199,5.52E-05,0.000902979,0.000420726,3.99E-05,-0.000426089,2.6419,0.9903,2.6906,1.2292,2.5324,1.3037,2.2691,1.2799,2.1397,1.2907,2.0178,1.2983,1.9099,1.3058,1.8229,1.3058,1.7553,1.3216,1.6802,1.3242,1.5982,1.281,1.5291,1.2087,1.4644,1.1278,2.1365,1.1235,2.0653,1.1839,2.0113,1.1699,1.9574,1.2228,1.9002,1.2012,1.87,1.253,1.8042,1.2184,1.7956,1.2745,1.7262,1.2328,1.7082,1.2709,1.665,1.189,2.3551,1.0056,2.3544,0.956,2.1357,1.0635,2.0081,1.1009,1.8955,1.1192,1.7992,1.1278,1.7215,1.1307,1.6633,1.1314,0.476027835,0.205045653,0.130159902,0.096687176,0.066180435,0.041532879,0.069201879,0.129849913,0.122136686,0.108160344,0.087,0.069421899,1.185500949,0.291792049,9.80E-07,0.115424867,0.097528662,0.079318094,0.211281897,0.202341222,0.2096151,0.216873465,0.23096017,0.254213532,1.106736545
LBX009V22,LBX,1.812189913,0.008699684,-0.005187167,0.014971461,-0.01179752,-0.007305576,0.00619003,0.010955746,-0.004594855,0.006584831,-0.003814985,-0.009009774,-0.004970694,0.001608587,0.000139204,-0.004430034,-0.000327125,0.000640029,0.000474816,-0.001134856,-0.002822027,-0.002511687,0.000528918,-0.002569294,-0.00259474,-0.003108271,0.000310156,0.003638983,0.001188555,-0.001046113,-0.000631303,-0.00063712,0.000661102,-0.002376692,0.002343681,-0.000560832,0.001240126,-0.000596759,0.000154275,-0.001203453,0.003041831,0.000122978,-0.000160926,-0.002086906,0.003000539,-0.000355506,-0.000592826,0.001589447,-0.001969719,0.002035515,0.001089533,-0.001501092,2.13E-05,0.000944031,-6.23E-05,-0.000266928,0.000495626,-0.000695654,-0.000172708,0.000694935,-3.84E-05,2.6624,0.9709,2.6996,1.1915,2.5237,1.2853,2.2832,1.2551,2.1505,1.2702,2.0311,1.2893,1.9247,1.2965,1.8391,1.3062,1.7513,1.3119,1.6837,1.3163,1.6018,1.2735,1.5334,1.1972,1.4702,1.1224,2.1487,1.1117,2.0739,1.1663,2.0149,1.1591,1.9689,1.2138,1.9056,1.1922,1.8783,1.2497,1.8179,1.2095,1.8035,1.2656,1.7416,1.2228,1.7211,1.2605,1.6888,1.1882,2.3493,0.9969,2.3479,0.9391,2.1451,1.0399,2.0119,1.082,1.9024,1.1011,1.8128,1.1152,1.7409,1.1196,1.687,1.1221,0.466219112,0.196605722,0.129084352,0.097821726,0.065902959,0.053997407,0.059615434,0.133556355,0.12091803,0.106643331,0.086147838,0.087984828,1.201787456,0.288408495,3.92E-06,0.114202014,0.089390044,0.0774505,0.200395933,0.21086204,0.213052341,0.227997653,0.233728903,0.255700313,1.117574695
LBX009V23,LBX,1.841427861,0.015642838,0.016442515,0.000325325,-0.020593644,-0.008305926,0.004129287,-0.000857096,-0.007924403,-0.009703673,0.00729764,-0.001162825,0.000627556,0.002997007,-0.002062282,0.001363857,0.0057001,0.002968901,0.00461051,0.00381543,-0.002179726,0.003102133,-0.003176338,-0.000457159,-0.001495081,0.00038652,0.001832066,0.002569443,-0.002658447,-0.000160902,-0.00228384,-0.008374042,-0.00145981,-1.81E-05,-0.000403666,0.001243584,-0.000517018,-0.002848519,0.000396312,0.001571491,-0.000282257,0.000698295,-0.000266451,0.000770745,-0.000976549,0.001079878,0.001394619,0.001522846,-8.72E-05,-0.00053248,0.000446484,-0.000339179,-0.000551348,0.000393823,-0.000299454,0.000381462,-0.000346642,0.000543798,-0.00094488,-0.000479157,0.000438427,2.6613,0.9655,2.7147,1.1796,2.5716,1.2551,2.3339,1.2389,2.1828,1.2433,2.044,1.2537,1.9272,1.2666,1.8517,1.2753,1.769,1.2832,1.7006,1.2925,1.6043,1.2522,1.5388,1.1782,1.4777,1.094,2.1591,1.075,2.0908,1.1318,2.0361,1.1188,1.9865,1.1735,1.9189,1.157,1.8945,1.2087,1.8283,1.1778,1.8204,1.2332,1.7549,1.1857,1.7276,1.2271,1.6812,1.1548,2.3652,0.9542,2.3652,0.9078,2.158,1.0113,2.0302,1.0534,1.9121,1.0796,1.8207,1.0897,1.7496,1.0948,1.6784,1.0955,0.484516718,0.239621055,0.144555353,0.098682775,0.066495865,0.052460461,0.069722091,0.15116405,0.13918908,0.117510212,0.075999605,0.083076471,1.190555001,0.298473885,0,0.123268325,0.092956979,0.073823912,0.208421808,0.207375649,0.206484527,0.218422572,0.24361603,0.287650083,1.163159189
LBX009V27,LBX,1.790651945,-0.015154111,0.024038145,0.013503125,0.004083056,-0.002572766,0.000174172,0.015532505,-0.001326707,-0.004665874,-0.000949208,0.005807637,-0.008669141,0.01042941,0.012391197,0.002525483,-0.007248883,-0.002948372,0.00467452,0.000609563,-0.007222846,0.005851496,0.002717042,-0.004083304,-0.001290417,0.004440805,-0.002474357,-0.001290189,-0.004001744,-0.000623848,0.003172555,0.002984215,0.001991067,-0.002583357,0.003365238,-0.004061591,-0.007302925,0.000344104,0.001281247,0.000924838,0.001234221,0.001739723,-0.000758869,-0.001962233,-0.002151214,-0.000790286,0.001684993,-8.84E-05,-0.000891685,-0.001015212,-6.25E-05,-0.000322062,-0.00035817,0.000653927,0.001361329,0.000111273,0.000180887,0.000815059,-0.000120145,-0.000767755,0.000347422,2.6257,0.9288,2.6848,1.1674,2.5352,1.2781,2.2713,1.2487,2.1257,1.253,2.0097,1.2713,1.904,1.2756,1.8215,1.2837,1.7492,1.2961,1.6751,1.2997,1.5949,1.2551,1.5194,1.1839,1.4498,1.1063,2.1016,1.112,2.0627,1.1379,2.0045,1.1357,1.9599,1.1861,1.8988,1.1645,1.8758,1.2199,1.801,1.1861,1.7977,1.2476,1.7265,1.1969,1.7104,1.2443,1.6553,1.1656,2.2958,0.9977,2.2936,0.9365,2.1012,1.0315,2.0034,1.0588,1.8977,1.0818,1.7977,1.0928,1.7271,1.0998,1.6537,1.1003,0.449507119,0.217910486,0.131213604,0.098686777,0.062431803,0.04323945,0.064720012,0.145663482,0.11743462,0.105787428,0.082896683,0.073355641,1.189221199,0.296923643,9.68E-06,0.10955332,0.100156877,0.075278749,0.217848319,0.206713739,0.211460469,0.220123261,0.229501481,0.275880137,1.07141533
LBX010V01,LBX,1.904128665,-0.000165184,-0.003924914,0.006703743,-0.012349269,0.006880199,-0.011766785,0.009855295,0.011372103,-0.00201421,-0.004653944,-0.003682619,-0.004157042,0.008665879,-0.001009826,-0.001171218,-0.004133737,0.005501292,-0.002042765,0.000405599,-0.001780429,-0.002080392,0.001819608,0.00453401,-0.003529424,-0.002737512,-0.001562833,0.00392168,-0.001428428,-0.000105526,-0.000792275,0.001757591,0.003794496,0.003360861,0.000373004,-0.001182277,0.002141107,0.001122639,-0.000618396,-0.001784951,-0.002042802,0.000328412,0.000321797,0.00080658,0.000530865,-0.000288112,-0.000588345,0.001399719,-0.000596654,0.000424737,-0.000670176,-9.84E-05,0.001192087,-0.001785061,-0.000626082,-0.000612733,0.000879221,-0.000203382,-0.000518634,-0.001041289,-0.000893473,2.7098,0.9687,2.7323,1.1875,2.587,1.2882,2.2756,1.2594,2.1494,1.2745,2.0221,1.294,1.9132,1.308,1.8344,1.3155,1.76,1.3296,1.6852,1.3296,1.5874,1.2922,1.5097,1.2174,1.4335,1.1268,2.1537,1.1052,2.0825,1.171,2.0178,1.1624,1.9703,1.2152,1.9078,1.1947,1.8732,1.2422,1.8139,1.2141,1.7999,1.2627,1.7402,1.222,1.7215,1.2688,1.6668,1.1933,2.3637,0.9894,2.3605,0.9322,2.1498,1.0405,2.0138,1.0822,1.9081,1.103,1.8146,1.1138,1.7352,1.117,1.6607,1.1224,0.494806245,0.196563603,0.123239036,0.094301007,0.077004156,0.063072102,0.071964505,0.127100157,0.128784859,0.10979622,0.079156112,0.075724303,1.286054937,0.323234791,2.05E-05,0.114644189,0.095883106,0.074122196,0.229765816,0.221907391,0.217797153,0.22243426,0.23530119,0.252473464,1.129851003
LBX010V02,LBX,1.863643078,0.01786554,0.007467867,0.005094505,-0.016059377,0.002508428,-0.000799522,-0.002358594,-0.005051877,0.011733649,-0.007167731,0.001492848,0.001472097,-0.000201171,-0.005141436,0.002974262,0.002831956,0.001107147,-0.000238818,-0.006986142,0.008677065,-0.000752497,0.001389938,0.001377459,0.00711537,-0.000177882,-0.001919912,-0.002276752,-0.002992091,0.004584795,0.000735355,-0.003458296,-0.002047708,-0.002558661,0.002091028,2.15E-05,0.001799201,0.002788652,0.000898736,0.002243916,0.000651626,0.002325621,6.56E-05,-0.00322726,-0.000112185,0.000769777,-7.60E-05,0.000774717,-0.000984578,0.001609447,0.000649007,0.002309638,0.002225572,-5.40E-05,0.001348885,0.000631105,0.000261933,6.49E-05,-0.00123341,0.000191946,-0.000649707,2.6807,0.9849,2.7109,1.2028,2.5556,1.2999,2.3197,1.2733,2.1643,1.2783,2.0356,1.2898,1.922,1.2956,1.8522,1.3064,1.7681,1.3236,1.6893,1.3236,1.6025,1.2882,1.5198,1.2077,1.4551,1.1278,2.1807,1.1073,2.0793,1.1731,2.0178,1.158,1.9887,1.2131,1.9121,1.1872,1.8883,1.2487,1.8247,1.2087,1.802,1.2562,1.7449,1.2174,1.7255,1.2605,1.6758,1.1872,2.3709,1.0167,2.3684,0.9444,2.1778,1.0365,2.0052,1.0861,1.9052,1.1041,1.8125,1.1163,1.7398,1.1199,1.6694,1.1242,0.511182961,0.21651097,0.135248068,0.089902725,0.057752056,0.070993521,0.076133895,0.155480417,0.12921277,0.113747967,0.070630588,0.085840841,1.233902658,0.305265917,1.25E-05,0.109659154,0.090005611,0.080272847,0.222490562,0.217752176,0.210092218,0.226911106,0.249506814,0.276061316,1.126087252
LBX010V03,LBX,1.838649129,0.001049433,-0.01608048,-0.003205235,-0.012821141,0.004698486,0.004431724,-0.014092799,0.000874895,-0.002398117,0.007930594,-0.006952944,-0.000945674,0.014350865,0.001945515,0.001711315,0.011277972,-0.007082168,0.006245478,0.00282929,0.004293027,0.003282593,0.007295537,0.004899665,0.002681714,-0.002434209,0.000419969,-0.000694907,-0.000771794,0.00086953,0.000748467,-0.001716845,0.002117396,0.002105191,-0.000187803,-0.003314125,-0.000629833,-0.002363896,0.00268177,-0.002827044,-0.001404339,0.001093786,0.000572456,-0.001208195,0.000478921,-0.000710799,-0.001243962,-0.003052777,0.000215348,-0.001046528,-0.00172489,-0.00022758,-0.001276783,-0.000810562,-4.24E-05,-0.000649497,3.93E-05,-0.000244001,0.000327643,9.81E-05,0.000373307,2.6483,0.9914,2.7093,1.171,2.5593,1.2616,2.294,1.2476,2.1199,1.2634,2.0102,1.2767,1.9045,1.281,1.8258,1.2875,1.7503,1.3026,1.6845,1.3026,1.5946,1.2544,1.5262,1.1782,1.4684,1.0915,2.1602,1.0944,2.0933,1.1559,2.0232,1.1451,1.979,1.2001,1.9193,1.176,1.8883,1.2213,1.8197,1.1908,1.7967,1.2371,1.7427,1.1951,1.7179,1.2285,1.6731,1.158,2.3759,0.9894,2.3774,0.9304,2.1584,1.0336,2.021,1.0725,1.9146,1.0897,1.8197,1.0976,1.7442,1.1005,1.6722,1.0983,0.491234537,0.203402753,0.110742088,0.082710338,0.061858952,0.05819768,0.080873791,0.174815474,0.110503303,0.105787428,0.078967968,0.076995195,1.184138514,0.302096706,4.50E-06,0.108397509,0.100693595,0.077119971,0.218719226,0.204028331,0.202055933,0.210019904,0.214997721,0.253344351,1.163917128
LBX010V04,LBX,1.893225627,0.003742744,-0.016430141,-0.002297976,-0.020179001,0.007548575,-0.008599681,-0.006491151,0.010220259,0.013086328,-0.012643838,-0.008182199,0.011276131,-0.002404286,-0.000761197,-0.003014552,0.004741606,0.002913505,0.003870304,-0.001130064,-0.003179563,0.003818894,0.001311317,-0.001429143,0.005421178,-0.001266138,-0.005607258,0.005561887,0.000225227,0.002146002,-0.001113396,-0.001310605,0.001035679,-0.002112766,0.000895148,-0.001596621,-0.001362463,-0.002367308,0.000709929,0.004686948,0.000607242,-0.000128222,0.002193058,-0.001269739,-0.001153453,-0.001851731,-0.000814162,-0.00049266,0.00061282,0.000202685,-0.000408213,-0.000745341,0.00158981,0.000845616,-0.00070148,0.000293311,0.000160392,-0.001405677,-0.000256823,0.000409602,0.000111833,2.6634,0.9579,2.7035,1.1544,2.5539,1.2451,2.2379,1.2282,2.1181,1.2379,1.9951,1.2508,1.9013,1.2616,1.8118,1.2702,1.7319,1.2832,1.6582,1.2857,1.5618,1.2479,1.4856,1.1681,1.4223,1.089,2.1602,1.0771,2.0653,1.1408,1.9887,1.1138,1.952,1.1818,1.8722,1.1526,1.8603,1.2098,1.7805,1.1721,1.7675,1.2238,1.7071,1.1796,1.6899,1.2282,1.6438,1.1534,2.3544,0.9746,2.3565,0.9056,2.1588,1.0016,1.9883,1.052,1.87,1.0717,1.7783,1.082,1.7039,1.0868,1.6419,1.0895,0.52200637,0.169907328,0.110527146,0.08135484,0.066062395,0.064151773,0.069202601,0.120192055,0.123674613,0.094419701,0.089912235,0.080950664,1.248004976,0.307147684,8.82E-06,0.122791246,0.093750413,0.073782179,0.213587664,0.212786207,0.217681327,0.218464688,0.226730787,0.240009104,1.162097332
LBX010V06,LBX,1.831069257,0.010999039,0.003258586,0.001567019,-0.010849682,0.003004792,0.00226898,-0.00435721,0.005382295,-0.002897575,-0.003654545,-0.00505303,0.000411694,0.004742869,-0.001816702,0.000488986,-0.002283115,-0.000574318,0.001011127,-0.000759476,6.64E-05,-0.001313709,0.002145427,0.000947654,0.002857192,0.001098308,-0.00301583,0.000704295,-0.000557295,-0.001005086,-0.002056684,0.001869253,-0.003044809,-0.002888886,-0.003182503,-0.001055944,0.000420917,0.001819587,0.003474833,0.000276348,0.000677749,0.000500646,-0.00117593,0.000269648,0.001502111,0.001095391,0.001657032,0.000395556,0.001270142,0.000832613,0.001056732,7.19E-05,-0.000466037,-0.001150979,3.54E-05,1.40E-05,-0.000327729,0.000678634,0.000153535,-0.000718947,-0.000214334,2.6332,0.9924,2.664,1.2001,2.5345,1.2983,2.2648,1.267,2.1278,1.2832,2.0038,1.2929,1.897,1.3037,1.8161,1.3134,1.7352,1.3242,1.6658,1.3288,1.5716,1.2843,1.4968,1.2102,1.4313,1.1296,2.1354,1.116,2.0609,1.1764,1.9995,1.1645,1.9488,1.2087,1.8916,1.1926,1.8668,1.253,1.7988,1.2098,1.7805,1.2584,1.719,1.2184,1.6985,1.2638,1.6532,1.1872,2.335,1.007,2.3328,0.9504,2.1325,1.0505,1.9923,1.0886,1.8848,1.1099,1.7927,1.1192,1.7154,1.1239,1.6499,1.126,0.487428231,0.198860152,0.126023212,0.100571567,0.059012965,0.065516105,0.070675668,0.137954485,0.124378817,0.107344678,0.081479445,0.081617706,1.209705522,0.30768635,9.68E-06,0.111498969,0.094380506,0.080262071,0.215776111,0.214594362,0.211940416,0.2182888,0.237127413,0.253723353,1.091432389
LBX010V07,LBX,1.909699243,0.009864213,-0.033751441,0.014977554,-0.01440519,-0.014990556,-0.012589255,-0.010128399,-0.011785428,-0.002405368,-0.005001904,-0.00505785,-0.019410306,-0.015437325,0.006167002,-0.007841388,5.29E-05,-0.000841154,-0.012072212,-0.001837138,-0.001635582,-0.005905156,0.002917327,0.010014002,-0.004358122,0.00935252,0.000758051,0.003246485,0.003391392,-0.005392459,0.004884195,0.00450939,0.000514053,0.000255049,-0.000954758,-0.000381275,-0.002335749,0.002465736,0.002581916,0.001717058,-0.001000929,0.000291637,-0.003186749,0.000237305,-0.001849312,-0.00078459,-0.002255333,-0.000711986,0.001531499,0.000421871,-0.00034412,-0.000439988,0.001218773,0.000188119,0.000603152,0.000319784,0.000359836,-5.54E-05,0.001009152,8.44E-06,8.19E-05,2.6882,0.9213,2.7183,1.1659,2.5399,1.258,2.267,1.2228,2.1375,1.2335,2.0135,1.2497,1.9024,1.2605,1.8351,1.2656,1.7496,1.2799,1.6618,1.2645,1.5836,1.2195,1.5119,1.1607,1.4428,1.0939,2.1422,1.0865,2.0681,1.1483,1.9998,1.1383,1.9552,1.1864,1.8919,1.1706,1.8804,1.2238,1.7988,1.1785,1.7859,1.2271,1.7265,1.1879,1.6969,1.2125,1.6462,1.1483,2.4115,0.9369,2.4094,0.8797,2.1379,1.0063,2,1.0421,1.8889,1.0577,1.7929,1.0658,1.7222,1.0712,1.6451,1.0739,0.499835213,0.184804572,0.109888125,0.086056842,0.0427889,0.062473114,0.085557291,0.129941294,0.125053748,0.111623698,0.067492963,0.0866876,1.257303432,0.277606484,8.82E-06,0.112630813,0.093434576,0.072908504,0.230989718,0.224806072,0.223379363,0.228886784,0.235669705,0.252069554,1.211954145
LBX010V09,LBX,1.896223516,0.00060866,-0.014857197,0.014865034,-0.007439866,0.016481501,-0.010732056,0.008127481,0.002978665,0.009414133,-0.005824415,-0.004102426,0.004851377,0.006645837,0.008132249,-6.26E-05,0.000301552,0.006682175,0.00584155,-0.002418811,-0.001863572,0.002587016,0.000686564,0.001249585,-0.001146542,0.000342991,0.00113384,0.001918161,0.000975909,0.00089341,-0.003495143,0.001309996,-0.00033144,-0.000563684,0.000343478,0.000265697,0.001043398,0.000927076,0.00276778,-0.000165918,-8.93E-05,0.000659786,1.04E-05,0.001763194,-0.000845004,-0.000445269,0.000527961,-0.001155724,0.001593371,-0.000790466,-0.001368196,-0.000905032,-0.000224403,0.000348612,-0.000596059,-5.71E-06,5.80E-05,0.000883691,-0.000126952,0.000124271,0.000140834,2.7163,0.9633,2.7438,1.1674,2.5568,1.2767,2.2638,1.253,2.1422,1.2684,2.0257,1.2771,1.9092,1.2871,1.833,1.2914,1.7546,1.3047,1.6837,1.3073,1.5917,1.2605,1.5216,1.1872,1.4461,1.0998,2.1677,1.089,2.0847,1.1559,2.0264,1.1386,1.9714,1.1926,1.9099,1.1688,1.883,1.2206,1.8139,1.1861,1.801,1.2433,1.7362,1.1936,1.7136,1.2422,1.6633,1.1674,2.3727,0.9995,2.3738,0.9326,2.167,1.0257,2.0236,1.0649,1.9056,1.085,1.8107,1.0939,1.7309,1.0982,1.6604,1.0976,0.51045658,0.190082114,0.126342788,0.10044272,0.071475101,0.057772052,0.07474791,0.122571285,0.116824398,0.116928397,0.076321229,0.079520123,1.277513323,0.315452072,2.42E-06,0.120350696,0.097546348,0.07806113,0.227517142,0.218519221,0.216860531,0.226553349,0.235538129,0.247053699,1.149797034
LBX010V12,LBX,1.830781732,0.004032046,0.024159223,0.001256789,-0.007887988,0.000499375,-0.006589987,0.003486528,-0.00356718,0.021381125,-0.007307505,-0.001286608,0.004515546,0.003685508,0.005317217,-0.002650206,-0.002239097,0.004147873,0.002367806,0.000828619,0.001544244,-0.003991121,0.00033471,0.001200225,-0.000813306,0.002029742,0.000451648,0.002345454,0.00244156,-0.00259245,-0.002679729,-0.002339975,0.00124298,0.001738127,-0.002832994,0.000651497,0.000797192,-0.000634744,-0.002419998,-1.62E-05,0.001397544,0.001988056,-0.001588309,0.001508997,0.000462363,0.00062208,-0.00109486,-0.00166668,0.001128587,0.000653478,0.001396106,-0.000807588,-0.00079419,0.000439984,0.000284314,-0.000257966,0.000822785,-0.000602496,-0.000645763,0.000189949,0.000145907,2.6535,0.9923,2.7053,1.2152,2.5442,1.3058,2.2929,1.2724,2.1548,1.281,2.0254,1.294,1.9239,1.3112,1.8484,1.3155,1.7632,1.3209,1.6877,1.3263,1.596,1.2896,1.5205,1.2195,1.4482,1.1278,2.1602,1.116,2.0707,1.1861,2.0146,1.1742,1.9649,1.226,1.897,1.2087,1.8776,1.253,1.8107,1.2174,1.8031,1.2724,1.7319,1.2282,1.719,1.2767,1.6571,1.189,2.3274,1.0329,2.3263,0.9757,2.1588,1.0462,2.0138,1.0872,1.8954,1.1079,1.808,1.1197,1.7319,1.1257,1.6553,1.1284,0.508368577,0.205110336,0.126802287,0.091017855,0.074370223,0.062527594,0.062508239,0.138367518,0.130051374,0.102947025,0.075622351,0.085370955,1.212892551,0.311066713,2.42E-06,0.12255615,0.08673742,0.079536658,0.220677729,0.222702245,0.223841596,0.227009273,0.239665267,0.26296245,1.072560609
LBX010V16,LBX,1.852898977,0.011412012,0.014364223,0.000146855,-0.003277251,-0.009301133,-0.003127278,-0.001169641,0.001362707,0.005940817,-0.014954883,-0.004891482,5.38E-07,0.004431279,0.002128735,-0.001923195,-0.002240146,-0.002799322,0.002596515,-0.002445593,0.002201239,0.002324873,0.003300997,-0.001788813,0.00209682,0.001228879,-0.0017982,0.000385864,1.82E-05,0.002445731,-0.001247043,0.001294573,-0.001279907,0.000443382,-0.000672988,-0.002941827,0.000804325,-0.002020175,0.000869339,0.000979138,0.001380233,-0.003234347,-0.001142084,0.000885587,0.000462356,0.000838204,-0.001837584,-0.000737598,-0.002012274,0.000562479,-0.000418381,-9.08E-05,-7.83E-06,-0.000307526,0.000320163,-6.78E-06,-5.84E-05,-0.000880352,0.000888199,-0.000278315,-0.000290717,2.6483,0.9849,2.6902,1.2389,2.5435,1.3094,2.2832,1.2792,2.1408,1.2835,2.0128,1.2994,1.915,1.308,1.8337,1.3112,1.7503,1.322,1.6661,1.3263,1.5674,1.2805,1.4984,1.2028,1.4331,1.1176,2.1516,1.1203,2.0771,1.1828,2.0049,1.1699,1.9617,1.2217,1.8991,1.1958,1.8732,1.2551,1.8053,1.212,1.7902,1.2691,1.7244,1.2238,1.7082,1.2702,1.6575,1.1904,2.3447,1.0302,2.3414,0.9655,2.1469,1.0502,2.0031,1.0897,1.8945,1.1091,1.8003,1.1192,1.7211,1.1235,1.6535,1.1257,0.499047914,0.206319582,0.119156116,0.092997312,0.067421436,0.060536435,0.066750655,0.142464908,0.128983759,0.09817739,0.081362952,0.084096373,1.222423957,0.312801359,2.18E-05,0.108924056,0.095188655,0.08175604,0.218869664,0.218883645,0.220910683,0.224073604,0.237738785,0.266493321,1.087791896
LBX010V17,LBX,1.882689875,0.024812822,-0.007964521,0.017183698,0.006038209,-0.00960735,-0.003862435,-0.011160257,0.001231795,0.008421154,-0.006194693,0.00279121,0.00734929,0.008557742,-0.004038066,0.00303405,-0.00242406,-0.000430251,-0.006387459,-0.002728619,0.007861529,0.000336836,-0.00348935,0.005776841,0.000854735,0.000517771,0.0035445,0.001769384,-0.000528674,0.005921936,-0.003246389,8.75E-05,0.00162606,-0.000444004,-0.000217982,-0.002641981,0.000771125,-0.002260542,-0.000439846,-0.00049919,0.000642789,0.001683802,-0.000571008,0.000280629,-0.000427421,-0.001054146,-0.00029184,0.00097997,-0.000324294,-0.000701515,8.16E-05,-0.000616993,-0.000736324,-0.000383869,-0.000758366,-0.001473354,0.00104053,-0.000505601,0.001496941,0.001077775,-0.000642969,2.7023,0.9504,2.7237,1.222,2.5568,1.3012,2.3112,1.2724,2.1775,1.2821,2.0318,1.2961,1.9239,1.2994,1.8484,1.3058,1.7762,1.3134,1.6971,1.3206,1.6057,1.2753,1.5352,1.1997,1.4691,1.107,2.2066,1.103,2.1095,1.1688,2.0394,1.1602,1.9962,1.212,1.9347,1.1915,1.9045,1.2411,1.8441,1.2077,1.8172,1.2497,1.7589,1.2152,1.7287,1.2433,1.6769,1.1818,2.3975,1.0005,2.397,0.9304,2.2026,1.0289,2.0394,1.0814,1.9286,1.1001,1.8452,1.1127,1.7546,1.1127,1.6769,1.1117,0.535529206,0.199091738,0.132139661,0.091324531,0.061443063,0.064192289,0.084677388,0.134051408,0.14637107,0.107950452,0.075770773,0.072598898,1.243103294,0.312424327,5.00E-07,0.109278452,0.092036949,0.085529469,0.224818549,0.214676617,0.202609427,0.221509007,0.243622864,0.266619973,1.156836324
LBX010V18,LBX,1.832368323,0.025641322,0.001950724,-0.004138384,-0.013678791,0.012574809,-0.003979353,-0.004869759,-0.006959827,0.002776555,0.005743334,-0.000357898,0.005710026,-0.003880145,0.012440592,-0.001664011,0.004411427,-0.006134441,0.003604108,-0.000226075,0.001328048,0.001837093,0.001067167,0.000711412,0.000819082,0.002197024,-0.000769422,0.00291728,0.001876177,0.001562333,-0.00105503,-0.000479179,0.000804857,-0.000494794,0.000281995,-0.001124803,-0.001787028,-0.001116611,6.54E-05,-0.00092056,0.001358653,0.000131877,0.000954685,-0.001497619,0.000814106,0.001977811,0.001073489,-7.31E-05,-0.000909967,0.001069631,0.000307182,-0.000715833,0.001719267,9.07E-05,-0.000192214,0.0011166,-0.000466994,-0.000323721,0.000466627,0.000656982,0.000637301,2.6327,0.9804,2.6906,1.1613,2.518,1.262,2.2832,1.2379,2.1408,1.2454,2.0221,1.2573,1.9132,1.2681,1.8279,1.2767,1.7524,1.2902,1.6769,1.3015,1.5879,1.2621,1.5124,1.192,1.4399,1.1145,2.1456,1.0814,2.0787,1.1381,2.0102,1.1294,1.9666,1.1769,1.897,1.1624,1.8711,1.2131,1.8074,1.1839,1.7945,1.2292,1.7287,1.1926,1.7082,1.2287,1.6462,1.1694,2.3544,0.9844,2.3549,0.9186,2.1447,1.0102,2.0081,1.0527,1.8916,1.0757,1.8031,1.0876,1.7255,1.0983,1.6431,1.1027,0.507094035,0.208389083,0.123974594,0.097695496,0.069263338,0.058067289,0.075735659,0.14259737,0.119295012,0.109434227,0.085732433,0.076697458,1.200314396,0.301890709,5.00E-07,0.117912001,0.092143421,0.079179417,0.217031657,0.205699587,0.21142909,0.223626497,0.233971323,0.266513677,1.145580189
LBX010V22,LBX,1.861802647,0.015368311,0.014412379,0.007669384,0.009562306,0.025413615,0.017677798,-0.013872518,0.006617335,0.011145246,-0.001476749,-0.012707494,0.010240011,0.006305227,0.007901927,0.004341998,0.001648292,-0.004945755,-0.001727961,0.002054878,-0.002440422,0.005018363,-0.010152809,0.00184095,0.003001706,0.005786181,0.001445319,0.000399367,-0.000278712,0.001879334,0.002670717,-0.000322856,0.003717032,9.15E-05,-0.001253876,0.002007362,0.003623603,0.002205527,0.004934127,0.002044441,-0.000584286,0.002970029,0.001127957,6.22E-05,-8.39E-05,-0.000784372,0.000404365,-0.000850482,0.001066456,0.000830772,0.001104206,-0.001064922,-0.001646779,0.001073771,0.001748909,0.000880168,0.000102445,0.000196341,0.0007176,-0.000592176,-0.000330635,2.6604,0.9883,2.7294,1.1638,2.5626,1.3119,2.3065,1.2889,2.1936,1.3026,2.0529,1.3128,1.9387,1.3152,1.8538,1.3296,1.7805,1.3403,1.7089,1.3475,1.609,1.3087,1.5191,1.2289,1.445,1.1419,2.1969,1.1138,2.116,1.1872,2.0545,1.1667,2.0049,1.2282,1.9434,1.2023,1.9121,1.2594,1.842,1.2217,1.8279,1.2821,1.7557,1.2303,1.7269,1.2548,1.6827,1.1958,2.363,1.021,2.3608,0.9531,2.1983,1.0552,2.0516,1.0969,1.9373,1.1174,1.8308,1.1275,1.7517,1.1332,1.6812,1.1354,0.520697263,0.206572433,0.139064445,0.097268494,0.061815856,0.05410231,0.100911892,0.113728185,0.141069238,0.114225216,0.086112543,0.074076852,1.225067394,0.334536351,9.68E-06,0.116664348,0.10323914,0.086727447,0.227693873,0.221353496,0.216503349,0.227034182,0.249952976,0.257532386,1.108570544
LBX010V24,LBX,1.874158633,0.019590882,0.001505204,-0.000691528,0.001564568,0.001897503,-0.004890416,-0.004732337,0.002118785,0.004189268,-0.011679343,-0.001218919,-0.000903442,0.010225697,0.002823814,-0.000592334,0.00310781,0.006078522,0.005322475,0.001921114,-0.00509773,0.0007866,-0.001230459,-0.00291925,0.001842682,-0.002563864,0.004761429,0.001507462,0.000592014,-0.000808045,-0.003164061,0.001042027,-0.001325943,-0.000853793,0.001638138,-0.001424099,0.001020048,0.000444158,-0.002113673,-0.00019286,-0.000787206,-0.002657544,-0.000421498,0.002950488,0.001067029,-0.001517838,-0.000364219,0.000466266,-0.001145692,0.001128783,-0.000239555,6.41E-06,4.14E-05,-0.001070924,-0.000539425,-0.000370317,-7.49E-05,0.000850673,-0.000977202,2.17E-05,0.000612653,2.6618,0.9822,2.7006,1.212,2.5431,1.295,2.2814,1.2875,2.1476,1.2961,2.0124,1.3105,1.9103,1.3234,1.8312,1.3278,1.7513,1.3382,1.6737,1.3447,1.5723,1.3053,1.4957,1.2298,1.425,1.1489,2.162,1.1228,2.0771,1.1818,2.021,1.1789,1.9621,1.2278,1.906,1.2077,1.8714,1.2609,1.811,1.2278,1.8038,1.2896,1.7305,1.2465,1.7204,1.2983,1.6514,1.2091,2.3547,1.0164,2.3511,0.9588,2.157,1.0588,2.0135,1.1041,1.9013,1.1278,1.8053,1.1408,1.7211,1.1472,1.6446,1.1483,0.517841723,0.203426768,0.134293485,0.096795558,0.073616982,0.047010637,0.050466028,0.134076098,0.135964701,0.10291171,0.079222282,0.080574003,1.247983626,0.316526981,2.59E-05,0.118551423,0.09710309,0.082643451,0.217823093,0.211514468,0.210636559,0.213828202,0.234193958,0.260344099,1.108321997
LBX010V26,LBX,1.863232918,0.007792465,-0.021294088,0.002157881,-0.022362723,-0.001797833,-0.013730027,-0.004093893,0.006456515,0.010510328,-0.002652951,0.001095823,0.004382778,0.007314797,0.001379287,0.000216204,0.008056511,0.000617587,0.008742908,-0.000924405,0.003034219,-0.006731015,0.000445473,0.003325852,-0.000869543,-0.005366501,0.00590628,-0.006409159,-0.007574074,0.002353241,0.001221331,-0.002254154,-0.001666728,-0.003213706,0.001602813,0.000420212,0.001262846,0.001012689,0.001672213,-0.002365736,0.000465071,0.002240499,8.34E-05,-0.001036315,-0.002058183,0.000987561,-0.000159657,-0.000692202,-0.000672767,-0.000640084,0.000448404,-0.002018829,-0.000619897,0.00176303,0.000394533,0.000830615,0.000761617,0.00081461,0.000336454,-0.001046746,0.000234854,2.7055,0.9817,2.7492,1.1947,2.582,1.2691,2.3022,1.2393,2.1555,1.2522,2.0254,1.2717,1.9272,1.2724,1.856,1.2853,1.7794,1.3004,1.7093,1.308,1.6262,1.2627,1.5543,1.1814,1.4892,1.1019,2.2001,1.089,2.0874,1.1521,2.0394,1.1419,1.9962,1.192,1.938,1.1721,1.9031,1.2235,1.8398,1.189,1.8211,1.24,1.7629,1.1954,1.742,1.2465,1.6938,1.1616,2.4119,0.9905,2.4083,0.9373,2.199,1.021,2.0358,1.0663,1.9358,1.0865,1.8328,1.0965,1.7605,1.1025,1.6942,1.1037,0.51147869,0.181698927,0.121068658,0.084880681,0.054516236,0.057184788,0.065604649,0.147266086,0.131553259,0.098202495,0.072359174,0.078074131,1.22222491,0.301531458,2.59E-05,0.105801701,0.099643615,0.07716586,0.214359348,0.206242794,0.199630083,0.205735753,0.221103822,0.241464552,1.186536085
LBX010V27,LBX,1.821816414,-0.008997683,-0.001695019,0.025152516,0.012318164,0.0168057,0.021347116,-0.015424719,0.003503356,0.008908999,-0.007069045,0.00907543,-0.001601842,-0.007097452,-0.006781165,0.003671117,-0.012370206,0.014994269,-0.001929386,-0.003264148,-0.000753641,-0.000906741,0.000371285,-0.001869078,0.006229365,0.008671977,0.000620469,0.005029169,-0.003791785,0.004422834,-0.002750627,-0.00026116,-0.001089152,0.003433996,-0.000603887,-0.001296285,0.001093987,-0.003068813,-0.000231271,-0.000157334,0.00130596,-0.001289287,5.39E-05,-0.001276717,-0.000467479,0.001565719,0.000242293,-0.000305067,0.00098178,-0.000296015,0.00057946,-0.00067962,-0.001509719,0.000793215,-0.000277717,0.000227454,-0.000462678,-0.000976751,-0.000301994,-0.000228275,-0.000579442,2.642,0.875,2.6679,1.0692,2.5543,1.2691,2.2731,1.2422,2.158,1.2501,2.0293,1.258,1.9099,1.2702,1.843,1.276,1.7596,1.2817,1.6877,1.295,1.5964,1.2526,1.5309,1.1828,1.4676,1.0998,2.1602,1.0739,2.0804,1.1429,2.0124,1.1289,1.9736,1.1828,1.9088,1.1613,1.883,1.2087,1.8172,1.1796,1.8064,1.2335,1.7352,1.1861,1.7222,1.2303,1.6672,1.1656,2.331,0.957,2.3303,0.8973,2.157,1.0002,2.0081,1.0534,1.9002,1.0786,1.8089,1.0908,1.7298,1.0965,1.6643,1.1001,0.501455771,0.202660554,0.132338959,0.093581676,0.067125703,0.056087521,0.063566658,0.115370794,0.128942235,0.120021665,0.067150949,0.083594557,1.195721707,0.2941888,9.80E-07,0.108548238,0.093410117,0.082257219,0.205086933,0.212213312,0.205877051,0.221023008,0.247307299,0.268408662,1.124446833
LBX011V01,LBX,1.911070226,0.007223204,-0.020562107,0.00284952,-0.006148608,0.000581942,-0.002348326,-0.006034308,-0.007426436,0.002239241,0.01041174,0.002709398,-0.004124045,0.003347371,0.001563014,0.002692675,0.003579683,-0.00767561,0.005070857,0.004070878,0.00681507,-0.000657382,0.011141154,-0.010663264,-0.000586363,0.003204147,-0.00216472,0.003958833,0.003643762,0.001611641,-0.003281225,0.00392944,0.001048747,0.001940574,-0.001387284,-0.003264483,0.000849738,-0.001319842,0.002064966,1.29E-05,-0.001262532,-0.003437853,-9.10E-05,-0.001745843,0.001545091,-0.00164386,-0.002345819,0.001529161,0.000556047,0.00021265,-0.000113896,0.000648437,0.000581813,0.001083746,0.000448693,5.77E-06,0.000545335,-5.45E-05,0.000849934,-0.000822097,7.85E-05,2.6915,0.9881,2.7258,1.1933,2.5662,1.3083,2.3123,1.281,2.1181,1.2907,2.0189,1.3091,1.9186,1.3198,1.8225,1.3328,1.7395,1.3436,1.6726,1.3403,1.582,1.2972,1.5173,1.2292,1.4547,1.1483,2.1624,1.1235,2.1025,1.1877,2.0232,1.1753,1.9725,1.2292,1.9088,1.2152,1.8835,1.2691,1.8197,1.2339,1.7995,1.2929,1.7348,1.2454,1.7104,1.2756,1.6521,1.2217,2.39,1.0135,2.3889,0.9455,2.1591,1.052,2.021,1.0958,1.9045,1.121,1.8118,1.1303,1.7233,1.1375,1.6499,1.1408,0.519662708,0.217431047,0.104174661,0.092395725,0.061664414,0.046054424,0.073964924,0.194442099,0.100892021,0.100869123,0.096975306,0.083699701,1.247132022,0.290421091,2.42E-06,0.12115845,0.091041199,0.085675317,0.221711524,0.219049606,0.217523539,0.220156694,0.217748525,0.275519945,1.139877274
LBX011V02,LBX,1.841429665,0.010845358,-6.94E-05,0.003933359,-0.025068892,-0.002842931,0.001191759,-0.002564207,-0.001188335,-0.00788833,0.000376222,-0.002433311,-0.001141932,0.009133373,-0.008373094,0.000755554,-0.002460615,0.00255748,-0.00468841,-0.002292262,0.002147806,-0.003392894,0.000372619,-0.002407197,-0.004850626,0.002036794,-0.003697099,0.002434731,0.000345447,0.000201823,0.000937396,-0.001257512,0.000369649,0.001600541,-0.001123233,-0.001132221,0.003412594,-0.002056848,0.001379334,0.000678045,-0.000148414,9.20E-05,0.003640368,-0.000147414,-0.000163319,0.000677515,0.00188038,-0.002009471,-0.000336448,-0.000155601,-0.000133347,-0.00039065,0.00083687,-0.000210534,0.001369886,-0.000866578,-0.000535051,-5.60E-05,0.000177411,0.000146591,0.000639302,2.6656,1.014,2.6794,1.2249,2.5586,1.3112,2.295,1.2778,2.1516,1.2907,2.0156,1.308,1.9042,1.3213,1.8251,1.3242,1.7488,1.3342,1.6899,1.34,1.5928,1.295,1.5194,1.2217,1.4536,1.1354,2.1472,1.1257,2.0771,1.1861,2.0113,1.1764,1.9628,1.2292,1.9024,1.2098,1.8743,1.2605,1.8118,1.2389,1.7934,1.2756,1.7384,1.2346,1.7125,1.2681,1.6737,1.2066,2.3587,1.0146,2.3587,0.9585,2.1426,1.0656,2.0031,1.1016,1.8923,1.1217,1.7988,1.1325,1.7327,1.1383,1.6701,1.139,0.480361385,0.21208312,0.128418885,0.094853993,0.067754336,0.058024564,0.075411538,0.143979061,0.137095915,0.112191132,0.079153143,0.076952518,1.218064842,0.312568153,0,0.113906848,0.095158657,0.073525846,0.210467884,0.207597134,0.21622812,0.223406759,0.240439306,0.261255813,1.105284371
LBX011V03,LBX,1.839117587,0.017095509,-0.01109008,0.005064798,-0.015010321,-0.002238657,0.00012783,-0.001319498,-0.010248379,0.009818265,0.00704663,-0.004372743,-0.000895328,-0.001757363,0.003178544,-0.004224706,0.003497286,0.00375124,0.001264408,-0.004476189,-0.000776501,0.002559683,-0.000229554,0.001367302,-0.002531794,0.002082962,-0.003277832,0.001103797,-0.000789249,0.004006664,-0.000230609,0.001022974,-0.001359788,0.003183251,0.003099722,0.000701872,0.00020781,-0.000460425,0.00177417,-0.000482406,0.001117384,-0.000974849,0.000488701,0.000442344,0.000892702,0.000519835,0.001599701,-0.000903974,-0.000172963,-0.00035108,0.000640843,2.82E-05,0.000556242,-0.001262233,-4.02E-05,-0.000816432,-8.23E-05,-0.001299266,0.000327351,0.001283507,6.02E-05,2.6618,1.002,2.7078,1.2019,2.528,1.2968,2.2907,1.2659,2.1537,1.2799,2.0264,1.2907,1.9088,1.3037,1.8351,1.3119,1.7517,1.3227,1.6805,1.3242,1.6025,1.2735,1.534,1.2093,1.4666,1.1311,2.1613,1.1138,2.0868,1.1818,2.0146,1.1667,1.9736,1.2238,1.9078,1.1947,1.8808,1.2519,1.8128,1.2152,1.8042,1.2691,1.7406,1.2238,1.7179,1.267,1.6697,1.2008,2.3702,1.012,2.3695,0.9385,2.1559,1.0426,2.0102,1.0874,1.8981,1.1073,1.8074,1.1214,1.7362,1.1257,1.6624,1.1284,0.499238981,0.199696695,0.118740136,0.085225876,0.058883274,0.05278873,0.065153127,0.137713471,0.127757309,0.118316356,0.074154771,0.084096373,1.202152174,0.288168041,9.80E-07,0.11040942,0.097186676,0.072710384,0.213838678,0.210835599,0.208603092,0.223822363,0.24010102,0.260833146,1.130957196
LBX011V04,LBX,1.843725512,0.011683385,0.013372919,-0.002558136,-0.009377483,-0.002079573,0.010374162,0.004890453,-0.016275164,-0.003630488,0.00167604,0.002431187,-0.006342958,0.00171068,-0.001805069,0.007108563,-0.003702632,-0.000526096,0.003347104,-0.000640813,-0.000332423,-0.005943059,0.000101808,-0.004791957,0.002845767,-0.000903018,-0.001833508,-0.00049883,0.00075192,0.000827369,-0.000782265,0.002709953,0.00103118,-0.001668788,0.00057539,-0.001894233,5.22E-05,0.002259869,-0.000442554,0.001387602,-0.000215579,0.003187074,0.001227088,0.000277657,0.001329456,-0.00127313,1.70E-05,0.001035999,0.000449985,-0.00077038,0.001699091,0.000344741,-0.001874287,0.000813936,0.000261287,-0.000260609,0.000627452,-0.000138265,-0.000137168,-0.000447283,0.000453077,2.6582,0.9915,2.6881,1.199,2.55,1.3069,2.327,1.2771,2.1645,1.2857,2.0351,1.3058,1.92,1.3173,1.8294,1.3288,1.7488,1.336,1.6755,1.3403,1.5935,1.2986,1.5129,1.2296,1.454,1.162,2.1426,1.1289,2.0757,1.1814,2.0138,1.1757,1.9721,1.2282,1.9103,1.2116,1.8851,1.2648,1.8182,1.2318,1.8031,1.2893,1.7348,1.2454,1.7175,1.2878,1.6629,1.2131,2.3454,1.0196,2.3425,0.9628,2.1386,1.0647,2.0078,1.1041,1.9051,1.1251,1.8134,1.1359,1.7314,1.1435,1.6602,1.1472,0.487033603,0.23657261,0.136981495,0.099953789,0.063041732,0.04745461,0.057471123,0.16272741,0.130951785,0.115673074,0.09132694,0.080920949,1.216210463,0.284346866,1.68E-05,0.10954935,0.094289183,0.084501598,0.208555508,0.209618916,0.210403232,0.222603886,0.239861314,0.283916044,1.091270897
LBX012V01,LBX,1.906110736,0.000983325,-0.003434292,0.01415085,-0.009397171,0.004014808,0.01444466,-0.01228116,-0.009473274,0.001333592,-0.002258099,-0.001845013,-0.003081378,0.007041235,0.001211953,-0.0006408,-0.002078978,0.002637555,0.006825051,-0.004052988,-0.001232588,-0.000175074,-0.000546413,0.001159343,0.002388365,0.002232809,-4.83E-05,-0.001389013,-0.004771277,0.00073165,-0.000227707,0.000478801,5.98E-05,-0.000249373,-0.005209502,-0.002221456,0.001861239,-0.001375086,-0.0010182,-0.000166811,0.002684017,0.000710317,0.00129001,0.000670263,-0.000447299,0.001505767,0.000479932,-0.00060526,-0.000150696,-0.000375174,-0.000172791,-0.002304539,-0.001266866,-5.18E-05,-0.000272492,0.000146431,-0.000391259,-0.000167889,-0.000549512,6.81E-05,-0.000157998,2.6785,0.9698,2.7276,1.1764,2.5723,1.308,2.3155,1.2864,2.1699,1.3015,2.0297,1.3177,1.9121,1.3285,1.8269,1.3339,1.7503,1.3389,1.6798,1.3504,1.5867,1.3055,1.5169,1.2213,1.4529,1.1336,2.1645,1.1268,2.0901,1.1915,2.0232,1.1796,1.9746,1.2314,1.9142,1.2109,1.8862,1.2681,1.8096,1.2303,1.7999,1.2832,1.7276,1.2335,1.7132,1.2821,1.6658,1.1994,2.3792,1.0138,2.3777,0.9527,2.1602,1.062,2.0174,1.1037,1.9067,1.1235,1.801,1.1343,1.7244,1.1375,1.6615,1.1372,0.503956794,0.219711538,0.135897167,0.102389941,0.065718871,0.057441187,0.067842833,0.146380907,0.141132845,0.118094877,0.085370955,0.076763012,1.236497392,0.313824553,4.50E-06,0.113404982,0.106383833,0.082062415,0.220382236,0.221538281,0.223733882,0.229875271,0.249762067,0.272898241,1.12716289
LBX013V01,LBX,1.776786349,0.016952628,-0.012182293,0.010396557,-0.004886409,0.000245534,0.009324914,-0.010983178,-0.010847695,0.003575198,0.00331543,-0.000415573,-0.006058524,-8.33E-05,0.004053621,0.000196837,0.000538567,-0.00191176,0.000307304,0.003792424,0.002299274,-0.002202992,0.002274303,-0.005089679,-0.004233697,0.001631365,-0.002115616,0.000869215,6.75E-05,-0.002811086,-0.00044543,0.000381701,0.002326169,0.000550775,0.000277884,0.005474186,-0.000200176,0.00143328,-0.000664361,0.000474681,0.001860993,7.27E-05,0.002715388,-0.000295388,-0.000251783,0.000729823,0.000922062,-0.000862749,-0.000716722,0.00106025,0.000213288,-0.000132309,0.000798169,0.000510801,0.001101784,0.000845588,-0.000491892,-6.73E-05,-0.000445267,0.000744034,7.83E-05,2.633,0.9883,2.6737,1.185,2.5137,1.3062,2.2972,1.2756,2.1462,1.2821,2.0297,1.3015,1.925,1.3209,1.8409,1.3274,1.7654,1.3371,1.6978,1.3375,1.6208,1.2961,1.5485,1.2298,1.4806,1.1543,2.1548,1.1321,2.0847,1.1926,2.0297,1.1796,1.98,1.2346,1.9164,1.2141,1.8916,1.267,1.829,1.2357,1.8193,1.2886,1.7535,1.2433,1.733,1.2735,1.6845,1.2141,2.3623,1.0138,2.3616,0.9592,2.1543,1.0658,2.0254,1.1055,1.9102,1.1278,1.8198,1.141,1.7481,1.1489,1.6791,1.1537,0.477395109,0.202163325,0.108593278,0.083340866,0.063409542,0.044407207,0.071377307,0.151139836,0.118104234,0.106482158,0.084350815,0.076120562,1.164294533,0.28414447,9.80E-07,0.118436228,0.090029551,0.075881552,0.202690034,0.201181734,0.208401176,0.210836287,0.213963081,0.253843357,1.11098072
LBX013V03,LBX,1.887101519,0.035955574,0.019996514,0.011933369,0.003667513,0.012690573,0.006586733,0.002946655,0.006970136,-0.000621968,4.58E-06,-0.001759393,0.004549627,0.000267069,-0.001220286,-0.008365175,-0.007085929,0.005540186,0.001628454,-0.00809219,-0.000197323,-0.002162933,-0.000420096,-0.006683635,0.001801259,-0.003020548,-0.001325041,-0.007044987,0.000241975,-0.002758825,0.001134316,0.001506883,-0.000331073,0.001450101,0.000168844,-0.00064882,0.003755559,-0.001728644,-0.000104208,-0.000207873,0.001559265,0.001919582,0.000418528,0.001710671,-0.001286905,-0.000235667,-0.000620331,-0.000662035,-0.000942117,-0.00189055,-0.000391804,-0.000388511,-0.000396761,0.000912251,-0.001181401,4.96E-05,-0.000792852,-0.00082102,0.000444185,-0.000121189,0.000257474,2.665,0.9477,2.6899,1.1656,2.5313,1.2983,2.2896,1.2454,2.171,1.2551,2.0383,1.2767,1.9186,1.2907,1.8287,1.294,1.7506,1.3037,1.669,1.3119,1.5698,1.2684,1.4921,1.19,1.4151,1.0973,2.1609,1.0609,2.0768,1.1214,2.0164,1.1264,1.9711,1.1724,1.9135,1.1595,1.8768,1.2091,1.8071,1.1846,1.7927,1.2364,1.7319,1.1958,1.7125,1.2497,1.651,1.1613,2.3447,0.9707,2.3454,0.9017,2.1534,1.0013,2.0088,1.0502,1.9009,1.0739,1.7959,1.0868,1.7197,1.0955,1.6456,1.1019,0.519690456,0.224953195,0.163552224,0.124073889,0.09168315,0.067924664,0.066087896,0.118996008,0.134446458,0.120515933,0.089960547,0.078700064,1.258820944,0.332443033,9.80E-07,0.108092645,0.109320492,0.076029468,0.227482395,0.226458054,0.237971637,0.244962446,0.261329007,0.279526832,1.119691909
LBX013V04,LBX,1.821334518,0.018767936,0.011672775,-0.001995245,0.002933367,-0.003260326,0.007449194,-0.010374491,0.001566207,-0.003733999,-0.005773587,-0.008565826,-0.002413651,-0.000744596,-0.002129475,-0.003271811,0.002596214,-0.000319081,0.004353047,-0.003266499,-0.001109422,0.001360817,0.007220458,-0.005692466,-0.000930212,0.000851711,0.002733609,0.001643851,-0.000768743,-0.000851736,0.001694301,-0.001965308,0.000861724,0.000100254,-0.000618261,0.002202594,-0.000989038,0.001251811,-0.000184399,-0.000454411,-0.000161816,-0.001074924,-0.000647371,0.001046406,-0.00019142,-0.000401937,-0.000400544,0.001572825,-0.000276321,0.000617973,0.000903548,9.02E-05,-0.000971155,-0.000905148,-0.000321133,0.000366388,-0.000234291,0.000329243,0.000260357,0.000488869,0.000453783,2.6235,0.9838,2.669,1.2041,2.5367,1.2976,2.2864,1.2753,2.144,1.2781,2.0261,1.2911,1.9211,1.3026,1.8362,1.3141,1.7557,1.3231,1.6668,1.3245,1.577,1.2763,1.5029,1.1936,1.4482,1.1203,2.1505,1.1084,2.0739,1.1699,2.0178,1.1613,1.9693,1.2109,1.9078,1.1936,1.8786,1.2433,1.8107,1.2087,1.8085,1.2691,1.7384,1.2228,1.719,1.2616,1.6633,1.1872,2.3479,1.0038,2.3447,0.9462,2.1476,1.0444,2.0138,1.0868,1.9002,1.1068,1.8053,1.1181,1.7327,1.1232,1.6593,1.1239,0.493531438,0.215231085,0.128923427,0.098276549,0.072957111,0.052842123,0.071618014,0.142427525,0.118614544,0.105627885,0.085675317,0.081001543,1.183200042,0.299138095,2.05E-05,0.114644189,0.098267085,0.073662066,0.221299797,0.217152159,0.217829957,0.223197894,0.231403825,0.26940722,1.104491
LBX013V05,LBX,1.699449735,0.031235356,0.02825322,0.024085799,0.004472361,0.003437901,0.009339148,-0.002225319,0.011517268,-0.00368633,-0.004968991,0.017419238,0.005526228,-0.005034073,0.004370083,0.001538845,-0.00805599,-0.003509827,-0.002150482,-0.001175792,0.002908635,-0.002141422,0.000454603,0.0006929,0.005229258,-0.007736091,-0.00048617,0.000713274,-0.004328385,-0.000709981,0.000822867,0.00175132,-0.001743106,0.00094613,0.002066709,0.000290638,0.002055615,0.001177615,-0.0027231,-0.000269537,0.000911813,0.001741984,-0.00035692,0.000187148,-0.001040339,-0.000948752,-0.001851391,0.001177433,1.06E-06,0.000796924,-1.64E-05,0.0010639,-0.000201098,0.000912241,0.000246954,-0.001467294,-0.000155895,-0.000319773,6.35E-05,0.000425861,-0.000640861,2.5933,0.972,2.6435,1.2077,2.5086,1.3393,2.295,1.2994,2.1721,1.3001,2.0498,1.3202,1.9491,1.336,1.87,1.3432,1.7977,1.3549,1.7323,1.3634,1.6424,1.3418,1.5611,1.272,1.491,1.1965,2.1559,1.1379,2.0804,1.1868,2.0264,1.1875,1.9876,1.2292,1.9344,1.2206,1.8984,1.2616,1.8438,1.2407,1.8215,1.2846,1.7736,1.2594,1.7575,1.3019,1.7014,1.2404,2.3163,1.0286,2.3184,0.9811,2.153,1.0746,2.0232,1.1214,1.9308,1.1462,1.8414,1.1642,1.7697,1.1713,1.6985,1.1793,0.465914692,0.213145631,0.145759322,0.110226313,0.090032494,0.076067141,0.066520974,0.122901993,0.123940712,0.101931987,0.079427011,0.073240563,1.124929127,0.293396149,8.82E-06,0.097773258,0.092802856,0.072647987,0.201682919,0.199021858,0.202767182,0.210800854,0.2326046,0.265892911,1.042566089
LBX013V07,LBX,1.818926974,0.033773926,-0.02654302,0.017592321,0.008708523,0.006032356,-0.011786042,0.00806117,-0.013780991,0.000106215,-0.002312761,0.001337496,-0.003098229,9.22E-05,0.004884786,0.001132254,5.19E-05,0.005979845,-0.001138756,-0.000547451,-0.003704149,-0.004255304,-0.004582674,0.001796083,-0.003237864,-0.004841384,0.001094346,-0.001355302,0.000432527,-0.001578983,-0.002458385,-0.000654127,-0.003543796,0.000833459,-0.001765659,0.002595409,0.004693907,7.15E-05,-0.001538886,-0.001272806,-0.000256055,-0.001608786,-0.001337019,0.000672597,-6.86E-05,-0.000161073,-0.000977945,-0.000492374,-0.000731846,-0.000330345,-0.000379582,-0.001513832,0.000149653,-0.00028358,4.48E-05,0.001354166,-0.00018125,0.000554193,-0.000564045,-0.000318718,0.000308922,2.7001,0.9881,2.6971,1.2113,2.4871,1.3062,2.2724,1.2681,2.158,1.2778,2.0286,1.2886,1.9121,1.3015,1.843,1.3069,1.7632,1.3112,1.6909,1.3112,1.6009,1.2713,1.5372,1.1996,1.4795,1.1278,2.1645,1.1084,2.0863,1.1694,2.0351,1.1661,1.9811,1.2087,1.9266,1.192,1.8937,1.2427,1.8376,1.2087,1.815,1.2605,1.7611,1.2174,1.7384,1.2573,1.6704,1.1904,2.3875,1.0077,2.3853,0.9495,2.1634,1.0518,2.0329,1.0906,1.925,1.1106,1.8312,1.1197,1.7542,1.1264,1.6643,1.1286,0.500858074,0.192734273,0.129967111,0.092952999,0.061611687,0.054193727,0.059331695,0.114810496,0.129849913,0.11721203,0.069310677,0.079915768,1.228568456,0.279866968,9.68E-06,0.111548465,0.090553244,0.076993117,0.207663117,0.201160856,0.198987562,0.205953781,0.225152948,0.242212076,1.136526155
LBX013V08,LBX,1.914617567,0.02668458,-0.013056893,0.011178954,0.008452696,-0.006928295,-0.022258875,0.000892908,-0.003037075,-0.006916531,0.000499097,0.004894325,-0.012796309,0.008922885,-0.005948566,-0.002651574,-0.000233932,0.006577445,0.002012392,-0.001523943,-0.004990371,0.001147532,0.001537505,-0.004560546,0.004861956,-0.003102567,-0.004692955,-0.001523906,-0.0035336,-0.002423225,0.000680216,0.000856175,-0.001011172,-0.00104466,-0.001276567,0.000458582,0.004306764,-0.000601462,-0.001558294,-0.002253513,0.000519763,0.002816106,-0.000901295,-0.000356983,-0.000860435,-0.000869891,-0.000170568,-5.66E-05,9.66E-06,0.000579009,0.000552539,0.000248809,0.000255452,-0.001203388,-0.000259801,0.000289942,0.000777151,-0.000161708,9.77E-05,-0.000450298,0.00049613,2.7033,1.014,2.6931,1.2778,2.5216,1.3522,2.2702,1.308,2.1203,1.3188,1.9887,1.3317,1.8894,1.336,1.8031,1.3393,1.7265,1.3447,1.6496,1.3414,1.5543,1.3047,1.4817,1.2199,1.4263,1.1343,2.1451,1.1433,2.0653,1.1972,2.0085,1.19,1.9595,1.2418,1.8999,1.2188,1.8661,1.2763,1.8028,1.2346,1.7862,1.2936,1.726,1.24,1.7109,1.3053,1.6208,1.2066,2.3752,1.0282,2.3738,0.957,2.1375,1.08,2.0002,1.1167,1.8901,1.1332,1.7929,1.1413,1.7179,1.1451,1.6165,1.1451,0.528107357,0.206823838,0.133459957,0.094523278,0.064085724,0.048724737,0.042375937,0.150288556,0.132230745,0.099393058,0.086363071,0.076790104,1.282653924,0.304554264,3.92E-06,0.112353905,0.098377081,0.07698961,0.227903839,0.212067631,0.217302416,0.22163982,0.235092365,0.263805402,1.095376465
LBX013V09,LBX,1.855381657,0.021893966,0.004883462,-0.003878584,-0.014570893,-0.016765345,0.000846912,-0.001676059,0.003486683,-0.015131806,-0.012100439,-0.010086112,-0.006020855,-0.000190301,0.00129245,-0.003265026,-0.003590333,0.003867299,-0.001747509,-0.003770192,0.003296308,0.006289091,-0.002141553,-0.000561239,0.00012912,-0.000972686,0.000645632,-0.002146336,0.000444212,0.000201319,0.003888753,0.001562741,-0.000751762,-0.001970772,-0.003126328,0.0018332,0.000841188,-0.001262549,-0.00207856,-0.000482215,-0.001155033,0.001162214,-0.000286926,0.000273558,0.001820284,-0.001292914,0.001204095,0.001277869,-0.001008979,0.001706572,-0.001062066,-0.000632683,-6.34E-05,0.000994923,-0.001687206,-0.000571019,-0.000857313,0.000602413,-0.000295951,-0.000148843,0.000124807,2.6321,0.9806,2.6733,1.2343,2.5467,1.2904,2.2767,1.2691,2.1505,1.2843,2.0232,1.3037,1.9049,1.3148,1.8186,1.3263,1.7467,1.335,1.6561,1.3378,1.5615,1.2994,1.4946,1.2335,1.4202,1.1451,2.13,1.1203,2.0566,1.1807,1.9995,1.1785,1.9585,1.2238,1.8948,1.2044,1.8722,1.2627,1.7967,1.2271,1.7923,1.2778,1.7244,1.24,1.7093,1.2789,1.6586,1.2098,2.349,1.0016,2.3501,0.9401,2.1251,1.0593,1.9898,1.1009,1.8867,1.123,1.7869,1.1375,1.7136,1.1446,1.658,1.1489,0.479821019,0.20895533,0.139821922,0.102810992,0.061511787,0.055171913,0.067423809,0.127112077,0.128769756,0.118819611,0.087062851,0.072424443,1.223013434,0.304601543,2.42E-06,0.107855922,0.100692105,0.073441814,0.206157464,0.209856832,0.212977205,0.226461343,0.243844315,0.258840878,1.116097747
LBX013V10,LBX,1.816881972,0.018501985,-0.00367583,-0.003264174,-0.016369986,0.003945447,0.003319058,0.00895339,-0.003378696,-0.000373527,-0.005265302,-0.004964296,-0.006521343,-0.0015589,-0.000512081,-0.002294448,0.003436476,0.004383641,0.000853077,-0.000935107,-0.000495356,-0.00608324,-0.008042013,-0.002753637,-0.002035786,-0.006025866,-0.001873967,-0.001565645,-0.001728293,-0.000195137,0.001526467,-0.00104716,0.000667444,0.002366699,0.00170795,-0.001513524,0.000341565,0.001343703,0.00073001,0.000502709,-0.001738415,-0.000560707,-0.002900947,0.001087417,0.000254227,-0.000297979,0.001830449,-0.00027667,0.000158552,0.000272554,-0.000202928,-0.000886015,-0.001226607,0.000165739,0.000534951,0.000833515,1.68E-05,0.000344869,-0.000214833,0.000106976,-0.000451928,2.6633,1.016,2.6949,1.2059,2.5338,1.3069,2.2893,1.2709,2.1641,1.281,2.0275,1.2954,1.9196,1.3098,1.8405,1.3242,1.7621,1.3339,1.6845,1.3339,1.5965,1.2961,1.5248,1.2276,1.4569,1.1548,2.1526,1.1224,2.0768,1.1796,2.0149,1.1825,1.9739,1.2271,1.915,1.2077,1.8862,1.258,1.8225,1.2292,1.8107,1.2864,1.7503,1.2422,1.7276,1.2864,1.6845,1.2077,2.3592,1.0156,2.3565,0.9644,2.1497,1.0642,2.0065,1.1079,1.9067,1.1273,1.8123,1.1397,1.7476,1.144,1.6818,1.1483,0.47580847,0.201839392,0.133803027,0.086820792,0.061634406,0.04813398,0.058706899,0.125606728,0.137356907,0.108856649,0.080400062,0.078997785,1.214358431,0.289617973,1.46E-05,0.103029365,0.094965783,0.073361025,0.202226235,0.202737392,0.201115141,0.207003019,0.234096924,0.24942544,1.104068118
LBX013V11,LBX,1.816934567,0.011923334,-0.006981465,-0.003439896,-0.012370275,-0.005929746,-0.008213331,0.012078485,-0.003240561,-0.002989882,-0.007160068,-0.002291107,-0.005806149,0.008421986,0.000416486,-0.003443166,-0.005626892,-0.001036058,0.003493166,-0.000343681,-0.003227345,-0.002030701,-0.000928404,-0.003621277,-0.005656997,-0.004577418,-0.004498791,-0.00355218,0.000982385,0.000968648,-0.000697805,-0.001564166,-0.000721038,0.001880034,-0.000533674,0.001464784,0.000473423,0.001854164,0.001473835,0.001182104,0.001670777,-0.002112356,0.001631202,-0.00019601,0.000359039,-0.00090516,0.000281243,-0.000971071,-0.002095357,0.000569515,0.000448177,-0.001043324,-0.001067756,5.83E-05,0.000433574,-0.000349204,0.000130223,0.000970208,0.000591332,9.87E-06,0.000156337,2.6537,0.9978,2.6748,1.222,2.5237,1.2954,2.2648,1.2616,2.1332,1.2724,1.9973,1.295,1.9045,1.3091,1.8204,1.3231,1.7406,1.3317,1.6672,1.335,1.582,1.2893,1.5115,1.2202,1.4425,1.1419,2.1228,1.1206,2.0617,1.1825,2.0034,1.171,1.9545,1.2242,1.8963,1.2033,1.8697,1.2609,1.8042,1.2285,1.788,1.2789,1.7309,1.2411,1.7157,1.2853,1.6618,1.2066,2.3418,1.0243,2.336,0.961,2.1203,1.0631,1.9973,1.0969,1.8901,1.1199,1.7977,1.1354,1.7258,1.1437,1.6579,1.1472,0.468953089,0.200112468,0.11486627,0.082731373,0.059449811,0.054803285,0.052658997,0.132042417,0.13776636,0.093865063,0.085257316,0.080262071,1.219741878,0.296273016,6.73E-05,0.11186465,0.095485339,0.074375063,0.202186894,0.202814003,0.20390667,0.205309157,0.221966349,0.245524948,1.093010393
LBX013V14,LBX,1.783210868,0.029983495,-0.004373067,0.006746453,-0.000635803,-0.01188052,0.007003521,0.014478104,-0.005598222,-0.014452124,-0.002902094,-0.003692847,0.001859671,-0.011450436,0.000242633,-0.00144269,-0.006439981,0.00577252,-0.001140343,-0.003993265,-0.005710851,-0.000300252,0.00424566,-0.002560902,-7.55E-05,-0.003745177,0.005387863,0.003307289,0.004008064,-0.001892507,0.004343683,0.000651782,-0.001614233,-0.001252005,0.000186178,0.001434292,0.000802143,-0.000916354,0.003242348,-0.001510821,-0.00132145,0.000367614,-0.000164632,-0.001221298,-8.55E-05,-0.000820383,-0.000630317,-0.000403249,7.98E-05,-7.61E-05,0.000566309,0.000551911,-0.000785652,-0.000611688,0.000303479,0.0003155,0.001009797,0.000504084,-0.000525841,-0.000311944,-0.000444825,2.6462,0.9752,2.6618,1.212,2.5119,1.294,2.2756,1.2648,2.1634,1.2778,2.0534,1.2907,1.9293,1.3004,1.843,1.3101,1.7578,1.3242,1.6726,1.3238,1.5939,1.2756,1.5329,1.2152,1.4811,1.1553,2.1397,1.1109,2.0728,1.1649,2.0225,1.1634,1.975,1.2073,1.9175,1.1987,1.8873,1.2425,1.8215,1.2217,1.806,1.2677,1.753,1.233,1.7276,1.2697,1.6818,1.2087,2.3508,0.9944,2.3472,0.9383,2.137,1.0496,2.0178,1.0901,1.9164,1.1131,1.8161,1.1305,1.7508,1.1375,1.6802,1.1446,0.468227776,0.205314442,0.144757625,0.114464492,0.071529085,0.056273973,0.062308025,0.112950609,0.110753826,0.124478512,0.086843422,0.086358844,1.178937666,0.255077439,2.59E-05,0.110774952,0.098716767,0.069425788,0.195647438,0.195682396,0.204157415,0.224300602,0.237551363,0.255970701,1.111644156
LBX013V16,LBX,1.792803369,0.005480634,0.02550158,0.004827726,0.00128645,-0.007897677,0.008664222,0.009670875,0.005839702,-0.003911871,-0.006797701,-0.001273746,0.008798577,0.000324817,0.007385034,-0.005394317,-0.002954112,0.005360962,0.002632697,-0.004830339,-0.006595293,0.000531073,-0.005553039,-0.001341044,-0.001548115,-0.003237659,0.000687827,-0.000106111,0.0045214,0.001595197,-0.000686704,0.001085674,-0.001448578,0.000449999,0.002519522,-0.000430027,0.00213427,-0.002540514,0.000684775,-0.002646519,0.000940958,0.002415447,-5.91E-05,-0.002230399,0.000970824,-0.000415293,-0.001679638,-0.000460556,-0.000540821,0.000544932,0.000836545,0.000321806,-3.33E-05,0.000723734,0.0002428,0.000396897,-0.000144439,-0.000390093,0.001040013,-0.000772657,0.00048713,2.6063,0.986,2.6726,1.226,2.5259,1.3188,2.2562,1.2783,2.1526,1.2972,2.0214,1.313,1.9081,1.3177,1.8236,1.3231,1.7384,1.3317,1.664,1.3335,1.5787,1.2904,1.5072,1.2206,1.4428,1.144,2.125,1.1232,2.0581,1.1753,2.0005,1.1746,1.956,1.2199,1.8948,1.2084,1.8625,1.2537,1.8035,1.2267,1.7869,1.2771,1.7255,1.2384,1.7069,1.2826,1.658,1.2087,2.3008,1.0275,2.2994,0.9772,2.1224,1.0626,1.9973,1.1012,1.888,1.1253,1.7963,1.1365,1.7219,1.1451,1.6561,1.1483,0.474762309,0.203148837,0.154239619,0.113775085,0.078583459,0.058846325,0.058335752,0.105309876,0.132147947,0.113397443,0.084672369,0.085632938,1.174178968,0.291272536,3.92E-06,0.110972654,0.093115949,0.078872619,0.201019526,0.20500461,0.212914725,0.230275596,0.250068171,0.253828544,1.038396321
LBX013V18,LBX,1.879695818,0.007893899,-0.006282008,-0.008433354,0.010220045,0.0022274,0.004692583,0.007049786,0.005037067,-0.012990722,-0.005370899,0.010459292,-0.010277118,-0.001394921,0.000734301,-0.000512349,0.002364818,0.006987889,0.007168801,-0.003467539,-0.002994282,0.003202078,-0.007048495,0.00080774,-0.001442918,-0.001082482,0.001809803,-0.000470717,-0.002531812,-0.000165027,0.000588611,0.002651749,0.00202196,0.000937345,-0.002025277,-0.002394173,0.002537901,0.001863202,-0.002058608,-0.00096754,-3.74E-05,-0.002572555,0.000692906,-0.001035923,0.000101432,0.00021498,-0.001918762,-0.001370779,0.002177712,-0.000727278,-0.000294353,-0.000974753,0.000417774,-0.00018258,-0.001290808,-0.001071273,-0.000672474,0.001312374,0.000109695,-1.99E-05,-0.000245414,2.6472,1.0065,2.6866,1.2249,2.5378,1.3447,2.253,1.3026,2.1257,1.3123,1.9844,1.3177,1.8754,1.3306,1.7923,1.3328,1.7265,1.3382,1.6133,1.34,1.5378,1.2961,1.4723,1.2285,1.4155,1.1595,2.1203,1.1386,2.0545,1.1926,1.9941,1.1904,1.9401,1.2314,1.8916,1.2206,1.8522,1.2654,1.7934,1.2384,1.7767,1.294,1.7195,1.2465,1.7071,1.2956,1.63,1.2152,2.3378,1.0347,2.3385,0.9718,2.117,1.0822,1.9898,1.1181,1.8862,1.1386,1.7873,1.1501,1.7087,1.1553,1.6262,1.1553,0.496247569,0.210962769,0.139275016,0.097006082,0.069204624,0.041818656,0.046809401,0.127669025,0.141403147,0.109760694,0.083129116,0.066021209,1.241166343,0.267778061,9.80E-07,0.106856399,0.0998002,0.074342585,0.2085965,0.196201962,0.200852832,0.204254865,0.237028374,0.258982934,1.061457889
LBX013V19,LBX,1.719664394,-0.005622897,0.020942805,0.005680295,-0.009361047,0.013179379,-0.000627006,0.017643497,-0.013393461,0.013433794,-0.002061143,0.010406848,0.003136129,-0.003452675,0.008033057,-0.00466083,-0.001497829,0.001831095,-0.004501681,-0.000555215,0.001177229,-0.006108946,-0.000480395,0.000606774,-0.000400498,-0.009081783,0.000444452,0.000951167,0.001847042,0.002164974,0.002087678,0.004173917,0.003163323,-0.002077846,-0.000912297,-0.000169538,0.000957851,-0.000422306,0.000793473,0.000420711,0.000422918,0.000813247,-0.000122536,0.000277579,0.000396671,0.000308784,-0.000506704,-0.001701513,-0.00107686,-0.000324441,0.001037455,-0.00206212,-0.000606646,0.000230077,-0.000236731,0.00035816,-0.000887709,8.81E-05,2.04E-06,0.000126349,6.88E-05,2.5426,1.0183,2.5956,1.2005,2.4259,1.327,2.199,1.2875,2.0663,1.2936,1.952,1.3116,1.8549,1.3252,1.7657,1.3339,1.6963,1.3436,1.6273,1.3479,1.5435,1.3091,1.4738,1.2472,1.4029,1.1764,2.0538,1.1523,1.9775,1.2026,1.9236,1.2033,1.884,1.2393,1.8294,1.23,1.7999,1.2673,1.7424,1.2501,1.7215,1.286,1.674,1.2616,1.6521,1.2961,1.596,1.2335,2.2174,1.0635,2.2168,1.0081,2.0512,1.0872,1.9193,1.1235,1.824,1.1426,1.737,1.1541,1.6699,1.1626,1.5913,1.1688,0.464945459,0.19839879,0.127147316,0.099253665,0.079858688,0.065177067,0.064883665,0.132840129,0.115708643,0.098047794,0.089623267,0.070074603,1.150613619,0.282431602,7.20E-07,0.097910827,0.089291713,0.069360003,0.203911844,0.196268515,0.207787439,0.212002358,0.224817726,0.24892756,0.945220212
LBX014V01,LBX,1.754987949,0.046325527,-0.022913333,0.014117544,-0.036148347,-0.004934918,-0.022716134,-0.001343395,0.011776122,0.013345348,0.003604958,0.001506356,-0.002046798,-0.018088019,-0.010155406,-0.007719744,0.006942127,0.006321408,0.002137232,-0.008070911,0.002535447,-0.006590927,-0.001407461,-0.003417326,-0.000927589,-0.000588277,0.011379984,0.001355993,-0.002579045,-0.00427753,0.004882352,0.001085921,-0.000474272,-0.000714033,0.001773064,0.001065646,0.001996572,-0.0027458,-0.002657912,0.000320632,-0.002634107,-0.000313173,0.001467908,0.002260095,-4.25E-05,-0.002753362,0.001915271,0.000120682,-0.000261533,-0.000455946,0.000197723,9.48E-05,-0.001539731,0.000344143,0.001179507,-0.000182849,0.000720195,-0.000832043,-7.34E-05,-0.000318757,0.000391986,2.6257,1.0345,2.6359,1.24,2.472,1.3112,2.2343,1.2789,2.1163,1.2832,1.9969,1.299,1.9063,1.3076,1.8301,1.3163,1.7611,1.3263,1.6906,1.3321,1.6036,1.2994,1.5367,1.2411,1.4741,1.1699,2.1512,1.1113,2.0282,1.1778,1.9786,1.1757,1.9369,1.2246,1.8858,1.2044,1.8592,1.2504,1.7945,1.2292,1.7977,1.281,1.7319,1.24,1.719,1.2832,1.6694,1.2098,2.3569,1.007,2.3547,0.943,2.1472,1.0401,1.9732,1.0976,1.8804,1.1199,1.7869,1.1343,1.7303,1.1421,1.6696,1.1499,0.491765686,0.187070495,0.137370921,0.095579077,0.074096221,0.047915029,0.060249647,0.118078321,0.120440857,0.091007252,0.076695045,0.069720872,1.159532544,0.270520036,9.68E-06,0.097136656,0.094608298,0.063524798,0.198718922,0.200762746,0.210450113,0.213656406,0.234360769,0.254188611,1.106554784
LBX014V02,LBX,1.933360879,0.015991875,-0.003959179,0.000366571,-0.015856118,-0.000862412,0.005518049,-0.003669895,-0.01489543,-0.002641538,0.00356072,0.005480402,-0.005440964,-0.003884122,0.004857402,0.010233351,-0.003121503,0.007412251,0.002213277,-0.002604975,0.001523009,-0.002943661,0.00111866,-0.006705972,0.001451239,-0.003204919,0.000561047,-0.0025149,-0.000191697,0.001998838,0.002800615,-0.000880494,-0.000744407,0.001996978,-0.001744026,0.000937738,0.000850061,-0.000374055,-0.001286151,0.000433697,-0.00253534,0.002138472,-0.000559436,0.000719016,0.001611161,-0.00043377,0.000255298,0.001943243,0.000100054,0.000843185,-0.000321317,-0.000186089,-0.00032179,-0.001097618,0.00011716,0.000152185,-0.00061321,6.57E-05,0.000147635,3.10E-05,-0.000183556,2.6775,0.9687,2.7107,1.1818,2.5626,1.3012,2.3195,1.2731,2.1541,1.2846,2.0333,1.299,1.8923,1.3163,1.8089,1.3306,1.7283,1.3421,1.6622,1.3436,1.5658,1.3091,1.4924,1.2411,1.4234,1.1645,2.1429,1.1127,2.0635,1.1803,2.0013,1.1767,1.9642,1.2264,1.8934,1.2091,1.8657,1.2638,1.7902,1.2335,1.788,1.2929,1.7136,1.2497,1.6974,1.2918,1.6348,1.2228,2.3713,1.0009,2.3691,0.9362,2.1422,1.0523,1.9991,1.0983,1.8894,1.1235,1.7853,1.1392,1.7104,1.1462,1.63,1.1532,0.519891931,0.238570157,0.138155166,0.100227591,0.058854142,0.043105684,0.059033042,0.165799306,0.121655251,0.142057348,0.084617079,0.081416276,1.269292894,0.2985,9.68E-06,0.112659531,0.106045273,0.078294317,0.212946237,0.209058867,0.206914016,0.22695255,0.242348282,0.283174734,1.128554567
LBX016V01,LBX,1.846365325,0.017479717,0.010815702,0.003170485,-0.017818327,0.006561461,0.004400576,0.003286458,0.003593464,-0.003598604,0.010121413,-0.001555954,-0.006717726,-0.001104989,0.003630409,0.005485612,-0.001212738,-0.005018594,0.001670653,-0.001157291,0.007146697,-0.002429222,-0.007088376,0.00069584,-0.003587159,-0.0042685,-2.11E-05,0.000881673,-0.000916955,5.14E-06,-0.004551544,0.003830263,0.00293452,9.97E-05,0.00337387,-0.000927398,0.0024096,-0.001351075,-0.000157087,-0.00168946,-0.000559171,0.002553695,0.0010944,0.000424408,0.000252114,-0.000932752,-0.000710454,-0.000318423,-0.000172839,0.00058798,-7.97E-05,0.000618881,0.001191037,0.000739307,-0.001007185,-7.96E-05,-0.000266966,-0.000433125,9.34E-05,-0.000376291,0.000393609,2.6559,1.0183,2.7093,1.2105,2.5568,1.3285,2.3123,1.2868,2.1641,1.2997,2.0372,1.322,1.9196,1.336,1.8333,1.3403,1.7632,1.3544,1.6931,1.3565,1.6014,1.3263,1.5248,1.2594,1.445,1.1721,2.1494,1.1311,2.0793,1.1893,2.0135,1.185,1.9703,1.2379,1.9142,1.2184,1.883,1.2713,1.8283,1.2393,1.811,1.3004,1.7463,1.2487,1.7175,1.2882,1.6766,1.2264,2.3554,1.0228,2.3583,0.9631,2.1487,1.0667,2.0108,1.1095,1.9115,1.1316,1.829,1.1435,1.7422,1.1548,1.6737,1.1624,0.482308957,0.22534174,0.139209195,0.107463575,0.074334716,0.045708861,0.080442091,0.148760378,0.12884448,0.118430402,0.08640706,0.071503986,1.220628219,0.309122904,1.68E-05,0.104766645,0.088405995,0.082537022,0.211835431,0.206662672,0.212754812,0.228150499,0.24428862,0.274242539,1.09270545
LBX016V02,LBX,1.740819192,0.006908174,-0.005416374,0.002991169,-0.01019358,0.005936487,0.018004959,-0.002122283,-0.002452583,-0.008920366,0.002284768,0.003561091,0.003745254,-0.004666769,-0.007101553,0.000179733,-0.001377831,-0.000583309,-0.004566427,-0.000598952,-5.21E-05,0.002211522,0.004261154,0.002998491,-0.001904671,-0.007046068,-0.002426122,0.002332609,0.001798668,0.000772002,0.002389536,-0.001983751,0.000243751,-0.000139232,0.001239618,0.000923425,-0.00063634,-0.000709346,0.000665704,0.000155838,-0.000673041,-0.002209933,0.000488049,-0.001927836,0.000424965,-0.000245107,-0.000952584,-0.001309493,-3.07E-05,-0.00142434,0.000139744,-0.000309561,-0.000759264,-0.000189373,-0.001025927,-0.000693127,-0.000197332,-0.000879673,-0.000884999,0.000326555,-0.000158999,2.6127,0.9914,2.6478,1.1677,2.5227,1.2929,2.2756,1.2652,2.1433,1.2724,2.0246,1.2853,1.9175,1.3019,1.8355,1.3123,1.76,1.322,1.6888,1.3242,1.6075,1.2749,1.541,1.2109,1.4867,1.1437,2.1381,1.1187,2.0717,1.1699,2.0113,1.1667,1.9693,1.2136,1.9088,1.1996,1.8813,1.2411,1.8182,1.2184,1.7902,1.254,1.7542,1.2274,1.7262,1.2519,1.6873,1.2059,2.331,1.0059,2.3324,0.9473,2.135,1.0559,2.0085,1.1001,1.9067,1.1219,1.8177,1.1348,1.7524,1.1401,1.6848,1.1444,0.45915627,0.200919138,0.125031236,0.090548219,0.070760724,0.073830752,0.077823197,0.132495774,0.119398911,0.108378826,0.082656881,0.076120562,1.13625318,0.270969851,3.92E-06,0.107650639,0.092529995,0.064629715,0.192864719,0.191202641,0.194634144,0.201494342,0.218765468,0.252140536,1.095444937
LBX016V03,LBX,1.844940087,0.023421987,-0.005912358,0.002791263,-0.019051403,0.020207387,0.007760464,-0.000784517,-0.007639073,-0.016565279,0.00702333,-0.002811369,-0.000618888,-0.004046864,0.00575295,0.001409396,-0.001719319,-0.002317424,0.00316568,0.004615235,-0.002596616,0.002076622,-0.000230812,-0.001476445,-0.00088006,-0.004175021,-0.001566098,-0.001018288,-0.000286831,-0.000696511,-0.003377576,0.003001068,-0.003902269,-0.001167704,0.001834684,0.003051327,0.001866907,0.000908715,0.001348425,-0.000419227,0.000348966,-0.000497271,9.19E-05,0.001646969,0.000778814,0.001477218,-0.001429568,0.00078368,0.000605339,0.000101668,-0.002237224,0.001426132,-0.000586867,0.000971399,0.000446157,-0.000157875,0.000519299,0.000501172,0.00055261,-0.000226442,-0.000157501,2.6548,1.0485,2.6791,1.2087,2.5205,1.3317,2.281,1.294,2.144,1.2994,2.0221,1.3101,1.9024,1.3247,1.815,1.3242,1.7341,1.3393,1.6715,1.3403,1.5771,1.2956,1.5076,1.226,1.4347,1.1451,2.1311,1.1338,2.0696,1.1866,2.0124,1.1737,1.959,1.2174,1.9029,1.2033,1.8668,1.254,1.8053,1.2174,1.7826,1.2745,1.7238,1.2298,1.6996,1.2665,1.6548,1.2136,2.3662,1.0232,2.3673,0.9693,2.1294,1.0755,2.0097,1.1095,1.9002,1.1314,1.8015,1.1405,1.7211,1.144,1.6543,1.1451,0.48293864,0.219394736,0.135126607,0.112137862,0.079157122,0.059328324,0.080561095,0.137106382,0.122368705,0.120587105,0.08740143,0.082297145,1.223918122,0.30688317,2.42E-06,0.113430199,0.098613234,0.082437916,0.209956376,0.203197564,0.210024879,0.216317591,0.232590842,0.265941366,1.097178709
LBX016V04,LBX,1.836409958,0.035596392,-0.006000325,0.01821974,0.001522323,0.003771484,-0.009750954,-0.002743999,0.005504658,-0.007128461,-0.000498932,-0.005746429,0.005497071,-0.006297577,0.006404946,0.003711309,-0.009230474,0.001747043,-0.002794118,-0.003542851,0.00106058,-0.002793541,-0.009166042,-0.003955389,-0.002458938,-0.001362865,0.000109822,-0.000439657,-0.002919253,0.003089785,-0.000386835,0.002119256,0.000517367,-0.001166819,-0.001861434,-0.00305594,-0.002131487,0.002203397,-0.001154623,0.000799681,0.001129749,0.000348045,-0.000393511,-0.000907344,-0.000716404,-0.00105568,-0.000253653,9.74E-05,0.000835345,-0.000714135,-0.000536503,-0.000109264,0.000718133,-0.000166636,0.00081072,-0.000666966,0.000207218,1.18E-05,-0.00013458,-0.000656241,0.000166241,2.6472,0.9644,2.6661,1.2033,2.5043,1.3069,2.2476,1.2702,2.1526,1.2799,2.0218,1.2929,1.9024,1.3101,1.8182,1.3209,1.7465,1.3344,1.6758,1.343,1.5852,1.3112,1.5054,1.2357,1.4331,1.1494,2.1426,1.1081,2.0678,1.1627,1.9995,1.1627,1.9599,1.2059,1.9002,1.1951,1.8797,1.2524,1.808,1.219,1.7977,1.2805,1.7276,1.2292,1.7044,1.2621,1.6467,1.2109,2.3511,0.9937,2.3504,0.9355,2.1404,1.0415,1.9977,1.0886,1.9002,1.1145,1.8053,1.1282,1.7237,1.1372,1.6428,1.1411,0.506443136,0.193135729,0.144661259,0.106773639,0.062004677,0.045303532,0.08366421,0.095493927,0.131444437,0.1206325,0.084889811,0.072959852,1.228113924,0.310458129,9.80E-07,0.104452142,0.09524731,0.081044432,0.219359477,0.206581558,0.206194132,0.215900718,0.246149751,0.25257777,1.107623677
LBX016V06,LBX,1.725185298,0.002757715,0.014391632,0.002775575,-0.016771232,0.000518698,0.002849871,6.91E-05,0.00037612,-0.004956821,0.000430311,-0.005450105,0.001853065,-0.007701842,-0.001025154,-0.003323329,0.001470191,0.001081335,-0.00382307,-0.001269453,-0.002069526,-9.46E-06,-0.001748152,0.001832255,-0.004174446,-0.000107887,0.001055316,-0.002230879,0.002846093,-0.003468678,0.000600191,0.003344784,0.002902763,0.00152621,-0.001040005,0.000268279,0.001838566,-0.000294098,0.001302341,0.001081548,4.83E-05,-0.001469143,-0.001130894,-0.000794638,-0.000524644,0.000431817,0.000330424,0.001318842,-0.001065455,6.28E-05,0.001001203,-0.001601612,-0.00129231,0.001105383,-0.001276824,-0.000695781,0.000207163,0.000113297,7.96E-05,0.000509043,-0.000536313,2.6106,1.0119,2.6661,1.2012,2.5388,1.3047,2.2792,1.2738,2.1598,1.2853,2.0433,1.3069,1.9383,1.3198,1.8607,1.3328,1.7902,1.3371,1.714,1.34,1.6284,1.3004,1.5579,1.2364,1.4917,1.1681,2.1419,1.1311,2.0761,1.1893,2.0167,1.1872,1.9736,1.2303,1.9196,1.2184,1.8937,1.2681,1.829,1.2368,1.8193,1.2853,1.7611,1.2465,1.7366,1.2745,1.6942,1.217,2.3267,1.0225,2.3252,0.9729,2.1372,1.0732,2.0106,1.1149,1.9128,1.1357,1.8231,1.1505,1.7535,1.1559,1.692,1.1602,0.455866318,0.198026715,0.127364398,0.103564714,0.068279206,0.063009602,0.082411892,0.119952532,0.118485484,0.105789461,0.078681383,0.070631013,1.12975026,0.281010498,4.50E-06,0.10198946,0.092449554,0.068589358,0.202328569,0.206846441,0.204776781,0.215266556,0.226487969,0.245772985,1.073085034
LBX016V08,LBX,1.705596156,0.022576858,0.005880653,0.007923076,-0.013000902,-0.008398707,0.006355979,0.009660969,-0.007602038,-0.006452599,0.004303364,0.008315584,0.008661913,-0.003245656,-0.003399131,0.005164542,-0.001758794,-0.000891264,-0.00281693,-0.001309713,0.003109247,0.002581545,-0.004023714,-0.006741513,-0.001879526,-0.002736548,0.00125139,0.001234437,-0.001154225,0.001118017,-0.001123577,-0.003710289,0.000120541,-0.000564907,-0.001802424,0.000422026,-0.001187643,0.000292778,-0.003780911,-6.60E-05,0.000179621,0.002313317,0.000854429,-0.001167394,-0.001597623,-0.001165756,-0.001637072,-0.000911485,0.000277735,-0.000877497,8.92E-05,-0.000541974,0.000640769,-0.001042608,-5.70E-05,0.000686679,0.000433833,6.72E-05,0.000397297,0.000527767,-0.00018846,2.616,0.9871,2.6424,1.2055,2.5,1.2907,2.2886,1.2573,2.1548,1.2584,2.0307,1.2713,1.9229,1.2875,1.8409,1.294,1.7665,1.3037,1.7003,1.3076,1.6248,1.276,1.5601,1.2077,1.5061,1.1386,2.1408,1.1063,2.0707,1.1526,2.0156,1.1526,1.9746,1.1936,1.9132,1.1893,1.8916,1.226,1.8279,1.2087,1.8132,1.2508,1.7593,1.2149,1.7348,1.24,1.6953,1.1947,2.327,1.0088,2.3242,0.9462,2.1397,1.0455,2.0146,1.0886,1.9092,1.1102,1.8254,1.1239,1.7549,1.1311,1.6917,1.1357,0.454185876,0.211295622,0.135153431,0.095835797,0.069006811,0.051317931,0.07115181,0.133804522,0.124768666,0.109010458,0.082257219,0.075029661,1.120192064,0.257438614,1.57E-05,0.108777985,0.087478283,0.068879605,0.183899538,0.184207519,0.19045002,0.201780723,0.220200091,0.258902395,1.089404654
LBX016V09,LBX,1.837000048,0.002603184,0.013834677,-0.006169361,-0.005401856,0.003632527,0.005828541,-0.008015857,0.00135189,-0.005281823,0.002150289,-0.008319454,-0.005726124,0.007232727,0.000150722,0.009541284,0.004496025,0.001287549,0.001459831,0.006508281,0.001967926,0.003823721,0.002141882,-0.001670679,0.002895076,-0.003717282,-0.000173976,0.000380804,0.000479833,0.000357829,0.003073242,0.000555689,-0.000245097,0.001378213,-0.000189482,0.002730877,7.62E-05,0.000417439,-0.002029692,0.002416198,0.000872391,-0.000103262,-0.001187772,-0.001247174,-0.001421827,-0.001645468,0.000972075,-0.000296554,0.001803835,-0.000260655,-0.00045934,-0.0005253,-0.001204627,0.001088639,-0.001350691,0.000597493,0.000102141,-0.000376575,0.000272298,-2.67E-05,-0.000282764,2.6451,1.0022,2.7021,1.1976,2.5784,1.2983,2.3155,1.2907,2.1516,1.2994,2.0405,1.3127,1.9239,1.3328,1.843,1.3447,1.7675,1.3468,1.6963,1.349,1.6,1.3181,1.518,1.2418,1.4497,1.1598,2.1559,1.1354,2.0868,1.2001,2.0264,1.1872,1.9876,1.2411,1.925,1.2174,1.8991,1.2735,1.8258,1.2368,1.8172,1.3022,1.7524,1.2476,1.7287,1.2871,1.6715,1.221,2.3465,1.0167,2.3465,0.9671,2.1537,1.0707,2.0236,1.116,1.9196,1.1383,1.8211,1.1519,1.747,1.1577,1.6715,1.1627,0.491905194,0.222688684,0.118572889,0.089022301,0.064276979,0.049718105,0.071200632,0.164130741,0.111893253,0.118319779,0.081770533,0.0755292,1.205744135,0.310818597,0,0.105801701,0.101079177,0.074190296,0.207626612,0.210202284,0.208068859,0.212207846,0.223650531,0.273091999,1.099280074
LBX016V10,LBX,1.849147199,0.025124916,-0.029768849,-0.001220844,0.002014252,0.012793383,-0.003199088,0.004033142,-0.016403567,0.001638769,0.012259796,0.010601283,0.000627936,-0.009993653,0.002880111,-0.00215235,-0.001371105,0.00813119,0.008023176,0.002924559,-0.005069993,-0.006056767,-0.00415403,-0.002636598,0.002425261,-0.00153393,-0.002335582,-0.006226689,0.000563272,-0.001222165,-0.002042351,0.001233005,0.000874104,0.00406306,0.002158001,0.002172024,-0.000212057,-0.001822654,0.001032215,0.000998371,0.000211776,0.000683998,0.001272846,-0.000692534,0.001029239,0.000433321,-2.73E-05,-0.000958997,0.00212091,0.000102268,0.000255874,0.000699402,-0.001440172,0.000133127,-0.000164327,-0.001757276,-0.001208405,0.000242091,0.000236834,-0.001241782,-0.000279735,2.6602,1,2.6737,1.1695,2.4896,1.3105,2.2562,1.2609,2.1268,1.2767,1.9959,1.2868,1.8866,1.3055,1.8017,1.3141,1.7226,1.3242,1.6402,1.3236,1.5701,1.2778,1.5097,1.226,1.4482,1.158,2.1336,1.1102,2.0606,1.1703,1.9991,1.162,1.9574,1.217,1.8948,1.1997,1.8603,1.2479,1.7963,1.2206,1.779,1.2745,1.7168,1.2368,1.7028,1.2821,1.6208,1.2044,2.3544,1.0038,2.3558,0.9419,2.1314,1.0494,1.9943,1.089,1.8869,1.1214,1.7923,1.1345,1.7111,1.1426,1.6181,1.1483,0.52138036,0.194271074,0.125313208,0.079713801,0.063320218,0.045644824,0.04652365,0.130361037,0.13128907,0.110888142,0.08533446,0.07974221,1.222255292,0.253549522,3.92E-06,0.110904373,0.100692899,0.081133778,0.204599756,0.193960331,0.195277981,0.198086244,0.229755392,0.245575426,1.108385335
LBX016V11,LBX,1.72994374,0.016137349,0.023409401,0.00282229,-0.005434646,-0.010955315,0.009328183,0.007705966,0.006520554,0.005464507,0.000836532,0.006794356,0.012575894,-0.003355233,0.000195588,-0.001586007,0.001044181,0.003891944,0.003651579,0.00349847,-0.003538485,-0.000940656,-0.003796082,-0.00516598,0.003724926,-0.002156563,0.001978749,0.001717513,-0.001201576,-0.002365742,-0.000317297,-9.74E-05,-0.002558311,0.001076586,0.003034297,-6.65E-05,0.004690787,-0.001749939,0.000448343,0.002239108,-0.002207384,-0.001202475,0.000973816,0.000188169,-0.000784103,-8.81E-06,0.000120303,-0.000954567,-0.00111141,-0.000710464,-0.001251869,0.000840918,0.000913954,-0.000807447,-0.000683464,0.000484729,-0.000911887,0.001564916,-0.000462195,0.000494405,-0.000399528,2.6246,1.0065,2.6834,1.2307,2.5439,1.3227,2.3058,1.2864,2.1807,1.2907,2.0534,1.3058,1.9542,1.3202,1.8736,1.3231,1.7869,1.3339,1.7201,1.335,1.6338,1.3026,1.5723,1.24,1.5119,1.1699,2.1742,1.13,2.0955,1.1828,2.0437,1.1785,1.9951,1.2271,1.9401,1.2087,1.9045,1.2584,1.8456,1.2371,1.8312,1.286,1.7765,1.2443,1.7564,1.2918,1.7129,1.2181,2.3303,1.0286,2.3299,0.9815,2.1764,1.0653,2.0372,1.1117,1.9337,1.1343,1.8409,1.1494,1.7675,1.1559,1.706,1.1602,0.469637413,0.204400391,0.137482544,0.097941717,0.079305296,0.056339773,0.051987114,0.125173879,0.128192433,0.100239713,0.080652154,0.087370075,1.124633651,0.265716484,3.20E-07,0.107912001,0.098675276,0.069474096,0.1916155,0.198022852,0.204962265,0.209141914,0.229419376,0.256182689,1.063423378
LL279xLL297-1,Lecontei,1.890511315,0.051260803,-0.043564694,-0.023955765,0.006586165,0.005980372,0.008848195,0.008428667,-0.005784963,0.006643397,0.002744296,0.001009125,0.009544766,0.006929162,-0.001688868,-0.002938757,0.002489104,-0.003646466,0.002166111,-0.00080802,0.001081326,0.002473364,-0.000204062,0.007758,-0.003170142,0.002673669,-0.000914855,0.002067159,-0.006120473,-0.003518666,-0.001702223,-0.000407317,0.001243548,-0.001188219,0.001072045,-0.002164371,0.000802003,-0.00088101,0.001496378,0.000721639,-0.000507055,-0.001766985,-0.000844727,0.002910823,0.001330367,-0.000100326,0.001557021,-0.00038857,0.000710757,0.001169336,0.001785455,-0.000526001,-0.000810511,-0.000474428,-0.000797972,0.001296868,-0.001024703,-0.000303923,-9.73E-05,-0.000481699,-0.0003473,1.6349,0.5952,1.6372,0.7763,1.4456,0.8557,1.2234,0.8171,1.0933,0.8306,0.9417,0.8425,0.8306,0.8567,0.7544,0.8657,0.684,0.8795,0.5631,0.8821,0.4964,0.8234,0.4425,0.7663,0.3909,0.7004,1.129,0.6774,1.048,0.7298,0.9853,0.7234,0.9171,0.7739,0.8642,0.757,0.8187,0.8015,0.7647,0.7729,0.7319,0.8067,0.6853,0.7877,0.6589,0.8247,0.603,0.752,1.3433,0.5837,1.344,0.4885,1.1266,0.598,0.9817,0.6437,0.8583,0.6663,0.7599,0.6754,0.6813,0.6817,0.6008,0.6885,0.531263739,0.168604419,0.110511221,0.072877431,0.056468133,0.063144675,0.060274787,0.130798547,0.152066334,0.112003795,0.076729655,0.071739808,1.248440243,0.250335235,9.80E-07,0.125674858,0.100762394,0.080767568,0.208334443,0.197988914,0.194597482,0.194941017,0.217683647,0.239530896,0.610960498
LL280xLL283-1,Lecontei,1.924830724,0.048771147,-0.014767056,-0.035990298,0.024411367,-0.004219754,-0.017203098,0.005720015,-0.004229251,-0.003066325,-0.007374935,-0.007800718,0.004682723,-0.007245052,-0.00228236,0.002114838,-0.001236297,0.004942209,-0.005257392,0.000395723,0.002254594,-0.001015405,0.005538933,0.00235874,0.001782433,0.003625283,0.000442012,-0.002057068,0.000383109,0.003665305,0.000272161,0.002489544,0.002887055,-0.001910155,0.001075992,0.00255644,0.001950439,-0.000424438,-0.000469588,-0.000509943,-0.001935568,0.000511923,-0.000245604,0.004305122,-0.000157991,-0.000695437,-0.001700438,-0.000717721,-0.001032153,-0.000664493,0.002057827,-0.000861106,0.001781109,-0.001599449,0.00129506,0.002229956,0.000169437,-0.002268793,-0.001035009,0.000727261,-0.000553253,1.6206,0.7349,1.6065,0.971,1.4552,1.0165,1.1956,0.9734,1.0702,0.9758,0.9448,0.9917,0.8258,1.0044,0.7467,1.0094,0.6737,1.0263,0.5321,1.0226,0.4557,0.9649,0.3882,0.9004,0.3385,0.838,1.1036,0.8187,1.0099,0.8853,0.9496,0.8766,0.9067,0.9306,0.8385,0.9067,0.8083,0.9536,0.7504,0.921,0.7242,0.9671,0.6591,0.9353,0.6377,0.9742,0.5464,0.9057,1.3128,0.7274,1.3091,0.648,1.0967,0.748,0.9507,0.7925,0.8396,0.8083,0.7417,0.821,0.6501,0.8284,0.5327,0.8369,0.563951097,0.179989139,0.108748977,0.072005694,0.053729787,0.047911794,0.063327798,0.125422964,0.126403995,0.11967577,0.07925787,0.074930701,1.28623871,0.267503495,2.74E-05,0.115105256,0.089253011,0.092413094,0.236121494,0.205164714,0.201763153,0.211429894,0.218813025,0.246142987,0.470539063
LL280xLL284-1,Lecontei,1.901187972,0.033670163,-0.001915043,-0.001767609,0.011026281,-0.010906956,0.003253236,0.006708795,0.001268458,-0.00862865,-0.009498909,0.00412713,-0.004328169,-0.00267774,-0.008197697,-0.002897682,0.002032459,0.004156391,0.003865819,0.000787365,0.003844386,0.00701093,0.003964254,0.002894451,-0.002149617,0.005031697,-0.001684153,-0.00177912,-0.001248821,0.003902742,-0.002286407,-0.001752758,0.001284516,-0.000830309,-0.000435121,0.002039281,-0.001657304,0.001494066,0.001737928,-0.002037514,-9.22E-05,0.002227332,-0.000563327,-0.000851943,0.00150655,-0.000140131,-0.000202135,-0.001158378,-0.001832004,-0.000351982,-0.000623962,0.002264024,-1.08E-05,-0.001082629,0.00068944,0.000604401,0.000775655,0.000427104,0.001317727,0.000363588,0.000396561,1.594,0.6409,1.603,0.9015,1.4454,0.9808,1.2044,0.9377,1.0591,0.9425,0.9213,0.9507,0.8112,0.9522,0.7335,0.956,0.6599,0.9766,0.5306,0.9726,0.4631,0.912,0.3975,0.8464,0.3401,0.7681,1.0679,0.7599,0.9925,0.825,0.9327,0.8126,0.8835,0.8644,0.8147,0.8411,0.7888,0.8935,0.7226,0.8565,0.7036,0.9073,0.6413,0.8702,0.629,0.9123,0.5623,0.8401,1.2853,0.6533,1.2798,0.5917,1.0663,0.6956,0.9292,0.7393,0.8065,0.7583,0.7187,0.7689,0.6372,0.7753,0.5583,0.775,0.511921283,0.224154166,0.135062245,0.094215338,0.062828735,0.057146303,0.07133933,0.145379263,0.138043761,0.110110218,0.077792866,0.076428529,1.260335293,0.279482558,6.05E-05,0.121392957,0.093378638,0.082446225,0.225754557,0.204758834,0.205317169,0.224046424,0.241172656,0.278718532,0.490713572
LL280xLL285-1,Lecontei,1.789326442,0.046573628,-0.017704767,0.00367381,0.007312856,0.037469212,0.00952825,0.001436661,0.00169054,0.010958481,0.003437884,-0.001818414,-0.012005894,0.00436684,0.003546615,-0.00265542,0.000245219,-0.000815812,0.001571989,-0.002266804,-0.003942702,-0.006211051,-0.00342004,-0.001757185,0.006205455,-0.000338889,0.000172802,-0.001091081,-0.001334965,-0.004163745,0.004200919,-0.001010287,-0.001069503,0.002346699,-0.001471134,-3.74E-05,0.001742252,-0.001708928,0.000126631,0.001832778,-0.001316296,-0.001284225,-0.001761267,-0.000230642,0.000295859,0.002218612,-0.00070096,-0.001018926,-0.000663979,0.000264062,-0.00053798,0.000490356,0.000711276,-0.000151367,0.000808656,0.000343103,0.001146713,-0.000147271,0.000351806,0.000281246,0.000323294,1.6151,0.6683,1.6218,0.8036,1.4282,0.9607,1.2274,0.9234,1.1052,0.9274,0.9758,0.9353,0.8698,0.9456,0.7919,0.9499,0.7218,0.9626,0.6496,0.9668,0.548,0.9311,0.4726,0.8623,0.4083,0.7853,1.1234,0.7528,1.0456,0.8139,0.9877,0.8115,0.9425,0.8528,0.8861,0.8377,0.8464,0.8853,0.7885,0.8575,0.7694,0.9083,0.7155,0.8687,0.6996,0.9179,0.6358,0.8258,1.3234,0.6639,1.3213,0.5888,1.12,0.6869,0.9843,0.73,0.8821,0.7485,0.779,0.7628,0.7107,0.7697,0.6343,0.7734,0.493034238,0.199800801,0.128196763,0.088967073,0.064681141,0.047294926,0.049909218,0.122265449,0.129640927,0.106499249,0.078018588,0.07124114,1.212458346,0.301940292,8.82E-06,0.104923782,0.099588152,0.073854181,0.208453568,0.197649892,0.20410899,0.208983085,0.231481252,0.259744124,0.518017345
LL280xLL288-1,Lecontei,1.829777979,0.013003644,0.017575156,-0.005991742,0.015573896,0.02607608,0.007478298,0.023630397,-0.003800566,0.011708142,-0.008915358,0.013007921,-0.015318546,-0.008938033,-0.004335788,0.001877816,0.004064104,0.000961799,0.001781302,-0.001721744,0.001359186,0.008104924,-0.000284664,0.001900317,-0.003069548,0.007018464,0.001002861,-0.00080125,0.001890549,-0.002906053,-0.004096772,0.000754731,0.000299618,-0.000297412,-0.002351287,-0.002022155,-0.000196794,0.003897754,4.52E-05,-0.000397596,0.002146017,0.000589204,0.001965815,-0.001074686,-0.00083293,-0.000953746,-0.00034086,-0.001284043,-0.000187344,0.000925627,0.00217186,0.000484929,7.20E-05,-0.001217082,-0.000540094,-0.00083706,0.000182071,-0.00012067,0.000117159,-0.00043083,0.000319162,1.5673,0.6618,1.5927,0.8374,1.4128,0.9962,1.1901,0.9488,1.0393,0.9448,0.9115,0.9528,0.8083,0.9591,0.7433,0.9615,0.6702,0.9718,0.5393,0.9726,0.4694,0.9258,0.3911,0.8639,0.3298,0.802,1.0401,0.7734,0.9684,0.8337,0.9123,0.8221,0.8546,0.8687,0.8001,0.8538,0.7782,0.9009,0.7126,0.8681,0.7073,0.9179,0.6385,0.8787,0.6313,0.921,0.5552,0.848,1.2184,0.6999,1.2142,0.6152,1.0377,0.7091,0.9107,0.744,0.798,0.7655,0.7139,0.7766,0.6351,0.7866,0.5512,0.7909,0.490604902,0.230792461,0.131795372,0.101540238,0.065522897,0.056541666,0.063983201,0.150853041,0.128050146,0.103392118,0.065044293,0.073822083,1.245416513,0.270175147,3.53E-05,0.116592152,0.088660814,0.074854325,0.216531314,0.205662952,0.205469243,0.219005799,0.238450414,0.284045507,0.438958996
LL280xLL288-2,Lecontei,1.850254615,0.024369652,0.037434937,-0.006026736,0.010848177,0.004833392,0.005540449,-0.017964899,-0.007315634,0.010979333,-0.00020898,0.01121649,-0.007460257,-0.001643079,0.008375216,-0.001790418,-0.000808548,-0.001508875,-0.005030201,-0.003018178,-0.005838416,-0.001365797,-0.004776402,0.005026413,0.000789245,-0.002922237,-0.000910797,0.002881687,0.002926545,-0.003480937,-0.000511118,-0.003958424,-0.001984038,0.000564057,-0.00015044,0.002012845,0.002427469,-0.001679139,0.002316144,-0.001365953,0.000305555,-0.001188495,-0.001350356,-0.000360219,0.001898332,0.00020257,-0.001122338,-0.001613441,0.002380973,0.001292156,-0.000646533,0.000565547,-0.000747193,-0.000163372,0.001101556,0.000510916,0.000952788,0.000148188,-0.001101133,0.00039242,0.001055105,2.6104,0.9732,2.6938,1.1904,2.5385,1.3213,2.322,1.2799,2.1796,1.2929,2.0286,1.2994,1.9229,1.3145,1.8495,1.3209,1.7643,1.3317,1.692,1.336,1.5809,1.3004,1.4946,1.2292,1.4202,1.1537,2.1559,1.1185,2.0775,1.1832,2.0236,1.1753,1.9646,1.2271,1.9056,1.2105,1.8783,1.2587,1.8215,1.2264,1.8013,1.2789,1.7424,1.2415,1.7265,1.2907,1.6316,1.2023,2.3328,1.0189,2.3328,0.9484,2.1543,1.0453,2.0173,1.0922,1.9013,1.1165,1.8125,1.13,1.7406,1.1408,1.6298,1.1444,0.530954734,0.231601317,0.149861603,0.096557185,0.071433886,0.063931526,0.055765939,0.142992168,0.151139836,0.106773124,0.073678491,0.085881779,1.203809075,0.327274396,0,0.123138296,0.085589836,0.08052838,0.230589549,0.210464296,0.21500793,0.222840077,0.258111952,0.288375536,1.078047615
LL280xLL297-1,Lecontei,1.842546944,0.042373327,0.012427115,-0.021748135,0.015008791,0.002117098,0.012476038,0.004232199,-0.005520729,0.002081909,-0.007311403,0.000703315,-0.003435283,-0.006287936,0.007363425,-0.00571998,0.003856057,-0.000826517,-0.002441347,0.000126026,0.000742865,0.007542987,0.004043114,0.006714263,-0.002616763,0.005741773,0.002090536,-0.007026844,-0.000202264,0.000897294,-0.000922738,-0.001627883,-0.001449816,0.002019473,-0.002245328,0.001691433,-0.000769579,-8.57E-05,0.000872464,0.001049623,-0.000447765,-0.001182847,0.000382594,-0.001024506,0.000351383,-0.000968231,0.001436653,-0.000871696,4.84E-05,-0.002005096,0.000292177,-0.00123872,0.001184409,0.000971848,-0.000165775,-0.00043095,0.001103837,-0.000366531,0.001074519,-0.000301289,0.001167135,1.5488,0.6226,1.5996,0.8337,1.425,0.929,1.2171,0.8853,1.0784,0.8885,0.9451,0.897,0.8226,0.906,0.7607,0.9171,0.6861,0.9282,0.5512,0.9298,0.4766,0.871,0.406,0.8139,0.3425,0.7427,1.0742,0.7218,1.0028,0.7869,0.944,0.7774,0.8933,0.8218,0.8298,0.8044,0.8044,0.8504,0.7345,0.8266,0.7187,0.8631,0.6567,0.8377,0.644,0.8774,0.5694,0.8028,1.2702,0.6337,1.2671,0.5575,1.071,0.652,0.9472,0.6935,0.8298,0.7168,0.7292,0.7295,0.6456,0.7401,0.5679,0.7409,0.511257313,0.217146632,0.12664091,0.091314183,0.058502991,0.068410526,0.065977648,0.138736909,0.13357073,0.122830167,0.06288736,0.075421283,1.212263874,0.280289315,1.92E-05,0.11734837,0.097851571,0.078587849,0.221478058,0.211132683,0.199689284,0.213930199,0.235028594,0.275270957,0.502318485
LL280xLL298-1,Lecontei,1.855863401,0.030237053,0.002879416,-0.035147784,0.011883258,-0.002153113,0.011995711,0.00402383,0.003974835,0.003753128,-0.003235838,0.000386885,0.003733062,-0.003633123,-0.007261014,-0.004183591,0.00897333,0.005444164,0.000525987,0.004474707,0.004229409,0.001595877,-0.003130825,0.004051278,0.003672991,0.00200455,-0.004163146,-0.002991186,0.001150892,0.00323744,-0.004266796,-0.001882894,0.001337942,0.002261967,0.000962624,-0.001302647,-0.000788363,0.002070926,0.002395196,-0.001145016,0.001233575,-0.000809931,-0.002322672,-0.000195807,-0.000675547,-0.000743719,0.000806,-0.000113596,-2.94E-05,0.000729998,-0.000318074,4.91E-07,0.000208258,0.000958917,9.96E-05,0.000485477,0.000148887,0.000695576,-0.000361545,-0.000859474,-0.000422662,1.5665,0.5999,1.6004,0.7967,1.4544,0.8813,1.2067,0.8266,1.0671,0.825,0.9258,0.8298,0.8179,0.8345,0.7448,0.8425,0.6639,0.852,0.5329,0.8427,0.4718,0.7901,0.4102,0.7253,0.3509,0.6565,1.0938,0.6607,1.0112,0.7263,0.9435,0.7157,0.8938,0.7623,0.8292,0.7411,0.8007,0.7866,0.744,0.752,0.7131,0.7933,0.6591,0.7631,0.6377,0.8075,0.5726,0.721,1.2742,0.5742,1.2742,0.5107,1.094,0.594,0.9369,0.6377,0.825,0.6583,0.7377,0.6647,0.6536,0.6671,0.5718,0.6655,0.524676596,0.200671921,0.113430596,0.074701071,0.050894499,0.058528027,0.051640004,0.139609169,0.141381505,0.108002315,0.073536454,0.081455878,1.216916973,0.260373655,0,0.117088215,0.085894412,0.085622544,0.208001587,0.197693197,0.187787327,0.198929359,0.228108154,0.258464795,0.540106258
LL280xLX022-1,Lecontei,1.916524829,0.046517569,-0.008456861,-0.023956232,0.01614814,0.004311347,0.004327525,0.001653091,-0.000537201,-0.001645697,-0.003035,0.00278798,-0.006172262,-0.012577796,-0.003852144,-0.006842939,0.004687672,0.00116431,0.000438192,0.000224543,0.00656776,0.001686913,0.004298492,0.003054292,0.001805151,-0.000641797,-0.003242821,-0.004062315,-0.000213536,-0.006460365,0.000630447,-0.001324243,0.001428038,0.002272027,-0.002028233,0.001482885,-0.000461064,-0.00055521,0.000512211,-0.000750478,0.002177263,0.001643189,0.000236551,-0.000344357,0.000854892,-6.65E-05,0.000102983,-0.001355351,-0.00016435,-0.000536503,-0.000690093,-3.65E-05,-3.62E-05,-0.001104971,-0.000246598,0.000225832,0.000301292,0.000642459,0.00013197,-0.000923957,-0.0009153,1.6097,0.7136,1.6329,0.9179,1.4663,1.0306,1.2361,0.971,1.0853,0.979,0.9591,0.994,0.848,1.0115,0.7687,1.0163,0.6909,1.029,0.5496,1.0274,0.4774,0.9774,0.4107,0.9171,0.3504,0.8456,1.1075,0.8091,1.0242,0.8758,0.9631,0.8702,0.9139,0.9194,0.848,0.9028,0.8218,0.9488,0.7512,0.921,0.7321,0.9623,0.6774,0.9361,0.6615,0.9798,0.5742,0.894,1.3231,0.7062,1.3189,0.6311,1.1052,0.7398,0.9565,0.7882,0.8422,0.8136,0.7472,0.8266,0.671,0.8345,0.5702,0.8417,0.540015648,0.206759691,0.119931022,0.087224996,0.067953881,0.065234653,0.05731492,0.151012052,0.127088316,0.112469818,0.079445138,0.078829753,1.26619923,0.269688487,3.53E-05,0.119627631,0.098496091,0.075328945,0.222822306,0.206389268,0.210591192,0.214964578,0.230204431,0.265684493,0.492663313
LL280xLX022-3,Lecontei,1.910051436,0.031084684,0.005674425,0.009910945,-0.005394357,0.006479595,-0.008535177,-0.009004519,-0.002649317,0.007344949,-0.00303015,0.01208026,-0.003498058,0.0041928,0.004676991,0.002795035,-0.002357601,0.002888091,-0.002871182,0.001601466,0.001889918,0.001875227,-0.004526474,0.002194991,0.001433564,0.005945946,-0.004729863,0.000218458,-0.001109549,-0.002233772,-0.001084486,-0.002674987,0.003202227,0.001057639,-0.001621377,0.001916437,0.002360717,0.000121782,0.002790571,0.001016563,-0.00052507,0.000176146,-7.96E-05,0.000175015,-0.001871909,-0.002392436,0.00054128,0.001571419,-0.001601176,-0.000251695,-0.001076871,0.000764484,-0.000799019,0.001056157,-0.001026795,-0.001349478,-0.000389661,8.28E-05,-0.000284565,-0.000191122,-0.000224199,2.6818,0.9709,2.7118,1.2062,2.5449,1.3213,2.3101,1.2875,2.1645,1.2907,2.0189,1.3101,1.9056,1.3134,1.8323,1.3263,1.7654,1.3403,1.6877,1.3457,1.5852,1.3166,1.5032,1.2497,1.4159,1.157,2.1677,1.116,2.0868,1.185,2.0254,1.1677,1.9682,1.2314,1.9045,1.2066,1.8786,1.2616,1.8096,1.2282,1.7967,1.2799,1.7362,1.24,1.7179,1.2853,1.6392,1.2055,2.3691,1.0077,2.3713,0.9387,2.1634,1.0469,2.0167,1.0944,1.8937,1.1214,1.802,1.1332,1.7222,1.1397,1.6348,1.1451,0.53602472,0.222912561,0.131186051,0.093617199,0.058414382,0.058483502,0.072672209,0.145635161,0.146886759,0.113348048,0.074426474,0.068349177,1.279506163,0.330882048,9.68E-06,0.127004016,0.097327129,0.074342451,0.234860384,0.216660033,0.207858125,0.226456905,0.245720431,0.281796469,1.117534232
LL282xLL255v1-1,Lecontei,1.706558519,0.027882446,0.010449693,-0.041037053,-0.003013007,-0.005725313,0.011057516,0.004088054,-0.008914171,0.009539166,-0.002950651,0.006121838,-0.002161736,-0.015410752,0.003728948,-0.005266447,0.001209782,0.007916471,-0.008195384,-0.001456137,-0.003743895,0.004807571,-0.011277812,0.004718837,0.005068131,-0.001529975,0.000478016,-0.005726305,0.005212068,0.008053767,0.002940609,0.001196646,0.005207126,0.004437402,-0.001484104,-0.001355652,-0.003054432,0.001626044,0.00201614,0.000651604,0.00052796,-0.00127285,0.002058463,-0.001776211,-0.000678059,-0.000371802,-0.000903471,0.002045996,-0.001866755,0.000647439,-0.002368869,-0.002235241,-0.000244569,9.39E-05,-0.000525903,-0.000110076,5.36E-06,-5.83E-05,0.000262576,-5.15E-05,-0.000319967,1.4571,0.7151,1.5187,0.8909,1.3806,0.9782,1.1565,0.9403,1.0451,0.9401,0.9057,0.9541,0.7988,0.9591,0.7218,0.9737,0.6567,0.9858,0.5433,0.9869,0.4811,0.9443,0.4205,0.8983,0.3459,0.8459,1.0239,0.7996,0.9536,0.8694,0.8843,0.8604,0.8552,0.9028,0.7925,0.8901,0.7694,0.9298,0.7044,0.9115,0.6917,0.9425,0.634,0.9258,0.6266,0.9618,0.5528,0.8869,1.1972,0.7218,1.194,0.6393,1.0226,0.7361,0.8808,0.7856,0.7917,0.8091,0.7025,0.8226,0.6298,0.8313,0.5507,0.8351,0.479120549,0.193337141,0.115631916,0.071985693,0.041507228,0.043352624,0.038496883,0.11140018,0.140101249,0.107016868,0.078371934,0.066214953,1.118871789,0.242585573,2.05E-05,0.096484869,0.090661844,0.071837664,0.184245733,0.169533949,0.167050711,0.184447825,0.225532126,0.244186097,0.401774626
LL282xLL284-1,Lecontei,1.88593922,0.048650217,-0.017073656,-0.0130107,0.002786777,-0.009716689,0.000833153,0.003947249,0.00753143,-0.000511847,-0.005186183,0.006610613,0.002612459,-0.002815657,-0.005791042,0.001634578,-0.003802088,0.000173112,-0.001743525,-0.000859775,0.004949827,0.000489481,0.000956624,0.002502457,-0.003142398,0.000200505,-0.002006537,-0.001908402,-0.001565062,0.001140835,0.00315489,0.002117671,0.001072094,0.004409237,5.71E-05,-0.001918016,-0.00083925,-0.000838449,-0.000800481,-0.000287271,0.001355256,-0.000161706,-0.000116046,-0.000182872,-2.95E-05,7.66E-06,0.000389115,-0.000655674,0.000767421,-0.000784052,5.17E-05,0.000477817,-0.000726435,0.000644678,0.00019367,-7.86E-05,-0.000254735,0.000162571,0.000219613,0.000543482,-0.000504244,1.5905,0.6563,1.5991,0.9007,1.452,0.9811,1.2081,0.9356,1.0737,0.9472,0.9306,0.9671,0.8218,0.9845,0.7433,0.994,0.675,1.0067,0.5589,1.016,0.4853,0.9673,0.4144,0.9112,0.3488,0.8403,1.088,0.7784,1.0094,0.8462,0.9385,0.8433,0.894,0.8938,0.8327,0.88,0.7996,0.9258,0.7321,0.9012,0.7123,0.9433,0.6583,0.9171,0.6417,0.9583,0.5766,0.8917,1.2972,0.6734,1.2956,0.598,1.0874,0.7049,0.9353,0.7618,0.829,0.7888,0.7287,0.8075,0.6562,0.8176,0.575,0.8258,0.523800391,0.197827829,0.119730907,0.081929543,0.062757709,0.059426341,0.058749043,0.134899666,0.144477057,0.110182576,0.079072751,0.069470713,1.255258894,0.2738841,5.12E-06,0.111984508,0.102809533,0.075493377,0.206699806,0.196731721,0.199991525,0.205215618,0.231360584,0.26036701,0.495656998
LL282xLL287-1,Lecontei,1.832447925,0.050882629,-0.02269328,-0.026852651,0.010225257,0.002492733,-0.004333966,0.003836486,0.00213324,0.001153979,-0.013707262,-0.008489135,0.004387947,-0.001876406,-0.003665586,-0.002418654,0.001787208,0.001004707,0.002612861,0.002735992,0.001138472,0.002329959,0.005568272,-0.001982754,0.005001981,-0.003642173,0.001125081,0.002844199,0.003661045,-0.002312645,0.001104411,0.001693728,-0.000332269,-0.001068819,0.000871377,0.000114908,-0.000795276,0.00420795,-0.00033131,-0.001466679,0.002735708,4.17E-05,9.88E-05,-0.000815961,0.00074497,0.002039489,4.70E-05,-0.000832188,-0.001460697,0.000580935,0.000545601,-0.000232603,0.00101027,-0.00020573,0.000897811,-0.001599389,-0.000433397,0.000803689,0.000204664,-0.000400781,0.000342369,1.5643,0.7206,1.557,0.9269,1.4028,0.9813,1.1628,0.9554,1.0348,0.9597,0.9173,0.9745,0.8208,0.9853,0.734,0.9896,0.6515,1.0012,0.534,1.0065,0.4655,0.9552,0.3935,0.8896,0.3361,0.8253,1.0766,0.802,0.9885,0.8647,0.929,0.8567,0.8806,0.8988,0.8163,0.8845,0.7829,0.9321,0.7226,0.9004,0.702,0.9464,0.6472,0.9139,0.6321,0.9591,0.5623,0.8811,1.279,0.7131,1.2766,0.6385,1.0742,0.7372,0.9255,0.7774,0.8155,0.8024,0.7206,0.8147,0.6452,0.8218,0.5591,0.8218,0.520347288,0.175960223,0.105682023,0.084127166,0.065319599,0.053760952,0.046354827,0.128072206,0.118428417,0.097102472,0.086906444,0.083311524,1.232654587,0.268324151,1.15E-05,0.11607812,0.095039465,0.076599021,0.201797225,0.189848044,0.197849438,0.19995412,0.212555357,0.235502017,0.452453235
LL282xLL297-1,Lecontei,1.874714011,0.06323282,-0.024822715,-0.014459472,0.009828811,-0.009104776,-0.002408885,0.008534311,0.01187284,0.000937485,0.001281637,0.010845249,0.003399034,-0.002828627,0.001046419,0.004560159,-0.001442254,-0.003494882,0.002934398,0.000749016,-0.000842437,0.001506636,-0.002477882,-0.007071817,-0.002241432,0.000984207,-0.00065082,-0.002371257,-0.001522047,-0.00210984,0.000108788,0.000977287,-0.001889097,0.00330851,0.001217117,-0.000240448,0.001828599,-0.000758443,0.000158669,0.0026292,0.000323294,-0.0005338,0.00013366,-0.000638959,-0.001346657,0.000703711,0.000344544,-0.00098944,0.001814093,-0.001113889,-0.000492591,0.000674241,0.001394439,0.000505919,-2.88E-05,-0.000412444,0.000498036,0.001276544,-4.90E-06,0.000557515,-0.000152164,1.6429,0.6619,1.6499,0.9065,1.4806,0.9853,1.252,0.9298,1.1179,0.938,0.9782,0.9528,0.8731,0.9713,0.7917,0.9776,0.7197,0.9903,0.6139,0.9967,0.5369,0.956,0.4679,0.9004,0.4075,0.8385,1.1456,0.7663,1.0663,0.829,1.006,0.8226,0.9504,0.8726,0.8909,0.8623,0.8554,0.9136,0.7919,0.8903,0.7729,0.9422,0.7168,0.903,0.6978,0.9538,0.6306,0.8798,1.3567,0.6718,1.3567,0.5869,1.1464,0.6956,1.0044,0.7472,0.8901,0.7763,0.7885,0.7975,0.7091,0.8094,0.6282,0.8163,0.527358749,0.19507232,0.120596683,0.084881565,0.06035379,0.040082415,0.042565949,0.134350475,0.140481778,0.106715791,0.081643432,0.07311149,1.247958621,0.260054225,0,0.121754261,0.102883429,0.076166265,0.196591582,0.187387299,0.193296663,0.197265963,0.222006509,0.256906598,0.544665512
LL282xLL427v1-1,Lecontei,1.817959992,0.061613247,-0.004585555,-0.0075573,0.012250125,-0.014563373,0.001764726,0.014290429,0.016021994,0.001993297,-0.000153357,-9.34E-05,0.005654227,-0.003043263,-0.009856468,-0.000589978,-0.000734756,0.000662358,0.004869098,-0.006212435,0.002067326,0.003455793,0.000163898,-0.001978225,-0.003931456,0.002495147,-0.001023223,-0.00262448,0.000836191,-0.003902906,-0.001636552,0.003617139,-0.001678856,0.002039273,0.000774055,0.003364254,-0.002193569,0.0010982,0.00256971,0.001548927,-0.001801751,0.000505572,-5.58E-05,0.001466318,-0.001485865,0.00050199,-0.000586398,-0.000130502,-0.001918806,0.001212868,-0.001666677,0.002529734,0.000172089,0.000751297,0.000530501,0.000983085,0.000447299,0.000581883,0.000731281,0.000120625,0.000669174,1.5094,0.6702,1.5147,0.9242,1.3583,0.9869,1.1348,0.9377,1.0131,0.9417,0.879,0.9647,0.7702,0.9787,0.6914,0.9821,0.6189,1.003,0.5044,0.9964,0.4321,0.9433,0.3702,0.8877,0.3091,0.8274,1.029,0.7631,0.9475,0.8329,0.8882,0.8255,0.8364,0.8737,0.7766,0.8591,0.7464,0.9147,0.6845,0.8798,0.6694,0.9369,0.6107,0.898,0.594,0.946,0.5345,0.8655,1.2155,0.6758,1.2123,0.5964,1.0298,0.6948,0.8837,0.7488,0.7718,0.775,0.6806,0.7917,0.6054,0.8046,0.5329,0.8115,0.504991099,0.204153864,0.127046448,0.100477659,0.068282062,0.050269673,0.062201367,0.121765718,0.136058113,0.109697037,0.078873316,0.075452369,1.210550259,0.258269414,2.05E-05,0.116548359,0.094397564,0.076011052,0.209924391,0.197236533,0.207357566,0.217894309,0.232281661,0.264623147,0.450882923
LL283xLX024-1,Lecontei,1.830768643,0.047172444,-0.021114922,-0.006735966,0.034292873,-0.014211551,-0.014777742,-0.013949827,-0.003922902,-0.004790473,-0.003514665,0.008913768,0.006059065,-0.008086327,0.006903761,-0.002922996,-0.003311988,0.002037368,0.008448233,-0.011799751,0.003046657,0.002281076,-7.65E-05,0.001576066,-0.006324062,-0.000393065,0.006634712,0.000642789,-0.003370162,0.000845289,0.001387596,-0.002647441,-0.001909604,-0.001110121,0.00026623,-0.003664655,0.001305451,-0.001776132,0.001717336,0.005931931,0.00190328,-0.00133719,0.003053151,-0.003785644,0.002326979,-0.000163212,0.002708167,-2.37E-05,-0.000663281,-0.000141917,-0.002627913,0.000822835,0.00083259,-0.000738949,-0.000334603,-0.000953567,6.68E-05,6.31E-05,-0.000145514,-0.000759755,0.000602004,1.5853,0.6234,1.6218,0.8948,1.4567,0.9694,1.2171,0.9361,1.107,0.9549,0.9705,0.9676,0.8631,0.9829,0.7938,0.9919,0.7229,1.0025,0.6004,1.0123,0.5258,0.9623,0.4702,0.8996,0.4226,0.8298,1.1234,0.7829,1.0393,0.8401,0.9845,0.8329,0.9345,0.8806,0.875,0.8631,0.8456,0.929,0.7848,0.907,0.7689,0.9536,0.7118,0.9187,0.6948,0.9515,0.5861,0.8909,1.3353,0.6866,1.3353,0.6073,1.1187,0.7107,0.9787,0.7623,0.8708,0.7919,0.7808,0.8067,0.7057,0.8163,0.5845,0.8202,0.548046795,0.179582655,0.133275392,0.094154129,0.056669745,0.045682601,0.058228945,0.111693554,0.137089533,0.108484331,0.069881972,0.071688005,1.180877746,0.254792249,0,0.113588248,0.100315752,0.073931658,0.228883923,0.196461116,0.194472954,0.202016286,0.231420937,0.245942514,0.514780749
LL285xLL279-1,Lecontei,1.791322598,0.04845531,0.023881068,0.001547468,0.00275725,0.000203065,0.005381687,0.010264792,-0.005044303,0.007800057,0.009134907,-0.000624718,-0.011993916,-0.00229262,0.017736813,0.004133093,-0.006291591,-0.01003621,-0.008314719,-0.002835605,0.000112264,-0.002420403,-0.000766416,-0.002523493,-0.000220373,0.00196641,0.000215006,0.005472193,0.004359811,-0.003771038,0.000273687,0.000732471,0.000237547,-0.000329196,0.001008831,-0.000762676,-0.000311002,0.000314709,0.002020739,-0.002004583,-0.000815659,-0.001279869,-0.001672987,0.003108308,-0.001977686,0.000498346,-0.000851023,0.002786187,-0.000217422,-0.000578575,5.88E-05,-0.000651574,-2.67E-05,0.000616519,0.0006941,-0.000464947,-0.001270741,-0.000474255,7.41E-05,0.000401975,-0.000481375,2.6203,0.9924,2.6769,1.2131,2.4935,1.3198,2.3155,1.2843,2.1699,1.2832,2.0566,1.3058,1.9304,1.322,1.8506,1.3328,1.7708,1.3479,1.7024,1.3565,1.6025,1.3263,1.5227,1.2673,1.4399,1.199,2.1419,1.1278,2.0868,1.185,2.0264,1.185,1.9736,1.2346,1.9207,1.2249,1.8927,1.2735,1.8339,1.2443,1.8225,1.2988,1.7578,1.26,1.7292,1.3047,1.6744,1.2321,2.3323,1.0264,2.3323,0.9466,2.139,1.0498,2.0254,1.0926,1.916,1.1228,1.8283,1.139,1.7503,1.1505,1.6665,1.162,0.478993466,0.233728924,0.128642334,0.109354652,0.061429146,0.044109069,0.059973327,0.145604155,0.11553203,0.12723553,0.080527511,0.08121607,1.19834374,0.306124974,0,0.112980087,0.088941554,0.077702638,0.213160268,0.208070613,0.209555267,0.230775562,0.239183214,0.293500426,1.079089658
LL285xLL286-1,Lecontei,1.707512671,0.055537799,-0.034523501,0.011772241,0.025755612,0.008004189,0.013367843,0.018585228,0.014146752,0.003614821,0.018662472,-0.002122946,-0.009059037,-0.001267272,-0.012351551,-0.010265212,0.005444452,-0.000500816,0.001358204,-0.00147069,-0.00562624,0.005608104,0.001547058,0.002914027,-3.75E-05,0.002213344,-0.000827047,0.005663093,-0.004547323,0.003441922,0.00316455,-0.000688497,-0.001778408,-0.000704636,0.003100199,0.000371349,-0.00111496,-0.003050409,-0.000421289,0.000359224,-0.001058969,-0.000638825,0.001375273,0.000792181,-0.000970401,0.000780778,-0.0004923,0.001157215,0.001291736,-0.000514969,0.0018028,-0.001690708,-9.24E-05,0.00025303,0.00064138,-0.001051303,-5.93E-05,-6.10E-05,-0.000955298,0.000515204,0.000565461,1.6139,0.6499,1.6202,0.8276,1.4213,0.9483,1.225,0.9131,1.1147,0.9155,0.9901,0.9234,0.894,0.9337,0.8147,0.9401,0.748,0.9485,0.6499,0.9538,0.5827,0.8975,0.5319,0.8393,0.488,0.7795,1.1409,0.744,1.0734,0.7988,1.0147,0.7893,0.9718,0.844,0.9163,0.8274,0.8821,0.8726,0.8286,0.8433,0.806,0.8873,0.7615,0.8544,0.7393,0.9004,0.6877,0.8345,1.3266,0.6298,1.3274,0.5488,1.1385,0.6687,1.0131,0.7159,0.9127,0.7397,0.8226,0.7552,0.756,0.7619,0.6837,0.7643,0.462147693,0.18885873,0.123792488,0.081481593,0.062248052,0.053511961,0.048880466,0.110326108,0.12485019,0.096650401,0.079557841,0.067226855,1.133334448,0.237890941,1.28E-06,0.105518577,0.089129681,0.068011911,0.195100308,0.187619109,0.192250384,0.199340036,0.223970355,0.259255877,0.550742281
LL286xLL247-V1,Lecontei,1.812448836,0.048346808,0.028191424,-0.001872477,-0.010300113,-0.01927586,0.000958879,0.011285592,0.009964095,-0.005290376,0.000947065,0.006533229,0.002117579,-0.001931749,-0.001548953,0.000614761,-0.002915643,-0.009058552,-0.005152474,-0.00020195,0.006316268,-0.000753443,0.00221071,-0.000993615,0.003406013,-0.003266934,0.001682669,-0.003218555,0.004764272,-0.001217363,-0.001391752,-0.000171593,0.002688627,-0.00027292,0.002858657,-0.001570085,0.001861378,0.001483481,0.000979214,0.001410516,4.39E-05,0.002328826,-0.002642887,-0.000759267,-0.002377848,-0.000714598,0.000871609,0.001211923,9.87E-05,-0.001966902,-0.00065197,-0.001895994,-0.002004318,-0.001072307,0.000938792,-0.000288882,-0.001390836,-0.000310245,-0.001839308,0.000674444,0.001019463,2.6451,1.0086,2.6845,1.2756,2.5442,1.3339,2.3328,1.2918,2.1785,1.2929,2.0538,1.3148,1.9473,1.3249,1.861,1.3407,1.7877,1.3479,1.6971,1.3565,1.6108,1.3234,1.5345,1.2587,1.4554,1.1868,2.1688,1.1206,2.0912,1.1782,2.0351,1.1825,1.9905,1.2285,1.9315,1.2199,1.9027,1.2659,1.8423,1.2458,1.8121,1.286,1.7603,1.2587,1.7359,1.3019,1.6971,1.2256,2.3515,1.02,2.3529,0.9552,2.1631,1.0559,2.0279,1.1048,1.9257,1.1321,1.8394,1.1465,1.7603,1.1595,1.687,1.1638,0.483245166,0.237076865,0.144143609,0.107026072,0.07396053,0.073370975,0.069276547,0.154303921,0.126608452,0.106977848,0.087734429,0.073652766,1.202971874,0.295325211,3.92E-06,0.110144087,0.092884068,0.083008494,0.20984113,0.207301544,0.208492134,0.223134265,0.240960515,0.290597488,1.087094609
LL286xLL255-V2,Lecontei,1.806169819,0.081012348,-0.001100968,0.006095109,0.021020629,-0.004649238,-0.012583704,0.014075602,0.016673178,-0.010268802,0.013930429,0.000178827,-0.009492512,0.002070032,-0.00877472,-0.003429055,-0.005995369,0.004043838,0.003036725,-0.004280593,-0.00177303,-0.007026739,0.002922131,-0.002435035,-0.000894872,0.001219399,-0.003907283,0.000650361,-0.004417864,-0.000665064,-0.000759733,0.001488278,-0.001278613,0.001854119,0.000993566,0.000482883,-0.000538247,-0.000193077,0.00022177,0.00207372,-9.25E-05,-0.000899692,-0.002419718,0.000870961,-0.001194098,0.000506486,-0.002106733,0.001939226,0.000214091,0.000761523,0.000426471,-0.002189193,0.0016375,0.000244258,0.000610867,0.000861784,-0.001140951,0.000228008,-0.000261942,-0.000190028,2.56E-05,2.6278,1.041,2.6036,1.2907,2.4385,1.3662,2.24,1.3145,2.1214,1.3166,1.9898,1.3306,1.8765,1.3479,1.7988,1.3554,1.7334,1.3659,1.6345,1.3738,1.5448,1.3328,1.4817,1.2584,1.4153,1.1882,2.1239,1.1307,2.0577,1.1911,1.9944,1.1882,1.9513,1.2343,1.8948,1.2264,1.8589,1.2796,1.8092,1.2458,1.7855,1.3076,1.7337,1.2645,1.7165,1.3278,1.6334,1.2353,2.3263,1.016,2.3256,0.9542,2.1208,1.0609,1.9923,1.1073,1.8901,1.1343,1.7999,1.1505,1.7228,1.1618,1.6251,1.171,0.501529072,0.217397447,0.140740684,0.103710848,0.070531199,0.049615824,0.041679971,0.11861859,0.132342586,0.114613176,0.07806113,0.066237527,1.221402509,0.287221169,9.80E-07,0.106674271,0.087770838,0.07778136,0.222968383,0.207983076,0.211741163,0.220167618,0.245913196,0.280217059,1.044122771
LL286xLL288-1,Lecontei,1.910938087,0.068783625,-0.03214361,-0.032074083,0.007693078,0.002870834,0.002299076,0.009117234,-0.001742804,-0.001011835,0.005610714,0.000184374,0.002877798,-0.002366601,-0.002627105,0.002799343,-0.008558947,-0.005112989,0.002024832,0.000800899,0.002133505,-0.003249078,-0.002574815,0.003229064,0.001064599,-2.72E-05,0.00123804,0.004479155,-0.004537961,-0.00303026,-0.002506825,-0.001174737,0.001482989,0.000319129,-0.00075963,2.45E-05,-0.002444858,-0.001395964,0.000171019,0.00110598,0.002191626,0.002583518,-0.000644868,0.002385832,0.000702485,0.000193131,0.000332719,-0.000534455,-0.000316255,0.000546564,-0.002370258,0.000354029,0.000254451,0.000260961,5.58E-05,0.000150959,-0.000795057,-0.000574683,-6.69E-05,0.00027519,-0.000138313,1.6504,0.6782,1.6417,0.8734,1.479,0.9567,1.2589,0.92,1.1319,0.9327,0.9806,0.9581,0.8702,0.9813,0.7821,0.9877,0.7091,1.0107,0.588,1.0239,0.5131,0.9832,0.4517,0.9261,0.3901,0.8615,1.138,0.7776,1.0612,0.8438,0.9988,0.8361,0.9448,0.8869,0.8835,0.8774,0.8501,0.9234,0.7903,0.9022,0.7628,0.9478,0.7062,0.9245,0.6851,0.9679,0.6123,0.8909,1.3583,0.6687,1.3583,0.5758,1.1361,0.694,0.9972,0.7509,0.8806,0.7845,0.7901,0.8044,0.7044,0.8189,0.6091,0.8306,0.53777075,0.186800883,0.113585651,0.079693663,0.06128964,0.04432268,0.049069746,0.12763342,0.153417242,0.112811347,0.088332157,0.076537572,1.273559963,0.256004238,0,0.122473589,0.096443144,0.087006322,0.206000024,0.18582446,0.19418965,0.200342107,0.22626385,0.257207776,0.553504625
LL286xLL288-2,Lecontei,1.847450244,0.031802668,0.00735771,-0.016666136,0.00783539,-0.019027137,0.012989374,0.00641887,0.0067337,-0.014567977,-0.01662942,0.003434941,0.001057447,-0.010216449,0.010201949,0.003618617,0.011251762,0.009033768,0.015134995,0.032983111,0.008700165,-0.033351245,0.000978097,0.005516225,-0.008123202,0.004993272,0.001463771,0.003450092,0.001958009,0.003593276,0.002753603,0.000707699,-0.00210766,-0.002201288,-0.002587021,-0.001346982,-0.002132565,-0.000779915,-0.001423495,-0.001792988,0.001668536,-0.001029608,0.001176123,-5.78E-05,-0.000679945,-0.000634476,9.49E-05,0.001827476,4.38E-05,0.000461994,0.000263584,0.000458599,-0.000156198,-1.83E-05,-0.00045415,4.98E-05,-0.000325379,-4.90E-05,-3.98E-05,0.00034335,0.000334951,1.5496,0.6313,1.6044,0.8753,1.4657,0.9589,1.2239,0.9287,1.0787,0.9343,0.9472,0.9549,0.8398,0.9734,0.7599,0.9808,0.679,0.9988,0.5557,1.0097,0.4901,0.9702,0.4234,0.9171,0.3567,0.8528,1.0742,0.7782,0.9972,0.8409,0.9456,0.8377,0.8917,0.8869,0.8361,0.8837,0.8075,0.9298,0.7433,0.9052,0.7329,0.948,0.6607,0.9226,0.6504,0.9631,0.5893,0.8964,1.2663,0.602,1.2694,0.6813,1.0718,0.7083,0.9462,0.7573,0.834,0.7864,0.7393,0.8065,0.6536,0.8187,0.5829,0.8258,0.499098437,0.212274209,0.123958904,0.087773857,0.054260944,0.042483409,0.045743306,0.145307949,0.133103757,0.108981696,0.080241947,0.082878284,1.213290015,0.25341391,1.92E-05,0.118769735,0.095258018,0.084412795,0.197899495,0.193845557,0.194822637,0.202993818,0.22110009,0.267788293,0.416499712
LL286xLL297-1,Lecontei,1.890643612,0.047737964,-0.00411313,-0.012549798,0.015924723,-0.009947561,0.015597213,0.005373701,0.007787452,-0.014010555,-0.010250366,-0.001496111,0.01047723,-0.004997732,-0.002189956,-0.002829044,-0.006670274,-0.00103325,0.003018682,0.000551155,-0.000477383,0.004825877,0.00324247,0.005065462,-0.001374365,0.000778291,0.005341604,-0.0011164,-0.000220381,-0.000707583,-0.000767662,0.001172352,0.00365539,-0.001127146,0.00194238,0.001247122,0.001289522,0.000879719,-0.001602929,-0.000995677,-0.001817239,0.000793568,0.001115135,-0.000217935,-0.000889106,0.000311673,-0.000318161,-0.000406918,-0.001007291,0.001080072,-0.001697647,-0.001142448,-0.000820275,0.000739945,0.000192618,-0.000646695,0.00034897,0.000317021,-0.000630767,-0.000302358,-6.99E-05,1.569,0.6222,1.5946,0.8739,1.4538,0.9533,1.202,0.9237,1.0896,0.9316,0.9478,0.9549,0.8324,0.9676,0.7435,0.9761,0.6716,0.993,0.5361,0.9996,0.4655,0.9448,0.4036,0.8813,0.3409,0.8155,1.08,0.7565,1.0038,0.8157,0.9509,0.8157,0.8959,0.8665,0.8335,0.8538,0.7933,0.8972,0.734,0.8782,0.7065,0.9194,0.6472,0.8917,0.6337,0.9306,0.575,0.8663,1.2829,0.644,1.2806,0.5782,1.0766,0.6927,0.948,0.7393,0.8337,0.7687,0.7321,0.7869,0.644,0.7972,0.5734,0.802,0.516798839,0.206977873,0.144202809,0.102509365,0.080529311,0.067704431,0.073008013,0.112677283,0.143701531,0.116096727,0.089305431,0.073859461,1.243219409,0.268320424,1.06E-05,0.12342759,0.102448084,0.087843554,0.214765547,0.204708231,0.20667022,0.218378685,0.238809233,0.262842462,0.49782055
LL286xLX022-1,Lecontei,1.867526101,0.04744956,0.000386726,-0.033776344,0.003591415,-0.002531572,0.01140952,0.014691182,0.00438314,-0.000833928,-0.000916398,-0.002568156,0.006473961,-0.001253151,-0.005594666,0.00568967,-0.004918178,-0.003113234,-0.001965374,-0.002734126,0.00058557,-0.001842446,0.004708651,-0.002745607,0.000230842,0.003582446,0.00300313,0.002701337,0.001526934,-0.000486205,-0.003767954,-0.004279719,0.003035908,-0.001166691,0.000198368,-0.000584668,0.000830689,0.000129262,-0.000202606,0.001459287,-0.000513837,-0.0003325,-1.11E-05,0.001555704,0.000293105,-0.001361601,-0.000102015,0.000175068,0.00044695,-0.001472697,0.001584029,0.000593298,-3.98E-05,2.92E-05,-5.72E-05,-0.000254392,0.001141299,-0.00032681,0.001332648,-0.000694224,-0.000192458,1.6155,0.7194,1.6181,0.9247,1.488,0.9967,1.2499,0.9554,1.1112,0.9554,0.9798,0.9687,0.8583,0.9829,0.7758,0.9917,0.698,1.0052,0.5798,1.0115,0.5036,0.9615,0.4313,0.8956,0.3845,0.8353,1.1194,0.7925,1.039,0.8544,0.9819,0.847,0.9247,0.8988,0.8634,0.8872,0.8306,0.9274,0.7745,0.9083,0.7459,0.9485,0.6898,0.921,0.6655,0.9591,0.6139,0.8845,1.3126,0.7118,1.3083,0.625,1.1171,0.7194,0.9845,0.7655,0.8631,0.7917,0.775,0.8052,0.6845,0.8139,0.6131,0.8202,0.513803708,0.20872628,0.124152487,0.08900573,0.062028542,0.052538081,0.056404432,0.1387,0.132071382,0.12232698,0.082968006,0.078962586,1.236444018,0.263037127,3.70E-05,0.125133089,0.091369689,0.085646833,0.203551001,0.199871284,0.196255395,0.212009174,0.228286881,0.270798523,0.485031391
LL287xLX022-1,Lecontei,1.865718125,0.053987467,-0.023145169,-0.001335872,0.010876276,-0.003320727,-0.001990721,0.008276503,-0.00135293,0.000962408,0.001979795,-0.004496861,-0.000461422,0.005811681,-0.000774695,-0.002556537,0.000701418,0.002925203,0.009512504,-0.004118082,0.002362824,-0.001174012,0.003251459,-0.000652422,-0.003335028,-0.000171444,0.001914737,0.002177523,-0.001959619,-0.00055915,-0.001835063,0.000201321,-0.001650212,-0.003653362,0.001078506,0.000807912,-0.000507728,0.001025875,0.000579122,-0.001606913,-0.002104442,0.001880496,0.000452116,-7.80E-05,-6.17E-05,0.001263364,-0.001090091,0.000630763,0.000505551,0.000584296,0.000357523,-0.000665884,-0.0002861,-0.000712098,-9.83E-05,0.000309887,0.00047586,6.95E-05,3.48E-05,0.000136162,-0.000891059,1.6127,0.6929,1.6067,0.9234,1.4155,0.9853,1.2036,0.9504,1.0694,0.9591,0.9401,0.9694,0.8234,0.9758,0.7417,0.9813,0.6655,0.9956,0.5636,0.9951,0.4885,0.9369,0.4324,0.8692,0.3731,0.794,1.0988,0.7821,1.0112,0.8393,0.9578,0.8311,0.9022,0.879,0.8414,0.866,0.8049,0.9149,0.7488,0.8802,0.7292,0.9358,0.6698,0.8885,0.6512,0.9421,0.5861,0.8591,1.3163,0.6885,1.3155,0.6171,1.097,0.7123,0.9567,0.7536,0.8385,0.7734,0.7472,0.7853,0.6671,0.7874,0.5837,0.7917,0.518449892,0.198262276,0.133188888,0.098023314,0.063647938,0.047185803,0.055378155,0.134481709,0.129709599,0.116875361,0.081884919,0.077530188,1.243715952,0.27700444,1.28E-06,0.121519422,0.093682442,0.079434816,0.219696268,0.207755553,0.205174779,0.220768114,0.234374785,0.260873858,0.494573837
LL288xLL022-1,Lecontei,1.823813758,0.030404651,-0.002380093,-0.000468442,0.021425782,0.0041627,0.009983917,0.001786794,0.000769461,-0.010153325,-0.013932674,0.002865466,-0.007561074,-0.006205186,-0.001014572,-0.002746892,-0.000324618,-0.002800127,-0.001172327,-0.003799546,0.000159854,0.007144538,0.004294154,0.001211393,-0.00234538,0.001563003,-0.000944979,0.00014724,0.003375164,0.004387234,-0.001644989,0.000507899,-0.004613347,0.001670288,0.002045327,-0.000781766,0.003121526,0.002295379,-0.003629945,-0.000601878,0.001536852,0.000394009,0.000194177,0.000849914,0.001095236,0.001141627,-0.000549636,-0.000581367,-0.00059066,-0.001877268,0.002660999,-0.00116775,-0.001268511,-0.000295632,-0.000250923,-0.000557097,-0.000165611,-0.000242182,8.59E-06,0.000492911,-2.48E-05,1.5373,0.6722,1.5567,0.9012,1.3967,1.0128,1.1623,0.9718,1.0353,0.971,0.9052,0.9806,0.7996,0.9893,0.7282,0.9933,0.6472,0.9911,0.5329,0.9996,0.4567,0.9409,0.3821,0.8726,0.3319,0.8052,1.0393,0.7964,0.9726,0.8552,0.9131,0.8496,0.8655,0.8925,0.8036,0.8758,0.775,0.9226,0.7131,0.8893,0.6917,0.9345,0.6337,0.9012,0.6171,0.9385,0.5554,0.8837,1.2504,0.706,1.248,0.6345,1.0345,0.7409,0.911,0.7758,0.7988,0.7938,0.7118,0.8036,0.6303,0.8083,0.5499,0.8094,0.491711806,0.214229223,0.131684965,0.096631775,0.071091842,0.069207586,0.060603383,0.12700252,0.130453708,0.105957775,0.071511957,0.081029871,1.212715202,0.279628968,1.15E-05,0.112590808,0.091501366,0.080286798,0.206112057,0.209306976,0.205410151,0.214977208,0.231416356,0.263908412,0.445454745
LL288xLL255v2-1,Lecontei,1.852007942,0.048343182,-0.023352081,-0.023914959,0.029981893,0.001187174,-0.012307524,3.06E-05,-0.002202259,-0.003032519,-0.000986806,0.002308314,0.003733686,0.003068588,0.001173692,-0.000257219,-0.006865959,0.004321667,0.005316479,0.002480486,-0.000486364,0.000115701,0.000530165,0.002746936,-0.001528815,-0.001528821,-0.001810673,0.006258804,0.000474424,0.000947949,0.000201934,-0.003146985,0.001781427,-0.000477957,0.001276644,-0.002563154,0.00050833,0.000930096,-0.000930273,0.000528576,0.002936657,0.002887655,7.35E-05,0.000429326,-0.000530337,0.002606186,0.000159624,-0.001329222,-0.000294148,0.000780131,-0.000407504,-0.000394411,-0.001775323,0.000457658,-0.001070751,0.000950897,8.70E-05,-0.00067098,0.000208568,-0.000321781,-0.000700174,1.673,0.7032,1.6753,0.9271,1.5197,1.0022,1.2742,0.9774,1.1583,0.9885,1.0187,1.0075,0.9183,1.0258,0.8366,1.0308,0.7639,1.0427,0.6448,1.0583,0.5729,1.011,0.5104,0.9496,0.4501,0.8755,1.1766,0.8274,1.1036,0.8896,1.0475,0.8811,0.9956,0.934,0.9311,0.9224,0.8983,0.971,0.8414,0.9433,0.8171,0.9922,0.7631,0.9573,0.7467,1.007,0.6409,0.9353,1.3798,0.7266,1.3782,0.652,1.1724,0.7591,1.043,0.8073,0.9237,0.8353,0.8403,0.8485,0.7634,0.8573,0.6405,0.8675,0.546458507,0.178957425,0.113019025,0.077044533,0.058335581,0.043245925,0.03962739,0.116430323,0.140887047,0.102054152,0.081852856,0.073667496,1.234978421,0.267065404,5.12E-06,0.123509716,0.09210266,0.07954175,0.21429559,0.188309559,0.193698967,0.196666825,0.214773206,0.240869529,0.513824912
LL288xLL287-1,Lecontei,1.805816552,0.033683084,0.015596107,-0.003003952,-0.011606207,-0.001074007,0.012336329,-0.003904365,0.006901249,0.006946046,0.007660123,0.013034892,-0.002115412,0.001854639,0.000109107,9.99E-05,0.001556759,-0.006620264,-0.005488492,0.001699275,-0.003386024,-0.005584832,-0.011206578,0.005314711,8.58E-05,-0.005010776,-0.000427641,0.001847819,0.000849836,0.002949279,-0.00181771,0.001023219,-0.001231318,0.00232322,0.001550748,0.001188677,6.95E-06,0.001391436,0.001658003,0.002797502,0.000673545,-0.002610293,-0.001488493,0.00226041,0.000877958,-0.001310264,0.000245835,-0.001562883,0.000888904,-0.000629644,0.000767247,0.000280538,0.000729835,-0.000168866,-0.00107853,-0.000274401,3.08E-05,-2.47E-05,0.000290874,-0.0002127,0.000670512,2.6219,1.0081,2.6888,1.2109,2.5367,1.3263,2.3177,1.2886,2.1828,1.295,2.02,1.308,1.925,1.3274,1.842,1.3371,1.7697,1.3479,1.7066,1.3554,1.6138,1.3215,1.528,1.26,1.452,1.192,2.1652,1.1271,2.0883,1.194,2.0236,1.189,1.9718,1.2335,1.9207,1.2206,1.8883,1.2702,1.8333,1.2443,1.8042,1.2896,1.7589,1.2648,1.7319,1.3058,1.6823,1.2282,2.3436,1.0156,2.3429,0.9545,2.162,1.0563,2.0189,1.1084,1.916,1.135,1.8306,1.1505,1.7503,1.1634,1.6785,1.1704,0.493369659,0.222122714,0.138315762,0.088732688,0.067961239,0.060704942,0.05657959,0.135051731,0.163318217,0.096960611,0.083564885,0.073102189,1.184265688,0.302523916,9.80E-07,0.107642789,0.090556336,0.077172599,0.199558738,0.196419398,0.20051177,0.201853908,0.248360162,0.279652964,1.082455911
LL288xLX022-2,Lecontei,1.908061932,0.069948581,-0.022836423,-0.046676252,0.031107766,0.013783777,-0.015285376,-0.003165238,0.000187315,0.001083402,-0.017947402,-0.00739234,-0.012017449,0.003633383,0.006031028,0.008559241,5.79E-05,0.001174509,-0.009340829,0.001951239,0.000880366,-0.000448402,-0.000586994,-0.001780582,-0.001631489,-0.004433739,-0.003324411,0.004424493,0.001330384,-0.000301756,0.004451131,-0.001316283,-0.001873498,-0.002712782,0.001195624,-0.001894013,-0.000838728,0.001562042,0.000300685,0.002026851,-0.004579137,-0.000738505,0.002812458,-0.000210557,0.002966606,0.000624583,0.000655041,0.001600388,0.000547738,-0.001896563,-0.000230105,0.000453959,-0.002434063,0.000763243,0.000773607,4.48E-05,-1.11E-05,0.000612503,0.001334943,0.000315295,0.000184115,1.5452,0.704,1.5295,0.9123,1.3665,0.9747,1.1366,0.9454,1.0086,0.9496,0.8763,0.9644,0.7611,0.9782,0.6913,0.9925,0.6198,1.0063,0.4972,1.0176,0.3911,0.9631,0.3044,0.9081,0.2417,0.8417,1.0425,0.8036,0.9573,0.8623,0.8985,0.8538,0.848,0.906,0.7865,0.8881,0.7549,0.9396,0.6943,0.9131,0.6774,0.9631,0.6175,0.9274,0.6057,0.971,0.488,0.8985,1.2589,0.7091,1.2562,0.6192,1.0435,0.7279,0.8975,0.7771,0.7829,0.8004,0.6914,0.8115,0.6131,0.8205,0.488,0.8261,0.562562228,0.170182402,0.101257,0.064895686,0.039094757,0.032520301,0.03801184,0.128068888,0.133125242,0.116023618,0.071249772,0.072819572,1.310753043,0.310195197,1.46E-05,0.117134495,0.095529263,0.078119972,0.223256086,0.188942425,0.180684753,0.188731449,0.205181529,0.236587954,0.453456172
LL289xLL286-1,Lecontei,1.889432714,0.030551302,-0.008526272,-0.034510816,-0.010837773,0.003783974,0.005531782,0.017459321,0.006738734,-0.001049218,0.00063516,-0.002033631,0.006262286,-0.006468687,-0.002326393,-0.005431866,0.002404556,0.000265287,0.006803119,-0.001132462,0.00056507,0.007381342,0.000370367,0.001622982,0.002141504,0.003421959,0.002961027,-0.000104419,0.000247802,-0.002822669,0.001696033,0.00197163,0.003870236,-0.000742762,-0.001819602,-0.00114148,0.001761893,-0.001368363,7.70E-05,-5.73E-05,-0.000544204,9.20E-05,-0.001518781,-0.001121753,0.000288052,-0.000111217,-0.000782561,0.000742282,0.001564026,0.00178314,-0.000333053,-0.001094492,0.000391472,-0.000636418,-3.36E-05,-0.000145681,-5.06E-05,0.000461211,-0.000105664,-0.000253301,-0.000194822,1.5706,0.7587,1.602,0.9361,1.456,1.0144,1.1819,0.9742,1.0485,0.9869,0.9187,0.998,0.8115,1.0067,0.7179,1.0163,0.6496,1.0298,0.5187,1.0282,0.4483,0.9851,0.3933,0.9279,0.3298,0.8602,1.0615,0.8194,0.9821,0.8806,0.921,0.8734,0.8687,0.9194,0.8075,0.9099,0.7713,0.9515,0.7067,0.925,0.6888,0.9684,0.6295,0.9377,0.6157,0.9832,0.5597,0.9052,1.2663,0.7353,1.2655,0.6472,1.0581,0.7493,0.9179,0.7927,0.8052,0.8176,0.7009,0.8324,0.6253,0.8406,0.5575,0.8448,0.50908239,0.196110173,0.125334153,0.093155569,0.068286748,0.056046588,0.057626123,0.134003172,0.13027375,0.107552452,0.09409102,0.069621405,1.244944533,0.252798754,1.28E-06,0.119224578,0.101924727,0.078237651,0.206657712,0.198608283,0.206428801,0.213134723,0.234029913,0.256722516,0.444844973
LL297xLL283-1,Lecontei,1.815805599,0.045012385,0.004825649,-0.011118193,-0.005320695,-0.000100182,0.007380056,0.000415357,0.002835701,0.004122079,-0.001663958,-0.002498339,-0.004655329,-0.002413833,-0.003084907,-0.004293378,0.006448171,-0.001001384,0.003156404,-0.002001769,0.002816142,0.002111058,0.001317027,-0.000808886,-0.000221247,-0.00119092,0.001290091,0.00053673,-0.002727108,-0.001467881,0.000315338,0.000405542,0.00315021,-0.003493726,0.000498454,0.002845425,-0.000906502,-0.001128331,0.000992013,-0.001247521,-0.001196963,-3.83E-05,-0.000405526,0.001803235,0.001935708,8.55E-05,0.000862963,-0.000325993,-0.0008449,-0.002020593,-0.000322088,0.00044929,-0.000590378,-0.001191007,0.00087793,-0.000433003,0.000300428,-0.000307029,0.000625024,0.000139021,0.000369464,1.5988,0.7552,1.6274,0.9594,1.4634,1.0377,1.2536,0.9933,1.1075,0.9933,0.979,1.0009,0.8742,1.006,0.7853,1.0091,0.7202,1.0242,0.6168,1.025,0.534,0.9702,0.4652,0.9036,0.4049,0.8274,1.1271,0.8266,1.0353,0.8829,0.9798,0.875,0.9274,0.9226,0.8702,0.8988,0.8377,0.9456,0.7774,0.9139,0.7634,0.9673,0.7041,0.9255,0.6861,0.9716,0.6345,0.8877,1.325,0.7337,1.3242,0.6647,1.1255,0.7549,0.9795,0.7975,0.866,0.8157,0.7755,0.8242,0.7025,0.8284,0.6303,0.8284,0.496374828,0.209263327,0.13191285,0.093773397,0.07057202,0.047189512,0.062686282,0.1461,0.128724551,0.10492402,0.088954033,0.066828287,1.196081122,0.289736725,1.28E-06,0.112154358,0.094020476,0.074212196,0.215452199,0.198767024,0.206864521,0.2169517,0.23392657,0.270636601,0.470331
LL298xLL247-V2A,Lecontei,1.863751334,0.040252169,0.045154304,-0.008970873,0.023401085,-0.010810883,0.012589535,0.010741988,-2.07E-05,-0.004345464,-0.004598681,-0.002394021,-0.005274153,0.003364768,-0.008028303,-0.000536448,-0.00079703,0.004206982,0.007716629,0.00325858,0.002935129,0.000248614,0.001133181,0.004536483,-0.000169621,0.000775861,-0.000289761,-0.002219952,-0.00373767,0.001323416,-0.00141946,0.003365083,-0.000767387,-0.002169879,-0.001373895,0.001103406,0.00400589,-2.74E-05,0.000968465,-0.002024943,0.000865182,-0.001247411,-0.000386337,-6.19E-05,0.002820054,-0.001333838,0.000203256,0.000496247,0.000673445,-0.000931528,-0.000427105,-0.000452889,0.002555807,0.000861837,0.001245242,0.000522511,-0.00036879,0.000453581,-0.000618834,0.000460179,0.000428471,2.6645,0.9978,2.7017,1.2573,2.555,1.3382,2.3533,1.295,2.2023,1.308,2.0577,1.3188,1.9434,1.3296,1.8614,1.3339,1.7859,1.3447,1.6586,1.349,1.5755,1.2983,1.5065,1.2238,1.4425,1.1455,2.1753,1.1196,2.1048,1.1843,2.0458,1.1771,1.9948,1.2289,1.9408,1.203,1.9056,1.2648,1.8517,1.2238,1.8301,1.2857,1.7665,1.2373,1.7546,1.2967,1.6769,1.2077,2.3436,1.0117,2.3421,0.9685,2.1753,1.0512,2.0444,1.098,1.9401,1.1196,1.8387,1.1343,1.7535,1.1429,1.6672,1.144,0.506126634,0.249898299,0.157505365,0.109719734,0.075019198,0.057471123,0.05730349,0.15155857,0.145002759,0.114809102,0.082112667,0.076268539,1.230893696,0.296835746,4.50E-06,0.108147168,0.091495628,0.086262912,0.233174141,0.219370486,0.22159463,0.231323151,0.262740195,0.301864937,1.069809936
LX024xLL247v1-1,Lecontei,1.872751662,0.03290167,-0.02808203,-0.027849302,0.008285131,-0.00434176,0.015624144,0.012864979,-0.008963445,0.008485348,-0.00611309,0.002747095,-0.001939519,-0.003783833,-0.002082313,0.003846689,-0.001329703,-0.002336502,0.004740864,-0.00204734,0.00203517,0.005809148,-0.002265123,-0.002364328,-0.001810904,-0.006400466,-0.001652544,-0.00321285,0.002009845,-0.001834435,-0.001314546,0.002642307,-0.000175179,-0.002202634,0.001091147,0.000578999,0.00022701,-0.00117705,0.000624779,0.001960799,0.001614415,0.00099035,-0.000816078,-0.001540648,-0.002251542,-0.001583025,0.000584484,0.001092636,0.001913961,0.000316692,0.000864067,0.00056712,-0.000289221,0.000147459,-0.00051136,0.001250326,-0.000208734,-0.000224779,-0.000269115,-0.000240195,-1.06E-05,1.5317,0.7214,1.5557,0.9213,1.3853,1.02,1.1589,0.9803,1.0118,0.9962,0.8774,1.0184,0.7694,1.0343,0.679,1.0488,0.606,1.0591,0.4829,1.0528,0.42,1.0057,0.3597,0.9544,0.3032,0.8988,1.0271,0.8464,0.9464,0.9063,0.8865,0.8976,0.8364,0.9522,0.7746,0.9369,0.7475,0.9914,0.6794,0.9567,0.6583,1.0075,0.6024,0.9726,0.5806,1.021,0.5274,0.9462,1.2345,0.7591,1.2313,0.6599,1.0263,0.7718,0.8851,0.8242,0.7734,0.8533,0.6776,0.8694,0.6009,0.8811,0.5247,0.8896,0.509568572,0.18788414,0.111171804,0.077868094,0.048166586,0.046197186,0.045790501,0.147956818,0.136221144,0.109164142,0.091555502,0.073723063,1.241242527,0.236660284,2.05E-05,0.11860059,0.097237236,0.078624487,0.187989202,0.184994324,0.188730628,0.195125626,0.213627924,0.24709312,0.417516107
LX025xLL247-V1,Lecontei,1.830357087,0.023583564,0.032079368,0.002331516,0.00074287,0.005768812,0.013953965,-0.010329497,0.003908232,0.002399438,0.004026365,0.005292351,-0.001837608,0.005925235,0.003857751,0.001483438,-0.002758319,0.003397588,0.001395028,-0.007744759,0.005004964,-0.001365533,0.001917252,-0.001541901,0.006299999,-0.000931676,-0.0035058,0.005631767,0.001683417,-0.000579372,-0.001674269,0.00149977,-0.001204164,-0.00139184,-0.000320023,-0.001888953,0.00256064,0.001156748,-0.001581581,0.001409037,-0.001867836,-0.000943155,-0.000413987,0.002434883,-0.00178545,-0.001757668,0.001581993,0.000331681,0.000384715,-0.000180878,-0.001154573,0.000373518,0.000746121,-0.000369257,-0.001091537,0.000549191,0.000490013,0.000635085,0.00054408,-0.000102035,3.66E-06,2.6224,0.9871,2.678,1.2001,2.5475,1.322,2.3177,1.2961,2.1667,1.295,2.0437,1.3076,1.9178,1.3249,1.8344,1.3292,1.7596,1.3371,1.6913,1.3385,1.5895,1.308,1.5119,1.2335,1.4364,1.1472,2.1613,1.1181,2.0858,1.1764,2.0221,1.1742,1.9703,1.2195,1.9132,1.2012,1.884,1.253,1.8247,1.226,1.8042,1.2745,1.7492,1.2325,1.7276,1.2896,1.6618,1.2044,2.335,1.0221,2.3339,0.9574,2.1575,1.0496,2.0135,1.0965,1.9024,1.117,1.8172,1.1268,1.7373,1.1321,1.6586,1.1365,0.506900326,0.236949277,0.143564515,0.11466983,0.079448411,0.062483038,0.057273467,0.151004007,0.123643682,0.127083044,0.083510778,0.075216022,1.19675729,0.318700016,2.42E-06,0.112197192,0.09190914,0.075779285,0.22459154,0.219719867,0.22218004,0.237263672,0.250743873,0.293983486,1.075581131
LX025xLL247v2-1,Lecontei,1.811662139,0.040715651,-0.012274589,-0.011773061,-0.003355536,-0.009706832,0.006265557,0.00512064,-0.000527865,-0.00149128,0.001195184,0.009239008,0.002250888,-0.001399612,-0.000777621,-0.001446013,-0.000813093,-0.004022033,0.000319568,-0.002016946,0.001361985,0.004520215,0.003387347,0.001971628,-0.00183255,0.003858876,0.001369919,0.001118963,-0.001622707,-0.001374266,0.000662474,-0.001264065,-0.000936227,0.001084519,-0.000847717,-0.001877831,0.000654936,0.000480894,-0.001571168,-0.000227605,0.000817428,-0.000754159,0.001757256,0.001870816,0.002306467,-0.000189287,0.00024347,-7.04E-05,-0.000270543,0.000202363,-0.000704575,0.000151231,0.000269497,0.001468674,-0.000265731,-0.000810501,-0.000544592,-0.000453942,-0.001757833,-0.00049672,0.000306635,1.5905,0.6389,1.6181,0.8618,1.4657,0.9401,1.2425,0.9052,1.1004,0.9107,0.9655,0.9274,0.8591,0.9425,0.7837,0.9472,0.7083,0.9591,0.6067,0.9694,0.5353,0.9218,0.4718,0.8647,0.4147,0.7988,1.1075,0.752,1.0361,0.8099,0.9782,0.8052,0.921,0.8528,0.8623,0.8398,0.8321,0.8848,0.7702,0.8618,0.7507,0.8972,0.6962,0.8771,0.6824,0.912,0.6226,0.848,1.312,0.6536,1.3152,0.5718,1.104,0.6813,0.9726,0.7274,0.862,0.7538,0.7647,0.7665,0.6909,0.7758,0.621,0.7813,0.494311653,0.204194123,0.119562243,0.086864319,0.063704709,0.059908263,0.053751465,0.142206399,0.135929761,0.107466134,0.075546343,0.076333282,1.186622792,0.256843065,2.05E-05,0.120954413,0.094691129,0.075565137,0.198076071,0.194909723,0.199718201,0.202111875,0.223454089,0.263274496,0.525685172
LX028xLL255v2-1,Lecontei,1.844716578,0.033738917,-0.013879971,-0.007957381,0.001989993,-0.009127179,0.00427426,0.007292988,-0.00869183,-0.00238222,-0.00303942,0.009002065,-9.88E-05,0.000331865,0.00065045,0.005740258,0.003657386,-4.58E-06,-2.91E-05,0.003104439,-0.001339178,0.006045162,-0.0035406,0.004800269,0.004616216,-0.00113508,0.002118286,0.002030028,-7.97E-05,0.00049292,0.001013022,0.00321452,0.000927972,-0.001546217,0.000487239,-0.002326238,-0.001260983,-0.00043687,-0.000792258,-7.94E-05,-0.000550047,0.001110441,-0.000383528,0.000531646,-0.001718333,0.000464782,-0.000327189,0.000779822,0.000184713,-0.000626778,-0.000848886,0.000254425,-0.0005178,-0.000206143,-6.53E-05,0.000259044,0.000620413,0.00045572,-0.00065485,0.000726924,0.000191075,1.5683,0.6325,1.5909,0.866,1.4184,0.9358,1.198,0.9115,1.0536,0.9131,0.9163,0.9258,0.8052,0.9316,0.7221,0.9337,0.6533,0.9454,0.552,0.9468,0.4782,0.9028,0.4139,0.8448,0.356,0.7837,1.0615,0.7567,0.9882,0.8073,0.9253,0.8009,0.8763,0.8475,0.8168,0.8327,0.7837,0.8774,0.72,0.8475,0.6984,0.8917,0.6425,0.8583,0.6218,0.9004,0.5631,0.8298,1.271,0.648,1.271,0.5758,1.0607,0.6845,0.9231,0.7306,0.8171,0.7504,0.72,0.7623,0.6427,0.7676,0.5615,0.7679,0.50373224,0.206386264,0.124381671,0.08792548,0.058308576,0.048225408,0.0549295,0.144408864,0.137886112,0.111251292,0.08312653,0.06978775,1.221692568,0.254985509,0,0.113064097,0.097924869,0.078248898,0.199833656,0.184102064,0.18952976,0.201508809,0.224357973,0.265292838,0.491893322
LX028xLL258v2-1,Lecontei,1.863678543,0.036415711,-0.010775927,-0.000429045,0.004213303,-0.011762681,0.006657533,0.007698597,-0.004814549,0.000647208,-0.012717638,0.011120365,-0.001876761,0.010845867,-0.003551411,0.008312498,0.001319527,-0.000384097,-0.001815356,-0.00147457,-0.000993823,0.004962465,-0.001640998,0.003403496,-0.001624064,-0.00068583,0.003033761,0.000367255,0.001975473,0.000525356,-0.000330266,0.002656074,3.42E-07,-0.002693051,-0.000187253,-0.001949515,0.001416979,-0.00076581,-0.000468513,-0.000642176,0.000625999,0.000736642,-0.001488117,0.002319703,-0.00010502,0.002796584,-0.000963148,0.001712646,-0.001357213,-0.00115369,-0.000344968,0.001115781,-0.000506575,-0.000220909,0.000209628,-0.001114123,-0.000151189,0.000561359,0.000691363,0.000516854,0.000896541,1.6111,0.6873,1.6171,0.9491,1.4478,1.0136,1.2327,0.9864,1.0843,0.9911,0.9372,1.0075,0.8255,1.0112,0.7475,1.0078,0.6835,1.0205,0.5845,1.0274,0.5012,0.9737,0.4298,0.9107,0.3721,0.8478,1.0959,0.8226,1.0149,0.8787,0.9573,0.8761,0.8996,0.9189,0.844,0.9067,0.8044,0.9552,0.7472,0.9198,0.7242,0.9639,0.6698,0.9341,0.6488,0.975,0.5988,0.9012,1.3004,0.7276,1.2988,0.6504,1.0921,0.7556,0.9563,0.8004,0.8409,0.823,0.7456,0.8332,0.6684,0.839,0.5956,0.8361,0.50327564,0.213411996,0.132098902,0.096248221,0.059843212,0.049700101,0.057221849,0.148474409,0.148011385,0.111761263,0.078074067,0.065247912,1.249352332,0.278154489,5.12E-06,0.11735949,0.097682394,0.07870991,0.204278658,0.186414189,0.195110251,0.208120013,0.229674748,0.270253585,0.461793547
LX037xLL255v2-1,Lecontei,1.842633674,0.039647716,-0.009442404,-0.005646123,-0.00925444,-0.003185765,0.005070888,0.005406395,-0.011413901,0.008345053,-0.002060625,0.004345616,0.006847809,0.000915053,1.27E-05,-0.000619917,-0.002744912,-0.000671264,0.001479614,-0.005211803,-0.003882376,0.001899527,0.001876709,-4.14E-05,-0.000769049,0.001462683,0.001367641,-0.000581193,-0.000434625,-0.000379227,0.004188976,-0.000643205,-0.000772286,-6.44E-05,-0.003615744,0.00016045,0.001383098,-0.00185551,0.000166509,7.99E-05,0.000492381,-0.000122633,0.001554327,-0.00076095,0.000357417,0.001771284,0.000242114,-0.001206232,0.000124716,-0.002575976,4.09E-05,0.000980597,-0.000493964,-0.001912463,0.00044953,-0.000269251,0.00010566,-0.000263667,0.000812877,-0.000454484,0.000181285,1.6004,0.6393,1.6118,0.8557,1.4382,0.9298,1.2274,0.8901,1.0917,0.8988,0.9504,0.9067,0.8396,0.9144,0.7544,0.9181,0.6798,0.9303,0.5925,0.9361,0.512,0.8821,0.4433,0.8179,0.3909,0.7488,1.098,0.7313,1.0144,0.7927,0.9552,0.7821,0.9022,0.8287,0.8419,0.8139,0.807,0.8594,0.7351,0.834,0.7213,0.871,0.6663,0.8377,0.6504,0.8813,0.5964,0.8067,1.306,0.652,1.3036,0.5663,1.0972,0.6591,0.956,0.702,0.8401,0.7246,0.7349,0.7345,0.6671,0.7409,0.5933,0.7425,0.507235369,0.204845796,0.131272617,0.091691003,0.063935593,0.057567526,0.057143329,0.135978601,0.14152067,0.111067232,0.085280303,0.075591005,1.214446582,0.275179669,1.15E-05,0.117678078,0.108674974,0.068899419,0.206763367,0.197537667,0.208149225,0.212900211,0.239049639,0.265166061,0.5214007
LX037xLL258v2-1,Lecontei,1.829361183,0.0088753,0.011696963,-0.01805402,-0.005440891,0.005163951,0.017540731,0.002638314,-0.00721849,0.009638178,-0.000385247,0.009314254,-0.00818041,-0.006066801,-0.00184316,-0.005605509,5.19E-05,0.001874295,0.006242863,-0.009408407,0.000223021,0.000588113,8.95E-06,0.003566576,0.000355315,0.008240598,0.001436861,-0.001912569,-0.001989422,-0.002892089,0.003429013,0.00018911,0.002452405,-0.002365868,0.000177277,-0.000833945,-0.001800494,-0.000590553,-0.002435609,-0.000304743,-0.001676804,0.000244197,-0.00098704,-0.002021629,0.000885216,-0.000686329,-0.001491067,0.000300176,0.000605505,-0.000222652,0.001814604,8.65E-05,-0.000636503,-0.000132014,0.000124202,-0.000368156,0.001168473,0.000728934,-0.000908042,0.000289207,0.000105119,1.5345,0.656,1.5877,0.8321,1.4446,0.9615,1.2044,0.9171,1.0575,0.921,0.9155,0.9306,0.8083,0.9345,0.7298,0.944,0.6591,0.9528,0.5456,0.9496,0.4766,0.8988,0.4107,0.8401,0.3536,0.7734,1.0496,0.7639,0.9679,0.8123,0.9131,0.8107,0.8647,0.8583,0.802,0.8425,0.7742,0.8837,0.7083,0.8512,0.6972,0.8996,0.6353,0.8634,0.6279,0.9099,0.5623,0.8202,1.2448,0.679,1.2417,0.5962,1.0472,0.6829,0.9079,0.7242,0.7988,0.7421,0.7028,0.7548,0.6306,0.7603,0.5602,0.7618,0.490541517,0.217791827,0.140868201,0.088362492,0.06118374,0.055082847,0.053045735,0.146951761,0.142324137,0.107270919,0.079072751,0.071245561,1.186721353,0.260596316,1.92E-05,0.115561456,0.094103029,0.074012431,0.215086517,0.208773394,0.208380277,0.221700564,0.247205178,0.282066446,0.460386935
NP068xPX013-1,Pinetum,1.701001396,-0.043234429,0.02111052,2.92E-05,0.011194562,-0.024875087,-0.006275668,-0.007073498,0.001917302,0.001563872,0.005644861,-0.000757115,0.002247389,0.000811733,0.003514402,-0.000409223,0.00393231,-0.004996062,-0.00342122,0.001042158,-0.002993816,0.001853914,-0.001361456,0.001090278,-0.002663584,-0.001136735,0.000749964,-0.004855145,-0.0001857,-0.003947177,0.002343605,-0.002939565,-4.79E-05,-0.000933168,-0.001582267,-0.002288478,0.002007427,-0.001500243,0.001209574,0.003610708,0.003576169,-0.000176165,-0.004309195,0.000833821,-0.000438247,-0.000834025,0.000866427,0.001096358,-0.000492192,-0.000328568,0.000695205,6.38E-05,-0.000156417,-0.000441354,-0.0006201,0.000768853,0.000351285,-6.79E-05,-0.000780749,-0.000184298,-0.000178768,2.5653,0.9752,2.664,1.2163,2.5442,1.3037,2.2465,1.2605,2.1073,1.2709,1.9966,1.2882,1.9103,1.3026,1.8398,1.3098,1.7549,1.3069,1.6877,1.2983,1.6095,1.2627,1.5464,1.1872,1.507,1.1149,2.1154,1.1365,2.0496,1.1823,2.0011,1.1791,1.9569,1.2249,1.9035,1.2012,1.8857,1.2665,1.8172,1.2163,1.8031,1.2691,1.7463,1.2267,1.7104,1.2476,1.6593,1.1821,2.2821,1.0329,2.2821,0.98,2.1138,1.0681,1.9984,1.1048,1.9018,1.1203,1.8132,1.1278,1.7442,1.1289,1.6568,1.1268,0.458373832,0.180452792,0.105731972,0.074719342,0.043684894,0.054803102,0.074140003,0.139587965,0.112043652,0.087493143,0.070866706,0.084949514,1.06748067,0.257464658,0,0.100070825,0.087611072,0.071658705,0.205084422,0.204607356,0.199958621,0.192814548,0.198616263,0.233724303,1.030557252
NP073xPX013-2,Pinetum,1.696964096,-0.042077111,0.011103484,0.014478059,0.021848148,-0.022240291,-0.000140044,-0.003479234,0.007043903,-0.000140851,-0.004907008,-0.002993675,-0.006929462,0.009410227,0.004120447,0.003392796,0.000358902,0.004334406,0.003587929,-0.001151491,-0.006419395,0.001799245,-0.004829777,0.001486349,0.000910884,0.000428358,-0.005318547,-0.005013983,0.001942488,-0.002326749,0.006310889,-0.005167075,0.000744752,-0.000807782,0.00490089,0.002387226,0.001402567,-0.004479255,0.001004204,0.001626067,0.003331559,0.001237053,0.002099064,0.00206947,0.000751146,-0.001642732,5.54E-06,0.002171428,0.001472465,-4.37E-05,-0.000474164,-0.000596065,0.0010948,-0.000171521,0.000344172,0.000264789,-0.000430363,-0.000176774,-0.000322796,-0.000526019,-5.69E-05,2.616,0.9482,2.6963,1.2023,2.5701,1.3015,2.2702,1.267,2.1483,1.2843,2.0351,1.2972,1.9401,1.3101,1.8697,1.3105,1.7877,1.3091,1.7273,1.3019,1.6478,1.2627,1.5847,1.1888,1.5383,1.1165,2.1505,1.1365,2.0885,1.1823,2.041,1.1688,2.0081,1.2433,1.945,1.198,1.9256,1.2675,1.8592,1.2147,1.8506,1.2729,1.7913,1.2264,1.7625,1.2602,1.7114,1.1789,2.3215,1.0286,2.322,0.9849,2.1499,1.0734,2.0405,1.1073,1.942,1.1246,1.8499,1.1318,1.7862,1.1329,1.7068,1.1303,0.441142347,0.177082862,0.118237219,0.060284409,0.045000111,0.042173096,0.055011362,0.123121485,0.113932656,0.095871842,0.070401136,0.08201195,1.090762201,0.264753017,5.00E-07,0.100342613,0.087410125,0.068900653,0.196250478,0.196249866,0.199817241,0.196108057,0.207243432,0.227932117,1.068482948
NP073xPX013-3,Pinetum,1.77595909,-0.054065232,-0.005473242,0.000434545,0.008172982,-0.024390627,-0.006022326,-0.002593528,-0.003523361,-0.003211072,0.003609472,-0.0089527,-0.004421458,0.001642053,-0.004237722,-0.002106468,0.002572442,0.004687971,0.005139997,-0.003016841,-0.001194075,0.001499982,-0.005293097,-0.004307128,0.007990692,0.001114057,-0.004197003,0.000777475,0.003660007,-0.003590738,0.001532162,-0.002201793,0.002231438,-0.001005723,0.001399944,-0.002661342,0.001630587,-0.000180172,-0.001943375,0.001908207,0.001168665,-0.00164309,-0.000993204,0.002194225,0.000994024,0.002473372,0.00026379,-1.20E-05,0.00065997,-0.00027576,0.00051151,8.18E-05,6.81E-05,0.000597922,-0.001765313,-0.000370946,0.000725098,7.06E-05,0.000796024,-0.000332054,0.000212252,2.6289,0.9698,2.7028,1.2023,2.5874,1.2929,2.254,1.2702,2.1181,1.2821,2.0113,1.2972,1.9239,1.3188,1.8366,1.3198,1.7406,1.3145,1.6764,1.3058,1.6054,1.2659,1.5518,1.1972,1.5162,1.1219,2.1332,1.1419,2.0701,1.1909,2.0086,1.1866,1.9779,1.246,1.9137,1.2104,1.8959,1.2816,1.8301,1.2255,1.8155,1.2896,1.7546,1.2303,1.7217,1.2648,1.6679,1.1846,2.3236,1.0313,2.322,0.9732,2.1257,1.08,1.9991,1.1167,1.9006,1.1311,1.8186,1.1361,1.7431,1.1361,1.6668,1.1311,0.467255155,0.176220118,0.103060371,0.061131007,0.046560069,0.036840874,0.053172361,0.136420013,0.107862181,0.090029551,0.087305727,0.096146191,1.123047506,0.243891882,5.12E-06,0.097838898,0.084952752,0.075652429,0.197691679,0.206126029,0.2108729,0.199608868,0.203760055,0.229427396,1.077615377
NP077xNP085-1,Pinetum,1.774589468,-0.033994509,-0.028304034,0.019724776,-0.011335962,-0.020245541,0.004688625,0.001009537,-0.008532153,-0.012870399,0.021569116,-0.004103627,-0.013963363,-0.014634946,-0.013421887,-0.005017971,0.003562605,0.002749405,-0.00595833,0.00664453,-0.002801365,9.15E-06,-0.003905883,-0.00164715,0.000666561,-0.005039807,0.006502903,0.000103606,0.001505549,-0.00322766,-0.004705148,0.000845035,0.000427059,-0.004246277,-0.002447318,-0.002996012,0.00135165,-0.000561562,0.000500443,0.002859899,0.001104016,7.62E-05,-0.000161279,-0.000856918,0.001058368,-0.000930945,0.001741989,-0.000794814,-9.40E-05,0.000688145,0.000200448,-7.59E-06,0.00034379,0.002051377,0.000794707,0.000639657,0.000940797,-0.001510961,0.000276505,0.000380134,-7.50E-05,2.6514,0.9779,2.7089,1.1735,2.5708,1.3015,2.281,1.2767,2.1365,1.2918,2.0318,1.3112,1.9369,1.3306,1.8495,1.336,1.7578,1.3393,1.6974,1.3288,1.632,1.2896,1.5827,1.2303,1.5414,1.1577,2.1354,1.1494,2.0696,1.2001,2.0124,1.199,1.9725,1.2422,1.9218,1.226,1.9099,1.2929,1.8452,1.2519,1.8204,1.3037,1.7589,1.2562,1.7255,1.2745,1.6942,1.2228,2.3533,0.9876,2.3538,0.9369,2.1314,1.0847,2.0099,1.1286,1.9178,1.1472,1.8344,1.1588,1.7567,1.1624,1.6963,1.1638,0.447263904,0.193402818,0.113509911,0.090980712,0.04637122,0.04347528,0.072403936,0.14528682,0.106482158,0.096862635,0.08756666,0.091759359,1.124467892,0.231540947,5.00E-07,0.094537612,0.080860188,0.08640706,0.185963706,0.196847149,0.200053718,0.199729818,0.206547331,0.243401233,1.113673404
NP078xNP060-V2,Pinetum,1.720430051,-0.041514878,-0.01199358,0.010862779,0.02325622,-0.015107102,-0.007738467,0.000187693,0.011020989,0.001707144,0.009436003,0.000279993,-0.00876526,-0.00121102,0.005128069,0.000562824,0.003094894,2.52E-05,0.002152561,-0.002984145,0.001179546,-0.002877155,-0.001809675,0.001427302,0.002702973,-0.000356489,0.000970726,-0.002728206,-0.000227086,-0.002586296,0.001145295,-0.000395797,0.000576215,-0.000270511,0.001559157,-0.001350219,-0.000451819,-0.000168198,0.0023056,0.002045423,-0.000894811,-0.002081278,0.00216918,0.000498595,0.000403682,0.001102244,-0.002248768,-0.000298473,-0.001394286,-3.08E-05,-0.000230222,-0.000360112,0.000308096,0.00089307,4.87E-05,0.000137371,-0.000611897,-0.000960805,5.07E-05,0.000357404,0.000229953,2.6073,0.9655,2.6953,1.1915,2.5572,1.3166,2.2422,1.2882,2.1113,1.2983,2.0178,1.3206,1.9236,1.3385,1.8538,1.3436,1.7675,1.3511,1.7006,1.3436,1.6268,1.302,1.5717,1.2411,1.5275,1.1726,2.1368,1.157,2.0721,1.2102,2.0167,1.2039,1.9854,1.2594,1.9315,1.2319,1.9099,1.2977,1.8511,1.254,1.8317,1.3107,1.774,1.2648,1.7465,1.2929,1.6845,1.2213,2.317,1.0412,2.3177,0.9865,2.1332,1.0901,2.0135,1.1305,1.9256,1.1478,1.842,1.1591,1.7648,1.1661,1.6791,1.1694,0.456847655,0.168293197,0.096427434,0.069247383,0.043038704,0.039633572,0.061872773,0.13128907,0.096122526,0.095885609,0.06998607,0.086625285,1.099480991,0.243319975,9.80E-07,0.089682997,0.083382072,0.077852746,0.202062985,0.198562962,0.197086073,0.195858827,0.194220699,0.226107519,1.054119168
NP078xNP060v4-1,Pinetum,1.740832196,-0.040799648,-0.032929686,-0.013030322,0.008384313,-0.004656923,-0.014773269,-0.002277051,0.004502499,0.003972198,0.014820301,0.010822172,-0.000370199,-0.000613869,0.00560707,-0.001872236,-0.000953951,0.007186624,-0.003295056,0.001027909,-0.005463658,-0.000646034,0.002050208,-0.001412444,-0.002015408,-0.001373301,-0.00277905,-0.004865318,0.003555867,0.001962875,-0.000522613,0.001353274,0.003150901,-0.002443869,-0.001541243,0.001155367,0.000996497,-0.001793826,0.001486005,-0.000731086,-0.000579298,0.00196934,-5.62E-05,-0.000672971,0.002099148,-0.001851505,0.000925304,0.000761601,8.49E-05,-0.000805637,0.001110134,0.000156388,0.000444465,-0.002448623,-0.000994416,5.51E-06,7.84E-06,0.000371462,0.000407556,0.000107251,2.55E-05,1.5087,0.6476,1.5694,0.8306,1.4456,0.9544,1.1099,0.9067,0.9792,0.9287,0.8819,0.9446,0.7888,0.9562,0.7075,0.9687,0.6377,0.9758,0.5702,0.9647,0.5049,0.9197,0.4488,0.8687,0.4004,0.7988,1.0194,0.7959,0.9485,0.8488,0.9009,0.8435,0.8565,0.8901,0.7993,0.8721,0.7782,0.925,0.7157,0.8911,0.6956,0.9271,0.6417,0.9007,0.6205,0.9303,0.5456,0.8679,1.2147,0.6933,1.2131,0.6202,1.0175,0.7282,0.8988,0.766,0.794,0.7865,0.7143,0.7968,0.6337,0.8028,0.5389,0.8052,0.479239439,0.143062539,0.085594976,0.06012828,0.032951479,0.04326858,0.048642471,0.132538636,0.098590568,0.093819881,0.082255334,0.070160174,1.118566194,0.237391765,5.12E-06,0.105548662,0.085731908,0.074620105,0.19714411,0.181574365,0.17595059,0.180892288,0.181481266,0.200997537,0.422629069
NP078xPX013-1,Pinetum,1.692433241,-0.039040979,0.005143579,-0.022543027,0.008133312,-0.026311301,-0.015781739,0.00647354,0.007840639,0.001907506,0.00946538,0.002389316,-0.012980968,0.001440225,0.00652611,-0.003486824,0.002947918,0.002088987,-0.005500199,-0.005287146,0.003951069,-0.004945671,-0.0045309,-0.0019704,-0.000335027,-0.001567318,0.003441981,0.004360558,0.001392473,0.005104433,-0.003212134,0.003144364,-0.001788966,-0.000626517,-0.00377016,-0.001862591,0.002898172,-0.001508506,0.001448556,-0.002137646,-0.002810704,-0.000960553,0.002876784,-0.002688867,-0.001467146,-0.001642043,0.002856432,-0.001446886,-0.000995342,-0.000187527,-9.43E-05,-0.000700653,2.44E-05,-0.000877843,0.000900624,-0.000587832,6.01E-05,0.000888438,-0.000876024,0.001002977,-0.000788603,2.5955,0.9978,2.6888,1.2217,2.5755,1.2983,2.2627,1.2648,2.1246,1.2789,2.0232,1.3026,1.9326,1.3119,1.8592,1.3263,1.7772,1.3306,1.7071,1.322,1.6302,1.2878,1.5762,1.2339,1.5273,1.1641,2.135,1.1537,2.0717,1.2134,2.02,1.2077,1.9775,1.2443,1.9329,1.23,1.9142,1.2803,1.8657,1.2623,1.8463,1.2983,1.7844,1.2558,1.7621,1.2954,1.6917,1.2264,2.3109,1.052,2.3101,0.988,2.1318,1.0825,2.0067,1.1185,1.9218,1.1365,1.8535,1.1523,1.7726,1.158,1.6845,1.1624,0.449221749,0.169264586,0.08419418,0.074076852,0.036566651,0.03082872,0.038302089,0.138817938,0.104132848,0.091076067,0.074799198,0.082112667,1.081067496,0.239291559,1.28E-06,0.089909399,0.074559573,0.081559426,0.192053456,0.189273479,0.178126275,0.194605164,0.199069259,0.224428385,1.058312492
NP081xNP060v4-1,Pinetum,1.690675177,-0.048384807,-0.034971606,-0.015504634,-0.010276658,-0.015119105,0.01506445,0.001107969,0.003132489,0.008164062,0.009606993,-0.008922515,0.000631273,0.002895665,-1.28E-05,-0.008396293,0.003518629,0.004788628,0.000560456,0.002552312,-0.004002165,-0.001558028,0.008139171,-0.003456525,-0.003448467,0.004173678,0.002859345,0.003591968,-0.00254509,0.0030295,-0.002441083,0.003893598,-0.003504695,0.006701715,-0.004994152,0.001456063,0.000992197,0.000592441,-1.44E-05,0.003314896,0.00164289,0.000943199,0.00096172,-0.002418846,-0.002067958,-0.002006421,-0.000401655,-0.000661209,5.64E-05,0.000703237,0.001198808,0.001726521,-0.000615776,-1.51E-05,-0.000119674,0.000120444,-0.000372372,0.000214983,-0.000153099,9.58E-06,0.000115099,1.4853,0.7321,1.5512,0.894,1.4337,0.9967,1.116,0.9583,0.9816,0.9692,0.8829,0.989,0.7872,1.0012,0.7163,1.0097,0.6247,1.0097,0.5586,0.9898,0.5078,0.9443,0.4607,0.8853,0.4282,0.8168,1.0184,0.8507,0.9549,0.9184,0.8992,0.8917,0.8516,0.929,0.798,0.9194,0.7737,0.9594,0.7065,0.9329,0.6943,0.971,0.6337,0.9329,0.6131,0.9607,0.5906,0.9004,1.2099,0.7472,1.2107,0.6869,1.021,0.779,0.8964,0.8099,0.7948,0.825,0.706,0.8329,0.6321,0.8337,0.5898,0.8324,0.430677292,0.145270506,0.057389285,0.067673407,0.04392596,0.044516177,0.050354344,0.134841277,0.100666429,0.096474504,0.071407703,0.0916,1.060487859,0.216640624,1.28E-06,0.104922495,0.09249054,0.0728,0.180702241,0.195104177,0.18686447,0.186165545,0.180653065,0.202912518,0.376526281
NP086xPX014-1,Pinetum,1.675320677,-0.037482161,-0.035143998,-0.005730609,0.022642642,0.006335061,-0.00641366,-0.015292109,-0.005811568,-0.003168648,0.007275267,0.003819122,-0.003068229,-0.007242167,0.000799453,0.000704662,-0.002059438,0.003790013,-0.000349119,0.003709668,-0.003038972,-0.000819938,-0.00109207,-0.000818889,-0.000205103,0.000606566,-0.000530451,0.001050312,0.003029169,0.000267992,0.00202271,-0.001966216,0.002297737,0.00243016,0.000730206,-5.34E-05,-0.001824785,-5.03E-05,0.000794613,-0.002281735,0.001204135,0.002453336,-0.00095473,0.001232575,0.000106868,-0.000697646,-4.71E-05,0.00013209,-0.000633402,0.001128087,-0.001069526,0.001199581,-0.000255939,-0.00118354,0.000568466,-0.000436042,-0.000267413,-0.000757698,-0.000270531,-0.000604657,0.000177838,1.5206,0.6651,1.5692,0.8282,1.4549,0.9731,1.1472,0.9472,1.0298,0.9607,0.9266,0.9786,0.8448,0.9913,0.7702,0.9984,0.6889,1.0083,0.6179,0.9988,0.5552,0.9591,0.4996,0.9012,0.4583,0.8361,1.0567,0.829,0.9964,0.8821,0.944,0.8774,0.9075,0.9258,0.8472,0.9044,0.8298,0.9528,0.7667,0.9179,0.7552,0.9655,0.6952,0.931,0.6675,0.9468,0.594,0.9004,1.2504,0.7194,1.2504,0.6607,1.054,0.7694,0.9409,0.806,0.8429,0.8282,0.7639,0.8361,0.694,0.8405,0.5909,0.8417,0.468176516,0.148867357,0.085402108,0.056148464,0.041318882,0.036158125,0.065116895,0.118173643,0.104740871,0.08278001,0.074937107,0.081900549,1.075975042,0.227911057,0,0.100494975,0.081624139,0.072690164,0.193286213,0.175324984,0.17501957,0.172121614,0.178424494,0.200746308,0.417718865
NP089xNP060v2-1,Pinetum,1.739305725,-0.040932267,-0.025801193,-0.008793404,0.020127546,-0.008656324,-0.000580661,-0.009528676,-0.012714688,0.010472583,0.000282063,0.006570987,-0.000468618,0.005742682,0.008955898,0.000237345,-0.001481982,0.003403386,0.005194382,-0.002138001,-0.005099946,0.002243157,0.003734263,0.000661961,-0.001325348,-0.003179341,-0.005022606,-0.001891068,0.001013239,0.001034707,0.002155055,-0.000261826,0.001135985,-0.001453288,0.001089095,-0.001249564,0.003035568,0.001982788,-0.002071958,0.000277151,0.000467477,0.001956866,-0.000229367,-0.000132128,-0.002516663,0.000493136,-0.000958623,0.000579492,-0.00144022,0.000942686,-0.000118559,0.001271293,0.000582332,0.001551359,0.000416979,0.000510186,9.12E-05,-0.00026301,-0.000237315,0.000960396,0.000236924,1.4563,0.6651,1.5266,0.8671,1.3861,0.9837,1.0901,0.956,0.9528,0.9655,0.8425,0.9917,0.7504,1.0028,0.6742,1.0091,0.5933,1.0155,0.5179,1.0004,0.4591,0.9567,0.3996,0.8922,0.3594,0.8266,0.9821,0.8417,0.9155,0.8922,0.8647,0.8832,0.8224,0.9366,0.7589,0.9112,0.7345,0.9684,0.6721,0.9239,0.652,0.9716,0.598,0.9303,0.579,0.9705,0.5044,0.9028,1.1726,0.752,1.1734,0.6774,0.9824,0.7769,0.8634,0.8118,0.756,0.8276,0.6671,0.8356,0.5967,0.8372,0.502,0.8353,0.481591632,0.157252949,0.082244635,0.058651684,0.037896834,0.04357855,0.047217476,0.137628267,0.113368999,0.092766481,0.07645999,0.081152757,1.108725331,0.235220514,1.28E-06,0.109442405,0.08772417,0.07437587,0.202009232,0.188562616,0.186801312,0.185502183,0.177809027,0.208988277,0.360285692
NP091xPX013-1,Pinetum,1.666223956,-0.040845317,-0.029068662,-0.002045132,-0.009131071,-0.020702995,0.017802972,0.003125746,0.005231569,0.004216451,-0.000289601,0.003630747,0.001138942,0.000757461,0.003670328,0.000726859,-0.000332378,-0.001804279,0.000965947,-0.000732967,-0.000679941,0.002293037,-0.000448243,-0.005504868,-0.00163324,0.002483174,0.001640201,-0.001905756,0.001595049,0.003430908,-8.13E-05,0.002473739,-0.00210313,-6.32E-05,-0.001073895,-0.000428105,0.001124461,-0.000729623,-0.002299366,0.000318856,-0.000637804,0.000214,-0.002367163,0.000109485,0.000453937,0.000606564,-0.000866748,0.000385558,0.000668476,-0.000106246,0.000364435,0.000481612,0.000507561,6.54E-05,-0.000238951,0.000363038,0.00088209,-0.000155383,-0.00014667,-0.000381782,0.000196299,1.5205,0.6784,1.5901,0.877,1.471,0.9835,1.1726,0.9488,1.0409,0.9615,0.9353,0.9782,0.844,0.9901,0.7652,0.9972,0.6848,1.0015,0.6234,0.9909,0.5647,0.9488,0.5155,0.8964,0.4742,0.8337,1.0647,0.8337,0.998,0.8853,0.9464,0.8813,0.9052,0.9202,0.8472,0.906,0.8266,0.9544,0.7623,0.9187,0.7459,0.9615,0.6877,0.9266,0.6649,0.952,0.6504,0.8996,1.2528,0.7377,1.2512,0.6726,1.0619,0.7683,0.9448,0.8052,0.8462,0.8231,0.7578,0.8327,0.6837,0.8369,0.6488,0.8361,0.419508403,0.15776698,0.087446269,0.065345314,0.039714607,0.040583001,0.053350351,0.132310922,0.106912347,0.092072254,0.079119214,0.080514905,1.057762629,0.216731354,5.12E-06,0.102228812,0.085844627,0.075017131,0.169272443,0.179828641,0.179458073,0.178870959,0.183479972,0.211742155,0.410270764
NP096xNP060-V4,Pinetum,1.671475336,-0.045718566,0.006786749,-0.006046924,0.015025725,-0.026702147,-0.000270358,-0.00227606,0.006551667,0.002502563,0.005984268,0.006824255,-0.001584074,0.003538489,0.000212938,0.000178931,0.004648264,-0.001108132,7.64E-06,0.003425614,0.001640723,-0.00422623,0.001592386,-0.002169992,0.001907895,0.000566762,0.003153568,-0.000846384,0.003330106,-0.004001576,-0.005508907,-0.003051947,-0.000396937,-0.002138314,-0.001143489,-0.001294181,-0.002012265,-0.000146157,0.002161998,0.001737578,-0.000689318,0.000771658,0.001091787,-0.000876108,-3.54E-05,-0.000258835,0.000381505,-0.001899398,-0.000344874,0.001948236,5.13E-05,-0.000153745,-0.000832818,-0.000757808,-0.00020396,-9.19E-05,0.000658448,-0.00032014,-0.000664857,-0.000132044,0.00014464,2.5685,0.9687,2.6597,1.1969,2.5539,1.294,2.2551,1.2648,2.1041,1.2756,2.0049,1.295,1.9218,1.3112,1.8517,1.3177,1.7611,1.3242,1.6947,1.3145,1.6251,1.2745,1.5717,1.2147,1.5297,1.1499,2.1289,1.1451,2.0604,1.1936,2.0156,1.1893,1.9693,1.2346,1.9153,1.2195,1.9008,1.2729,1.8441,1.2416,1.8225,1.2832,1.7621,1.2481,1.7388,1.2745,1.6823,1.1997,2.2871,1.0343,2.2864,0.9883,2.1246,1.0787,2.0086,1.1143,1.9088,1.1343,1.8387,1.1455,1.7575,1.1516,1.6812,1.1534,0.449925238,0.173938294,0.092917652,0.07011077,0.0436794,0.045198341,0.054473663,0.151385732,0.101079177,0.084664337,0.07040071,0.090832869,1.054485126,0.233062567,9.80E-07,0.104747936,0.074550989,0.082257219,0.18856471,0.190952481,0.18537017,0.187242356,0.187451167,0.227295974,1.038417185
NP096xNP081-1,Pinetum,1.681066609,-0.015269017,-0.019994556,-0.002020959,-0.002281886,-0.018749897,0.021078077,-0.000551539,0.016753352,-0.002910844,0.006995178,0.00165661,-0.003417486,0.001817006,0.005371021,-0.002787852,-0.004199393,-0.01000595,-0.002846422,-0.002012989,0.000120809,0.001495874,0.002079735,-0.00053914,-0.001826837,-0.001323185,-0.000564285,-0.004073941,0.001554103,0.001100381,0.00098623,-0.003418027,0.000392646,-0.002341499,-0.000664068,0.001671592,-0.003423021,0.001331531,-0.002478291,0.001875712,-8.69E-05,0.00086221,-0.000669049,0.002386309,0.000428482,0.000510002,0.001291776,0.000721136,0.000503818,-0.000346703,-0.000660568,-0.000390718,6.49E-05,-0.000726836,0.001604514,-0.000313994,-0.000227608,0.000148062,0.000737597,0.000536017,0.000398072,1.4357,0.6881,1.5126,0.8922,1.393,1.0033,1.1099,0.9668,0.9798,0.9721,0.8708,0.9901,0.7766,1.0112,0.693,1.0208,0.6184,1.0292,0.5517,1.0239,0.4882,0.979,0.4295,0.9229,0.3787,0.8546,0.9917,0.8393,0.929,0.889,0.8813,0.8885,0.8401,0.9321,0.7813,0.9163,0.7623,0.9687,0.6972,0.9361,0.6726,0.9694,0.6202,0.9488,0.5964,0.9734,0.5774,0.9107,1.1869,0.7329,1.1853,0.6623,0.9917,0.771,0.8835,0.8089,0.7798,0.8321,0.6951,0.8448,0.6216,0.8512,0.575,0.8504,0.420407481,0.173860548,0.097397382,0.065623852,0.044841276,0.055300271,0.05998033,0.130207911,0.110476242,0.096534191,0.084149391,0.075071433,1.070033294,0.242056791,5.12E-06,0.103792293,0.086399363,0.07804031,0.183991848,0.18401663,0.185286832,0.182332115,0.189493879,0.228711346,0.38652943
NP096xNP086-1,Pinetum,1.739942344,-0.052268488,-0.032795163,-0.009939613,0.009211682,0.004956307,-0.004591068,-0.002485799,0.002069858,0.005153561,0.008431869,0.010940831,-0.002690617,0.00045485,-0.001474878,0.001525282,-0.002004356,0.004074035,-0.002343936,0.003109518,-0.003938803,-0.000764273,0.004446666,-0.002331303,-0.000372361,0.00166306,0.003143885,-0.001360491,-0.0003014,0.001083022,0.003385395,0.002040263,0.000262906,-0.000743957,9.00E-07,-0.001047031,-0.00076174,-0.000188769,-0.000271158,-0.000507654,0.000325375,0.000741206,-0.000632124,0.001395189,0.00119047,0.000644306,0.000853348,-0.000431224,-0.000390888,-0.000973782,-0.00070704,0.000717129,0.000680822,-0.000755154,0.000950982,-0.000436416,0.000646062,0.000870259,0.000301016,-0.000292719,-0.000180309,1.5214,0.6937,1.5687,0.8583,1.4552,1.0036,1.1194,0.9647,0.9798,0.975,0.8774,0.9909,0.7938,1.0036,0.7176,1.0057,0.6382,1.0142,0.5694,1.0067,0.5054,0.9575,0.4493,0.9009,0.4081,0.8353,1.0234,0.8488,0.9504,0.8972,0.9036,0.894,0.8599,0.9337,0.8052,0.9139,0.779,0.9623,0.7163,0.9303,0.6993,0.9702,0.6427,0.939,0.6189,0.9612,0.556,0.9052,1.2163,0.7464,1.2142,0.6747,1.0231,0.7758,0.9028,0.8115,0.8049,0.83,0.7128,0.839,0.6398,0.8411,0.5544,0.8385,0.470790527,0.150495216,0.083169706,0.059817138,0.043871745,0.039939204,0.056404698,0.139979463,0.103627072,0.084559151,0.076228932,0.079853679,1.122268885,0.235362805,8.82E-06,0.100392081,0.090400055,0.074112415,0.194661064,0.18206043,0.183450702,0.176479631,0.180724237,0.212030422,0.390547782
NP096xPX013-1,Pinetum,1.678964775,-0.054262304,-0.018418419,-0.013769085,0.013821648,0.013453354,-0.009303068,0.003149923,-0.001432229,0.018585004,0.006469913,0.004965808,0.004417586,0.004708428,0.00573221,0.000130131,-0.001920015,0.000589957,-0.00227625,0.000407324,-0.002654786,0.005437153,0.006102407,0.000103401,-0.00081249,-0.003267769,0.003922951,-0.000460019,0.000405513,0.006118537,-0.000665725,-0.001073561,0.000348149,-0.001562779,-0.002265311,-0.003829943,-0.000731641,-0.000589606,-0.001666363,-0.001769399,0.000549006,0.001612407,0.000585385,0.000831759,-0.000697602,-0.001217431,0.00052227,0.001349603,0.001830846,0.001258263,-0.001199649,0.002026598,0.000593975,0.001113928,-0.000114116,-0.00071326,-0.000115825,0.000453012,-0.0006408,0.000481065,0.00028795,1.5103,0.6889,1.5813,0.839,1.4533,0.9755,1.1377,0.9623,1.0052,0.9774,0.9115,0.9956,0.8298,1.0115,0.7583,1.021,0.6806,1.0353,0.6115,1.0292,0.5425,0.9901,0.4821,0.929,0.4361,0.8583,1.0409,0.8512,0.9731,0.9062,0.9245,0.8991,0.8848,0.943,0.8287,0.9287,0.8091,0.9729,0.7472,0.9451,0.7335,0.9795,0.6716,0.9549,0.6525,0.9816,0.5819,0.9337,1.2009,0.7726,1.202,0.6848,1.0419,0.7787,0.9226,0.8213,0.8284,0.8446,0.7448,0.856,0.6687,0.8615,0.5819,0.8615,0.466355283,0.147354844,0.078101536,0.058988558,0.043800114,0.048345527,0.060607755,0.133357639,0.095451192,0.083232806,0.072128358,0.079004937,1.087475057,0.244891752,2.42E-06,0.100268639,0.083133688,0.076232539,0.199870283,0.182943735,0.177215265,0.172356056,0.176606823,0.207090801,0.368522374
NP096xPX013-2,Pinetum,1.73766136,-0.038441982,-0.043200145,0.01132283,-0.001063924,-0.010847651,0.017464251,0.001983557,0.018533583,-0.005457561,-0.011172123,0.002508545,0.002724958,0.009988827,-0.002285934,0.001433305,0.001305569,-0.002679505,-0.003102682,-0.000258725,0.00241675,-0.00212857,0.000981949,0.005531448,0.000852781,-0.010056009,0.002333771,0.002527968,-0.002152239,0.001085616,-0.000944458,0.00118441,0.001253321,-0.001554507,-0.000730993,-0.001770249,-0.004035961,0.001047964,-0.002245935,0.002389019,0.000314039,-0.002367518,0.001992039,-0.000599313,0.003211122,-0.001154116,-0.001080033,-2.19E-06,-0.000945778,-0.000153108,0.001741217,0.000427853,0.000579768,-0.000358207,-0.000269778,-0.000465399,-0.001232113,0.000964962,0.00043886,-5.65E-05,-8.16E-05,1.4952,0.6563,1.5501,0.8697,1.4263,0.9861,1.098,0.9679,0.9766,0.9806,0.8671,0.9988,0.7753,1.0179,0.6938,1.0253,0.6187,1.0306,0.5538,1.0269,0.4869,0.9792,0.425,0.9152,0.3872,0.8454,1.0115,0.8496,0.9409,0.894,0.8813,0.8909,0.8409,0.9313,0.7877,0.9163,0.7567,0.9631,0.7012,0.9353,0.6655,0.9647,0.6269,0.9499,0.5993,0.9636,0.5869,0.9052,1.2083,0.7226,1.2075,0.6726,1.0139,0.7811,0.8811,0.8216,0.7885,0.8396,0.7028,0.8491,0.625,0.8525,0.5853,0.8512,0.428224847,0.14655081,0.093669899,0.072406422,0.057870545,0.066882359,0.069752133,0.122062484,0.111002207,0.093765932,0.081835261,0.075286785,1.124020823,0.246369255,1.28E-06,0.096985154,0.088562125,0.075720869,0.182482657,0.185992688,0.183710887,0.17754605,0.18547574,0.20485861,0.383797095
NP097xNP060-V2,Pinetum,1.677291611,-0.06175034,0.027348175,-0.016076665,0.001323788,-0.018847401,-0.001056225,-0.000229867,-0.004772151,0.002976097,0.002476904,0.013728277,-0.000956213,0.009984297,0.002571601,-0.002624422,0.00134636,0.00799063,0.0050632,-0.001228418,0.000303198,-0.005952732,0.002313556,-0.002225264,0.004185198,-0.000539452,0.005854359,0.003688817,-0.004927533,0.004807151,0.000328043,0.000650686,-0.001720766,0.007790655,0.004342899,0.003107861,-0.000801284,0.00111972,-0.000446004,0.003745631,-0.000544162,5.43E-05,0.000434849,-0.000922809,-0.000846905,0.00372065,-0.001834047,0.000608142,-0.001750206,0.000579669,0.00128832,0.000741625,-0.001047554,7.84E-05,0.000498423,-0.000423624,-0.000442637,4.32E-05,0.000205172,0.000993626,0.00026074,2.6019,0.973,2.6953,1.1839,2.6079,1.2799,2.3019,1.2594,2.1501,1.2602,2.034,1.281,1.9488,1.2961,1.883,1.3026,1.7913,1.3037,1.7298,1.2988,1.6591,1.2573,1.6036,1.1953,1.5566,1.1251,2.1508,1.1404,2.0847,1.1951,2.0358,1.1793,2.007,1.2166,1.948,1.2037,1.9078,1.2397,1.8646,1.2224,1.8502,1.2713,1.7916,1.2335,1.7715,1.2702,1.7068,1.1897,2.3055,1.043,2.304,0.9991,2.1451,1.0714,2.0257,1.103,1.9344,1.1188,1.8538,1.1303,1.7826,1.1325,1.7006,1.1311,0.446728654,0.19233359,0.092277679,0.069830939,0.069727756,0.045337953,0.038913879,0.151802108,0.117948506,0.086527741,0.066120269,0.091706597,1.056307957,0.245295597,4.50E-06,0.091127383,0.085470755,0.073839082,0.194980127,0.19752005,0.191088043,0.190339171,0.200467454,0.244806536,1.061898983
NP097xNP077-1,Pinetum,1.752748402,-0.051290157,-0.011305183,-0.007013501,0.006775558,-0.007103849,-0.00098914,-0.002885934,-0.002110268,0.001946713,0.003900909,0.005712527,-0.004448736,0.000560179,0.003321838,-0.000401533,0.002821746,-0.003096724,-0.002424233,-0.00022018,0.001509979,-0.002370787,-0.004030626,0.004386396,0.004688194,0.000857084,0.003064519,-0.000440565,-0.000433407,0.000324422,-0.002143039,-0.001757826,-0.001195441,-0.001842127,-0.004222408,0.000619529,0.001727936,2.67E-05,0.002230923,0.004123955,0.000639205,0.000171497,-0.000371693,0.000504569,0.001072626,0.001170868,-0.002015707,0.000345468,-0.000398948,0.00181982,-0.00023167,-0.000356915,0.001200429,-0.000501999,-0.000251449,0.000589592,-0.000877025,0.000560769,0.000149903,-1.85E-05,-0.000478501,2.6019,0.9461,2.6888,1.1393,2.5651,1.2666,2.2465,1.2415,2.1063,1.2551,1.9919,1.2731,1.9056,1.2896,1.8323,1.2961,1.746,1.3037,1.6769,1.295,1.5992,1.2605,1.5453,1.1963,1.5016,1.1289,2.1217,1.1242,2.052,1.1832,2.0016,1.1695,1.9628,1.212,1.9067,1.1969,1.8866,1.2544,1.8283,1.2156,1.8003,1.2558,1.7463,1.2271,1.7161,1.2458,1.6618,1.1807,2.3087,1.0149,2.3073,0.9524,2.1181,1.0577,1.9946,1.0928,1.8984,1.1109,1.8172,1.1208,1.7346,1.1257,1.6559,1.1273,0.463357594,0.171272677,0.090100499,0.067675845,0.0400005,0.051459596,0.065164561,0.140858085,0.115807426,0.087863189,0.073587635,0.086634,1.115381518,0.241493892,3.92E-06,0.098776364,0.080599318,0.082802476,0.198078192,0.196421613,0.190546582,0.187219363,0.197023298,0.224207493,1.087096192
PBX002V01,PBX,1.674481003,0.004051671,0.021108599,-0.004622164,0.007139034,-0.005213128,-0.008952607,0.001154261,-0.009224024,0.00895298,-0.013367486,-0.010756709,0.000173432,0.001383854,0.007163076,-0.005191869,-0.00216059,-0.003278888,0.000195065,-0.001926007,-0.001630801,-0.002490061,-0.000123506,-0.002835294,0.000709839,-0.000600746,0.001091636,-0.001597958,-0.001358008,-0.001082094,0.000468623,-0.002093268,0.000275688,-0.002978254,-0.003485519,0.001186467,-0.000692357,0.0003621,-0.000341962,0.001985375,-0.001378785,0.002131114,0.000387435,0.001226296,0.002866599,0.000531457,-0.001636311,-0.000656645,-0.000729236,-0.000850604,0.001689769,0.000590065,0.000635172,0.00149201,-0.001305729,0.001244795,-0.000273647,-0.000988018,0.000273977,0.000163181,0.000800238,2.5847,0.9817,2.6345,1.2019,2.4863,1.2709,2.254,1.24,2.1354,1.2476,2.0178,1.2627,1.9326,1.2745,1.8549,1.2821,1.774,1.2918,1.6974,1.2929,1.61,1.2497,1.5388,1.1796,1.4903,1.103,2.1311,1.1106,2.0563,1.1624,2.0074,1.1537,1.9707,1.1983,1.9088,1.1796,1.8916,1.2314,1.8261,1.194,1.8197,1.2472,1.7535,1.2055,1.7373,1.24,1.6748,1.1645,2.2994,1.0271,2.3001,0.9696,2.1303,1.0469,2.0074,1.0814,1.9061,1.0944,1.8215,1.1009,1.7454,1.1079,1.6726,1.1106,0.459472415,0.178462237,0.116257688,0.079785776,0.059486217,0.049568639,0.063483305,0.118843258,0.118565467,0.086013255,0.078070801,0.081479445,1.101101744,0.280984733,9.80E-07,0.101944936,0.083944327,0.07350517,0.207642481,0.205756871,0.206107181,0.201994505,0.20977712,0.229323571,1.072396536
PBX002V04,PBX,1.767163687,-0.016012781,-0.00530002,0.004831341,-0.010485457,-0.010566947,-0.007092888,-0.001482241,-0.009279585,0.008863861,-0.005406132,0.005200053,0.008239752,0.008594347,0.011158623,0.002540641,0.000867485,0.001606331,-0.00692077,0.000101291,-0.002734965,-0.001290801,-0.001511517,-0.001147442,0.00183145,5.96E-05,-0.002314639,-0.002409211,-0.003356001,-0.000798339,0.000466995,-0.001079607,0.000759014,-0.00271328,-0.001917445,0.000611242,-0.004779847,0.000658454,-0.003689349,9.48E-05,-0.000462189,-0.002321953,0.000834882,-0.000528283,0.001502805,0.000173946,-0.000346797,-0.001082614,0.001227197,0.001154427,0.00137747,0.001908326,-0.000183629,-0.000252114,0.001329264,2.69E-05,0.000605264,-3.08E-06,-0.000163679,-0.000471303,0.000164674,2.617,0.9773,2.6719,1.2091,2.518,1.2882,2.2476,1.2584,2.1127,1.2648,1.9941,1.2735,1.8883,1.2929,1.8139,1.2994,1.7341,1.3101,1.6834,1.3069,1.6014,1.267,1.5259,1.198,1.473,1.1214,2.1278,1.1386,2.052,1.1771,1.9959,1.1735,1.9506,1.2188,1.888,1.2015,1.8635,1.2476,1.7988,1.2145,1.783,1.2548,1.7197,1.2231,1.7053,1.2504,1.6507,1.1828,2.3166,1.0329,2.3145,0.9714,2.1257,1.0599,1.9912,1.0958,1.8848,1.1152,1.7905,1.1232,1.7165,1.1268,1.6503,1.1268,0.479143037,0.169422785,0.106657302,0.069888053,0.051644264,0.054258363,0.066283708,0.135051731,0.11891867,0.107563934,0.074683398,0.08051416,1.153039813,0.28049672,8.82E-06,0.111473809,0.090142332,0.079566136,0.201547339,0.19818557,0.195864571,0.192367825,0.208142379,0.232941752,1.074082832
PBX002V05,PBX,1.744652084,0.013848904,-0.022181753,0.015736034,-0.000915108,0.007676887,-0.012922749,-0.000687222,0.003707801,1.18E-05,0.000304661,-0.005661177,0.000263772,-0.012173297,0.001742935,-0.008288946,0.002551864,-0.000654335,-0.00394728,-0.001299235,-0.000702177,0.001946881,-0.001127548,0.00631237,0.00015449,-0.000269636,-0.001833784,0.000793216,0.003855414,-0.002629926,0.002205525,-0.00044331,-0.00063809,-0.001464448,-0.001622886,0.001254497,-0.00196509,0.000293467,-0.001636661,0.002442586,-0.002117008,-4.84E-05,0.000152922,-0.001300247,-0.000630473,0.001619696,-0.002328546,-0.001462425,-0.000297075,0.001797376,3.37E-06,0.001136674,0.000310628,0.0010416,0.000259246,-0.000653907,-0.001224414,1.81E-05,-7.74E-05,-2.01E-05,-0.000165828,2.6251,0.9973,2.6597,1.1936,2.4871,1.3015,2.2224,1.2749,2.121,1.2799,2.0095,1.2936,1.916,1.3109,1.8398,1.3159,1.7636,1.3288,1.6873,1.3231,1.6043,1.2832,1.5381,1.2242,1.4799,1.1494,2.1354,1.1235,2.0609,1.1807,2.0016,1.1742,1.9671,1.2206,1.9013,1.2066,1.8851,1.2594,1.8161,1.2195,1.7977,1.2638,1.746,1.2292,1.7265,1.2551,1.6661,1.2023,2.3409,1.0108,2.343,0.9504,2.1354,1.0602,1.998,1.0991,1.8966,1.1217,1.8121,1.1325,1.7433,1.1389,1.6654,1.1437,0.475869657,0.174616609,0.115985559,0.08442014,0.060058805,0.066983729,0.082511211,0.101523199,0.112338506,0.095087013,0.076363866,0.077284216,1.155256443,0.270529943,8.82E-06,0.105403273,0.086171051,0.070767931,0.209535796,0.201596751,0.206450406,0.205659962,0.218672449,0.231657268,1.099087558
PBX002V06,PBX,1.771611185,0.001613404,-0.019372574,0.000766681,0.001831615,-0.009806249,-0.007551437,-0.002994986,-0.01350071,-0.008466745,0.005824951,-0.000678904,-0.004917324,-0.002472772,0.006767452,0.003066805,-0.002509188,-0.002717192,-0.007407646,0.004811044,-0.001050616,0.00758738,0.004704545,0.000470239,0.004531099,-0.00136581,0.003987832,-0.001941602,-0.003773928,-0.000793783,0.000702592,-0.003377187,0.002583484,0.002167552,-0.001281559,0.001385489,0.002498993,0.002231928,-0.001666161,-7.07E-05,-0.00200499,0.001405675,0.000458628,0.001691976,-0.000217015,0.000388634,0.000578797,-0.00094541,0.001356482,0.000700253,0.000828658,0.001670664,-0.000291716,-6.22E-05,-0.00103753,8.77E-05,-0.000962396,-0.000140868,-1.40E-05,0.000436531,-6.59E-05,2.6192,0.9579,2.6643,1.1767,2.5147,1.2659,2.2623,1.2501,2.116,1.2584,2.0131,1.2727,1.9045,1.2943,1.8326,1.3044,1.7503,1.3166,1.6748,1.3145,1.5989,1.2807,1.532,1.2195,1.4824,1.1419,2.1208,1.1192,2.0604,1.1764,2.0092,1.1677,1.9696,1.2188,1.911,1.199,1.8808,1.2476,1.8154,1.2202,1.801,1.2648,1.7377,1.2289,1.7132,1.2555,1.6521,1.2037,2.3366,0.9984,2.3376,0.9218,2.1192,1.0609,2.0057,1.0965,1.9052,1.1167,1.811,1.1286,1.7314,1.1354,1.6494,1.1408,0.476256171,0.192761666,0.099072499,0.069263699,0.052369648,0.050662807,0.071481606,0.146535252,0.103888883,0.110727232,0.072605923,0.083199339,1.151594651,0.258473442,2.00E-06,0.103067599,0.097922418,0.078185549,0.202697928,0.19698335,0.190259665,0.189679756,0.195902272,0.237221942,1.125586825
PBX002V07,PBX,1.696994824,-0.016929576,0.010701187,-0.009457114,-0.007059355,0.000991827,-0.004996852,0.000680639,0.002213808,0.004998374,-0.006568606,-0.003396629,-0.003164112,-0.007262497,0.00379047,-0.007639465,0.001589331,0.0014922,0.000306192,0.005949819,0.001490134,-0.000933898,-0.003818564,-0.002674642,0.000929212,-0.001880457,0.003393955,-0.002766064,-0.001634237,-0.000266805,0.000794676,0.000534512,-0.003017742,-0.000829063,-0.003254021,-0.004470636,-0.001532367,0.002662225,-0.000418547,7.44E-05,0.000621591,0.001624655,-0.000806567,0.000413952,-0.0039824,0.001197362,0.001662951,-0.000100672,6.05E-05,0.000367226,0.000376858,-0.000734921,-0.00035416,0.000338343,-7.67E-05,0.001429353,-0.000299785,-0.000333309,0.000749476,0.001173372,-0.000315086,2.6084,1.0097,2.6715,1.1951,2.5406,1.2958,2.263,1.2609,2.1386,1.2602,2.0228,1.2767,1.9423,1.2868,1.8689,1.2947,1.7834,1.3019,1.7039,1.2994,1.6284,1.2638,1.5658,1.2001,1.5022,1.1192,2.1451,1.1278,2.0685,1.1785,2.0146,1.1746,1.9768,1.2069,1.925,1.1969,1.9067,1.2458,1.8351,1.2131,1.8326,1.2584,1.7625,1.2145,1.7445,1.2555,1.6936,1.185,2.3225,1.0302,2.322,0.9822,2.1455,1.0635,2.0138,1.1005,1.9204,1.1145,1.8308,1.1242,1.7629,1.1271,1.6938,1.1282,0.455108877,0.177808942,0.107651753,0.083594497,0.054298803,0.051335952,0.060548906,0.124401969,0.116969611,0.081131128,0.073823912,0.085802622,1.111606356,0.270471681,5.00E-07,0.092333363,0.091347961,0.072613497,0.195447819,0.198307236,0.197157323,0.191819186,0.202679871,0.229723769,1.073047716
PBX002V08,PBX,1.720956795,-0.029119039,0.000299295,-0.005263449,-0.003313365,0.008918754,-0.009477621,-0.003421732,0.013554911,-0.008448817,-0.00068744,-0.000672149,0.004853856,-0.009021495,0.003679976,0.00032045,-0.00044146,0.003734944,-0.001813815,0.003788893,-0.001786442,0.003351846,0.00673795,-0.004997855,-0.000742433,-0.001018243,-0.001572601,0.000944068,0.002216199,-0.002015835,0.007302159,-0.000956574,-0.001081035,0.001175225,-0.00056437,-0.002817636,0.000755296,0.001327261,0.001236611,-0.00056603,-0.000503001,0.000973513,-0.000547694,-0.001589724,0.000662863,-0.000309459,-5.11E-05,-0.00066546,0.000509278,-0.000981358,-0.000150495,-8.80E-05,0.000115917,0.000756985,0.001019676,-0.000108254,-0.000390826,7.73E-05,-0.001427136,0.00032083,-0.000257051,2.5987,0.9838,2.6553,1.1624,2.5583,1.2853,2.2271,1.2557,2.1036,1.2665,2.0167,1.281,1.9218,1.294,1.847,1.3047,1.7629,1.3134,1.6953,1.3141,1.6127,1.2772,1.5421,1.2136,1.4871,1.1386,2.1221,1.1217,2.0581,1.1713,2.0049,1.1685,1.9667,1.2116,1.9049,1.1972,1.8876,1.2447,1.8136,1.2159,1.8064,1.2627,1.7503,1.2238,1.7287,1.2497,1.6683,1.2055,2.3053,1.0151,2.308,0.9655,2.1224,1.0631,2.0016,1.1003,1.9048,1.1192,1.8066,1.1311,1.7489,1.1354,1.6653,1.1383,0.461472513,0.170238069,0.105514407,0.085535724,0.060001083,0.058415409,0.072300277,0.123971327,0.088101419,0.095786273,0.075561432,0.084548802,1.122326869,0.272300367,1.46E-05,0.104036965,0.093195386,0.063791065,0.200463887,0.195668342,0.199518044,0.196725316,0.195003692,0.219218726,1.071535034
PBX002V10,PBX,1.661919305,-0.008438331,0.011632203,0.005897336,-0.003262627,-0.005413634,-0.008013164,0.019062917,0.001989762,-0.005919706,0.000590073,-0.00390793,0.011227593,-0.004543928,-0.007312333,0.003114211,-0.005329816,0.000903153,0.001131134,0.003311794,0.000317086,-0.001033289,0.001235746,-0.00102916,0.006106461,0.000291576,-0.001320522,0.001886925,0.007630877,-0.000410603,0.002456249,-0.000766175,-0.000147409,0.001229643,-0.002959565,-0.00114996,2.22E-05,-0.00114596,0.000237705,1.32E-05,-0.002900942,0.000731125,0.001428027,0.001518092,0.001325804,0.00068435,1.25E-05,-0.000324417,-0.001656864,0.000798371,-0.000750239,0.001078541,-0.001216669,0.000329343,5.45E-05,-0.000161301,-0.000839152,-0.000815465,0.00031749,-0.000378111,0.000466623,2.6176,0.9844,2.6392,1.1958,2.5212,1.2749,2.253,1.2504,2.1357,1.254,2.0343,1.2706,1.9444,1.2832,1.8592,1.2886,1.774,1.2972,1.7114,1.2961,1.6305,1.258,1.5737,1.2005,1.527,1.1314,2.1307,1.1009,2.0721,1.1577,2.0138,1.1534,1.9829,1.2015,1.9218,1.1807,1.9024,1.2325,1.8376,1.2001,1.8211,1.2404,1.7657,1.208,1.7442,1.2332,1.6974,1.1796,2.2977,1.0097,2.2988,0.9649,2.1311,1.0484,2.0117,1.085,1.9189,1.1052,1.8355,1.1145,1.7657,1.1217,1.6974,1.1246,0.440389123,0.193151598,0.115406456,0.086120671,0.065836844,0.061439808,0.070597734,0.11735523,0.102749793,0.090778687,0.085370955,0.085632938,1.100462339,0.247243706,2.42E-06,0.095965046,0.086406018,0.072332704,0.188834107,0.191305672,0.200795667,0.201678754,0.209611545,0.235931367,1.069799612
PBX002V11,PBX,1.711870472,-0.021461513,-0.008872895,0.015217324,0.005083723,-0.003381226,0.002857499,-0.00134044,-0.00151179,-0.00747851,0.005767719,0.001069464,-0.000462238,-0.006406268,0.001698596,-0.000891227,-0.002850781,0.000865091,0.002096755,-0.002994137,-0.002888364,0.00010983,-0.002020972,0.000844898,-0.004176835,0.000940253,0.003098465,-0.001684071,0.002436812,0.00176503,0.000476701,0.000238251,-0.00073652,-0.002750507,0.000215649,0.000253084,-0.001247926,0.001290914,-0.001293033,0.000225216,-0.00284353,0.000130246,0.000128506,9.88E-05,0.000578064,-0.000595171,-0.000921273,-0.001613905,-0.001378015,0.00070794,-0.000866529,0.000920588,0.000752061,-1.35E-05,-0.00015433,-0.000292282,0.000403733,-0.001263864,6.71E-05,-0.00017643,7.34E-05,2.6036,0.9768,2.6564,1.1807,2.5183,1.3026,2.2368,1.2706,2.1224,1.2763,2.0081,1.2893,1.9088,1.3004,1.8308,1.304,1.7513,1.3148,1.685,1.3047,1.6143,1.2576,1.5561,1.1944,1.5093,1.1246,2.1203,1.1246,2.0545,1.1715,2.0038,1.1721,1.9633,1.2141,1.9056,1.1942,1.8857,1.2497,1.8218,1.212,1.8053,1.2623,1.746,1.2195,1.7233,1.24,1.6737,1.1918,2.3182,1.0194,2.3193,0.9666,2.1181,1.0653,2.0049,1.0982,1.9056,1.1154,1.8209,1.1246,1.7442,1.1282,1.6733,1.1296,0.451627501,0.186783966,0.124873736,0.087533308,0.055714451,0.04887883,0.079868893,0.114541914,0.115036907,0.099918467,0.078083033,0.080230231,1.104236084,0.25160783,2.42E-06,0.100656098,0.085669598,0.076170139,0.200955318,0.195972447,0.196550375,0.201860001,0.213367898,0.237145061,1.070782373
PBX002V14,PBX,1.673497889,-0.004713997,0.002155436,0.022772067,0.011440368,-0.007200776,-0.006400467,0.006865018,-0.008080993,-0.000851017,0.002320828,-0.002179275,0.00513193,-0.007299011,0.005577051,-0.008589953,-0.002109262,-0.002965485,0.000601089,0.001984198,0.000157406,-0.00069539,0.002423094,-0.001697767,-0.002711383,0.001694766,-0.000324817,0.000966531,-0.000581382,0.001577365,0.00384228,-0.000581486,0.002706331,0.002228165,6.15E-05,-0.001259841,0.000295264,0.001881834,-0.003741766,9.75E-05,0.000453922,-0.000381875,4.20E-06,-0.000208089,0.000275918,-0.00176845,0.000253747,-0.002203219,-0.000553058,0.000544255,-0.000262051,-0.001392319,-0.000362251,0.001170822,0.000907918,0.000916237,5.70E-05,0.000424286,1.20E-05,3.28E-05,-0.000278073,2.6068,0.9919,2.6553,1.2184,2.4892,1.3188,2.2487,1.2843,2.1339,1.2868,2.0261,1.3012,1.9398,1.317,1.8578,1.3256,1.7758,1.3285,1.701,1.3263,1.6356,1.2882,1.5759,1.2177,1.5262,1.1429,2.1305,1.1408,2.0744,1.1872,2.0178,1.1877,1.9811,1.2346,1.9213,1.2125,1.9002,1.26,1.8351,1.2314,1.8215,1.2789,1.7632,1.2389,1.7416,1.2594,1.6855,1.2152,2.3155,1.0361,2.3145,0.9905,2.1314,1.08,2.0156,1.1131,1.9178,1.1296,1.8287,1.139,1.7603,1.1433,1.6848,1.1447,0.451176639,0.185912587,0.116019007,0.080377609,0.069405763,0.059148795,0.077100259,0.114827218,0.108757528,0.087734429,0.082449742,0.082051264,1.091099152,0.253358639,2.00E-06,0.099635787,0.088247663,0.07229011,0.205093735,0.206735435,0.209826619,0.202917348,0.210158464,0.235579668,1.048427098
PBX002V15,PBX,1.701273536,0.029586386,-0.004333654,0.010055775,0.001749674,-0.009083604,-0.012325756,0.003811492,-0.021145857,0.005645606,-0.006047786,-0.005215378,0.005121665,0.000656281,0.003887868,0.002563738,0.003771653,0.00092383,-0.001977347,0.007490277,0.004512734,0.005535817,-0.000748904,-0.000488765,0.006045696,0.002137425,9.16E-05,0.000706624,-0.002593558,-0.000107722,-0.002078191,0.002374048,-0.003147532,0.000373762,0.002928476,5.03E-05,-0.001562795,-0.000254396,-0.003300669,-0.001259948,-0.002960564,0.000724629,-0.003161281,-0.000421518,0.001657406,-0.002063713,0.001313221,-0.001099449,-0.001417252,-0.000911071,-0.000127647,-0.000151325,0.001186768,0.000786805,-0.000445939,-0.00101244,-0.000633829,-6.95E-05,0.000105778,0.000853585,0.000192666,2.6257,1.0183,2.6417,1.2522,2.4604,1.2997,2.2724,1.2832,2.1354,1.2875,2.0232,1.2994,1.9213,1.3069,1.8554,1.315,1.7697,1.322,1.6963,1.3209,1.6183,1.2846,1.5565,1.2249,1.4995,1.1467,2.1494,1.1462,2.0782,1.1904,2.0156,1.1893,1.9811,1.2346,1.9164,1.2055,1.8948,1.2562,1.8301,1.2195,1.8193,1.2767,1.7557,1.2303,1.7352,1.2627,1.678,1.2087,2.3339,1.0405,2.3353,0.9851,2.1483,1.0771,2.014,1.1154,1.9114,1.1332,1.8265,1.1437,1.7454,1.1467,1.6737,1.1467,0.475525194,0.184114095,0.112695386,0.077275158,0.057207867,0.052631739,0.068605685,0.137067465,0.112829296,0.102175633,0.066395934,0.085985406,1.13349592,0.262822906,3.92E-06,0.100514079,0.087428199,0.075179785,0.19986518,0.201059419,0.188736006,0.200303969,0.21060952,0.240578511,1.082331058
PBX002V16,PBX,1.844941818,-0.006755204,-0.006457763,0.005209927,-0.000433475,-0.001617202,-0.011357199,-0.007978265,0.006382897,-0.004779136,-0.006755701,0.002011004,0.005715069,-0.005215554,0.004691264,0.000720067,-0.003291861,-0.004922735,0.001546388,0.005351608,0.002536181,0.000543734,-0.004412778,-0.000195646,0.000654651,0.002475565,-0.002494057,-0.001422018,-0.00525536,-0.001563083,0.000374817,-0.00364232,-0.002331037,0.000586252,-0.002409448,5.60E-05,0.000506479,0.000107919,0.000462848,0.000572531,-0.00049144,-0.000557588,-0.000310996,0.000663621,0.00034543,-0.000144059,-0.000401751,-0.000305634,0.001409223,0.000342278,-0.000263852,-0.00038208,-0.000330608,-0.000578963,0.000206922,-0.000247661,0.000306524,0.000122086,0.000102774,-0.000416808,-5.66E-05,2.6429,0.9612,2.6953,1.1936,2.5593,1.3037,2.2519,1.2643,2.1278,1.2745,1.9968,1.2875,1.9099,1.3037,1.8328,1.3155,1.7438,1.3258,1.6712,1.3278,1.5784,1.2947,1.5115,1.2235,1.4518,1.1357,2.1404,1.1217,2.0649,1.1771,2.0059,1.1649,1.9621,1.2195,1.8995,1.1965,1.8801,1.2548,1.8053,1.2141,1.7929,1.2675,1.7271,1.2238,1.7033,1.253,1.6446,1.1969,2.3475,1.0059,2.3468,0.9556,2.1386,1.0556,2.0038,1.0951,1.8963,1.1167,1.7999,1.1284,1.7211,1.1343,1.642,1.1357,0.501470518,0.181016601,0.115944685,0.076341928,0.057264736,0.062418026,0.083307203,0.124518473,0.131643458,0.088397115,0.077997756,0.089594029,1.203814546,0.291614077,9.80E-07,0.110993333,0.095830058,0.078799302,0.215641485,0.212862232,0.206954319,0.198173888,0.218083379,0.237471219,1.099650499
PBX002V17,PBX,1.696745883,-0.030654607,-0.006387843,0.006763593,0.005998024,0.009986104,-0.011428955,0.003098288,0.003878937,0.00514219,-0.00118691,-0.006976316,0.008677914,0.004671257,0.0031093,-0.006723628,-0.000204411,0.001597785,0.000128102,0.002008758,0.001473533,0.00045873,0.004402997,0.004201982,0.004190907,0.001005328,0.002051517,0.001026781,0.000134711,-0.002932083,0.000207629,-0.000442811,-0.000909583,0.002083755,0.000245582,-0.002590501,-0.003189275,0.001051525,0.001588467,-0.001477516,-0.001364097,0.002972563,-0.000346273,-0.001337584,-0.00054423,-0.002125464,-0.000151996,0.001465817,-0.001547436,0.000755863,0.000521334,0.000627713,0.000629454,-0.000375764,-0.000466474,-0.000327441,0.000233303,0.000184761,-0.000121915,-0.000603525,-0.00045164,2.6149,0.9655,2.664,1.1494,2.5259,1.2573,2.2238,1.2368,2.1073,1.2487,2.0099,1.2684,1.9218,1.2735,1.8553,1.285,1.7643,1.295,1.6985,1.2864,1.6235,1.2476,1.5626,1.1818,1.5081,1.0976,2.1339,1.1084,2.0671,1.1566,2.011,1.1508,1.975,1.194,1.9139,1.1767,1.8916,1.2206,1.8269,1.1904,1.8139,1.2292,1.7567,1.199,1.7309,1.2238,1.6769,1.1602,2.3055,1.0092,2.3047,0.9552,2.1332,1.0405,2.0067,1.0768,1.911,1.094,1.8254,1.1019,1.7508,1.103,1.6753,1.1036,0.459926342,0.156743644,0.100491044,0.08217889,0.060913463,0.069480933,0.078644771,0.117106191,0.09937228,0.088247493,0.067487036,0.091547802,1.114655395,0.268137278,1.28E-06,0.100494875,0.088072073,0.070724819,0.211080459,0.20986722,0.196823576,0.200490823,0.199173216,0.216199098,1.090096863
PBX002V18,PBX,1.666729377,0.010420638,-0.015949638,0.011957805,0.010136574,-0.001662122,-0.003528664,0.001987757,-0.003621072,-0.002343073,-0.000743055,-0.013285945,-0.00569171,0.000538273,-0.00495738,0.00153277,0.004418527,-0.004361312,0.000563723,0.003407539,0.006579501,-0.00172924,-0.003977777,0.002926713,0.002578485,0.000909314,0.001009975,8.60E-05,-0.001610226,0.000905181,-0.000464032,-0.001072854,0.001907279,0.004030229,0.001948127,0.000582218,-0.003577091,0.000253999,0.000975077,-0.000530197,-0.001481958,-0.000399068,0.000246551,0.000557206,-0.000392495,-0.000750419,-0.000259267,-0.000986754,0.002090962,0.000988519,0.000430351,8.25E-05,-0.000561587,-0.000270294,-7.28E-05,0.000422153,-0.000331086,-0.000330989,-0.000328742,0.000622522,0.000254074,2.6106,0.9924,2.6359,1.1947,2.4777,1.2825,2.2497,1.2627,2.1257,1.2713,2.0135,1.281,1.9239,1.2961,1.8545,1.3058,1.7754,1.3145,1.6985,1.3096,1.6251,1.2697,1.5653,1.2044,1.5156,1.1327,2.1397,1.1203,2.0777,1.1775,2.0135,1.1683,1.9854,1.2233,1.9277,1.1963,1.9051,1.2454,1.8466,1.2098,1.8323,1.2652,1.7711,1.2192,1.7409,1.2407,1.6992,1.1839,2.3296,1.0113,2.3301,0.9649,2.1386,1.0613,2.0097,1.1009,1.9223,1.1165,1.842,1.1268,1.767,1.1321,1.6969,1.1332,0.445067647,0.179938212,0.105368117,0.064178657,0.054073376,0.046273102,0.081465882,0.124297868,0.112618515,0.090863469,0.070074603,0.079577007,1.10395158,0.254452392,5.00E-07,0.090253199,0.082215935,0.076082915,0.197565027,0.194494062,0.188069402,0.18808958,0.206136266,0.230011239,1.094685124
PBX002V19,PBX,1.719978055,-0.006380794,0.017841719,0.001349844,0.002369,0.001109976,-0.007715062,0.005242387,0.003919833,0.006082379,0.006481801,0.00507308,0.001559012,-0.004405483,0.006307346,0.001371775,-0.004927172,0.00414714,0.003297174,0.002369052,6.72E-05,-0.003717159,-0.001037549,-0.007010262,0.000681459,-0.00059682,-0.002667149,-0.005582285,-0.003876778,-0.001539784,0.00034689,-0.002377428,0.002071368,0.001305898,-0.003395536,-0.002184386,-0.002259614,0.00050666,-0.002142672,0.0009484,0.000711649,0.002796652,-0.000144658,-0.002191295,0.001658069,-2.12E-05,-0.001033866,-0.000919557,-0.000531558,-0.000571116,0.000572324,0.0002324,0.000127816,0.000914721,-7.84E-05,-0.001554675,8.86E-05,0.00017033,0.00088327,-6.33E-05,-0.000292551,2.6095,0.986,2.6683,1.1882,2.5367,1.3112,2.2713,1.2659,2.139,1.2753,2.0318,1.2929,1.9315,1.3112,1.8549,1.322,1.7772,1.3328,1.7078,1.3378,1.6294,1.308,1.5572,1.2433,1.4968,1.1602,2.1375,1.1289,2.0696,1.1807,2.0135,1.1796,1.9811,1.2249,1.9182,1.212,1.9009,1.2638,1.829,1.2321,1.8261,1.2896,1.7571,1.2451,1.7485,1.2853,1.6737,1.2134,2.3051,1.0307,2.3044,0.9779,2.1383,1.0638,2.0138,1.1041,1.9153,1.1286,1.8276,1.1444,1.7521,1.1523,1.6722,1.1573,0.471434714,0.191497885,0.117326553,0.08482034,0.056419146,0.04334974,0.055497207,0.132633518,0.108635169,0.101955775,0.077357611,0.078446988,1.126253493,0.275794779,9.80E-07,0.100657091,0.09143659,0.073065792,0.204512225,0.198408493,0.196513231,0.201411867,0.21209545,0.241936789,1.047633108
PBX002V21,PBX,1.737230065,-0.011716832,0.006622989,-0.002289249,0.00380971,-0.004243393,-0.000317605,0.002479091,-0.000743528,-0.001935317,-0.00041041,-0.006986369,0.002849314,0.000208631,-0.004452823,0.000436188,-0.006734046,0.002912124,-0.000522587,-0.002807927,-0.001053175,-0.001193086,0.002665985,0.000488543,0.002048455,0.00181982,0.003451928,0.003294968,0.002949377,-0.002703857,0.00020415,0.00045322,-0.000653583,-3.32E-07,-0.000338498,0.002123673,0.000217312,0.001767722,-0.001047616,0.002708981,0.000593185,0.00011649,0.003336774,0.00152986,-4.83E-05,-0.000305872,0.000633288,-0.000589242,0.00132711,0.000859423,0.000260977,0.00018509,-0.000712715,0.002049104,-0.000763603,0.000834877,0.001125111,0.001352724,0.000108064,0.000623059,-0.000258881,2.6149,0.9871,2.6489,1.1947,2.5345,1.2875,2.2526,1.2648,2.1311,1.2706,2.0182,1.2857,1.9175,1.3065,1.8398,1.3091,1.7524,1.3112,1.678,1.3101,1.6014,1.2654,1.5372,1.1985,1.4865,1.1278,2.1289,1.1224,2.0588,1.1807,2.0092,1.1667,1.9649,1.2174,1.9078,1.1969,1.8835,1.2476,1.8225,1.2163,1.806,1.2627,1.7463,1.2224,1.7219,1.2519,1.6661,1.1861,2.3107,1.0243,2.3096,0.9633,2.1307,1.0563,2.0041,1.0944,1.9045,1.11,1.8172,1.1219,1.7406,1.1262,1.6699,1.1278,0.46716328,0.188625157,0.11536594,0.086635905,0.068008896,0.057405575,0.066683881,0.121638357,0.113905312,0.102825726,0.077743488,0.087425225,1.137138096,0.264396558,2.42E-06,0.105801701,0.087478283,0.07644377,0.201101492,0.20806982,0.210088672,0.209280147,0.217199079,0.241519896,1.0722845
PBX002V22,PBX,1.654762258,-0.033257816,-0.011422764,-0.009056917,-0.001909069,0.00648221,-0.009948176,0.004194299,-0.009351107,-0.000503348,0.000324759,-0.003574818,0.004524375,0.006718407,-0.006079739,0.005503755,-0.008285595,0.002162847,0.004982783,-0.00220245,-0.001027462,-0.002162306,0.001765444,0.000981907,0.005477503,0.00088085,0.007423705,-0.003494331,0.000331796,0.004773802,0.002405377,0.001351024,0.000824467,-0.002595637,0.001047442,0.002527675,-0.001962079,0.001894291,0.000386702,0.002571477,-0.00140268,-0.002279687,0.001805216,0.001389071,-0.0015603,-0.001389231,-0.003181786,-0.000219365,0.002337934,0.000342808,0.000421704,0.000291902,0.000634601,0.000783602,9.08E-05,-0.000226706,0.000470694,-0.000296709,5.50E-05,-0.000345881,0.000285193,2.6235,1.0151,2.641,1.1839,2.536,1.2731,2.2454,1.2616,2.1235,1.2656,2.0128,1.2749,1.9279,1.2878,1.8506,1.294,1.7751,1.3037,1.7093,1.2961,1.6402,1.2503,1.5852,1.185,1.5405,1.1197,2.137,1.1327,2.0631,1.1839,2.0151,1.1688,1.9849,1.2179,1.932,1.1958,1.9035,1.2416,1.8474,1.2077,1.8251,1.2551,1.7711,1.217,1.7467,1.24,1.6935,1.1796,2.3184,1.0556,2.3177,0.9901,2.1336,1.0707,2.0156,1.1009,1.9337,1.1163,1.8412,1.125,1.7632,1.1282,1.6927,1.1268,0.445972936,0.168421406,0.101602411,0.063461878,0.052247488,0.046513009,0.069744175,0.12196561,0.111089964,0.085874443,0.077548243,0.076120562,1.088039595,0.244152411,9.80E-07,0.087376255,0.085432839,0.076864686,0.195149609,0.187425719,0.184447093,0.177230838,0.196897181,0.221228502,1.082256051
PBX002V24,PBX,1.798097244,0.004169739,0.00293774,0.005128423,-0.000392607,0.011711437,-0.004901782,0.0012739,0.010035077,-0.007035653,-0.001226414,0.000195322,0.000508894,-0.003147897,-0.000735064,0.000118732,-0.004471989,-0.003558881,-0.004229132,0.000703398,-0.002350657,0.003812108,-0.005177482,0.001534744,-0.005479105,0.002760487,-0.00072825,-0.004229441,0.004938221,-0.001217688,0.001786609,-0.003511192,-0.000782589,0.002603351,-0.002588406,0.002005496,-0.001465245,-0.000250198,-0.001728551,0.001210553,-7.67E-05,-0.000506554,0.001769567,0.001628849,-0.001421609,0.000430834,0.000947293,0.000836893,-0.002291815,0.001138128,-0.000701921,-0.00052518,-0.000410968,0.000373154,0.000233064,-0.00078303,-0.000588823,-0.000125083,-0.000760555,-8.63E-05,-5.77E-05,2.6521,0.9844,2.6909,1.1839,2.5561,1.308,2.2681,1.2753,2.1573,1.2753,2.0243,1.2961,1.9288,1.3118,1.8528,1.3202,1.778,1.3274,1.7028,1.3317,1.6084,1.2913,1.534,1.2255,1.4655,1.1462,2.1462,1.1106,2.0829,1.1724,2.0282,1.1681,1.9829,1.217,1.9196,1.1997,1.9009,1.2551,1.829,1.2217,1.8204,1.2638,1.7557,1.2325,1.7341,1.253,1.6769,1.2012,2.3457,1.0124,2.3457,0.9484,2.1458,1.0534,2.0254,1.0922,1.9186,1.1187,1.8258,1.1332,1.753,1.1413,1.6753,1.1456,0.477965323,0.204904124,0.126979408,0.089279169,0.063192563,0.065043985,0.086386168,0.1108,0.134616641,0.09678192,0.076462801,0.075145725,1.197580394,0.301200166,0,0.113104023,0.093232827,0.074091363,0.20880261,0.204854216,0.206172161,0.206502421,0.225661738,0.253371072,1.098241071
PBX002V25,PBX,1.651427654,0.013957891,0.00586092,0.009284728,0.006950083,-0.007166513,-0.01147937,0.012153816,-0.024142604,0.010185487,-0.001917627,-0.00823346,-0.001560992,-0.002288296,0.005102392,-0.000590776,0.001362885,-0.008694633,-0.001680492,0.004605888,0.001173547,0.005944267,-0.001376316,0.002516657,0.002245592,-0.002276177,0.00309669,-0.001891207,0.000202934,0.00048612,0.000748946,0.00228227,-0.005336326,-0.000737407,-0.001423813,0.003139593,-0.003096629,0.00146654,-0.003731952,0.001576504,-0.000224784,-0.000164801,-4.09E-05,-0.002207911,-0.001084333,0.000407267,0.001624878,-0.001303807,-0.000688957,-0.000670836,-0.001245562,0.000836368,-0.001379632,4.15E-05,0.00054414,-0.000410787,-0.000742214,-0.000500515,-0.000279715,-0.001344326,3.30E-05,2.6181,0.9968,2.6586,1.2163,2.4687,1.2778,2.2843,1.2616,2.1505,1.2627,2.0379,1.2778,1.9524,1.2929,1.8797,1.3022,1.7934,1.3069,1.7211,1.3026,1.6462,1.2638,1.5825,1.2039,1.5302,1.1348,2.1455,1.1296,2.0807,1.1814,2.0286,1.1726,1.9957,1.2147,1.9369,1.1909,1.9196,1.2476,1.8495,1.2093,1.8409,1.2611,1.7762,1.2152,1.7584,1.2438,1.7003,1.1918,2.3258,1.0361,2.3242,0.9709,2.1456,1.0583,2.0264,1.0933,1.9358,1.1176,1.8501,1.1262,1.7758,1.1325,1.6981,1.1347,0.449524059,0.191544877,0.107152835,0.075910803,0.0559279,0.056521235,0.072156843,0.133804522,0.113607966,0.086823154,0.073292428,0.086427889,1.096617714,0.254164612,5.12E-06,0.093508181,0.089315844,0.073537065,0.196811915,0.198980652,0.195586758,0.189969603,0.209993262,0.246106847,1.090477221
PBX002V28,PBX,1.70006578,0.006537254,0.030848338,0.010355321,0.000514975,-0.004714223,0.000203519,-0.001636121,0.000371123,6.88E-05,0.001216426,-0.00056366,-0.001734627,-0.002074494,0.00425056,-0.005359086,-0.003547293,-0.00096601,-0.001831876,-0.002029784,0.001807327,0.001983728,0.007335818,-0.001236028,-0.000414443,-0.00516865,-0.002490324,-0.001428187,-0.000164346,0.000469883,0.001581921,-0.001444358,0.001393861,-0.00155093,-0.004635798,0.000193396,0.000369449,0.001671063,-0.001383094,-0.000550299,0.001380555,0.001016013,-0.001320783,0.00230132,-0.000905225,0.001502912,0.000279837,0.001017296,0.000449477,0.001150789,0.000289174,-0.000569486,-0.002302682,-0.000483674,-0.000215688,-0.000154609,0.000822759,0.000717114,0.000533708,0.000353794,0.000242271,2.5933,0.9709,2.6575,1.1933,2.5223,1.2954,2.2904,1.2638,2.1523,1.2673,2.0487,1.2832,1.948,1.3033,1.8646,1.3134,1.7927,1.322,1.7208,1.3263,1.6327,1.2896,1.5615,1.2163,1.4957,1.1343,2.1408,1.1127,2.0743,1.171,2.0225,1.1674,1.9815,1.2098,1.9247,1.1983,1.9038,1.2479,1.8355,1.2134,1.8269,1.2594,1.7665,1.2249,1.7503,1.267,1.6888,1.2005,2.3123,1.0135,2.3087,0.9581,2.1375,1.0539,2.0173,1.0933,1.9175,1.1138,1.8315,1.1264,1.7654,1.1321,1.6877,1.1343,0.46044852,0.212629655,0.123926147,0.099515828,0.070871715,0.065858105,0.069446094,0.138144345,0.104813024,0.102686416,0.084009345,0.072412499,1.109696048,0.295861471,2.59E-05,0.102565345,0.090469055,0.069951769,0.215072755,0.206664777,0.211815627,0.214265723,0.220229426,0.259685233,1.067964503
PBX002V29,PBX,1.775923517,0.016816541,-0.016140004,0.013597828,0.022114821,-0.008145139,-0.018582664,0.007645825,-0.005966893,-0.006873733,-0.001955004,-0.019706847,-0.004482254,0.010630727,-0.003774487,0.007314856,-0.00013511,-0.00820534,-0.01126652,0.012216985,0.002309222,-0.000977841,-0.005168353,-0.001773964,-0.002270528,-0.001341333,0.001340145,0.000530603,-0.003317163,-0.004617996,-0.003981464,0.003290705,0.002869188,-0.001777714,-0.000385649,-0.002526128,0.001864921,-0.003840559,-0.005197988,-0.000536514,-0.001591634,-0.001040065,-0.000831293,-0.001907344,-0.002494016,0.003509738,-0.000239069,0.000560566,0.002120397,-0.000746939,0.00031839,0.000721869,-0.000294442,-0.000929339,-0.000341833,-0.000593135,0.000439136,-0.000171461,-0.00063606,-0.000233844,0.000415917,2.6618,0.9998,2.6618,1.2501,2.4849,1.3076,2.2487,1.2778,2.1181,1.2886,2.0016,1.3069,1.9099,1.3285,1.8319,1.3296,1.7546,1.3324,1.6805,1.3296,1.5841,1.294,1.5173,1.2184,1.472,1.1343,2.1386,1.1494,2.0771,1.1893,2.0167,1.1904,1.9746,1.24,1.9218,1.2217,1.8894,1.2778,1.8355,1.2357,1.8161,1.295,1.747,1.2282,1.7125,1.2519,1.6629,1.2044,2.3385,1.0189,2.3385,0.9678,2.135,1.0764,2.0149,1.1142,1.9207,1.1336,1.8351,1.1415,1.7424,1.1455,1.6597,1.1429,0.47886897,0.169140681,0.107431327,0.072142983,0.054687659,0.038036824,0.090844152,0.131045794,0.117928538,0.094209607,0.078007756,0.077350695,1.19737809,0.285682236,0,0.099928474,0.087428199,0.088817228,0.211934565,0.204702369,0.201405164,0.191252974,0.20264649,0.231278296,1.085457899
PBX002V31,PBX,1.696499473,0.018448862,-0.010324366,0.007687513,-0.003365013,-0.007264017,-0.01536801,0.005519888,-0.018030083,0.009701007,-0.003276981,-0.004302731,-0.000183138,0.002453714,0.004193545,0.003375754,0.006619919,-0.002270501,-0.004139029,0.004358454,-0.000959728,0.003906408,-0.001910951,-0.001492801,0.001366633,0.001109908,0.005614203,0.000567838,-0.001287781,-0.001161993,-0.000731786,0.001643351,-0.000694091,0.001959411,0.001698433,0.006362699,0.000239745,-0.001279843,-0.002351859,-0.000587588,0.003254507,-0.002056236,0.000358167,-0.000797701,3.18E-05,-0.0001527,-0.000485044,0.00108718,0.000936313,0.000792541,0.001026606,0.00017693,-1.38E-05,0.000771878,3.54E-05,-0.000572073,-0.000147773,0.001214788,0.000456005,0.000309514,9.11E-05,2.6257,0.9957,2.6553,1.2163,2.472,1.2735,2.2681,1.2576,2.1307,1.2663,2.0189,1.2789,1.9243,1.2936,1.8549,1.3004,1.7762,1.3037,1.7086,1.3065,1.6294,1.2729,1.5604,1.206,1.5049,1.1413,2.1447,1.126,2.0707,1.1836,2.0189,1.1677,1.9772,1.2195,1.9207,1.198,1.8894,1.2443,1.8333,1.2109,1.8269,1.267,1.7611,1.2238,1.7373,1.249,1.6834,1.1936,2.3353,1.0246,2.3324,0.9599,2.1426,1.0548,2.014,1.0944,1.9142,1.1176,1.8251,1.1311,1.7503,1.1375,1.6798,1.1383,0.466226822,0.180405432,0.102172844,0.072575822,0.060402815,0.043583942,0.067121532,0.137675161,0.112507778,0.095735312,0.069732345,0.078769156,1.130217678,0.262268431,1.68E-05,0.102768332,0.088346873,0.073343371,0.191442211,0.193591245,0.19038616,0.192301274,0.207770306,0.238491279,1.104361431
PBX002V32,PBX,1.835141317,-0.000224069,-0.007210806,-0.006239816,0.000255992,0.002655504,-0.018766173,0.002970546,0.003605223,0.005181857,0.000795914,-0.003006731,-0.000561481,-0.01458069,-6.35E-05,-5.42E-05,-0.004634466,-0.003884816,-0.008978889,-0.000558977,0.005300831,0.003623149,0.002232437,0.000479014,-0.001317022,-0.001524674,-0.002173989,0.004661692,-0.003765277,0.001887924,-0.000770001,0.000825956,-0.004992861,0.000757229,0.001280026,-0.000992813,0.001937271,-1.24E-05,-0.001324317,0.000909141,0.000712181,-0.001039521,0.001295396,0.000206915,-0.000404528,-0.000604605,-0.000690003,0.001289607,0.000835043,0.001298914,-0.000196271,-0.000453466,-0.00075474,-0.00062898,0.001392832,0.001026336,-0.000254344,-0.00045346,-0.000236024,-0.000239233,-0.000426488,2.6472,0.9989,2.6866,1.2087,2.5421,1.3166,2.2454,1.2745,2.116,1.2789,2.0049,1.2983,1.9088,1.3198,1.8387,1.3306,1.7438,1.3385,1.6618,1.3385,1.5708,1.3044,1.5054,1.2368,1.4443,1.1591,2.1354,1.1397,2.0556,1.2012,1.9908,1.1839,1.9542,1.2379,1.8927,1.2152,1.8743,1.2713,1.8074,1.2335,1.7923,1.2832,1.7283,1.2422,1.7039,1.2724,1.6377,1.2335,2.3367,1.0329,2.3339,0.9502,2.1354,1.0581,1.988,1.1048,1.8909,1.1271,1.8046,1.1386,1.7283,1.1465,1.6327,1.1537,0.506461973,0.173985747,0.098414684,0.078858417,0.059518905,0.066330385,0.077208937,0.129474785,0.112781071,0.098475682,0.070927075,0.095228252,1.213520684,0.281940792,1.57E-05,0.102972326,0.087240931,0.079577007,0.215625254,0.214664785,0.209024113,0.205682863,0.216089819,0.242752878,1.081271589
PBX002V33,PBX,1.711135333,-0.020675921,-0.007935095,-0.006212557,-0.012198544,0.000805224,-0.022924468,0.001860296,0.013496174,-0.020545113,-0.000497471,0.000544317,-0.002928412,-0.000986815,0.000800924,0.005685156,-0.002450456,-0.002669753,0.003198564,0.000482616,0.001696178,0.007277636,0.007122948,-0.001643536,0.006546462,0.003005116,-0.003513458,-0.001424619,0.003461501,0.001769288,7.09E-05,-0.000143882,0.003325773,0.001105988,-0.00253189,-0.000427373,-0.000107161,-0.002124176,-0.00207389,-0.002556184,0.000198579,-0.000168882,-3.29E-05,0.001819411,-0.00213453,-0.001200966,-0.002897562,-0.001884679,0.000682922,-0.001591495,0.000913656,0.000261566,0.000579778,0.001562386,-0.000614393,-2.62E-05,-0.00099063,0.001659877,-0.000796426,-0.000653554,0.000961541,2.6332,0.9968,2.6676,1.198,2.5784,1.2799,2.2533,1.2648,2.1167,1.2706,2.0307,1.2875,1.9412,1.3004,1.8592,1.3058,1.7945,1.3155,1.7222,1.3198,1.6381,1.2896,1.5701,1.2249,1.5183,1.1483,2.1311,1.1235,2.0847,1.1785,2.0243,1.1688,1.9919,1.2217,1.9304,1.2033,1.9164,1.2465,1.8484,1.2131,1.8323,1.2616,1.7762,1.2228,1.7557,1.2584,1.6978,1.2033,2.3432,1.0257,2.3439,0.966,2.1303,1.0732,2.0189,1.1034,1.9268,1.125,1.842,1.1343,1.7654,1.1462,1.6931,1.1483,0.440587029,0.186811483,0.097500821,0.076387695,0.059331695,0.051742149,0.069035136,0.136723078,0.087644794,0.090424886,0.082177613,0.065423085,1.125146328,0.26643472,9.80E-07,0.100037293,0.082583533,0.072848679,0.19554488,0.185123202,0.193467956,0.1928768,0.193702555,0.227683025,1.109337284
PBX002V35,PBX,1.671414813,0.00850251,0.016355439,0.025505979,0.027870865,-0.000895424,-0.010372823,-0.000977925,-0.012103986,0.009236959,-0.003109673,-0.016073979,-0.000930941,-0.0078566,0.001199016,-0.004107698,0.002369506,-0.008099498,0.001707645,0.003020352,0.002085417,-0.002133679,-0.002924346,0.002056245,0.001969202,0.001012556,0.001558848,-0.005422822,-0.005399869,0.001141964,0.001028835,-0.002675597,-0.000530491,0.001296626,0.004284584,-0.000298003,-6.42E-05,-0.003306063,-0.002923457,-0.000594016,-0.001817861,0.00142487,0.001363674,0.00359252,-0.000150035,-0.003379598,0.000188683,0.001053462,-0.000595556,0.001024436,0.001099111,0.000927023,0.000751869,0.000455858,-0.001641297,-4.09E-05,-0.000378691,-5.04E-05,0.000849709,-0.000387144,0.000211728,2.5717,0.973,2.6309,1.1983,2.4482,1.3047,2.2411,1.281,2.1257,1.2886,2.0092,1.3091,1.9283,1.3242,1.8603,1.3339,1.7708,1.3447,1.6931,1.3414,1.6079,1.308,1.5388,1.2314,1.4935,1.1548,2.1192,1.1365,2.0502,1.1872,1.9919,1.185,1.9714,1.2508,1.9099,1.2109,1.8916,1.2735,1.8225,1.2292,1.8247,1.2918,1.7481,1.2443,1.7201,1.2702,1.6586,1.2163,2.2839,1.0282,2.2817,0.9844,2.1192,1.0721,1.9905,1.1152,1.9042,1.1339,1.82,1.1455,1.7362,1.1526,1.6553,1.157,0.467461656,0.189049888,0.126420766,0.069481868,0.062588977,0.055134109,0.090115149,0.115649989,0.118289898,0.082297145,0.068688354,0.090149265,1.093419627,0.273239309,9.68E-06,0.085993081,0.089295297,0.075916862,0.220389519,0.219705485,0.208955928,0.204254841,0.219878603,0.241865293,1.028163941
PBX002V36,PBX,1.719785966,0.004178841,-0.030584046,0.000548898,-0.017700744,0.000586544,-0.006650378,0.001175271,-0.003522833,0.001608133,-0.011296226,-0.010070001,-0.003550649,-0.004280854,-0.001758181,-0.000157837,-0.000635028,-0.005450458,5.68E-05,-0.001116273,0.002009175,0.002846191,-0.00615271,-0.00036749,0.002032026,-0.002247905,-0.007572521,0.000342358,-0.001699716,0.002536659,-0.005432339,0.00133814,-0.001838177,0.000110626,0.002725336,0.004221659,-0.000348295,0.001956708,-0.001146122,0.004236995,0.002392922,-7.99E-05,0.001386039,0.001032452,1.22E-05,-0.000913812,0.001147309,0.001231888,-0.00233689,0.000176676,0.001488048,-0.00046288,0.000523859,-0.001861555,0.000361446,-0.000710807,0.00093781,0.000501307,-0.000529982,0.000532825,-9.20E-05,2.6548,1.0183,2.6762,1.2062,2.5266,1.2911,2.2648,1.2638,2.1505,1.2702,2.0275,1.2907,1.9434,1.3058,1.8646,1.3177,1.7859,1.322,1.7168,1.3198,1.6413,1.2843,1.5734,1.2195,1.5173,1.1494,2.1645,1.1408,2.0922,1.2001,2.0286,1.1764,1.9962,1.2346,1.9283,1.2012,1.9153,1.2648,1.8495,1.2195,1.8344,1.2724,1.7751,1.2314,1.7513,1.2638,1.7244,1.2077,2.3792,1.0405,2.3727,0.9714,2.1609,1.0782,2.021,1.1149,1.9236,1.1321,1.8488,1.1451,1.7697,1.1494,1.7147,1.1505,0.445155726,0.158710712,0.091175106,0.064240953,0.049705231,0.054443824,0.067708197,0.114479037,0.124696632,0.085444836,0.079693475,0.078817384,1.145029895,0.262366938,8.45E-05,0.103320521,0.080897033,0.07534567,0.185692461,0.19321206,0.186476942,0.189602663,0.202208655,0.212703009,1.127859322
PBX004V01,PBX,1.628343766,0.015252763,0.018247109,-0.002538836,0.022810235,-0.017733757,0.007181682,-0.007823696,0.005799686,0.001016256,0.036735788,-0.014877958,0.01271218,0.002668051,0.016091165,-0.013160052,0.022429521,-0.006532281,-0.001127409,0.002046215,-0.000128784,0.002791803,-0.00039983,0.005579978,-0.004109127,-0.002078637,-0.004869515,0.004392201,-0.000710796,0.00469825,0.002296504,-0.00099462,0.000382864,0.000464017,-0.001344941,0.000441131,0.001593803,0.0004262,-0.000367165,0.000171484,-0.001726332,-0.000760825,0.000795996,0.0014694,-0.000781823,0.000126861,-0.001684765,0.000505767,-0.002024579,-0.002848772,0.000179019,4.38E-05,0.000183249,-0.001087569,-0.000931788,-0.000171757,0.00011542,0.000751933,0.000554165,2.34E-05,-0.000737225,2.4993,1.0466,2.623,1.2494,2.4403,1.3155,2.2249,1.2789,2.0987,1.2789,2.0005,1.2929,1.8905,1.308,1.8107,1.3134,1.7352,1.3177,1.6708,1.3094,1.6018,1.2634,1.5442,1.1944,1.504,1.1196,2.1167,1.1282,2.0635,1.1828,2.0031,1.1757,1.9585,1.2188,1.9052,1.2044,1.8765,1.2533,1.8204,1.2188,1.7988,1.262,1.7557,1.2217,1.7183,1.2447,1.6593,1.1958,2.2735,1.0221,2.2735,0.979,2.117,1.0631,1.9987,1.1023,1.8966,1.1181,1.8189,1.1239,1.7442,1.1224,1.6521,1.121,0.462368381,0.185520161,0.102343783,0.085175172,0.056463174,0.052759549,0.074930701,0.1262,0.099192943,0.111031572,0.079982498,0.075622351,0.997973492,0.252678214,0,0.102020096,0.086013952,0.06476496,0.21353337,0.202245519,0.197533212,0.203347609,0.202947185,0.241271735,1.015379855
PBX004V05,PBX,1.633215588,-0.019926235,0.006663081,0.012481089,0.025537339,0.021337725,0.004816094,0.003602263,-0.00190189,-0.000129865,0.003339794,-0.009469412,-0.000322461,0.009418212,0.001669382,-0.001935755,-0.005080979,0.001754352,0.002546602,0.000475058,-0.001484039,-0.00209727,-0.006814249,0.001292617,0.003314761,0.003961434,0.003294397,0.002220444,0.003508357,0.00250424,0.000201545,-0.001287798,0.000562309,0.000747601,-0.001551142,-0.000221079,-0.000408224,0.000296552,-0.000497873,-7.61E-05,-9.15E-05,0.000690378,-2.75E-05,-0.000944533,-0.000240183,2.35E-05,0.002749113,-0.001979439,0.000875705,-0.000741255,0.000133342,0.000283221,0.002269353,0.000497279,0.000301542,0.000134055,-0.000797388,-0.000436669,0.001222957,0.000379998,0.000731357,2.6192,0.972,2.6622,1.1357,2.5241,1.2738,2.2659,1.2616,2.1656,1.2745,2.0502,1.2832,1.9606,1.2961,1.8851,1.3026,1.8074,1.308,1.7431,1.308,1.6661,1.2706,1.6007,1.2044,1.5489,1.1232,2.1562,1.1174,2.1045,1.1699,2.0512,1.1685,2.0167,1.2095,1.9621,1.1893,1.9376,1.2404,1.8837,1.2131,1.8664,1.2591,1.8064,1.2152,1.7783,1.2411,1.7222,1.1818,2.3148,1.0254,2.3155,0.9757,2.1543,1.0599,2.0491,1.0933,1.9531,1.1127,1.8722,1.1224,1.7956,1.1289,1.719,1.1278,0.438752048,0.181184243,0.121137814,0.080956408,0.060261845,0.047349129,0.072954918,0.101126159,0.115727482,0.090523864,0.075779285,0.077887419,1.080927162,0.268075885,9.80E-07,0.091495628,0.081932899,0.07732852,0.200715221,0.195401996,0.194900616,0.196210754,0.215419799,0.230515618,1.083513959
PBX005V02,PBX,1.693509847,-0.021251507,0.016522535,0.023327499,-0.003799246,-0.000394543,0.012910777,-0.000758829,-0.017530201,0.008806496,-0.002134073,-0.007742476,0.007331911,0.003818595,-0.005803232,-0.010301585,4.26E-05,0.002900051,0.002108318,-0.006858686,0.006026487,-0.002241806,0.005907082,0.00358299,-0.003715482,0.001287762,-0.003001063,-0.000895591,-0.002676776,-0.002298111,-0.000855847,0.002658251,0.00200036,0.00051755,-0.00458805,0.000486767,0.002109093,0.000656761,-0.000373919,0.001263751,-0.000960672,-0.000893838,-0.001671039,0.000100244,-0.000445882,0.000148904,-0.000989684,0.000172284,0.00074037,0.001107136,-7.60E-05,4.19E-05,0.000337182,0.000630212,-0.000161071,0.000305688,-0.002042122,0.000292374,1.17E-05,0.000186955,0.000440321,2.6025,0.9865,2.6553,1.1839,2.5086,1.3015,2.2767,1.2735,2.144,1.2875,2.0293,1.3055,1.9293,1.3242,1.8531,1.3321,1.7747,1.3393,1.7028,1.327,1.6268,1.2816,1.5707,1.206,1.5183,1.1257,2.1359,1.1365,2.0685,1.1926,2.007,1.1882,1.9676,1.2309,1.9105,1.2141,1.8862,1.2627,1.8231,1.2255,1.8074,1.2702,1.7542,1.23,1.7298,1.2573,1.6924,1.1976,2.2994,1.0405,2.3001,0.9923,2.1332,1.0757,1.9995,1.1124,1.8981,1.1289,1.8103,1.1339,1.7434,1.1361,1.6866,1.1339,0.447689022,0.196452641,0.12126937,0.096809349,0.075099001,0.076942186,0.093488021,0.133436464,0.11610379,0.101733426,0.07660842,0.078729918,1.093099392,0.273060323,9.80E-07,0.099915264,0.088140343,0.069046796,0.223496689,0.224610975,0.224443957,0.220002273,0.2270248,0.244370804,1.045373904
PBX005V03,PBX,1.727831521,-0.026525972,-0.010341664,0.011267555,-0.009895968,-0.014597698,0.010637449,0.009230291,4.52E-05,-0.007436428,-0.009646666,-0.005822616,0.000256048,0.001916124,0.005654136,-0.003709695,-0.00225573,-0.003285961,-0.001409581,-0.001511367,0.003639179,0.001469422,-0.001980664,0.005617527,0.003312794,-0.000707873,-0.001467966,-0.001672521,-0.004423238,0.004052783,-0.002686937,-0.001283982,0.002194451,-0.000628077,8.09E-05,0.000473716,-0.000433817,-0.002520451,0.001128594,-0.003419686,-0.002483671,-0.00054467,-0.000588457,0.000880278,-5.86E-05,0.000607936,-0.000350218,-0.00177789,0.000883593,0.001075879,-0.001141508,0.000649833,-0.00139336,0.000110339,0.001008779,-0.000374751,0.000497121,-0.000498484,0.001044719,0.000198399,-0.000178524,2.6363,0.9732,2.701,1.1976,2.5601,1.2925,2.2745,1.2648,2.1548,1.2799,2.0408,1.2954,1.9387,1.3069,1.861,1.3155,1.7805,1.3328,1.7093,1.3252,1.6338,1.2821,1.5809,1.2184,1.5291,1.1397,2.1472,1.1429,2.089,1.1926,2.0286,1.1861,1.9951,1.2379,1.9369,1.212,1.911,1.2573,1.8517,1.2271,1.8247,1.2659,1.7675,1.2325,1.7427,1.2627,1.7255,1.2023,2.3468,1.0289,2.3454,0.9786,2.1419,1.0804,2.0232,1.1138,1.9272,1.1311,1.842,1.1419,1.7643,1.1451,1.7244,1.144,0.425862947,0.176252376,0.109320309,0.073448894,0.05681065,0.061464217,0.079642012,0.120648663,0.115048903,0.102745608,0.078174484,0.082337962,1.119649092,0.258616105,3.92E-06,0.09528746,0.086527741,0.084372981,0.196958498,0.195926134,0.191248242,0.199748467,0.211914535,0.22712578,1.098695417
PBX005V04,PBX,1.77551751,-0.025279884,-0.00266328,0.009057412,0.00233296,-0.016347594,-0.016111985,-0.003247032,0.007560513,-0.002881745,-0.006279735,0.004539945,0.008607079,-0.001332754,0.007145981,0.004205139,0.000622616,0.001788318,0.000369584,0.001468068,0.00057446,0.007813151,0.001857817,-0.002613058,-0.000690313,0.003992323,-0.000612174,0.002298499,0.003084172,-0.000562541,-0.003541592,0.00458494,0.001769849,-0.000978082,0.005473453,0.002052716,-0.001955666,0.000543051,-0.000394458,-0.000470993,-0.000286026,-0.001138115,0.001949016,-0.001158876,0.00046509,7.10E-05,0.002165815,-0.000934463,0.001383787,0.000971566,-0.000856181,-0.000388654,0.000271584,0.000215508,0.001087244,0.000300696,0.000301872,-0.000730495,-0.00135355,-0.00014252,-0.000495748,2.6224,0.9374,2.6899,1.1958,2.5658,1.2778,2.2454,1.2584,2.1145,1.2727,2.0153,1.2878,1.9196,1.3051,1.842,1.3116,1.7621,1.3188,1.6909,1.3177,1.6154,1.2756,1.5485,1.2152,1.4838,1.1451,2.1386,1.1268,2.0707,1.1742,2.0135,1.1645,1.9693,1.2217,1.9024,1.1936,1.884,1.2497,1.8236,1.2163,1.8118,1.2713,1.7406,1.2238,1.7211,1.253,1.664,1.2044,2.3231,1.0119,2.3236,0.9563,2.1339,1.0563,2.007,1.096,1.8981,1.1203,1.8155,1.1316,1.7357,1.1381,1.6591,1.1419,0.480902194,0.169483923,0.107799304,0.080530802,0.065852259,0.050360004,0.077528317,0.131678776,0.100342663,0.097251118,0.077871754,0.08022375,1.15738898,0.269594455,5.00E-07,0.114847812,0.082004451,0.083338167,0.20470127,0.203474667,0.202334031,0.204431138,0.206831187,0.230817374,1.094102322
PBX005V07,PBX,1.79576145,-0.018163091,0.015856365,-0.002544011,0.005935634,-0.010453505,-0.007042379,0.006421017,-0.001502853,0.005338883,-0.007425258,-0.00060237,-0.00683203,0.004885434,-0.002649329,0.004483716,0.003299949,0.004050994,0.000164573,-0.002389468,0.007263934,0.00371589,-0.003906017,-0.001722444,-0.003050816,-0.001190459,0.000794085,0.002926033,0.000121058,-0.004421339,-0.001819661,-0.000726802,0.000871914,-0.002420395,0.001794895,0.000557702,-0.003390403,-0.000924707,0.000475459,-0.001407513,0.000776658,0.00063701,0.001984381,0.000911819,8.96E-05,-0.000451313,0.002307698,0.001579184,-0.000557347,0.001259535,0.000915955,-0.000824717,-4.22E-05,0.001261677,0.00089255,0.000656489,-0.000850589,0.000443421,0.000337806,-0.000108139,-0.001311504,2.6667,0.9795,2.7222,1.2192,2.5856,1.3055,2.3091,1.2778,2.158,1.2853,2.0426,1.3058,1.9412,1.3188,1.8689,1.3245,1.7869,1.3288,1.7017,1.3285,1.6187,1.2843,1.5539,1.2179,1.4914,1.1397,2.1652,1.1419,2.089,1.1908,2.0343,1.1836,1.9898,1.2382,1.9301,1.2109,1.9106,1.2677,1.8528,1.2292,1.8484,1.2875,1.7783,1.2379,1.7513,1.2713,1.6899,1.198,2.3421,1.0401,2.3407,0.9775,2.1667,1.0681,2.0297,1.1084,1.9229,1.13,1.843,1.1397,1.7729,1.1419,1.6888,1.1462,0.47859931,0.197929331,0.117009615,0.085776454,0.059561481,0.042299527,0.06762847,0.151286021,0.117206698,0.102229937,0.072524341,0.082112667,1.186167834,0.282615516,3.92E-06,0.107716897,0.079436641,0.075006266,0.207283309,0.206297746,0.204254865,0.212682228,0.21852803,0.253479486,1.085920365
PBX005V08,PBX,1.735467032,-0.02045819,0.002256008,-0.015937983,-0.007392753,-0.013629893,-0.012690089,0.004603459,0.005431046,0.000635392,-0.005683075,-1.53E-05,-0.001467096,-0.001798286,0.006325506,0.001065817,-0.006599132,-0.002126836,0.002091905,-0.002630241,-0.006676768,0.003412658,-0.002926858,-0.008019973,-0.004654823,0.002598697,-0.002169051,-0.001938412,0.000992417,-0.003475449,-0.005875726,-0.00170057,-0.000577664,-0.002420408,-0.001995028,-0.003512538,0.000829851,-0.002911534,0.00206902,-0.001548459,0.002980925,-0.000917287,0.00134966,9.40E-05,-0.0010484,0.000777272,-0.000805247,3.93E-05,0.000273188,-0.000133784,0.001158692,-0.000965953,0.000748247,-0.000625194,-0.000241733,-0.000179273,3.06E-05,-0.001836422,0.000490044,0.001270388,0.000365613,2.6289,1.0011,2.6888,1.2206,2.5777,1.3015,2.2681,1.2594,2.1451,1.2756,2.0297,1.2972,1.9423,1.3091,1.8657,1.3155,1.7826,1.3252,1.7109,1.3296,1.6273,1.2913,1.5642,1.2265,1.5092,1.157,2.1462,1.144,2.0858,1.1926,2.0286,1.1818,1.9779,1.2346,1.9239,1.2195,1.9099,1.2767,1.843,1.2379,1.8387,1.2907,1.7654,1.2422,1.7492,1.2875,1.6967,1.2141,2.3375,1.0559,2.3367,0.9811,2.1411,1.0768,2.0311,1.112,1.9204,1.1336,1.8391,1.148,1.7621,1.157,1.6909,1.1602,0.454933248,0.167859376,0.102007304,0.081252692,0.045820519,0.036661151,0.050367152,0.124062242,0.117404089,0.088206406,0.076866898,0.08366421,1.130501172,0.265468736,1.28E-06,0.111280636,0.082966077,0.077719045,0.18876941,0.18935472,0.191320281,0.196752255,0.199401505,0.222422481,1.083649021
PBX006V02b,PBX,1.729819439,-0.019895332,-0.025764577,0.012562037,-0.002074507,-0.003586973,-0.005417721,0.000302898,0.001343078,-0.006501277,-0.001107413,-0.006219819,0.003734668,0.007749335,-0.002060087,-0.003605727,-0.005287942,0.001889101,-0.004842922,-0.001770579,-0.002102878,-0.000561264,-0.000562565,0.004686062,-0.002866139,-0.002288118,-0.001654175,-0.000697753,-0.001812643,-0.00099502,-0.003775625,0.000211885,-0.000822592,0.003109477,0.000541563,-0.001953882,-0.003051154,9.52E-05,0.000690057,-0.001417185,0.002349876,-0.000846423,-0.001906568,0.001383288,-0.000182194,0.000225107,0.000464198,-0.003677956,-0.000627736,0.000344344,-0.001315018,0.000701123,-0.000130951,2.13E-05,0.000448872,0.000952558,-0.000202515,0.001198415,1.26E-05,6.50E-05,-0.000130109,2.6408,0.9752,2.6737,1.1828,2.541,1.2821,2.2411,1.2584,2.1343,1.2778,2.0156,1.2972,1.9186,1.3188,1.8517,1.3209,1.7675,1.3339,1.7075,1.331,1.632,1.2857,1.5708,1.2166,1.5162,1.1383,2.1397,1.1375,2.085,1.1879,2.0232,1.1879,1.9793,1.2296,1.9247,1.2116,1.9017,1.2598,1.8398,1.2282,1.815,1.2713,1.7632,1.2379,1.7341,1.2638,1.6953,1.2044,2.3429,1.0207,2.34,0.9624,2.1386,1.0728,2.0149,1.1117,1.9171,1.1318,1.8333,1.1424,1.7605,1.1478,1.6931,1.1483,0.449407354,0.157793441,0.102530483,0.07672972,0.061372714,0.061701297,0.077650306,0.108547685,0.120274893,0.099375852,0.066932952,0.085197653,1.136365597,0.271530809,1.68E-05,0.101311105,0.08650763,0.077211722,0.199956795,0.195655437,0.195941445,0.192508208,0.204561898,0.212022664,1.1051518
PBX006V03a,PBX,1.718120576,-0.027980426,0.013991731,-0.008845327,-0.004838946,-0.009392078,0.005365917,0.016672916,-0.008154675,0.00141135,-0.005890312,-0.008720558,0.005544649,0.000408078,0.000950865,0.001286096,-0.009452812,-0.001381565,0.003634006,7.77E-05,-0.006590992,-0.001407684,0.001116619,0.000308935,0.001076968,-0.000529711,0.000753998,-0.002466233,-0.000344309,0.00057583,-0.000933002,-0.000998412,-0.002557989,0.002191014,-0.001197266,-0.002307349,0.002413854,-2.61E-05,0.002960158,-0.002414617,-0.001359662,-0.003075775,-0.000169984,-0.001208341,0.000518664,-0.001859356,0.00151324,-7.06E-05,-0.000311456,-7.44E-05,0.000685491,0.000510235,0.000437264,0.001746558,2.94E-05,-0.000941267,-2.78E-05,-0.000836437,-8.90E-05,0.000698461,-0.00094244,2.6214,0.9914,2.678,1.1936,2.5604,1.2843,2.2781,1.2612,2.1573,1.2792,2.0401,1.3008,1.943,1.3109,1.8695,1.329,1.7708,1.3398,1.7006,1.3366,1.6241,1.2945,1.5615,1.2292,1.5162,1.1634,2.13,1.1419,2.0793,1.198,2.02,1.1915,1.98,1.2433,1.9261,1.2174,1.9013,1.2745,1.8366,1.2411,1.8215,1.2886,1.7589,1.2476,1.7384,1.2875,1.6985,1.2195,2.3047,1.0505,2.3044,0.9926,2.13,1.0787,2.0194,1.1149,1.9261,1.1359,1.8301,1.1537,1.753,1.158,1.6963,1.1613,0.438422182,0.190173868,0.112594138,0.083176078,0.055352055,0.062738824,0.06152276,0.122133697,0.119173823,0.09762387,0.075695839,0.099289123,1.118503929,0.252985375,1.80E-07,0.097406468,0.092584772,0.077971405,0.193423111,0.206913629,0.193541339,0.200469474,0.214501515,0.235031615,1.060986758
PBX006V04b,PBX,1.661228767,-0.025990007,0.003862832,-0.00136643,-0.002163876,-0.000870871,-0.003960162,0.013354814,-0.001196401,-0.00072405,-0.004325264,-0.00475938,-0.001482144,-0.003936067,-0.007916039,0.000580498,-0.005157107,-0.002179455,0.001758068,0.003832835,0.005181587,-0.000338838,0.004043846,-0.003112544,0.003500666,-0.00108573,-0.001599026,0.001071266,-0.001226457,0.000588787,-0.00487846,-0.006041727,-0.000778718,0.000765797,-0.004276553,0.001182193,0.00113436,0.00053747,0.000682434,-0.000157425,-0.001203563,-0.001339191,-3.31E-05,-0.001999788,-0.000327918,0.0016308,-0.000544998,-2.03E-05,0.000473982,-0.000190774,-0.000111462,0.000509405,-0.001836549,0.000212644,0.000723751,0.000256412,-0.000803192,-0.000933429,0.000397843,0.000209267,6.26E-06,2.6197,1.007,2.651,1.1969,2.5367,1.3004,2.263,1.2702,2.1278,1.2738,2.0279,1.2882,1.9466,1.3033,1.8725,1.317,1.7823,1.3245,1.7104,1.3216,1.6316,1.2846,1.5784,1.2192,1.5352,1.1429,2.1329,1.1383,2.071,1.1987,2.0178,1.1828,1.9847,1.2318,1.9257,1.2123,1.9085,1.262,1.8495,1.2282,1.8294,1.2742,1.7718,1.2303,1.7524,1.2627,1.7093,1.2044,2.3085,1.0469,2.308,0.9935,2.1327,1.0798,2.0162,1.1154,1.9196,1.1354,1.8447,1.144,1.77,1.1494,1.706,1.1501,0.428726218,0.185266349,0.094160767,0.071043649,0.056189857,0.060740843,0.068653114,0.135247921,0.100932502,0.082690386,0.075355823,0.09051127,1.092981729,0.250257328,5.00E-07,0.096709152,0.077841184,0.077728373,0.190360316,0.196458672,0.189103411,0.187287827,0.193765632,0.230716818,1.053302127
PBX006V07,PBX,1.685101039,-0.025748503,0.01328604,-0.007928435,-0.001660859,-0.003428241,0.010893345,-0.004620984,-0.015160502,0.002519351,-0.004131728,-0.006026421,0.001770235,-0.008271598,-0.001764964,-0.004212492,-0.000907598,0.001572869,0.005892595,-0.006470769,0.009394502,-0.007335327,0.006812129,-0.005037829,0.003956055,0.002049104,-0.003491827,0.000162515,0.002963038,-0.004183985,-0.004424814,0.003687011,0.00302702,0.001593742,0.001400003,0.000677311,-0.000256189,-0.002610992,0.000300653,-0.000391646,-0.001631057,0.000501787,0.001108405,0.001206128,-0.003165189,0.002619403,0.003146849,0.001716688,0.001255862,0.001420067,0.001061725,0.001687682,0.001284909,-0.000595904,0.000388736,-0.001031226,0.001627108,-8.00E-05,0.000420362,-0.000475931,-0.000121015,2.587,1.0128,2.6388,1.194,2.5295,1.3091,2.2724,1.2695,2.1264,1.2753,2.0315,1.2954,1.9337,1.3134,1.8506,1.3177,1.7654,1.3242,1.6837,1.308,1.6147,1.2634,1.5601,1.2015,1.5147,1.1332,2.1343,1.1429,2.0663,1.1931,2.0043,1.1866,1.9725,1.2346,1.9072,1.2114,1.8857,1.2584,1.8308,1.2289,1.82,1.2713,1.7539,1.226,1.7244,1.2641,1.6827,1.1922,2.3101,1.0559,2.3076,1.0081,2.1284,1.0798,1.9957,1.1117,1.8981,1.1289,1.8225,1.137,1.7465,1.1375,1.6818,1.1359,0.454283007,0.187347725,0.10182755,0.084720954,0.073,0.055581652,0.072753076,0.14611516,0.097005258,0.099442647,0.083211177,0.085447586,1.079038206,0.243137903,1.25E-05,0.100217015,0.078378632,0.076954662,0.206023906,0.208107785,0.208524339,0.213349033,0.209397827,0.238163998,1.042882184
PBX006V08,PBX,1.74531604,-0.039055855,0.015808654,-0.003020749,0.000442959,-0.008138272,-0.003987549,-0.0058466,-0.004799841,-0.000163488,-0.006816496,-0.007430758,-0.000918657,0.00253852,-0.004633122,-0.009268235,0.004391655,-7.54E-05,0.00332042,-4.00E-05,0.000811796,0.001292932,0.002182718,0.001528836,-0.00513403,0.002344446,-0.000456314,-0.004651111,-0.00276213,-0.004005889,-0.002524517,0.001424487,-0.00153301,0.002596196,0.003389707,-0.000552063,0.000686045,0.000552609,-0.000975676,-9.12E-05,-0.003126216,0.00059469,0.001335071,-0.00021749,-0.000120944,0.000108491,-0.00074466,-0.000521252,0.000892756,0.000435248,-0.001349791,-0.000815354,-0.001702773,-0.000158334,-0.000130411,0.000349489,-0.00057256,-0.000181909,0.000232512,-3.28E-05,-4.25E-05,2.5992,1.0102,2.6726,1.2195,2.555,1.3155,2.2562,1.281,2.1181,1.295,1.9951,1.3166,1.9153,1.3317,1.8506,1.3382,1.7567,1.3425,1.6769,1.3296,1.5971,1.2789,1.5388,1.2077,1.4849,1.1311,2.1221,1.1566,2.0538,1.2041,1.9984,1.1983,1.9588,1.2494,1.9013,1.2235,1.8776,1.2738,1.8128,1.2371,1.8056,1.2911,1.7362,1.24,1.719,1.2713,1.6629,1.2044,2.3026,1.0534,2.3008,1.0052,2.1185,1.0937,1.9919,1.1268,1.8905,1.1419,1.8058,1.1467,1.7298,1.1478,1.6591,1.1456,0.461681145,0.182915746,0.111343163,0.076377549,0.069091968,0.065141461,0.080565067,0.138807817,0.124882184,0.08121607,0.065025687,0.093998404,1.120839551,0.276163448,6.48E-06,0.100316748,0.089538874,0.076654876,0.219762076,0.225487915,0.214977324,0.203620358,0.210280004,0.2324706,1.033006379
PBX006V09,PBX,1.774322191,-0.030226518,-0.027847862,-0.001683201,-0.001764062,0.011224491,-0.000938617,0.000569186,-0.004842106,0.000724933,-0.002484404,-0.006908434,0.011954017,-0.000997196,0.002136872,-0.000366538,-0.002780191,-0.000696627,0.005084086,-0.004064954,0.001276208,0.000114154,-0.000439295,0.001167084,0.003488003,-0.000872808,-0.001374436,0.00236826,-0.000378994,-0.000175139,0.000444872,-0.000442672,-0.003145245,-0.000498297,0.001895485,-0.001699067,-0.000593565,0.002523892,0.002802144,-0.003041128,0.001008758,-0.003792271,0.000864908,0.000901978,-0.000978784,-0.002232378,0.000142277,0.000580206,0.000206024,-0.000714071,-0.000834259,-0.000239496,0.000651956,-0.00030747,-0.001044735,0.001148416,0.000294679,-0.000480075,-0.000599912,0.001157621,-6.24E-05,2.6127,0.9784,2.6575,1.1462,2.5237,1.2691,2.2066,1.2562,2.0933,1.2713,1.9844,1.2896,1.8883,1.3037,1.8107,1.3177,1.7132,1.3296,1.6489,1.3252,1.5771,1.2821,1.5189,1.212,1.4687,1.144,2.1127,1.1307,2.0458,1.1825,1.9826,1.1746,1.9401,1.2278,1.884,1.2019,1.8596,1.2558,1.7934,1.2206,1.7729,1.2654,1.7211,1.2287,1.6866,1.2551,1.6446,1.2033,2.3105,1.0347,2.3091,0.9678,2.1079,1.0615,1.9757,1.1084,1.8776,1.1246,1.7848,1.1365,1.7104,1.1408,1.6381,1.1419,0.473696496,0.156740103,0.100705958,0.076037688,0.05583995,0.064530071,0.079106321,0.114301794,0.110426899,0.097128883,0.078852774,0.098223521,1.155923596,0.255549369,3.92E-06,0.102309579,0.092509729,0.07275232,0.202166516,0.203356092,0.196642035,0.196548315,0.20091334,0.218288296,1.08276576
PBX006V11,PBX,1.654434722,-0.041540334,0.023848576,-0.022915881,-0.009724183,-0.008547854,0.007755135,-0.009424666,-0.009078676,0.010212627,0.008296682,-0.007709916,0.00781156,-0.003358344,0.00213514,-0.002625228,-0.004296247,-0.003655112,-0.004522526,-0.008379328,0.00327157,-0.001822754,-0.006973402,0.003861558,0.000224086,0.002405674,-0.003223506,0.004581806,0.002320376,0.002172148,-0.002815405,-0.003332716,-1.33E-05,-0.004562118,-0.002404304,0.00313275,-0.001158961,-0.00096938,-0.002449576,-0.001896894,0.000702698,0.003494001,-0.002192818,0.000398765,-0.001330253,0.000218011,-0.001123327,-0.001165432,-0.000164906,-0.000270274,0.00021689,-0.001568864,-9.36E-05,-0.000396619,0.001181377,-0.00099817,0.000448982,0.000631882,-9.58E-05,-0.001060565,0.000251325,2.5566,1.0227,2.6499,1.1915,2.5529,1.2896,2.2673,1.2555,2.1465,1.2648,2.0243,1.2843,1.9315,1.2983,1.8517,1.3069,1.7654,1.3118,1.7064,1.3047,1.633,1.2681,1.5741,1.2012,1.5259,1.1293,2.1329,1.1451,2.0595,1.1983,2.0085,1.1904,1.9725,1.2343,1.907,1.217,1.9013,1.2616,1.8394,1.2228,1.8193,1.2652,1.7632,1.2244,1.7319,1.2492,1.6882,1.1931,2.2922,1.0649,2.2893,0.9937,2.1311,1.0712,2.0032,1.1036,1.9008,1.1251,1.835,1.1321,1.7589,1.1365,1.6841,1.1339,0.447283009,0.173929641,0.109504566,0.071994722,0.047528202,0.05280767,0.07100007,0.12115746,0.123746071,0.093850093,0.080262071,0.086438996,1.036197882,0.251685141,1.68E-05,0.104927642,0.06784836,0.076216796,0.195596779,0.194030925,0.192184,0.201486699,0.21568572,0.229165726,1.042572252
PBX006V13,PBX,1.621718613,-0.026182672,0.047095615,-0.011759051,-0.007528755,-0.004062764,0.005393158,-0.007042639,0.002442196,-0.000282992,0.005807248,-0.008612797,0.001144062,-0.011296165,0.004239794,0.00016776,-0.009100417,-0.004143499,0.001663415,-0.007407269,-0.000486047,-0.004829976,0.000232131,-0.002581582,0.000381114,0.008320658,0.002575835,-0.005299333,-0.001676617,-0.000910768,-0.000547562,-0.001531611,-0.005055273,0.001298382,0.001590042,0.000536611,-0.004132764,0.002717643,-5.80E-05,-0.001776041,-0.0016232,0.001867497,-0.003622622,0.000783297,0.001722107,0.000705297,-0.000910426,-0.001257335,-0.000462133,-0.000203751,0.000654359,-0.001342257,0.000997321,0.000133034,-0.000502865,-0.001221851,0.000242591,0.000916721,-0.001127946,0.000406252,-1.13E-05,2.5458,1.0097,2.6284,1.1893,2.5485,1.2994,2.2738,1.2587,2.1537,1.2652,2.0442,1.2794,1.945,1.2929,1.884,1.3037,1.7875,1.3128,1.7265,1.3128,1.6478,1.2724,1.5804,1.2039,1.5254,1.1365,2.1246,1.1286,2.062,1.1775,2.0131,1.1796,1.9829,1.2163,1.9218,1.1983,1.911,1.2494,1.8416,1.2087,1.8412,1.2699,1.7682,1.2213,1.7476,1.2524,1.7014,1.1875,2.2853,1.0458,2.2846,0.9919,2.1246,1.0626,2.0102,1.0933,1.9218,1.1106,1.8409,1.1251,1.7621,1.1316,1.6974,1.1327,0.427279124,0.197956182,0.126886485,0.087973291,0.055210959,0.05453696,0.072389019,0.120275766,0.110416892,0.100114385,0.061948688,0.096928118,1.028248219,0.267437656,9.80E-07,0.093195386,0.080871503,0.074473619,0.201380287,0.210898127,0.197468099,0.208507074,0.223923782,0.246405864,1.032073297
PBX006V14,PBX,1.767971419,-0.022538074,0.011435285,0.016501646,0.007260914,0.011915578,-0.000319759,-0.003610169,-0.000855013,0.000179885,-0.000355982,0.008188986,-0.000612502,0.001057199,-0.000270013,-0.001284149,0.001766156,0.003206232,0.003061179,-0.002843999,0.004415277,-5.56E-05,0.003245983,0.002323201,-0.003158815,-0.001281629,-0.00478951,0.000427986,-0.00330381,-6.28E-05,-7.78E-05,0.002304545,0.000496376,-0.001866941,0.001255168,-0.002038901,-0.000969094,-0.001200158,0.000753376,0.002489436,-0.000914979,0.001594156,-0.000770614,-1.55E-06,-0.001436846,0.001028295,0.002228726,0.00026194,-0.00112251,-0.000906078,-0.000758725,-0.000662028,-0.000805212,-0.000392497,0.001367465,0.000492825,-0.001703761,0.001044295,0.000883219,0.000294031,-9.83E-05,2.6257,0.9622,2.6863,1.1595,2.5511,1.3105,2.2749,1.2817,2.1343,1.2918,2.021,1.3134,1.9218,1.3285,1.8474,1.336,1.7783,1.3457,1.7017,1.3457,1.6136,1.3019,1.5467,1.2321,1.4842,1.1537,2.1379,1.1397,2.071,1.185,2.0113,1.1836,1.9739,1.2296,1.9135,1.2087,1.8912,1.2641,1.8265,1.2318,1.8118,1.281,1.7553,1.2397,1.7316,1.2763,1.6683,1.2181,2.315,1.0264,2.3128,0.979,2.1368,1.0725,2.0049,1.1127,1.8997,1.1354,1.8172,1.144,1.7503,1.1483,1.6607,1.1499,0.476099485,0.19731447,0.124149627,0.09612934,0.07130021,0.065516105,0.083649567,0.1409623,0.115340583,0.100342663,0.074777069,0.069777504,1.157451727,0.290121095,9.68E-06,0.10096955,0.090014499,0.071636932,0.228401839,0.211328417,0.212088213,0.21540123,0.220955131,0.250671598,1.055697656
PBX006V20,PBX,1.67705145,-0.027557362,0.013410883,-0.012379823,-0.00759542,0.012853148,-0.001501415,-0.00056153,-0.003059663,0.002257649,-0.004142027,-0.003608595,0.002979044,9.82E-05,-0.000931574,0.001008914,-0.008289567,-0.002761117,-0.001786768,-0.002917802,0.000871294,-0.000623177,0.001854986,0.00130075,0.002027581,4.01E-05,0.001605551,0.000754125,-0.001950453,-0.000482209,0.002337979,0.004540296,0.00136987,0.004759807,0.000966606,0.000846782,-0.001951549,-0.00010608,0.00093448,-0.000388045,-0.000781883,-0.002341582,-0.00015519,-0.000213763,0.001534817,0.00044047,0.001479421,0.001155318,-0.001439957,5.91E-05,0.000669257,0.000146454,0.000295165,-0.001779015,0.000124535,0.000788272,0.001430377,-0.000378775,-0.001662458,-2.13E-05,0.000111281,2.5852,0.9898,2.6348,1.1505,2.5399,1.2681,2.2522,1.2483,2.1286,1.2612,2.0167,1.2821,1.9304,1.2972,1.8549,1.3123,1.7762,1.3209,1.7078,1.3216,1.623,1.2828,1.5547,1.221,1.4957,1.1505,2.1214,1.1318,2.0617,1.1857,2.002,1.18,1.9689,1.2217,1.9106,1.2001,1.8826,1.2461,1.8243,1.221,1.8161,1.2659,1.7546,1.2325,1.7319,1.2584,1.6812,1.2012,2.2925,1.0415,2.2868,0.9761,2.1167,1.0617,1.9937,1.1034,1.9103,1.1199,1.8197,1.1343,1.7492,1.1419,1.6748,1.1462,0.445637072,0.175159613,0.100875468,0.07702597,0.06997178,0.060484709,0.076607702,0.124271356,0.113835056,0.087611072,0.076995195,0.079168491,1.101287764,0.272509853,6.50E-05,0.093584026,0.088794707,0.070642339,0.201995173,0.200520947,0.196954056,0.19398402,0.207602625,0.23060748,1.059723403
PBX006V21,PBX,1.662564314,-0.039500475,0.008907938,-0.021958149,0.00692197,0.000942982,0.007290706,-0.013916296,-0.001177748,-0.001646205,-0.0005253,-0.008537629,-0.006526166,-0.007211531,0.006851194,-0.002381962,-0.006387989,-0.00252975,0.001373333,-0.006036027,-0.002618203,0.003065815,0.00055972,-0.002217741,-0.002716057,-0.003626312,0.005371956,-0.000208263,-0.001017995,0.004220427,0.00023292,0.001028715,0.002196583,-0.001420125,0.004635658,-0.000658031,0.000765089,0.00083737,0.00039812,-0.001168718,-0.00023542,-0.00161185,4.78E-05,0.000735646,-0.000873909,0.0009867,0.00059855,0.000185397,0.000527549,0.001891171,-0.00029832,0.001876356,-0.000949451,-0.000105817,-0.000519268,-4.65E-05,-0.001270012,0.000897432,0.000296938,3.54E-05,3.91E-05,2.5458,0.9881,2.6359,1.1505,2.5453,1.2735,2.2411,1.254,2.1224,1.2648,2.0164,1.2828,1.9272,1.2986,1.8495,1.3087,1.77,1.3209,1.6902,1.3152,1.6165,1.2717,1.5539,1.2062,1.5022,1.1386,2.1134,1.1393,2.0523,1.1897,2.0034,1.1839,1.9667,1.23,1.9164,1.2069,1.8876,1.2594,1.8315,1.2256,1.8243,1.2817,1.7553,1.235,1.7316,1.2659,1.6769,1.2113,2.294,1.0487,2.2932,0.9768,2.1133,1.075,1.9978,1.1084,1.9099,1.1289,1.8294,1.139,1.7539,1.1451,1.6751,1.1465,0.442398293,0.171649002,0.10273276,0.072511585,0.055720732,0.036932912,0.06707876,0.11919031,0.10751744,0.09058852,0.078353685,0.080430653,1.054396135,0.257937124,1.28E-06,0.089988888,0.086935033,0.076777601,0.198548155,0.189484353,0.18718173,0.187156245,0.199965297,0.219940537,1.06198822
PBX006V22,PBX,1.757392835,-0.034176176,-0.01779806,-0.010954497,-0.013850622,0.01611579,-0.005446286,-0.001576803,-0.001335837,0.004937004,0.009972783,-0.004565996,-0.011179183,0.001044305,-0.006306988,0.007967682,-0.001497035,-0.000783401,0.003558238,-0.007489233,0.007074233,0.00143975,0.004934844,0.000396037,-0.001881446,-0.001321806,0.005935283,0.006503637,0.001213198,0.003427057,0.001426813,-0.000233591,0.003254105,-0.002004135,-0.002445867,0.001360173,-0.000828675,0.002198867,0.000651192,0.000582045,0.000635638,0.002412835,-0.001995792,-0.000719875,0.001226601,-0.000304173,0.000363237,0.000312004,0.0004924,-0.000659277,-0.001065775,0.000202371,0.000247202,0.000783388,0.000570226,0.000191994,-0.000225212,0.000297632,-0.00066456,0.000314509,9.75E-05,2.642,0.9977,2.6809,1.1357,2.5716,1.2638,2.2659,1.254,2.1106,1.267,2.0146,1.2821,1.9164,1.294,1.8355,1.3058,1.7668,1.3152,1.6949,1.3137,1.6187,1.2745,1.5532,1.2069,1.5007,1.1336,2.1343,1.1192,2.0581,1.1897,2.0063,1.1746,1.9703,1.2184,1.9092,1.199,1.8927,1.2501,1.8315,1.2141,1.8179,1.2717,1.76,1.2238,1.7309,1.2476,1.6802,1.1958,2.3371,1.0336,2.3378,0.9495,2.1354,1.0516,2.0038,1.0933,1.9081,1.112,1.829,1.1214,1.76,1.1268,1.678,1.1278,0.460515331,0.188386836,0.09344271,0.077589819,0.049888877,0.03837408,0.076541296,0.155843158,0.097180296,0.098918401,0.08175604,0.069340104,1.149362649,0.264857792,9.80E-07,0.100118779,0.079153648,0.072154972,0.20737454,0.194271074,0.193467103,0.200689462,0.20390667,0.240823608,1.119044454
PBX008V01,PBX,1.789403761,-0.042057293,0.008143738,-0.018038471,-0.009393134,0.008404559,-0.01193696,0.000144847,4.16E-05,-0.003766552,-0.007368431,0.008132399,-0.005662153,0.006845991,0.005596356,-0.000183135,0.000832247,0.006593514,0.009653977,0.000496623,-0.004320258,0.005302559,0.004017847,-0.000222781,-0.003097675,-0.00375348,0.001451085,0.001020472,-0.001437848,-0.002314365,-0.000236768,-0.000348455,-0.004480305,0.001626685,-0.004545196,0.001934852,-0.002495118,-4.81E-05,-0.000970674,-0.000481751,-0.001813297,0.000405801,-0.002694711,0.003605997,6.04E-05,-0.000999438,0.000639387,6.43E-05,-0.000616541,-0.001902239,-0.000820235,-0.001535197,0.001191944,0.001452811,0.000699672,-0.000250725,0.000568432,0.000105755,0.001112801,0.00037938,-0.000682595,2.6214,0.9892,2.6891,1.1703,2.5841,1.2781,2.2548,1.2623,2.1084,1.2713,1.993,1.2907,1.9035,1.3047,1.8312,1.3123,1.7524,1.3198,1.6791,1.3188,1.5863,1.2767,1.5216,1.2131,1.4622,1.1332,2.1106,1.1332,2.0469,1.1893,1.9973,1.1807,1.9488,1.2152,1.8894,1.2001,1.8722,1.2443,1.802,1.2141,1.801,1.2691,1.7373,1.2292,1.7233,1.2778,1.6456,1.198,2.3091,1.0405,2.3069,0.9822,2.1102,1.0725,2.0016,1.1041,1.8887,1.125,1.7945,1.1375,1.7287,1.1386,1.6435,1.1397,0.469493387,0.193547023,0.1025,0.087486513,0.068028303,0.052709392,0.051096086,0.146676378,0.117019315,0.090588355,0.072698349,0.079156112,1.168109858,0.285469736,9.68E-06,0.109630151,0.08851418,0.066438694,0.210464296,0.201687729,0.199591683,0.195793207,0.19839879,0.23860679,1.070507473
PBX009V05,PBX,1.654141445,-0.023321751,0.019048607,-0.000722041,-0.00246147,0.001057361,-0.010654935,-0.003134867,0.003333491,-0.001329157,0.001180431,-0.006342537,-0.006592889,-0.006170004,-0.001354149,-0.001509986,0.002050081,-0.001199512,0.001615612,-0.00305815,0.004110561,-0.001502743,0.002672212,-0.008608894,-0.007306213,-0.003705691,0.002162283,-0.002322698,0.000255425,0.000990174,0.001434055,-0.001588824,0.003371801,0.002727541,0.001706007,-0.000917859,-0.00075607,-0.00192978,0.002270848,-0.000944991,-0.001004167,0.000186307,0.000529584,0.000277398,-0.001062098,0.00205317,0.001382069,0.000505516,-0.001327249,-0.000627671,0.001153604,-0.00065478,-0.000715967,0.000869153,-0.002086102,-0.000232199,-0.000172945,-0.000203091,8.11E-05,-9.93E-05,0.000146101,2.5734,0.9941,2.6424,1.1796,2.5345,1.2918,2.2573,1.2659,2.1214,1.2767,2.0264,1.3004,1.9419,1.3152,1.8671,1.3296,1.7931,1.3389,1.7233,1.3432,1.6359,1.3019,1.5683,1.235,1.5108,1.1616,2.1214,1.1332,2.0574,1.19,2.0034,1.1893,1.9746,1.2361,1.9164,1.2181,1.8977,1.2691,1.8351,1.2418,1.8409,1.2994,1.7726,1.249,1.7438,1.2785,1.6882,1.2249,2.2929,1.0383,2.2923,0.9881,2.1176,1.0787,1.9968,1.1192,1.9078,1.1397,1.8301,1.1521,1.7643,1.1602,1.6861,1.1661,0.442799198,0.18994236,0.10776312,0.082569546,0.063865875,0.039980995,0.077965698,0.136328464,0.097911644,0.085786304,0.076173486,0.074582102,1.075720693,0.279526045,7.20E-07,0.091643003,0.084684001,0.062913353,0.203245763,0.198151962,0.197739349,0.199725937,0.200826816,0.233580671,1.04557828
PBX009V07,PBX,1.739515151,-0.010725005,-0.009883136,-0.006390597,-0.000892741,-0.000685982,-0.005717263,-0.000952948,0.004953828,-0.001949051,0.005375017,0.000629213,0.008213159,-0.007632581,0.005986214,0.000470022,-0.008014592,-0.002905444,-0.000574484,0.006840379,0.002215698,-0.001195016,-0.00205604,0.003000648,0.002531914,-0.003660633,-0.003392477,-0.002015012,-0.00070852,0.001192578,-0.002491101,-0.000603489,-0.000294584,0.000183123,0.001737889,0.001221959,0.001109512,0.003700538,-0.00245429,0.000322619,-0.002489616,-9.55E-05,-0.001076555,-0.000818037,-0.000777699,0.000820225,3.05E-06,0.000823435,8.24E-05,-0.001111915,-0.000116944,0.001780866,-0.000143451,0.001098462,0.000654583,-3.65E-05,2.33E-05,-0.000194555,-0.000125702,-0.000987969,-0.000297492,2.603,0.9978,2.6615,1.1897,2.5385,1.3029,2.2422,1.2735,2.1246,1.2799,2.0113,1.3026,1.9196,1.3242,1.8409,1.3403,1.7546,1.3522,1.6848,1.3479,1.6133,1.3155,1.5475,1.2627,1.486,1.1818,2.1296,1.1458,2.062,1.2019,2.0074,1.1962,1.9729,1.2451,1.9096,1.2264,1.8866,1.281,1.8261,1.2451,1.7988,1.2925,1.7442,1.2551,1.7226,1.2896,1.6665,1.2393,2.3188,1.0351,2.3177,0.979,2.13,1.0793,2.0049,1.1235,1.9088,1.1505,1.8247,1.1613,1.7395,1.1699,1.6618,1.1753,0.472444558,0.1702529,0.100013799,0.069143402,0.054362119,0.063696546,0.070304765,0.117774021,0.115551633,0.094209607,0.080329945,0.087116589,1.132053444,0.259057233,2.42E-06,0.102356631,0.085568335,0.082508242,0.199763485,0.198287972,0.188526974,0.183413904,0.196949359,0.224282144,1.06523718
PBX009V12,PBX,1.752202435,-0.022146723,0.012096538,-0.008180693,-0.011095086,0.004859088,-0.008842102,-0.003861313,0.004510031,-0.015346419,-0.003362603,-0.001097216,-0.001262408,-0.009658663,0.004697024,0.001554759,-0.002542026,-0.003059184,-0.001136723,0.000431877,0.000240357,-0.002286492,-0.002231137,0.005555844,-0.001152144,0.001656299,0.001484801,-0.001617843,0.000251387,-0.003174005,-0.001287257,-0.00080299,0.000294371,0.000124654,0.000810153,0.000614334,-0.002097983,-0.001859998,-0.000400235,0.003405115,0.000293098,0.000963337,-0.000274889,-0.000354469,0.000448917,0.000851388,-0.000536448,-0.000806125,0.001160407,-0.000689273,0.002106642,-0.000628299,-0.000377748,0.000331853,0.00024324,0.000657288,0.00028232,0.000429404,-0.000382841,0.000405461,-0.000155727,2.5912,1.0022,2.6546,1.1904,2.5539,1.3012,2.24,1.2702,2.1203,1.281,2.0038,1.2961,1.9067,1.3155,1.8366,1.3231,1.7593,1.3281,1.6802,1.3324,1.5917,1.295,1.5194,1.2325,1.4622,1.158,2.103,1.1419,2.0412,1.1886,1.9872,1.1807,1.952,1.2267,1.8901,1.2123,1.8729,1.2605,1.8082,1.2282,1.7923,1.2771,1.7303,1.24,1.7044,1.2638,1.651,1.2066,2.3073,1.0271,2.3058,0.984,2.1019,1.0775,1.9847,1.1106,1.8876,1.1293,1.8042,1.1422,1.7273,1.1501,1.6481,1.1544,0.456607151,0.187696271,0.121632931,0.086600231,0.064555712,0.063863057,0.084548802,0.12018623,0.117474508,0.099019039,0.070510779,0.077461539,1.139699364,0.279176217,4.50E-06,0.102112536,0.083429132,0.078788641,0.206245315,0.204635017,0.201343339,0.203284726,0.217769419,0.237075726,1.053488016
PBX009V14,PBX,1.677679962,-0.034379806,0.018076535,-0.004800635,0.001095101,-0.002872886,-0.005403473,-0.001198184,0.006261599,-0.005193632,-0.003841504,-0.00437238,0.001003483,-0.00240876,0.003401294,0.002652931,0.001052282,-0.003886723,-6.16E-06,0.000614467,0.002008044,0.000823388,0.003153433,0.003933493,0.003652253,0.002632336,0.007201196,-0.000135212,-0.004388679,-0.000573527,0.00217101,0.005764517,-0.003571912,0.002556232,-0.001432405,0.004343556,0.001117282,-0.000760649,0.004794945,-0.00313438,0.003463699,0.001799089,0.000588775,-0.00169099,0.001504159,0.001385128,0.000121651,0.001931601,0.00144211,0.00091699,-0.00129334,0.000486714,-0.000789507,-0.000354125,-0.001233547,0.000433587,0.000266455,-3.37E-05,0.00077015,0.000134241,-0.000172307,2.5577,1.0032,2.6348,1.2033,2.5334,1.3047,2.2332,1.2789,2.1009,1.3026,2.0038,1.3198,1.9132,1.3285,1.8452,1.3371,1.76,1.3468,1.6877,1.3479,1.6061,1.3119,1.5406,1.2422,1.4874,1.1782,2.1037,1.1616,2.0383,1.2238,1.9894,1.2048,1.9542,1.2458,1.906,1.2285,1.8743,1.2774,1.8139,1.2454,1.8085,1.294,1.7416,1.2562,1.7157,1.281,1.665,1.226,2.2731,1.0552,2.2724,1.0092,2.0987,1.0922,1.9822,1.1321,1.8981,1.1494,1.8069,1.1629,1.7335,1.1699,1.6624,1.1721,0.44340168,0.174727044,0.100638959,0.089085128,0.064221647,0.056608303,0.079322947,0.134406027,0.098611612,0.091016757,0.068541666,0.085750394,1.084512374,0.262522723,9.80E-07,0.086702076,0.093637706,0.073102189,0.200114592,0.201078915,0.196781732,0.200520947,0.207749705,0.230102455,1.011812008
PBX009V17,PBX,1.768697393,-0.022622951,-0.001510063,-0.000927233,0.010437001,0.005312392,-2.40E-05,-0.013446281,-0.009159055,-0.009137335,-0.006992951,-0.005611651,0.00437065,-0.00495653,-0.009547179,-0.002688092,-0.007271688,0.004774299,-0.003664091,-0.002450905,-0.003388268,-0.003942085,-0.001158771,0.001981957,-0.001652197,-0.001957752,-0.003394033,-0.004796823,-0.003199117,0.000660859,-0.00208154,-0.001203569,0.000293739,0.00170632,0.000200516,-0.001145867,0.001154171,-0.000450302,-0.000298191,0.000132486,-0.003821728,-0.002537273,-0.000964918,-0.00186951,0.000719945,0.001320201,-0.000189624,0.001027201,0.000761677,-0.000689625,-0.000522775,-0.000190753,-0.000115738,0.001250516,0.001593017,1.44E-05,-1.32E-05,-0.000145564,7.72E-06,0.000443688,-8.93E-06,2.6214,0.972,2.6586,1.1634,2.5583,1.2961,2.2562,1.267,2.1494,1.2843,2.0167,1.3047,1.9232,1.3234,1.8528,1.3393,1.7657,1.3486,1.6881,1.3436,1.5987,1.295,1.5334,1.2217,1.4881,1.1499,2.1354,1.1408,2.0707,1.192,2.007,1.1936,1.9768,1.2411,1.9132,1.2206,1.8898,1.2745,1.8301,1.2397,1.8071,1.2889,1.7474,1.2454,1.7258,1.2731,1.6582,1.2199,2.3256,1.0254,2.3231,0.9736,2.1327,1.0804,2.0023,1.1246,1.9067,1.1455,1.8168,1.1562,1.7384,1.1598,1.6535,1.1584,0.483711329,0.174697109,0.121297073,0.075079758,0.059217987,0.068034183,0.085394731,0.108192098,0.134258892,0.095351665,0.072173194,0.087595091,1.147177972,0.27842358,1.25E-05,0.097608606,0.085266758,0.0828962,0.220827716,0.212855843,0.198183753,0.193506176,0.217123237,0.223767312,1.076445656
PBX009V18,PBX,1.767890368,-0.012516267,0.01702292,0.002028939,0.013005218,-0.002003104,0.001792465,0.003923737,0.008334247,-0.000289922,8.20E-05,0.001765934,0.002710622,0.004528668,0.003708211,0.001418023,0.000376262,0.002614595,0.001027266,0.002350941,-0.001290709,0.0004941,-0.003293145,0.00985083,-0.00286736,-0.003541172,-3.11E-05,-0.002438238,-0.000323436,0.000449345,0.003425893,-0.003979901,0.001913865,0.001377432,-0.000626258,0.002566085,0.001767015,0.001427543,-6.13E-05,0.000373848,-0.0004413,-0.001877144,0.001608502,0.001356821,-0.001137835,0.003266806,0.000209374,0.001491366,0.00118729,0.000101475,7.51E-05,0.001170507,0.000981108,0.000585142,-0.00014083,-0.000685784,0.000799474,-0.000146682,-0.000595316,0.000483108,-0.000717922,2.5987,0.9612,2.6769,1.1807,2.5388,1.294,2.2551,1.2702,2.1343,1.2789,2.007,1.294,1.9035,1.3177,1.8323,1.3242,1.7578,1.335,1.6748,1.336,1.5928,1.2936,1.5205,1.2289,1.4604,1.1512,2.1235,1.1181,2.0556,1.1828,2.0059,1.1731,1.9649,1.2282,1.9056,1.2066,1.8722,1.2627,1.8161,1.2271,1.7977,1.2713,1.7449,1.2357,1.7201,1.2724,1.6553,1.2044,2.2911,1.0135,2.2911,0.9675,2.1221,1.0577,2.0034,1.1023,1.9049,1.1246,1.8092,1.1404,1.7384,1.144,1.6521,1.1472,0.476087103,0.201129237,0.124213123,0.078115619,0.06328262,0.063210521,0.073075646,0.121112881,0.128192433,0.106178811,0.071496084,0.075278749,1.154048045,0.283051939,0,0.105746584,0.091817754,0.071717501,0.215502506,0.203197564,0.200817778,0.197789712,0.219823497,0.250689549,1.049195244
PBX009V19,PBX,1.796834272,-0.014857568,-0.009336033,-0.001949897,0.000607774,0.017719161,-0.009564393,0.003035937,0.010301108,-0.002672461,0.00169557,-5.11E-05,0.004381634,-0.002428898,-0.000998547,0.010944744,-0.004294109,0.003463195,0.000410844,0.00736241,-0.000780039,0.001298596,-0.000602847,0.002795399,-9.60E-05,-0.00187744,-0.001414933,0.00103103,0.002339569,0.000980078,0.001713969,0.004100811,0.002782738,-0.000748985,0.002728948,0.00117431,0.001501061,-0.00124749,0.000510832,-0.000822812,0.000594465,-0.001540083,-0.000586913,-0.000266223,0.001184997,0.002786773,0.000685779,-0.002318699,-0.000840123,0.001457356,0.000729004,0.001569626,0.000212383,0.00051014,0.00048691,0.000552017,-0.000416329,0.000912438,-0.000478195,0.000615422,0.0009406,2.6537,0.9806,2.6834,1.1559,2.564,1.2868,2.2461,1.2623,2.1224,1.2753,2.0156,1.29,1.915,1.308,1.8323,1.3109,1.7632,1.3238,1.6891,1.3288,1.603,1.2886,1.5297,1.2287,1.466,1.1526,2.1393,1.1188,2.071,1.1778,2.0135,1.1699,1.9732,1.2231,1.9135,1.1958,1.8812,1.2555,1.8236,1.2131,1.8035,1.2713,1.7449,1.2249,1.7211,1.2562,1.6607,1.2098,2.3278,1.0099,2.3278,0.9574,2.1422,1.0552,2.0106,1.0962,1.9135,1.1178,1.8215,1.1329,1.7467,1.1451,1.6582,1.1487,0.487174466,0.178881218,0.110218919,0.079204608,0.062439491,0.048965294,0.079637742,0.124381228,0.107806911,0.102197652,0.082750831,0.070293812,1.200089701,0.284288674,0,0.103299613,0.09154944,0.079579708,0.204169072,0.18659314,0.198500025,0.200193032,0.21113041,0.231701575,1.09187241
PBX009V20,PBX,1.793122544,-0.044679084,0.007044549,-0.018150118,-0.002956945,0.013210641,0.00145232,-0.003055915,0.000953862,-0.004492517,-0.002220865,-0.002618791,-0.000937628,0.000240225,0.005268123,-7.23E-07,-0.00279892,-0.001780268,-0.001194374,-0.001150589,-0.00246046,-0.001674345,-0.000987573,0.003759108,-0.002163833,0.00448912,0.001575603,0.000538925,-0.002677625,0.001178579,-0.002259028,-0.000443357,0.000624348,-0.001546583,-0.001820321,0.001487359,0.001722298,-0.00220922,0.000306401,0.002632095,-0.000663291,-0.001457322,0.00096699,-0.003046274,0.000821149,0.001539286,0.000596247,0.002372925,-0.002079484,-0.00125391,0.000342244,-0.000305494,0.000814182,-0.000342345,-0.000429373,-0.000291198,-0.000911373,-0.000626172,0.000417817,-0.00037126,0.000189558,2.6068,0.9908,2.6845,1.1483,2.5852,1.2875,2.2476,1.2638,2.1224,1.2781,2.0016,1.3012,1.9038,1.3127,1.8305,1.327,1.7521,1.3342,1.673,1.3357,1.5814,1.2945,1.5129,1.226,1.4612,1.1516,2.1134,1.1476,2.0516,1.2008,1.9984,1.1872,1.9574,1.2325,1.897,1.2152,1.8704,1.2699,1.8118,1.24,1.7945,1.2821,1.7309,1.2443,1.7077,1.2691,1.6516,1.2125,2.3037,1.0405,2.3015,0.9817,2.1081,1.0735,1.9944,1.1088,1.8894,1.1321,1.8042,1.1419,1.7183,1.1494,1.6428,1.1508,0.466338128,0.177516422,0.104823328,0.081690452,0.054289962,0.057550065,0.078799556,0.126014007,0.122988821,0.098473804,0.074681859,0.078729918,1.156830152,0.280627957,9.68E-06,0.105194867,0.088736013,0.081014196,0.213499532,0.210072845,0.197718993,0.202937552,0.212241584,0.235954106,1.059107945
PBX009V21,PBX,1.681335556,-0.021615511,0.013612337,-0.00685091,0.000602435,0.010150335,-0.001005096,0.003426514,-0.008116536,0.003240135,-0.003425397,-0.005615553,0.001118378,-0.000464286,-0.001366181,0.004994319,-0.001984749,-0.001345031,0.000998503,0.002145163,0.001697851,-0.001213276,-0.001106338,-0.005186752,0.001412253,-0.000273833,0.00019421,-0.001579585,0.001470611,0.001305492,0.00256912,-0.000874954,-0.001803531,-0.003551827,0.00055709,0.002034771,0.000862756,0.000194705,0.00541203,-0.002388036,-0.000717071,-0.001166486,-0.000439288,0.000421521,-6.41E-05,-0.001498383,6.97E-05,0.000877249,0.000515045,0.00035219,0.002156059,-0.000340062,0.000172648,-0.001153291,0.001060462,1.20E-05,-0.000538127,0.000214289,-0.000290687,0.000308786,-7.49E-05,2.5976,1.0108,2.6377,1.1832,2.5165,1.294,2.254,1.2627,2.1192,1.2713,2.0124,1.2821,1.9229,1.2864,1.8441,1.3004,1.7589,1.3101,1.6953,1.3058,1.6111,1.2627,1.5471,1.1944,1.4939,1.1246,2.1239,1.13,2.0527,1.1803,2.0031,1.1703,1.9635,1.2206,1.9103,1.1954,1.8873,1.2494,1.8261,1.2091,1.8146,1.2623,1.7546,1.2174,1.7233,1.2433,1.6769,1.1882,2.2936,1.0466,2.2918,0.9919,2.1224,1.0696,2.0002,1.1005,1.9067,1.117,1.8166,1.1278,1.7476,1.1316,1.6704,1.1321,0.450772936,0.185836756,0.112708695,0.078571369,0.051345496,0.048185683,0.075694121,0.135074054,0.107344678,0.089603237,0.080033993,0.085750394,1.109551319,0.270915854,6.48E-06,0.096134541,0.085307268,0.071980136,0.198786946,0.194436854,0.19092839,0.196036986,0.208167337,0.233679631,1.042530215
PBX009V24,PBX,1.767834256,-0.019743846,0.012405745,-0.005988874,0.002075455,0.001397983,-0.002314078,-5.91E-05,-0.003644391,-0.000680642,-0.005298821,-0.002640106,0.002304275,0.001952483,-0.003917669,0.004409557,0.003411892,0.005863145,0.001758381,0.002811818,0.003847765,-0.00068517,-0.001257139,-0.003795887,-0.000999114,0.00319678,-0.001342744,0.001844893,0.002389866,0.000468695,-0.000871077,-0.004523903,0.00131932,-0.002901569,6.59E-05,0.002126083,-0.001263227,0.001612882,-0.000323692,-0.000387772,-0.003788194,0.000170949,0.000787928,-0.001999982,0.002052733,0.000429037,-0.002677976,0.000369254,0.001495643,-0.000881976,-4.67E-05,-0.000554055,0.000447577,0.000313594,-0.001150005,-0.001357678,-0.000346811,0.000449613,9.19E-05,4.05E-05,-0.000243168,2.6316,0.9714,2.6834,1.171,2.569,1.2767,2.2843,1.2627,2.144,1.2756,2.0297,1.2878,1.9304,1.3044,1.8556,1.3166,1.7715,1.3288,1.6963,1.329,1.61,1.2864,1.5421,1.2206,1.4849,1.1472,2.1476,1.1228,2.0728,1.1782,2.0203,1.1717,1.9836,1.2264,1.9139,1.2098,1.8981,1.2584,1.8344,1.2244,1.8247,1.2816,1.7621,1.2335,1.7411,1.2594,1.6758,1.2044,2.3177,1.0178,2.3166,0.9725,2.1429,1.062,2.0146,1.1036,1.904,1.1273,1.8252,1.1381,1.7449,1.1435,1.6694,1.1451,0.478804553,0.195598824,0.120649078,0.07678001,0.056207562,0.046688435,0.075766219,0.140891802,0.11494925,0.100677952,0.07578839,0.084980292,1.160097638,0.27882109,2.42E-06,0.113015795,0.080829512,0.072870433,0.210166838,0.205470436,0.196780919,0.203864514,0.215240238,0.245508554,1.083480341
PBX009V25,PBX,1.710711267,-0.025580526,-0.000733664,-0.002038269,-0.004739268,0.011634072,-0.005119635,0.004687786,-0.007780224,0.00659417,-0.003928647,0.003804541,0.002026875,-0.005328718,-0.004114647,0.003908393,0.004191597,-0.002458207,0.000773841,0.004662094,0.004720462,-0.00164663,-0.000166151,0.009308132,0.00117264,-0.006135274,-0.001929885,-0.003069205,0.006422606,-3.10E-05,-0.001189907,-9.53E-05,-0.003163011,0.003562031,0.000717545,0.000101362,0.000961086,0.001562686,0.002724624,0.001185954,0.001966207,-0.000435743,0.001214435,0.00143056,0.001907921,-2.31E-05,8.19E-06,-0.000545436,-0.000771593,-0.000700999,0.000190601,-0.00110307,-0.000181903,0.002347339,8.49E-05,-0.000226582,0.001029748,0.000504616,-9.97E-05,-0.000736592,0.000251409,2.5955,0.9892,2.6499,1.1559,2.5151,1.2821,2.2454,1.2627,2.1052,1.2767,1.9941,1.299,1.9099,1.3172,1.8441,1.3263,1.7562,1.3323,1.6845,1.335,1.6075,1.2932,1.5385,1.2379,1.4802,1.1746,2.112,1.1296,2.0437,1.1987,1.9833,1.1872,1.9516,1.2389,1.8898,1.2138,1.8754,1.2691,1.8121,1.2318,1.7877,1.2735,1.7416,1.2487,1.7136,1.2713,1.6575,1.2195,2.2886,1.0367,2.2848,0.9881,2.1117,1.0761,1.979,1.1203,1.8905,1.1419,1.8074,1.1537,1.7362,1.1624,1.6564,1.1656,0.463305795,0.188444077,0.099328999,0.073608831,0.059193412,0.077258009,0.074402688,0.140897268,0.11331593,0.08614453,0.066426275,0.08810454,1.130604816,0.259743431,2.89E-05,0.097210133,0.079757696,0.07249731,0.194290839,0.196228489,0.192972796,0.188184404,0.200966166,0.22955446,1.044913054
PBX009V26,PBX,1.726252451,-0.028166827,0.009214445,-0.00621835,0.012636529,0.001235065,-0.005965422,-9.46E-05,0.012527062,0.002355575,0.001407652,-0.00669573,0.001723257,0.000685086,0.001483361,0.004396943,0.002889053,0.000459563,0.000947874,0.002719987,-0.000545638,0.000729721,-0.004037846,-0.002100705,-0.001449907,0.000232647,-0.000337243,-0.001061026,-0.000513032,0.000117993,0.001778845,0.002965957,0.000638698,-0.002028565,-0.002287641,-0.0007652,0.002733042,0.000466623,-0.000945392,-0.00040646,-0.000640315,0.00013684,-0.000887684,0.000446487,0.000506456,-0.000343515,-0.000125935,0.000519238,0.001524162,-0.001083497,-0.001036054,-0.001284529,-0.000641763,-0.001419597,-0.000534885,-0.000582719,0.002181867,-0.001009953,0.000256362,8.33E-05,-0.000210746,2.6028,0.989,2.6733,1.1861,2.5539,1.2983,2.2433,1.2638,2.1192,1.2789,2.0124,1.294,1.9218,1.3091,1.842,1.3177,1.7665,1.322,1.6931,1.3188,1.6086,1.2835,1.541,1.2131,1.4899,1.1411,2.1397,1.13,2.0653,1.1861,2.0124,1.1807,1.9714,1.2282,1.9186,1.2055,1.8981,1.2638,1.8312,1.2217,1.8236,1.281,1.7567,1.2271,1.7341,1.2584,1.6737,1.2023,2.3015,1.0318,2.2983,0.98,2.1332,1.0663,2.0113,1.1084,1.9164,1.1246,1.8279,1.1365,1.7503,1.1397,1.6694,1.1397,0.471575328,0.169219975,0.10731752,0.077528317,0.051125141,0.041054232,0.071377307,0.125015279,0.107862181,0.091849714,0.080262071,0.075622351,1.123245663,0.269939864,2.05E-05,0.09702309,0.088888694,0.074695448,0.206547089,0.20023209,0.196489109,0.194710965,0.201773784,0.22611559,1.04943551
PBX009V27,PBX,1.760417178,-0.021946133,0.016588687,-0.016130406,-0.006939225,0.006537954,-0.004470253,0.005863206,0.006905657,0.00055678,-0.000317242,-0.015042494,0.000142444,-0.008336201,0.001058346,-0.002824111,0.002394785,-0.002706541,-0.007866843,-0.001831907,0.002385963,0.004246779,-0.008947077,-0.004862303,0.001357113,0.000968685,-0.006977068,0.004103762,-0.000442957,-0.004815257,0.000532729,0.001021821,-0.004682365,-0.000383299,-0.000730459,0.003518893,0.000513735,0.00203801,0.000883145,-0.004111362,0.002507316,-0.000934378,0.003306137,-0.001316556,-0.001440428,0.000816935,4.58E-05,0.000494988,-6.17E-05,5.58E-05,-0.001028844,-0.000264834,0.001193405,0.000165577,-0.000782496,-0.000406104,0.000405457,-6.66E-05,-8.58E-05,0.000162102,0.000413096,2.6143,1.0178,2.6845,1.1926,2.5626,1.3026,2.253,1.2584,2.1354,1.267,2.0261,1.2886,1.9311,1.3058,1.852,1.313,1.7513,1.3202,1.6866,1.3159,1.5989,1.2839,1.5262,1.212,1.4644,1.1386,2.1339,1.1357,2.0663,1.1904,2.0067,1.176,1.9657,1.2256,1.9074,1.2041,1.8916,1.2594,1.8236,1.2206,1.8193,1.2724,1.7557,1.2184,1.7244,1.2487,1.6748,1.1958,2.3091,1.0361,2.3087,0.9667,2.1289,1.0613,1.9951,1.1019,1.897,1.1203,1.8128,1.1311,1.7416,1.1386,1.6694,1.1397,0.463017084,0.170997368,0.103161863,0.087276343,0.060936114,0.052131085,0.076392801,0.117914036,0.111413868,0.096544498,0.079427011,0.10095707,1.156227767,0.284267708,3.20E-07,0.103199322,0.085408957,0.067935631,0.198211655,0.206406201,0.210985734,0.21211247,0.216661256,0.23291462,1.060691293
PBX009V28,PBX,1.744540543,-0.028278338,0.009102799,0.010799278,0.004737831,0.002674581,-0.018479355,0.031797942,-0.009932833,0.016067159,0.002383665,0.00242542,-0.007188622,0.007279054,-5.51E-05,0.003881634,-0.010601647,-0.005178242,-0.003593121,-0.001738648,0.00593265,-0.008584842,-2.74E-05,0.00116106,0.001442116,0.006912519,-0.001696388,0.00291835,-0.002027358,0.00660135,0.001181955,0.001945037,0.000922671,-0.003485208,0.002684721,0.002304832,0.000399632,0.001702844,0.000726731,0.00226038,-0.001680432,0.000569914,0.000322732,-0.000227206,0.000126263,-0.000221881,0.00177802,-0.000870284,-0.001132252,-0.000756779,-0.002985963,-0.00054822,-0.000782886,-0.000272445,-0.001470542,-0.000871882,0.000690813,-0.000539055,-0.000424667,-0.000331948,5.03E-05,2.6575,0.9736,2.6834,1.1893,2.5237,1.3004,2.2616,1.2699,2.1206,1.2756,2.0049,1.2972,1.9196,1.3101,1.842,1.322,1.76,1.335,1.6938,1.3328,1.614,1.2954,1.5514,1.2307,1.4889,1.1609,2.1187,1.144,2.0496,1.199,2.0016,1.1877,1.9703,1.2438,1.9094,1.2093,1.8889,1.2691,1.8301,1.2371,1.8078,1.2846,1.751,1.2422,1.7244,1.2731,1.6683,1.2156,2.2869,1.0529,2.2853,0.9844,2.1095,1.0609,1.9908,1.0976,1.8991,1.116,1.8247,1.1278,1.7384,1.1365,1.6618,1.1408,0.456055611,0.190450046,0.104444052,0.063629553,0.051220016,0.050679384,0.071407072,0.141115166,0.11769898,0.086269925,0.078507133,0.083024093,1.183514787,0.267457698,5.12E-06,0.094696357,0.08403172,0.079264242,0.21761636,0.212469315,0.205522018,0.209826309,0.220299887,0.258486769,1.034351976
PBX009V29,PBX,1.699537013,-0.036427734,0.012496045,0.004252943,0.002504725,-0.007285253,0.004051499,0.003853062,-0.000188283,6.29E-05,0.00940385,-0.002587769,-0.005692318,-0.004595877,-0.005956426,0.006059568,-0.002776319,-0.000859773,0.001754386,-0.003027837,0.004683962,-0.000677036,-0.003191968,-0.007699421,-0.002315463,0.002948536,0.006084671,0.00204819,-0.000517769,-0.002453773,-0.000225222,0.001978199,-0.000329274,0.001147488,0.001572526,0.001629449,-0.001721573,-0.000350168,-0.001612658,-0.00073595,0.000932634,0.00055937,0.001738565,0.000976608,0.002285933,0.003097122,-0.000103069,0.000146819,3.51E-05,-0.002450669,0.000324308,0.000775285,-0.000624228,-0.000172494,-0.000524427,0.001019414,0.000778604,9.27E-05,0.001185427,-8.28E-05,-0.000735134,2.5987,0.9579,2.6618,1.1548,2.5539,1.2799,2.2699,1.2483,2.1268,1.2584,2.0232,1.2767,1.9293,1.2983,1.8506,1.2994,1.7621,1.3026,1.6996,1.3051,1.6255,1.2605,1.5651,1.2001,1.5183,1.1296,2.1235,1.1163,2.0574,1.1695,2.0063,1.1652,1.9718,1.2105,1.9171,1.1904,1.8941,1.2443,1.8344,1.2091,1.8337,1.2738,1.7611,1.2163,1.7309,1.2371,1.6884,1.1846,2.299,1.0142,2.294,0.9545,2.1224,1.0455,2.0031,1.0894,1.9103,1.1081,1.8305,1.1188,1.7542,1.1246,1.6852,1.1282,0.440428087,0.197121688,0.112781071,0.083811694,0.0644596,0.030675234,0.072551292,0.143455986,0.10520385,0.096352322,0.078707687,0.088557834,1.093958432,0.252329031,5.00E-05,0.092691316,0.084787853,0.073652766,0.1906016,0.199619638,0.204894339,0.202909758,0.209434214,0.250767003,1.065027685
PBX009V30,PBX,1.693396033,-0.036959528,0.013367067,-0.005206984,-3.35E-05,0.006523298,0.003204402,0.005047122,-0.001004205,-0.002581644,0.001615194,-0.002338643,-0.000898375,0.003200607,-0.005979931,0.00064294,0.003077048,0.000332005,-0.000184205,-0.003230354,0.005042715,-0.001674512,-0.003766852,0.007164215,-0.000945782,0.003288387,-0.003252504,-0.0012774,-0.000223931,-0.002269914,0.000800816,0.004785891,-0.000156466,-0.002468164,0.003984023,0.001601072,0.001351314,-0.001261208,0.000669547,0.001734791,-0.000300864,0.001313165,-0.00039347,0.001056158,-0.000464025,0.000407147,-0.000439213,-0.000692933,-0.000364098,0.000282218,0.000372632,0.000184187,-0.000367083,-0.000674947,0.000190939,0.000661443,-0.000151346,-0.000458133,0.000357662,-0.000947935,-0.00038302,2.5841,0.9984,2.6424,1.1699,2.5302,1.2896,2.2411,1.2551,2.1106,1.2681,1.993,1.2886,1.8991,1.3026,1.829,1.3037,1.7546,1.3101,1.6769,1.3004,1.601,1.2569,1.5399,1.1944,1.4874,1.1268,2.1106,1.1321,2.0426,1.1764,1.9898,1.171,1.9542,1.2195,1.9002,1.1936,1.8743,1.2465,1.8193,1.2066,1.7967,1.254,1.746,1.2141,1.7147,1.2379,1.6694,1.1807,2.2789,1.0324,2.2751,0.9822,2.103,1.0653,1.98,1.0983,1.888,1.1142,1.8082,1.1206,1.737,1.1242,1.6629,1.1271,0.443868674,0.179330003,0.114161684,0.079248028,0.061337183,0.059273772,0.082491515,0.131145911,0.119373406,0.094937927,0.07010863,0.074674761,1.104190858,0.256996517,2.89E-05,0.092406277,0.081937842,0.073682698,0.204689741,0.201703371,0.203437484,0.203569055,0.214215779,0.234724626,1.032329894
PBX009V32,PBX,1.799113564,-0.029021381,-0.015651844,-0.008681342,-0.005254655,0.013141528,-0.012906872,-0.004507417,0.001428444,-0.002908487,-0.00609211,-0.000476942,-0.004630432,-0.005237732,0.001560455,0.002932441,0.001313285,0.001771795,0.004916383,-0.002048693,-0.001450666,0.000285825,0.003246786,0.002941649,-0.001833649,-0.000331317,-0.005058374,-0.000850043,-0.000513868,-0.003617263,-0.000539322,-0.001110964,-0.000144728,-0.001055623,0.003503351,0.000433873,0.00060182,0.00145886,-0.000104558,0.00033881,-0.000626169,-0.001411937,0.000594624,-0.001788595,-0.001657808,0.000938483,0.001194877,-0.000880173,0.000384751,0.000457051,0.000476854,-9.47E-05,0.000442679,-0.00142938,-7.48E-07,-0.000781676,-0.000892525,0.000821592,0.00113426,0.000150663,-0.000368899,2.6419,0.9871,2.6888,1.158,2.5701,1.2853,2.2422,1.2598,2.1106,1.2727,2.0034,1.2896,1.9085,1.3069,1.8409,1.317,1.7596,1.327,1.6784,1.322,1.5971,1.2817,1.5245,1.2127,1.4705,1.1465,2.1296,1.1329,2.0599,1.1839,2.0031,1.1731,1.9642,1.2307,1.9017,1.2012,1.8794,1.2609,1.8132,1.2199,1.801,1.2731,1.7427,1.2242,1.7226,1.2652,1.6564,1.2019,2.3425,1.028,2.3385,0.9685,2.1282,1.0696,1.9998,1.1023,1.8932,1.1246,1.8107,1.1359,1.7387,1.141,1.6505,1.1432,0.478204182,0.169653677,0.102254242,0.070752032,0.0544317,0.059323014,0.072029438,0.132230745,0.10852396,0.096463983,0.068350347,0.081912697,1.182195551,0.272071057,3.20E-05,0.105221528,0.090454077,0.070631013,0.213741082,0.203521105,0.19699198,0.19841633,0.203255504,0.221747694,1.099814748
PBX009V33,PBX,1.700420626,-0.016457904,0.001777383,0.005197239,0.022920623,-0.006772775,-0.001957509,0.002400146,0.000255856,0.002264898,-0.002751877,-0.014179542,-0.007962285,-0.001589825,-0.005398784,0.003505657,-0.00530767,-0.006148029,0.003493787,0.001859366,0.00221493,-0.002053029,0.000323675,-0.00168095,-0.001320178,0.001275604,-0.004859176,-0.005714266,-0.00183432,0.003370432,0.001831491,0.001745775,0.001752408,-0.005162338,-0.000216541,0.003086949,-0.00058429,-0.004025622,-0.000347691,-0.000486547,0.000443812,-0.003034049,0.001360916,-0.002606174,3.27E-05,-0.001193705,-0.001992781,-0.000726963,-0.000582132,0.001567753,-0.00087844,-0.000603981,0.000483865,6.08E-05,0.000277751,1.19E-05,0.00076952,0.000347648,-0.000383387,0.001306759,0.000149586,2.5976,0.9622,2.646,1.1778,2.5151,1.29,2.2487,1.2594,2.1203,1.2745,2.0124,1.2961,1.9304,1.3112,1.8441,1.3231,1.7697,1.335,1.687,1.3285,1.6054,1.2864,1.5457,1.2123,1.4986,1.1444,2.1242,1.1339,2.0627,1.1875,2.0056,1.1775,1.979,1.2433,1.9186,1.2066,1.9049,1.2778,1.8373,1.2238,1.8236,1.2886,1.7567,1.2325,1.7373,1.2627,1.6805,1.208,2.3015,1.0246,2.2976,0.9732,2.1228,1.062,2.0034,1.103,1.9164,1.121,1.8308,1.1404,1.7488,1.1498,1.6748,1.1519,0.449844973,0.17677811,0.104339638,0.062477196,0.042021542,0.040131035,0.079227836,0.129284841,0.110040765,0.083378714,0.087116589,0.07534567,1.114000826,0.263414825,3.04E-05,0.091737724,0.083099519,0.081068181,0.206231957,0.197775074,0.197718993,0.199689784,0.207552066,0.234131523,1.056229142
PBX009V35,PBX,1.677850073,-0.004162745,-0.009265262,-0.001720526,-0.005667986,0.001102324,-0.006799145,0.000148728,-0.005606886,-0.008509604,0.00906844,-0.000949566,0.002466379,-0.008864786,-0.004908605,0.005809862,-0.006470975,-0.007208657,0.000594681,-0.002144609,0.001678105,-0.004254777,-0.002658817,-0.004518704,-0.000968347,-0.001511342,0.000582045,-0.005828497,-0.004134557,0.004752152,-0.001240518,0.001113223,-0.000187228,0.001715598,-0.001015185,0.000895832,0.000732613,-0.000950157,0.001301844,0.000526705,-0.000121978,0.001237232,0.001221367,0.001020031,-0.000833918,0.000353343,0.000443065,-0.000869318,-0.000196156,0.001770925,0.001106352,0.000219622,-0.000962078,8.81E-05,-0.000213865,-0.000722119,0.000285822,0.001701259,9.34E-05,0.001345042,9.52E-05,2.5944,1.0011,2.6262,1.1818,2.5108,1.2929,2.2501,1.2562,2.125,1.2677,2.0092,1.2893,1.9207,1.3058,1.8402,1.3195,1.7654,1.3317,1.7006,1.3328,1.623,1.2961,1.5604,1.2287,1.5151,1.1661,2.1185,1.1275,2.0566,1.185,1.9998,1.1778,1.9703,1.2246,1.9164,1.2073,1.8934,1.2612,1.8308,1.2296,1.8172,1.2799,1.7531,1.2397,1.7251,1.2627,1.6769,1.2206,2.3161,1.0302,2.3139,0.9682,2.1187,1.0728,1.993,1.1095,1.9105,1.1284,1.8272,1.148,1.7485,1.1573,1.6751,1.1609,0.451307179,0.184071318,0.107321247,0.075493708,0.052291969,0.04579476,0.079906758,0.125627465,0.117797284,0.090024997,0.081657455,0.07578839,1.091839498,0.249397554,9.68E-06,0.088463608,0.088457052,0.078353685,0.193201268,0.186326944,0.183420528,0.18876043,0.206036987,0.225613652,1.07138746
PBX009V36,PBX,1.70450069,-0.01342115,0.00974192,-0.011060953,0.004263006,0.007978535,-0.000722429,0.008690463,-9.07E-07,0.009902939,-0.003561511,-0.003431898,-0.006530028,0.00169472,0.002592592,-0.005267494,-0.004361475,-0.009580529,0.003926139,0.002877237,-0.006536971,-0.003692353,0.001272668,-0.001873817,0.001275517,0.000362557,0.003712403,0.000318774,-0.004126315,0.001960794,-0.002450197,0.002211583,0.000956643,-0.000775439,0.000480734,0.000644356,-0.000189568,-0.001810199,-0.000853428,0.004126971,-0.001187376,0.00141841,-0.001823171,8.30E-05,-0.000187919,-0.000104758,0.000351741,0.000928066,-0.000142122,-0.001269417,-0.000849995,-0.000484698,0.001136026,0.001480142,3.26E-05,0.000462432,5.59E-05,0.00055817,-0.000124905,-0.000552151,-0.000317295,2.5868,1.0011,2.6472,1.1737,2.5119,1.2923,2.2481,1.2675,2.1197,1.2778,1.9951,1.302,1.9272,1.3141,1.8423,1.327,1.7665,1.3382,1.6855,1.3393,1.5996,1.3037,1.5313,1.2357,1.4781,1.1703,2.1138,1.1469,2.0505,1.2001,2.0002,1.19,1.9635,1.2353,1.9038,1.2174,1.8815,1.2677,1.8211,1.2397,1.8082,1.2936,1.7413,1.2533,1.7247,1.2965,1.6715,1.221,2.2869,1.0485,2.2843,0.9838,2.1134,1.0714,1.9991,1.1095,1.9027,1.1332,1.8172,1.1462,1.7323,1.1548,1.6668,1.1584,0.448464157,0.180501662,0.104047729,0.073806843,0.065126416,0.047732274,0.059043459,0.128812461,0.126928326,0.068969703,0.085874443,0.076622973,1.121536593,0.267536465,1.35E-05,0.100218362,0.085653838,0.080950602,0.205592145,0.204335117,0.200724712,0.192434924,0.207048907,0.237906074,1.03886296
PBX010V02,PBX,1.73189483,-0.014685526,0.014051238,-0.007397339,0.008641067,0.005236105,0.00035556,-0.003680562,-0.004593887,0.007763981,-0.008324434,-0.001047554,0.000425413,0.001732838,-0.00224302,0.000173897,-0.00053243,-0.012906657,-0.000834326,-0.000508666,0.004848413,0.001016509,0.005936639,-0.003280109,0.000288963,-0.001398237,-0.005931527,-0.002898583,-0.003209604,-0.002149807,0.001488237,0.002501375,-0.002467721,0.003525113,0.00017133,-0.000670903,0.000818863,-0.000608605,6.24E-05,-0.000401431,2.61E-05,0.00077526,-4.21E-05,-0.001253465,0.000476594,-0.001614483,-0.000902703,-0.000492074,0.000644227,0.001282239,-0.000855749,-0.001062464,0.000133589,-0.001552865,-0.000301686,-0.000461914,0.000277556,-0.000705997,0.001315835,-0.000286202,-0.000205751,2.5912,0.9773,2.6489,1.1731,2.5237,1.2925,2.267,1.2519,2.1127,1.267,1.9984,1.2907,1.9239,1.3058,1.8474,1.3188,1.7589,1.3274,1.6828,1.3209,1.5939,1.2853,1.5221,1.2082,1.4698,1.1413,2.1289,1.13,2.0638,1.1821,1.9984,1.1757,1.9653,1.226,1.9051,1.2017,1.8835,1.253,1.8134,1.219,1.8026,1.267,1.7427,1.2292,1.7211,1.2578,1.6618,1.2019,2.299,1.0419,2.2947,0.9729,2.1241,1.062,1.9957,1.0998,1.8986,1.1187,1.8101,1.1311,1.7362,1.1375,1.6579,1.1411,0.472601333,0.184204289,0.097975609,0.072675305,0.066483081,0.068485619,0.079202273,0.155037092,0.11673123,0.076014867,0.077596714,0.088916871,1.133328708,0.278612921,3.70E-05,0.096854995,0.09331763,0.071431996,0.211916705,0.212685519,0.208495875,0.198856833,0.204070674,0.237660304,1.051926328
PBX011V01,PBX,1.801879304,-0.021202411,0.008176832,-0.017800157,-0.013988529,0.001678473,-0.007228843,-0.007191502,0.007487551,-0.002413864,0.005765325,-0.008904739,0.009168698,-0.000874442,4.02E-05,0.004306182,0.001675025,-0.003678259,0.001537318,0.001814215,-0.002835896,0.000189077,-0.002832537,0.001245587,0.00154214,-0.002239225,0.003670853,-0.001190541,-0.005695656,-0.002327196,-0.003423998,0.003184962,-0.002263273,-0.000559209,0.001110854,-0.00280746,0.001277983,0.001494147,-0.001813551,0.000157658,0.000928992,0.000416071,0.002143379,-0.000901375,0.000361318,-0.000684849,-0.000793661,0.000950318,-0.00072331,0.000412695,-0.000422363,-0.001482387,-0.00021269,-0.00011418,-0.000245771,-0.000347175,0.001611562,-0.000108608,0.00087568,0.000174211,-0.000417325,2.6181,1.0119,2.692,1.1904,2.5874,1.2832,2.2638,1.2573,2.1321,1.2713,2.0124,1.2961,1.9153,1.3112,1.8409,1.3198,1.7503,1.3263,1.6855,1.3296,1.5978,1.2968,1.5237,1.217,1.4684,1.1451,2.1419,1.1321,2.0642,1.1839,2.0032,1.1737,1.9617,1.2211,1.9088,1.2023,1.8803,1.2589,1.8155,1.2217,1.8037,1.2783,1.7323,1.2282,1.7122,1.2612,1.6575,1.2008,2.3279,1.0237,2.3231,0.9633,2.1397,1.0599,2.0022,1.1036,1.9088,1.1219,1.8166,1.1359,1.7292,1.1402,1.6557,1.1415,0.489247432,0.174741666,0.110675968,0.090528946,0.062930835,0.055732307,0.07542957,0.132442025,0.122242096,0.098267085,0.074895394,0.090832869,1.15739031,0.284908161,4.61E-05,0.098637315,0.095295593,0.08345352,0.207605877,0.211501891,0.201175993,0.202678563,0.21212567,0.233168544,1.087992656
PBX011V03,PBX,1.804794311,-0.028676581,-0.003532508,-0.001333092,-0.005414506,0.003415689,-0.004618356,0.000661238,-0.006223734,0.00210194,-0.000629114,-0.00086752,0.014360862,0.004022692,-0.004039994,3.82E-05,-0.001491807,0.003862296,0.001002128,0.002209809,-0.001419888,-0.0041765,-0.004714221,0.003827788,0.000524564,-0.0006523,-0.00635032,0.002632104,0.001479532,-0.001244945,0.0018041,0.004911723,0.001227022,0.002612343,0.000295076,0.000655001,-0.000241722,-0.000862318,-0.001551797,-0.002089123,-0.00130151,0.003463506,0.001780977,0.000770093,0.000151426,0.000672775,-0.000660767,0.000599161,-0.000870576,-0.001175013,0.000368632,-1.43E-06,0.001089473,-0.000121161,0.000883231,0.000660076,-0.000309011,-0.000567989,0.00059795,-0.000136244,0.000982117,2.6375,0.9784,2.6845,1.1699,2.5604,1.281,2.2497,1.2551,2.13,1.2745,1.9984,1.3037,1.9088,1.3188,1.8204,1.3252,1.7352,1.3339,1.6744,1.3288,1.5953,1.2871,1.5255,1.2235,1.4702,1.1498,2.1318,1.1318,2.0635,1.1864,1.9951,1.1814,1.9621,1.2332,1.8937,1.2131,1.8686,1.2598,1.8038,1.2274,1.788,1.2706,1.7303,1.2335,1.7039,1.2632,1.6478,1.2066,2.3118,1.0216,2.3091,0.9741,2.13,1.0647,1.9914,1.109,1.8867,1.1292,1.7961,1.137,1.7228,1.1446,1.6402,1.1451,0.489745893,0.170596893,0.110380524,0.079296532,0.071393557,0.063489527,0.077318691,0.121261907,0.134800593,0.090863469,0.088631371,0.085643038,1.179816617,0.271548596,1.46E-05,0.106239588,0.091030215,0.073752695,0.211353827,0.20528546,0.21389841,0.207188658,0.215870818,0.224900534,1.072929271
PBX011V05,PBX,1.777314795,-0.000342728,0.008296448,-0.014180746,-0.01573219,0.007588609,-0.007912031,0.003649154,0.007415582,0.00797902,0.016885467,-0.007654625,-0.001118702,-0.00742918,-0.004359597,-0.005492609,4.45E-05,-0.004126477,-0.002480327,-0.004017756,-0.00047352,-0.000324312,-0.002759759,0.000129748,-0.000737864,-0.002969639,0.000658562,0.003572032,-0.00258427,-0.000938353,0.001359288,0.000463665,0.000204741,0.003115278,-0.000186698,-0.006081667,-0.001069667,0.001233499,-0.002169081,-0.000895281,-0.000247391,0.00277048,0.003015456,-2.84E-05,-0.00270455,0.00104186,0.001470201,0.000315308,0.000431419,-0.000926954,-0.000675995,0.000577186,0.000915235,-0.000797188,-0.001375329,5.39E-05,9.21E-05,0.001004539,0.000518892,-0.000203,0.001008173,2.6214,1.0313,2.6827,1.1897,2.5503,1.299,2.267,1.2638,2.1375,1.2702,2.0156,1.2929,1.9247,1.3119,1.8441,1.3191,1.7578,1.3306,1.6873,1.3321,1.6057,1.299,1.5316,1.23,1.4705,1.153,2.1375,1.1224,2.0663,1.1818,1.9984,1.1775,1.9639,1.2228,1.9067,1.2098,1.884,1.2584,1.8139,1.2335,1.8118,1.2778,1.747,1.2314,1.7222,1.2745,1.6643,1.2087,2.3234,1.0257,2.322,0.9437,2.1408,1.0469,1.9941,1.0965,1.9035,1.1174,1.8193,1.1275,1.7467,1.1375,1.664,1.1397,0.481005125,0.191739954,0.113507709,0.087102813,0.067221574,0.052430716,0.066442231,0.12965805,0.123995564,0.092864471,0.080920949,0.087062851,1.157316595,0.281209975,3.92E-06,0.097222323,0.095778547,0.066932952,0.212699906,0.206071153,0.212397081,0.208246633,0.225244867,0.250942324,1.082943715
PBX011V06,PBX,1.650894009,-0.036484123,-0.013123878,0.001876853,0.021937805,-0.005953458,0.006678394,-0.003429966,-0.004813596,-0.001130216,-0.00273812,0.004610366,0.005356574,0.000644584,0.005320727,-0.000905973,-0.009744391,-0.002513086,-0.003344304,-0.005774843,-0.003817406,-0.00348376,0.000504932,-0.000206446,0.004344221,-0.000467558,-0.00407326,0.006858708,-0.001190902,-0.001988471,-0.000504886,-0.000104641,-0.001503539,-0.000865094,-0.002339504,0.002694238,-0.003491344,-0.003823319,-0.000157559,-0.000336036,0.001585884,-0.001007562,0.003784925,-0.00208316,-0.001539254,0.000570207,-0.001821788,-0.000853894,-0.000637023,-0.00109017,2.02E-05,-0.001335832,0.000195533,-0.000599021,-0.001547697,0.001452023,-0.000252816,0.001108149,-0.000168895,-0.00013288,-0.000524199,2.5609,0.9558,2.6208,1.1591,2.5065,1.2875,2.2163,1.2605,2.1084,1.2724,2.0005,1.295,1.9132,1.3134,1.8312,1.3209,1.7449,1.3263,1.687,1.3245,1.6108,1.2835,1.5575,1.2174,1.5216,1.1591,2.1095,1.1577,2.0577,1.1985,2.0032,1.1877,1.9644,1.2352,1.9056,1.2217,1.8862,1.2632,1.8263,1.2406,1.8031,1.2735,1.7571,1.2433,1.7283,1.2699,1.6722,1.2116,2.2857,1.048,2.2828,0.9854,2.109,1.0793,1.9973,1.1165,1.8986,1.137,1.822,1.1483,1.746,1.1562,1.6676,1.1606,0.440609237,0.148236568,0.089619752,0.069851628,0.057000351,0.055103267,0.058792176,0.108554226,0.110241417,0.089217991,0.082342273,0.08646878,1.058997347,0.233910923,1.68E-05,0.1033526,0.081521163,0.069252653,0.182843594,0.185432279,0.188614554,0.188009601,0.191436726,0.210586633,1.040137731
PBX011V07,PBX,1.741473078,0.004488693,0.000774944,0.010704526,0.010653063,0.009499871,-0.005587545,0.005387839,-0.011456734,-0.008901676,0.001166285,-0.002831397,-0.000532335,-0.005240844,0.000874379,-0.000482862,0.003604393,-0.005625175,-0.001579063,0.000578824,0.002687357,0.001240174,0.003127814,-0.002359807,0.003775126,-0.00698,-0.002688202,-0.000678146,0.002111978,0.002027396,-0.003181077,-0.001617646,0.001733426,0.001079749,0.003223505,0.000950787,-0.001702045,-0.002062509,0.000353341,-0.001462529,0.001042639,0.000259121,-0.001340959,-0.001342507,0.001312401,-0.000150632,0.000916806,0.0001124,-5.28E-05,-0.000418073,0.000366659,-0.000708408,0.000802633,-0.000233095,0.000993964,0.000635338,0.000166829,-0.00034646,0.000360199,-0.000212674,0.000222162,2.616,1.0108,2.651,1.2098,2.486,1.3242,2.2522,1.2918,2.1127,1.3004,2.0129,1.3118,1.9159,1.3258,1.8317,1.3366,1.7503,1.3432,1.6755,1.3432,1.5913,1.3022,1.5223,1.226,1.4727,1.1562,2.1165,1.1451,2.0604,1.1915,1.9962,1.1904,1.9676,1.2384,1.8997,1.2157,1.877,1.2643,1.8218,1.235,1.7967,1.2839,1.742,1.2472,1.7096,1.2717,1.6528,1.2206,2.3145,1.0405,2.3128,0.9854,2.1134,1.0858,1.993,1.1232,1.8941,1.1444,1.815,1.1534,1.7373,1.1597,1.6483,1.1607,0.469806279,0.199838385,0.120807698,0.086253406,0.072769911,0.063263655,0.082272353,0.139764838,0.100448992,0.098005102,0.084889811,0.081667129,1.15250859,0.275856557,5.78E-06,0.099761415,0.080255218,0.080727195,0.209069964,0.20051177,0.199756276,0.20527104,0.213840899,0.248397746,1.045043253
PBX011V09,PBX,1.824479761,-0.033918884,0.013001538,-0.010194054,0.005884073,0.010947619,0.013040941,-0.015741423,-0.00153111,-0.001532656,-0.005141081,-0.005436971,0.010632695,0.004510338,0.003187626,0.000227137,-0.003690548,0.001209107,0.00095204,-0.002028091,-0.001857471,0.002348003,0.000323571,0.005241043,0.001813837,-0.000232016,-0.00067956,-0.003147992,-0.002058156,-0.002137811,0.003795667,0.006361418,0.001049326,-0.000298234,-0.002546493,-0.000693881,0.002925631,-0.001290524,-0.001851222,-0.000350344,4.28E-07,0.000287537,0.000601636,-0.000143014,0.002996789,-0.00166283,-0.000109995,0.002621974,0.000880153,-0.000911523,-0.000696952,-0.000320493,0.001312127,0.00019578,0.000147874,0.000149458,-0.000194981,-0.000690281,-0.000520002,0.000530472,0.000850208,2.6192,0.9536,2.7035,1.1286,2.6057,1.2695,2.2843,1.2519,2.1598,1.2799,2.0361,1.3044,1.9311,1.3216,1.8463,1.3332,1.7686,1.3389,1.6899,1.3371,1.6003,1.2972,1.5248,1.2249,1.4676,1.1462,2.1537,1.1307,2.0854,1.1839,2.0228,1.1818,1.9826,1.2292,1.9236,1.2077,1.8934,1.263,1.8236,1.2271,1.8101,1.2729,1.7454,1.2395,1.726,1.2659,1.664,1.2082,2.3249,1.0228,2.3242,0.9631,2.1489,1.0604,2.0194,1.1084,1.9207,1.1273,1.8123,1.1397,1.7335,1.1462,1.6559,1.1451,0.495794655,0.178173511,0.121455177,0.092289165,0.069679624,0.070331572,0.084520767,0.127609757,0.126102894,0.106399436,0.085589719,0.077908793,1.167594673,0.293018941,9.80E-07,0.102525363,0.10186442,0.079177017,0.224186819,0.218386904,0.217258026,0.211380155,0.221640272,0.234532322,1.098304625
PBX011V11,PBX,1.79629983,-0.049736008,0.004216098,0.002840258,-0.004534946,0.002382128,-0.009522777,-0.009807535,-0.000197063,-0.012925616,-0.003950917,9.80E-05,0.00394241,0.000710527,-0.002186741,-0.000110466,-0.006203741,0.002348992,0.00164562,0.001821587,0.001615477,-0.002273663,1.46E-05,0.007315051,-0.003485571,0.002059848,0.000585274,-0.000515342,0.001917579,-0.005112148,-0.003441796,0.004793876,0.001904309,-0.003911489,-0.001795379,-0.000508425,-0.000289136,-0.000522497,0.001777019,0.000256393,-0.001637988,-9.40E-05,0.000724296,0.001331602,-0.001860967,0.001222997,0.000237559,0.000295266,-0.000230189,-0.001176545,0.000597225,0.000992188,0.001056394,-4.70E-06,0.000241324,0.000662367,-0.001037381,-0.000532247,0.000572329,-0.000430659,0.000518975,2.6246,0.972,2.6805,1.1739,2.5913,1.2932,2.2433,1.2702,2.1181,1.2853,1.9995,1.3101,1.9099,1.3252,1.8301,1.3274,1.7535,1.3382,1.6805,1.3303,1.5956,1.2828,1.5324,1.221,1.4734,1.1361,2.1149,1.1462,2.0502,1.1922,1.9944,1.1864,1.948,1.231,1.8948,1.2138,1.8732,1.2699,1.8114,1.2296,1.7913,1.2742,1.7309,1.231,1.7006,1.2569,1.646,1.1994,2.3134,1.0257,2.3134,0.9876,2.112,1.0818,1.993,1.1145,1.8894,1.1339,1.8046,1.1383,1.7229,1.144,1.6402,1.144,0.471908307,0.178500868,0.115230291,0.094387817,0.066370023,0.065845881,0.096995361,0.126107296,0.121165177,0.090863469,0.07983032,0.077357611,1.162837155,0.283908524,0,0.103300145,0.08488345,0.080512173,0.22483445,0.212432107,0.214522027,0.207770186,0.211713604,0.229639391,1.064987981
PBX011V12,PBX,1.805178306,-0.033419094,0.004650065,-0.001526255,0.000510897,0.005854096,-0.004054012,-0.000689706,-0.007197408,0.002230024,-0.000520107,0.001311235,0.002617564,0.00337404,-0.004296468,0.009467552,-0.003855586,0.001012363,0.001166214,0.005343083,0.002675414,-0.000759612,0.003044412,0.005760703,0.000939011,-0.002163473,-0.002803626,-6.21E-05,-0.003719653,-0.003812857,0.004045991,-0.000893399,0.00048424,-0.000504207,-0.001729531,-0.001135655,0.002838632,-0.000800133,0.002734116,-0.001483215,0.002729009,0.001792749,0.001165634,7.50E-05,-0.000785637,-0.000976207,0.000161987,0.000280993,-0.000890533,-0.001341023,0.000697059,0.000333859,0.000453254,0.000235227,0.00082062,-0.000283577,0.001034828,0.000603251,0.000283022,0.000872446,-0.000571708,2.6499,0.9714,2.6945,1.1641,2.578,1.2886,2.2807,1.2598,2.1282,1.2756,2.0146,1.3001,1.9153,1.3112,1.842,1.3177,1.7567,1.3274,1.6845,1.3274,1.6025,1.2896,1.5313,1.2174,1.4806,1.1375,2.1365,1.1343,2.0663,1.1904,2.0092,1.1753,1.9682,1.2357,1.911,1.2055,1.8862,1.2638,1.8161,1.2217,1.7999,1.2702,1.747,1.2271,1.7157,1.2584,1.6553,1.199,2.3209,1.0254,2.3177,0.9733,2.1386,1.0653,2.0092,1.1063,1.9114,1.1221,1.8121,1.1365,1.7445,1.1386,1.6517,1.1393,0.485530154,0.191164563,0.105312155,0.079374555,0.055619871,0.063471726,0.080262071,0.153316307,0.116211918,0.099918467,0.073587635,0.085849752,1.181038399,0.278634564,2.05E-05,0.102738892,0.09627279,0.069310677,0.215421935,0.203919249,0.202904731,0.205752861,0.206938372,0.240878932,1.076318215
PBX011V14,PBX,1.804850274,-0.019808668,0.018980964,-0.007475627,0.005471398,-0.002916387,-0.005209495,-0.006419737,-3.91E-05,-0.006405891,0.005975331,0.001509708,0.013100071,0.002079358,-0.004204802,0.005965055,-6.84E-05,0.002019568,-0.000536233,0.001888073,0.000916932,0.002199341,-0.002949279,-0.000940962,-0.006770115,-0.002391718,0.00084783,0.001305272,0.00141434,-0.000366629,-0.000814881,0.000667234,-0.000778321,-0.0006506,0.002340162,0.000421846,0.001635071,-0.000995732,-0.001344974,-0.001451518,-0.000750087,0.000470943,0.000386286,-0.00115885,0.00023913,-0.00043455,-0.000328482,0.000602145,0.001771525,-0.001691033,0.000217535,-0.002286756,0.001205076,0.000636988,0.000889593,0.000293562,-0.000180067,0.000231014,0.000300395,-0.000678398,-0.000558443,2.6041,0.9871,2.6683,1.2012,2.5626,1.3015,2.2594,1.2713,2.1235,1.2886,1.9973,1.3069,1.897,1.3252,1.8182,1.3339,1.7341,1.336,1.664,1.3382,1.5766,1.2945,1.5081,1.2222,1.4504,1.1472,2.1219,1.1321,2.0496,1.1812,1.993,1.1807,1.9488,1.2292,1.8878,1.2136,1.8625,1.2632,1.8046,1.2318,1.7873,1.2864,1.7283,1.2368,1.6953,1.2605,1.6277,1.2188,2.2945,1.027,2.2929,0.9741,2.1217,1.066,1.9937,1.1091,1.8858,1.135,1.7967,1.1451,1.719,1.1501,1.6226,1.1523,0.501747476,0.195660139,0.130368593,0.091594432,0.070952449,0.056666216,0.084886336,0.136996715,0.12751992,0.101955775,0.079278812,0.084126215,1.16475564,0.286541376,5.12E-06,0.110224544,0.085167365,0.076463651,0.21489053,0.208861389,0.206145822,0.204894753,0.221513634,0.247203115,1.044061646
PBX011V16,PBX,1.753522957,-0.030518929,0.015317476,0.000498453,-0.002820962,0.009689804,-0.010458446,0.017976336,-0.011102655,0.000693778,-0.00525905,-0.00112754,-0.000970127,-0.00352328,-0.008306332,0.004334231,0.0049653,0.004652321,-0.004260387,0.003882987,-0.001148096,-0.000211051,-0.0017965,-0.002378766,-0.006515646,-0.004912866,-0.000612672,0.004189814,-0.000137465,6.01E-05,0.000740147,-0.00387747,-0.000729595,-6.99E-05,-0.001863766,-0.000880236,-0.000952046,-0.002259009,0.002683562,0.000692057,-4.68E-05,0.000492766,-0.000354524,0.000773081,0.000908233,0.00111167,-0.000361678,0.00132,-0.000407499,-0.001480973,8.28E-05,0.000830517,0.000335241,1.10E-05,0.000429611,-0.000142862,-0.000305411,0.000805434,-0.00037957,-0.000948091,0.000215433,2.6618,0.9898,2.7006,1.1753,2.5633,1.2918,2.2843,1.2652,2.1476,1.276,2.0333,1.2925,1.9412,1.3091,1.8689,1.3155,1.7837,1.3278,1.7118,1.3285,1.6181,1.2859,1.5496,1.2157,1.5038,1.1483,2.1365,1.1343,2.0712,1.1872,2.0162,1.1791,1.9784,1.2265,1.9153,1.2104,1.9002,1.2594,1.8344,1.2278,1.8301,1.2803,1.7718,1.2379,1.7384,1.2594,1.6823,1.2131,2.3096,1.0291,2.3069,0.9822,2.1365,1.0717,2.0119,1.1117,1.9121,1.1347,1.8279,1.1426,1.7657,1.1476,1.6775,1.1483,0.460984902,0.197432647,0.117142648,0.085848762,0.064428953,0.052387785,0.082040539,0.137125964,0.115484804,0.093584026,0.072582711,0.086083274,1.168796924,0.275201817,1.46E-05,0.105643268,0.082750045,0.063409542,0.208563396,0.197080314,0.201392999,0.198973064,0.213093829,0.243489404,1.061263478
PBX011V18,PBX,1.728873229,-0.0164262,-0.000491643,0.007106857,-0.00068123,-0.000737453,-0.001988603,0.003545729,-0.003454113,0.000636216,0.002599144,-0.004911906,0.001034429,0.001027827,-0.0117135,0.002493697,0.001998712,-0.00306454,0.005768641,-0.00027013,0.005467463,0.002369419,-0.00575921,-0.000526245,-0.003619939,0.003472356,-0.002457099,0.000127956,-0.000510548,-5.59E-05,0.005384457,-0.004383436,-0.000884797,0.000565254,-0.001523075,-0.001536777,-0.000350255,-0.001796649,-4.10E-05,4.98E-05,0.000292657,-0.000717033,0.001118217,0.001513065,0.000589267,-9.69E-05,0.000207921,-0.000635883,0.000272496,0.00073265,-0.001071359,0.000376117,-0.000662411,0.001326018,0.001026978,-0.00075884,-0.001283137,4.37E-05,-0.001626603,0.000132451,0.000160471,2.6235,0.986,2.6676,1.1818,2.5367,1.2896,2.2691,1.2702,2.1354,1.2821,2.0081,1.3004,1.9261,1.3166,1.8484,1.3242,1.7665,1.3328,1.6953,1.3339,1.6147,1.2932,1.5561,1.226,1.5079,1.1505,2.135,1.126,2.0703,1.1836,2.0106,1.1778,1.9754,1.2375,1.9142,1.2087,1.8999,1.2699,1.8287,1.2267,1.8222,1.2828,1.7611,1.2357,1.733,1.2551,1.6845,1.2077,2.3145,1.0275,2.3166,0.9714,2.1339,1.0656,2.0023,1.1088,1.9074,1.1311,1.8161,1.1433,1.7564,1.1483,1.6816,1.149,0.457848381,0.196917368,0.118068878,0.070892172,0.053547456,0.048993877,0.084614065,0.134228536,0.128608631,0.083584927,0.078070801,0.082350288,1.127662897,0.26221045,8.82E-06,0.10123127,0.087374195,0.068196481,0.202460984,0.198506448,0.205262978,0.19698472,0.218514302,0.245234989,1.075165215
PBX012V01,PBX,1.811244515,-0.018058822,-0.000597821,0.00107052,-0.0099532,0.027188659,-0.019415284,0.002411598,0.012174428,-0.001582695,0.000903981,-0.008777727,-0.001921115,-0.002071326,0.006958783,0.004587613,0.007233777,-0.003188705,0.009598018,-0.002172239,0.006595157,0.001864661,0.002050362,0.000214191,-0.0015481,-0.002583856,-0.00249931,-0.000947247,0.001166373,-0.004990232,0.003406703,-0.00268399,0.000147408,0.001512552,-0.001199348,-0.003844405,-0.000357787,0.002607957,-0.000634789,0.0009813,0.0013143,0.001192587,1.69E-05,0.000370402,0.002077383,-0.002179466,-0.000729399,0.000277912,0.000495087,-0.000438584,0.001216307,0.002071076,-0.00150931,-0.000911218,-0.000652493,0.001358984,-0.000203349,-0.001016495,-0.000844673,0.000130163,-0.001178361,2.6634,1.0119,2.7193,1.1717,2.5755,1.2983,2.2584,1.2745,2.1181,1.2864,2.0286,1.2994,1.9272,1.3166,1.8549,1.3274,1.7762,1.3342,1.7042,1.3357,1.6122,1.3069,1.528,1.2325,1.4687,1.1429,2.1451,1.1192,2.0761,1.1775,2.0156,1.1688,1.9768,1.2228,1.9164,1.199,1.8991,1.2584,1.8225,1.2131,1.8215,1.2778,1.7557,1.2292,1.7341,1.2573,1.6715,1.198,2.349,1.0329,2.349,0.9779,2.1451,1.0631,2.0113,1.1052,1.9132,1.1203,1.8225,1.1289,1.7578,1.1321,1.6672,1.1408,0.480110821,0.192236781,0.116718508,0.092470536,0.064628554,0.059797324,0.087669949,0.140803764,0.090439206,0.102848432,0.073102189,0.078993228,1.201860678,0.304355204,0,0.10369513,0.094952725,0.068712808,0.222001261,0.218106625,0.214926453,0.213058607,0.210332309,0.239847556,1.098465589
PBX012V02,PBX,1.767324518,-0.027671283,0.019013811,-0.001598187,0.001841723,0.010770946,-0.014911195,0.004410815,0.018835805,0.003763289,-0.007464874,-0.003643928,0.004619394,-0.001897493,0.011476976,-0.003601853,0.004768034,-0.000422365,0.003178953,-0.005118495,-0.005039102,0.006942805,0.0055023,-0.004190833,0.004157182,0.001013069,0.000701215,-0.00275056,0.001083072,0.000177408,0.001078061,0.000400541,0.001388786,-0.000176637,0.000108285,-0.001752947,0.000486665,-0.00288963,-0.00115318,-0.000831765,-0.000777706,-0.002388779,-0.000950716,-0.001650135,0.000507395,0.00174411,0.00031684,-0.00011929,-0.000587944,-3.11E-05,0.000308976,-0.000641436,-0.001234216,0.000137443,0.001491074,0.000743363,-0.000494024,0.000526783,7.68E-05,0.000251747,-0.000637382,2.6063,0.9978,2.692,1.199,2.5611,1.3127,2.2289,1.2882,2.1066,1.2983,2.0178,1.3119,1.9236,1.322,1.8452,1.3335,1.7697,1.3407,1.6942,1.3468,1.5949,1.3091,1.5189,1.2335,1.4617,1.1586,2.1257,1.1404,2.0595,1.1922,2.0027,1.1893,1.966,1.2361,1.9035,1.2152,1.8783,1.267,1.8128,1.2346,1.8064,1.2886,1.7341,1.2443,1.7244,1.2875,1.6597,1.2163,2.2979,1.0559,2.2943,0.9898,2.1239,1.075,1.9969,1.1134,1.8955,1.1357,1.802,1.1483,1.7303,1.1543,1.6543,1.157,0.472140668,0.180263918,0.116084538,0.091808932,0.071253702,0.059341807,0.069873672,0.12271634,0.089835405,0.094739907,0.079238942,0.075842534,1.155839868,0.299124539,2.59E-05,0.102525363,0.09275155,0.079295523,0.216939738,0.21287238,0.212033606,0.214484801,0.214993256,0.237653613,1.033345523
PBX012V04,PBX,1.737367295,-0.014909994,0.021667673,0.001249501,0.00346088,-0.007237554,0.006362048,-0.013424316,-0.000600243,0.000164538,-0.002314868,-0.005423026,0.000971633,-0.010950028,-0.003605886,-0.002475245,0.004215095,-0.000846904,-0.002822714,-0.000864757,0.00145224,0.004368992,0.002321408,0.000385417,-0.00187358,-0.002289515,0.003420386,0.002602813,-0.001961961,-0.001473121,-0.00153274,-0.00099467,0.003035361,-0.001218894,-0.000603931,0.00084204,-0.000630164,0.000292989,-0.001612526,-0.002675815,0.002411551,1.52E-05,0.000206643,0.000802573,5.77E-05,0.000296683,-0.000662247,0.000295342,-0.000144942,0.000134711,-0.001483631,-0.000809822,0.000468558,-0.000389709,-0.000340005,-7.91E-05,0.00055022,0.001092744,-0.000940353,0.000425153,0.000956117,2.5901,0.9795,2.6737,1.1882,2.5561,1.3015,2.2853,1.2767,2.1494,1.2853,2.0394,1.3029,1.9444,1.3216,1.8653,1.326,1.7834,1.336,1.6985,1.3375,1.6181,1.2977,1.5485,1.2184,1.4957,1.1494,2.1472,1.1365,2.0717,1.1936,2.0167,1.1882,1.9746,1.2368,1.9142,1.2174,1.897,1.2659,1.8312,1.2314,1.8269,1.2859,1.7594,1.2406,1.7346,1.2665,1.6812,1.2136,2.3181,1.0225,2.3159,0.9685,2.1462,1.0689,2.0117,1.1163,1.9117,1.1365,1.829,1.1472,1.7549,1.1544,1.6769,1.1516,0.472335061,0.19679342,0.120192263,0.092564842,0.073138567,0.055520897,0.08492167,0.13617184,0.111399102,0.096822983,0.079222282,0.082508242,1.107509535,0.276603416,9.68E-06,0.106578093,0.084172442,0.072387015,0.212945087,0.204045877,0.209123217,0.209752831,0.217996078,0.250059293,1.06765929
PBX012V05,PBX,1.803033462,-0.016874005,0.014694332,-0.019131732,-0.008425334,0.001183719,0.005212449,-0.002765692,-0.004309297,-0.00277795,0.007956718,0.001432025,-0.001933617,-0.001019158,0.000685949,0.002030242,-0.002126045,-0.000169248,0.003260714,0.000749085,-0.002576805,0.002210014,0.003041487,-0.00090306,0.003580418,-0.005610907,0.002597262,-0.001366558,0.000147141,0.000753529,-0.001984729,-0.005729,-0.00106521,-0.001137828,-0.000538863,0.001192514,-0.001064201,0.00083156,-0.001297467,0.000629003,0.003159174,-0.000886076,0.000364181,0.002080558,0.000727923,0.000866134,0.000305381,0.002380746,-0.000763257,-0.000497348,0.000447506,0.000282013,-0.00050459,-2.26E-05,0.000723909,0.00014667,-0.000928643,-0.001778482,-0.000188493,-0.000751413,0.000674045,2.6224,1.0227,2.6888,1.2001,2.5755,1.3101,2.2922,1.2828,2.1375,1.2807,2.021,1.2943,1.916,1.3116,1.8341,1.3188,1.7456,1.3231,1.6737,1.3274,1.5913,1.2843,1.523,1.2109,1.4698,1.1332,2.1338,1.1354,2.062,1.1926,2.0102,1.1796,1.9671,1.2276,1.9061,1.2077,1.8792,1.2616,1.8177,1.2244,1.8004,1.2735,1.737,1.2386,1.7161,1.2767,1.6579,1.1997,2.3274,1.0415,2.3281,0.9725,2.1321,1.0674,2.0124,1.1063,1.9067,1.1311,1.8161,1.1375,1.7395,1.1429,1.6543,1.1429,0.480224218,0.216373104,0.116025256,0.085756049,0.062082526,0.056460429,0.054983725,0.154714253,0.117291134,0.106415647,0.082215874,0.088604402,1.157884714,0.281582759,9.80E-07,0.107825878,0.089963604,0.081939795,0.202009232,0.199724736,0.200725733,0.199245401,0.214628446,0.268382507,1.072519352
PBX012V06,PBX,1.806295836,-0.02434401,-0.009477825,-0.028976403,0.013421237,0.033742344,-0.005022887,0.014517151,-0.018884199,-0.057740547,-0.006040242,0.024369171,0.018153346,0.028193371,0.003471066,-0.031860954,0.01847657,-0.002132165,-0.023885039,-0.012648083,0.013609719,-0.010024735,-0.002700609,-0.01357356,0.003021183,0.003550369,0.003952264,-0.001793991,0.00027922,-0.000168371,0.001316998,-0.000439044,-0.001886448,-0.003185641,0.001439202,0.000356812,-0.001235658,9.48E-05,6.26E-06,-0.00043676,0.001152146,0.00058504,0.000380874,0.001128995,0.000499071,0.000254637,0.001189833,0.000204895,0.000961717,0.00158352,-0.00023297,0.000266065,0.000442068,0.001668956,-0.000324483,-0.000573074,0.000833581,-0.00084994,-0.000205092,0.000119768,-7.75E-05,2.6429,1.0086,2.6726,1.1624,2.5604,1.2875,2.2487,1.2605,2.1199,1.2756,1.989,1.2994,1.9027,1.3195,1.815,1.3263,1.7416,1.3382,1.6543,1.3393,1.5674,1.2896,1.5027,1.2131,1.4552,1.1462,2.1232,1.1566,2.0717,1.1462,2.0383,1.1931,1.9779,1.1742,1.9331,1.2255,1.8727,1.2077,1.8596,1.2648,1.792,1.2282,1.7747,1.2778,1.7179,1.2433,1.6345,1.2145,2.3206,1.039,2.3213,0.9851,2.0692,1.1005,1.979,1.1246,1.8689,1.1429,1.7826,1.1505,1.7114,1.1505,1.6262,1.1526,0.492117974,0.162927775,0.138085481,0.12569109,0.115755086,0.100760161,0.097814621,0.129682111,0.133046045,0.088609819,0.087963231,0.074358389,1.195644199,0.27735973,9.80E-07,0.110076337,0.083347106,0.085889522,0.218550955,0.204055385,0.207328266,0.197272046,0.206527988,0.240458416,1.077120328
PBX012V10,PBX,1.768788014,-0.043534901,0.01427019,0.005290897,0.012456765,0.01680327,0.007528752,0.001092309,-0.001471675,-0.019932456,0.001668736,0.001810633,-0.000210325,0.002764143,-0.001759379,0.005767672,0.005834059,0.006388125,0.01559946,-7.88E-05,-0.004423251,0.007198668,-0.011384308,-0.000815319,-0.004071717,0.000718008,0.006924728,0.003169979,-0.000903627,-0.005468576,-0.002495506,-0.001559492,0.001825308,0.002737918,0.000723885,0.002185358,-0.002632759,0.002369558,0.000153812,0.000130726,-0.003314214,-0.001477148,-0.002845701,-0.002559779,-0.000964834,-0.000430104,-0.0011135,0.000398241,-0.001045553,9.99E-05,-0.000712498,0.000145833,-0.000236219,-0.000309014,2.08E-05,-0.000218387,0.000746615,-0.001373872,0.001150531,0.001554596,-6.35E-05,2.6073,0.9773,2.6805,1.1487,2.5669,1.2983,2.2519,1.2947,2.1311,1.3047,2.0045,1.3184,1.9045,1.3285,1.829,1.3393,1.7503,1.3447,1.6704,1.3371,1.5892,1.2997,1.5273,1.2285,1.4791,1.1566,2.1063,1.1401,2.0566,1.1846,2.0041,1.1839,1.9574,1.2242,1.9027,1.2098,1.8711,1.2587,1.8157,1.2264,1.8128,1.304,1.7438,1.2386,1.7168,1.2616,1.6532,1.2033,2.2907,1.0307,2.2893,0.9919,2.1009,1.0906,2.0045,1.1257,1.8937,1.1451,1.808,1.1591,1.7352,1.1607,1.6492,1.1595,0.457486448,0.21236883,0.141330322,0.105318802,0.077379584,0.038839799,0.089598326,0.121213201,0.127339114,0.100508756,0.076268539,0.078885043,1.142358845,0.263013194,3.92E-06,0.104655482,0.088569521,0.072927704,0.210998223,0.201733488,0.19495797,0.205692805,0.219245433,0.253885427,1.037285862
PBX012V11,PBX,1.664034454,-0.023536567,0.012103249,0.016862096,0.006520348,-0.013602758,-0.003481779,-0.004308265,0.005989075,0.008187741,-0.011441948,0.002137829,0.00275794,-7.87E-05,-0.00357476,0.001360553,0.000480175,0.001111928,-0.000411062,-0.005873052,0.002062376,0.002155804,-0.004265207,0.001657139,0.001432876,0.003859436,-0.00176244,-0.000956968,0.000833062,0.002405657,0.003630418,0.000699465,-0.004159848,-0.001639697,-0.001616334,0.001901533,-0.003401518,-0.002444325,0.001029449,0.000141415,-0.000795364,0.001915476,-0.000386223,0.001492252,0.000709673,0.000580903,0.002244629,-0.000945359,0.001008282,-0.000289658,-0.000175602,5.18E-05,0.00084771,-0.000197282,-0.000793483,-0.000488487,-0.001009388,-0.000182097,0.001236264,-0.000406725,-0.000363515,2.5701,0.9542,2.6381,1.1936,2.5173,1.294,2.2415,1.2738,2.125,1.2911,2.0056,1.3055,1.9222,1.3184,1.8517,1.3256,1.774,1.3357,1.7107,1.3357,1.6266,1.294,1.5604,1.2321,1.5086,1.1652,2.1286,1.1397,2.0523,1.1972,1.9962,1.1922,1.9689,1.2404,1.9056,1.2138,1.897,1.2735,1.8229,1.2332,1.8207,1.2807,1.7582,1.2433,1.7344,1.2742,1.6855,1.2141,2.2835,1.0397,2.2821,0.9872,2.1253,1.0732,1.9912,1.1174,1.8948,1.1402,1.8139,1.1521,1.7481,1.158,1.6828,1.1613,0.44930276,0.175297519,0.118753947,0.074732189,0.051488348,0.054561983,0.073146497,0.117777502,0.120265207,0.084391765,0.070866706,0.078353685,1.082267642,0.264413804,3.92E-06,0.093139251,0.084944982,0.065483586,0.196806504,0.197034819,0.198455486,0.198999322,0.219258136,0.231824934,1.034634162
PBX012V14,PBX,1.799148041,-0.012967805,0.00564218,0.000332427,0.005564704,0.010646742,-0.010856255,-0.009376339,0.011246813,0.000149612,0.000266841,-0.00548744,-0.001753506,-0.001357353,0.006750449,-0.00051648,0.005481246,-0.000122093,-0.001602319,0.001352342,0.000228232,-0.001187751,-0.001790654,-0.000639875,0.001013887,-0.00218924,-0.003101076,-0.001582614,0.001912734,-0.000201084,-0.001112361,0.001786965,0.000751295,-0.002947749,-0.001690575,0.001480399,-0.001620284,0.00082938,-0.001897374,-0.001002485,0.000837491,-0.000436896,-0.001061576,0.000573216,0.001937391,-0.000470387,-0.000333436,0.000343951,-0.000251547,0.00129368,0.000156043,-8.14E-05,-0.000748611,-0.00062646,0.000452667,-0.000152022,-0.000654678,0.001387409,-0.000822825,0.000668625,0.000391578,2.616,0.973,2.6909,1.1656,2.555,1.2918,2.2487,1.267,2.1203,1.2799,2.0156,1.2961,1.9186,1.3155,1.8355,1.3263,1.7611,1.335,1.6931,1.336,1.5971,1.3026,1.5151,1.2282,1.4493,1.1494,2.1375,1.1235,2.0642,1.1807,2.0081,1.1785,1.966,1.2249,1.9056,1.2066,1.8883,1.2648,1.8215,1.2206,1.8107,1.2789,1.7406,1.2379,1.7233,1.2691,1.6521,1.2066,2.322,1.0092,2.3204,0.9595,2.1354,1.0577,1.9984,1.1009,1.897,1.1235,1.8139,1.1365,1.733,1.1451,1.6446,1.1472,0.492461948,0.181542529,0.113964249,0.086773268,0.059064202,0.053495794,0.075971376,0.129046387,0.105945882,0.098920979,0.083798866,0.074906942,1.179960105,0.307014658,5.12E-06,0.106281983,0.085257316,0.082729076,0.221000204,0.208181868,0.207371864,0.209419961,0.216565487,0.237998697,1.08094461
PBX012V15,PBX,1.741682203,-0.040672084,0.006118911,-0.005762638,-0.002043146,0.003331083,0.010866362,-0.004126155,-0.005292601,-0.011664608,0.012152698,-0.000478704,0.002360493,-0.008914701,-0.00334754,0.007020906,-0.000982042,-9.37E-07,0.006160188,0.001454226,0.00303874,-0.000860092,-0.000921793,0.002811115,0.003146966,-0.001637814,0.002312922,-0.002739799,-0.000177584,-0.001895707,0.002918894,-0.002942659,-0.001073402,-0.001792844,0.002265656,-0.001561568,0.000199731,-0.001958289,-0.001115331,-0.002491447,0.000350803,-0.000884881,0.001344861,-0.000565995,0.000581933,0.000418332,-7.69E-06,-0.002260013,0.000287996,-0.002187258,3.08E-05,0.000122476,0.000267592,0.001784737,3.46E-05,0.000889092,0.000294427,0.000897889,0.00047039,0.000606202,-0.000109371,2.5998,0.9881,2.6751,1.149,2.5795,1.2907,2.2774,1.2717,2.1343,1.2853,2.0293,1.3026,1.9243,1.3227,1.8474,1.3278,1.7567,1.336,1.6877,1.3382,1.6154,1.2961,1.555,1.233,1.5119,1.1624,2.1214,1.1408,2.0609,1.1861,2.007,1.1882,1.9757,1.2411,1.9186,1.2152,1.8959,1.2708,1.8306,1.2352,1.8107,1.2875,1.7551,1.2411,1.7233,1.2654,1.6721,1.2163,2.3118,1.0264,2.3101,0.9806,2.1235,1.0764,2.0049,1.1196,1.915,1.139,1.8229,1.1534,1.7496,1.1606,1.6712,1.1627,0.45559932,0.203643831,0.123402593,0.08157947,0.059162235,0.054506697,0.078101985,0.143744809,0.106415647,0.106906548,0.07706893,0.091069918,1.101774432,0.248618744,5.78E-06,0.09243138,0.090244113,0.075730179,0.193243732,0.193702555,0.197343482,0.19957317,0.210239982,0.24865096,1.065522581
PBX012V18,PBX,1.773991076,0.003157904,0.016173673,0.012629811,0.017339764,-0.006610128,-0.005316617,0.003268066,-0.001791758,-0.006385617,0.007702026,0.00374104,0.001972116,-0.003545367,-0.000904992,-8.06E-05,0.001180791,-0.01078474,0.000604843,0.006509015,0.003269819,0.000884961,-0.000322312,0.001890285,0.002126971,-0.003017536,0.002341518,-0.00578894,-0.004875433,-0.001171913,0.00099292,-0.001195392,-0.002446606,-0.00068661,-0.001435901,-0.000932476,-0.000302358,-9.93E-05,0.001653082,-0.001248053,0.00019459,-0.002331137,0.000227178,0.001522029,0.001017088,0.000394861,0.001055727,-0.000687676,-0.001085136,-0.000217917,0.000417057,0.001250463,0.000759436,0.000283733,-0.000705304,0.000149958,-0.000558966,-0.000853971,-0.000439201,0.000355905,-0.000525787,2.6052,0.9547,2.6758,1.1915,2.5216,1.3058,2.2799,1.2756,2.1321,1.2853,2.0124,1.3058,1.9272,1.3252,1.8474,1.336,1.76,1.3511,1.6819,1.3562,1.596,1.3166,1.527,1.2476,1.4752,1.171,2.1253,1.1275,2.0635,1.1785,2.0074,1.1814,1.9678,1.2289,1.9168,1.2073,1.8894,1.272,1.8247,1.2346,1.8067,1.285,1.7463,1.2497,1.7168,1.2763,1.651,1.2217,2.3031,1.0049,2.3037,0.9558,2.1214,1.0609,2.0022,1.1079,1.9121,1.1311,1.8161,1.1489,1.7352,1.158,1.6456,1.1667,0.483563987,0.214090565,0.126933841,0.088897525,0.065261627,0.065249444,0.086378701,0.14811796,0.121442744,0.087380776,0.080527511,0.088694814,1.150515402,0.277531854,7.20E-07,0.094229348,0.096060918,0.079840904,0.217003963,0.210411121,0.20838642,0.201445228,0.219874441,0.266867645,1.05749913
PBX012V19,PBX,1.761376788,-0.033233236,-0.008621723,-0.002239262,0.01005759,0.011506267,0.000327317,0.003859559,-0.008752805,0.004494021,0.004275182,-0.004892165,-0.007308722,-0.002726981,-0.000351904,0.003884596,0.005559957,-0.003731631,0.002963499,-0.001445658,0.000158234,0.00743722,0.001987009,-0.001565247,-0.003008675,-0.002119261,0.00429582,-0.000744721,0.001750639,-0.000616204,-0.003671532,-1.31E-05,-0.001386345,0.002176441,0.001157119,0.001296164,-0.000327127,-4.22E-05,0.000694966,-0.002081991,0.001313383,0.002858664,0.000313956,0.001134843,0.000775068,0.00206071,0.00033032,-0.000950462,9.37E-06,-0.000415322,-0.001289253,0.000199529,0.000255649,-0.000171398,-0.000638719,-0.000742696,-0.000606244,-0.001850074,-0.000439359,-0.000277028,-0.000647564,2.63,0.9741,2.6963,1.1386,2.5475,1.2789,2.2659,1.2584,2.116,1.2756,2.0167,1.295,1.9218,1.3123,1.8506,1.3155,1.7616,1.3258,1.6834,1.3231,1.6073,1.2756,1.5421,1.2087,1.4957,1.1446,2.1314,1.125,2.0674,1.1882,2.0135,1.1789,1.9754,1.2271,1.9135,1.2041,1.8948,1.258,1.8294,1.2213,1.8251,1.281,1.7531,1.2314,1.7251,1.2566,1.6712,1.2055,2.3193,1.0334,2.3198,0.9558,2.1273,1.0653,2.0119,1.1036,1.9099,1.1273,1.8285,1.1375,1.7508,1.1424,1.6661,1.1465,0.467187639,0.189435504,0.1000036,0.079473895,0.060642312,0.042901049,0.078236117,0.150883564,0.10117732,0.096463983,0.071271874,0.089594029,1.147042606,0.259024207,5.00E-07,0.10312633,0.085840841,0.076965577,0.20314709,0.199809034,0.198141187,0.198820346,0.201049273,0.237692175,1.089892848
PBX012V20,PBX,1.722458739,-0.030048303,0.017742776,0.011914437,0.013999309,0.006920033,0.00423041,-0.010621225,0.002472555,-0.006506906,-0.005157471,-0.00607509,-0.001162557,-0.007061135,-0.010654327,0.004265581,-0.00152934,0.002347748,-0.003343653,-0.005297821,0.00365476,-0.002942339,-0.003196935,0.001297055,0.001027243,0.002623663,-0.000966941,-0.005875589,0.002583849,0.005554135,-0.001241113,0.003631546,-0.002313744,-0.002510483,0.002362435,-0.0019617,0.001282832,0.001946114,-0.00076849,-0.001236787,0.002596919,-0.002600118,-0.0007378,0.000392702,0.00042762,0.001120191,0.002182229,-0.001260284,-0.000599524,0.000265347,0.00098802,0.001618486,-0.001080815,0.000812361,-0.001924601,-0.000339719,8.18E-07,0.000510084,-0.000875053,8.61E-06,-7.20E-05,2.5922,0.959,2.6467,1.1559,2.5496,1.3015,2.254,1.2789,2.1361,1.2911,2.021,1.3069,1.9232,1.3242,1.8538,1.3306,1.7718,1.336,1.6963,1.3393,1.6154,1.2929,1.5367,1.2174,1.4871,1.1505,2.1289,1.13,2.0588,1.1861,2.0005,1.1904,1.9693,1.2357,1.9153,1.2077,1.897,1.2756,1.8333,1.2271,1.8172,1.2832,1.7513,1.2364,1.7233,1.2594,1.6704,1.2152,2.2947,1.0239,2.2925,0.98,2.1214,1.0717,1.9841,1.1176,1.9027,1.1357,1.8233,1.1472,1.7402,1.1541,1.6665,1.1559,0.466348893,0.194476785,0.13038516,0.087990511,0.055212317,0.059885891,0.090663168,0.118529532,0.116179387,0.099318327,0.069694476,0.082177613,1.121569552,0.281797942,9.68E-06,0.086938657,0.084263634,0.082525693,0.208624303,0.209898094,0.203246181,0.208096925,0.2306648,0.245997154,1.041846078
PBX012V21,PBX,1.791174289,-0.043000353,-0.001877635,-0.018994054,0.00326766,0.00829496,-0.008917932,-0.008629602,-0.007165929,-0.002634625,0.002965018,0.002343828,-0.002292366,-0.000757231,0.000149273,0.0031149,0.001114458,0.000347937,0.003322055,-0.002229238,0.002989113,0.000233141,0.002215879,-0.000283599,0.000793524,0.004059148,0.002059956,-0.000633284,0.002141271,0.001797919,0.000612638,-0.003302167,-0.002879098,0.000367081,-0.000128981,-0.003584197,0.001351725,0.000252024,-0.001972451,-0.001069676,3.67E-05,-0.003048529,-0.000471267,-0.001271192,-0.001181736,0.000339768,-0.001284133,-4.29E-05,-0.000505722,-3.59E-05,0.001919745,-0.002587832,-0.000389052,0.000172888,0.001059906,-0.000583791,-0.000322898,0.000536333,5.32E-05,-0.000900625,-0.000132161,2.6332,0.9763,2.6974,1.1451,2.5946,1.2695,2.2702,1.2526,2.1206,1.2584,2.0099,1.2756,1.9164,1.2871,1.8502,1.3001,1.7589,1.2994,1.6823,1.3015,1.6003,1.2594,1.5388,1.1893,1.4914,1.117,2.1372,1.1174,2.071,1.1706,2.0128,1.167,1.9746,1.2131,1.915,1.1951,1.8941,1.2461,1.8323,1.2095,1.815,1.2584,1.7531,1.2145,1.7287,1.2404,1.6532,1.1861,2.336,1.028,2.3306,0.9617,2.1321,1.0539,2.0076,1.0858,1.9088,1.1084,1.8207,1.1178,1.7438,1.1224,1.6481,1.1221,0.488851399,0.189652419,0.10084146,0.071779802,0.046672154,0.054570413,0.066280012,0.149712391,0.112028255,0.094204565,0.067464361,0.091302683,1.150436322,0.265486459,5.83E-05,0.101756818,0.083944327,0.079357671,0.209073982,0.207118927,0.194476168,0.195389483,0.20630017,0.241977892,1.104841188
PBX012V23,PBX,1.751458208,-0.047267741,0.011410766,-0.014613084,-0.010190674,0.01295628,0.009368303,-0.012792539,-0.001432809,-0.007052469,-0.002948339,0.001742504,-4.62E-05,-0.000805629,0.001165558,0.006473548,0.002362983,0.001286308,-0.001334103,-0.001938449,0.003520347,0.001967077,-0.002527652,0.002870815,-0.003231085,0.000609829,0.00194035,0.004797281,0.003231515,-0.001207731,0.00096604,0.006810224,0.001821016,-0.00123186,-0.000982649,0.002258771,0.001773753,-0.003711235,-0.001532533,0.001795866,0.000925403,-0.00194676,-0.002784161,0.000667598,-0.000224081,-0.00166062,-0.000735814,-0.000104211,-0.00048121,0.00208409,0.000588031,0.000426115,-0.001603685,0.000249268,0.000607423,-0.001274191,0.000235368,0.000167318,0.001488846,-0.00037875,0.000128102,2.5825,0.9881,2.6607,1.1408,2.5777,1.2789,2.2558,1.2627,2.117,1.2756,2.0049,1.2965,1.9035,1.3116,1.8215,1.3166,1.7567,1.3188,1.6834,1.3123,1.5928,1.2789,1.5248,1.2152,1.4687,1.144,2.116,1.1397,2.0491,1.1915,1.9919,1.185,1.9455,1.2249,1.8948,1.2087,1.8679,1.254,1.8096,1.2195,1.7945,1.2724,1.7362,1.2335,1.706,1.2476,1.6564,1.2055,2.2977,1.0351,2.2945,0.9838,2.1088,1.0746,1.9858,1.107,1.8844,1.1286,1.8003,1.1401,1.7298,1.1444,1.6557,1.1451,0.464286334,0.186206982,0.108088945,0.093031823,0.067713514,0.051794208,0.087406693,0.139398171,0.114031662,0.102518145,0.082152298,0.064837335,1.124657837,0.272802089,2.05E-05,0.099950488,0.085881779,0.074723223,0.200929565,0.195094157,0.200156164,0.206665575,0.213633799,0.238727062,1.057604543
PBX012V24,PBX,1.64869953,-0.001768665,0.015683549,0.020402838,0.008653946,0.010304448,-0.00561294,0.002802118,0.00854035,-0.004530179,0.003851709,0.001706971,0.002845075,-0.00043074,-0.00347212,0.000642107,0.002303707,-0.003441202,0.00047069,0.001406292,-0.003180145,0.001517822,-0.00467603,0.006868124,-0.004283787,-0.000467983,0.001539846,0.002589557,0.00589301,0.001416168,-0.003148169,0.005339017,-0.005230617,8.38E-05,-0.000420745,-0.002007061,-0.001406442,0.002918227,-0.000205708,0.002048104,0.001777705,0.001696398,0.002165055,-0.00095311,0.000433529,-0.001348691,-0.001082717,-4.81E-05,0.000459459,-0.000383393,-2.44E-05,0.000947316,-0.000229959,0.000665338,0.001212612,-0.000252989,0.000836016,0.000331889,0.000126516,-0.000246111,0.000107974,2.6052,0.9773,2.6579,1.1731,2.5198,1.2904,2.2677,1.2731,2.1591,1.2853,2.0383,1.3026,1.9542,1.3166,1.884,1.3198,1.8085,1.3263,1.746,1.3296,1.665,1.2918,1.5874,1.2292,1.528,1.1634,2.1472,1.1203,2.0906,1.1758,2.0324,1.1683,1.9903,1.2087,1.9396,1.2001,1.9239,1.253,1.8635,1.2184,1.8468,1.267,1.7896,1.2314,1.7697,1.2551,1.7114,1.212,2.3116,1.0142,2.3087,0.9718,2.1467,1.062,2.0291,1.1041,1.938,1.1273,1.8614,1.1392,1.7869,1.1472,1.7082,1.1505,0.44534316,0.194597251,0.129160753,0.105457148,0.070448918,0.064588544,0.081085634,0.109283119,0.122032496,0.085257316,0.070272897,0.075779285,1.093157377,0.27412851,1.68E-05,0.098097299,0.078269407,0.075034725,0.202399926,0.198038304,0.200206394,0.201965789,0.223009955,0.243319153,1.066977436
PBX012V25,PBX,1.661967697,-0.016832379,0.018583274,0.012001533,0.014110443,0.021192884,0.001916756,0.001958597,0.01140041,0.001180647,0.003965406,0.003663593,0.004126737,0.006009408,0.002140851,-0.004387215,0.004387809,-0.010879992,0.004226052,0.004956048,-0.001015311,0.003658701,0.00128462,0.002211928,0.000293398,-0.001108192,-0.000185686,0.000428138,0.000431273,-0.007313068,-0.003728734,0.002084452,-0.000131798,0.003110118,-5.10E-05,5.88E-05,-0.001154554,-0.000681918,-0.00228255,0.003088008,0.001417347,-0.000997406,0.000727228,-0.00030174,0.000301415,-0.001578462,0.002137225,-0.000105341,0.00054712,2.10E-05,0.00122938,-0.000954442,-0.003098965,-0.001046592,0.000392212,-7.76E-05,0.000148406,-0.000477529,4.71E-05,0.000957866,-4.18E-05,2.5728,1.0151,2.6435,1.185,2.5032,1.3285,2.2415,1.3008,2.1106,1.308,2.0013,1.3252,1.9293,1.3439,1.8517,1.354,1.7769,1.3497,1.7093,1.3526,1.6226,1.3184,1.5507,1.2508,1.495,1.1742,2.1217,1.1573,2.0678,1.2012,2.0138,1.1962,1.9642,1.2407,1.916,1.2242,1.8878,1.2708,1.8301,1.2438,1.8139,1.2891,1.7551,1.2562,1.7357,1.2821,1.6802,1.2206,2.2771,1.0584,2.2756,1.0081,2.1192,1.0933,2.0106,1.13,1.9085,1.1508,1.8285,1.1634,1.754,1.1688,1.6769,1.171,0.446014731,0.186933919,0.115056856,0.092285752,0.08405867,0.075105592,0.079165649,0.131097864,0.110645063,0.074388776,0.078254521,0.074923494,1.089479532,0.278838753,4.50E-06,0.101729248,0.088107718,0.076018156,0.204777172,0.209390377,0.2067387,0.197553031,0.204166599,0.240860001,0.99982727
PBX013V02,PBX,1.77727008,-0.027856972,0.00607923,-0.006419659,0.001417776,0.01425817,-0.002966503,0.003193723,-0.006454493,-0.002024107,-0.003443213,-0.005025845,0.008733951,-0.002696026,0.003990696,-0.001242729,0.004726776,-0.00076212,-0.002876025,0.002046835,-0.00286313,-0.001438356,0.001839356,0.003086029,-0.001862682,-0.006973934,-0.002307122,0.000753295,-0.002232889,-0.000781599,-0.001930098,0.001027179,0.000472597,0.001289002,-1.94E-05,0.000186638,-0.001060487,0.001696628,-0.001294474,-0.000549553,-0.00181624,-0.000788438,0.000997403,-0.000164976,-0.001446151,0.000242389,0.000563875,-0.00035892,0.000297042,-0.000635008,0.001047024,0.000369656,0.000618267,-0.000734164,-0.000994235,-0.001284156,-0.000163478,0.000568617,-0.00085355,-0.001951422,-0.000638792,2.623,0.9984,2.6877,1.1699,2.5475,1.2929,2.2497,1.2648,2.1246,1.2735,2.0135,1.2918,1.9153,1.3134,1.8387,1.3242,1.7524,1.3339,1.678,1.3274,1.5939,1.2843,1.5173,1.2087,1.4709,1.1408,2.1268,1.1386,2.062,1.1861,2.0027,1.1818,1.9617,1.2249,1.9002,1.2087,1.8743,1.2519,1.8107,1.226,1.7956,1.2681,1.7395,1.2303,1.7104,1.2584,1.6521,1.2066,2.308,1.0322,2.3065,0.9833,2.1251,1.0755,1.9968,1.1084,1.8991,1.1316,1.8112,1.1386,1.7319,1.1415,1.6478,1.1437,0.479545712,0.176155755,0.107505907,0.084609988,0.073913801,0.070744752,0.086395891,0.125402153,0.112597069,0.100547501,0.077357611,0.086843422,1.160866991,0.27876508,4.50E-06,0.105971034,0.091156678,0.071329727,0.217064967,0.21162592,0.203449871,0.196853753,0.208784219,0.226626675,1.059828816
PBX013V03,PBX,1.863559173,-0.026764569,0.001768344,0.007820668,0.006795879,0.006104179,-0.002050479,-0.012134034,-0.003891894,-0.009470704,0.001386816,0.003550843,0.01387098,-0.001735886,-0.004364651,0.001619953,-0.005382533,0.004824046,0.001267201,0.003821156,0.000384922,0.000822074,0.002384738,-0.000906193,-0.003048006,0.001315743,-0.002048295,-0.00113812,0.000711367,-0.002335083,-0.000988648,0.00292213,0.000207918,-6.42E-05,1.82E-05,-0.000731097,-0.002409821,0.002654283,-0.000787059,0.001387583,0.001977618,0.000321558,-0.001706333,0.001217046,-0.00057491,-0.001306389,0.001870339,0.001891032,-7.95E-05,0.000177364,-0.000881839,-0.001632975,-0.000250091,-0.00098333,-0.000123862,0.000548957,0.000252455,0.000588367,-0.000178426,0.000302771,0.001030523,2.6298,0.9588,2.6758,1.1674,2.5708,1.3069,2.2479,1.2843,2.1163,1.2972,1.9941,1.3188,1.8934,1.3411,1.8096,1.3522,1.7244,1.3565,1.6489,1.3554,1.569,1.3112,1.5011,1.2357,1.4364,1.157,2.1206,1.1415,2.0523,1.1897,1.9912,1.1904,1.9437,1.2357,1.8797,1.2192,1.8596,1.2767,1.7848,1.2386,1.7726,1.2911,1.7071,1.253,1.6776,1.2731,1.6122,1.2282,2.3107,1.0167,2.3074,0.9709,2.116,1.0744,1.9865,1.1203,1.8738,1.144,1.7794,1.1548,1.6999,1.1616,1.6064,1.1595,0.515739711,0.191303764,0.125108953,0.097189351,0.072731011,0.071429756,0.095633676,0.132230745,0.124094319,0.103139614,0.084531947,0.08530844,1.209746585,0.290721189,2.18E-05,0.115159411,0.096862635,0.079023098,0.22963667,0.219914643,0.218411744,0.212195971,0.219412055,0.24790244,1.055412834
PBX013V06,PBX,1.721334036,-0.018799554,0.002659117,0.004264243,0.004589399,0.004207405,0.010068161,0.003534819,0.001927778,-0.003430269,0.003294262,-0.000366753,0.008532611,-0.013610458,-0.004601332,-0.003460154,-0.001111077,0.001284042,-0.002352164,-0.002733617,-0.001966803,-0.002760485,0.001065352,-0.002631698,-0.005095629,-0.003348752,-0.003532733,0.002364891,-0.000164504,0.001247667,-0.000809369,-0.001517342,4.73E-05,-0.000816864,0.000195268,-0.000778648,-0.000575227,-0.002345947,-0.003125552,0.000895623,7.70E-05,0.002526339,-0.002121921,-0.000938653,0.000252184,-0.000498476,0.001844777,-0.00075796,0.000587751,0.002576676,-0.001201556,0.000413586,-0.000239693,-0.000719293,-2.02E-05,0.000246121,-0.001026463,-7.77E-05,0.001225396,0.000364662,4.85E-05,2.6063,0.9779,2.669,1.1559,2.5518,1.304,2.2641,1.272,2.1526,1.2886,2.0405,1.3087,1.9441,1.3346,1.8614,1.3461,1.7798,1.3587,1.7028,1.3544,1.6257,1.3198,1.5604,1.2481,1.5162,1.1877,2.1408,1.1429,2.0755,1.1915,2.0189,1.198,1.9849,1.2411,1.9202,1.2292,1.904,1.2783,1.8371,1.2524,1.8236,1.2961,1.7643,1.2645,1.7398,1.2889,1.6917,1.2494,2.3101,1.0259,2.3085,0.9752,2.1386,1.0771,2.0138,1.1232,1.9078,1.1513,1.8319,1.1659,1.7629,1.1746,1.6891,1.18,0.461555045,0.178520867,0.123987177,0.087527824,0.069120909,0.062680459,0.08044899,0.112728923,0.113887752,0.099818686,0.083495748,0.082567064,1.110105423,0.250216806,5.12E-06,0.103513912,0.086277749,0.073798713,0.20040005,0.197773861,0.202604368,0.205873869,0.215922671,0.231810828,1.05694356
PBX013V09,PBX,1.756874981,-0.01517874,-0.000960423,0.013753174,0.015720681,-0.002106103,0.015230812,0.008251675,-0.011091122,0.002048256,0.017673271,0.005547677,0.006449292,-0.007042703,-0.005352161,0.001505233,-0.003575438,-0.005826579,-0.004179047,0.004180882,-0.003903133,0.001113079,0.00397605,-0.002578122,0.003084252,-0.004240232,0.002989371,-0.002260469,-0.006484035,-3.75E-05,0.000322146,0.000373076,-0.000993588,0.001097809,-0.000297507,-0.00126472,0.001732596,0.003206621,0.000530755,-0.001500194,3.56E-05,-0.001319788,-0.000302272,-0.000912595,0.001293219,0.000194431,-0.001608322,0.001845224,-0.00041875,0.000604871,0.00103011,-6.18E-05,0.000162281,-0.000279674,0.000526685,0.00024239,-0.000264464,-2.80E-05,0.000323773,-0.000398576,0.001085993,2.6073,0.9687,2.6636,1.1645,2.5111,1.317,2.267,1.2767,2.1203,1.2839,2.0095,1.3026,1.9103,1.3198,1.8279,1.3339,1.7298,1.3436,1.6636,1.3393,1.596,1.2965,1.5352,1.2228,1.4975,1.1616,2.1197,1.1386,2.0577,1.1872,2,1.1866,1.9601,1.2309,1.9083,1.2163,1.8716,1.2697,1.8118,1.2353,1.788,1.2835,1.7327,1.2483,1.7032,1.2691,1.655,1.2238,2.2936,1.021,2.2904,0.9513,2.1196,1.0681,2.0005,1.1122,1.9088,1.1343,1.8085,1.1462,1.728,1.1552,1.6503,1.1552,0.472445902,0.2019131,0.115193967,0.087070374,0.063306398,0.064281957,0.079106321,0.146876581,0.112366944,0.100680087,0.083597667,0.098578395,1.126439723,0.243241649,2.05E-05,0.09638973,0.098352682,0.08016115,0.204486699,0.204728357,0.201246615,0.196125929,0.209363153,0.25542263,1.039828856
PBX013V11,PBX,1.694496519,-0.02614422,0.021064382,0.004338084,-0.007968105,0.014852355,-0.011000506,0.025450916,-0.000373385,0.008580832,0.015714463,0.007371937,0.011518804,-0.011067365,-0.00809825,-0.003388566,-0.001651088,0.003082701,-0.002234096,0.011331576,-0.004130329,-0.000100026,0.00229209,-0.00220048,-0.006146492,0.004212875,-0.005374808,-0.001499799,0.001264208,0.003978085,0.000295803,-0.00155016,0.003993429,-0.002198007,-0.000166871,0.000783202,0.000867151,0.002326893,-0.000996407,-0.00048406,-0.000374721,7.20E-05,-0.000280167,0.000643466,0.001710908,-0.000665411,0.001364774,-0.000885433,-0.000193299,-0.000350648,-0.000270087,-0.000306574,0.001334655,-0.00073647,0.000936659,-0.000754555,-0.000375262,-0.00093871,0.000991982,0.001099341,0.000172564,2.6214,1.0237,2.6683,1.1807,2.5388,1.3231,2.2594,1.2875,2.1321,1.2961,2.0221,1.3123,1.9434,1.3339,1.8592,1.3465,1.783,1.3637,1.7104,1.3659,1.642,1.3278,1.5737,1.2688,1.5119,1.2012,2.1221,1.1501,2.0595,1.2044,2.007,1.2033,1.9703,1.2558,1.9078,1.2364,1.8927,1.2889,1.8265,1.2587,1.815,1.3019,1.756,1.2702,1.7395,1.295,1.6791,1.2616,2.2688,1.0476,2.2656,0.9987,2.1187,1.0858,2.007,1.1289,1.9002,1.1559,1.8193,1.1721,1.7476,1.1823,1.6688,1.1877,0.456816429,0.194242246,0.116960036,0.076651745,0.067790044,0.062791719,0.081313836,0.127590164,0.11118651,0.081610355,0.085137536,0.078117092,1.123608695,0.257930882,2.05E-05,0.104576527,0.084302906,0.071431786,0.209803813,0.198535135,0.203911868,0.19829415,0.208820138,0.245925558,0.996765574
PBX013V13,PBX,1.849222198,-0.037270603,-0.013503672,0.014213049,0.00365381,0.004131279,0.009725653,-0.013591523,-0.017051532,-0.006874709,-0.001332809,0.004602348,-0.001776538,-0.008151486,-0.000534456,-0.000907787,-9.21E-05,0.002843258,0.002513107,-0.003053665,0.004095388,-0.002779022,0.001454844,-0.004095181,-0.002499352,0.001112058,-0.007557068,0.001371789,-0.005862282,-0.001961307,0.001520125,-0.001016908,0.003138763,-0.001039026,0.002555336,0.00193648,0.003491019,0.002578228,-0.00071774,-0.001260963,-0.001709276,-0.000287583,0.000629778,-0.00027354,0.00047911,-0.001107239,-0.000683273,-0.000289859,-0.000374881,4.31E-05,-0.002222224,-0.000364312,9.28E-05,-0.001130812,-0.000812496,8.78E-05,-0.001117314,0.000509299,-2.52E-05,0.000896939,-0.00033828,2.6277,0.9265,2.6902,1.1192,2.5636,1.2932,2.2656,1.2623,2.1203,1.2781,2.0045,1.3012,1.9009,1.322,1.8168,1.3342,1.7283,1.3472,1.6553,1.336,1.5793,1.2972,1.5156,1.2184,1.4655,1.1483,2.1203,1.1365,2.0523,1.1828,1.9941,1.1807,1.9542,1.2411,1.8883,1.2109,1.8646,1.267,1.7956,1.2325,1.7826,1.2896,1.7244,1.2389,1.6953,1.2616,1.6381,1.2195,2.3306,1.0038,2.3296,0.9547,2.1138,1.0743,1.9822,1.1152,1.87,1.1332,1.7823,1.1426,1.7082,1.1455,1.6262,1.1469,0.489291161,0.192191909,0.117073011,0.078371551,0.06589909,0.056203203,0.091740722,0.146156526,0.11808154,0.105667403,0.084980292,0.089449707,1.183175422,0.26693694,2.00E-06,0.110025815,0.095183244,0.071487062,0.22482104,0.2177192,0.215058876,0.215207458,0.213560343,0.241634517,1.090278501
PBX013V14,PBX,1.765447045,-0.059780232,0.012927619,-0.006923934,-0.008694572,0.001852014,0.005768861,0.010899021,-0.005604891,0.00666318,0.003820398,0.008066412,0.011792844,0.001165257,-0.000161502,-0.002705148,-0.0032733,-0.000907519,0.001988085,0.000391457,0.001077831,-0.001095089,0.002807749,0.003295979,-0.002299611,-0.003243211,0.004124855,0.003418509,-0.003192059,-0.005012831,0.000867178,0.001187016,-0.000357206,-0.001013839,-0.002018347,0.002877108,0.002693512,0.001954377,0.002368606,-0.00200642,0.001095317,0.000309403,0.003205752,0.000412298,-0.001308654,0.000692261,-0.000568059,0.002104445,-0.000112233,-8.24E-05,8.37E-05,0.000649736,-8.47E-05,-0.000439656,0.001383102,-0.000894659,-0.001046329,0.000862754,-0.000502159,0.000305294,0.000213847,2.6122,0.9779,2.6953,1.1537,2.5831,1.2875,2.2627,1.2573,2.1192,1.2702,2.0059,1.2983,1.9186,1.3145,1.8355,1.3231,1.7416,1.3339,1.6748,1.3263,1.6046,1.2837,1.5464,1.2195,1.4951,1.1483,2.117,1.144,2.0437,1.1969,2.0005,1.1828,1.9477,1.2282,1.8991,1.2163,1.8635,1.2584,1.8074,1.2346,1.7891,1.2681,1.7373,1.2389,1.7071,1.2638,1.6629,1.2066,2.2817,1.0466,2.281,0.9862,2.1165,1.0707,1.9948,1.107,1.8941,1.1293,1.7992,1.1408,1.7309,1.1451,1.6553,1.1437,0.458394557,0.18456809,0.105228988,0.091111196,0.078633453,0.071958043,0.078129764,0.144078659,0.1167326,0.088790371,0.083543821,0.094519046,1.130021491,0.252934952,9.80E-07,0.106790496,0.093508181,0.070231759,0.208862945,0.206458616,0.210779624,0.202633265,0.205206238,0.237052737,1.038182999
PBX013V15,PBX,1.746645708,-0.03615043,-0.01173392,0.018678576,0.021332847,0.002081324,0.00577283,-0.003266824,-0.00517578,0.005222284,-0.00067457,0.00230967,0.001194735,-0.007921,0.000224276,-0.003754697,0.002516878,0.00073365,0.002386815,0.000115301,-0.001657412,-0.002446945,0.003180467,-0.001171122,0.001690688,-0.003234862,1.75E-05,0.003565105,0.003346981,-0.002954383,-0.005782049,-0.003340874,0.000678272,-0.003282828,0.001517579,0.000195184,-0.001279784,-0.000389987,0.001037038,-0.00011617,0.00238001,0.000235389,-0.00215352,0.000190171,-0.000367389,0.000131,-0.001385311,0.000372669,-0.001990866,-0.001720371,0.000373268,-0.000555749,0.000445497,3.40E-05,0.000512187,-0.000933447,-0.000216287,0.000731526,0.000408021,-0.000346364,-0.000261418,2.6084,0.9331,2.6758,1.1321,2.5248,1.2896,2.2375,1.2634,2.1081,1.272,2.0092,1.2922,1.92,1.3065,1.8394,1.3123,1.746,1.3195,1.6748,1.3148,1.6028,1.2695,1.5424,1.1976,1.5029,1.1321,2.1284,1.1262,2.0577,1.1753,2.0049,1.1715,1.9622,1.2217,1.8981,1.2023,1.884,1.2557,1.8225,1.2157,1.7994,1.2691,1.746,1.2292,1.7125,1.2557,1.6625,1.194,2.308,1.0102,2.3047,0.9606,2.1265,1.0591,2.003,1.0992,1.8919,1.1246,1.8193,1.1329,1.7384,1.1361,1.6553,1.1343,0.470807445,0.175290188,0.109046091,0.084730455,0.062262669,0.058874782,0.072060322,0.129685466,0.100941815,0.090338973,0.080808415,0.093677105,1.123268111,0.250856333,2.18E-05,0.111152508,0.076778382,0.077682044,0.206217191,0.203094658,0.200692426,0.204570404,0.202251947,0.232506968,1.06708435
PBX013V17,PBX,1.79232632,-0.049460716,0.015306313,-0.007018645,0.002981925,0.023730914,0.020159119,-0.001837604,-0.00463703,0.005992071,0.004676313,0.007175869,-0.007938984,0.004229571,0.000531458,0.005890026,0.009392975,0.001208088,0.002611448,0.004899377,0.006180274,-5.74E-05,0.00721792,-0.005048283,-0.002608569,-0.003082266,0.000560915,-0.005040599,-0.000217624,-0.00017478,-0.000463643,0.001555144,0.00016568,-0.000692234,-0.001214131,0.000489393,-9.00E-05,-8.59E-05,0.000631986,0.000974738,0.002022807,-0.002912838,0.001382643,0.002100003,-0.002455088,0.000535723,0.0003493,-0.002643669,0.001957042,0.000253554,-0.001899302,-0.00153154,0.002184389,0.001001941,0.000832036,0.000592789,0.001196784,-0.00070025,-0.000449716,-0.000533712,0.000244596,2.61,0.9908,2.6942,1.1235,2.5734,1.3112,2.2886,1.2832,2.1016,1.2882,2.0067,1.3026,1.9017,1.3299,1.8254,1.3285,1.7492,1.34,1.673,1.3342,1.5895,1.2896,1.5205,1.2152,1.459,1.1451,2.1246,1.1419,2.0545,1.1969,2.0005,1.1915,1.9542,1.2357,1.8991,1.2163,1.8765,1.2648,1.8128,1.2379,1.7977,1.2864,1.7362,1.2433,1.7093,1.2724,1.6564,1.2131,2.2913,1.0442,2.2896,0.9935,2.1181,1.0793,1.9978,1.116,1.8975,1.1359,1.7977,1.1472,1.7265,1.153,1.6539,1.1537,0.473582812,0.216475611,0.102733149,0.085040343,0.069807235,0.050395436,0.078496943,0.187066833,0.095986301,0.108490967,0.076312843,0.077062896,1.161296469,0.285578028,5.78E-06,0.104388697,0.088962071,0.076790104,0.209260077,0.201448405,0.210226759,0.199282538,0.201065363,0.265792137,1.028688412
PBX013V18,PBX,1.787721549,-0.013683939,-0.000976739,0.002990743,-0.004315156,-0.005449902,-0.009163362,0.000392461,-0.00406579,-8.40E-05,-0.00319191,0.010771426,-0.005366925,-0.0043391,-0.000276038,0.002155076,0.007346666,0.000250861,0.001797433,-0.001638715,0.00200338,0.01394251,0.001840544,-0.00464141,-0.009409324,0.00158539,-0.007020084,0.008697916,0.000716364,0.001897933,-0.001827197,-0.000241713,-0.00193099,-0.001826655,0.000718513,0.001427004,-0.001244834,-0.001543716,0.001708295,0.001391677,-0.001279721,-0.000867155,-0.001042322,0.00170085,-0.000615365,-0.001108395,-0.000577561,0.001241986,0.002018589,-0.000385977,0.001573998,0.000996095,-0.000148577,0.003344361,-0.001550271,-1.29E-05,0.000872863,-2.04E-05,-0.000373548,0.000664243,0.00042897,2.6212,0.9628,2.6816,1.1857,2.5392,1.2893,2.2648,1.2659,2.1106,1.2724,1.9962,1.2875,1.9045,1.3015,1.8272,1.3112,1.7553,1.3198,1.6748,1.3184,1.5885,1.2724,1.5237,1.2149,1.4676,1.1444,2.1221,1.1257,2.0602,1.1789,1.9984,1.1602,1.948,1.2177,1.8804,1.199,1.8732,1.2508,1.8042,1.2091,1.8013,1.2724,1.7438,1.2235,1.715,1.258,1.6503,1.2177,2.3177,1.0192,2.3206,0.9473,2.1188,1.0574,1.9937,1.0998,1.8722,1.1214,1.7952,1.1314,1.7312,1.1372,1.6507,1.1408,0.480686218,0.200048319,0.10621869,0.084824996,0.059583387,0.046650295,0.073778927,0.154336937,0.115392244,0.092762546,0.077906226,0.072412499,1.167806285,0.270569474,1.68E-05,0.124215297,0.076866443,0.062092834,0.207321393,0.198725942,0.202189268,0.20728051,0.208461915,0.254535361,1.086528274
PBX013V19,PBX,1.890777048,-0.019598535,-0.006614027,0.008303087,0.001061793,0.000857585,-0.004204599,-0.0021266,-0.003473699,-0.001180387,-0.003032394,0.001413455,0.001247533,-0.008600351,-0.000640957,0.005654102,0.000403399,0.003756838,-0.001544473,-0.001074559,-3.36E-05,-0.000168737,-0.001300859,0.002799942,-0.003955283,-0.004714247,-0.000931149,0.00111024,-0.002358262,0.001661271,-0.000387961,0.000376158,-0.000520859,0.001753589,-0.001446647,-0.000408966,-0.00414265,0.000445339,0.001054083,0.000744409,-0.003840856,0.000168133,0.000774952,0.000314755,0.000428375,0.001572065,0.001553716,0.000772644,-9.95E-06,0.000559378,-0.000574093,-0.000833542,-0.00019802,-0.000270288,-0.000487918,0.000890925,0.000822448,0.000250763,-0.00037885,-0.000205726,0.000799958,2.6624,0.9525,2.7193,1.1721,2.5755,1.3058,2.2663,1.2799,2.1339,1.2914,2.0113,1.3091,1.8997,1.3301,1.8242,1.3441,1.7389,1.3571,1.6629,1.3544,1.5707,1.3058,1.5016,1.2368,1.4455,1.1672,2.1338,1.1359,2.0599,1.1974,1.9924,1.1909,1.9579,1.24,1.8867,1.2184,1.8706,1.2767,1.7961,1.2411,1.7902,1.2956,1.7211,1.2503,1.6947,1.2799,1.6321,1.2282,2.3393,1.0113,2.3371,0.9569,2.1361,1.0681,1.9915,1.117,1.8887,1.1379,1.7974,1.1494,1.7211,1.158,1.632,1.1602,0.51011977,0.195684057,0.119632771,0.08732909,0.060814225,0.059230482,0.088957743,0.132898495,0.123871102,0.113558619,0.076787043,0.086284935,1.235694825,0.286891269,9.68E-06,0.109218771,0.093400482,0.07556216,0.224047361,0.212750605,0.207648212,0.210571128,0.225151327,0.248618744,1.088719845
PBX013V21a,PBX,1.717784145,-0.014560741,0.034918263,0.015979131,0.028044211,0.005137933,0.008464767,0.008750067,-0.006498754,0.002511665,-0.004560287,0.00488805,0.021686786,-0.001013274,-0.001538192,0.004233099,-0.00192813,-0.002594959,0.003747259,0.004036032,0.000410579,0.002575455,0.003761273,-0.001862581,-0.005469877,-0.005734261,-0.000937466,0.003595893,0.001814492,0.001741457,-0.000964397,-0.000390259,-0.003078961,0.000630638,-0.001288282,-0.001340754,-0.001203524,-0.0018394,-0.001520621,0.001078458,-0.000279337,-0.000303408,-0.000299262,0.002246231,-4.50E-05,-0.001252594,-0.000966199,-0.000679757,0.001591735,0.002483682,0.000106142,-0.000556797,5.35E-06,-0.00080242,-0.000428582,-0.000471035,0.000376591,-0.000130612,0.000462662,0.000123275,-0.000119996,2.5847,0.9417,2.6499,1.1656,2.5097,1.2961,2.2648,1.2735,2.1375,1.2832,2.021,1.2983,1.9304,1.3252,1.8474,1.3317,1.76,1.3414,1.6855,1.3414,1.5974,1.3004,1.5327,1.2242,1.486,1.1573,2.125,1.1224,2.0645,1.1706,2.0056,1.1713,1.9631,1.2181,1.902,1.2051,1.8812,1.2526,1.815,1.2231,1.8035,1.2727,1.7445,1.2397,1.7157,1.2605,1.6546,1.2267,2.2589,1.0291,2.2573,0.9887,2.1246,1.0631,2.0081,1.1041,1.9013,1.13,1.815,1.1462,1.7416,1.1526,1.6532,1.157,0.481824294,0.205852496,0.134192995,0.098916379,0.087700627,0.073540533,0.092235026,0.127669025,0.117474508,0.0945091,0.083254129,0.087936625,1.119653987,0.271464657,5.12E-06,0.108974309,0.088842557,0.072427964,0.213095284,0.208015504,0.212974552,0.206525979,0.220955131,0.252832356,1.009158164
PBX013V22,PBX,1.763460423,-0.041785585,0.013424417,-0.015526851,-0.009842936,0.010630662,-0.001743924,-0.007101711,-0.005168411,-0.006043737,0.002629506,0.007253072,-0.001832517,-0.011313509,-0.002454004,0.000688739,-0.002020495,-0.003888974,0.002012657,0.000550333,-0.000679367,0.0045075,0.004137417,0.007528712,0.000171489,-8.25E-06,-0.00403439,-0.000845724,-0.000706746,0.005669794,-0.000921838,-0.00181142,-0.001655922,-2.03E-06,0.004307603,-0.002607353,-0.001903007,-0.003459463,0.000164535,0.001349984,-0.002291077,0.002323562,-0.002108879,0.000119685,-0.000474936,0.000474183,-0.001549428,0.000186457,-0.000657293,0.002061684,-0.001018308,-0.000922345,-0.000503397,0.000127104,-0.000893244,-0.000111949,0.00094314,-2.23E-05,0.000278253,0.001509495,-0.000139395,2.6117,0.9957,2.6891,1.1516,2.5978,1.2918,2.2828,1.2691,2.139,1.2778,2.0182,1.2979,1.9319,1.3094,1.8614,1.3195,1.7794,1.3339,1.6988,1.331,1.6115,1.2896,1.5511,1.2242,1.4942,1.1573,2.1268,1.1429,2.0685,1.1915,2.0049,1.1828,1.9811,1.2357,1.9088,1.212,1.8959,1.2627,1.8258,1.2238,1.8085,1.2713,1.7503,1.2389,1.7287,1.2702,1.664,1.2238,2.3198,1.0372,2.3182,0.9757,2.125,1.0757,2.0038,1.1134,1.9049,1.1311,1.8279,1.1462,1.7513,1.1516,1.6634,1.1543,0.469817677,0.200655027,0.111435811,0.072424098,0.058965159,0.071565704,0.081413635,0.144062938,0.12246081,0.087062851,0.071219801,0.08325479,1.129123913,0.268389363,5.12E-06,0.10043829,0.083834599,0.076995195,0.213804022,0.200779531,0.193520645,0.201641092,0.212853001,0.249608493,1.073972146
PBX013V23,PBX,1.744314317,-0.017469715,0.012543613,-0.000554693,0.012789643,0.011317441,-0.012136179,-0.002101779,-0.004563506,0.001267731,0.001474874,0.007641025,0.000317868,-0.002698953,-0.000703492,-0.001903205,0.005382316,-0.002151138,-0.00278234,0.001445022,0.000430281,0.000717156,-0.002407674,-0.007330522,-0.002037016,0.00727274,-0.002261925,0.000305095,-0.004443662,0.002142163,-0.006365548,0.003884723,0.001010341,0.002140279,-0.001493149,0.002622927,0.001397982,-0.000639747,0.000284121,0.000946885,0.001007583,-5.95E-05,-0.000656891,0.000308763,0.001345627,0.000234454,-0.00013778,-0.000411478,1.24E-05,-0.003623244,0.000533941,0.001446468,-0.000611109,-0.000245551,-0.0005511,0.001539444,-0.001874406,0.001039772,-0.000706118,2.08E-05,0.000126365,2.5998,0.972,2.6604,1.1616,2.5295,1.3012,2.2551,1.2659,2.117,1.2803,1.9977,1.3004,1.9186,1.3177,1.842,1.3278,1.7686,1.3364,1.6895,1.3421,1.6018,1.3044,1.5262,1.2368,1.4752,1.1681,2.1217,1.1354,2.062,1.1915,2.0052,1.1828,1.9599,1.226,1.9038,1.2138,1.883,1.2598,1.824,1.2339,1.8161,1.2914,1.7452,1.2469,1.7226,1.2724,1.6489,1.226,2.2914,1.0293,2.2886,0.9703,2.116,1.0674,1.9898,1.1127,1.884,1.1375,1.8085,1.1451,1.7222,1.157,1.6327,1.1624,0.481402327,0.186616746,0.104453052,0.083451782,0.06796889,0.044674042,0.078816242,0.138848731,0.120981404,0.080969747,0.077262992,0.073902097,1.141569258,0.276044362,1.57E-05,0.106032825,0.082292466,0.079865136,0.220782268,0.208625694,0.204726085,0.198655732,0.210403422,0.242386179,1.041371005
PX013xNP060-V2,Pinetum,1.75425007,-0.055835607,-0.011642892,-0.021736001,0.005820259,-0.014423889,0.00314036,-0.003794435,-0.006665451,-0.000826867,0.004281238,-0.003164774,-0.005847448,0.004252441,0.003902694,0.003010005,0.002492485,-0.003679967,0.002920376,-0.001922538,0.004069844,0.000513923,-0.000983598,-0.000686939,0.001812645,-0.000709415,-0.000767122,0.004303945,0.005222997,-0.00073478,0.003603305,-0.001304298,0.000262859,-0.00102739,0.004335238,0.000919653,0.003600622,-0.001565826,0.001415357,-0.001482672,-0.000922651,-0.000592944,-0.000360236,-0.001842134,0.000518123,-0.001588121,0.000889939,-0.001049611,-0.001054902,0.000828745,-0.000342008,-0.001731188,-0.001903531,-0.000838073,-0.000144016,-0.00046936,-0.001449389,0.001461422,0.000972782,-0.000349232,0.000906784,2.6073,0.9741,2.6931,1.1667,2.5841,1.267,2.2612,1.2422,2.1066,1.2573,2.0045,1.2789,1.9139,1.286,1.8319,1.299,1.7384,1.2961,1.6708,1.2832,1.6,1.2422,1.5503,1.1811,1.5072,1.1149,2.1268,1.1318,2.0649,1.1814,2.0138,1.1742,1.9729,1.231,1.9168,1.1965,1.8901,1.2533,1.8326,1.2152,1.8089,1.2648,1.7585,1.2188,1.7219,1.2404,1.6715,1.1814,2.3236,1.0351,2.3225,0.9687,2.1251,1.0653,2.0059,1.0928,1.904,1.1111,1.8258,1.1181,1.753,1.1235,1.6683,1.1197,0.457993723,0.173929641,0.086600808,0.057384406,0.040444159,0.041214561,0.058092512,0.155335669,0.10435981,0.090877775,0.083024093,0.093544962,1.10907378,0.234712271,2.42E-06,0.099530347,0.086251551,0.074187398,0.189818255,0.192420009,0.189610179,0.195594197,0.192874934,0.223196819,1.09684235
PX013xNP060-V4,Pinetum,1.658818815,-0.041684113,-0.000425285,-0.011919146,0.008208383,-0.016623543,-0.013716102,0.004247483,-0.004921072,-0.00103371,0.002699044,-0.006306827,-0.003754399,0.008202826,-0.00402293,-0.00703639,-0.000605864,0.004279585,-0.002274573,-0.004444473,0.000636501,-0.003559778,-0.002342154,-0.000638747,-0.001684457,0.001463825,-0.000379672,0.000833972,0.005625149,-0.002794974,-0.001812575,9.51E-05,5.57E-06,0.000155712,-0.000618095,-0.000812121,0.002030065,0.002875035,0.002709048,0.001451418,0.002698994,0.002317151,0.002230753,8.12E-05,-0.001770314,-0.001684082,-0.003584617,-0.001130803,0.001414482,-0.001298331,-0.001384186,0.001037206,-0.001187756,-0.000757735,0.000415719,-0.000172665,-0.00099372,-0.001034042,-0.000616515,0.000391455,0.000535659,2.5924,1.0113,2.6442,1.2199,2.5349,1.2932,2.2343,1.2616,2.1106,1.2774,2.0005,1.2994,1.9186,1.3145,1.8484,1.3155,1.7589,1.3198,1.6904,1.3053,1.6262,1.2641,1.5707,1.2017,1.5241,1.1314,2.1203,1.1483,2.057,1.203,2.0081,1.19,1.9649,1.2375,1.916,1.2246,1.8988,1.2706,1.8412,1.2389,1.8197,1.2821,1.7679,1.2418,1.7406,1.2663,1.6816,1.1958,2.2934,1.0583,2.2945,0.9978,2.1117,1.0879,1.9973,1.1203,1.9024,1.1354,1.8301,1.1397,1.7589,1.1429,1.6726,1.1408,0.441264025,0.160726134,0.091696892,0.071407072,0.048158592,0.044036916,0.056543258,0.124704972,0.112276489,0.08328037,0.070207122,0.089603237,1.075029721,0.240617747,2.42E-06,0.098384806,0.076154645,0.073357345,0.198717614,0.194424818,0.195926747,0.191101047,0.193693831,0.212608678,1.043964966
PX013xNP060v4-2,Pinetum,1.691684091,-0.046550995,-0.062837959,0.008512239,-0.02165179,-0.01561782,0.012147701,0.015301372,-0.008219954,-0.00515549,0.011654986,0.016357802,0.007376481,-0.00691456,0.005648148,0.004228429,0.000207808,-0.005393325,0.008858921,-0.000589552,-0.006622676,0.002824782,-0.002651475,0.009586942,0.010363105,0.008934732,-0.003329034,-0.003791289,0.004517195,-0.004125417,-0.000582368,0.001498563,-0.002383564,-0.001039846,-0.000740284,-0.001438966,0.000651038,-0.002247002,-0.000980504,-0.00262331,-0.003722507,0.002327583,0.001940017,0.000272764,0.000796317,0.001311829,0.002270352,0.001641731,0.001897384,0.000401399,0.00073818,-0.001247371,0.000970782,0.000173069,0.000191679,2.89E-05,0.000265608,-4.66E-05,-0.00063893,-0.000375096,-0.00027573,1.5239,0.6134,1.5853,0.788,1.4456,0.9118,1.1409,0.894,1.0139,0.9187,0.9091,0.9385,0.8139,0.948,0.7358,0.9599,0.6501,0.9663,0.5956,0.9575,0.5508,0.9179,0.5123,0.8833,0.4802,0.8421,1.0242,0.7901,0.9766,0.8329,0.9202,0.8298,0.8845,0.8853,0.8202,0.8631,0.8028,0.9171,0.7353,0.8813,0.7062,0.902,0.656,0.8856,0.6353,0.9157,0.6184,0.8583,1.2464,0.6734,1.2448,0.606,1.0221,0.7282,0.9173,0.7631,0.8184,0.7869,0.7279,0.7999,0.6517,0.807,0.6157,0.8081,0.411491045,0.15625012,0.093557095,0.058612285,0.032833215,0.065027456,0.052720015,0.129379635,0.10665402,0.095672828,0.079001392,0.085938641,1.068463092,0.163200245,5.12E-06,0.105398719,0.086828855,0.079416497,0.161896881,0.174502779,0.171258898,0.176660833,0.183147263,0.203968331,0.452109102
PX013xNP086-1,Pinetum,1.755255875,-0.040589819,-0.028976419,-0.024164453,-0.005988811,-0.016781211,-0.010097162,-0.005555354,-0.007251233,-0.005096931,0.010983803,-0.001894728,-0.001255481,0.004144179,0.003314514,0.001094466,-0.002165612,0.005251451,0.005576936,-0.000401279,0.000917552,0.000826194,-0.005400855,0.003796033,0.004556998,-0.003720976,-0.000369311,0.003547227,-0.00131768,-0.002696387,0.000349923,0.001771391,-0.002165626,0.001073284,0.000719539,0.002056457,-0.000734148,-0.001686359,0.000233803,0.001346419,0.000970955,-0.001352533,-0.003597831,0.002930321,0.001197018,-0.002919161,0.001522407,-0.002501335,-0.001662638,-0.000566729,-0.000380628,0.000499382,0.000237231,-0.00045622,0.000779121,-0.001789901,0.000571895,-0.000220527,-0.001148213,-0.000477163,-0.000263463,2.6235,0.9903,2.6848,1.1803,2.5762,1.2544,2.2476,1.2303,2.1138,1.2454,1.9995,1.2648,1.9035,1.2821,1.8247,1.2875,1.7373,1.2886,1.6737,1.2756,1.6073,1.2384,1.562,1.1877,1.5187,1.1077,2.1336,1.1278,2.0674,1.1796,2.012,1.1695,1.9682,1.2149,1.9135,1.1825,1.8919,1.24,1.8308,1.1983,1.8071,1.2544,1.7578,1.212,1.7244,1.2443,1.6661,1.1699,2.3447,1.02,2.3457,0.9531,2.1289,1.0561,2.0054,1.0874,1.9105,1.1063,1.8247,1.1181,1.7524,1.1181,1.6618,1.117,0.469391798,0.153304436,0.080514595,0.058904159,0.043668868,0.037488265,0.046140004,0.134649359,0.11593468,0.097546348,0.078984809,0.087406922,1.111020162,0.228506915,2.00E-06,0.099354164,0.084195784,0.074274424,0.187474825,0.18418374,0.181949004,0.181778024,0.191610438,0.210796893,1.132129577
PX013xNP097-1,Pinetum,1.685886374,-0.040083291,-0.039073661,-0.00314049,-0.009388305,0.00484823,0.017400149,0.00341005,0.021335592,0.000429625,0.000472292,-0.000414072,-0.001597488,0.00551605,0.001498885,-0.003442959,-0.001766315,-0.001173871,0.00063689,-0.00091432,0.002759722,-0.004045228,0.000483177,0.001303909,0.001802672,-0.001985579,0.000524255,-0.00058813,0.000323209,-0.003578278,-0.000774031,-0.00225984,0.001436871,0.004507981,0.004677415,0.001936431,-0.00296922,-0.00049711,-0.0011066,-0.001397471,-0.000517232,-4.76E-05,0.000965414,-0.000791204,0.001059983,-0.001209059,0.000851457,0.001755046,5.40E-05,-0.000847928,0.001359709,8.30E-05,0.000415957,-6.03E-05,-0.000334384,0.000131829,-0.001202163,-0.000292391,0.000530321,0.000970361,0.000160054,1.5119,0.6619,1.5681,0.8142,1.457,0.9554,1.1274,0.9218,1.0083,0.9345,0.9075,0.9544,0.8155,0.9687,0.7435,0.9813,0.6599,0.9845,0.5996,0.9771,0.5377,0.9353,0.4806,0.8821,0.429,0.8075,1.0409,0.8052,0.975,0.8536,0.9218,0.8496,0.8849,0.8976,0.8276,0.8774,0.7948,0.916,0.7425,0.894,0.7181,0.9261,0.671,0.9049,0.643,0.9287,0.6298,0.8583,1.2345,0.6999,1.2361,0.6406,1.0419,0.7358,0.9213,0.7763,0.8224,0.7948,0.7403,0.8054,0.6668,0.8102,0.6266,0.8107,0.414515163,0.145181989,0.087485427,0.061131007,0.056619608,0.060763476,0.058303087,0.119775206,0.10274556,0.093104726,0.073094186,0.083661222,1.092644393,0.240558766,5.12E-06,0.098216496,0.086703921,0.072326067,0.17696138,0.187504933,0.179783008,0.180870589,0.180544288,0.204710161,0.421771893
PX013xPX012-1,Pinetum,1.690361806,-0.045198123,-0.03426984,-0.017644115,-0.015349719,-0.021596922,0.007641258,0.003212384,0.005024591,-0.003049745,-0.005665935,-0.009137501,-0.007771181,0.004915509,-0.002915531,-0.003499492,0.004766776,0.002423741,-0.001403715,0.0012615,-0.002446028,0.000925054,-5.37E-05,-0.000370581,-0.000691955,-0.001674762,-0.008046048,0.002110828,0.002641913,0.007490978,0.001358886,0.003808097,4.86E-05,0.00884877,-0.001473641,-0.001933985,0.002485271,-0.000524197,-0.003841982,0.00025752,0.000163823,0.002171307,0.000552663,0.001419243,0.00117631,0.000718386,1.41E-05,0.000409448,-0.001999721,-0.000292537,0.001135472,-0.000269527,-0.0003958,0.000298655,0.000936845,0.000726741,0.000592093,-0.000193807,-0.001163431,-0.00057903,0.00020036,1.4893,0.721,1.5456,0.9099,1.4385,0.9877,1.1147,0.952,0.9866,0.9636,0.8755,0.988,0.7901,0.9988,0.7115,1.0052,0.6306,1.0004,0.5639,0.9893,0.5038,0.9456,0.4478,0.8885,0.4118,0.8224,1.0083,0.8433,0.9573,0.9097,0.8874,0.8938,0.8589,0.9403,0.7917,0.9147,0.7742,0.9615,0.7099,0.9258,0.6948,0.9647,0.6377,0.9298,0.6187,0.9615,0.5972,0.9028,1.2155,0.7433,1.2131,0.6877,1.0081,0.7898,0.8813,0.821,0.7911,0.8321,0.7065,0.8364,0.6398,0.8374,0.594,0.8353,0.41538351,0.152107363,0.061349002,0.05050594,0.040547503,0.04380799,0.040679479,0.128624142,0.113747835,0.086080195,0.078860129,0.081042273,1.082260694,0.225809699,1.15E-05,0.097955602,0.082549682,0.072310718,0.169108161,0.182476656,0.182654647,0.17727992,0.177264915,0.194093792,0.375240136
PX014xNP012-5,Pinetum,1.703489613,-0.042943834,-0.034429609,0.008678603,-0.006340945,0.01603175,0.016206963,0.003574446,0.001995369,0.015593563,0.005728698,0.001739749,0.002096223,0.006696911,0.000325526,0.002522957,-0.006748095,-0.001190291,-0.003857761,-0.004202265,-0.002284903,-0.000827771,-0.000619348,-0.000336417,-0.003273549,0.004116513,0.000760969,-0.000331232,0.002011593,0.003620683,0.002207974,-0.000813243,-0.002685894,-0.00332349,-0.00030578,-0.000794671,-0.000307246,-0.000892061,-5.32E-05,-0.002836891,-0.001837918,0.000334683,0.00255176,0.002619957,0.000906577,0.001714148,0.000628784,0.001112526,-0.000157473,0.00011776,0.000896161,0.000843937,-0.001011167,0.000376344,-0.000795856,0.000346465,0.000271642,0.000645997,0.00054228,-0.000146487,-6.08E-05,1.5429,0.6738,1.5853,0.8152,1.4475,0.9753,1.1472,0.9433,1.0274,0.9536,0.9147,0.9694,0.8179,0.9782,0.7433,0.9837,0.6615,0.994,0.6187,0.9917,0.5456,0.9369,0.4885,0.8806,0.4393,0.8099,1.0528,0.8171,0.9794,0.8687,0.9313,0.8631,0.8849,0.9107,0.8306,0.8901,0.8044,0.9393,0.7411,0.903,0.7246,0.9345,0.6681,0.9062,0.6409,0.9258,0.6179,0.879,1.238,0.7335,1.2369,0.652,1.0548,0.7456,0.9298,0.7837,0.8282,0.8008,0.7393,0.8083,0.6663,0.8115,0.6202,0.8115,0.439283075,0.157600127,0.097529534,0.065831072,0.041175964,0.052633924,0.071243245,0.120241964,0.113802153,0.097199177,0.074802473,0.082445922,1.111960507,0.255412607,2.42E-06,0.104256846,0.090424886,0.073070103,0.187114778,0.188631493,0.187200347,0.189494617,0.195938179,0.218227061,0.415881534
PX014xNP060-V4,Pinetum,1.748672236,-0.049158817,-0.004557211,-0.000233971,0.007023843,0.003186743,0.003865575,0.00340659,-0.002374536,0.007044102,0.001986937,0.00151106,0.00658548,0.003980421,-0.005025763,0.00016324,0.003263604,0.002596475,0.003982514,4.84E-05,0.004431374,-0.001833516,-0.005730144,-0.004036225,0.003475369,0.006031583,-0.002460138,0.003251465,0.001749012,-0.00367299,0.001612301,-0.004138495,-0.000861348,0.003381859,0.002307362,-0.001769729,0.002267871,0.002109275,-0.000660367,0.000851322,-7.15E-05,-0.000826217,-0.001194896,0.000110579,0.001804706,-0.001570412,0.000337346,-0.000434137,-0.002359258,0.000713425,-0.001243371,0.001046023,-8.59E-05,0.000885104,-0.000548339,0.001294312,0.001438124,0.000878256,-0.000512808,-0.00039339,0.000138111,2.6311,0.9806,2.6927,1.1602,2.5719,1.2968,2.2587,1.2724,2.1242,1.2817,2.0077,1.3019,1.9222,1.3155,1.8502,1.3234,1.7496,1.3256,1.6866,1.3166,1.6165,1.2837,1.5593,1.2174,1.5151,1.1435,2.144,1.1386,2.0766,1.1904,2.0221,1.1888,1.9795,1.2411,1.9159,1.212,1.8943,1.2675,1.8339,1.2314,1.8164,1.2839,1.7618,1.2415,1.7301,1.258,1.6791,1.1997,2.3109,1.0448,2.3069,0.9887,2.1397,1.0739,2.007,1.1181,1.9035,1.1332,1.8193,1.1408,1.7481,1.144,1.6769,1.1429,0.468897878,0.176234304,0.102963343,0.067021489,0.055519456,0.051987402,0.070356307,0.134821141,0.118238276,0.086574881,0.072432106,0.100624053,1.12782641,0.243671623,3.20E-05,0.108704554,0.084263634,0.072803983,0.19663311,0.206418919,0.202752312,0.19828598,0.201248106,0.231437357,1.05604338
PX014xNP060v2-2,Pinetum,1.746345667,-0.050183978,-0.032544834,0.009987242,0.001678479,0.005691791,0.026080292,0.007087401,0.016458294,-0.001633326,-0.009496253,0.002953141,-0.013164247,-0.004901954,-0.002104172,0.000358939,0.003105532,-0.00199935,-0.003813095,-0.001289219,-0.001288555,-0.005204607,-0.004335702,-0.001955814,-0.001995015,0.000960732,-0.002893302,-0.004927128,0.005018324,0.001140191,0.003984308,0.000471466,-0.002172006,-0.000659203,0.000465772,0.000154784,-0.000658732,-3.65E-07,-0.001177084,-0.003293106,0.000195013,-0.001638121,0.000450566,0.000105766,-0.001639013,0.000425998,-2.30E-05,0.000855556,-0.000185609,0.000600533,-0.000231785,-0.000771914,0.000774629,-0.00082743,-0.000859735,-0.000292798,-1.78E-06,-0.000507249,-0.000123746,-0.000786397,6.86E-05,1.5619,0.6071,1.6192,0.7779,1.488,0.9567,1.1583,0.9052,1.0369,0.9107,0.9266,0.9266,0.8351,0.9348,0.7567,0.9401,0.6731,0.9443,0.606,0.9306,0.5385,0.8837,0.4761,0.8184,0.4313,0.7639,1.0607,0.7694,0.9919,0.8181,0.9385,0.8208,0.8993,0.8652,0.8433,0.8429,0.8218,0.8948,0.7544,0.856,0.7365,0.8905,0.6827,0.8597,0.6541,0.8803,0.644,0.8237,1.2631,0.6615,1.2623,0.6123,1.0567,0.7075,0.9361,0.7417,0.8417,0.7583,0.7501,0.766,0.6792,0.7697,0.6427,0.7687,0.420223012,0.167234566,0.102955136,0.06719561,0.042153173,0.053555579,0.066760767,0.121524524,0.111440118,0.091866697,0.078578941,0.083705436,1.141421307,0.241472524,1.28E-06,0.09773152,0.089860002,0.071795404,0.178212009,0.187196181,0.188993227,0.188501724,0.196778149,0.222278766,0.460437531
PX014xNP060v4-2,Pinetum,1.703612135,-0.045662816,-0.043782182,0.008755702,0.004665135,0.006628079,0.030320078,0.004256467,0.003588397,0.008213082,-0.012873157,0.002579696,-0.010562511,-0.004235292,0.002166215,-0.008623927,0.001327312,0.000676166,-0.003095385,0.005742766,0.001782776,-0.000965392,0.000465618,-0.000757178,-0.000257433,-0.001627992,-0.001390059,-0.000667479,0.002981307,0.001220394,-0.002880553,-0.002056595,-0.00024318,0.000360027,0.001922582,0.001170881,0.001823428,-0.001660432,0.000605774,-0.002374455,0.000238259,5.28E-05,-0.001598753,-0.000214762,-0.001668445,-0.001229134,0.000282742,0.001139314,-0.00083435,-0.00028593,-0.000264752,0.002104819,-0.001411472,-0.000181926,0.000741535,0.000267929,0.000441768,-0.000251634,0.000591506,-0.000227267,-0.000199727,1.496,0.6675,1.5623,0.821,1.4226,1.0052,1.125,0.9813,1.0012,0.9964,0.898,1.0218,0.8131,1.0321,0.7385,1.0448,0.652,1.0583,0.575,1.0448,0.5131,1.0028,0.4599,0.9544,0.4083,0.8845,1.0253,0.8668,0.9591,0.9234,0.9099,0.9187,0.8671,0.9694,0.8091,0.9504,0.788,0.9933,0.7266,0.9668,0.7028,1.0001,0.6504,0.9784,0.6253,1.0046,0.6131,0.9472,1.2147,0.7456,1.2091,0.6925,1.0194,0.802,0.902,0.8464,0.7972,0.871,0.7163,0.8821,0.6433,0.8872,0.6075,0.8869,0.419967856,0.151823384,0.084269864,0.06083231,0.046210929,0.057206468,0.059971493,0.124717481,0.106279819,0.085522512,0.075673311,0.08754713,1.109134929,0.231268199,6.27E-05,0.105667072,0.084114268,0.077077883,0.177082495,0.184121699,0.17852238,0.1813871,0.179835036,0.20808616,0.373304835
PX014xNP068-V1-2,Pinetum,1.736427989,-0.047324381,0.002481009,-0.001579041,0.009647319,-0.009735418,-0.007872514,-0.001836811,-0.002642464,0.001283586,0.000661671,0.001098965,-0.004804411,0.001409783,-0.00754849,-0.002901859,-0.002434528,0.002242648,-0.00659092,0.001921983,0.001080373,-0.003728929,0.005613392,0.008351518,0.004536612,0.001668548,-0.000984311,-0.002197022,0.000890887,-0.000823899,-0.002615224,-0.002680634,-0.001013919,-0.004852264,-0.000796699,-0.002473607,0.004836552,0.002705794,0.000363003,0.001173291,-0.001526792,-0.002288212,-0.001435188,-0.000340139,-0.002464801,9.13E-05,0.001716424,0.000608259,-0.000896298,0.000409024,-9.03E-05,-0.000162074,-0.000431101,0.000879164,-0.000253978,-0.000705234,0.000142241,0.00058771,0.000272249,0.000725635,-0.000213436,2.6332,0.9838,2.6877,1.1947,2.5798,1.3047,2.2677,1.2774,2.1268,1.281,2.0178,1.3015,1.9304,1.3134,1.8675,1.3234,1.7762,1.327,1.6999,1.3155,1.6248,1.2738,1.5665,1.2048,1.5223,1.1321,2.1429,1.1505,2.0696,1.2023,2.0221,1.1969,1.98,1.2454,1.9283,1.2184,1.9067,1.281,1.8506,1.2368,1.815,1.2702,1.7679,1.235,1.7413,1.2688,1.6791,1.2001,2.3198,1.0388,2.3184,0.9844,2.1386,1.0825,2.0146,1.1176,1.9191,1.1327,1.8412,1.1408,1.7585,1.1408,1.6766,1.1372,0.466444638,0.177984971,0.097290955,0.067646508,0.04014287,0.074742826,0.067861992,0.140945983,0.110911,0.088206406,0.063689952,0.091370947,1.120754969,0.255298492,3.92E-06,0.096232479,0.07984892,0.082719587,0.214345982,0.212658788,0.194286901,0.195538053,0.198213017,0.233779426,1.063099139
PX014xNP068v1-1,Pinetum,1.717861118,-0.049221448,-0.035526174,-0.003029841,-0.00779406,0.010715659,0.020575075,0.000877689,0.017251155,0.001402453,-0.003628045,-0.001312495,0.003596985,-0.003703178,-0.003411526,-0.002597441,-0.003775818,-0.006212949,-0.002025084,6.08E-05,0.000295951,-0.000715781,0.003671249,-0.003136044,0.00167374,-0.00014721,0.001045781,-0.005101907,0.000262163,0.003565494,0.00076636,0.00301387,-0.001741777,-0.001933098,-0.000742414,-0.000574657,-0.000331736,-3.09E-06,-0.001213923,0.001856315,0.001005572,-0.000505492,-0.000802226,0.001990635,-0.000305111,-0.001176339,5.97E-05,-0.000785287,0.001729329,-0.002365595,-0.001393634,0.000727024,-0.000211024,-0.00124507,-0.000137807,0.000766233,0.000401504,0.000288045,-0.000382414,0.000420626,-0.000436201,1.4921,0.6635,1.5451,0.8081,1.4403,0.9689,1.098,0.9282,0.9774,0.9385,0.8742,0.9536,0.7933,0.971,0.7071,0.9766,0.6274,0.9853,0.5599,0.9758,0.494,0.9287,0.4358,0.8663,0.3929,0.8004,1.0142,0.8067,0.9396,0.8575,0.8877,0.8528,0.848,0.8927,0.7943,0.8745,0.7739,0.9218,0.7012,0.8905,0.6758,0.923,0.6234,0.8988,0.5964,0.9171,0.5901,0.8694,1.206,0.7099,1.2044,0.6425,1.0127,0.7377,0.8857,0.779,0.7933,0.7946,0.6996,0.8044,0.621,0.8073,0.5861,0.806,0.428709809,0.147596375,0.089385905,0.066296682,0.052886671,0.062069719,0.074914885,0.121039043,0.104298849,0.082750045,0.086381711,0.080173437,1.107692308,0.242186209,5.12E-06,0.095887695,0.094464861,0.078241485,0.183995054,0.189936042,0.191141963,0.178397898,0.183981358,0.208725514,0.40248877
PX014xNP072-1,Pinetum,1.712335189,-0.059901117,0.005044441,0.007036821,0.000493261,0.002387932,0.000382343,0.031817438,0.008925656,0.004017884,-0.01082597,-0.001332235,-0.002600715,0.003162779,-0.003029439,-0.003493891,0.004350347,0.003179305,-0.006718895,0.010781963,-0.000605467,-0.001521746,0.000716093,0.00303313,0.005533815,-0.000959135,0.005015955,0.001421355,-0.001368153,-0.001873876,0.002865482,-0.001849179,0.006008281,0.001903736,0.002264522,0.001526969,0.001979289,-0.000463729,-0.001392328,0.000785825,0.00100796,0.000732719,3.68E-05,0.000426687,-0.001091668,4.94E-06,-0.002059541,-0.000645374,0.002186043,-0.000147874,-0.00116631,-0.000233814,5.20E-05,-0.000237211,4.69E-05,-0.000312686,-0.000626812,0.000645667,8.71E-06,-1.75E-05,-3.01E-05,2.6548,0.9676,2.715,1.1602,2.5798,1.2853,2.2573,1.2627,2.1289,1.2713,2.0307,1.2864,1.9506,1.3055,1.8758,1.3069,1.7909,1.3155,1.7104,1.3083,1.6395,1.2781,1.5777,1.2113,1.5273,1.1415,2.1386,1.1408,2.0707,1.1904,2.0264,1.1818,1.9941,1.2346,1.938,1.2131,1.9056,1.2476,1.8495,1.2282,1.829,1.2659,1.7772,1.2368,1.7492,1.2584,1.7222,1.1936,2.294,1.0243,2.2929,0.9854,2.1343,1.075,2.021,1.1095,1.9304,1.1268,1.8398,1.1365,1.7686,1.1408,1.7168,1.1386,0.419734202,0.170144938,0.099659671,0.063425547,0.073330826,0.06221929,0.070705728,0.128687684,0.099354164,0.082345735,0.0748131,0.08533446,1.140831916,0.247684981,2.42E-06,0.093777663,0.089778951,0.072809683,0.191792648,0.197689276,0.20208325,0.1885,0.194477891,0.224410985,1.051283867
PX014xNP072-2,Pinetum,1.689835624,-0.050630627,-0.002739399,0.012980219,0.026413491,0.003041267,0.002376532,-0.004541734,-0.000424281,0.00509646,0.000320177,-0.002852606,-0.006165197,0.003397578,0.003866177,0.000206532,-0.005728427,-0.001141565,0.002183708,0.00019604,-0.001124762,0.00024246,-0.001439269,-0.003176889,-0.000106887,0.00144442,0.004344894,-0.000872819,-0.000681808,-0.003994803,0.000941383,-0.000660979,0.002633983,-0.000975042,0.004082784,-0.000410144,-0.00063771,-0.00011174,-0.001516345,0.001540053,-0.000188523,-0.000533586,-0.001021676,-0.00112602,-0.001235795,0.000324281,-0.00172831,0.001743808,-0.000749262,-4.95E-05,-0.001885166,-0.000888052,0.000665181,-0.001164877,0.000170568,0.00031823,0.000939129,-0.000254015,-0.000451164,-0.000854002,0.000193562,2.5879,0.9504,2.6597,1.1451,2.5334,1.295,2.2325,1.2745,2.1084,1.2843,2.0052,1.3055,1.9218,1.3206,1.8477,1.327,1.7621,1.3321,1.6956,1.3224,1.6194,1.2864,1.5633,1.2166,1.5115,1.1419,2.121,1.1512,2.057,1.1922,2.011,1.1908,1.975,1.2425,1.9164,1.2168,1.893,1.2735,1.8333,1.2346,1.8233,1.2958,1.7578,1.2433,1.7298,1.2659,1.6758,1.2044,2.2914,1.0448,2.2871,0.9851,2.116,1.08,2.0092,1.117,1.9148,1.1365,1.829,1.1451,1.7508,1.1494,1.6701,1.148,0.448367349,0.166238203,0.105472129,0.06986444,0.055207336,0.03960808,0.073659555,0.124486345,0.105355019,0.084755944,0.07437587,0.085751793,1.093301976,0.257823699,3.70E-05,0.0981079,0.084984999,0.075999605,0.205807702,0.202315027,0.198524784,0.191658968,0.194499177,0.226721194,1.039375014
PX014xNP072-36,Pinetum,1.668192685,-0.044616792,-0.030011678,-0.003728605,-0.00362935,0.010672533,0.019524681,0.011048415,0.011042887,0.009729476,-0.003690637,-0.011215802,-0.007888206,0.005678225,-0.00094864,-0.0016613,0.000994946,-0.004857499,0.004374643,0.007210238,0.001229376,-0.001631029,0.000160593,-0.006552436,-0.000321866,0.005361081,0.003212273,-0.002974409,0.001012656,-0.000826141,4.79E-05,0.000133897,0.001650046,-0.001546799,7.92E-05,0.001812942,-0.000464698,0.00262849,0.000231139,0.000642977,0.000682088,0.000685331,-0.000240816,0.000120217,-0.000477234,1.54E-06,0.000691078,-0.000824527,-0.001017039,-0.000967447,-0.000139183,0.000579291,-0.000332807,-0.000838014,-0.000543384,9.68E-05,-0.000287716,-0.000643036,-0.000720261,0.000259699,-0.000132457,1.5175,0.6913,1.5647,0.8298,1.4329,0.9694,1.1313,0.9345,0.9996,0.9393,0.9004,0.956,0.8226,0.9639,0.7417,0.9702,0.6602,0.9769,0.5893,0.9663,0.5313,0.921,0.475,0.8615,0.4274,0.7893,1.0377,0.8115,0.9673,0.8647,0.9245,0.8541,0.879,0.9001,0.8258,0.8754,0.8025,0.9269,0.7369,0.8893,0.7246,0.9377,0.6611,0.8933,0.6377,0.9155,0.6321,0.8528,1.2197,0.721,1.2198,0.6639,1.0361,0.7472,0.923,0.7782,0.8238,0.7917,0.7361,0.7992,0.6589,0.8012,0.6274,0.8004,0.407697253,0.154563773,0.081292374,0.059856244,0.042107125,0.036724107,0.065392737,0.131787442,0.100595875,0.078200064,0.081144932,0.081774935,1.094496236,0.239876239,2.00E-08,0.100972174,0.089980109,0.075905468,0.179521837,0.188193624,0.186033169,0.181278929,0.178383772,0.210105521,0.395006848
PX014xNP072-3A,Pinetum,1.742350011,-0.057545966,-0.029068417,0.006404672,-0.005597573,-0.003059928,0.015810864,0.005437047,0.004899995,-0.000178383,-0.004883114,0.002148685,0.002800381,-0.002127967,0.001607139,-0.003166673,-0.003105268,0.000464874,0.000765575,-0.002648625,0.004780996,-0.002303567,-0.001141425,0.001286211,-0.000812848,0.001169012,-0.002301546,0.003191259,-0.000357483,0.000801239,0.000222739,-0.004466701,-0.005080245,0.000230762,0.002999998,0.001450135,0.006589834,0.001837317,-0.000780036,0.001784715,-0.00063855,-0.000377595,-0.002389195,-0.000431711,-0.000562367,0.001623813,-0.000883593,-3.30E-05,0.00168675,-0.001585135,-0.000895931,-0.000338116,-0.000396207,0.000104741,0.000476179,0.000483191,-9.77E-06,-0.001346648,-0.00043107,-0.000594644,-0.000137653,2.6246,0.9504,2.6949,1.1314,2.5784,1.281,2.2411,1.2551,2.1224,1.2713,2.0113,1.2907,1.9175,1.3112,1.8495,1.322,1.7492,1.3263,1.6877,1.3166,1.6208,1.2789,1.5712,1.2206,1.5259,1.1483,2.1375,1.1375,2.0642,1.1936,2.0178,1.185,1.979,1.2346,1.9164,1.2141,1.8937,1.2648,1.8344,1.2325,1.802,1.2724,1.76,1.2368,1.7255,1.2616,1.7104,1.2152,2.3279,1.0291,2.3263,0.9736,2.1278,1.0739,2.0092,1.1138,1.9045,1.1343,1.8193,1.1419,1.7503,1.1451,1.7017,1.1451,0.434110239,0.156724982,0.097080019,0.064734071,0.052147867,0.068676124,0.068904136,0.119800376,0.112781071,0.096014009,0.068852306,0.100392131,1.116380804,0.233461196,5.12E-06,0.105492986,0.084039039,0.074524157,0.187322423,0.202815803,0.195718497,0.189386378,0.193960022,0.213706177,1.089562688
PX014xNP072-4,Pinetum,1.719014508,-0.027196439,-0.050593082,0.004687521,0.002087554,0.005427387,0.015163245,0.007699645,0.014198944,0.011356445,-0.004361461,-0.001493699,0.00215538,-0.001164709,0.002018149,-0.003686667,-0.000764464,-0.007132806,-0.0066547,0.004178313,0.001193435,0.001156976,0.004867459,0.000775801,-0.00364888,-0.002366989,-0.000190974,0.001219158,0.001256122,-0.001725652,0.001232393,-0.000727353,-0.000791395,-0.004285257,-0.004169519,0.003416954,0.002186463,0.00102424,-2.20E-05,0.002278207,-0.001745159,0.00039697,-0.002352753,-0.003397079,0.001030029,-0.000492246,0.000865105,5.36E-05,0.000633232,-3.41E-05,-0.000543004,6.94E-05,-0.000873318,0.000524494,-0.001716676,0.000252244,0.000233029,-0.000378515,0.000512012,-0.000131656,0.000381651,1.5349,0.669,1.5869,0.8353,1.4393,0.9845,1.1337,0.9549,1.0136,0.9734,0.9163,0.994,0.8321,1.0097,0.7507,1.0292,0.6729,1.0388,0.6001,1.0287,0.5313,0.9877,0.4742,0.9345,0.4276,0.8679,1.0594,0.8414,0.98,0.9007,0.9377,0.8933,0.8885,0.9356,0.8308,0.9237,0.811,0.9747,0.7425,0.9435,0.7136,0.9739,0.6724,0.9515,0.646,0.969,0.6258,0.9258,1.2448,0.729,1.244,0.6575,1.0567,0.7687,0.9361,0.8143,0.8266,0.8373,0.7405,0.8496,0.6667,0.8583,0.6258,0.8607,0.441737841,0.135656699,0.080089013,0.064679208,0.040868203,0.066592042,0.074804077,0.121516501,0.099456775,0.085651211,0.083703106,0.07839005,1.125022,0.235823854,1.28E-06,0.111138517,0.090492707,0.070555014,0.184222746,0.190427965,0.18445208,0.180557415,0.176971919,0.201493027,0.417455686
PX014xNP072-6,Pinetum,1.716740182,-0.050387959,0.006640525,-0.006722215,0.012688564,-0.018981904,-0.005202636,0.001791067,0.008556687,0.001892227,0.004822091,-0.003684899,0.001950344,0.001708055,-0.002280593,0.001056914,-0.000412772,-0.000321769,-0.001575706,0.002924451,0.000666877,-0.001579117,0.003184885,-0.006077379,-0.000175682,0.002589946,0.005327812,0.002485154,-0.000947315,0.000855009,0.000267063,-0.000112524,-0.00418946,0.000889492,0.0019258,-0.001236749,-0.000249795,0.000615986,0.001454601,-0.002981648,-0.000982009,0.001429468,-0.000297789,0.00063253,0.000237958,-0.002362308,-0.000681049,-0.000558064,-0.001063921,-0.000751883,-0.000581562,-0.000696036,-0.000478968,-9.75E-05,-0.000445858,3.46E-05,-0.000227916,-0.000173043,0.000149436,-0.00068986,0.000291777,2.603,0.9806,2.6823,1.2023,2.5841,1.3004,2.2562,1.2749,2.116,1.2878,2.0174,1.3123,1.9326,1.3224,1.8628,1.3324,1.7589,1.3403,1.6974,1.3339,1.6233,1.2922,1.5665,1.2246,1.5234,1.1555,2.1375,1.1548,2.0685,1.2073,2.0196,1.2037,1.9793,1.2497,1.9261,1.2289,1.9067,1.2792,1.842,1.2476,1.8333,1.3015,1.7665,1.2562,1.7362,1.2799,1.6855,1.2249,2.2994,1.0453,2.2977,0.9919,2.1343,1.0825,2.0151,1.1219,1.92,1.1419,1.8366,1.1519,1.7567,1.1584,1.6809,1.1598,0.457403553,0.168860001,0.093469246,0.073282808,0.050369137,0.042720721,0.064524801,0.140792223,0.101598278,0.085399356,0.070512694,0.104199904,1.093675532,0.249203852,5.78E-06,0.096836408,0.086153932,0.075988223,0.196632271,0.203796982,0.195668725,0.196272566,0.1941742,0.227766042,1.043925064
RX001-V5,F1,1.760234428,-0.01687564,0.000818828,7.53E-05,0.017966989,-0.009200976,-0.003096442,0.005064361,-0.007018365,-0.009490927,-0.013630299,0.002035427,0.008493554,-0.01147358,-0.013232142,0.029144669,0.036443772,-0.020905172,-0.003047783,-0.024708594,-0.036466659,-0.019077849,0.007083838,0.001903201,0.002650668,0.001934512,-0.0031841,0.003364146,-0.003143385,0.000584861,-0.000676148,0.00056542,0.002387644,0.001246742,-0.002229985,-4.66E-05,0.000215218,0.001828172,-0.000662207,-0.001084558,0.001544469,0.000857754,-0.000998276,0.000765488,-0.000508009,-0.00037598,0.00110296,0.000240647,-2.44E-05,0.00020553,-0.001282851,0.000242411,-0.0003407,0.000892207,0.00038033,-0.000435831,-0.000468314,-0.00053352,-3.31E-05,0.000184536,-0.000343243,2.6224,0.9493,2.6834,1.1785,2.5431,1.2756,2.2645,1.2483,2.1336,1.2627,2.0156,1.2835,1.9178,1.2893,1.8474,1.2994,1.7708,1.3091,1.6996,1.308,1.609,1.2695,1.4766,1.1214,1.5356,1.1962,2.1383,1.1066,2.08,1.1598,2.0131,1.1584,1.9757,1.2109,1.9139,1.1872,1.8937,1.2397,1.8319,1.2044,1.8168,1.2576,1.7528,1.2181,1.7233,1.2389,1.6694,1.1785,2.3227,1.0023,2.3206,0.9585,2.1354,1.0523,2.0074,1.0933,1.9074,1.1127,1.829,1.1214,1.7542,1.1264,1.6654,1.1246,0.474380459,0.189750705,0.116023144,0.082841837,0.055144991,0.051803475,0.084760191,0.131689673,0.119819197,0.097971833,0.071120813,0.077211722,1.114492642,0.198482342,8.82E-06,0.103296079,0.083784485,0.080277643,0.212483905,0.196507608,0.189936437,0.202187735,0.211241094,0.234697273,1.092051926
RX001-V6,F1,1.742370971,-0.018304037,0.026300928,-0.007261591,-0.006284787,-0.010513106,-6.02E-05,-0.011101606,0.001776827,0.003197551,-0.006906224,0.008943373,0.001435569,-0.00238186,0.004549026,-0.00160827,0.001311546,-0.009994677,-0.009157735,-0.001977788,-0.001615319,0.000284986,-0.001749024,0.006288325,-0.009977535,-0.002716935,0.003969061,0.002815733,0.00244527,0.00182865,0.003424833,-0.001447131,8.41E-06,0.003412976,0.002601758,0.0032985,0.000366057,-0.000906007,0.003666894,-0.000361282,-0.00317732,-6.33E-05,-8.45E-05,-9.62E-05,-0.002816317,0.000938269,-0.00031166,-0.001349457,0.000352444,-0.000228757,0.002094459,0.000876996,0.001349278,-0.000779169,-0.00012742,0.00130303,-0.000440069,-0.000613533,2.16E-05,-0.000385625,-6.85E-05,2.5761,0.9622,2.6758,1.185,2.5604,1.2843,2.2807,1.2558,2.1476,1.2659,2.0085,1.2875,1.9279,1.299,1.8574,1.3119,1.7783,1.3263,1.7078,1.322,1.6154,1.2783,1.5351,1.2168,1.4736,1.1516,2.1311,1.1235,2.0599,1.1839,2.0074,1.1767,1.9635,1.222,1.9045,1.2098,1.8779,1.2494,1.8204,1.23,1.8067,1.2666,1.7557,1.2368,1.719,1.2594,1.6704,1.2098,2.3069,1.0227,2.3053,0.9639,2.1305,1.0566,2.0054,1.096,1.9013,1.1181,1.8161,1.13,1.7508,1.1397,1.6661,1.1483,0.468713324,0.199708412,0.120063691,0.079468547,0.070428403,0.067989558,0.089398546,0.133482658,0.140767077,0.081416276,0.071670496,0.080400062,1.118650352,0.289630454,5.12E-06,0.108092645,0.086491907,0.06505636,0.210411121,0.20252506,0.202633265,0.200469948,0.221555524,0.249480821,1.070092127
RX001-V8,F1,1.781052831,-0.006308082,0.014577581,0.000327021,0.017348055,-0.011684389,0.004996689,-0.015249964,2.01E-05,0.010799916,-0.009413736,-5.54E-05,-0.002062924,0.000499343,0.002457493,0.004014169,-0.000893906,0.001496434,-0.003479669,-0.00108541,0.001758438,-0.003582101,-0.006045929,-0.00285058,-0.002491493,-0.001223976,-0.002055982,0.000319007,0.000729672,-0.003802469,0.001985061,-0.001071875,-0.004912474,0.001070989,0.000328002,-0.003280643,-0.001391282,0.002547388,0.001121513,0.000617915,-0.000337248,0.001886959,0.000465759,-0.000343356,0.00136494,0.00059363,-0.000890081,0.000268857,-0.000172308,0.000331293,0.000743717,0.000192499,-2.18E-05,-0.000702684,5.63E-05,0.000296642,0.00170323,0.000596623,-0.000830951,0.000454511,0.000749775,2.6041,0.9148,2.6802,1.1548,2.5518,1.2702,2.2875,1.2379,2.1548,1.253,2.0243,1.2749,1.925,1.2922,1.8603,1.3008,1.7625,1.3094,1.6953,1.3087,1.6061,1.2691,1.5284,1.2037,1.468,1.1303,2.1591,1.1034,2.0786,1.1602,2.0203,1.1588,1.9779,1.2077,1.9146,1.1904,1.9009,1.2508,1.8283,1.2091,1.8261,1.2681,1.7571,1.2213,1.7348,1.2544,1.6672,1.185,2.3247,0.9946,2.3198,0.9401,2.1575,1.0334,2.0135,1.0841,1.9121,1.1019,1.8236,1.116,1.7524,1.1235,1.664,1.1257,0.498622272,0.185948407,0.120076143,0.081662721,0.047903758,0.047317333,0.061581572,0.133556355,0.132324828,0.100795734,0.065269059,0.09817739,1.156357843,0.288949563,4.80E-05,0.110322482,0.088302775,0.072237663,0.208441694,0.20755168,0.203293876,0.206198545,0.220211035,0.242322616,1.100284586
RX001v4,F1,1.805474719,0.007121043,-0.00831085,-0.008981921,0.008932312,0.002643011,0.003312655,-0.015425217,0.003596608,0.00655485,-0.006097966,0.01209755,-0.002861877,-0.002629011,0.007424866,0.000944302,-0.000790783,-0.000968061,-0.008454684,0.008346175,-0.001317338,-0.000831798,0.004160936,-0.00622758,-0.00391305,-0.001202172,-0.003670928,-0.000547545,-0.001046462,-0.00091729,-0.000365396,-0.0003511,-0.001353826,0.001773248,-0.000466493,-0.001017228,-0.001798102,-0.00194774,0.000580889,-0.002100439,-0.002012761,0.000535516,-0.001122046,0.000648249,-7.58E-05,0.000983712,0.000396572,-0.000385713,0.00014282,-0.000395366,-0.000278517,0.000332736,-0.000172839,0.001939845,-2.13E-05,0.000127178,0.000395335,0.000198946,0.000196909,0.000266107,8.45E-05,1.5413,0.6675,1.6012,0.8718,1.471,1.0115,1.2044,0.9718,1.0567,0.9821,0.9377,1.006,0.8433,1.0226,0.7702,1.0337,0.6909,1.0512,0.6163,1.056,0.5218,1.0139,0.4456,0.9575,0.3774,0.8845,1.0806,0.8425,1.0083,0.8972,0.9504,0.898,0.8996,0.9425,0.8364,0.934,0.8155,0.9758,0.747,0.953,0.7372,0.9967,0.6729,0.9668,0.6565,1.0044,0.5829,0.9464,1.2671,0.721,1.2671,0.6599,1.0798,0.7687,0.9483,0.8179,0.8324,0.8459,0.7406,0.8612,0.6655,0.8713,0.5829,0.8782,0.508429444,0.179010977,0.097727018,0.074053089,0.05443418,0.049578221,0.0580827,0.148058705,0.121376316,0.095848422,0.073937947,0.081208005,1.183956169,0.294084104,0,0.119549153,0.091396718,0.075374067,0.20394362,0.193224869,0.191304077,0.191624894,0.196754161,0.238274569,0.434688302
RX001v7,F1,1.808963169,-0.029793208,-0.003431638,-0.002233852,0.008938655,0.010188194,0.021830544,-0.038401583,0.01110855,0.004253971,-0.003875848,0.015113703,-0.013068545,-0.005357183,-0.005182163,-0.000939798,-0.004199804,0.000271419,-0.019461539,0.01097466,-0.005406677,0.004227804,0.004889853,-0.004090011,-0.002253518,0.003041481,-7.87E-05,0.003726074,-0.011783717,-0.001642788,-0.000520261,0.001665473,0.002280455,-0.000559883,-0.000936737,0.002085238,-0.001798602,-0.000546828,0.001967621,0.000204311,-0.001784219,0.001459696,0.003502882,0.003166796,0.001320143,-0.002321614,-0.000656773,-0.000923862,-0.002355198,0.000565851,0.001129898,-0.001715064,0.000304595,0.001535153,-0.00022511,-0.000734975,8.63E-05,-0.000100759,-0.001049846,-0.000952363,-0.000165656,1.5571,0.5476,1.6353,0.7163,1.5639,0.921,1.2496,0.8869,1.0988,0.8917,0.9702,0.9218,0.8861,0.9337,0.8131,0.9417,0.7377,0.9591,0.6687,0.9647,0.5702,0.9202,0.4901,0.8544,0.425,0.7771,1.1234,0.771,1.0419,0.8229,0.988,0.8091,0.9321,0.861,0.8755,0.843,0.8565,0.8832,0.7856,0.8626,0.7808,0.9049,0.7128,0.8771,0.6948,0.8975,0.6313,0.8488,1.294,0.6107,1.293,0.543,1.121,0.6893,0.9853,0.7329,0.8753,0.7557,0.7798,0.7684,0.6999,0.7763,0.629,0.7829,0.498212053,0.171345411,0.089280737,0.071751307,0.058535545,0.048964579,0.075066437,0.150876373,0.132075622,0.084937742,0.073437048,0.077381652,1.155127984,0.307544224,2.00E-06,0.117496638,0.092011793,0.07422998,0.207031713,0.200428042,0.196529336,0.191298772,0.195191419,0.235761999,0.530347056
RX004-V1,F1,1.786345946,-0.005391602,0.009506988,0.021837626,0.002907546,-0.015868194,0.005205892,-0.011437625,0.001044511,-0.003313335,-0.00704934,0.01391098,-0.008832351,-0.000968084,0.003789282,0.002991071,-0.003040649,-0.002903863,0.000859816,-0.005646659,0.009743707,-5.68E-05,0.00346065,0.004820347,0.004017025,-0.004202883,0.000628278,0.001730907,0.001061878,-0.003272719,0.000763882,-0.001783048,0.004463021,0.002345827,0.001915597,0.000703808,-0.003006812,0.002724164,-0.002010839,-0.001427371,0.001559331,-0.002130079,0.001782125,-0.000424718,-0.000627142,-0.000248671,0.000783647,-0.000947729,0.001614963,-0.002133592,0.001342838,-0.000250931,0.000488759,-0.000921603,0.000211781,-0.00015709,0.000308753,-0.000678125,-0.000558509,-0.000346302,0.000400604,2.6203,0.9105,2.6906,1.176,2.5583,1.2925,2.3058,1.2702,2.1483,1.2745,2.0361,1.2875,1.9326,1.3091,1.8549,1.3177,1.7783,1.3209,1.7017,1.3252,1.6269,1.2875,1.5493,1.2228,1.4845,1.1422,2.149,1.1149,2.0786,1.1695,2.0167,1.1667,1.9793,1.2213,1.9175,1.1969,1.893,1.2443,1.8341,1.2184,1.8139,1.2632,1.7627,1.2276,1.7379,1.2638,1.6839,1.1882,2.3472,0.9977,2.3457,0.9444,2.1451,1.048,2.0135,1.0933,1.915,1.1149,1.8308,1.125,1.7589,1.1332,1.6791,1.1365,0.470840631,0.220690575,0.126028132,0.087227748,0.075942083,0.068200073,0.069946908,0.157558687,0.112950609,0.105729892,0.078174484,0.076666812,1.159192189,0.284015563,4.50E-06,0.10369513,0.086126709,0.071990277,0.209389589,0.207981369,0.21037122,0.210845844,0.225841714,0.274221316,1.109235705
RX005-V1,F1,1.809160423,-0.02973843,0.004772544,0.012786223,0.005443608,-0.007481064,-0.012533778,0.00101485,0.009595365,0.000605122,-0.004454115,0.00790296,-0.001475286,0.003798079,0.000546858,0.00389417,0.003895434,0.004600813,0.003013186,0.001946353,0.002715691,0.003101534,0.000386208,-0.000685261,-0.001893593,0.001976956,-0.003130446,0.000194013,-0.00225706,0.005100879,0.003696987,0.00415977,-0.001308735,0.001240534,0.002333141,-0.001485531,-0.000576037,-0.000925164,0.000351554,-0.000705435,0.00218652,0.000197063,-0.001006295,0.002306722,-0.001045914,0.001002614,-0.000505404,-0.000232492,0.000321483,0.001629593,-2.41E-05,-8.74E-05,-0.000160934,-0.000576308,0.000655919,-0.000640443,-0.000242269,-0.001205616,0.00076166,-0.000896356,1.33E-05,2.6451,0.9342,2.7078,1.1811,2.5755,1.2904,2.2609,1.2612,2.117,1.2713,2.0027,1.2875,1.9099,1.3004,1.8355,1.3015,1.76,1.3112,1.6866,1.3112,1.6036,1.2702,1.5356,1.199,1.473,1.1214,2.1419,1.1138,2.0696,1.1699,2.0049,1.1602,1.9703,1.2131,1.9099,1.1861,1.8851,1.2443,1.8172,1.2001,1.8118,1.2605,1.7449,1.2141,1.7222,1.2508,1.6607,1.1936,2.3215,1.0011,2.3198,0.9558,2.1336,1.0473,2.0005,1.0854,1.9013,1.107,1.8078,1.117,1.7409,1.1214,1.6564,1.1235,0.487771955,0.18944065,0.111931765,0.081148752,0.061337183,0.047357048,0.07125307,0.144254012,0.115442323,0.093692316,0.074408131,0.076120562,1.186955033,0.285742891,5.78E-06,0.098467304,0.093751213,0.07364299,0.214392747,0.203433453,0.209904669,0.207031906,0.219387921,0.248914644,1.082414671
RX005-V2,F1,1.815841842,-0.008941881,0.003203485,0.015012149,0.015391215,-0.007645758,-0.014542546,0.002375625,0.023673284,0.001722719,0.002387879,0.000446758,-0.0117645,-0.00076614,-0.005710078,0.009602439,0.001546616,0.00261761,0.00297781,-0.005963606,0.012509254,0.000849828,-0.001625647,0.003018582,0.007179269,-0.002180124,0.005540003,0.004407679,0.005236994,0.005465951,0.000420128,0.001309739,-0.00202617,0.003431367,-0.005758449,0.004064261,-0.001682643,0.00146518,-0.001588844,-0.000454129,0.001822437,-2.81E-05,-0.003080902,-0.000537962,0.001680967,0.003006704,0.002426724,-0.000120718,0.000813095,0.000127787,0.000186847,-0.002145191,0.001636294,0.000552407,-0.000693498,-8.37E-05,-0.000831632,-0.000194497,0.000302862,-5.20E-05,5.06E-05,2.6492,0.9214,2.7082,1.176,2.5787,1.2868,2.2738,1.2785,2.1286,1.2914,2.0307,1.3001,1.9286,1.3216,1.8506,1.3339,1.7751,1.3317,1.6974,1.3425,1.6082,1.3123,1.537,1.2454,1.4738,1.1656,2.1526,1.0983,2.0728,1.1922,2.0102,1.1832,1.988,1.2213,1.9218,1.2005,1.9074,1.2666,1.847,1.2228,1.8341,1.286,1.7693,1.2371,1.7427,1.2767,1.6751,1.2069,2.3317,0.9946,2.3317,0.9353,2.151,1.0367,2.0059,1.0915,1.9168,1.1174,1.8398,1.1339,1.7607,1.1462,1.6715,1.1526,0.489693996,0.21716694,0.11381687,0.089625499,0.058944381,0.050662215,0.063833847,0.145771911,0.098285808,0.104339159,0.078963852,0.075532046,1.200499396,0.285115012,0,0.090076912,0.078053379,0.079004937,0.20690522,0.208118476,0.207645684,0.215296307,0.234553405,0.271195649,1.102437418
RX006-V1,F1,1.769875243,-0.006428377,0.029884712,-0.001935172,-0.010400417,-0.012551599,-0.013093209,0.008384678,0.01580394,0.003629442,0.006130568,0.010527523,-0.007452378,-0.00126789,0.004358837,-0.008122906,0.005423404,0.005206917,0.002582792,-0.003329578,0.000239846,0.001881227,-0.001897095,-0.001685566,0.00556528,0.000435954,-0.00534649,0.001038129,-0.003552155,0.00148356,-0.003970431,-0.000974663,0.002377852,-0.001989633,0.000485296,0.000906238,1.17E-05,-0.000780654,-0.000715646,-0.002586977,-0.001146544,-0.001090235,-0.000311653,-0.000810629,0.001393711,-0.001717556,6.59E-05,-0.000338595,0.001750028,0.000768358,0.000696747,0.001283329,-0.001713253,-4.03E-06,0.0001751,-9.26E-06,-0.001561789,-0.000374414,-0.000764805,-0.000269245,-2.54E-05,2.6063,0.9579,2.6992,1.1879,2.5683,1.2843,2.2832,1.2519,2.1397,1.2648,2.0264,1.2778,1.9315,1.2929,1.8506,1.308,1.7783,1.3209,1.7042,1.3238,1.6165,1.2972,1.5439,1.2346,1.4727,1.1534,2.1354,1.1084,2.0653,1.164,2.0086,1.1575,1.9671,1.2125,1.9099,1.1936,1.888,1.2425,1.8319,1.2127,1.8193,1.267,1.7535,1.2276,1.7508,1.2886,1.6742,1.1985,2.302,0.9951,2.3026,0.9364,2.1278,1.0356,1.993,1.0825,1.8905,1.1106,1.8161,1.1224,1.7406,1.1332,1.665,1.1419,0.469918557,0.206002646,0.125283678,0.088207596,0.066576347,0.051581877,0.042420985,0.144078659,0.114043369,0.096093808,0.082297145,0.073441814,1.150334391,0.287451579,7.20E-07,0.105094719,0.080304483,0.079803321,0.211844023,0.206530966,0.205882029,0.215463802,0.233996111,0.266335972,1.07608982
RX006-V2,F1,1.809029,-0.003474385,0.005320573,-0.00560056,-0.001652295,-0.00555013,-0.003795285,0.008024088,0.002321965,0.004416894,-0.003579343,0.006775674,-0.008714385,-0.002377168,0.001547111,0.00059187,-0.007111124,0.004161901,-0.003255806,-0.002856859,-0.004575887,-0.001183784,-0.001931822,-0.004092924,0.000424101,-0.003400255,-0.000823325,0.007871519,-0.002824376,-0.004136264,0.001655806,-0.003251697,-0.004102862,0.002147343,-0.000415212,6.30E-05,-5.79E-05,0.001347271,-0.000746265,-0.001532196,-0.001292148,-0.000483691,0.00090578,0.000150597,-4.17E-06,-0.001399315,0.001016461,-0.000860071,0.001650646,0.001142457,-0.000115847,0.000211125,0.001646605,-0.000739904,-0.000698451,-0.00018738,0.000589697,-0.000266426,0.000960175,-0.000161377,-0.000207321,2.637,0.9337,2.6877,1.1548,2.5593,1.2681,2.2778,1.2407,2.1476,1.253,2.021,1.2702,1.9218,1.2929,1.8484,1.3037,1.7519,1.3172,1.6855,1.3172,1.5949,1.2902,1.5216,1.226,1.4606,1.1559,2.135,1.1099,2.0645,1.1667,2.0092,1.1609,1.9624,1.2105,1.9042,1.194,1.8812,1.2422,1.8164,1.2206,1.8125,1.2699,1.7517,1.2292,1.7344,1.2807,1.6629,1.2033,2.3231,0.9951,2.3193,0.9218,2.1321,1.0345,2.0059,1.0793,1.8984,1.1048,1.81,1.1224,1.7431,1.1314,1.6615,1.1408,0.481250423,0.193650407,0.119805259,0.083654348,0.064952675,0.049307707,0.040478389,0.1307797,0.127763062,0.10176409,0.074190296,0.097439725,1.197200819,0.276762895,2.89E-05,0.110093642,0.09174094,0.065269059,0.198214833,0.201929146,0.203885973,0.205883268,0.224166411,0.252481544,1.106772393
RX006-V3,F1,1.790836332,-0.016638197,0.003617927,0.016748924,-0.004680217,-0.004242143,0.009915535,0.006971506,0.013175841,0.004557044,-0.002450276,0.007951266,-0.011075663,0.004352353,0.004649196,-0.002939562,0.005122683,2.56E-05,0.002247747,0.001267462,0.000721311,-0.000883662,-0.001878652,-0.000610662,-0.002979764,-0.004973517,-0.002221515,0.000507839,-0.000678811,-0.000873037,-0.004790203,0.000231234,0.002299886,-0.001438297,-0.002511794,-0.000206225,0.000151265,-0.000958449,-0.001712552,-0.001008389,0.000236149,0.001118106,-8.32E-05,-0.002145851,0.001631295,0.000753515,5.14E-05,0.000630487,0.000401033,-0.000491548,-0.001239955,7.21E-05,0.000886658,0.000846221,0.001260392,-0.000340053,0.000393851,-0.001042336,0.000337363,0.00018829,-0.000553326,2.6192,0.9903,2.7039,1.2077,2.5496,1.3479,2.2735,1.3134,2.1268,1.331,2.0117,1.3511,1.9146,1.367,1.8305,1.3749,1.76,1.3857,1.6909,1.3857,1.6057,1.3522,1.5324,1.2864,1.4655,1.2066,2.13,1.1721,2.062,1.2292,2.0049,1.226,1.9595,1.2724,1.8991,1.2594,1.8786,1.3112,1.8204,1.281,1.8031,1.3306,1.7406,1.2907,1.7298,1.3364,1.6863,1.258,2.3128,1.0496,2.3128,1.0022,2.1268,1.1046,2.0032,1.151,1.8937,1.1769,1.812,1.1899,1.7362,1.1958,1.6816,1.1987,0.451938602,0.20139002,0.120674272,0.094437969,0.06640512,0.052088866,0.057814618,0.147751988,0.116841859,0.098393191,0.084470231,0.071322437,1.173801252,0.287892289,0,0.110946834,0.081610355,0.080387375,0.202769722,0.202408745,0.204673325,0.210403517,0.218350544,0.255182934,1.02495878
RX008-V2,F1,1.731083255,-0.001604801,0.026109862,-0.009964787,-0.011239476,0.00840648,-0.00249709,-0.002050526,-0.000867861,0.009222815,-0.001750209,-0.000379602,0.002728494,0.006216837,-0.006373288,0.000917842,4.05E-05,0.000753953,-0.008793631,0.003831621,0.0014414,-0.006358562,0.00105272,0.004643832,0.004931112,0.00162676,-0.001603484,-0.005234514,-0.000221069,-0.001831575,-0.002426029,-0.003383763,0.000829665,0.002281519,0.003826503,-0.000230196,0.000799561,0.000139872,0.000249144,0.000880473,0.000871831,0.001227051,0.000224845,-0.000394444,-0.000401641,-0.001305236,0.00052543,-0.000316924,0.000168152,-0.001725417,0.001414305,0.000906274,-8.34E-05,-0.000391173,-0.000348791,-0.000527384,0.000642477,0.000488537,0.000742688,0.000887367,0.001032416,2.6111,1.0102,2.6499,1.1893,2.5345,1.2907,2.2825,1.2555,2.1401,1.262,2.0135,1.2778,1.9164,1.2907,1.8574,1.2986,1.7729,1.3069,1.705,1.3091,1.6172,1.2724,1.5331,1.2019,1.4691,1.1228,2.1444,1.1163,2.0638,1.171,2.0077,1.1638,1.9709,1.2174,1.9115,1.1942,1.8835,1.2379,1.8252,1.2109,1.8026,1.2476,1.7487,1.219,1.7255,1.2535,1.6726,1.1753,2.3047,1.021,2.301,0.9671,2.1413,1.0464,2.0016,1.0901,1.9027,1.1073,1.8207,1.1181,1.7402,1.125,1.6679,1.1239,0.475474752,0.196082253,0.118754747,0.073911569,0.062211333,0.074860136,0.071402521,0.142548273,0.12758213,0.097953152,0.059526549,0.084906655,1.147537694,0.300593579,2.74E-05,0.100889048,0.087900967,0.076927628,0.210983412,0.209458349,0.197355643,0.203339347,0.220752939,0.252309829,1.060859581
RX008-V3,F1,1.789365705,0.001563811,0.007049181,0.006869985,0.006236544,-0.010684102,-0.015563645,-0.012344906,0.01116316,-0.003313632,-0.005233123,0.00294718,-0.011978601,0.003127492,-0.00201468,0.000489004,0.001350502,0.001377128,-0.002888367,-0.003725939,0.002237423,-0.000813279,0.001425502,1.21E-05,0.001414216,-0.002472554,-0.000633728,-0.003951264,-0.003820808,0.001693836,0.002364687,-0.001898123,0.004121496,0.001064424,-0.002600572,0.000446259,0.003022432,0.001327467,0.002813047,-0.001811682,0.000254329,0.00184155,0.000338979,-0.001666771,-0.00143654,0.000201796,0.001934734,0.001522195,0.00095464,-0.000124281,0.000228298,0.001920502,0.00044117,8.15E-05,0.000148299,0.00045256,0.001137516,-0.000497296,0.000215742,-0.000158994,0.000227418,2.6365,0.9288,2.6931,1.1807,2.5712,1.2778,2.29,1.2479,2.1476,1.2652,2.0311,1.2839,1.9369,1.2918,1.8635,1.3076,1.7974,1.3213,1.7168,1.322,1.6262,1.2907,1.541,1.2141,1.4806,1.1332,2.1602,1.0987,2.0825,1.1685,2.0271,1.1584,1.9919,1.2116,1.9337,1.19,1.9085,1.2483,1.8474,1.2159,1.8373,1.2656,1.7736,1.2213,1.7546,1.2677,1.6784,1.1893,2.3519,0.984,2.3497,0.9265,2.1541,1.0394,2.0174,1.089,1.9239,1.1084,1.8341,1.1206,1.7643,1.1278,1.6751,1.1321,0.490244429,0.197759146,0.116571437,0.082243115,0.051950072,0.049501919,0.068591545,0.143447029,0.117991271,0.094530683,0.075081289,0.067504815,1.17383311,0.302383664,9.68E-06,0.098600811,0.090102719,0.073997297,0.225286329,0.20535014,0.199692964,0.205650407,0.219085554,0.248879609,1.127998803
RX008-V4,F1,1.733302438,0.010039901,-0.010579291,-0.003754394,0.006483204,0.005185088,-0.000226891,-0.00359314,0.005597455,0.00216177,0.006467896,-0.006694752,0.006561827,0.001038076,0.00146163,0.00378213,-0.004786675,-0.001900655,-0.007361862,0.000254543,0.003593968,4.69E-05,0.000515187,-0.002450759,0.004362183,-0.002519253,0.000960405,-0.001009731,-0.001313811,-0.0016314,-0.000442523,-0.000487585,0.003426438,0.000844883,-0.000773537,-0.000979136,-0.001480438,-0.003240453,0.00354265,0.002177555,-0.001519503,-0.000904059,0.000651496,-0.000489986,0.00154844,0.000640878,0.00132873,0.000771571,0.002340722,0.001565177,0.001025142,-0.001959464,-0.000265391,0.000673878,0.001403101,-0.001756705,-0.00076141,-0.000336219,-6.52E-05,-0.000149179,-5.81E-05,2.6289,0.9763,2.6661,1.1645,2.5352,1.2753,2.2713,1.2454,2.1462,1.2616,2.044,1.2753,1.9362,1.2954,1.8578,1.3112,1.7837,1.3206,1.7154,1.3256,1.6246,1.2864,1.5626,1.2249,1.5022,1.1472,2.1681,1.1134,2.0969,1.1688,2.0329,1.1631,1.9984,1.2134,1.9394,1.1969,1.9121,1.2472,1.8545,1.2213,1.8323,1.2645,1.774,1.2321,1.7445,1.2558,1.6927,1.1969,2.3421,1.0085,2.3441,0.9353,2.1656,1.0458,2.0313,1.0879,1.9369,1.1143,1.8457,1.13,1.7693,1.1372,1.6924,1.1408,0.482677335,0.167553693,0.105082491,0.076882833,0.053889238,0.053208458,0.075734272,0.12614456,0.10311416,0.109657877,0.079976246,0.074693842,1.139587513,0.277994245,8.00E-06,0.099421778,0.088336685,0.081221241,0.201652498,0.195213345,0.188540208,0.193368586,0.208263535,0.225859802,1.121576319
RX008V06,F1,1.719458263,0.003771218,0.033414021,0.008622294,0.001750711,-0.011854404,-0.005350626,-0.001537339,0.006546343,-0.005133592,0.001673191,0.005192006,0.00236382,-0.001434434,-0.002790785,0.005169302,0.000718949,-0.000835399,-0.001845827,-0.001800851,0.005253722,-0.000365887,0.000525798,4.63E-07,0.00235049,-0.003022229,-0.002468402,-0.003132119,-0.001737192,0.001123866,-0.003092662,0.001786395,0.002535542,0.003188312,-0.001126722,0.001065817,-0.002453113,-0.00158851,0.001382669,0.000297066,-0.001383751,0.000505972,0.001670403,-0.000759653,0.002082171,0.00046554,-0.00048845,0.001631687,0.000822708,0.000939228,-0.001777434,-0.000818251,-0.000184246,-0.000266936,0.00027082,0.001446037,0.001053878,8.87E-05,-0.000718416,-0.000578463,3.77E-05,2.5858,0.9698,2.6521,1.2131,2.5367,1.308,2.2871,1.2745,2.1433,1.2889,2.0325,1.3062,1.9304,1.3263,1.8542,1.3378,1.7837,1.3493,1.7136,1.3529,1.6194,1.3198,1.5489,1.2494,1.4835,1.1796,2.1321,1.1284,2.069,1.1882,2.0043,1.1823,1.9757,1.2319,1.9115,1.2147,1.8921,1.2659,1.8337,1.2379,1.8207,1.2889,1.756,1.2522,1.7388,1.2853,1.674,1.222,2.2956,1.0189,2.2929,0.973,2.13,1.0663,1.9973,1.1174,1.9083,1.1397,1.8269,1.1526,1.7492,1.1634,1.6702,1.1696,0.467564509,0.21300284,0.125143837,0.093523954,0.071519578,0.059274446,0.078179345,0.144519203,0.112142454,0.104059694,0.077062896,0.071431786,1.122087933,0.288060584,1.46E-05,0.098293438,0.081185467,0.079004937,0.21254256,0.203569055,0.202197774,0.207720702,0.225229328,0.260821107,1.0403139
RX008V07,F1,1.758461833,0.001314291,-0.009409212,0.00589272,0.01675158,0.009484495,-0.010559949,-0.005918349,-0.003743612,0.000226765,0.011746346,0.002435497,0.013595844,0.003283253,-0.002212377,-0.001356072,0.003794939,0.009856883,-0.001848309,0.000382831,0.001581978,0.000495073,0.000217351,0.000511497,0.002631397,0.004781879,-0.002632572,0.000356829,0.005035454,0.00200256,-0.00139875,-0.001897905,0.001342546,0.004261836,-0.000354302,0.002615881,-0.002030343,0.001566406,0.000178158,-0.000499281,-0.001439663,0.000193087,-0.002347814,-0.002306905,-0.00039495,0.000419368,0.000299147,0.00359697,7.39E-06,-0.001874554,-0.001499086,-0.001423032,-0.000967478,0.00053557,0.000653202,0.001118844,1.51E-05,-0.000240585,-0.000286148,0.000600791,0.000280809,2.6278,0.9924,2.6535,1.1868,2.5054,1.2976,2.2357,1.2681,2.1138,1.2735,2.0027,1.2832,1.8937,1.2918,1.8225,1.3069,1.7438,1.3069,1.6737,1.3037,1.5974,1.2576,1.5385,1.1908,1.4802,1.1145,2.1433,1.1066,2.0735,1.1677,2.0124,1.162,1.9743,1.2051,1.9038,1.1915,1.8786,1.2339,1.8225,1.2044,1.7988,1.2483,1.7456,1.2123,1.7186,1.2343,1.6399,1.1785,2.3209,1.0119,2.3215,0.9552,2.1402,1.0426,2.0065,1.0917,1.8934,1.1127,1.8114,1.1178,1.7344,1.1199,1.6341,1.1156,0.508508771,0.186064532,0.113215414,0.083103369,0.059836611,0.063211154,0.076849203,0.122019548,0.111522643,0.10933874,0.072783583,0.0787,1.154077194,0.270626846,7.20E-07,0.112535372,0.08231707,0.077304722,0.220521609,0.206713836,0.192481921,0.2025259,0.211103126,0.24488875,1.07963372
RX009-V4,F1,1.779764194,-0.021706031,0.003661044,0.000389047,-0.019441608,0.007681454,-0.007467672,0.008791945,0.009799795,-0.001684377,-0.004354055,0.001661423,-0.00792793,0.005120062,-0.005611206,-0.00046243,0.006155348,0.002184633,-0.003329128,0.000638595,0.000244851,-0.001949448,0.002328726,0.000404652,0.000867538,0.002165778,0.002732089,-0.000492683,-0.001499408,-0.002647436,0.003408417,-0.000609622,0.00155486,0.005178167,0.001584682,0.001164636,-0.001466379,-0.000987955,0.000136416,-0.001628034,0.000863576,-0.001836355,-0.001459038,-0.000378829,0.000211487,-0.001404718,-0.00119722,-0.000769928,-0.00069368,-0.000316472,0.000527045,-0.000686997,0.000284948,0.001051278,0.000541858,-0.000650103,0.000333261,0.000174947,0.000866329,0.000341413,-0.00040451,2.6548,0.9795,2.6992,1.1645,2.5798,1.2767,2.276,1.2551,2.1307,1.2652,2.0185,1.2839,1.925,1.295,1.8581,1.3037,1.7801,1.313,1.7104,1.3159,1.6208,1.281,1.5431,1.2098,1.4806,1.1375,2.1408,1.1138,2.0717,1.1713,2.0128,1.1677,1.9754,1.2145,1.9186,1.1965,1.8883,1.2346,1.8279,1.212,1.8172,1.2605,1.7611,1.2271,1.7384,1.2562,1.692,1.1839,2.3321,1.0016,2.3281,0.9502,2.1343,1.0469,2.0059,1.0879,1.9088,1.1079,1.8139,1.1235,1.7492,1.1289,1.6888,1.1321,0.454241621,0.195562599,0.110897295,0.081694369,0.070675668,0.059489915,0.070463679,0.145650609,0.113747659,0.094156572,0.067463323,0.078552467,1.184782529,0.290920264,3.20E-05,0.098504213,0.09201489,0.0684854,0.202633906,0.205947202,0.204341528,0.207388741,0.216818657,0.251845449,1.100928794
RX009-V9,F1,1.59724279,0.035638432,0.058087096,0.01295308,0.014899406,0.010029526,-0.019032858,-0.007541041,0.006861708,-0.002018491,0.020720077,0.006670415,-0.016021623,-0.003428568,0.003303661,-0.006959023,0.003943686,9.67E-05,0.001629163,-0.004136186,0.00128996,0.001712613,0.002349708,0.006107065,0.006093273,0.003563478,0.001115709,0.00059771,0.003896962,0.001812799,-0.001464008,0.004637694,-0.00257872,0.0008105,-0.003184357,-0.000199174,0.002169692,-0.000810545,-0.002572208,-0.001562643,-0.000860868,0.000798708,0.003768115,-0.001362548,-0.000346007,-0.002367906,-0.001090258,7.22E-05,-0.000413474,0.000203461,0.000493907,0.001986346,-0.000569464,0.000662357,0.000871144,0.000830186,-4.70E-05,-0.000299632,0.000456114,0.000168868,-0.000326536,2.5491,1.0032,2.6165,1.2019,2.477,1.3069,2.2907,1.2832,2.1548,1.2853,2.0512,1.2983,1.9574,1.3069,1.8894,1.3112,1.8279,1.3177,1.7589,1.3242,1.6633,1.3001,1.5841,1.2389,1.5129,1.1577,2.1332,1.1084,2.0793,1.171,2.0232,1.1634,1.9876,1.2055,1.9423,1.1936,1.9207,1.2422,1.87,1.2141,1.8603,1.2627,1.7956,1.2228,1.7945,1.2735,1.6873,1.2023,2.2886,1.0129,2.2869,0.9622,2.1311,1.0484,2.0146,1.0908,1.931,1.1122,1.8598,1.1246,1.7848,1.1348,1.6816,1.1462,0.455679734,0.2352898,0.136984452,0.112502444,0.074384004,0.056560233,0.055400361,0.135916224,0.104412451,0.094193418,0.06813582,0.061842542,1.047654853,0.297049238,5.78E-06,0.086353054,0.075150116,0.074906942,0.225423912,0.205080765,0.206782615,0.221542885,0.239762987,0.283907027,1.03885422
RX009V01,F1,1.816870889,-0.007756693,-0.005098599,0.001831995,0.002591608,0.024275607,-0.000657138,-0.015504053,-0.001435173,-0.006365294,-0.010627091,-0.007233647,-0.001920505,-0.004450271,-0.00677475,0.00043352,0.000603993,0.003229884,0.00105031,-0.002533473,-0.004590763,0.000399222,-0.008014903,-0.004201814,0.00078155,-0.001682486,0.000690833,0.002950907,0.002354192,0.001881744,0.001166231,0.000238758,0.001235612,-0.002477019,-0.000203258,-0.000367313,-0.000815908,-0.002291811,-0.00155721,0.00053484,0.000258596,0.00084614,-0.00227561,-0.00153595,-0.001006306,-0.001139141,0.000994548,-0.000871581,0.00042374,-0.001219201,0.0019995,0.000733104,0.001727828,-0.001071822,0.000718276,0.001538835,-0.0008618,0.001126228,0.000435292,-0.000640823,-0.000373694,2.6429,0.9817,2.6773,1.1455,2.5586,1.2922,2.2594,1.2843,2.1526,1.3015,2.0178,1.3145,1.9304,1.3252,1.8398,1.3371,1.7686,1.3457,1.6931,1.349,1.5944,1.3145,1.5092,1.2362,1.4558,1.1613,2.1465,1.135,2.0725,1.1882,2.0099,1.189,1.9746,1.2343,1.9085,1.2177,1.8919,1.2709,1.8222,1.2371,1.8161,1.2983,1.7481,1.2465,1.7201,1.2778,1.6607,1.2228,2.3468,1.0205,2.3403,0.9644,2.1455,1.0743,2.0032,1.1197,1.8986,1.1446,1.8107,1.1553,1.7384,1.1624,1.6532,1.1667,0.493670416,0.187181463,0.13875482,0.091094896,0.066563804,0.045465701,0.083442555,0.108176153,0.135425404,0.088052541,0.09137817,0.071717501,1.20060925,0.302560044,8.45E-05,0.105383348,0.08845366,0.074693842,0.212974552,0.201995173,0.207831903,0.207544333,0.235311708,0.2389,1.098165038
RX010-V1,F1,1.810908471,0.009892058,0.00326391,0.024597461,0.012765148,-0.003045262,0.012762653,0.007002359,-0.006701296,0.001784074,-0.000369393,-0.003065763,0.005006437,-0.001993298,-0.000715249,-0.002833098,0.002033293,-0.001530223,-0.000178203,0.000359593,0.000638548,0.000886611,-0.003560442,-0.005447538,0.001502855,-0.002648563,0.000753854,0.001544979,0.003973649,0.003639092,-0.000494436,0.00291528,0.000918169,0.001130176,-0.001582752,-0.000638003,-0.002346667,-0.002148664,0.004209617,-0.000969505,-0.00185428,-0.002141812,-0.001840788,0.000442624,-0.0002688,-0.001521743,0.000748839,0.000117375,0.000593914,-0.000644278,-0.000588328,0.000302998,-0.000480011,5.05E-05,-0.001086484,0.000802879,0.0002146,0.000451796,-0.000559302,-0.000351119,0.000617711,2.6127,0.9331,2.6654,1.1663,2.4856,1.2929,2.2566,1.2691,2.1271,1.2828,2.0063,1.2965,1.9035,1.3087,1.8064,1.3242,1.7244,1.3371,1.6532,1.3339,1.5647,1.2875,1.5016,1.2201,1.4417,1.1483,2.1192,1.1052,2.0581,1.1649,1.9883,1.167,1.9459,1.2138,1.8855,1.198,1.8632,1.2504,1.7941,1.2217,1.7798,1.2763,1.7179,1.2353,1.6827,1.2634,1.6438,1.2066,2.2976,0.9905,2.2968,0.938,2.1156,1.0415,1.9797,1.0933,1.8776,1.1178,1.7848,1.1307,1.7057,1.1401,1.6402,1.1422,0.486093736,0.213873724,0.136606771,0.102408252,0.070872985,0.054790236,0.084679277,0.130222655,0.121574381,0.103521399,0.098329345,0.083008494,1.190609945,0.281388717,1.28E-06,0.107372436,0.09442272,0.077404134,0.212310268,0.20984113,0.213947867,0.220221207,0.240077092,0.267736363,1.064785997
RX010-V2,F1,1.772810168,-0.004985071,0.029071705,-0.004737489,0.016800086,0.02216475,0.008622695,0.009421501,0.005246201,-0.004817098,0.016958335,-0.003439875,-0.002409404,0.006190223,-0.003841197,3.21E-05,0.00220134,-0.001051091,0.003286241,-0.003081072,0.003493919,0.000897189,-0.008691323,0.000108913,-0.000600306,0.003373813,-0.000657752,0.000529743,-0.000490939,0.005384279,0.001468844,-0.000163359,0.001213426,-0.000412223,-0.00178613,-0.000209644,0.001127309,0.000560394,0.001314444,0.000750275,0.001012447,-0.001715616,-0.001660021,0.000254698,0.001981221,0.000113785,-0.001029714,0.000956334,2.08E-05,0.000713965,0.001407549,0.001832595,-0.000386827,-0.002229712,0.000148245,-0.00052307,0.000273704,0.000134748,-0.001041805,-0.000247347,-0.000377451,2.6187,1.0638,2.6748,1.2249,2.5338,1.3688,2.2727,1.3288,2.1419,1.3346,2.012,1.3378,1.9074,1.3493,1.8218,1.3565,1.7521,1.363,1.6694,1.3623,1.5831,1.3198,1.5151,1.2454,1.4601,1.1602,2.1311,1.157,2.0728,1.2141,2.0146,1.2087,1.9703,1.2508,1.9186,1.2346,1.884,1.2896,1.8323,1.2497,1.8118,1.308,1.7535,1.2627,1.7233,1.2864,1.6597,1.2271,2.2961,1.0725,2.2947,1.0106,2.1246,1.0944,2.0032,1.1316,1.9092,1.1498,1.8222,1.1606,1.7438,1.1634,1.6517,1.1641,0.476583644,0.22263378,0.138906659,0.096477407,0.064122149,0.049520198,0.0818352,0.13092853,0.129939409,0.105230271,0.08590227,0.070002429,1.162603509,0.290948277,3.92E-06,0.099432439,0.087611072,0.079865136,0.222803434,0.208258517,0.207042822,0.214270483,0.245859086,0.277266965,0.99277291
RX010-V3,F1,1.87402508,0.002607958,0.012951282,-0.005932405,-0.012656556,-0.004258107,-0.00315217,0.005028381,0.001912826,-0.012617291,0.001071037,-0.001299211,-0.006807719,-0.003594239,-0.000742865,0.000315904,0.000976779,-0.003048175,-0.001337243,-0.000222086,-0.002042484,0.003478044,0.00064986,-0.002893463,-0.000856714,0.00097917,-0.002927679,-0.002156857,-9.65E-05,0.003647838,-0.007135457,-0.006804929,0.003019483,0.002400043,-0.00308218,0.000769581,0.001557631,-0.00065907,-0.001551966,0.002094749,-0.001247359,-0.003645817,0.00022693,-0.000793153,-0.00077527,-0.000828529,0.000140744,0.000416893,0.000812889,0.001124368,-5.52E-05,0.000589114,0.000986038,-0.001104892,0.000732568,0.000440073,0.001513818,0.000987544,0.000610099,-0.000595911,0.000614351,2.6602,0.9838,2.7104,1.2033,2.5787,1.2994,2.2961,1.2638,2.1483,1.2648,2.0221,1.2724,1.9132,1.2918,1.8323,1.3047,1.7546,1.3148,1.6697,1.3119,1.5728,1.2783,1.4989,1.1974,1.4428,1.1176,2.1307,1.0983,2.0761,1.1631,2.0106,1.1487,1.966,1.2048,1.8977,1.1846,1.8783,1.2393,1.8161,1.2087,1.7967,1.2584,1.7287,1.2141,1.7104,1.253,1.6564,1.185,2.3533,0.993,2.3468,0.929,2.1289,1.0412,2.0067,1.0778,1.8937,1.1016,1.8096,1.1131,1.7211,1.1217,1.6532,1.1214,0.482159082,0.233981645,0.124722612,0.087846286,0.063041732,0.058404195,0.075979471,0.147803383,0.126428636,0.110614511,0.081922036,0.078353685,1.224730664,0.29872412,8.45E-05,0.118470334,0.085084487,0.08756666,0.218370144,0.214136499,0.206559071,0.213680135,0.234562486,0.278400072,1.11096486
RX011-V1,F1,1.84279962,-0.004302635,-0.008317523,0.019801916,0.001845888,-0.01498194,0.004405097,0.001020429,0.002825508,-0.005931705,0.009933882,0.000380289,0.002939487,-4.64E-05,-0.003462017,0.001505006,0.000321008,-0.00218244,0.001151291,-0.002910494,0.005400216,0.001407816,-0.001802829,-0.004653351,-0.000407689,-2.95E-05,0.001918166,-0.000840796,0.000401941,0.002445918,0.007888189,-0.000547801,0.001280322,0.003102335,7.97E-05,-0.000823739,-0.000467134,0.000926342,0.001994403,0.002055649,0.000508349,-0.000375105,-0.001502947,0.000286278,-0.000718574,-0.001017869,-0.000837092,-3.86E-05,-0.000182401,-2.68E-05,0.001585051,-0.000575271,0.001465364,0.00027007,0.000860563,-0.000819972,0.000436044,-6.11E-05,0.001456776,-0.000986115,0.000207015,2.6165,0.9391,2.6694,1.1861,2.5205,1.295,2.2443,1.2659,2.1005,1.2745,1.9822,1.2907,1.8754,1.3044,1.7855,1.3166,1.7028,1.3231,1.6345,1.3195,1.5604,1.2778,1.4962,1.2077,1.4423,1.1273,2.1106,1.1005,2.0408,1.1609,1.9725,1.1595,1.9408,1.2098,1.8776,1.1904,1.8502,1.2494,1.779,1.2134,1.7632,1.2702,1.7104,1.2271,1.6683,1.2443,1.6305,1.1926,2.3134,0.9854,2.3101,0.925,2.1055,1.0394,1.9703,1.0818,1.8722,1.1041,1.767,1.1181,1.7006,1.1235,1.6289,1.1251,0.488854191,0.212680159,0.128331797,0.090877775,0.060498264,0.051480579,0.086021451,0.144056933,0.119404062,0.107675113,0.090724032,0.082955048,1.189186646,0.271811847,2.18E-05,0.099803908,0.101247025,0.069954628,0.211341454,0.210939849,0.215541759,0.216609233,0.232562529,0.265645798,1.080429549
RX013xINV7-1-V17,LBX,1.758360564,0.015628648,0.00298749,-0.005028116,-0.012856391,-0.016340204,0.003695867,-0.000975315,-0.006997994,0.005805948,0.000239058,0.005551555,-0.002821388,0.007514388,-0.003310963,0.002778543,0.000555627,-0.001109866,-0.004826575,0.000596993,-4.78E-05,0.004075434,-0.00407535,-0.0005279,-0.001495264,0.001714182,-0.001941667,-0.005246231,0.000362709,-0.00127881,0.000610967,-0.001855644,0.001297732,-0.00112736,0.000215616,-0.000389689,-0.000604462,0.002574025,-0.001063974,-0.003713711,0.000350137,-0.000500198,0.000208665,0.001884973,-0.000252342,0.001786829,-0.000836227,-0.002011227,0.000852187,-0.000598479,-0.001538749,-0.000381022,-0.000386342,-0.000732693,-1.61E-05,0.000553229,0.000407542,0.000195837,0.000637704,0.000225457,-0.000736144,2.5804,1.0529,2.6172,1.281,2.4748,1.3486,2.2519,1.3112,2.1009,1.3155,1.9631,1.3263,1.8628,1.3396,1.7891,1.3398,1.7131,1.3528,1.6417,1.3544,1.5669,1.308,1.4984,1.2433,1.431,1.1721,2.1045,1.1656,2.0289,1.2188,1.9729,1.2181,1.9225,1.267,1.8671,1.2469,1.8405,1.295,1.7758,1.2584,1.7607,1.3037,1.7024,1.2634,1.6852,1.3015,1.637,1.2282,2.2972,1.0743,2.2943,0.9987,2.1022,1.1003,1.9698,1.142,1.8619,1.1605,1.7708,1.1694,1.6996,1.1731,1.6347,1.1748,0.471672567,0.207186196,0.120560732,0.071866891,0.049864316,0.045932233,0.058396062,0.151061213,0.138222574,0.101177962,0.073700271,0.077103826,1.155564364,0.278617623,1.68E-05,0.109649806,0.092021411,0.073570103,0.194500797,0.189206607,0.193473616,0.194244897,0.217461399,0.258628885,1.008354352
RX013xINV7-1-V18,LBX,1.767106455,0.026925076,-0.006495,-0.007891905,-0.007845922,-0.001277159,-0.002630441,0.008246664,-0.006610267,0.009740934,0.012989715,0.002898337,0.010477884,0.016836854,-0.006969871,0.003570956,0.000289818,-0.000867015,-0.003438793,-0.000104219,0.000990904,0.003055819,0.001935056,-0.001021331,-0.003165076,-0.004119121,0.003055988,-0.006019434,-0.001143289,-0.000507553,0.00278153,0.003002849,-0.004069191,-0.001242224,-0.001846819,0.001320483,-0.003003003,-0.006113814,-0.001704228,-0.001011765,0.000898622,-0.002311283,-0.002321137,-0.002922819,-0.003894966,-0.000217909,-0.000167403,0.000195692,-0.002525791,0.000867965,0.001324003,9.78E-05,3.81E-05,-4.68E-05,-0.000157834,0.000540444,0.000346402,-7.12E-05,-0.000850279,-0.00051359,-0.00020426,2.6332,1.068,2.6474,1.2659,2.4892,1.3292,2.2745,1.3001,2.1214,1.3058,1.9926,1.3274,1.8858,1.3357,1.8082,1.345,1.7406,1.3536,1.6751,1.3529,1.5874,1.3058,1.5275,1.2395,1.4669,1.1627,2.1451,1.157,2.0647,1.205,2.0086,1.2082,1.9595,1.2427,1.9056,1.2368,1.8679,1.281,1.8069,1.2513,1.7864,1.2902,1.7373,1.2589,1.7114,1.294,1.657,1.2276,2.3249,1.0707,2.3227,0.9865,2.1429,1.0734,2.0049,1.1203,1.9056,1.1467,1.8015,1.1634,1.733,1.1704,1.6564,1.1764,0.49317945,0.192929961,0.115652626,0.090937891,0.057554322,0.058976945,0.066368667,0.15320607,0.130598622,0.107122033,0.078155294,0.068144846,1.170138359,0.281998723,9.68E-06,0.10689696,0.099759411,0.070013713,0.196187359,0.19010576,0.191817048,0.200552961,0.219049081,0.26212869,1.05094507
RX013xINV7-1-V22,LBX,1.751698469,0.026565971,0.008526533,-0.007452307,-0.001422858,-0.011673741,0.014664316,-0.001628613,-0.009421495,0.001597619,0.000282016,-0.002348539,0.002301393,0.006130593,-0.002620492,0.00455062,-0.000963696,-0.004840202,-0.006290594,-0.002634124,-0.001549614,0.00476818,-0.003583132,-0.003891936,-0.001907841,0.001451514,0.0006885,-0.00146719,0.004386945,-0.003156449,0.001696971,0.000440732,-0.001261455,0.001976647,0.000276336,-0.001563854,-0.002320884,-0.000815666,-0.001111844,-0.001575574,-0.001127089,0.001611824,0.000858085,-0.001119025,0.00133671,0.000135104,-0.000585569,0.0001282,0.000203069,0.000132471,-0.000250877,0.000758121,-0.001843308,-0.001162767,0.00013277,0.001248557,0.000555623,-0.000202517,-0.000230818,-0.000254891,5.23E-05,2.5599,1.0227,2.6,1.2422,2.4604,1.3184,2.2522,1.2893,2.1106,1.302,1.9768,1.3193,1.8679,1.3312,1.7907,1.3387,1.7082,1.3468,1.6381,1.3479,1.5539,1.302,1.4822,1.2406,1.4234,1.1758,2.0998,1.1467,2.0361,1.1974,1.9752,1.2006,1.9277,1.246,1.8675,1.235,1.8416,1.2799,1.774,1.2519,1.765,1.2979,1.6996,1.2616,1.6798,1.2868,1.6334,1.2256,2.2843,1.053,2.2799,0.9736,2.0982,1.0782,1.9696,1.1253,1.8632,1.1476,1.7711,1.1588,1.6998,1.1667,1.6324,1.1713,0.473026606,0.208711571,0.128418885,0.08822528,0.057648764,0.048219602,0.066381925,0.142168386,0.134913787,0.109548254,0.077563458,0.082896683,1.146765826,0.275162679,3.87E-05,0.113060382,0.095015051,0.075029661,0.191169794,0.194542566,0.197716969,0.205878241,0.226061695,0.261302909,1.021454497
RX013xINV7-1-V23,LBX,1.739284176,0.015829321,0.001542827,0.014518501,0.000505659,0.004012252,0.008772653,-0.008644983,-0.004158793,0.007525598,0.003091589,-0.003608216,-0.00458217,0.01016166,-0.007765517,0.000501013,-0.002006034,0.000588328,-0.002230742,-0.005926208,0.001728855,0.003368335,-0.001549511,0.001511959,-0.007778736,0.001409943,0.000791555,-0.001831728,0.001964755,-0.002880517,-0.00213482,0.000995,0.001640045,0.001908292,0.001303202,0.000326549,-0.001667038,0.002658398,-0.003405382,-0.002154209,0.001663749,0.000287223,-0.000627508,-0.001781765,0.001044896,-0.000687904,0.000324476,0.000167336,-0.00097168,-0.000227238,0.000196271,0.001040328,0.00163008,0.000789037,-0.000639264,-0.000178247,-0.000990197,-0.000227803,-0.000264361,-0.000341263,-0.000427559,2.5453,1.0365,2.5726,1.2364,2.423,1.3457,2.2044,1.317,2.0696,1.3281,1.9373,1.3439,1.8315,1.3562,1.7632,1.3605,1.6913,1.3655,1.6201,1.3648,1.5448,1.3182,1.4676,1.246,1.4018,1.1645,2.0717,1.1607,2.0011,1.2174,1.9412,1.219,1.8927,1.2632,1.8344,1.2443,1.8074,1.2961,1.7492,1.2573,1.7384,1.3123,1.6784,1.2659,1.6579,1.2943,1.6082,1.2303,2.2569,1.0689,2.2576,0.9941,2.0728,1.094,1.9391,1.1386,1.8319,1.1609,1.7481,1.1685,1.6737,1.1724,1.6057,1.1748,0.468696501,0.205034095,0.130179645,0.092204393,0.064751988,0.054205904,0.078644771,0.135256238,0.133240122,0.106512581,0.068435225,0.072073643,1.150641669,0.296268426,9.80E-07,0.109755774,0.086186078,0.071320404,0.209030739,0.208307129,0.205394377,0.211182764,0.230088027,0.258935436,0.977335239
RX013xINV7-1-V24,LBX,1.759940642,0.033738614,0.01723286,-0.011370062,-0.004681766,0.002148456,0.013699149,-0.00495769,-0.001371909,0.005245915,0.005642812,-0.006616601,-0.006810214,0.00375341,-0.007282354,-0.005022901,-0.001401276,0.005404809,0.00415553,-0.001690559,-0.004125642,-0.002138315,0.000240518,0.006790241,-0.000406585,-0.002388076,-0.001246866,-0.002298801,0.001359557,-0.003276808,-0.003079034,0.000426605,-0.004378225,-0.002408502,0.000870395,0.000794659,-0.003265318,-0.000381863,-0.000431571,0.000315087,-0.00035149,-0.000407585,-0.000759547,-0.000833618,-0.000937068,-0.001020572,-0.000802192,0.001873978,0.00116984,-0.000457448,-0.001372351,0.001504144,0.00072809,0.000429853,3.73E-06,-0.002218304,-0.000911238,-0.000446717,-0.000335626,-0.000613677,-0.000493658,2.6257,1.0162,2.6661,1.1944,2.5309,1.2907,2.3188,1.2663,2.1864,1.2778,2.0469,1.2936,1.9362,1.3094,1.8657,1.3152,1.7866,1.3296,1.7039,1.3263,1.6181,1.2794,1.5475,1.2163,1.4768,1.1419,2.1699,1.1138,2.0939,1.1731,2.0356,1.1667,1.9892,1.2152,1.932,1.2006,1.9083,1.2546,1.8441,1.2141,1.829,1.267,1.7713,1.2276,1.7611,1.2864,1.6974,1.1909,2.3484,1.007,2.349,0.9466,2.1681,1.0379,2.034,1.0861,1.9297,1.1174,1.843,1.1307,1.7661,1.1347,1.6935,1.1383,0.478749057,0.213137186,0.139708053,0.097343978,0.061493496,0.060581598,0.050164629,0.132898495,0.140391916,0.111821867,0.070738179,0.080400062,1.1557559,0.292536784,7.20E-07,0.109005367,0.088930647,0.074041137,0.212751733,0.206156276,0.201543866,0.211618241,0.244897223,0.273636712,1.112835882
RX013xINV7-1-V26,LBX,1.812295179,0.009182248,0.000533489,0.002646614,-0.007564308,-0.014765626,0.014139774,-0.007725318,-0.008812954,0.008288055,0.006319688,0.004963789,-0.0061153,0.012864185,-0.007549669,-0.001031418,0.006756878,0.000639719,0.002550864,0.001755528,-0.002663354,0.002874871,-0.004153718,0.000477078,-0.002509294,0.003587942,-0.003682972,-0.005891804,0.002456071,-0.001220928,0.000157356,-0.000416912,-0.002592224,0.000330025,0.001204189,-0.003427674,-0.000824596,0.001778038,-0.002607034,0.000476631,-0.001528564,-0.001442195,0.002426179,0.000422315,0.000865392,-0.000589299,-0.000923109,0.001438108,-0.000618779,0.00086975,0.000307346,-0.000336741,-0.000365542,0.00071616,0.001121549,0.000507592,-0.000648478,-0.00033758,0.000834556,-0.000163985,-0.000427168,2.6375,0.9773,2.6953,1.1947,2.5428,1.2882,2.3213,1.267,2.158,1.2749,2.0081,1.295,1.9088,1.3069,1.8366,1.3134,1.7535,1.3188,1.6877,1.3166,1.6097,1.267,1.5406,1.2044,1.4745,1.1318,2.1598,1.1124,2.0908,1.167,2.0237,1.1661,1.9757,1.2228,1.9164,1.2012,1.891,1.2627,1.8236,1.2179,1.8107,1.2681,1.7454,1.2287,1.7362,1.2681,1.6812,1.1882,2.3526,1.0027,2.3475,0.9365,2.158,1.0458,2.02,1.0928,1.9083,1.1165,1.8123,1.1257,1.7389,1.1289,1.6777,1.1313,0.484565372,0.223569698,0.127115105,0.079136591,0.047649554,0.052181414,0.053570328,0.163490978,0.151241595,0.100010499,0.072492,0.083275266,1.173217478,0.282144077,5.20E-05,0.112895084,0.094290668,0.078942257,0.202242157,0.208771502,0.205294155,0.204504988,0.228482844,0.274947868,1.116158313
RX013xINV7-1-V27,LBX,1.732700497,0.045240651,-0.012711516,-0.022891577,0.006402804,-0.001173598,0.002174417,-0.019219069,0.003505133,-0.007320539,0.015809569,-0.003332132,-0.005654783,0.016736699,0.002621854,0.006391677,-0.016457616,-0.005711337,0.00042407,-0.00392781,-0.006186031,-0.010459843,0.005712817,0.003230042,-0.001004245,-0.002776174,0.000219502,-0.001615054,0.007699653,-0.000426995,-0.005601955,-0.000767097,0.004191021,0.002521938,0.000636275,-0.00068166,0.001002222,0.00167507,-0.000407138,0.000309095,-0.001149016,0.000331802,0.000624495,-0.000592178,-8.53E-05,-0.000723429,0.000403117,-0.001374385,-2.82E-06,0.000905371,7.56E-05,-0.001129768,0.001043083,0.000486835,-0.001410815,0.001431604,-0.000349362,-9.93E-05,-2.93E-05,-0.000398812,-0.000364754,2.5885,1.0185,2.6043,1.2055,2.5022,1.2846,2.2724,1.2638,2.1415,1.2803,2.0128,1.3026,1.9027,1.3216,1.8236,1.3346,1.7589,1.3436,1.6942,1.3501,1.6086,1.3105,1.5316,1.2443,1.4633,1.1753,2.1375,1.1192,2.0852,1.1861,2.028,1.185,1.9763,1.233,1.9218,1.2228,1.8883,1.2724,1.843,1.2487,1.8064,1.2896,1.7557,1.2584,1.7395,1.3069,1.664,1.2195,2.3479,1.0264,2.3472,0.9495,2.1397,1.0609,2.0291,1.1009,1.9239,1.1278,1.8468,1.1419,1.7535,1.1553,1.6634,1.1672,0.48400655,0.197755329,0.109742107,0.078590139,0.051264022,0.048175097,0.041512046,0.131935818,0.130617686,0.111727391,0.08016115,0.065322967,1.136072744,0.289602918,9.80E-07,0.112726572,0.082947272,0.087837236,0.200592148,0.192516233,0.188193783,0.196107751,0.211702905,0.242441127,1.114186147
RX013xINV7-1-V28,LBX,1.719300206,0.018257572,0.007728874,0.002208074,-0.000297591,-0.011129381,-0.004101265,0.002131353,0.007995356,0.007616896,0.002086302,-0.003455564,6.61E-05,0.003990904,0.000354358,-0.006547467,0.005036366,0.001653987,-0.006286883,-0.003207022,-0.00174153,-0.000627223,0.00065903,-0.002315191,-0.004191631,-0.001075855,-0.003145288,-0.003966841,0.002579593,-0.00387291,0.001049399,0.003070586,0.001980539,-0.001011761,-0.002058363,0.00047352,0.000569264,0.00154038,0.001139433,0.000226039,-0.002191508,0.001216727,-0.001533582,-0.001877591,0.001206228,0.001106897,-3.94E-05,0.000695842,4.02E-05,0.000200386,-0.000367579,0.000853323,0.000751817,0.000881199,-0.000517112,-0.000302443,-0.000226247,0.000941926,-0.001139896,0.000121543,-0.000495242,2.6075,1.0002,2.6636,1.2246,2.514,1.3065,2.2724,1.2677,2.1444,1.286,2.0315,1.3069,1.9315,1.322,1.8545,1.3335,1.7855,1.3465,1.7114,1.3421,1.6277,1.3008,1.5529,1.2389,1.4874,1.1699,2.1541,1.1293,2.08,1.1875,2.0268,1.1911,1.9808,1.2314,1.9218,1.2235,1.8995,1.276,1.8369,1.2429,1.8247,1.2896,1.7686,1.253,1.7524,1.2918,1.6931,1.2184,2.322,1.0257,2.322,0.9624,2.1508,1.0645,2.0153,1.112,1.9135,1.135,1.8263,1.1483,1.7567,1.1548,1.6882,1.1602,0.469531479,0.182069904,0.117684366,0.090943609,0.056035703,0.05305893,0.063935123,0.129301547,0.114818204,0.101133624,0.07785403,0.070213959,1.132882209,0.282539979,0,0.109885213,0.087088289,0.06904274,0.210178448,0.20371188,0.203073213,0.208503261,0.216662895,0.236805405,1.072215025
RX013xINV7-1-V31,LBX,1.687352083,0.01964072,0.017804349,-0.009212742,-0.011338043,0.001515325,0.014727116,-0.004010314,-0.008178297,0.000113983,0.013816299,0.001606963,-0.001064472,-0.003000705,-0.005181106,-0.000806535,0.00031159,0.005503233,-0.005413107,0.002852209,0.000970146,-5.90E-05,-0.000731477,-0.001647063,0.00229338,-0.001394811,-0.000522623,0.001480267,0.003668374,-0.002636526,0.005004421,0.003204032,0.002849515,-0.002437644,-0.000820326,-0.003758861,-0.002212969,-0.000195481,-0.0016831,0.00160028,0.001329638,-0.001712859,-0.00040283,0.001260057,0.001098493,0.000775361,0.000296773,0.000185167,0.000860816,-0.000168427,0.000202607,0.000523573,0.000908081,-0.001179693,-0.000641106,0.000418733,-0.00147231,-0.000270651,-0.000403889,0.001378262,-0.000889568,2.5879,1.028,2.6332,1.1931,2.5146,1.301,2.3038,1.279,2.1607,1.2855,2.0449,1.297,1.9364,1.3215,1.8501,1.3236,1.7832,1.3333,1.7109,1.3387,1.6332,1.301,1.5663,1.2465,1.4973,1.1758,2.1471,1.1381,2.0816,1.1848,2.0191,1.192,1.9781,1.2309,1.9256,1.2229,1.899,1.2704,1.835,1.2424,1.8234,1.2848,1.7702,1.2546,1.7497,1.2859,1.6942,1.2238,2.3139,1.0248,2.3139,0.9666,2.1435,1.068,2.0133,1.1176,1.9177,1.1392,1.8274,1.1537,1.7643,1.1586,1.6882,1.1661,0.460936981,0.210731346,0.128051943,0.093975795,0.063324324,0.047099151,0.058043174,0.143247548,0.116369627,0.11123174,0.086325547,0.067599556,1.100569489,0.268628684,0,0.098473651,0.092674754,0.065938456,0.19230403,0.185974837,0.200094578,0.202683694,0.223421507,0.264985075,1.066672288
RX013xINV7-1-V32,LBX,1.701632446,0.076299568,0.003748679,-0.016953929,0.007278967,-0.000537539,0.002406234,-0.024673704,0.023461827,-0.003792965,0.020029814,-0.010666469,0.007324822,0.006427692,-0.006489657,0.001006945,0.000854719,0.001538945,-0.001159232,0.010568825,-0.007066463,-0.003491315,0.004482542,-0.003375398,0.000910268,0.000973397,-0.005567447,-0.001981033,0.004395799,-0.001156188,0.002579167,-0.00135586,-0.004663098,-0.001432113,0.002022558,0.004560107,-5.56E-06,-0.000881586,-0.000845702,-0.001202076,0.001131774,0.001398752,7.17E-05,-0.001142732,0.000147046,0.000574978,0.001669828,-4.17E-05,0.000420556,0.001574079,0.001675807,0.000437755,0.000344182,0.00097598,-0.000479198,-0.000487559,3.91E-06,0.000105868,0.001197469,-0.000513816,1.62E-05,2.5956,1.0336,2.6172,1.2192,2.5065,1.2882,2.2954,1.2573,2.1717,1.2681,2.0502,1.281,1.9461,1.2967,1.8673,1.3058,1.7956,1.3155,1.7341,1.327,1.6431,1.286,1.5604,1.2192,1.4914,1.1444,2.198,1.0915,2.1192,1.1564,2.0669,1.1505,2.0183,1.2023,1.9585,1.1893,1.9283,1.247,1.8673,1.2071,1.8511,1.2578,1.795,1.2195,1.781,1.2708,1.7044,1.198,2.3673,0.9739,2.3666,0.9272,2.198,1.025,2.0653,1.075,1.9531,1.1068,1.8635,1.1246,1.7894,1.1348,1.7057,1.1437,0.504958622,0.192292486,0.123422607,0.084919374,0.052791382,0.050660043,0.04702393,0.124170568,0.122182896,0.105277253,0.079323704,0.072353162,1.109745142,0.303720348,9.80E-07,0.115134704,0.092920827,0.073355641,0.193900103,0.187907983,0.190895705,0.199434325,0.220473513,0.251892934,1.137219222
RX013xINV7-1-V35,LBX,1.707079364,0.023838877,0.00439376,0.003801269,-0.007789629,-0.002336751,0.004995312,0.003201333,0.001662135,0.013258081,0.005735931,-0.004375904,-0.000157695,0.002675243,0.001867445,-0.005998902,0.00626436,0.000544725,-0.001015644,-0.001685629,-0.001806722,-0.003322254,-0.003818693,-0.001585055,0.000589786,0.003248054,-0.001777734,0.000111374,-0.001893012,-0.000387703,0.000160097,0.001243497,-0.000184666,-0.001611088,0.00077139,-0.001745978,-0.002101203,-6.59E-05,-0.000505407,-0.000960351,0.000500364,0.001618089,-0.001899218,0.000590166,0.000785441,0.001226315,-0.000110935,-0.001667796,0.000510342,0.00119388,-0.000569907,0.000221637,0.000438018,0.000681495,0.000948845,-2.95E-05,2.70E-05,0.000467593,-0.001159835,0.000460926,6.47E-05,2.5372,1.069,2.5917,1.2616,2.4266,1.3565,2.2098,1.3252,2.0836,1.3382,1.9595,1.3528,1.8592,1.3673,1.7837,1.3716,1.7087,1.3878,1.641,1.391,1.5618,1.3529,1.4907,1.2868,1.4259,1.2184,2.089,1.1839,2.0135,1.2371,1.9552,1.2386,1.9121,1.2825,1.8524,1.2695,1.8308,1.3177,1.7682,1.2846,1.7575,1.3364,1.6935,1.2968,1.6784,1.34,1.6316,1.2638,2.2573,1.0786,2.2566,1.0189,2.0847,1.1111,1.9444,1.1575,1.843,1.1796,1.7562,1.1936,1.6877,1.2006,1.6273,1.2039,0.464326146,0.185898709,0.123025282,0.084787086,0.057155227,0.043880292,0.056594434,0.126867805,0.124955872,0.101342686,0.075622351,0.076729655,1.121297485,0.275787545,9.80E-07,0.107343607,0.085543264,0.075689695,0.201109846,0.196104564,0.201942294,0.208735455,0.228098948,0.247969393,0.961329168
RX013xINV7-1-V36,LBX,1.725338453,0.045382402,-0.01333111,-0.00448618,0.020004085,-0.001114174,-0.01480222,-0.008369115,0.000934973,0.005547881,0.009426766,0.00727036,0.000879552,0.009672343,0.002423081,0.002359407,-0.003903199,0.007736241,-4.38E-05,-0.001430545,-0.003143007,-0.001541798,0.000183574,-0.001094045,-0.002918815,-0.004269454,-0.002126668,-0.001833011,0.003832083,0.003633525,0.00037217,0.000467903,-0.00204738,-0.002669626,-0.000237621,0.003392329,-0.001119294,-0.000143242,-0.000830912,0.000104292,-0.001406568,-0.000176096,-0.001224462,0.000169738,-5.18E-05,-0.000564675,4.75E-05,-0.001202762,0.000696233,0.000158623,0.000774487,-0.000803152,-0.000921289,0.000151908,-3.51E-05,-0.000503626,0.000847118,-0.000456459,-0.000321248,0.001210346,-0.001032742,2.5933,1.0485,2.6057,1.2691,2.45,1.3457,2.2332,1.3155,2.1109,1.3249,1.9858,1.335,1.8804,1.3497,1.8042,1.3601,1.7431,1.3684,1.6726,1.3727,1.5874,1.3252,1.52,1.267,1.4536,1.1926,2.1365,1.1602,2.0545,1.2206,2.0054,1.2179,1.9563,1.2616,1.8991,1.2492,1.8722,1.2994,1.8168,1.2663,1.7945,1.3166,1.7433,1.2805,1.7298,1.329,1.6332,1.2557,2.3188,1.0699,2.3188,0.9987,2.1332,1.0951,2.0038,1.1401,1.8952,1.1641,1.8121,1.1825,1.7377,1.1872,1.6309,1.1951,0.512280333,0.182945292,0.118572552,0.079106321,0.050964007,0.044568374,0.041584252,0.122660711,0.125507052,0.106420158,0.076906437,0.061661171,1.14877365,0.283543665,0,0.110812364,0.084057718,0.074859134,0.206450309,0.185247564,0.180612098,0.193430013,0.213591784,0.242025123,1.033117907
RX013xINV7-1-V38,LBX,1.684379788,0.02660344,-0.01071311,-0.006298033,-0.004859562,0.008821104,0.001715088,0.022238721,0.021113077,0.017046373,0.003554309,0.00601963,0.002485142,0.009607247,0.003052939,0.004291253,-0.004586807,-0.009291919,-0.005200891,-0.005336357,-0.001511296,-0.007065946,-0.001814025,0.001986432,0.001262423,0.002225302,0.001956495,-0.001215867,0.001892547,-0.003435246,-0.001390183,-0.003613559,-0.002777289,0.002102643,-0.000555961,0.002076572,-0.003928554,-0.003570957,0.000556454,-0.002154676,0.001184951,-0.000877932,-0.000147722,-0.001360539,0.000256309,-0.000552162,-0.001043109,0.000965624,-0.000173278,0.000400107,-0.000929905,0.00068593,0.000666791,-0.000323237,-0.000249019,0.000196623,-7.28E-05,0.001586198,0.00016406,0.001659692,5.63E-05,2.5525,1.0293,2.5784,1.212,2.4245,1.3155,2.1839,1.2724,2.0653,1.2825,1.9455,1.2997,1.8477,1.3119,1.7816,1.3213,1.7066,1.3366,1.6456,1.3425,1.5588,1.3096,1.4881,1.2492,1.4266,1.1904,2.0814,1.1321,2.0102,1.1904,1.9606,1.1872,1.9121,1.2314,1.8592,1.2238,1.8279,1.2616,1.7756,1.2416,1.7513,1.2713,1.7033,1.2573,1.6834,1.2929,1.646,1.2113,2.2526,1.057,2.2512,0.9743,2.085,1.0494,1.9588,1.1001,1.8574,1.126,1.7754,1.1472,1.699,1.1602,1.644,1.1661,0.442544687,0.173753676,0.107323902,0.076029271,0.054056729,0.058464434,0.04947656,0.119029282,0.121028426,0.098558003,0.066765036,0.076544693,1.137367144,0.266637225,3.92E-06,0.107803154,0.085473973,0.073984998,0.18162877,0.181041349,0.179870453,0.19476473,0.211215553,0.243947146,0.995967836
RX013xINV7-1-V39,LBX,1.676596786,-0.015390395,0.046982944,0.000598565,-7.88E-05,0.013392108,-0.026282163,0.004897582,-0.015131769,0.007926658,0.006842695,0.006946671,-0.000404177,0.006509043,-0.018656291,0.00306202,-0.004669222,0.012541446,-0.008552445,0.001959066,-0.008048445,0.000780475,0.00919728,0.007134095,-0.006004582,-0.002088062,0.004803808,-0.003042243,0.00644324,-0.002565966,0.000430883,-0.001693979,0.002227542,0.000588735,0.000592366,0.001933351,-0.000643501,-0.001410873,-0.001873023,0.000417262,-0.000259401,-0.001839887,0.000170829,-0.000171491,0.000267153,0.000143214,0.000776596,-1.40E-05,-0.000675486,0.001027332,-7.62E-05,0.000321043,-0.000656888,-0.001350791,-0.000733829,0.000288725,0.001033586,-5.84E-05,0.000125012,-0.000661478,-0.00031516,2.5809,1.048,2.5946,1.2335,2.4881,1.327,2.2433,1.3091,2.1009,1.3145,1.9822,1.3252,1.8916,1.3436,1.833,1.3454,1.7625,1.3511,1.6942,1.3526,1.5982,1.3058,1.5232,1.2346,1.4601,1.1634,2.0858,1.158,2.0124,1.2141,1.9687,1.212,1.9261,1.2578,1.8706,1.2379,1.8441,1.2837,1.7896,1.2535,1.781,1.2961,1.7251,1.2623,1.7114,1.2934,1.6127,1.2282,2.2335,1.0725,2.2271,1.0128,2.0843,1.0937,1.9675,1.1339,1.8704,1.1562,1.7902,1.1663,1.724,1.171,1.6127,1.175,0.478279887,0.218260074,0.133837252,0.087692474,0.07644776,0.071655356,0.077074639,0.142502351,0.11918129,0.092449554,0.058627639,0.07073005,1.126725255,0.300997425,8.19E-05,0.101461421,0.082488545,0.065097542,0.231195264,0.205660789,0.204248011,0.202633265,0.22452599,0.267727772,0.953363336
