ID,species,cut_edge_aysmmetry,centroid_size_right,Comp1,Comp2,Comp3,Comp4,Comp5,Comp6,Comp7,Comp8,Comp9,Comp10,Comp11,Comp12,Comp13,Comp14,Comp15,Comp16,Comp17,Comp18,Comp19,Comp20,Comp21,Comp22,Comp23,Comp24,Comp25,Comp26,Comp27,Comp28,Comp29,Comp30,Comp31,Comp32,Comp33,Comp34,Comp35,Comp36,Comp37,Comp38,Comp39,Comp40,Comp41,Comp42,Comp43,Comp44,Comp45,Comp46,Comp47,Comp48,Comp49,Comp50,Comp51,Comp52,Comp53,Comp54,Comp55,Comp56,Comp57,Comp58,Comp59,Comp60,Comp61,Comp62,Comp63,Comp64,Comp65,Comp66,Comp67,Comp68,X1,Y1,X2,Y2,X3,Y3,X4,Y4,X5,Y5,X6,Y6,X7,Y7,X8,Y8,X9,Y9,X10,Y10,X11,Y11,X12,Y12,X13,Y13,X14,Y14,X15,Y15,X16,Y16,X17,Y17,X18,Y18,X19,Y19,X20,Y20,X21,Y21,X22,Y22,X23,Y23,X24,Y24,X25,Y25,X26,Y26,X27,Y27,X28,Y28,X29,Y29,X30,Y30,X31,Y31,X32,Y32,X33,Y33,X34,Y34,X35,Y35,X36,Y36,Cutwindow_length_right,Sut1_length_right,Sut2_length_right,Sut3_length_right,Sut4_length_right,Sut5_length_right,Sut6_length_right,Arc1_width_right,Arc2_width_right,Arc3_width_right,Arc4_width_right,Arc5_width_right,Arc6_width_right,Rightface_len,cut_edge_length,window_to_edge1,window_to_edge2,Intersect_to_top_dist_right,dist_arc2_arc3_right,dist_arc3_arc4_right,dist_arc4_arc5_right,Rightface_height1,Rightface_height2,Rightface_height3,Rightface_height4,Rightface_height5,Rightface_height6,Rightface_height7,cutting_depth1,cutting_depth2,rail_length,window_to_rail
FEB1xPBX012-1-V35,LBX,0,1.952144613,0.023707655,-0.027621321,0.007310456,0.001233403,0.005957676,0.002371972,-0.004892773,0.005823168,-0.012751127,0.0085083,0.003472563,0.004384469,0.015211771,-0.017881365,-0.005801902,0.001672135,-0.004425367,0.005275153,-0.004247946,-0.005235807,0.002410704,0.001563795,-0.005576036,0.005838104,-0.007518614,-0.000791802,-0.001345851,-0.004332598,-0.001580217,-0.006316993,-0.004573094,0.001200878,0.001470759,0.000614883,0.002134812,-0.002396816,0.000596377,-0.002767104,0.00339946,-0.000813352,0.002721329,0.000424312,0.000336842,0.00159772,-0.001185517,0.000202314,0.001805003,-0.001272014,-0.000463429,8.27E-05,-0.000266508,3.27E-05,6.41E-05,9.45E-05,0.000977314,-0.000384991,-0.00037164,-0.000450663,-0.000128247,0.000193657,-0.000266004,-0.000223591,0.000114995,0.00040427,-0.000445529,0.000376582,-0.000585306,0.000121388,1.4536,0.9995,1.4482,1.2238,1.6165,1.3447,1.8495,1.3037,1.9552,1.3109,2.0775,1.3181,2.1767,1.326,2.2328,1.3303,2.3191,1.3375,2.3889,1.3414,2.5227,1.3026,2.6241,1.2384,2.7082,1.144,1.9358,1.116,2.0167,1.1699,2.075,1.1688,2.1257,1.212,2.1861,1.1958,2.2131,1.2584,2.2735,1.212,2.2864,1.2724,2.3425,1.2238,2.3684,1.2735,2.4018,1.3101,2.4234,1.1942,2.4871,1.267,2.5685,1.1969,2.6419,1.1284,1.7783,1.0232,1.7762,0.9736,1.9351,1.0577,2.0789,1.1037,2.1893,1.1239,2.2772,1.1338,2.3457,1.1397,2.4234,1.1413,0.493830943,0.206588915,0.153828638,0.116535188,0.07677708,0.078901014,0.080786694,0.105944939,0.122511755,0.099514069,0.056264554,0.086599827,0.069908869,1.262894061,0.244057801,0.289190387,0.20550944,0.049644436,0.114333766,0.088888694,0.070001714,0.203052358,0.22152826,0.21688958,0.224082306,0.241316245,0.26046758,0.404004084,0.068110572,0.069380184,0.879431367,0.145347102
FEB1xPBX013-1-V12,LBX,0,2.016501626,0.011472746,0.013691343,-0.010492943,0.011638153,-0.009093698,-0.014585043,-0.001618242,-0.004275701,0.003477431,-0.002523003,0.000230968,0.00367959,-0.000340997,-0.006319261,0.004867531,0.0031334,-0.009735064,-0.002228442,-0.000391166,-0.001591428,-0.00438427,0.000556665,0.003661085,-0.004072755,-0.006537432,-0.001077466,-0.001055757,-0.00021278,0.000673822,0.001736236,-0.001486583,0.000936417,0.00131427,-0.000648518,-0.000854708,-0.000480337,-0.001094836,0.001667556,0.001312432,-0.00290399,-0.000127489,9.75E-05,-0.000340554,0.002384431,0.002369067,0.001805993,0.002460136,0.001416332,8.45E-05,0.000300914,0.000478887,0.001079081,3.66E-05,-0.000569589,0.000386616,-0.000144986,0.000441634,0.000922336,-8.99E-05,0.00046233,-0.000114054,0.000618116,0.000307227,0.001251381,-0.001021079,0.00045965,0.000508375,0.000378765,1.504,1.0606,1.5169,1.308,1.6909,1.3972,1.9225,1.3468,2.0635,1.3497,2.1872,1.3554,2.2972,1.3641,2.3662,1.3698,2.4382,1.3756,2.5036,1.377,2.6246,1.3393,2.7129,1.2771,2.7862,1.1764,2.0239,1.1803,2.1102,1.2343,2.1656,1.23,2.2238,1.2753,2.272,1.2616,2.3116,1.3134,2.3576,1.2745,2.3889,1.3166,2.4256,1.2832,2.4525,1.3188,2.514,1.3436,2.5043,1.2368,2.5906,1.3042,2.6661,1.2368,2.7314,1.1683,1.797,1.0649,1.7934,0.9987,2.02,1.1063,2.1674,1.1501,2.2659,1.1695,2.3529,1.1803,2.422,1.1875,2.5018,1.1926,0.483711081,0.194946685,0.124491164,0.088065714,0.052705313,0.057840557,0.058572434,0.14102982,0.123831256,0.110343509,0.069235034,0.072233233,0.065414983,1.287418533,0.229457992,0.288298058,0.212457172,0.066297813,0.110993333,0.086566564,0.068554285,0.184408785,0.190648708,0.192054497,0.201872485,0.225023043,0.259512042,0.411471141,0.055395397,0.061760262,0.9532094,0.133275729
FEB1xPBX013-1-V18,LBX,0,1.979848617,0.019275851,0.022557122,-0.024405473,0.016909432,-0.004196028,-0.004493055,0.001223791,0.006967984,0.005874112,-0.001647082,-0.005020759,0.004055034,-0.005266996,-0.00784975,0.002802056,-0.001645964,-0.006475464,-0.006218697,0.006920122,0.001651072,0.001398548,0.002081784,0.00018054,0.00040264,-0.005169667,0.004619928,-0.000210247,-0.000739124,0.000898679,0.002560324,0.000301644,-0.001581607,-0.001543809,-0.000580449,-0.001588944,0.000490264,9.56E-05,0.003579204,0.000258123,-0.001234113,0.000176364,-0.000538308,-0.000652424,0.000511639,0.001021223,-0.000548195,0.000764067,0.000692603,0.000511672,-0.000815265,-0.001398241,-0.000515172,-0.000128921,0.000242838,-8.63E-05,-0.000791775,-0.000133864,0.000773485,-0.000754557,-0.000389176,2.08E-05,0.000521304,-0.000387577,0.000306918,0.000272563,-0.000197347,0.000286986,0.00144225,1.4941,1.0572,1.4978,1.2789,1.6866,1.3619,1.9096,1.3062,2.0347,1.3134,2.1692,1.3213,2.2727,1.3342,2.3454,1.3371,2.4105,1.349,2.4752,1.3522,2.5931,1.3242,2.6852,1.2659,2.7513,1.185,2.0041,1.1501,2.0868,1.2062,2.1329,1.2012,2.1947,1.2537,2.2429,1.2343,2.2839,1.2864,2.3267,1.2483,2.3572,1.3001,2.3964,1.2598,2.422,1.3008,2.4806,1.3249,2.4809,1.2177,2.5654,1.2886,2.6374,1.2242,2.6877,1.1688,1.7787,1.0476,1.7744,0.9779,2.0009,1.0761,2.1303,1.1163,2.2389,1.1419,2.3225,1.1516,2.3943,1.1624,2.4799,1.1703,0.481568271,0.182475916,0.119189974,0.072249637,0.049094603,0.038836066,0.049552901,0.125307023,0.134731808,0.104300815,0.072757817,0.066178697,0.064779086,1.263679026,0.210722282,0.272370061,0.209908861,0.069832514,0.114872146,0.084961403,0.070642339,0.18196071,0.181414718,0.189269121,0.192464153,0.21906111,0.247551409,0.393909685,0.065630785,0.063432878,0.933037888,0.142610308
KMM20-V09,LBX,0,2.045744602,0.021104295,0.011761459,0.001893503,-0.010516118,-0.014432751,-0.00358632,-0.002121702,0.001423337,0.001678174,-0.001965434,-0.004953514,-0.011577724,0.009538885,0.004029629,-0.000944806,-0.004918464,-0.003083556,0.000171615,0.005104403,-0.001233927,0.000276683,0.0002991,-0.003594826,-0.0001792,0.001869869,-0.00219389,0.00267416,-0.005194467,0.000378599,0.000307037,-0.0005075,-0.000614875,0.000437177,0.003665625,0.000485954,-0.000495961,0.001434501,-0.000257618,0.002824113,0.001350297,-0.000257158,-0.000321604,-0.000648182,-0.001677353,-0.000752628,-0.001604093,0.000262724,-0.000688083,0.000521883,0.001500111,-0.000760993,-0.001302375,0.000743036,-0.00022428,0.00053222,-0.000143927,0.000443081,-0.000733453,-0.000614719,0.00132313,-0.001713411,-0.000983541,0.000380505,2.80E-05,0.000538216,-0.000873354,5.79E-05,0.000112649,1.4844,0.9676,1.4817,1.2217,1.6906,1.3198,1.8927,1.2803,2.0056,1.2889,2.1401,1.2983,2.2573,1.3033,2.335,1.3076,2.4184,1.3148,2.4932,1.3119,2.6154,1.2796,2.7075,1.2177,2.7801,1.1124,1.9876,1.116,2.0609,1.1656,2.1246,1.1624,2.1753,1.2033,2.2389,1.1904,2.2756,1.24,2.3252,1.2033,2.3587,1.24,2.4056,1.212,2.4385,1.2298,2.4962,1.2853,2.4854,1.1823,2.5852,1.235,2.6496,1.1717,2.6999,1.1041,1.7744,0.9923,1.7729,0.9297,1.9915,1.043,2.1257,1.084,2.2408,1.1057,2.3272,1.1158,2.4053,1.12,2.4862,1.1216,0.502195709,0.189737977,0.135133194,0.101311599,0.065892185,0.07163414,0.087344204,0.113227073,0.134828076,0.117306607,0.077818892,0.083710214,0.074856195,1.303765903,0.234695398,0.302876377,0.224903468,0.062617969,0.117679607,0.08725881,0.080869339,0.190428701,0.200339337,0.200105622,0.21733672,0.237503726,0.257046163,0.39868697,0.080628345,0.073948698,0.943262615,0.128730571
KMM20-V10,LBX,0,2.005713563,0.019379186,-0.003773637,0.013792191,-0.002225588,-0.0087461,-0.007064306,0.000423218,0.001156051,0.015312884,-0.004589594,-0.002672328,0.001726979,-0.00652843,0.011943233,-0.003023566,-0.000394546,0.001700479,-0.001947259,0.000349681,0.003973277,-0.003210129,-0.003008828,0.005988692,-0.000448121,3.93E-05,0.000521033,0.00424119,0.001860571,-0.00240389,-0.002760047,-0.000352126,-0.000588364,-0.000127491,0.001319649,0.001873146,-0.002205869,0.002621777,-0.001365342,-0.000617161,-0.002477475,-5.81E-05,-0.001805705,-0.000966417,9.37E-05,3.89E-05,0.000745786,0.001079444,0.001367842,0.001217675,0.000157064,-0.001260911,-0.000392987,-0.000429582,0.000740406,-0.000154601,0.000720392,-7.41E-05,0.000285946,0.000317032,0.000996508,-0.000753477,-0.000447442,0.000621359,0.000949205,0.000394185,0.000532326,9.84E-05,0.000104237,1.4951,0.9612,1.4817,1.2098,1.6543,1.3198,1.8416,1.2893,1.9998,1.2893,2.1286,1.2958,2.2427,1.3015,2.3231,1.3058,2.3954,1.3123,2.4639,1.3139,2.5766,1.2832,2.678,1.2091,2.7485,1.1077,1.9959,1.1084,2.0491,1.1602,2.1073,1.1537,2.157,1.1983,2.2102,1.1839,2.2555,1.2314,2.3008,1.1976,2.336,1.2522,2.3821,1.2084,2.4072,1.253,2.468,1.2864,2.4655,1.1726,2.5491,1.254,2.6241,1.1737,2.6791,1.0998,1.7729,0.9887,1.77,0.929,1.9946,1.0502,2.1066,1.0861,2.2087,1.1059,2.299,1.1156,2.381,1.121,2.4651,1.1214,0.473968142,0.237767323,0.138192981,0.101552006,0.071259035,0.055130482,0.060462633,0.1582,0.12896391,0.114242286,0.080514905,0.072591597,0.068518684,1.26193257,0.245662085,0.290346362,0.21561192,0.059770394,0.107240151,0.091629962,0.082014206,0.19250374,0.193658075,0.194238256,0.206101965,0.229557139,0.283862308,0.407567332,0.069848193,0.064485425,0.925005649,0.138702704
KMM20-V29,LBX,0,1.990970584,0.014531165,0.002958094,-0.008792071,-0.006433128,-0.001519134,-0.004857739,0.004724328,0.003851392,0.007175014,-0.006556149,-0.011080155,-0.00210209,0.002716478,0.011869646,-0.000594713,-0.000819752,-0.001444302,0.001092031,0.001337152,-0.001370136,-0.000362966,0.000180827,-0.00311921,-0.00289304,-0.004491623,-0.003972112,0.005542919,-0.002236473,-0.00012645,0.000774637,-0.001519844,0.001523594,0.00063006,0.002501799,-8.12E-05,-0.00226359,0.000572081,0.001898143,0.000913243,-0.000736734,0.002155939,0.002238874,0.001065137,-0.000829581,-0.000661233,-0.000907355,0.000839668,0.001315703,0.001653836,0.000483368,-7.41E-05,-0.00159113,0.001022434,0.000444038,0.000247892,0.000453646,-0.000863335,-0.000414309,8.32E-05,0.00023676,0.000441587,-0.000157881,0.000550452,-0.000162499,4.60E-05,-2.73E-05,0.000113361,0.00017308,1.4935,0.9962,1.4957,1.2087,1.6661,1.3091,1.8819,1.2803,2.0146,1.2826,2.1462,1.2934,2.2584,1.2988,2.327,1.3004,2.4044,1.3051,2.4703,1.3069,2.5931,1.2807,2.6924,1.2166,2.7607,1.1152,1.9941,1.121,2.0595,1.167,2.1091,1.1627,2.1688,1.2051,2.2278,1.1929,2.2709,1.2332,2.3155,1.2066,2.3457,1.2368,2.3859,1.2147,2.4118,1.2387,2.4755,1.2789,2.468,1.1775,2.5609,1.2438,2.6305,1.1726,2.6888,1.1068,1.781,1.0108,1.7794,0.9423,1.9941,1.0507,2.109,1.0885,2.2267,1.112,2.3173,1.1199,2.3896,1.1235,2.4687,1.1246,0.477256179,0.19484694,0.124013588,0.091146311,0.066780311,0.066292156,0.066811077,0.132719931,0.132042417,0.112329871,0.068618656,0.077542569,0.065924578,1.272775251,0.23554195,0.299256713,0.227780969,0.068518684,0.12248155,0.088763619,0.070864448,0.182307021,0.187649594,0.188346542,0.198459593,0.215838296,0.25554843,0.383899896,0.072389019,0.075944783,0.924158325,0.121507613
KMM5-V11,LBX,0,1.998351258,0.021423902,0.012401475,-0.014497867,-0.000909394,-0.002860208,0.011980249,0.006616716,-0.001611298,-0.001260724,-0.006023627,-2.63E-05,0.004394602,0.005565693,0.006596957,-0.001890797,0.000889327,-0.00362743,0.002155004,-0.003354717,-0.002878544,-0.002198182,0.000361986,0.001987313,-0.003156405,-0.005608132,-0.001686796,0.002998749,-0.001859217,-0.001124346,0.003887589,-0.001668499,0.002255187,-0.006191347,0.000279774,-0.000376436,5.85E-05,0.000111847,-0.001258743,-0.001838936,0.000663339,-0.000701722,-0.000944348,-0.000137824,0.000747288,-0.000193826,-0.001514835,0.000867162,0.001434908,0.002061211,-0.001893067,-3.55E-05,0.000664857,-8.67E-05,-4.05E-05,0.000546115,0.000423818,-0.000356279,0.001209261,0.000340468,0.000492734,0.001023414,0.000426856,0.00064269,-0.000343461,-0.000702689,0.000974286,0.000180141,-0.000335074,1.4757,1.0162,1.5047,1.2433,1.6773,1.3008,1.8963,1.2702,2.025,1.2789,2.1552,1.286,2.2515,1.2947,2.3328,1.2983,2.4083,1.3069,2.4763,1.308,2.596,1.2681,2.6931,1.2001,2.7589,1.0991,1.9822,1.1063,2.0627,1.1717,2.1131,1.1616,2.1728,1.212,2.231,1.1882,2.2677,1.2314,2.3116,1.2012,2.3468,1.2458,2.3883,1.212,2.4175,1.24,2.4822,1.2751,2.4795,1.1661,2.5663,1.2346,2.6359,1.1607,2.6992,1.0922,1.7848,1.0081,1.7837,0.9387,1.9793,1.0387,2.1109,1.0811,2.2276,1.1038,2.3085,1.1127,2.3873,1.116,2.479,1.117,0.500882551,0.185045994,0.113635954,0.076064183,0.06534011,0.054334611,0.067529623,0.128993721,0.130393443,0.096692192,0.081379666,0.075988223,0.068008896,1.285875052,0.234728375,0.287321005,0.216289066,0.069408717,0.120863435,0.081641656,0.077456633,0.191019083,0.190272279,0.190717068,0.196057645,0.21564705,0.24592936,0.377408757,0.060097421,0.069456461,0.928279322,0.135971651
LBX001V02,LBX,0,2.068649565,-0.000175649,-0.012661553,-0.012018542,-0.002842751,-0.001523355,-0.01175878,-0.004555922,-0.002283178,-0.003004746,0.000722185,-0.00217873,0.002376277,-0.003393353,0.003393363,0.001212568,-0.006006743,-0.006697327,0.007100964,-0.007057406,0.008420265,-0.004342554,-0.004801851,0.002401258,-0.001556419,0.004106592,-0.003649429,0.000290628,-0.001823067,-0.003475431,0.001585652,-0.001498382,0.00204151,-0.001390134,-0.00282197,-0.001135806,-0.001184111,-0.002508199,-0.000363268,-0.001304678,0.001048106,-0.001373564,-0.000291409,-0.000223078,0.000785905,0.001804078,0.000757199,0.000657974,-0.001774403,-8.16E-05,0.001303614,-0.001232518,0.002179842,-0.001134845,-0.000348919,-0.000477029,-0.000148385,-0.00034313,-0.000537583,-0.000891837,0.001274565,-0.000219132,0.000563186,-0.000196955,-4.69E-06,0.000788259,0.000229031,0.00016638,4.49E-05,1.4802,1.0948,1.4759,1.3177,1.6485,1.4169,1.8905,1.3819,2.0556,1.3785,2.1667,1.3867,2.2709,1.386,2.3608,1.3914,2.4346,1.4018,2.4995,1.4013,2.6273,1.3716,2.7249,1.2967,2.805,1.1839,2.0146,1.2087,2.0894,1.2591,2.157,1.249,2.2109,1.295,2.258,1.2745,2.294,1.3278,2.3508,1.2886,2.3745,1.3497,2.4299,1.2942,2.4633,1.322,2.5108,1.3716,2.5029,1.2688,2.5964,1.3242,2.6676,1.2587,2.7373,1.1782,1.7949,1.1041,1.7942,1.0413,2.0153,1.1526,2.1583,1.1899,2.2586,1.2066,2.3511,1.2147,2.4323,1.2171,2.5043,1.2163,0.491984654,0.213070528,0.124091901,0.101796513,0.062616691,0.043892824,0.084804068,0.165135005,0.111402199,0.104202351,0.090062034,0.074529189,0.064901926,1.327792849,0.258473558,0.313803155,0.223746307,0.062803901,0.104169333,0.093865063,0.079297982,0.18506226,0.18839517,0.189144733,0.202192037,0.214749272,0.261062311,0.40286952,0.067939532,0.068755291,0.952984376,0.144649922
LBX001V06,LBX,0,2.064204386,-0.006236922,-0.018212094,0.002644172,-0.008197668,-0.003046442,-0.023194856,0.02018401,-0.005498307,-0.008207469,0.000198093,-0.000968105,0.004072745,-0.001202382,0.005991257,-0.002731959,-0.005484035,0.004450636,-0.008730393,-0.004021304,-0.003195481,0.00023248,-0.003661135,-0.003117477,-0.00218362,-0.000574889,-0.003650088,3.19E-05,0.000654331,0.002066732,-0.002595282,0.002177938,-0.000632858,-0.001799644,-0.003802605,-0.001781578,-0.001152289,-0.000830015,0.001984642,0.001210352,0.001049596,0.001148646,0.000163999,0.001519955,-0.000686041,0.002108181,-0.001019091,0.002201747,0.000897873,0.000694433,-0.000617859,0.001927467,0.001070046,-0.00013153,-0.000134385,-0.000420213,-0.000365089,0.001193209,0.00010195,0.001058002,0.000604604,4.06E-06,-0.000181201,7.06E-05,-4.21E-05,-0.00026727,0.000359895,0.000257202,0.000319519,1.4908,1.0356,1.4558,1.2713,1.6187,1.3781,1.8727,1.3517,2.034,1.3511,2.157,1.3598,2.2594,1.363,2.3371,1.3662,2.4213,1.3695,2.4795,1.372,2.6327,1.3263,2.7168,1.2487,2.7826,1.1447,2.0043,1.1737,2.075,1.2292,2.1311,1.2184,2.1877,1.2665,2.2411,1.2443,2.2805,1.2913,2.3357,1.2566,2.3659,1.304,2.4177,1.2645,2.4471,1.2875,2.4903,1.3436,2.4515,1.2174,2.5858,1.2853,2.6543,1.2131,2.7168,1.1359,1.7891,1.0703,1.7884,1.0085,2.004,1.1079,2.1318,1.1415,2.2386,1.1588,2.3353,1.1645,2.4137,1.1664,2.4515,1.1659,0.44933009,0.221365219,0.128610303,0.098221077,0.074740217,0.068544,0.085963015,0.161301116,0.123307299,0.102449988,0.077765867,0.084264643,0.058253669,1.296398878,0.2354752,0.338987463,0.267140001,0.061803964,0.113008009,0.095396279,0.08237967,0.207993293,0.213980373,0.212516023,0.216932155,0.231294185,0.276908162,0.406696754,0.066385842,0.071927811,0.937100486,0.145666056
LBX001V07,LBX,0,2.084439336,0.012267397,-0.001967014,-0.015569065,0.014700603,-0.005706263,-0.013181982,-0.002246499,0.011541118,-0.004194809,0.004182754,0.002324677,0.006427902,-0.002480425,0.007095835,-0.002262048,-0.000466936,0.000167454,0.001456121,0.002752535,-0.000372439,-0.002555537,-0.000685444,-0.000641864,0.003232396,0.005400303,0.001690571,0.001024586,-0.001415551,0.001916161,-0.000944028,-0.005688875,-0.000794268,-0.000939699,0.002703844,-0.002242153,0.000199317,-0.003234288,-0.000949197,-0.003062776,0.000917762,0.001582743,0.001396895,-0.000580252,-0.001909956,0.000680491,-0.000432662,-0.000725928,0.001167406,0.002287108,-0.000160548,-0.002283315,0.001184318,-0.001139414,0.000368239,-0.000581572,-0.000112003,-0.000895437,0.000268205,-0.000602955,-0.000158722,0.000167191,-0.000204983,0.00044181,-0.001059056,0.000162698,0.000496597,0.000214907,-0.000812411,1.4364,1.0998,1.431,1.3285,1.6165,1.4115,1.8545,1.3702,2.002,1.3738,2.135,1.3839,2.244,1.3849,2.3323,1.39,2.4056,1.4018,2.466,1.4061,2.5879,1.3781,2.6872,1.3042,2.767,1.1963,1.9826,1.1933,2.0494,1.2436,2.1113,1.2328,2.1667,1.2896,2.2271,1.2645,2.2594,1.3242,2.3105,1.2839,2.3536,1.3278,2.3939,1.2918,2.422,1.3292,2.4725,1.3754,2.4666,1.2697,2.5503,1.327,2.6273,1.2508,2.6909,1.1793,1.7513,1.0906,1.7501,1.0165,1.9806,1.1251,2.1113,1.1616,2.2271,1.1823,2.3119,1.1922,2.3964,1.1931,2.4687,1.1958,0.489992816,0.218410668,0.138559734,0.099485577,0.062623079,0.06574595,0.074429295,0.147543926,0.133382945,0.109004587,0.088447159,0.07424372,0.060552869,1.334094678,0.255201979,0.30923732,0.223281459,0.074109716,0.120060526,0.085626631,0.083773325,0.210317332,0.207071051,0.20431275,0.221641535,0.238695057,0.275636028,0.416981966,0.077975701,0.080246931,0.954781902,0.14133623
LBX001V08,LBX,0,2.114993175,0.014394676,-0.018137075,-0.002275021,0.014541496,-0.00206626,-0.001175438,0.002493839,0.016702313,7.25E-05,0.00011544,0.00321259,0.00759607,0.001086313,-0.000134995,-0.007487208,-0.000806986,-0.002943728,0.006478199,0.001033875,0.001383697,0.001298578,0.000705293,-0.001767188,-0.002729804,-0.000939702,0.002125498,-0.001311529,0.004852837,0.000107898,0.002114728,-4.74E-05,0.001480851,-0.000197797,0.000190179,0.000214286,0.000773633,-0.001111901,0.001566849,-0.001810837,0.001077348,0.002165093,0.001018142,-0.001305952,-0.000741983,0.000200866,-0.001305591,1.23E-05,-0.001419876,-0.002533224,0.000728239,-0.000758699,0.001502175,-0.000389094,0.000109165,-0.000145101,0.000484894,-0.001057976,0.000588946,-0.000199376,-0.000139076,-0.000682636,0.000421994,0.001034282,0.000952678,0.00026362,2.97E-05,-0.000640019,-0.000755178,1.4887,1.0378,1.4795,1.2648,1.6478,1.3867,1.8934,1.3281,2.0358,1.336,2.1764,1.3463,2.2911,1.3529,2.3803,1.3644,2.4522,1.3759,2.5155,1.3759,2.644,1.3403,2.7476,1.2718,2.8258,1.1609,2.0289,1.1476,2.103,1.1972,2.1534,1.1922,2.2224,1.2461,2.2749,1.2296,2.3159,1.2799,2.3706,1.2483,2.391,1.3091,2.4479,1.2537,2.4763,1.3008,2.5262,1.3425,2.5352,1.2343,2.6165,1.3008,2.6942,1.2267,2.7647,1.1469,1.8287,1.0387,1.8258,0.9718,2.0261,1.0764,2.1516,1.1203,2.2753,1.1401,2.3738,1.1534,2.4479,1.1591,2.5351,1.164,0.513669719,0.225700022,0.154211802,0.110254433,0.0770976,0.05632566,0.078872175,0.142618968,0.140976771,0.11488973,0.089938257,0.072813872,0.0633,1.342754639,0.255412607,0.299726409,0.215684979,0.066962826,0.127125961,0.097509897,0.077488386,0.212804535,0.216143124,0.215961895,0.228691167,0.244818565,0.284538539,0.45147094,0.062683411,0.069896853,0.955088069,0.160429455
LBX001V10,LBX,0,2.053658551,0.003217798,-0.014604053,0.004450882,-0.012481785,-0.01732742,-0.034455904,0.018317522,0.002385596,-0.008961571,0.004057113,0.004060104,-0.002547182,-0.002123025,0.005308058,0.001385023,-0.001284701,0.007445501,0.000265816,-0.002250496,-0.001023669,-0.005441109,-0.000229754,0.00164748,0.002194562,0.000898502,-0.004515024,-0.000839401,0.001760378,0.00227123,0.000955546,0.001903277,0.00401559,0.002032058,-0.000776888,0.000208887,0.001671387,-0.002807279,-0.001620307,-0.000854759,0.001502634,0.00070831,0.001580211,-0.00118041,0.000587492,0.002037139,-0.00168535,0.000768245,0.00089452,0.001267407,-0.002226399,-0.0008362,-0.001741667,-0.000369084,0.000457619,-7.53E-05,1.40E-06,-0.00058403,-0.000393704,-0.00102973,0.002035778,0.000319387,-0.000912933,-0.000568954,0.000276639,0.000152994,0.000232128,0.000184222,0.000129049,1.4844,1.0464,1.4525,1.2853,1.6402,1.3954,1.8495,1.3738,2.0164,1.3688,2.1338,1.3803,2.2406,1.383,2.3328,1.3867,2.4186,1.3948,2.4741,1.3937,2.6021,1.3594,2.6963,1.288,2.7805,1.1748,1.9995,1.1969,2.0692,1.2465,2.1296,1.2346,2.1807,1.286,2.2368,1.2605,2.2781,1.3148,2.335,1.2786,2.37,1.3207,2.4115,1.2896,2.4463,1.3109,2.4939,1.358,2.4324,1.2504,2.5717,1.3031,2.6388,1.2368,2.7077,1.1602,1.7851,1.0721,1.7816,1.011,1.9978,1.127,2.1281,1.1621,2.2333,1.1802,2.3324,1.1877,2.4072,1.1893,2.4324,1.1882,0.436193375,0.231934495,0.133210848,0.105319039,0.077829879,0.075761732,0.0883544,0.166974878,0.117961901,0.106834124,0.092274211,0.086181495,0.0555109,1.302444536,0.256717198,0.356214781,0.266565133,0.061200163,0.110284405,0.099854144,0.077286804,0.209688197,0.210955256,0.215799282,0.223473175,0.234950591,0.287929036,0.409581884,0.074249579,0.076991493,0.938041497,0.136564271
LBX001V12,LBX,0,2.064425063,0.019979517,-0.009835044,-0.020136015,-0.00013941,-0.004102728,-0.009163403,-0.002194571,0.004468555,0.001668832,0.000822309,0.002142455,0.007674508,0.00467998,-0.001377986,-0.001879491,-0.006117506,0.007118012,0.002428031,-0.004307259,-0.001978405,0.001936882,0.002880274,-0.000811621,0.005539184,-0.000632002,0.004096406,0.00370206,0.002529658,-0.00037425,-0.001032925,0.002865872,-0.001093822,0.002172649,0.002353477,-0.000968154,0.003337722,0.001426086,-0.002430296,-0.00133376,0.0016672,0.000695111,0.001384323,-0.00184623,-0.000207989,0.00293424,0.001611486,-0.000431615,-0.001627778,0.001515138,-0.001723202,-0.000581628,0.0011427,-0.000560409,0.000130814,0.001142957,0.000825229,0.00159964,-0.001024267,-0.000601387,-0.000540788,-7.72E-05,-0.001052966,-0.000455009,-0.000557241,0.00047053,0.000373763,-0.000494154,0.000186572,1.4622,1.0735,1.4666,1.2925,1.6413,1.3723,1.8608,1.3355,2.0059,1.3317,2.1543,1.3333,2.2465,1.3333,2.3209,1.336,2.4051,1.3479,2.4639,1.3495,2.5946,1.3181,2.6967,1.2418,2.7751,1.1375,1.9757,1.1613,2.0566,1.2152,2.1143,1.1915,2.1737,1.246,2.2287,1.2211,2.2659,1.2778,2.3317,1.2325,2.3571,1.2891,2.4142,1.2384,2.4412,1.2762,2.4827,1.3198,2.4773,1.2098,2.5647,1.2729,2.6419,1.1936,2.7039,1.1224,1.7596,1.0509,1.7575,0.9984,1.9711,1.0872,2.1103,1.1192,2.2264,1.1375,2.3292,1.144,2.4076,1.1455,2.4741,1.1433,0.503939292,0.208680737,0.127054083,0.089429581,0.058792942,0.059245675,0.080275152,0.14514975,0.148408625,0.0922,0.074448976,0.085036757,0.058821765,1.31445898,0.255336268,0.306450861,0.221721357,0.052541983,0.118167339,0.103628953,0.082710701,0.206452125,0.209301553,0.20657633,0.208652942,0.23676066,0.271696485,0.3915401,0.072783583,0.072981367,0.954488847,0.152220925
LBX001V13,LBX,1,2.02704966,0.028712379,-0.017047819,-0.012597571,0.000787668,-0.005426269,-0.0073282,0.006178331,-0.001482864,-0.010435435,0.016307174,0.003004712,0.000612508,-0.004009354,-5.92E-05,0.002638125,-0.005033975,0.004951685,0.0014366,0.001515137,0.003470672,0.003325851,-0.003904464,-0.002572569,-0.003110471,0.002152133,-0.001194016,-0.000724162,-0.004218449,0.001403932,-0.001778733,-0.002313473,-0.002259352,0.001526527,0.000591901,0.004214984,0.002563929,0.001424841,-0.001282164,-0.002289424,-0.000677264,-0.000391739,0.000757083,0.000709196,0.001812192,-0.000445504,-0.001044933,0.000336133,0.000500899,-0.000862559,-0.001267873,-0.000312308,-0.00070158,7.20E-06,0.000614239,0.001323168,-0.001091698,-0.001050887,0.000348079,-8.23E-05,6.84E-05,-0.00064903,0.001233069,-6.70E-05,-0.000174025,-0.00016358,8.22E-05,0.000415373,0.000331695,1.493,1.0194,1.4569,1.2648,1.6618,1.3339,1.8617,1.3029,2.0106,1.3051,2.1325,1.3177,2.2346,1.3288,2.3101,1.3367,2.3892,1.3468,2.4561,1.3547,2.5874,1.3285,2.7093,1.2487,2.7772,1.1577,1.993,1.1343,2.0599,1.1775,2.1278,1.1742,2.1731,1.2325,2.24,1.2093,2.2697,1.2621,2.3274,1.2298,2.349,1.2843,2.4035,1.2416,2.4293,1.2718,2.4671,1.3198,2.4601,1.2114,2.5647,1.2864,2.6489,1.2109,2.7082,1.1397,1.7949,1.0243,1.7934,0.966,1.9955,1.0714,2.1336,1.1117,2.2415,1.1332,2.3256,1.1426,2.4047,1.149,2.4622,1.1534,0.473420342,0.213695227,0.136792726,0.094379023,0.075371745,0.065260785,0.085047105,0.148916252,0.122549459,0.102701607,0.075912186,0.07974221,0.067364828,1.291625538,0.255336406,0.321614832,0.25197605,0.058319294,0.117562111,0.089771989,0.077009415,0.201392403,0.21019146,0.207247292,0.21429244,0.229199825,0.26738491,0.390728768,0.071309186,0.07125307,0.931144849,0.146316711
LBX001V15,LBX,0,2.028203897,0.014561774,-0.018058345,-0.007208433,0.008740112,-0.010037243,-0.006729225,0.009208572,-0.005500674,-0.008898232,-5.07E-06,0.005268484,-0.000701299,0.003469126,-0.00381914,-0.003049018,-0.001012244,0.002582384,-0.002632862,5.17E-05,-0.001231577,0.000597668,4.38E-05,-0.000629526,-0.004296424,-0.001527784,0.0039867,0.001096238,0.001723664,0.002469171,5.54E-05,-0.00269188,0.002378152,-0.002294101,-0.000213117,-0.001143589,-0.001246587,-0.00107065,-0.001199234,0.003527937,0.000467329,-0.001951501,0.000295134,-0.000272963,-0.000301806,0.000999493,-0.002419179,-0.001165442,0.000553246,0.000464856,0.001733635,0.000258852,-0.001102892,-0.001231513,0.003056438,0.000835336,0.001297937,0.000461251,0.000192863,-0.001077862,-0.000724656,-0.000472538,-0.000813829,-0.000486858,-0.000210946,-0.000591967,-0.000703571,-0.000803378,7.84E-07,1.4908,0.986,1.4666,1.2422,1.6233,1.3242,1.8722,1.2745,2.0016,1.2864,2.1289,1.295,2.2303,1.3058,2.3134,1.3101,2.3943,1.3231,2.4622,1.3285,2.5917,1.2907,2.6888,1.2238,2.7686,1.1203,1.9887,1.1095,2.0663,1.1731,2.1214,1.157,2.1731,1.2131,2.2357,1.1947,2.2659,1.2497,2.3198,1.2055,2.3425,1.2573,2.3954,1.2238,2.4266,1.253,2.4687,1.3026,2.4579,1.1825,2.5577,1.2519,2.6332,1.1866,2.7039,1.1052,1.7913,0.998,1.7884,0.9434,1.9858,1.0437,2.1188,1.0847,2.2332,1.107,2.3209,1.1181,2.3964,1.1246,2.459,1.1224,0.474844859,0.201983291,0.130472143,0.093065837,0.066442231,0.060288059,0.077183547,0.129946027,0.127590164,0.101973526,0.083211177,0.081937842,0.068114389,1.284838251,0.245621192,0.316864845,0.23456449,0.05467696,0.120356886,0.084790624,0.077783353,0.206124841,0.203222169,0.208421808,0.214994163,0.233278224,0.257242298,0.415050178,0.066438694,0.066896936,0.929687845,0.143228838
LBX001V18,LBX,0,2.098590003,0.014196798,-0.046364061,0.020337177,0.023541853,0.004394023,-0.00298437,0.005379994,0.015594894,-0.009199214,0.011906591,-0.00953236,0.008832626,0.003463828,0.007163456,-0.001561299,-0.00859069,0.000659139,-0.000168898,0.004130073,0.001600462,0.000563183,-0.00467801,0.003795458,0.000107289,-0.000279115,-0.004143837,-0.001103992,0.003624859,-0.005211931,-0.001071725,-0.000362364,-0.001285091,-0.000667619,0.003922227,-0.002667747,-0.000977229,-0.002522494,-0.003774459,0.002206101,-0.005309469,-0.00024257,-0.001088947,0.00046464,0.001801037,0.000585078,0.002346438,0.000751906,-0.00084103,0.000694973,0.003350594,-0.00030963,-0.000275,0.000752001,3.15E-05,0.000251444,-0.001207122,-0.000603836,7.91E-05,-0.001373976,-0.000977379,0.001226958,-0.000817592,-7.62E-05,-1.91E-05,-0.000443267,-0.000330143,-0.000166609,0.000209496,1.4989,0.9563,1.4353,1.222,1.6021,1.3515,1.8592,1.3145,2.0146,1.313,2.1534,1.3216,2.2569,1.3339,2.3454,1.3425,2.4108,1.3519,2.4784,1.3522,2.609,1.3231,2.7233,1.2465,2.8118,1.1462,2.02,1.1106,2.0811,1.1595,2.135,1.1458,2.1954,1.1846,2.2494,1.1811,2.2904,1.2436,2.3385,1.2098,2.3695,1.258,2.4223,1.2231,2.4482,1.263,2.4871,1.3195,2.5065,1.1994,2.582,1.2922,2.674,1.2131,2.7445,1.1354,1.8434,1.0106,1.8391,0.9524,2.0171,1.0458,2.135,1.0861,2.2479,1.1156,2.3378,1.13,2.4245,1.1392,2.507,1.1424,0.494537855,0.259676433,0.167285684,0.143293405,0.096313758,0.087869562,0.096446721,0.155407239,0.139066171,0.104228307,0.088916871,0.066072082,0.067600666,1.326562633,0.269112337,0.309900516,0.221857274,0.058358633,0.119722387,0.093608226,0.084848866,0.211740407,0.218146052,0.219362759,0.226641236,0.256865276,0.311660232,0.464165714,0.068161059,0.05954872,0.923708915,0.130913865
LBX001V27,LBX,0,2.060938628,0.024548293,-0.002030907,0.000971258,0.000198507,-0.013295173,-0.00950529,0.003836042,-0.000157785,-0.011548674,0.007924427,0.011995249,-0.00574487,-0.001662042,-0.000276865,-0.003426192,0.001294928,-0.000477529,0.001135202,-0.003703739,0.003352542,-0.007431017,0.004592427,0.005105341,0.001046008,0.004314082,0.002615807,0.004276827,-2.33E-05,0.004841524,-0.002605915,-0.004190309,-0.000138678,-0.001519932,0.000387353,0.000809538,-1.84E-05,0.001920484,0.000344404,0.002293293,-0.001179622,0.002800966,-0.001990802,-0.000945382,-0.000877957,0.000589355,0.000488287,0.001629679,-0.001270248,-0.001077799,-0.001834558,0.000215745,-0.00095565,0.000490566,0.000297594,-0.000656867,0.000160159,0.000240709,-0.00020738,0.00072671,-0.000821566,0.000611689,-0.001149825,0.000134562,-0.000257757,-7.85E-05,-0.000229086,-4.34E-05,0.000125665,1.4736,1.0787,1.4824,1.3389,1.6794,1.4209,1.8822,1.3785,2.0254,1.3806,2.1383,1.3885,2.2487,1.3968,2.3371,1.4018,2.4281,1.4087,2.4953,1.4097,2.6154,1.3824,2.7244,1.3047,2.7913,1.1899,2.0077,1.1911,2.0778,1.2566,2.1499,1.2508,2.1893,1.2967,2.2454,1.2772,2.2832,1.3376,2.3346,1.2943,2.372,1.3439,2.4173,1.3015,2.4597,1.3332,2.5036,1.3835,2.482,1.2684,2.5795,1.3353,2.6571,1.2598,2.7244,1.1814,1.7918,1.0771,1.7913,1.0248,2.0081,1.1292,2.1494,1.1721,2.2454,1.1888,2.3371,1.1958,2.4137,1.1985,2.479,1.1985,0.48055778,0.225541593,0.134617087,0.105015427,0.068519267,0.067604881,0.081846258,0.143215397,0.113176058,0.110711562,0.08854129,0.091261218,0.06720744,1.32238373,0.260762459,0.319106158,0.245102938,0.05230239,0.099081835,0.090824281,0.08301283,0.211828067,0.217252043,0.219580418,0.226606487,0.242586582,0.279287128,0.411602745,0.067437823,0.080903028,0.946149655,0.151261528
LBX001V29,LBX,0,1.991766181,0.020233288,-0.009967809,-0.012008823,-0.01378724,-0.008849419,-0.003502023,-0.003528472,0.005967007,-0.000224769,0.014276849,0.001424492,-0.006185958,-0.002105473,0.000593982,-0.000362431,0.001710888,0.003513639,0.006402291,-0.002162039,0.001687614,-0.003565841,-0.003658526,-0.001523365,0.003005501,0.004117297,0.000791244,0.004052071,0.001412913,0.003349752,-0.00301744,0.003284644,-0.001573575,0.000629932,-0.00171711,0.001109504,-0.00120443,0.003247576,-0.000716008,-0.002124735,0.000954289,-0.002590471,-0.001491926,-0.000508201,0.000940284,0.002900498,-0.000464802,0.000931858,0.000332705,0.000917909,0.001651002,0.000620099,-0.000208161,-0.000432994,-9.00E-05,0.000596621,-0.000187738,-0.000600949,0.000260238,0.001238785,-0.000185863,-0.000742862,0.000482459,0.000656711,0.000244199,-1.88E-05,-0.000713766,6.36E-05,5.54E-05,1.4865,1.014,1.473,1.2292,1.6802,1.3177,1.8592,1.2896,2.0049,1.2918,2.1181,1.2961,2.2282,1.3004,2.3069,1.3058,2.391,1.3145,2.4579,1.3224,2.5791,1.2922,2.6915,1.2104,2.7549,1.1239,1.9898,1.1224,2.0552,1.1775,2.1242,1.1638,2.1667,1.2163,2.2213,1.1933,2.2609,1.235,2.3206,1.2091,2.3472,1.2551,2.3975,1.2192,2.4234,1.2515,2.4687,1.2932,2.4651,1.1983,2.5502,1.2411,2.6268,1.178,2.6839,1.1127,1.7859,1.0081,1.7848,0.9612,1.9923,1.0592,2.1265,1.0987,2.2199,1.1149,2.3234,1.125,2.4004,1.1296,2.4655,1.1314,0.481322034,0.212160788,0.124878261,0.093434469,0.073119423,0.064765577,0.070843207,0.145716609,0.11328164,0.110183937,0.078885043,0.084548802,0.067364828,1.273152218,0.243373232,0.299197928,0.226723113,0.046912898,0.101482314,0.100549142,0.077560428,0.191151144,0.199471025,0.199570038,0.20783811,0.228197656,0.266082262,0.371528478,0.071877952,0.072359174,0.911774676,0.136310271
LBX001V30,LBX,0,2.019146975,0.034329656,-0.00893641,-0.027154172,0.014265468,0.017059068,-0.008925929,0.005584092,0.001767421,0.001592183,-0.002790906,0.000184771,-0.00226193,-0.012431193,0.001384802,-0.001134158,0.002174138,-0.002044295,-0.002357936,-0.001369377,-1.65E-05,-0.002211946,3.91E-05,-0.001104241,-0.002073968,0.003803032,-0.00187025,0.002727251,-0.001352412,0.001538125,0.001493229,-0.001056706,-7.90E-05,-0.000898243,0.000411961,-0.000644196,0.002128715,0.001374618,0.001224667,-0.001628408,-0.002005593,0.001547667,-0.00026792,0.000176017,-0.00160389,-0.000784983,0.003036071,0.000248884,-8.07E-05,-0.001004385,-0.00054818,-0.000608884,0.000312264,0.001038497,0.0008299,0.00031034,-0.000652156,-0.001300263,-0.00103824,-0.000295233,-0.001365723,-0.001421917,0.000451824,0.00036267,0.000284648,-0.000643383,-0.000669675,0.000374085,0.000325854,1.4951,1.0453,1.4982,1.2397,1.6521,1.3274,1.8855,1.2922,2.0293,1.285,2.1501,1.2965,2.2544,1.3022,2.3335,1.308,2.3939,1.3181,2.4628,1.3263,2.5996,1.3109,2.7118,1.2397,2.7902,1.144,2.0102,1.117,2.075,1.1721,2.1343,1.158,2.1807,1.2098,2.24,1.1926,2.2735,1.2422,2.3263,1.2109,2.349,1.2638,2.3964,1.2184,2.4191,1.2659,2.4671,1.2983,2.4773,1.1951,2.5737,1.2706,2.6586,1.1929,2.7262,1.1253,1.7826,1.0138,1.7805,0.9412,2.0128,1.0476,2.1393,1.0858,2.2386,1.1066,2.326,1.1181,2.3943,1.1257,2.4763,1.1332,0.473584227,0.215046809,0.121798604,0.091941558,0.062966737,0.046838979,0.057964472,0.143980138,0.121346158,0.104455637,0.079312357,0.061238632,0.069386238,1.298855535,0.253345555,0.317045139,0.238703603,0.072630366,0.111218928,0.088218932,0.070500071,0.193571331,0.192171616,0.197533212,0.20950957,0.227553598,0.27574345,0.406985258,0.066676008,0.070855346,0.963452801,0.145339946
LBX001V31,LBX,0,2.053027365,0.016018093,-0.016351858,-0.008100978,0.004119495,-0.004230919,-0.010332884,-0.005159711,-0.006791155,-0.004219235,0.003733095,0.006945287,0.008204111,0.001912321,-0.001001914,-0.00335335,0.001056964,0.007236466,0.000111299,-0.002773829,-0.001169424,-0.001361528,0.00540245,-0.004907369,0.000419615,-0.00452518,0.003185187,-0.00283505,0.004749775,0.004024011,0.002316636,-0.001257619,-0.001432898,-0.000585868,0.001552545,-0.002050217,-0.001929963,-0.002002213,-0.001298997,-0.003450283,-0.001776387,0.001309138,0.002117543,-0.001809822,0.002297024,-0.000211585,0.000696515,-0.001424062,0.000975559,0.000188204,-0.000698443,-0.000726602,-0.000427497,-2.18E-05,0.000711035,-0.002183323,-0.000643075,0.000107828,-0.00094327,-2.55E-05,-0.000828175,-0.0012985,0.000637525,-0.000211595,0.000969245,9.76E-05,0.000139746,-0.000287816,-0.000210955,1.4903,1.0243,1.4795,1.2724,1.6413,1.3554,1.8768,1.3249,2.0243,1.3256,2.1444,1.3378,2.2537,1.3457,2.3288,1.3583,2.4018,1.3677,2.4666,1.3734,2.5982,1.3382,2.706,1.2584,2.7952,1.1584,2.0067,1.1508,2.085,1.2113,2.1311,1.1969,2.1944,1.2558,2.2519,1.2314,2.2857,1.2868,2.3439,1.2494,2.3634,1.3019,2.4223,1.2558,2.4453,1.2896,2.4842,1.3407,2.4907,1.2242,2.5662,1.2954,2.6561,1.2105,2.7244,1.1386,1.7907,1.0361,1.788,0.9838,2.0043,1.0831,2.1316,1.1241,2.2513,1.1446,2.3414,1.1534,2.422,1.157,2.4907,1.1562,0.489534023,0.217220671,0.12941785,0.096041658,0.067031411,0.066167364,0.089397204,0.147501661,0.12071806,0.109585127,0.076149655,0.073602717,0.065050211,1.311772396,0.266715279,0.311528313,0.217999381,0.052369648,0.125629973,0.093744333,0.078660791,0.218532949,0.221828605,0.211354158,0.22080274,0.228288283,0.273355977,0.399509011,0.073516529,0.069169502,0.949109056,0.156300896
LBX002V02,LBX,0,2.042028169,0.021700757,0.008006526,-0.004069482,0.018126714,0.003791464,-0.009432525,-0.001638297,0.009485053,-0.004440401,0.000910692,0.00409859,0.005836698,0.003765146,0.000878816,-0.006123025,0.001688528,0.001216481,-0.008963692,-0.001853579,-0.003278951,-0.003960287,-0.000937095,0.006269533,-0.001904791,-0.001015705,0.004115296,-0.003377621,-0.003216482,0.000204378,0.001004027,-0.003243808,-0.001063672,-0.000136591,0.003538178,-0.002704885,-0.000835854,4.11E-05,-0.001233717,0.001327393,-0.001334253,-0.001523292,0.001134189,5.97E-05,-0.0005168,1.20E-05,-0.000272059,0.000177916,-0.000847769,3.64E-05,-0.001201974,0.000481808,0.000363012,0.000408465,0.000619245,-0.000792245,-0.000720184,-0.001590108,-0.000902992,0.000730959,-0.000312131,-0.000528178,-0.001047033,-0.000717693,-1.50E-05,-0.000268794,0.000198993,-0.000127005,-0.000656747,1.459,1.0448,1.4655,1.2745,1.6467,1.3716,1.8794,1.3231,2.0218,1.3231,2.1419,1.3353,2.2454,1.3411,2.3296,1.3501,2.4018,1.3608,2.4666,1.3641,2.5895,1.3188,2.6758,1.2497,2.7557,1.1494,1.9851,1.1408,2.0635,1.1969,2.1181,1.1854,2.1685,1.2386,2.226,1.217,2.2605,1.2832,2.308,1.2343,2.3483,1.2695,2.3907,1.2415,2.4151,1.2882,2.4698,1.3328,2.472,1.2012,2.5599,1.2929,2.6321,1.2098,2.6969,1.1348,1.7638,1.0351,1.76,0.9687,1.9822,1.0669,2.117,1.1057,2.2271,1.1278,2.3087,1.139,2.3889,1.144,2.4716,1.1455,0.490632011,0.21072679,0.132910985,0.100291824,0.059836611,0.082740861,0.073808197,0.1424,0.12071806,0.103662385,0.084679632,0.072988561,0.064883973,1.300912007,0.237315823,0.288390239,0.209491503,0.066508646,0.112432068,0.083805071,0.08301283,0.218657175,0.214461418,0.211781255,0.2243107,0.237330571,0.27605485,0.418527538,0.060585477,0.059175164,0.951509758,0.131903791
LBX002V04,LBX,0,2.037583045,0.033743456,0.002478409,0.011417624,-0.015981251,0.007785414,0.002797186,0.014967057,-0.006789517,-0.000620796,-0.008440217,0.001812805,0.000996209,-0.000797401,-0.002912393,0.002980868,0.007810631,0.001365206,-0.00145215,-0.006146238,-8.77E-05,-0.004003266,0.00284281,-0.001167821,0.001386094,0.002821814,-0.001030257,0.007989362,-0.000767985,0.00214916,0.002153309,-0.002101841,-0.002444763,-0.00119824,0.000906491,0.001399973,0.003134124,-0.002247053,0.000555219,0.000258991,-0.001307226,0.001695648,-0.001210994,0.00155684,0.000491295,-0.001017018,0.00132301,-0.001078262,0.002349799,-0.001011246,-0.001033229,-0.001387691,-0.000250476,-0.000206051,-0.000188985,-0.001947255,-0.000398843,0.000332913,-0.000601769,-0.000468323,-0.000412436,-0.000443393,-7.87E-05,0.001005229,0.000935976,0.000771614,-0.000606227,-5.08E-05,0.000351321,1.4779,0.9946,1.4881,1.2314,1.6791,1.335,1.8743,1.3155,2.0156,1.3069,2.1321,1.3145,2.2379,1.3155,2.3191,1.3195,2.3867,1.3224,2.4658,1.3238,2.6025,1.3042,2.7152,1.2201,2.783,1.1048,1.9761,1.1228,2.0559,1.1846,2.1099,1.1739,2.1609,1.2249,2.2184,1.2019,2.253,1.258,2.3026,1.217,2.3364,1.2774,2.3846,1.2282,2.411,1.2737,2.4722,1.2945,2.464,1.1857,2.5734,1.254,2.6496,1.1778,2.7086,1.0937,1.7783,1.0106,1.7754,0.9509,1.9746,1.048,2.1081,1.0944,2.2166,1.1109,2.3004,1.1167,2.3824,1.1203,2.4626,1.1206,0.491937821,0.217936986,0.128768707,0.094114823,0.059449643,0.045515931,0.054425913,0.141561471,0.116747634,0.105804726,0.081298462,0.067662176,0.079112388,1.309744269,0.268962098,0.329098481,0.253544473,0.059770394,0.112054674,0.085543264,0.082761344,0.203225195,0.209015621,0.208393114,0.220438676,0.231759574,0.285685736,0.395988005,0.075223467,0.078055429,0.94406254,0.16369609
LBX004V01,LBX,0,2.121276878,0.012535239,-0.008352879,-0.013217924,0.013642451,-0.013518298,-0.00186404,0.001547902,-0.002632609,0.004587988,0.000751201,-0.001997091,-0.004188975,-0.0059853,0.000763843,-0.002692527,-0.01054422,0.000226372,-0.000327613,7.55E-05,0.00184538,-0.001134009,-0.001761067,0.000400633,0.003453785,0.003200314,-0.00466476,0.001584335,-0.001058643,-0.001175494,-0.000813581,0.002340117,-0.000872595,-0.000426357,-0.000324802,-0.001483888,0.002514241,0.003959403,-0.002454963,0.001659445,-0.002510942,-0.002324471,-0.001920095,-0.001349851,-0.000235786,0.0022725,3.34E-07,0.000865577,0.000224155,-0.001230098,0.0002593,0.000889127,-7.05E-05,0.000760974,-0.00036292,0.000122071,-0.001257672,-0.000896843,-0.000533897,-0.000409657,-0.000977439,0.0004405,0.000307451,0.000412901,0.000128839,-0.001194835,-0.000561876,-0.00015527,-0.000160394,1.4606,0.9903,1.4439,1.2598,1.6122,1.3288,1.8596,1.2929,2.0092,1.2907,2.1451,1.2986,2.2508,1.3044,2.3378,1.3094,2.4198,1.3224,2.4924,1.322,2.6176,1.2859,2.7174,1.219,2.7902,1.1296,1.993,1.1127,2.0599,1.1688,2.1246,1.1537,2.1742,1.2012,2.2357,1.1882,2.2745,1.2454,2.3328,1.2109,2.3608,1.2702,2.4115,1.2184,2.4493,1.2443,2.4978,1.2896,2.4951,1.1855,2.5895,1.2433,2.6656,1.1818,2.7244,1.1176,1.7632,0.9941,1.7618,0.9329,1.9951,1.0453,2.1289,1.0847,2.2335,1.1048,2.3335,1.1178,2.4108,1.1235,2.4939,1.1253,0.507350224,0.224204371,0.132023104,0.101654169,0.063582152,0.045449312,0.083485687,0.149616176,0.136129424,0.10585901,0.08714356,0.083024093,0.072601102,1.336877201,0.232852851,0.300347832,0.224810009,0.061216011,0.1163334,0.099718103,0.079056562,0.196705719,0.199719328,0.204104997,0.213009389,0.238252156,0.282251678,0.423222128,0.066885275,0.063773662,0.980159604,0.154986741
LBX005V01,LBX,0,2.154191489,0.021072413,-0.01413107,-0.023291649,-0.005519688,-0.015619322,0.00237839,-0.008908183,-0.00307034,0.00879656,-0.00177216,0.000245946,0.0039066,-0.006751133,0.003664521,-0.005352158,0.007658563,0.004907566,-0.000933406,0.000496012,0.000385626,-0.006293598,0.002138806,0.001123666,0.004858133,-0.002372798,0.000167475,-0.003330242,-0.000252073,0.000252002,0.00060115,-1.49E-05,0.000481393,-0.001764554,0.000786484,-0.00144695,-0.000608339,0.002023162,-0.001154902,-0.002375667,0.00208815,0.000155521,-0.000413264,0.00014784,-0.00166885,-0.000400789,0.000198178,-0.000877697,0.000175127,-0.000354481,-0.000177377,0.000796452,0.00186556,-0.000511436,-0.00011188,7.41E-05,-0.000149423,0.000904246,0.001065721,0.000370872,0.001070283,-0.000799931,-0.000641047,0.000309427,0.000552982,-4.00E-05,-0.000551746,9.76E-06,0.000481256,1.4444,1.0334,1.4558,1.2832,1.6262,1.3382,1.8366,1.3058,1.9991,1.3101,2.1271,1.3145,2.2537,1.3202,2.3443,1.3231,2.4263,1.3303,2.4907,1.331,2.6154,1.294,2.7287,1.2184,2.815,1.117,1.9854,1.1293,2.0617,1.1911,2.1221,1.1803,2.1789,1.2292,2.2443,1.2091,2.2767,1.2566,2.3414,1.2206,2.3716,1.2731,2.4277,1.2235,2.4515,1.2789,2.5043,1.3037,2.5129,1.1872,2.5885,1.2411,2.6748,1.1677,2.7427,1.1041,1.7467,1.0307,1.7424,0.9667,1.9851,1.0689,2.1181,1.1016,2.2404,1.1192,2.3389,1.1246,2.4195,1.1289,2.5115,1.1282,0.530668126,0.230854261,0.134460998,0.099796443,0.067631058,0.056967447,0.057245087,0.162556882,0.128075603,0.126728253,0.090646401,0.082315491,0.064403804,1.373147232,0.266775486,0.310149077,0.218043757,0.06414429,0.125547919,0.097778628,0.086348712,0.203863876,0.208251483,0.213350416,0.225785252,0.240069261,0.279595887,0.389248879,0.073441814,0.073997973,1.009692453,0.151947524
LBX005V02,LBX,0,2.080553762,0.008439399,-0.003658589,-0.022878445,-0.018444047,0.012744665,0.013960099,0.008320156,0.015366151,-0.008740903,-0.003769197,-0.007200848,0.013833707,0.006385189,-0.00065823,0.000754623,-0.000418292,0.002922482,0.000777773,-0.004405059,0.000439926,0.001249227,0.003248976,-0.002795987,-0.004410971,-0.00225477,0.002516509,0.001886759,0.003263032,0.000888459,-0.001389613,-0.000446827,-0.00054613,0.002424252,-0.001411328,-0.002823839,-0.004316545,-0.001489548,-0.002315146,0.000839042,0.001318016,-0.000895397,0.001922417,-0.000449523,0.001396457,6.81E-05,-0.001393869,0.002585451,0.000217308,-0.002160358,-0.001495077,-0.000689668,-1.28E-05,-0.000783994,0.000289989,-9.55E-05,-0.001281277,0.000471587,0.000246751,0.0005362,-0.0008676,-0.000473757,0.000294019,-0.000231058,2.45E-06,-0.000303704,0.000276265,0.000140963,0.000147035,1.4531,1.0324,1.4525,1.2012,1.6564,1.3058,1.8851,1.2724,2.0275,1.2767,2.158,1.2789,2.2654,1.2853,2.3317,1.295,2.4148,1.3074,2.4838,1.3123,2.6212,1.2691,2.7204,1.1936,2.7995,1.0894,1.9736,1.116,2.0631,1.1688,2.109,1.1586,2.1775,1.2087,2.2319,1.1899,2.2767,1.2395,2.329,1.2012,2.3614,1.2497,2.4115,1.2066,2.4439,1.2433,2.4914,1.2832,2.4968,1.1634,2.5863,1.2346,2.6564,1.1597,2.7276,1.0804,1.7927,1.0315,1.7891,0.9631,1.9714,1.0354,2.1099,1.0743,2.2303,1.0958,2.3285,1.103,2.4133,1.1048,2.495,1.1048,0.525342745,0.179703116,0.113621169,0.072858013,0.047173404,0.054168072,0.070396165,0.142464908,0.130518543,0.10759052,0.067005821,0.084020057,0.069173767,1.347606011,0.253146163,0.311614008,0.225630228,0.068494671,0.126823105,0.097755307,0.082676538,0.207802045,0.206965214,0.192911638,0.196857563,0.218530364,0.252223492,0.367495007,0.072461093,0.072423822,0.945802062,0.153914327
LBX005V03,LBX,0,2.112495386,0.000817846,0.001097759,-0.004870315,-0.010795187,0.013690732,-0.009368411,-0.004763736,0.003570082,0.00618379,-0.00577823,-0.003355694,0.005960659,-0.000367786,-0.003949518,-0.002563094,0.003659107,-0.004266381,-0.000684854,0.000421631,-0.001279845,-0.001509116,-9.18E-05,0.002159076,-0.002876755,-0.003519094,0.001069739,0.003323236,0.002486575,-0.001272475,-0.00252559,-0.000464968,-0.003732898,0.002492081,-0.00067326,0.0014953,0.000365305,-0.001519177,-0.000436837,-0.002889992,-0.001556826,0.001514995,-0.00121258,0.000328522,-0.000157161,0.000407367,0.000190319,9.81E-05,-0.00025336,0.001092569,-0.000898946,-0.001543544,0.000592699,0.000399296,-0.000102816,-0.000244157,-0.001978942,-0.000674145,0.000337993,8.55E-05,0.000636457,-0.000139564,-0.001142145,-0.000901133,1.62E-05,-0.00042345,0.000189574,0.00017347,-8.34E-05,1.4315,0.9903,1.4299,1.1796,1.6176,1.3231,1.8668,1.2857,2.0034,1.2843,2.1408,1.2871,2.2519,1.2911,2.3231,1.2922,2.3932,1.2976,2.4702,1.3015,2.6032,1.2652,2.701,1.1854,2.7708,1.0775,1.9714,1.1095,2.0541,1.157,2.1124,1.1526,2.1677,1.2015,2.2188,1.1742,2.2648,1.2282,2.3123,1.1922,2.3454,1.244,2.3986,1.1969,2.4218,1.2438,2.4806,1.2718,2.4833,1.1526,2.5696,1.2298,2.6489,1.1456,2.7125,1.068,1.7413,0.9973,1.7362,0.9319,1.9693,1.039,2.1109,1.0728,2.2174,1.0901,2.3101,1.0971,2.3943,1.0982,2.4817,1.0971,0.513711222,0.20490876,0.137024742,0.089727198,0.064209189,0.053108662,0.060929467,0.136607174,0.137428527,0.111171984,0.071208497,0.070307681,0.077098703,1.342135735,0.251636742,0.297146866,0.220157058,0.065598552,0.108570346,0.095216858,0.086427889,0.204723252,0.206652946,0.202541946,0.211368304,0.237251976,0.26714629,0.408782827,0.059068943,0.065562566,0.985740787,0.153781826
LBX005V07,LBX,0,2.089187202,0.050418154,0.005521499,-0.012579827,0.012984282,-0.002819378,0.007042664,-0.003375862,-0.012898692,0.007901011,-0.00752345,-0.006012961,-0.008158551,0.002180654,0.001284938,-0.004356209,-0.006790529,0.003332159,0.000345183,-0.005742526,0.005350819,-0.002589652,0.00397091,-0.001951695,-0.001617609,0.001126737,0.001180686,-0.003412934,0.00066251,-0.000330693,0.001859184,-0.002162583,0.001352813,0.000198501,0.0005906,-0.000845638,0.001167832,0.000864941,0.00246541,0.000811968,-0.000605413,0.001424632,0.001134949,0.000642767,-0.001991011,0.000150446,0.000719185,-0.001469264,-0.000491274,0.001298388,-0.001683401,0.001611155,-0.000924389,0.000657077,-0.000195409,-0.001364424,-0.001580809,9.68E-05,-0.000105481,0.000768394,0.000714904,0.000133939,0.000372486,-0.001069242,-0.000109595,0.0003061,9.91E-06,0.000526683,-0.00042879,1.4509,0.9914,1.4766,1.2724,1.6406,1.3342,1.8556,1.2792,1.9944,1.2756,2.1124,1.2893,2.2217,1.3008,2.308,1.302,2.3851,1.3096,2.4471,1.3215,2.5881,1.295,2.6981,1.2195,2.778,1.1232,1.9588,1.1034,2.0343,1.1544,2.0854,1.1494,2.1465,1.1983,2.2041,1.1811,2.2436,1.24,2.3004,1.2012,2.3234,1.2573,2.3774,1.2077,2.4069,1.2379,2.4639,1.2918,2.4784,1.1807,2.5615,1.2535,2.644,1.1785,2.7163,1.1068,1.7269,0.9862,1.7247,0.9222,1.9574,1.0345,2.0836,1.0728,2.2055,1.0982,2.2976,1.1102,2.3738,1.1138,2.4773,1.1174,0.525318427,0.203852594,0.127598785,0.097179267,0.064623912,0.047278431,0.074940843,0.138846678,0.118792634,0.109903321,0.086308343,0.077473673,0.063131688,1.333628753,0.256080554,0.305067878,0.223099821,0.064037801,0.122860002,0.098375302,0.077273864,0.206322199,0.199371212,0.205156452,0.212571917,0.221550175,0.26503081,0.42049591,0.063842384,0.067880851,1.008636565,0.152093425
LBX005V09,LBX,0,2.071935983,0.041089129,0.009450398,0.009385516,-0.007840128,-0.003567288,-0.002792374,-0.007497884,0.004363373,0.004014421,-0.001853113,0.000830871,0.001026194,0.005095645,-0.000973917,-0.003587354,-0.008537622,0.008054126,0.008505253,-0.001383839,0.003765863,-0.001957445,0.003459459,0.003280068,0.001270234,-0.004090134,0.000487713,0.003485581,0.003312808,-0.008414483,-0.001666777,-0.001310847,-0.000320806,0.001073466,-0.000291862,-0.000753528,0.000620874,0.001191224,0.001277746,0.000711594,-0.000611146,-0.001436519,0.00042232,-0.00512119,-0.001986524,-0.000841116,0.001314097,-0.002085523,0.00103971,0.000267723,0.0006376,-0.000609127,-0.00075345,-0.000321955,-0.00125826,-0.000235373,0.000163693,9.14E-05,0.000192152,0.000492186,0.000683734,-0.000435266,-0.000399449,0.000562648,0.00078974,0.000182222,-0.000163151,0.000250538,5.04E-05,1.4698,0.9423,1.4698,1.1915,1.6888,1.3026,1.8625,1.2724,1.9951,1.281,2.1347,1.2896,2.2314,1.2907,2.322,1.2943,2.3975,1.3047,2.4637,1.3148,2.5863,1.2864,2.6956,1.2131,2.7848,1.1059,1.98,1.0825,2.0529,1.1381,2.1019,1.1338,2.1645,1.1807,2.2168,1.171,2.26,1.2276,2.3193,1.1904,2.3425,1.2497,2.404,1.1926,2.431,1.2298,2.4827,1.2832,2.4887,1.1618,2.5647,1.2524,2.6467,1.178,2.7168,1.0895,1.7661,0.9556,1.7625,0.8937,1.9793,1.0142,2.1023,1.0602,2.2159,1.0861,2.3202,1.1005,2.4022,1.1055,2.4878,1.1084,0.51484384,0.223312024,0.154146846,0.11290372,0.069278929,0.049085741,0.08205035,0.132878591,0.139864649,0.096706256,0.090671495,0.076212925,0.066966036,1.325137714,0.268295546,0.301330417,0.21316496,0.062004597,0.120771892,0.104319749,0.084728567,0.207802238,0.20512796,0.209908266,0.219102008,0.24544751,0.283389273,0.415488748,0.069949696,0.060193189,0.974179722,0.156069632
LBX005V10,LBX,0,2.060841668,0.045566251,0.000230749,-0.002351322,-0.018034677,-0.003989996,0.001822534,-0.003182616,-0.005635378,0.002298362,0.00372695,0.0021918,-0.003024698,-0.003861082,0.003292329,-0.000698197,-0.00311581,-0.002439317,-0.001865999,0.000977087,0.001915591,-0.001104027,0.001892569,0.000291157,-0.003967007,0.000321015,-0.000505517,0.000506859,0.001599029,0.000304677,-0.002704584,-8.66E-05,-0.002247668,-0.000759594,-0.000103078,-0.000419922,0.002471606,0.00102115,0.00267836,-0.000531039,-0.001895282,0.000338953,0.002538392,-0.000239075,-0.002211565,0.000548086,-0.000674461,0.0002363,-0.001205679,0.002022815,-0.000117099,-0.000743851,0.000358433,-0.000790376,-0.001780977,0.000144631,0.00084618,-0.000222757,0.000521636,2.81E-05,0.000175709,6.02E-05,-0.000537981,-0.000334406,0.000228263,-0.000633315,-0.000764046,-0.000476027,6.68E-05,1.4844,1.0076,1.4903,1.2576,1.706,1.3382,1.8635,1.3058,2.0005,1.3134,2.1365,1.3242,2.2487,1.3263,2.3274,1.3306,2.4072,1.3414,2.4684,1.3475,2.6154,1.3177,2.7298,1.2379,2.7995,1.1354,1.993,1.1321,2.0671,1.1839,2.1318,1.1839,2.1771,1.2271,2.2353,1.2084,2.2749,1.2594,2.326,1.231,2.3483,1.285,2.4079,1.2397,2.4367,1.2677,2.4856,1.3202,2.4907,1.2015,2.582,1.2789,2.6683,1.1969,2.7298,1.1214,1.7736,1.0203,1.7693,0.9606,1.9919,1.0642,2.1289,1.1063,2.2314,1.1268,2.3231,1.1386,2.4029,1.1462,2.4917,1.1451,0.502515323,0.216660887,0.145622148,0.105246235,0.071847408,0.050161439,0.079384759,0.137210641,0.13642815,0.112219651,0.078817384,0.080527511,0.061503252,1.321295141,0.259087051,0.315795266,0.241854853,0.059854657,0.106360237,0.093473258,0.082360792,0.203736717,0.199257647,0.201907528,0.21902687,0.243673901,0.273600292,0.382868972,0.071092123,0.073913801,0.973866978,0.149152942
LBX005V11,LBX,0,2.126663526,0.014026741,-0.004687798,-0.01026236,0.004487609,-0.004064003,-0.008466677,-0.009636671,-0.005270638,0.003552997,-0.006021681,-0.00488062,0.007129126,0.006117026,0.009081598,0.001248417,-0.004149204,0.004518829,-0.000971566,-0.004577084,-0.001500982,-0.004743467,0.002171777,0.003127979,-0.00300829,-0.000285079,0.000733058,0.000344955,0.003629144,-0.000682228,-0.002386543,0.001716137,-0.000831921,0.003023949,-0.000899163,0.001657235,-0.001257576,-0.004136423,0.000935996,0.002874884,-0.000708264,-0.000445195,-0.000378179,0.001155921,0.000273356,-0.000538953,-0.000248375,-0.001711725,-0.000952,0.001081743,0.000855761,-0.000858832,0.000604589,-0.000300168,0.000270074,-0.000148219,-0.000711043,-0.000249722,-0.000323065,0.000210896,-0.000612927,9.89E-05,-0.00089848,-9.76E-05,-0.000674575,0.000157801,-0.000613562,-1.10E-05,0.000286862,1.4358,0.9687,1.4364,1.2238,1.6003,1.308,1.8409,1.2691,2.0027,1.2713,2.1343,1.2832,2.2454,1.2896,2.3231,1.2886,2.3932,1.2961,2.4612,1.3029,2.5939,1.2648,2.6953,1.1947,2.7816,1.0761,1.9642,1.1023,2.0426,1.149,2.1016,1.1426,2.1627,1.1879,2.2123,1.167,2.2605,1.2253,2.3123,1.1836,2.3504,1.2224,2.4,1.1922,2.4288,1.2195,2.473,1.2724,2.4849,1.1559,2.5647,1.2282,2.637,1.1575,2.7157,1.0658,1.7312,0.98,1.7283,0.9204,1.9625,1.0275,2.0994,1.0649,2.2109,1.0852,2.3107,1.092,2.3972,1.0948,2.4831,1.0926,0.523451478,0.207424998,0.128644083,0.099441691,0.066049224,0.07160817,0.084468456,0.161814956,0.132136937,0.111284186,0.077706435,0.070500071,0.068339154,1.350078664,0.266155932,0.307244089,0.213947657,0.059670512,0.113357179,0.101368437,0.088120656,0.211437225,0.207483132,0.208110187,0.212300636,0.227929485,0.270475729,0.408188388,0.066700075,0.069157285,0.998048055,0.135911736
LBX005V12,LBX,0,2.072065956,0.00525064,-0.006100658,-0.012172042,-0.012676322,-0.00319351,-0.006507893,-0.010061432,-0.009828825,0.002476813,0.001374008,0.007264591,0.009707064,0.004972652,-0.002213491,0.003875156,-0.006092915,-2.92E-05,0.002136624,-0.007651447,-0.001520311,-0.003133936,0.00579693,0.000536642,-0.000370669,0.001239453,-0.001333746,0.003243615,0.000359829,0.002678858,-0.003681062,0.000434783,-0.002638062,0.000454451,0.004558995,0.000289766,-0.001409298,0.001784238,0.000377602,-0.000885204,-0.001130341,0.000836516,-3.90E-05,-0.002216115,-0.001813953,0.000799746,0.000134879,0.001266564,0.00028852,0.000157344,-0.000161254,0.000135136,0.000793152,-0.000278179,0.001153972,0.000288595,0.000890923,0.000760493,-0.000251509,0.000485193,0.00085644,-6.72E-06,0.001730021,-0.001300428,-0.001380396,-0.000420957,-7.10E-05,0.000278011,-0.000127273,1.4639,0.9935,1.4709,1.2228,1.6478,1.3069,1.87,1.2751,2.028,1.2789,2.1613,1.2832,2.2598,1.2817,2.3245,1.2839,2.4099,1.2891,2.4811,1.2934,2.6052,1.2519,2.7114,1.171,2.7855,1.0635,1.9804,1.1109,2.0689,1.162,2.1393,1.1548,2.1825,1.1958,2.2415,1.1778,2.2753,1.2296,2.3357,1.1857,2.3565,1.2433,2.4162,1.1872,2.4509,1.2077,2.4924,1.2616,2.4951,1.151,2.5669,1.2123,2.6499,1.1286,2.715,1.0559,1.7629,0.9941,1.7621,0.9444,1.9811,1.0388,2.1386,1.0723,2.2395,1.0879,2.3317,1.0928,2.4196,1.0906,2.493,1.0868,0.516259721,0.197863084,0.123848375,0.089934421,0.054356784,0.051694874,0.091142526,0.15804569,0.133369337,0.098511421,0.064737393,0.085558167,0.071329727,1.323452515,0.260773177,0.303295912,0.217222674,0.049706438,0.104756098,0.094530683,0.080513974,0.206942432,0.21542725,0.202120805,0.210374262,0.23434146,0.261114726,0.380093068,0.070908462,0.074699465,0.959401199,0.165223788
LBX005V14,LBX,0,2.068166263,0.002712561,-0.007550559,-0.015406448,-0.006546153,-0.010123635,-0.000189899,-0.009492945,-0.009096154,0.003002541,-0.002088617,-0.001205397,-0.00487054,0.00319671,-0.002590942,0.006924639,-0.004493154,0.000849148,0.000346222,-0.003260957,-0.005012243,-0.001703024,-0.00258533,-0.000400038,0.00291856,0.002499992,0.001829481,0.004683755,-0.000531828,0.003258751,0.003283775,-0.00417948,-0.001412672,3.75E-05,-0.001526621,-0.002729799,-0.0012029,0.000755502,-0.004458897,-0.00010025,-0.001784194,-0.001304125,0.000287036,-0.000749305,-0.003761416,-0.000430195,0.000496861,-0.000882341,-0.000266042,-0.000409252,0.000729884,-6.05E-05,0.000813089,0.000597898,0.002364826,0.000721866,-0.0016239,0.000697235,5.49E-05,-0.00022822,0.000181756,0.000533914,-8.80E-06,-3.93E-06,0.000254744,-0.000146556,-0.000415169,-0.000189273,0.000100147,1.4768,0.9633,1.4569,1.2087,1.6348,1.2864,1.8718,1.258,2.0164,1.2623,2.1451,1.2638,2.2465,1.267,2.3166,1.2691,2.4018,1.2789,2.4849,1.2832,2.61,1.2501,2.6999,1.1832,2.7812,1.0804,1.9836,1.0879,2.0707,1.1541,2.1296,1.1361,2.1742,1.1915,2.2404,1.1663,2.2663,1.2238,2.3296,1.1828,2.3544,1.2217,2.4061,1.1872,2.445,1.212,2.4908,1.2584,2.4968,1.1634,2.5739,1.2012,2.6472,1.1327,2.7104,1.068,1.7659,0.9757,1.7643,0.9234,1.9838,1.0286,2.1294,1.068,2.2389,1.0847,2.3278,1.0926,2.4051,1.0948,2.4941,1.0939,0.518723905,0.203551591,0.121060852,0.077936513,0.047521364,0.060626727,0.079635733,0.144663921,0.128708741,0.101450481,0.070131448,0.085761763,0.083211177,1.309645666,0.241055035,0.296264004,0.204062858,0.052324468,0.114841978,0.090713229,0.076626431,0.189523429,0.195480792,0.192418944,0.202176284,0.22476986,0.255280943,0.385407901,0.071877674,0.072989999,0.957086396,0.136653211
LBX007V01,LBX,0,2.026942311,0.012780301,0.011004219,0.016123358,0.008899715,0.003938201,-0.00114574,0.009551715,-0.009593835,-0.012010472,-0.004036198,6.19E-05,0.001849178,0.006871058,-0.000661941,-0.000205468,-0.000880791,-0.006240658,-0.001040102,-0.005130435,0.002815841,-0.001591138,-0.002041193,0.002620311,-5.28E-05,0.000434587,-0.000571354,0.003425306,-0.00122251,0.006267984,-0.001739069,-0.001562885,-0.003991505,-0.001221122,0.000390177,-0.003599038,-0.00033081,-0.002878512,-0.001148541,3.18E-05,0.004341956,-0.000265711,0.003403322,-0.001898936,-0.003762632,0.000134354,0.000411963,-0.000446313,-0.000399837,0.000686298,7.45E-05,-0.000696729,-0.000773161,0.000878503,0.000264471,0.001134569,0.000529733,-0.000793758,2.74E-05,0.000349186,-0.00034708,4.41E-05,-0.000111746,0.0006607,-7.40E-05,-0.000435738,-0.001219284,-0.000274316,1.78E-05,1.4606,0.9709,1.4644,1.24,1.6438,1.3414,1.8999,1.2972,2.0279,1.3044,2.1408,1.3139,2.2389,1.3177,2.3155,1.3215,2.3948,1.3317,2.4608,1.3414,2.5917,1.3069,2.6855,1.2292,2.7535,1.1181,1.9768,1.1203,2.0534,1.1775,2.1138,1.171,2.1602,1.2163,2.2163,1.2012,2.2508,1.254,2.295,1.2238,2.3252,1.267,2.3781,1.2271,2.4094,1.2605,2.4648,1.3119,2.459,1.1839,2.5633,1.2569,2.6251,1.1811,2.6855,1.0998,1.7794,0.9978,1.7767,0.945,1.9772,1.0484,2.1124,1.0944,2.2131,1.1138,2.2943,1.1246,2.377,1.1296,2.4576,1.1282,0.486376192,0.192891731,0.129436703,0.099509397,0.064802006,0.055356481,0.072681497,0.12820234,0.113298985,0.098173571,0.076694198,0.079953299,0.066708995,1.30125257,0.248645692,0.301761313,0.230985584,0.052868989,0.106856399,0.081880706,0.083165498,0.213224014,0.20151392,0.200889945,0.212761134,0.226363093,0.26053163,0.418085362,0.070419387,0.077212499,0.921889625,0.146840049
LBX007V02,LBX,0,2.064011415,0.032432736,0.012816946,-0.003336135,-0.009860641,0.002562043,0.000183032,0.00761583,-0.006829202,0.000742393,-0.000533808,0.005805554,0.004419905,0.005194442,-0.003889563,-0.004899442,-0.00387197,0.00267653,-0.000484956,-0.000430283,-0.001529769,-0.003922189,-0.000189338,-0.002838685,0.005297471,0.003506088,-0.000333195,-0.000276625,-0.000779317,0.000955734,-0.001578175,0.004476073,-0.005161055,-0.00133933,0.002534274,0.000632403,0.001621076,-0.002772304,0.00060045,-0.000176206,0.00131356,-0.000353675,-0.001954021,-0.000610752,-0.001333762,0.001980833,-0.000704293,0.001164912,6.19E-05,-0.00122913,0.00083049,-0.001509813,0.001054384,0.000596615,0.000101822,-0.001166638,0.000121637,0.000191882,0.000484366,0.000741015,-0.000474423,0.001326723,-2.05E-05,-0.000756534,0.000349304,-0.000273771,-9.35E-05,0.000230872,1.38E-05,1.4784,1.021,1.486,1.2573,1.6877,1.336,1.8937,1.3101,2.0243,1.3209,2.1494,1.3263,2.2584,1.3274,2.3382,1.3339,2.4094,1.3382,2.4795,1.3436,2.616,1.3069,2.7255,1.2222,2.7877,1.1314,1.9793,1.1357,2.0656,1.1918,2.1246,1.1775,2.1793,1.2292,2.2296,1.2077,2.2713,1.2638,2.3198,1.2249,2.3554,1.2907,2.4094,1.2292,2.4412,1.2686,2.4865,1.3139,2.4827,1.1947,2.5863,1.2578,2.6613,1.1839,2.7211,1.1127,1.7691,1.0119,1.7659,0.9574,1.9768,1.0559,2.1242,1.0976,2.231,1.1178,2.3202,1.1264,2.413,1.1307,2.4833,1.1308,0.506845696,0.194274857,0.135545195,0.101599311,0.064895069,0.046498172,0.076520585,0.131045794,0.125216493,0.10900555,0.080064287,0.071329727,0.070307681,1.313946213,0.245522178,0.311499422,0.244352389,0.054593864,0.109256762,0.091825269,0.089703121,0.212833926,0.21653009,0.210286091,0.223899107,0.244628085,0.267438311,0.386591774,0.069175501,0.074756471,0.967742285,0.170052227
LBX007V06,LBX,0,2.033061335,0.040540875,0.011389017,0.000862499,0.010964904,0.001778247,-0.015193322,0.002639123,-0.004889714,0.00614442,0.00126655,0.001473754,-0.004440299,0.004367508,0.002943679,0.00532409,0.0071275,0.007202057,0.003561941,-0.003654226,-0.003663848,-0.003443729,-0.003488523,-0.001428205,0.001120168,-0.003689627,0.002894758,0.003727132,-0.001766026,-0.001832123,-0.000848823,0.000645565,-0.000933186,0.005344695,-0.001870274,-0.000326748,0.002114109,0.001321209,0.002899388,-0.003496797,0.003618932,-0.001691969,0.000971482,-0.001629482,0.001486216,-0.000128294,-0.001337951,-0.000147641,-0.000151852,0.001362009,0.000569766,-0.000536964,-0.000879506,0.000862678,-0.000167606,-0.000592171,-0.000677752,-0.000213156,0.000981828,-0.000572743,-9.10E-05,0.00034139,-0.000870082,0.000142578,-0.000396855,-0.000519749,0.000475788,-0.000124939,0.000143485,1.4951,0.9536,1.4932,1.2055,1.6802,1.3004,1.8851,1.267,2.0271,1.2673,2.1487,1.2717,2.2479,1.2789,2.3285,1.2846,2.3961,1.2947,2.4594,1.3033,2.5885,1.2821,2.7066,1.2033,2.781,1.1025,1.9966,1.0825,2.0656,1.1293,2.1224,1.1307,2.1742,1.189,2.2282,1.1609,2.2727,1.2163,2.329,1.1807,2.3592,1.2131,2.4008,1.1882,2.4126,1.2379,2.4725,1.2718,2.4725,1.1607,2.5739,1.2341,2.6494,1.1586,2.7104,1.0858,1.7718,0.9412,1.7711,0.8758,1.9926,1.0052,2.1215,1.052,2.2256,1.0778,2.3303,1.0915,2.4011,1.0973,2.4752,1.1001,0.482282127,0.215574813,0.14326985,0.086542128,0.067333498,0.07781221,0.059148035,0.142000317,0.121679579,0.099460947,0.080801299,0.068350347,0.063881531,1.294492186,0.263272501,0.313941858,0.237944468,0.065403746,0.110025815,0.102726238,0.07219065,0.203813346,0.200878197,0.204715705,0.208592473,0.235086048,0.283011466,0.434221107,0.07254826,0.072594284,0.962488696,0.12314727
LBX007V08,LBX,0,2.023424784,0.044627437,0.013281469,-0.008247463,0.013783233,0.006117389,-0.009870939,-0.00168692,0.008191992,0.007435259,0.000138217,0.005683804,-0.009305786,0.006244217,0.00695148,0.010227981,0.002566485,0.006510214,0.005679967,-0.006383156,-0.007442251,-0.004447669,-0.006517703,-0.000648863,9.41E-05,-0.00250541,0.007139501,0.004327809,0.00137733,0.002019217,-0.000414431,-0.001066635,-5.80E-05,0.002852678,-0.0023045,0.002775208,0.000329251,-0.003311205,0.003528957,-0.000451959,4.58E-06,-0.000704745,0.00080343,-0.000760483,0.000866631,-0.000414452,0.000349591,-0.001111878,0.001343195,-0.000604475,0.001818694,0.00013823,-0.001385867,0.000598626,0.000151007,-0.001679678,-0.000753778,-7.65E-05,-0.000475528,0.000385915,-0.000124683,3.95E-05,-0.001194024,-0.00032914,0.000972771,0.000334154,-0.000232151,0.000567275,8.88E-06,1.4957,0.9908,1.4957,1.2087,1.6909,1.3091,1.8813,1.2643,2.0324,1.2648,2.1516,1.2745,2.2503,1.2805,2.3263,1.2864,2.3943,1.2907,2.4622,1.3015,2.5992,1.281,2.7006,1.212,2.7832,1.1041,1.9951,1.0836,2.0696,1.1343,2.1214,1.1268,2.1775,1.1936,2.226,1.1645,2.2745,1.2152,2.3242,1.1828,2.3648,1.2044,2.3964,1.1908,2.4187,1.2318,2.4734,1.272,2.4849,1.1757,2.5669,1.2389,2.6438,1.1685,2.705,1.0886,1.7772,0.9408,1.7722,0.8804,1.9908,1.0049,2.1203,1.0529,2.2249,1.0793,2.3247,1.0922,2.3954,1.0976,2.4844,1.1019,0.498383838,0.213548425,0.135698526,0.084944806,0.069640003,0.090588355,0.06375398,0.151100827,0.119594022,0.098882203,0.076228669,0.06813582,0.068753545,1.292475586,0.255244216,0.306772636,0.218733125,0.0606066,0.111186555,0.09989059,0.072641861,0.200830775,0.20104788,0.202465429,0.208508825,0.229407977,0.281564575,0.436340899,0.079721327,0.071543623,0.955752625,0.111097255
LBX008V01,LBX,0,2.051692209,0.035160717,-0.001851817,0.008051332,-0.017996482,-0.002081646,-0.004350567,0.007940298,-0.008011125,0.004451319,0.000845804,0.006040811,0.000105774,0.001328205,0.004079888,-0.003284974,-0.006576482,-0.003333825,0.003661942,0.002116717,0.004418133,-0.001769334,-0.001445793,-0.00326133,0.001039046,0.002317257,-3.14E-05,-0.002249719,-0.000704795,-0.002677378,-0.001446527,0.001118672,-0.001486286,-0.001945474,-0.002642739,-0.000624497,0.001757983,0.000936216,0.001647863,-0.001023503,-0.00137261,-0.00285251,0.001314129,-0.000281295,0.001462101,0.000511573,-0.000395287,-0.000492752,-0.000740841,0.000691998,-0.000396168,-0.00041421,0.001055316,-0.00169955,-0.00102674,0.000748923,-0.000127268,0.001157705,0.000269055,0.00085718,-0.00019252,0.000611422,0.00022549,5.40E-05,0.000631444,0.000421939,-0.00025579,0.000352243,4.17E-05,1.4962,1.0076,1.4907,1.2515,1.6906,1.3486,1.8732,1.3242,2.007,1.3296,2.1397,1.336,2.2526,1.3418,2.3382,1.3461,2.4108,1.3562,2.4712,1.3587,2.6122,1.322,2.7282,1.2362,2.7972,1.1375,1.9912,1.1343,2.0653,1.1904,2.1284,1.1855,2.1812,1.2373,2.2325,1.2163,2.2718,1.2708,2.3267,1.2343,2.3468,1.3047,2.4087,1.2443,2.4382,1.2717,2.4849,1.3256,2.4791,1.2113,2.5852,1.2803,2.6636,1.2019,2.7183,1.1257,1.7826,1.02,1.7783,0.9671,1.9892,1.075,2.1268,1.1195,2.23,1.1405,2.3234,1.1521,2.4048,1.1564,2.4759,1.1573,0.49393867,0.223575513,0.150915639,0.10706979,0.073550255,0.042283803,0.088831357,0.133908924,0.132854243,0.113048883,0.085707934,0.073299181,0.060451716,1.307468933,0.261276195,0.326548695,0.250341407,0.053074476,0.108560812,0.095904327,0.082607506,0.201454834,0.201051362,0.202481431,0.215347022,0.241855432,0.274875681,0.391450559,0.079777503,0.073141302,0.953285875,0.159238469
LBX008V02,LBX,0,2.049360743,0.022413186,-0.022534617,-0.008306113,-0.018197084,-0.005571794,0.001330943,0.005606298,0.000352883,0.007840074,-0.003172932,0.000960448,0.00278315,-0.003355576,0.006167629,-0.003221327,-0.002984273,0.004747712,-0.000242335,-0.006481479,0.00727014,0.004118302,0.002178386,-0.003348186,-0.001612496,-0.000629879,-0.00184798,-0.000709301,-0.001583608,0.001453949,0.001481456,-0.004147292,0.00141996,0.000980966,-0.001386314,-0.000878703,0.001435371,0.003547418,-0.000918967,-0.002042111,-0.001368934,7.42E-05,-0.000568897,0.001064027,0.000412287,0.000695875,0.001252011,-0.001216149,-0.000486739,-0.000659604,0.000363816,-6.20E-05,-0.001404614,-0.000496806,-0.000913834,0.00059534,-0.000774784,0.000500962,0.000740567,-0.000520229,-0.000139527,0.001267175,0.000580299,0.000485449,5.77E-05,0.00011361,-1.80E-05,0.000425417,-0.000460443,1.5092,1.0205,1.5,1.24,1.6668,1.3378,1.8538,1.3123,2.0205,1.3069,2.1472,1.3128,2.2551,1.3252,2.3371,1.3306,2.4159,1.3414,2.4873,1.3436,2.6203,1.3134,2.7314,1.2368,2.8031,1.1289,2.0056,1.1336,2.0689,1.1893,2.1282,1.1796,2.1836,1.2314,2.2515,1.212,2.2832,1.2645,2.3457,1.2307,2.3601,1.2932,2.4184,1.2364,2.45,1.2681,2.4987,1.3142,2.4946,1.1996,2.589,1.267,2.6737,1.1926,2.7282,1.1192,1.8006,1.0397,1.7985,0.9793,2.0052,1.0746,2.1282,1.1134,2.2508,1.1357,2.3447,1.1454,2.4191,1.1464,2.4951,1.1467,0.493433886,0.234471597,0.127170437,0.089167931,0.066888714,0.043906264,0.080843676,0.16678744,0.126837297,0.108610174,0.082177613,0.079536658,0.071433886,1.298432813,0.259723103,0.316497615,0.239704151,0.060436496,0.127485882,0.096038169,0.07292311,0.197054434,0.201627478,0.200888526,0.205176436,0.221453246,0.281821309,0.381925569,0.075525492,0.072683767,0.94016706,0.158212642
LBX008V04,LBX,0,2.000517314,0.013168245,0.015999343,-0.017139082,-0.008040248,-0.001910021,-0.001744621,0.000872624,0.007378081,0.010724979,-0.007103172,0.000217403,0.005315399,0.008787919,0.006899388,-0.000784187,-0.004920418,-0.003772052,0.000610141,0.001701292,0.004289951,0.001877246,-0.001420537,0.002967666,0.005177278,0.000128821,0.002148524,3.13E-05,-0.000253107,0.000784162,0.00117831,-2.71E-05,0.003620396,0.002849648,0.001644875,-0.002143818,0.000648706,-0.001413055,-0.00087917,-0.000668901,0.000364349,-0.002837696,0.001740506,0.001439655,0.000665943,0.000471707,-0.000677565,-0.002007342,-0.000464322,-0.001424072,0.000536107,-0.001335224,0.001441096,-0.000265244,-0.001006932,-0.000924663,-0.000162772,-0.00033345,-0.001669767,-7.60E-05,0.000236896,-0.000333832,0.000425277,-0.000509643,-0.000205663,0.000838701,-0.000338442,-6.83E-06,-0.000157339,1.5027,1.0194,1.5076,1.212,1.6891,1.3105,1.8984,1.281,2.0343,1.2839,2.1703,1.299,2.2735,1.301,2.3511,1.3139,2.4245,1.3258,2.4942,1.3249,2.6036,1.2929,2.6996,1.2238,2.7718,1.1246,1.993,1.1257,2.0778,1.1746,2.1325,1.1631,2.1886,1.2156,2.2425,1.1962,2.2792,1.2487,2.3339,1.2141,2.3634,1.2623,2.4065,1.2199,2.4389,1.253,2.495,1.2961,2.4935,1.1882,2.5755,1.2449,2.6413,1.1839,2.692,1.1143,1.7837,1.0102,1.7801,0.9527,1.9898,1.0523,2.1268,1.0944,2.2389,1.1181,2.3296,1.1289,2.4029,1.1321,2.4903,1.1332,0.504387252,0.181844027,0.117638174,0.085384132,0.052609695,0.053045735,0.074210511,0.135930938,0.136835704,0.103219378,0.078664922,0.074358389,0.06970581,1.273452728,0.237941442,0.28547478,0.209152026,0.057612585,0.114872146,0.093136298,0.072831312,0.191739667,0.189035658,0.181012762,0.193470334,0.210870814,0.246287738,0.369190791,0.080461979,0.070646302,0.926108077,0.136059877
LBX008V05,LBX,0,2.068199131,0.033231787,-0.001342055,0.000916544,-0.013289795,-0.008991175,0.005444583,0.004442693,-0.003339251,0.004711303,-0.002065752,0.00575641,-0.003024127,-0.000867685,0.003584056,9.93E-05,-0.004835411,-0.001025732,-0.001486965,0.000192525,0.000832772,-0.000677622,-0.004296628,-0.000522668,0.000428285,0.003195606,-0.002453451,0.002952358,-0.002914357,0.001768971,-0.000874642,-0.002465663,0.001775656,0.002923676,-0.001778447,-0.002876786,-0.000270163,-0.000284687,0.00013695,-0.00171787,0.001410398,-0.000382799,-0.000136255,0.003271032,0.001590782,-0.00109072,-4.31E-05,-0.000321779,0.001500995,-0.000262105,-9.88E-05,-0.000409408,-0.000986807,-0.000443869,-0.000373261,0.000654394,0.00021936,-0.00047257,-0.000257677,0.001549141,-0.000682956,-0.000525418,-0.00072383,0.00097125,-0.000270768,-0.000892627,0.000936171,0.000150743,0.000314891,1.4703,1.0043,1.4648,1.2562,1.6704,1.3296,1.8495,1.3076,1.9912,1.2961,2.125,1.304,2.2386,1.3094,2.3177,1.3145,2.4004,1.3209,2.4763,1.3258,2.6111,1.2859,2.7114,1.2104,2.778,1.103,1.9714,1.117,2.0458,1.1688,2.1084,1.1656,2.158,1.2131,2.2206,1.1936,2.2562,1.2465,2.3091,1.2077,2.3382,1.2681,2.39,1.2152,2.418,1.2476,2.4773,1.295,2.4763,1.1785,2.5712,1.2362,2.6413,1.1677,2.7039,1.0879,1.7589,1.0067,1.7575,0.947,1.9664,1.0502,2.1088,1.0937,2.2144,1.1135,2.3074,1.1214,2.3839,1.1232,2.4712,1.121,0.508631753,0.226247586,0.138515162,0.096704757,0.065315925,0.050726817,0.075383354,0.142165889,0.134033018,0.113728273,0.079264242,0.082947272,0.076058004,1.311419452,0.247604564,0.31100344,0.237254336,0.059716413,0.115640996,0.089616182,0.081246908,0.204863491,0.202430556,0.200193506,0.210434337,0.234084429,0.28270191,0.392389054,0.07562288,0.082081057,0.956831108,0.151935842
LBX008V06,LBX,0,2.093264742,0.001242053,-0.000212846,-0.005260115,-0.0013359,-0.015350055,-0.007677955,0.006232134,-0.002346017,0.002263039,-0.003531301,0.00027178,0.010560755,0.004230212,3.48E-05,0.002997734,-0.004845341,-0.000700681,0.000461255,-0.003917292,0.005791954,0.000111118,-0.00192179,-0.00301554,-0.000189566,0.000559437,-0.000672556,-0.004355032,-0.000114866,0.001922808,0.003125177,-0.003674348,-0.003026465,-0.002706353,-0.000669079,-0.001821409,-0.000382746,-0.001652844,-0.001266295,0.000426725,0.00224325,-0.000589624,-0.000101752,-0.000841022,0.000165826,-0.001465981,-0.000376343,0.001257913,0.001710976,-0.002450843,0.0013617,0.000959553,-0.000549776,0.000149907,0.000310539,-0.001255666,-0.000478617,0.000172024,-0.000756527,-0.001138716,8.82E-05,-0.000279113,0.001186394,0.000330336,0.000583916,0.000159542,-0.00022715,0.000484936,2.54E-05,1.479,0.9806,1.4626,1.2361,1.641,1.3296,1.875,1.2929,2.0433,1.2986,2.1627,1.3094,2.2735,1.3145,2.3587,1.3242,2.4331,1.335,2.4989,1.335,2.6262,1.2956,2.7184,1.2265,2.7961,1.1197,1.993,1.1192,2.0771,1.1789,2.1318,1.1731,2.1972,1.2228,2.2591,1.2127,2.2922,1.263,2.3432,1.2256,2.372,1.2832,2.4256,1.2282,2.459,1.2594,2.5065,1.3058,2.4946,1.1958,2.5955,1.2492,2.664,1.1823,2.7211,1.1122,1.7853,1.0092,1.7832,0.9477,1.9935,1.0534,2.1338,1.0992,2.2594,1.1224,2.3403,1.1305,2.4284,1.1332,2.4939,1.1332,0.507415136,0.209989738,0.124380585,0.09321915,0.054789963,0.043103248,0.079913516,0.168396496,0.119887447,0.110917312,0.085750394,0.075179785,0.0658,1.324424864,0.244554329,0.31095572,0.225895839,0.061535843,0.133317103,0.085083606,0.082441009,0.201861933,0.203320166,0.195750453,0.210522897,0.218976277,0.267212462,0.407514969,0.075374067,0.070092796,0.952216709,0.1602528
LBX008V07,LBX,0,1.954559162,0.049387941,0.011929593,-0.004190283,-0.00513923,-0.004303795,0.000374104,0.006764583,0.004780532,0.008356972,-0.000983818,0.001396774,-0.000662191,-0.001927247,0.001024858,-0.002007737,-0.003118829,0.00127211,0.001228021,0.006463875,0.002606919,-0.003058396,0.002635818,-0.002414317,0.002102704,8.03E-05,0.000224909,-0.002859421,-0.002018532,-0.00159602,0.000609603,0.000428303,-0.001748941,0.000707454,0.000363332,0.001368347,0.000998825,-0.000434223,0.001926535,0.000305384,-0.000482496,-0.000890997,0.001263943,0.000850449,-0.000196156,0.000795689,-0.000977957,-0.000264088,0.001369981,0.000782989,-0.000494643,-0.000219971,-0.000854738,0.000866549,0.001014455,-0.000451647,0.001756403,0.00024057,-0.000419314,0.000949082,0.000189622,0.001139574,0.000307773,-0.000714827,0.000589345,7.53E-05,0.000280307,-2.73E-05,-0.000107838,1.5129,1.0102,1.514,1.2368,1.7168,1.322,1.875,1.29,2.0009,1.2958,2.1275,1.308,2.2433,1.3173,2.3209,1.3231,2.3889,1.3274,2.4471,1.335,2.5701,1.3098,2.683,1.2418,2.7535,1.1548,1.989,1.1185,2.0574,1.1674,2.1106,1.1624,2.1659,1.217,2.2177,1.2033,2.2587,1.2551,2.3055,1.2184,2.3328,1.2781,2.3797,1.2325,2.4045,1.2665,2.459,1.3069,2.459,1.1985,2.5529,1.2681,2.6255,1.2001,2.6839,1.1381,1.7837,1.007,1.7799,0.9423,1.9858,1.0494,2.1084,1.0912,2.2168,1.117,2.3022,1.1307,2.381,1.139,2.4583,1.1426,0.476759898,0.205932635,0.140281182,0.098770238,0.064078077,0.046546858,0.062866287,0.126033527,0.127186477,0.116172845,0.077816451,0.06813582,0.058694122,1.248998607,0.240126134,0.297724604,0.228146641,0.064811496,0.114643883,0.089089,0.075527809,0.192725712,0.193661612,0.195675164,0.210844706,0.231122067,0.264886768,0.384907391,0.071575485,0.071029149,0.924961426,0.1472143
LBX008V08,LBX,0,2.017136889,0.011844442,0.019473557,-0.019236874,0.016415726,0.013749577,-0.003628785,0.003776562,-0.011611893,0.003264946,-0.008020887,-0.003957006,0.002907815,0.013235961,-0.000139878,-0.001617456,-0.00516516,0.002532956,0.00034523,-0.007108865,0.001177858,0.002634088,-0.000547407,0.004151961,0.009925961,-0.002227202,0.000521617,-0.003592816,6.25E-05,-0.000647326,0.003433189,-0.000327326,-0.000778153,-0.001374976,0.00145555,0.001693443,-0.001644286,0.001135919,0.000336753,0.000174487,-0.000532882,-0.001280156,-0.000408767,0.000651833,0.001236915,0.001482402,0.000287706,-0.000870221,-9.69E-05,-7.83E-05,0.001192571,0.00086039,-2.13E-05,0.001769995,-0.00085947,0.000699408,-3.98E-05,0.000476078,-0.001088329,-0.000709612,0.000215638,0.001248258,0.000316756,-0.000584265,-0.000225335,-0.000235498,0.000667767,0.000620373,0.000505591,1.4746,1.0216,1.486,1.2422,1.6294,1.3252,1.9114,1.29,2.0487,1.2958,2.1595,1.308,2.2418,1.3181,2.3123,1.3224,2.3902,1.3325,2.4639,1.3347,2.5744,1.302,2.6812,1.2314,2.7513,1.1419,1.9711,1.126,2.0538,1.1864,2.1063,1.1677,2.1681,1.2238,2.2184,1.2015,2.2573,1.2569,2.3091,1.2181,2.3357,1.2684,2.3846,1.2238,2.4126,1.2627,2.4695,1.3066,2.4698,1.1958,2.5556,1.2616,2.6327,1.1947,2.6855,1.1278,1.7508,1.0076,1.7481,0.9509,1.966,1.0545,2.103,1.0928,2.2141,1.1197,2.3031,1.1305,2.3824,1.1359,2.4666,1.1381,0.503561049,0.174528193,0.109518811,0.084638053,0.063132321,0.058852018,0.073306207,0.137422451,0.111469637,0.082917429,0.070631013,0.078552021,0.073732829,1.282355247,0.238590905,0.286613782,0.214376585,0.056764249,0.117084798,0.092206562,0.07571486,0.196618539,0.199239203,0.197361217,0.196056242,0.210136836,0.241746582,0.392670574,0.067293759,0.060820556,0.953945685,0.140488932
LBX008V10,LBX,0,1.982658803,0.048042186,-0.002353858,-0.021715982,0.009235628,0.027026421,-0.003636184,0.004581326,0.01047506,-0.001979122,0.000164401,-0.017365725,0.006391486,-0.001317664,0.000796934,0.002844664,-0.004803044,-0.002684744,-0.009780921,0.007360654,0.001658697,-0.007769036,0.004857281,0.000941579,0.004773349,-0.001956226,0.000919767,0.003234014,0.002066761,0.000762867,-0.001277944,-0.001631421,0.000930999,0.00145698,0.004607531,0.002120197,0.002193156,0.002846402,0.003027274,-0.002483104,-0.000840576,0.003214506,-0.003787888,0.000816829,0.001146211,-0.00016749,-0.001704864,-0.000508024,-0.001373373,-0.00022716,-4.07E-05,0.001322433,0.000637887,0.000642692,-4.00E-06,-0.000366476,-0.00073802,-0.000816736,0.00153464,-1.85E-05,0.000628037,-0.000414554,0.001010096,0.002007567,3.83E-05,0.000797611,0.000144688,0.001362011,4.51E-05,1.4962,1.0572,1.5,1.2487,1.6812,1.3479,1.8937,1.3198,2.021,1.3155,2.1516,1.3198,2.2551,1.3263,2.3301,1.3285,2.3824,1.3387,2.4412,1.3528,2.5752,1.3378,2.701,1.2702,2.7794,1.1861,1.9919,1.1435,2.0626,1.1866,2.1203,1.1845,2.1737,1.2314,2.2249,1.2104,2.2675,1.2627,2.3112,1.2238,2.3452,1.274,2.3813,1.2362,2.4044,1.286,2.4504,1.3301,2.472,1.2066,2.5464,1.3026,2.651,1.2303,2.7129,1.1695,1.7864,1.0485,1.7832,0.986,1.9876,1.0717,2.116,1.1073,2.2179,1.1251,2.3047,1.1343,2.3749,1.1393,2.4691,1.158,0.484228892,0.201804187,0.135446558,0.091120634,0.064797531,0.056553161,0.057107705,0.127372603,0.130670769,0.103703905,0.07503226,0.053285364,0.060466933,1.289657881,0.254382645,0.308082797,0.237667751,0.062581866,0.107758851,0.087334128,0.071188272,0.19678783,0.194431685,0.198303202,0.205678827,0.22884982,0.265274989,0.375999481,0.068540572,0.063968821,0.947636185,0.13793542
LBX008V13,LBX,0,2.001123381,0.035376629,0.017568408,-0.00890122,-0.006190176,0.015662769,-0.017412692,-0.013300742,0.007020504,-0.007908896,0.009142282,-0.009050163,-0.009343655,-0.004188902,-0.013360746,0.013842301,-0.006428794,-0.00219782,0.009414828,-0.000698066,0.001268312,-0.007095981,0.00810867,0.000776739,0.007738406,-0.003600226,0.000526177,0.000469161,0.002061103,-0.00180352,-0.001297907,-8.78E-05,-0.003370988,-0.003016049,-0.003816198,-0.000394694,-0.000354114,0.000209547,-0.002209105,0.001419896,-3.74E-05,-0.000357109,0.00249788,0.000869675,-0.0009805,0.001100374,-0.001565277,-0.000891284,-0.0008708,-0.001335738,0.000385543,0.000416761,0.000189724,-0.000304449,-0.001807099,0.002275532,0.000678054,-0.00012779,0.00015096,0.000484939,0.000281297,0.000717144,-0.000180543,-0.000428213,-0.000278267,-0.000233132,0.00014627,-0.000265679,-9.85E-05,1.4617,1.0194,1.4666,1.2217,1.7104,1.3544,1.8966,1.3202,2.0254,1.3181,2.1404,1.3216,2.2325,1.326,2.2986,1.3245,2.3803,1.3339,2.4326,1.3457,2.5609,1.3242,2.6841,1.2691,2.7747,1.1735,1.9919,1.1343,2.071,1.1918,2.1271,1.1825,2.1731,1.2379,2.2206,1.2149,2.258,1.2688,2.3127,1.2343,2.3393,1.2796,2.3903,1.2454,2.4248,1.2713,2.4558,1.3193,2.4671,1.2201,2.548,1.2794,2.6327,1.2249,2.7006,1.157,1.7639,1.0189,1.76,0.9569,1.9881,1.0712,2.123,1.1117,2.2157,1.1305,2.3083,1.1462,2.3846,1.1541,2.463,1.1598,0.482883713,0.208904045,0.134279745,0.089860892,0.062626592,0.060601155,0.076805013,0.128817118,0.115053249,0.092205043,0.066117017,0.082238981,0.053614644,1.322012031,0.261573947,0.31110982,0.22246348,0.06212254,0.098954586,0.094121039,0.078389859,0.188369238,0.190872104,0.195124781,0.205400341,0.228312768,0.26527957,0.400582588,0.075914821,0.067790855,0.961648777,0.13342541
LBX009V01,LBX,0,2.076669792,0.007659779,0.005526065,-0.000654325,-0.00921633,0.005963336,-0.000927685,0.002341987,-0.008331943,-0.00134835,-0.005302247,-0.000894578,0.001916007,0.001974455,0.0010292,-0.004930407,-0.000637661,-0.000497373,0.000249355,0.001275533,0.000480106,-0.007870668,0.000711746,0.000468725,-0.000155595,-0.003939557,0.002334169,-0.00039745,0.002419746,0.004318212,0.000230377,-0.000802393,0.000395262,0.002171483,-9.14E-05,-0.000467436,0.00053714,0.00068106,-0.00098545,-0.000153377,-0.000317719,-0.002219483,0.001012747,0.000644638,-0.000876922,-0.001325397,-0.000123595,-0.000357154,-0.0012464,-0.000597144,-0.002247953,0.000319259,-0.000452171,0.000191166,4.17E-05,-0.000342946,-0.000390185,-0.000672719,0.00088684,-9.98E-05,-0.000574943,0.001394055,0.000385946,-0.00113858,0.000223259,0.000196089,0.001086826,-3.02E-05,-0.000613809,1.4714,0.9892,1.4698,1.2163,1.6517,1.3213,1.8991,1.2954,2.0286,1.3004,2.1465,1.3091,2.2623,1.3191,2.3414,1.322,2.418,1.3306,2.4845,1.3364,2.6143,1.295,2.7195,1.2174,2.7891,1.1181,1.9977,1.1271,2.0732,1.1803,2.1293,1.1739,2.1789,1.2278,2.2357,1.2033,2.2767,1.2609,2.3314,1.222,2.358,1.2717,2.4061,1.2264,2.4435,1.2609,2.4946,1.3069,2.4939,1.1832,2.5863,1.2557,2.6629,1.1769,2.7303,1.1014,1.7754,0.9991,1.774,0.9552,1.9914,1.0577,2.1251,1.0971,2.235,1.117,2.3242,1.126,2.4018,1.1278,2.4928,1.1278,0.499361242,0.195056018,0.128113895,0.087518284,0.059954983,0.052968387,0.074218192,0.129596489,0.118220557,0.116230977,0.079153143,0.077081256,0.066752453,1.323989615,0.248693888,0.302292987,0.228177562,0.043922318,0.110387137,0.097509897,0.074829473,0.208765059,0.203376006,0.202778746,0.211505697,0.225040308,0.254991333,0.385987694,0.061125527,0.069597486,0.967411045,0.15041825
LBX009V03,LBX,0,2.016033024,0.040948684,0.024326153,0.006102236,-0.008491567,0.005204856,-0.003097264,-0.000842814,-0.005451518,-0.004483835,-0.003343218,0.001170452,0.003780947,-0.011411532,0.000423488,-0.005523717,-3.66E-05,0.0042003,-0.001033697,0.00453436,-0.002299905,-0.002367978,-0.000901879,0.002177434,0.003746756,0.00061294,0.003369196,-0.004113504,-0.003378063,0.002212272,-0.001983297,0.000446345,-0.000101628,0.002079839,-0.001160087,-0.002819297,0.000306778,0.000931355,-0.002721143,-0.002542262,0.001302029,0.00273851,-0.001287561,0.000487512,-0.001380811,-0.001930822,0.000515138,-0.000770571,-0.00085931,-0.001801309,-0.000201156,0.001821009,-0.000798479,-0.001448087,-0.000288761,-0.000146957,0.000787611,0.00059026,0.000205956,-0.000612172,0.000964649,-4.59E-05,0.000472751,-0.000151346,-0.000320807,0.00011563,0.000375866,0.00028665,3.83E-05,1.4763,1.0113,1.4849,1.254,1.7179,1.3328,1.8937,1.3058,2.0189,1.3058,2.144,1.3166,2.253,1.3252,2.3285,1.3296,2.3968,1.3375,2.4601,1.3418,2.5946,1.3022,2.6935,1.2289,2.7668,1.1282,1.9959,1.1242,2.0592,1.1818,2.1152,1.1703,2.1606,1.2256,2.2188,1.2041,2.2576,1.2623,2.3087,1.2156,2.3378,1.2792,2.3871,1.2174,2.4173,1.2781,2.4691,1.313,2.468,1.1839,2.5658,1.2558,2.6449,1.1832,2.7075,1.1055,1.7578,1.0135,1.7564,0.9502,1.9955,1.0653,2.112,1.0983,2.2149,1.117,2.3019,1.1242,2.3831,1.1264,2.4676,1.1268,0.475859748,0.208382821,0.130384393,0.092501676,0.063067979,0.051250854,0.062837966,0.1252,0.125565322,0.10933874,0.075628103,0.068755363,0.063445882,1.295783879,0.244803676,0.303947249,0.229946189,0.06331548,0.108974309,0.090632555,0.078420661,0.215130774,0.210407699,0.206862781,0.211818248,0.227428802,0.261157979,0.384532196,0.063496299,0.066711693,0.963695647,0.159373555
LBX009V05,LBX,0,2.102023309,0.019306707,-0.022811334,0.002468192,0.004784462,-0.005900041,0.007428117,-0.002852127,-0.011091788,0.003559051,-0.000948831,0.000238432,0.00363503,-0.003059692,-0.006554925,-0.004762604,0.00223195,-0.003650496,-0.000245436,-0.001003119,-0.000278222,0.005180007,-0.007449211,-0.001336625,0.001749216,0.001635544,0.000477996,0.005644965,0.002650825,-0.002718363,-0.002220913,-0.003907235,-0.001171776,-0.001821068,0.000395319,-0.000224936,-0.000645357,0.000786214,7.02E-05,-0.00037446,-0.000766809,-0.000682553,0.00204866,0.002305039,-0.001914936,-0.001554798,-0.002382999,0.000578661,0.000298231,0.001256356,0.001124138,0.001128922,-0.000831256,-0.000523695,-0.000642335,2.28E-05,0.000221034,0.000119223,0.000251001,-0.000130446,0.000215805,-0.000386744,0.0001629,-1.02E-05,4.90E-05,0.000530084,0.000270133,-1.07E-05,6.43E-06,1.4649,0.9558,1.4471,1.2357,1.6111,1.3155,1.8549,1.2767,1.9898,1.281,2.13,1.2853,2.2335,1.2853,2.3112,1.2875,2.3961,1.2972,2.4694,1.3015,2.6097,1.2648,2.7147,1.1857,2.7859,1.0829,1.9797,1.0883,2.0595,1.1415,2.1156,1.1357,2.1652,1.1839,2.23,1.1638,2.2638,1.2177,2.3198,1.1807,2.3306,1.253,2.4,1.1918,2.4202,1.2508,2.48,1.2778,2.4941,1.1634,2.5719,1.2278,2.6517,1.1516,2.7179,1.0732,1.77,0.9818,1.7686,0.9265,1.9772,1.0279,2.1145,1.0696,2.2318,1.0897,2.3195,1.0969,2.3993,1.0998,2.4942,1.0983,0.51985322,0.22598584,0.155943387,0.107335921,0.074080024,0.039580424,0.052285466,0.134968515,0.140265926,0.1035,0.077731139,0.085452326,0.073426017,1.327100377,0.253247014,0.30270033,0.221724266,0.055317719,0.117800552,0.091376419,0.080964498,0.204707792,0.207347293,0.207100362,0.220505329,0.245438485,0.277234071,0.419675172,0.068688354,0.071636653,0.960568259,0.167898571
LBX009V06,LBX,0,2.110029881,-0.005870409,0.000561733,-0.008787494,-0.015989667,0.006216906,-0.014556444,-0.014948281,0.003121406,-8.01E-05,0.003992259,0.005269604,0.006829037,0.004203388,-0.01132128,-0.000953109,0.00120223,0.000243439,-4.24E-05,0.003201476,0.001230312,-0.005477476,-0.001830652,-0.003680955,-0.003942506,0.000891051,-0.000976581,0.002140611,0.001412589,-0.00288982,-0.002970795,-0.001347907,-0.002295085,-0.001948618,-0.003362217,-0.000186779,-0.001633921,-0.001622153,0.000769892,-0.000767159,-0.000181,0.000776084,-0.001485394,0.000361879,-0.000704638,-0.000685693,-0.000409173,-0.001621735,-0.00033974,0.001274243,0.000443269,4.27E-05,0.000493466,0.001097469,0.001807632,-0.001929892,0.001225834,0.000416597,-0.001471736,-0.001061335,0.000747179,0.000303703,0.000545538,0.000867642,-0.000829022,-0.000206196,-0.000503696,-0.000382159,5.04E-05,1.4434,0.9849,1.4202,1.1775,1.6359,1.3091,1.8797,1.2789,2.0149,1.2796,2.1357,1.2853,2.2508,1.2868,2.3342,1.2882,2.4035,1.2902,2.473,1.2929,2.609,1.2551,2.705,1.1742,2.7762,1.0707,1.9757,1.0998,2.0685,1.1591,2.1354,1.1494,2.1828,1.199,2.2411,1.1753,2.2745,1.2271,2.3339,1.1839,2.3565,1.2422,2.4159,1.1915,2.4428,1.2228,2.4874,1.2724,2.4935,1.1494,2.5701,1.2195,2.6446,1.1419,2.7147,1.0599,1.747,0.9951,1.746,0.925,1.9761,1.0329,2.1336,1.0746,2.2371,1.0868,2.3321,1.0919,2.4202,1.0912,2.4935,1.0879,0.520170164,0.203206324,0.13188332,0.098316326,0.064232235,0.051120348,0.078020831,0.135201812,0.120934404,0.115109774,0.08341175,0.069328854,0.069552426,1.335558864,0.24891605,0.293450132,0.212949031,0.070107132,0.108826927,0.093197639,0.082351442,0.20602245,0.214953483,0.21117694,0.222899551,0.236885394,0.264213853,0.399568292,0.062441092,0.06849416,0.978047903,0.163886211
LBX009V07,LBX,0,2.048434963,0.040738459,0.003699859,-0.01353269,-0.007437449,-0.016900455,0.013080814,-0.000828921,-0.007159757,-0.004305176,0.002927291,0.000329106,0.002340394,0.000413839,-0.002249699,0.008470223,-0.003317108,0.001042956,0.005070059,0.000233973,0.002479561,-0.003757202,-0.004566241,0.000192694,0.002120448,-0.001215039,-0.001410301,-0.001426112,-0.000124978,0.001462785,0.003222726,-0.003386017,-0.000116233,0.00063146,4.06E-05,0.000785902,0.000242242,0.000823699,-0.000428226,0.001235442,-0.000567843,-0.000740957,-0.002218654,-0.001291938,-0.000121323,-0.000147823,-0.000359151,-0.001910147,-0.001730435,-0.001122941,-0.001956114,0.000240321,0.000869775,-0.001270534,-0.002000902,-0.001262184,-0.000726049,0.000474164,-0.000678061,0.000686279,0.000155832,-0.000133468,-0.000897572,0.000823704,-0.000240267,0.000212147,0.00061341,-0.000241186,-0.000382935,1.473,1.0049,1.473,1.281,1.6963,1.3112,1.8657,1.2832,2.0124,1.2864,2.1321,1.2972,2.2436,1.3012,2.3242,1.3033,2.3986,1.3134,2.4709,1.317,2.5978,1.2846,2.7057,1.2156,2.7862,1.112,1.9707,1.112,2.0541,1.1674,2.1152,1.1645,2.1771,1.2113,2.231,1.1918,2.2634,1.2465,2.3198,1.2098,2.3479,1.2648,2.3975,1.2184,2.4353,1.253,2.4842,1.29,2.4878,1.1839,2.5685,1.2389,2.6526,1.1704,2.715,1.1037,1.7718,1.0023,1.7726,0.9491,1.9682,1.0455,2.1134,1.0915,2.2292,1.1113,2.3198,1.1214,2.3889,1.1235,2.4831,1.1242,0.522074726,0.20083436,0.126094766,0.096973244,0.058173276,0.045209955,0.070675668,0.146734897,0.12018623,0.111571726,0.080627353,0.075082421,0.072389571,1.317560112,0.255509922,0.30694001,0.220193778,0.053206015,0.118974493,0.09060596,0.078174484,0.19318561,0.191086708,0.195280516,0.209731304,0.219515398,0.258858146,0.370051483,0.071682146,0.069732704,0.954996817,0.147128141
LBX009V08,LBX,0,2.006478527,0.02218183,0.008761628,0.00045645,0.002221111,-0.002859047,0.002047926,0.002498632,-0.007283311,0.012717935,-0.01124825,0.00340207,-0.012566002,0.000642733,-0.001300932,-0.010202617,-0.003138674,-0.007017571,0.005181516,6.40E-05,0.002376952,-0.001674219,-0.003181855,0.001571886,0.002582797,0.00215583,-0.000465773,-0.001114081,0.00111524,0.000377412,-0.000638103,-0.001169103,-0.002356667,0.003823072,-0.001003709,0.000471134,-0.001310795,-0.000490692,-0.001266953,0.000731108,0.00083675,-0.001097711,-0.002481959,0.000133024,-0.002587811,0.000855302,-0.000763625,-0.00117501,0.000332414,0.000906461,0.000755263,-0.001019714,0.000774456,1.69E-05,0.000407509,-0.000106644,-0.000181544,-0.001015927,0.000791489,-0.000518625,-0.000843486,0.000415249,0.000791799,0.000407431,-0.000152316,0.000107615,0.000154892,-0.000302994,-1.69E-05,1.486,0.9542,1.4935,1.1882,1.6499,1.294,1.8819,1.2503,1.9962,1.2567,2.1165,1.2665,2.233,1.2751,2.3091,1.2756,2.3849,1.2875,2.4662,1.2947,2.5831,1.2584,2.6769,1.1915,2.7416,1.0962,1.9815,1.0822,2.0476,1.1296,2.1073,1.1268,2.1584,1.1721,2.2095,1.1591,2.2461,1.2131,2.2979,1.18,2.3231,1.2425,2.3738,1.1893,2.4072,1.2249,2.468,1.2681,2.4658,1.1627,2.5572,1.212,2.6246,1.1499,2.6845,1.082,1.7603,0.9495,1.7596,0.8941,1.9795,1.0173,2.1052,1.0609,2.2071,1.0825,2.2945,1.0939,2.3743,1.1003,2.4658,1.1023,0.490944742,0.195391325,0.137099854,0.103281024,0.063368841,0.035938976,0.066453367,0.114479037,0.120698509,0.116816994,0.076101643,0.076728417,0.081618197,1.263604115,0.226784237,0.283703877,0.213055509,0.055404422,0.107182694,0.090837052,0.07646764,0.192400416,0.18703243,0.191352267,0.205095978,0.224095158,0.252615835,0.414673486,0.058839188,0.066827015,0.943793632,0.151136627
LBX009V09,LBX,0,2.108241915,0.012140923,0.000970878,-0.000869148,-0.005584572,0.002745389,0.001745577,6.67E-05,-0.009316343,0.006935878,-0.010486456,-0.001422416,-0.001095492,0.008761128,-0.00288806,-0.000889662,-0.009393564,0.002194994,0.005744311,0.000826264,-0.001102461,-0.001850129,-0.001189385,0.001948885,1.11E-06,0.003841643,-0.000900584,-0.000826619,0.003396805,0.000256756,0.001000856,-9.68E-06,-0.003239481,-0.001476398,-0.000118892,0.00150628,5.98E-05,0.001222148,-0.001483168,-0.001616856,-0.001257492,0.001722326,-0.000324344,-1.48E-05,0.000146707,0.000520844,-0.001336857,-0.000670731,-0.001675479,-0.001474928,0.000843281,-0.00058705,-0.000471111,0.000138571,0.000315086,-6.73E-05,-0.000345005,0.000739842,0.000320807,0.000493713,-0.000976617,-0.000593121,0.000182385,0.00025131,-0.000171224,-0.00037691,-0.000856577,-0.000668778,0.000163937,1.4757,0.9795,1.4569,1.2192,1.6352,1.327,1.8862,1.2929,2.0167,1.2961,2.1505,1.3015,2.2562,1.308,2.3328,1.3134,2.4137,1.3198,2.4887,1.322,2.6143,1.2825,2.7168,1.212,2.7923,1.1063,1.9746,1.1138,2.0577,1.171,2.1181,1.1624,2.1764,1.212,2.2298,1.192,2.2713,1.2443,2.3215,1.2082,2.3463,1.2691,2.411,1.2152,2.4477,1.2411,2.4962,1.2896,2.5011,1.1893,2.5877,1.2429,2.669,1.1703,2.7344,1.0912,1.7607,0.989,1.7589,0.9358,1.9757,1.0458,2.117,1.0906,2.2282,1.1077,2.3209,1.1156,2.4087,1.1185,2.4993,1.1156,0.531885796,0.19972824,0.131647294,0.093172206,0.065465258,0.046311338,0.085730333,0.130539228,0.133908924,0.105899669,0.076790104,0.081152757,0.07503226,1.322691876,0.250460456,0.302797688,0.216891171,0.053230442,0.115555398,0.093119976,0.089773326,0.206672011,0.209157405,0.202987315,0.208795905,0.228670811,0.26280917,0.410291518,0.059836611,0.063432878,0.987800289,0.163015705
LBX009V10,LBX,1,2.012595257,0.037343486,0.007942981,-0.004298828,-0.007984254,0.000561862,-0.001301145,-0.010967001,-0.008791337,-0.005866358,0.002282259,0.018472131,-0.00136081,-0.001542365,-0.002877591,-0.004853337,0.006032289,0.000402458,-0.002315711,0.00116473,-0.001493496,-0.005656914,-0.001758761,0.005687949,0.006504773,-0.001679541,-0.001930854,0.006665117,0.003691823,-0.002253616,0.006202927,0.010801533,0.004889658,-0.004630935,0.000190234,-0.006094694,-0.001116748,0.001911458,-0.002029016,0.002572222,-0.001362117,0.00285225,-0.00150323,-0.002374213,-0.001056736,-0.001968882,-0.001044463,-0.000755809,-0.002142473,0.000204396,0.000815225,-0.000748433,-0.002318406,0.001362565,-0.00031501,0.001901904,-0.001626043,-0.001147711,-0.00047243,0.000188055,-0.000736654,0.000121744,-0.000267466,0.000420395,-0.000665168,-8.79E-05,0.000254476,0.000696001,-3.43E-05,1.4563,0.9989,1.4622,1.2371,1.665,1.3004,1.8531,1.2954,1.9754,1.304,2.0933,1.3112,2.1983,1.3242,2.2832,1.3285,2.358,1.3443,2.4302,1.3486,2.5518,1.3141,2.6618,1.2451,2.7438,1.1375,1.9621,1.1152,2.057,1.2069,2.1052,1.1807,2.1411,1.2145,2.1947,1.1947,2.2346,1.2519,2.2918,1.2184,2.3026,1.2799,2.3641,1.2249,2.39,1.2767,2.4382,1.3177,2.4547,1.1936,2.5316,1.2709,2.6093,1.1997,2.6755,1.1242,1.7452,0.989,1.7467,0.9322,1.9621,1.0484,2.103,1.0987,2.1922,1.1181,2.2922,1.1303,2.3605,1.1325,2.4482,1.1368,0.49879988,0.210601614,0.12683442,0.107869041,0.080901051,0.052328959,0.074791443,0.122601998,0.118119643,0.105801701,0.085008823,0.076450507,0.072327934,1.29493869,0.260866939,0.294492818,0.213407263,0.056819803,0.090588355,0.099950488,0.072591597,0.212563496,0.210692406,0.215440061,0.216953497,0.241722672,0.269981481,0.377155313,0.0695829,0.069407564,0.948437367,0.158364043
LBX009V15,LBX,0,2.129451438,0.008768094,-0.002762285,-0.012370497,-0.009767603,-0.017285476,-0.002680488,-0.005332887,-0.013700274,0.002360988,0.002879584,0.00423996,0.005280847,0.001186826,-0.004473209,-0.000313714,0.005091678,0.005126997,-0.000646896,0.00384514,-0.002294965,0.002347667,-0.005759677,0.002596169,0.000626608,-0.005474774,0.000822719,0.000463394,-0.001801651,0.000963512,-2.04E-06,-0.003084697,-0.005623252,0.000779573,0.000686362,0.002581034,0.000131314,-0.000842437,-0.001391101,-0.00014257,-0.00226406,0.002435123,0.000423065,-2.10E-05,0.000226218,0.000468431,0.001828418,0.000503674,0.000391422,-0.000605914,-0.000794122,0.001656354,4.67E-05,-0.00023574,0.00060207,0.000859272,-0.001054838,-0.00066063,-0.000329918,1.19E-06,-0.001285779,0.000585872,0.000892105,-0.000362985,-0.000299765,0.000460888,0.000107342,0.000618495,-0.000257757,1.4574,0.9773,1.4396,1.2465,1.6392,1.3015,1.8646,1.2702,2.0092,1.2767,2.1429,1.2853,2.2584,1.2907,2.3263,1.2902,2.4164,1.295,2.4951,1.2956,2.6197,1.2551,2.7238,1.1731,2.7869,1.0674,1.9772,1.0987,2.0663,1.1584,2.1268,1.1455,2.1872,1.198,2.2483,1.1793,2.2835,1.2289,2.3396,1.1936,2.367,1.2382,2.4238,1.1944,2.4533,1.244,2.5059,1.2605,2.4978,1.1467,2.5863,1.2114,2.6683,1.1273,2.726,1.0588,1.7476,0.986,1.7454,0.9326,1.9764,1.0354,2.1264,1.0753,2.2479,1.0919,2.3335,1.0948,2.4213,1.0933,2.4957,1.0912,0.522808148,0.205160937,0.131359431,0.097896782,0.066702699,0.066034006,0.062949265,0.144746019,0.133976304,0.115626165,0.067901841,0.090227767,0.078702287,1.332549534,0.251370503,0.299778752,0.227536722,0.053445299,0.126113798,0.092413094,0.0842038,0.204400881,0.218619784,0.209801859,0.2200649,0.233018883,0.260058224,0.383882339,0.061504227,0.071957557,0.988687413,0.154740105
LBX009V17,LBX,0,2.125139559,0.005700822,-0.017038189,-0.018782619,-0.003658757,-0.007575973,-0.001366162,-0.00160817,-0.006105479,-0.001446695,-0.007029645,-0.00415566,0.0046093,0.002202962,-0.002717132,0.002904971,-0.000691683,0.002458189,-0.000133271,0.000665222,-0.000153728,-0.003041467,-0.000861789,0.003279866,-0.002212386,6.60E-05,0.000661655,-0.001024137,-0.000523625,0.001744861,-0.000670987,9.43E-05,0.003219131,0.000481266,8.76E-05,0.001563797,-7.53E-05,-0.004340758,-0.000726693,-0.000414482,-0.000792087,-6.96E-05,-1.22E-05,-0.000812501,2.60E-05,-0.001275967,-0.00061596,-0.001669327,-0.000945053,0.00069817,-0.000649157,-0.000220655,-0.002532208,-0.002278192,-1.28E-05,-0.000382314,0.000695965,-7.78E-05,0.000607413,0.000701706,0.000754403,-2.83E-05,9.03E-05,0.000769758,-3.52E-05,-6.50E-05,-0.000430007,1.81E-05,0.000355741,1.4417,0.9746,1.4202,1.2184,1.5895,1.2994,1.842,1.254,1.9915,1.2584,2.1232,1.2706,2.2335,1.2771,2.3184,1.2778,2.3925,1.2843,2.4637,1.2907,2.5967,1.2504,2.6963,1.1861,2.788,1.0728,1.9574,1.0955,2.0437,1.1483,2.1052,1.1386,2.1602,1.1893,2.2217,1.1645,2.2594,1.2195,2.3134,1.1764,2.3425,1.2292,2.3964,1.1872,2.4299,1.2249,2.4838,1.2546,2.4773,1.1456,2.5631,1.205,2.6419,1.1386,2.7195,1.0566,1.7433,0.9865,1.7416,0.9304,1.9563,1.0243,2.1057,1.0663,2.219,1.0825,2.3123,1.0872,2.3943,1.089,2.4752,1.0879,0.522308357,0.19605971,0.121847651,0.089323513,0.063155126,0.054247304,0.070193447,0.149564735,0.132263865,0.110491357,0.084902886,0.074384541,0.071487062,1.349876635,0.261031512,0.319114917,0.222713381,0.056125752,0.119344292,0.092468914,0.083699701,0.203125798,0.203485257,0.205600219,0.21109062,0.223481655,0.256566911,0.399118291,0.070389559,0.07221918,0.986009559,0.149463307
LBX009V21,LBX,0,2.095521619,-0.00571863,-7.59E-05,-0.010618249,-0.004273548,-0.006401544,-0.006038162,-0.009591843,-0.00801567,-0.004276412,0.004996382,-0.001160403,0.000628823,-0.007804444,-0.002393644,-0.000321239,-0.000426653,-0.001074318,0.003790365,-0.000226601,-0.002374995,-0.003113063,-0.001592853,-0.002878888,0.003501535,-0.002654093,0.00234649,0.000826719,0.006042191,-0.001051571,-0.00035837,-0.000827296,-1.08E-05,0.00028543,-0.0020067,0.001766684,-0.000949997,-0.002561596,-0.003511165,0.002655965,0.000514391,-0.002254942,-0.001685956,0.0008848,-0.001051177,-0.001133897,0.00115842,0.000687984,-0.002887808,-0.000912117,-0.001437207,0.001524538,-0.000900824,-0.000497895,-0.001812252,-1.56E-06,0.000974742,-0.000226542,-0.000129331,-0.000376636,9.37E-05,-0.000496408,3.22E-05,-0.000221144,0.000822606,0.000731901,0.000731138,0.000791487,-0.000470802,1.4585,0.9676,1.4471,1.2113,1.6413,1.2961,1.8927,1.2702,2.0329,1.2745,2.1548,1.2864,2.2616,1.2929,2.3393,1.294,2.4202,1.3004,2.4881,1.3037,2.6208,1.2616,2.7222,1.1915,2.7923,1.0955,2.0135,1.1117,2.0858,1.1645,2.1419,1.1494,2.1969,1.2055,2.2508,1.1807,2.2907,1.2379,2.3479,1.1947,2.3727,1.2508,2.4266,1.2001,2.4666,1.2433,2.5065,1.281,2.5065,1.1742,2.5885,1.2231,2.6604,1.157,2.728,1.0843,1.7751,0.984,1.7736,0.9293,2.0102,1.0426,2.1419,1.0807,2.2512,1.0994,2.3409,1.1073,2.4175,1.109,2.5043,1.1106,0.496945923,0.19928595,0.122059043,0.091198794,0.06222387,0.05460586,0.073575607,0.140265926,0.122479468,0.106997617,0.077707786,0.081152757,0.067980144,1.339918225,0.238749785,0.296437734,0.216392652,0.054720563,0.11330887,0.098104077,0.078885043,0.193778353,0.200848799,0.201831241,0.210385266,0.222349814,0.256140606,0.38993016,0.065268139,0.070777751,0.966904525,0.148708709
LBX009V22,LBX,0,2.064142,-0.005786506,0.01126624,-0.020375873,0.004248686,-0.008387201,-0.013776752,0.009993487,-0.006062148,-0.004537945,0.002310134,0.002194179,0.010003269,-0.011044627,-0.002168859,0.003641077,0.003782677,-8.69E-05,0.001372483,-0.001323838,-0.004165806,0.008746866,0.00093423,0.004961699,0.000833023,-0.001148183,0.002737141,0.001713382,0.001294529,-0.001391498,-0.000954532,-0.002657196,-0.0030259,-0.001425229,-0.001029755,-0.002800468,0.001898799,0.000239232,-0.002206976,0.000340209,-0.001365183,0.001057567,0.001213389,0.000529959,0.000205114,-0.000463064,0.000675403,0.000751081,-0.000307106,0.000360034,0.00027203,0.000597305,0.000919689,0.000541219,1.55E-05,0.000153892,-0.000839417,0.000683495,0.000609936,0.001137099,0.000400627,-0.00143133,-0.001015524,-1.82E-05,-0.000220265,-3.48E-05,6.47E-05,-0.000155365,0.000144194,1.4682,0.9978,1.4612,1.2314,1.6478,1.3015,1.8981,1.2627,2.0469,1.2691,2.1936,1.2799,2.2735,1.2843,2.3457,1.2961,2.4292,1.2997,2.5011,1.2994,2.6172,1.2648,2.7168,1.1882,2.7783,1.089,2.0128,1.1034,2.089,1.1659,2.1444,1.153,2.1983,1.2048,2.2573,1.1839,2.2932,1.2422,2.3436,1.2019,2.3716,1.2501,2.4299,1.2077,2.4543,1.2551,2.507,1.2686,2.4777,1.1677,2.5877,1.221,2.6589,1.1505,2.715,1.0807,1.7751,1.002,1.7722,0.9272,2.011,1.0379,2.1411,1.0732,2.2526,1.0926,2.3403,1.1009,2.418,1.1052,2.4752,1.1063,0.46932558,0.196297173,0.111456942,0.075246927,0.046481179,0.052790245,0.051177827,0.148937571,0.147097009,0.08002106,0.073157911,0.083577569,0.071900626,1.313270517,0.238450938,0.310731476,0.239977207,0.074856195,0.117052211,0.088157189,0.086494682,0.194829207,0.204132555,0.195186577,0.196372834,0.217371686,0.251558045,0.394431046,0.063841836,0.069091968,0.955214159,0.152147856
LBX009V23,LBX,0,2.07754661,-0.000242783,-0.009439497,-0.018643284,0.002780095,0.004838584,-0.006053775,-0.002703979,-0.006042865,0.001221552,0.002068315,-0.001014303,0.002014919,-0.00461253,-0.002962563,0.000709666,-0.004400551,0.002171678,-0.000925614,-0.000701276,0.008708118,0.001314929,-0.005781814,-0.002698703,0.00364203,0.000979366,-0.002654573,-0.002378898,-0.002929538,0.002500671,0.00089711,-0.002706937,0.000545534,0.001307821,-0.001464387,0.001545195,-0.002369703,-0.000625621,-0.000368379,0.001129034,-0.003169567,-0.000972465,0.002796097,0.001665205,-0.001782449,-0.001195639,-0.001549715,0.000603825,-0.000223591,0.000207111,-0.001142566,0.000890402,0.000985026,-3.20E-05,-0.000322273,0.000521513,0.001743681,0.000298696,-0.000271047,0.000687519,-0.000948393,-0.000950682,0.00054381,-0.00011819,-0.000516795,0.000141836,-0.000176288,-6.72E-05,0.000509837,1.4768,0.9827,1.4471,1.2023,1.623,1.2929,1.884,1.253,2.0448,1.253,2.1462,1.2638,2.2605,1.2659,2.3306,1.2691,2.4126,1.2778,2.4831,1.281,2.6104,1.2451,2.7206,1.171,2.7873,1.0746,1.9962,1.0868,2.0746,1.1336,2.1329,1.1199,2.1832,1.176,2.2472,1.1544,2.2767,1.2084,2.3393,1.1659,2.3544,1.2321,2.4141,1.1782,2.4439,1.2098,2.4939,1.2515,2.4924,1.1386,2.5809,1.2033,2.6548,1.1294,2.7147,1.0615,1.7665,0.9822,1.7643,0.9234,1.9962,1.0228,2.1332,1.0595,2.2447,1.0771,2.3353,1.0829,2.4065,1.0865,2.4921,1.0843,0.498896462,0.200527504,0.123062586,0.095277699,0.059738514,0.043993636,0.074857799,0.1608,0.101973526,0.11431929,0.070173001,0.082460233,0.070572587,1.313718334,0.245690578,0.301764826,0.230488611,0.058841142,0.119393216,0.092815193,0.075804551,0.19690579,0.197746226,0.197696839,0.21109036,0.21273648,0.256087641,0.395595677,0.07377242,0.077847286,0.960381055,0.154640777
LBX009V27,LBX,0,2.015299252,0.017795754,-0.021710689,-0.00040947,-0.002271998,0.002118672,0.01012613,0.014221506,0.019994103,-0.01263595,0.003453979,0.000651147,0.012649943,-0.000116223,-0.005680201,-0.006386315,0.0010823,-0.003114849,-0.000117285,-0.000512865,-0.000845218,-0.007793428,0.002332687,-0.001820345,0.002778253,0.001202209,-0.001400676,0.001584674,-0.001058706,0.001665858,0.001367483,0.000669543,-0.000224066,-0.003114841,7.34E-06,-0.000412284,-0.000253483,-0.000647928,-0.003596034,-0.000618534,-0.001696067,-0.002196989,0.000266344,-0.001054304,0.001285491,-0.000484969,3.50E-05,-0.000606373,0.001692566,0.004163682,0.000365055,0.000196545,-4.94E-05,-9.18E-05,-0.001924388,0.001574636,0.001884699,-0.000783406,9.80E-05,0.000539073,-0.002182913,0.000336827,0.000176304,-1.94E-05,-0.000212127,6.92E-05,-7.16E-05,5.58E-05,-0.000184146,1.5005,1.0022,1.5018,1.2105,1.6888,1.3083,1.9056,1.2756,2.0415,1.2745,2.1634,1.2778,2.2805,1.2789,2.3657,1.2794,2.4342,1.2896,2.4978,1.294,2.6273,1.2476,2.7265,1.1775,2.802,1.0814,2.0178,1.0814,2.0922,1.1472,2.1505,1.1268,2.2033,1.1796,2.2605,1.1559,2.2972,1.2152,2.3501,1.1721,2.3781,1.2357,2.432,1.1872,2.4536,1.226,2.5108,1.2578,2.5038,1.144,2.5939,1.2098,2.6677,1.1397,2.7362,1.0642,1.8528,1.0056,1.8484,0.9495,2.0153,1.0117,2.149,1.0527,2.2584,1.0735,2.3425,1.0814,2.4266,1.0843,2.5022,1.0836,0.490015061,0.224282144,0.137024742,0.105996462,0.065852714,0.045425213,0.066493007,0.135904452,0.12194466,0.117105166,0.085201467,0.069255253,0.06375202,1.303907547,0.241127622,0.304699852,0.225205551,0.056272284,0.11378405,0.091052732,0.08328037,0.210446003,0.204384001,0.207003019,0.225307545,0.246478173,0.285792407,0.392695302,0.068010881,0.069901931,0.895178714,0.158978646
LBX010V01,LBX,0,2.04676926,0.029145834,0.022152561,0.00880301,-0.002522285,0.001855445,0.005140314,0.005318974,-0.006737741,-0.006563388,-0.0047161,-0.000316198,0.009485138,0.001765094,-0.001747103,-0.003235459,-0.00118042,-0.002714326,0.004960392,-0.00161708,-0.000301843,0.00154675,0.001470273,-0.00362029,-0.004942196,0.003428757,0.002682281,-0.002061708,0.003220821,0.000201664,-0.000264189,-0.000916823,0.001308184,0.000965777,-0.00076552,-0.001585057,0.00182719,-0.000495544,-0.000611043,0.003343838,0.000708277,0.000635003,-0.001063818,-0.001259085,0.000299957,0.000899247,0.00163596,0.000775475,0.000511327,-4.21E-05,0.000549165,-0.000431687,0.001094246,-0.000233356,-0.00036013,0.001028141,0.000634019,0.000362685,-0.000166352,-0.000460071,-0.000157702,0.000121676,0.000469193,0.000696897,-0.000129171,-0.000137301,0.000578755,-0.000120857,0.000127234,1.4633,0.9973,1.4838,1.2573,1.6974,1.3425,1.9078,1.294,2.0297,1.3037,2.1602,1.3123,2.2638,1.3188,2.3421,1.3245,2.4112,1.3324,2.4755,1.3353,2.6122,1.2918,2.7104,1.2125,2.7735,1.1041,1.9858,1.1257,2.0592,1.1832,2.1152,1.1688,2.1771,1.2177,2.2289,1.2019,2.2706,1.2638,2.3195,1.2163,2.3483,1.2839,2.3957,1.222,2.4274,1.2623,2.4813,1.3044,2.4849,1.1915,2.5813,1.2573,2.6503,1.1811,2.7179,1.0912,1.7744,1.0135,1.7736,0.9459,1.9829,1.0516,2.1138,1.0912,2.226,1.112,2.3159,1.1214,2.3943,1.1246,2.4806,1.1246,0.503418762,0.185496334,0.124058454,0.096097711,0.055418769,0.041070671,0.07194755,0.122285322,0.130783065,0.103803709,0.078507197,0.069550126,0.064365363,1.314545655,0.247485313,0.301543894,0.226475716,0.067604734,0.118420015,0.091737233,0.076412892,0.210761714,0.206603122,0.204159668,0.210831046,0.22853678,0.253767157,0.403853934,0.057076878,0.067808333,0.955413303,0.165808594
LBX010V02,LBX,0,2.005720586,0.014608809,0.00391923,-0.001138564,0.001469463,0.016951965,-0.003376791,-0.006797874,0.000930735,-0.006272857,-0.005984331,0.000332672,-0.001332292,-0.008536995,-0.003307088,-0.00971769,0.003540471,0.00522181,0.002509346,0.003481666,-0.001631835,-0.001619891,-3.35E-05,-7.17E-05,-0.000392214,0.001483735,0.001597932,0.001837886,0.003052012,0.004738819,0.003762222,-2.66E-05,0.003569807,0.000692674,-0.000124741,0.000737425,0.000976754,0.00091888,-0.003995716,0.002047622,0.001075625,0.000130669,-0.003659961,-0.003172539,0.002276774,-0.002237351,-0.000141896,-0.000454556,-0.001272428,0.002159107,0.000521534,0.001785118,-0.000188836,0.001150696,0.000632424,0.000786501,0.000699611,-0.000145318,-0.000789568,0.00082413,0.000670657,-0.000391179,-0.000647754,0.000483749,0.000800516,-0.000569681,-0.000750841,-1.73E-06,0.000483999,1.4849,1.0167,1.4784,1.2184,1.6704,1.3296,1.9124,1.2918,2.0289,1.2947,2.1419,1.2968,2.2469,1.304,2.3296,1.3119,2.3932,1.3198,2.4655,1.3247,2.5917,1.285,2.6895,1.2166,2.7621,1.1088,2.0113,1.1224,2.0663,1.1861,2.1232,1.1591,2.1742,1.2123,2.2325,1.1879,2.2691,1.2461,2.3216,1.198,2.3432,1.262,2.3936,1.2102,2.4187,1.2576,2.4784,1.2934,2.4865,1.1791,2.5687,1.2476,2.6392,1.1771,2.7125,1.0944,1.7816,1.0059,1.778,0.9509,2.0129,1.0609,2.1214,1.0874,2.2287,1.1041,2.3177,1.1095,2.3867,1.1127,2.4806,1.1127,0.478570716,0.196157003,0.114859566,0.090462921,0.06201008,0.051720112,0.067224177,0.116536089,0.113019512,0.105246568,0.083076471,0.064088767,0.072465854,1.2805164,0.245117523,0.28442477,0.206434614,0.055117692,0.11303066,0.089670619,0.073026297,0.212537079,0.207222224,0.206985241,0.211346942,0.227001189,0.25182347,0.393689535,0.05164804,0.063955766,0.945453595,0.155508006
LBX010V03,LBX,0,1.992785948,0.018990834,0.012446929,0.005032743,-0.006649487,0.007669132,-0.000903897,-0.004443752,0.000119074,-0.000205574,-0.004321521,0.011678764,0.020169261,-0.000718184,0.00493311,-0.0040061,0.002934975,0.000354751,-0.003965939,-0.004021919,0.000296367,-0.002160334,-0.00178539,0.006130597,-0.000385659,0.001056321,0.002580215,-0.004879287,-0.001148295,9.97E-05,0.001175513,0.003580042,8.73E-05,0.000361063,0.000805327,-0.000614448,0.001048256,-0.001989804,-0.002674669,-0.000218321,0.000699883,-0.001471406,-0.001075322,-0.002487241,-0.001248208,0.001831708,-0.001251064,-0.000706924,0.000635772,-0.000531604,-0.000217805,0.000225027,-0.001219752,0.000380618,-8.98E-05,-0.000475456,-0.001090682,0.001377596,0.002312334,-0.0010203,-0.000726018,0.000377017,0.001690673,0.000374454,0.000622474,0.000755962,-5.34E-05,-0.000550875,0.000465742,1.4773,1.0156,1.4957,1.2292,1.692,1.3134,1.8837,1.2763,2.0405,1.2857,2.1606,1.2843,2.2605,1.2929,2.3414,1.294,2.4029,1.3026,2.4666,1.3037,2.5877,1.2504,2.6762,1.167,2.7488,1.0548,1.986,1.1079,2.069,1.1629,2.1235,1.1429,2.1731,1.1931,2.2228,1.1681,2.2659,1.2285,2.3119,1.1796,2.3443,1.2436,2.391,1.1811,2.4177,1.2321,2.473,1.2702,2.477,1.1365,2.5647,1.2145,2.6323,1.1325,2.6841,1.0469,1.7722,1.0067,1.7686,0.9448,1.9833,1.0351,2.1206,1.075,2.2195,1.0868,2.3026,1.0879,2.3873,1.089,2.4766,1.0822,0.491832248,0.197037687,0.126063833,0.092052648,0.064626001,0.050483364,0.072036727,0.157081508,0.12010816,0.100269487,0.080907478,0.06209839,0.063709497,1.272104119,0.253401993,0.283813548,0.201521438,0.062004597,0.102447694,0.089839078,0.079114221,0.221725619,0.210075724,0.209278308,0.206095754,0.225411845,0.260955169,0.376475125,0.065180519,0.055834219,0.921175694,0.160468564
LBX010V04,LBX,0,2.032417982,0.012435822,0.002522449,0.013002001,0.004765771,0.014807567,-0.005630508,0.002480023,-0.009765151,-0.007091942,-0.006874767,-0.000799842,0.008324477,0.005873387,-0.00270468,-0.0071943,0.006228886,0.004138214,-0.000783,-0.000614393,-0.00199927,0.002704478,-0.005650066,-0.001554396,0.001493774,3.08E-05,5.79E-05,-0.000408745,0.00094954,-0.003259947,3.79E-05,-0.002784017,0.001891068,-0.000157809,-0.000570958,-0.001381628,-0.000539651,-0.000409247,0.001448159,-0.000370654,0.002724085,-0.000745985,-0.000239687,-0.001060208,-0.000359496,4.43E-05,0.003265187,-0.000339024,-0.000180676,-0.00291298,0.000149678,-0.000343835,0.000551922,0.000815055,-0.001136478,-0.001477452,-0.000535995,-0.000764177,-0.000137925,2.49E-05,-0.000513939,-8.14E-05,-0.000485998,-3.57E-05,-0.000769864,-0.000347945,-0.000227004,-0.000496121,-0.000352813,1.4741,0.9531,1.4612,1.1947,1.6352,1.304,1.9024,1.2724,2.0232,1.2767,2.1397,1.2843,2.2325,1.2886,2.3177,1.2961,2.3846,1.3004,2.4547,1.304,2.587,1.2652,2.6834,1.1832,2.7578,1.0739,1.9811,1.0912,2.0523,1.1462,2.1057,1.1316,2.1656,1.185,2.2174,1.164,2.2519,1.2195,2.3064,1.1802,2.3317,1.2362,2.3819,1.1753,2.404,1.2422,2.4572,1.2742,2.4651,1.1483,2.5604,1.2292,2.6316,1.148,2.6974,1.0609,1.7679,0.98,1.7672,0.9153,1.9793,1.0196,2.1037,1.0606,2.2166,1.0814,2.3101,1.0908,2.3813,1.0917,2.4655,1.0895,0.487356553,0.197552854,0.133705123,0.102622122,0.071771652,0.061514307,0.061348187,0.120876507,0.116747634,0.092899569,0.085529469,0.067038049,0.070192379,1.289371293,0.256453368,0.302007699,0.22107216,0.064703787,0.116304127,0.090462368,0.07565884,0.214771716,0.214066158,0.212477293,0.216983916,0.230606721,0.264237488,0.410501754,0.061783169,0.062628109,0.941526102,0.152775685
LBX010V06,LBX,0,2.076954577,0.005568991,-0.005242062,-0.018983022,-0.00109079,0.001369664,0.001364886,-0.003285571,-0.013385513,-0.008305875,0.000711504,0.001771477,-0.00148658,0.007937197,-0.004654584,0.002584219,0.002154892,-0.003958113,0.002962101,-0.00060757,-0.005530003,-2.07E-05,-0.004130507,-0.003553034,-0.001764135,0.002763501,0.000319455,0.002097431,0.001511034,-0.001423508,0.002580463,0.001834569,0.000981413,0.000160869,-0.000109938,0.001756797,0.002996518,-0.001102909,-0.002945349,-0.000510125,-0.002217808,-0.000470338,-0.001543288,-0.001491182,0.001506925,-0.00043093,-0.001163906,0.001488224,0.000875033,5.80E-05,0.00048832,-0.000226608,0.001168665,-0.001370081,0.000126079,-0.001776145,0.000690044,0.000162987,-1.33E-05,-0.000506729,0.001278726,-0.001637846,5.98E-05,1.16E-05,-0.000459897,-0.000871154,-0.000150659,0.000478242,0.000413516,1.4574,0.9903,1.4482,1.2292,1.6219,1.2983,1.8937,1.2638,2.0124,1.2735,2.1386,1.2843,2.24,1.2832,2.3155,1.2961,2.3889,1.3037,2.4676,1.3047,2.6046,1.2659,2.705,1.1915,2.779,1.0876,1.9707,1.1099,2.0649,1.1681,2.1275,1.1523,2.1728,1.2041,2.2353,1.1775,2.2677,1.2307,2.3238,1.1882,2.3522,1.2433,2.4008,1.2012,2.4299,1.2335,2.4817,1.2702,2.4838,1.1785,2.5723,1.226,2.6521,1.1537,2.7147,1.0804,1.7654,0.9919,1.7643,0.9311,1.97,1.0365,2.1282,1.0789,2.231,1.0976,2.3234,1.1046,2.3986,1.1068,2.4838,1.1077,0.5176655,0.172087797,0.117751476,0.087187614,0.059359414,0.064301866,0.081296002,0.119095676,0.126661281,0.101405966,0.076594125,0.073792412,0.078706353,1.325176913,0.249411808,0.308878374,0.221581678,0.06080995,0.110706278,0.089144489,0.078089692,0.197664969,0.206736789,0.197112963,0.208313826,0.226448228,0.239764426,0.393844639,0.064701855,0.065017305,0.96205543,0.144170767
LBX010V07,LBX,0,2.074424184,0.008702774,-0.001792656,-0.011562915,0.003296998,0.002312675,0.002340694,3.74E-05,-0.007790514,-0.003930321,-0.006074439,-0.001459269,0.009094035,0.00536759,-0.006781901,-0.004938898,0.000429003,0.00182213,-0.002708822,0.002452359,0.002323419,0.004250307,0.000138673,-0.001354074,-0.000262988,0.003320327,-0.000305733,0.000605628,-4.60E-05,0.000209766,-0.001100501,-0.001267854,0.000418743,-0.002119013,0.000321262,0.002610892,0.000713566,-0.000207286,0.000427967,-0.000405904,-0.000485448,0.001330153,0.003909794,-0.002919336,-0.000424586,-0.000813897,-0.000369518,-0.001624315,-0.000537806,-0.002412692,-0.000728689,0.000325922,-0.001694394,0.000850662,-0.001441365,0.0003646,0.000615301,-0.001999356,-0.000591353,-1.10E-05,0.00045333,0.001181108,0.000816332,4.18E-05,9.55E-05,0.000636795,-0.000344482,-0.000213281,-0.000785321,1.4392,0.9696,1.4277,1.2113,1.5989,1.2932,1.8668,1.2487,1.9908,1.2576,2.1192,1.2691,2.2217,1.2718,2.3004,1.2778,2.3781,1.2864,2.445,1.2896,2.5744,1.2497,2.6773,1.1771,2.7506,1.0739,1.9473,1.0858,2.0297,1.1424,2.0917,1.1273,2.1456,1.1818,2.2055,1.1591,2.2433,1.2125,2.2958,1.1796,2.3145,1.2379,2.3727,1.1764,2.4029,1.2249,2.459,1.2551,2.4597,1.1415,2.548,1.2147,2.6197,1.1397,2.6823,1.0556,1.737,0.9876,1.7334,0.9214,1.9466,1.0156,2.0901,1.0556,2.2077,1.0707,2.295,1.0782,2.3741,1.0782,2.4583,1.0775,0.515418519,0.181704871,0.121590501,0.091204441,0.063111409,0.042318081,0.066312065,0.124318985,0.128913964,0.102535555,0.078928385,0.078174484,0.066976488,1.315541124,0.248901748,0.298651251,0.220492902,0.066297813,0.118159553,0.092597732,0.076966551,0.212516588,0.212771826,0.207011715,0.217243665,0.225087738,0.246381107,0.395380184,0.070709122,0.068676925,0.958342762,0.170458939
LBX010V09,LBX,0,2.052809619,0.003258033,0.007593023,0.014284647,-0.00887733,0.002259434,-0.005964797,-0.004222554,-0.006661014,-0.004068634,-0.003399184,-0.009168205,0.013689557,0.013418913,-0.0090964,-0.003813581,0.004673834,0.002737243,-0.007595829,0.00205275,-3.87E-05,-0.002557584,-0.003754057,-0.001265599,0.001364207,0.002271851,0.000630285,-0.000540367,-0.001649294,-0.00120106,0.000423165,-0.000411058,0.001609648,0.00403306,-0.001435704,0.001605199,-0.001321313,0.001439261,-0.001761457,-3.17E-05,-0.002237981,0.00152548,0.000764606,-0.001325391,-0.000177393,0.00108347,-0.00161015,-0.000653422,8.93E-05,7.39E-05,-2.91E-05,0.000347315,0.001396275,0.000682552,-0.000878984,-0.000195631,-0.00042817,0.000380053,-0.000215613,0.001159198,0.001199269,0.00046449,-0.00028458,-2.32E-06,0.000569342,0.000277584,-0.000225002,-0.000194804,0.00037849,1.4579,0.9243,1.4392,1.1803,1.6392,1.2968,1.8855,1.2656,2.0135,1.2742,2.1257,1.2785,2.2443,1.2799,2.3155,1.2864,2.3867,1.2918,2.4558,1.295,2.5834,1.249,2.6748,1.1706,2.7449,1.0696,1.9552,1.089,2.0458,1.1462,2.1041,1.1321,2.1559,1.1861,2.2109,1.157,2.2487,1.2228,2.3069,1.1721,2.335,1.226,2.3835,1.1775,2.4051,1.2303,2.4676,1.2627,2.4666,1.1375,2.5539,1.2152,2.6251,1.1383,2.6884,1.0556,1.7535,0.9876,1.7503,0.9239,1.9563,1.0207,2.1041,1.0613,2.2134,1.0757,2.3096,1.0804,2.3835,1.0814,2.4649,1.0793,0.513694666,0.18985692,0.132012462,0.097210082,0.057269276,0.063469757,0.064193536,0.128288581,0.112282367,0.118608263,0.071496084,0.071404482,0.069174056,1.295176085,0.241384776,0.286463436,0.210814729,0.063780326,0.10966426,0.097180296,0.076790104,0.215891871,0.215983796,0.209915078,0.220950515,0.23137582,0.254928716,0.389098471,0.058208676,0.059273772,0.947299583,0.152516917
LBX010V12,LBX,0,2.098183062,0.009714368,0.009901487,-0.001558284,-0.01176875,0.009260533,-0.000853143,-0.003037587,-0.005057154,-0.008522631,-0.004472313,-0.006147117,0.002747832,0.000408593,-0.0097438,0.004944729,0.000974647,0.000221243,-0.004043983,0.002919173,-0.000968591,0.000357918,-0.001499509,0.00338284,0.000667947,-0.00068101,0.000918442,-0.000762352,0.000812446,0.002518368,0.003894226,-0.000988104,0.00017165,-0.001408942,-0.001481863,2.89E-05,-0.000864827,0.000607457,-0.000118039,-0.000483109,0.001091901,0.000193863,0.000833264,-0.000632309,0.000370695,0.000145247,0.000937342,0.000806871,-0.001044434,0.000642085,-0.000209099,-0.000374794,-0.000409328,-0.001500184,0.000871611,0.000223547,0.000624556,-0.00055844,-0.000129523,-0.000295731,-0.000782884,-0.000728488,-0.000280469,-0.000496011,-0.00099605,-0.000335555,0.000559328,0.000323924,-0.000519256,1.4649,0.972,1.4428,1.2044,1.6661,1.3166,1.9045,1.2843,2.0358,1.2896,2.1566,1.2983,2.2587,1.3055,2.3335,1.3083,2.4141,1.3198,2.4881,1.3249,2.6224,1.2864,2.7186,1.2181,2.8004,1.1084,1.9919,1.1127,2.0739,1.1785,2.1354,1.1645,2.1882,1.219,2.2443,1.1936,2.2789,1.2481,2.3314,1.2033,2.3551,1.2616,2.4112,1.2141,2.4414,1.2602,2.4968,1.2911,2.5,1.1742,2.5949,1.2449,2.6715,1.1699,2.7384,1.0944,1.7691,1.0032,1.767,0.9434,1.9858,1.0405,2.1303,1.0822,2.2375,1.1016,2.3267,1.1131,2.4061,1.1149,2.4989,1.116,0.511808421,0.192575492,0.117451352,0.08536422,0.060850637,0.051453377,0.065554939,0.131406925,0.121112881,0.102353554,0.074852388,0.081416276,0.074175535,1.34244747,0.251730014,0.307522032,0.222964504,0.059836862,0.112720983,0.087638462,0.080527511,0.20917899,0.206577637,0.204063127,0.212686859,0.22791448,0.256998307,0.38659934,0.063560994,0.067391765,0.983066102,0.155312234
LBX010V16,LBX,0,2.09583085,0.023448165,0.019332476,-0.008978472,0.00259987,0.000179404,-0.005883832,0.000558154,-0.011258455,-0.0038964,-0.003175289,0.000438505,0.000901377,0.001139917,0.002709502,-0.002029608,-0.003453362,-0.001242822,-0.003054298,-0.003534407,0.001695461,0.000769362,0.001634221,-0.001160613,-0.001966159,0.004007923,-0.001157149,0.000842938,0.004460927,0.002992976,0.001054442,-0.002821808,0.000677421,-0.000558075,-0.000823855,0.001578422,0.000345423,-0.000364937,0.000817569,0.000472388,0.001558142,-0.000677042,-0.000472826,-0.000948163,0.002917983,5.67E-05,0.000920902,0.002146138,0.002098301,0.002261259,0.000650769,0.000152037,-0.001041598,0.000583542,-0.000898484,0.000755458,0.000660419,0.001503991,0.001379708,-0.001061619,7.89E-05,-0.000346953,0.001097409,0.000402153,1.36E-05,-0.000452309,0.0013631,-0.000812227,-0.000977267,1.4515,0.9894,1.4673,1.2483,1.6586,1.3202,1.8927,1.2843,2.0318,1.2907,2.1526,1.294,2.2551,1.3047,2.335,1.3112,2.4137,1.322,2.4817,1.3296,2.6197,1.2913,2.7197,1.2134,2.7875,1.1063,1.9865,1.117,2.0566,1.1742,2.1224,1.1624,2.1785,1.2131,2.2357,1.1936,2.2789,1.2454,2.3263,1.2055,2.3576,1.2659,2.4029,1.2152,2.432,1.2433,2.4924,1.2983,2.4838,1.1846,2.5831,1.2522,2.6564,1.1789,2.7226,1.0926,1.7449,0.9962,1.746,0.9283,1.9822,1.0394,2.1214,1.0804,2.2314,1.0987,2.3155,1.1117,2.3986,1.116,2.4827,1.116,0.50187354,0.191801277,0.119110411,0.084944806,0.063897809,0.050624599,0.080799629,0.139247154,0.120845066,0.103056975,0.080163957,0.079437586,0.068423388,1.341104623,0.249763568,0.31363128,0.237651531,0.06790891,0.11751736,0.09137817,0.077211722,0.213602341,0.205299781,0.202230463,0.210598029,0.228591885,0.26074175,0.401527546,0.066330234,0.072091192,0.990324215,0.155405952
LBX010V17,LBX,0,2.121765736,0.010892317,0.004439869,0.008535012,-0.005357405,-0.008630124,-0.003017537,-0.00124239,-0.010883183,-0.0010522,-0.005317859,0.001771813,0.010590314,0.005997978,-0.003306627,-0.00313754,0.002760529,-0.000116489,-0.005181255,-0.001694167,0.001694292,-0.003934898,0.001000561,0.003226114,0.001325186,0.000781072,-0.000356662,0.001718674,0.000129286,-0.002992787,0.001281555,0.002923251,0.002414473,0.002442094,-0.000555637,0.000491009,-0.000154444,-0.000595676,0.00286897,-0.002220953,0.002891765,0.000581335,-0.000944288,-0.002832358,-0.000350605,0.000206705,-0.000138737,-0.000505467,0.001400367,-0.001075576,-0.000566866,0.001412502,-0.000387642,-0.001712633,0.001464961,0.000551952,0.001045116,0.000879763,-0.000269547,-0.001348714,-0.000109736,-0.000851277,-0.00059459,0.000359739,-0.000400258,1.81E-06,-6.98E-05,-0.000250217,3.31E-05,1.4714,0.9407,1.4694,1.2206,1.6535,1.3112,1.8891,1.2835,2.0329,1.2922,2.1595,1.3022,2.2702,1.3109,2.3594,1.3094,2.4328,1.3252,2.5047,1.3252,2.6316,1.2864,2.7309,1.2066,2.8074,1.0955,1.993,1.1084,2.0822,1.1663,2.144,1.1606,2.1958,1.2095,2.249,1.1936,2.2893,1.2469,2.3468,1.198,2.3727,1.2656,2.4302,1.2023,2.4518,1.2555,2.5158,1.2914,2.5122,1.1634,2.6046,1.24,2.6758,1.1667,2.7438,1.0814,1.779,0.9876,1.7776,0.9229,1.9908,1.0329,2.1419,1.0796,2.2447,1.0969,2.3468,1.1063,2.4277,1.1084,2.5097,1.1063,0.522105009,0.20360555,0.135208358,0.099553905,0.066789296,0.045774775,0.07224327,0.144062938,0.126994331,0.111041344,0.089212611,0.075081289,0.0719,1.344938303,0.259515799,0.302908319,0.22292584,0.064715145,0.110063618,0.097898927,0.083510778,0.218957096,0.212287282,0.218469037,0.222277147,0.238913708,0.270450088,0.407648991,0.065144225,0.068029552,0.979114237,0.166543808
LBX010V18,LBX,0,2.074367884,0.015486494,-0.00543203,-0.011645375,-0.006615056,0.012000177,-0.002624997,-0.00535182,0.001820886,0.001454649,-0.005329928,0.002755993,0.001636464,0.0059656,-0.001575144,-0.002458546,-0.008022071,0.000908823,-0.005751637,-0.000259579,0.002105468,0.000503866,0.004801943,-0.002346621,-0.000473106,0.003697427,-0.002795167,0.000356225,-0.001476842,-0.003136159,0.001093531,-0.004419895,-0.000291393,-0.000718788,-0.000373205,-0.002127943,-0.000929313,-0.000368294,9.97E-05,0.001086272,0.003494323,0.00071684,0.002085138,0.000844342,5.14E-05,-0.000454384,0.000845351,0.001129114,0.000984228,0.000585213,0.000285937,-0.001074368,-0.000733967,-0.000581149,7.70E-05,0.001656044,-0.000321584,0.000523155,0.001270107,0.00040859,1.21E-05,0.001029458,3.41E-05,-0.001031555,-4.86E-05,0.00034573,-0.000142946,0.000590054,-0.00057414,1.4768,0.9676,1.4622,1.1677,1.637,1.2832,1.8776,1.2605,2.0113,1.2627,2.1408,1.2659,2.2425,1.2785,2.3181,1.2828,2.4029,1.2943,2.4669,1.3044,2.6057,1.2702,2.7082,1.2001,2.7902,1.0944,1.9833,1.0829,2.0609,1.1397,2.1235,1.1332,2.1742,1.1785,2.2357,1.1634,2.2648,1.2228,2.3209,1.1753,2.3447,1.2389,2.4029,1.1818,2.431,1.2098,2.4773,1.2735,2.4935,1.1526,2.5762,1.2289,2.6496,1.1577,2.7172,1.0778,1.7686,0.9826,1.7629,0.9078,1.9804,1.0102,2.1221,1.0527,2.2371,1.0764,2.3191,1.0886,2.4047,1.0922,2.4924,1.0958,0.514938958,0.206674261,0.132624131,0.093564523,0.059998167,0.051330011,0.089049761,0.133718099,0.129539531,0.102477559,0.07572219,0.085576223,0.064792052,1.31950665,0.254844835,0.302354312,0.219891655,0.075016865,0.116193287,0.086027031,0.082257219,0.210152825,0.209351188,0.204767112,0.212565143,0.237437655,0.270588119,0.395949454,0.074863609,0.07233063,0.969323728,0.15849571
LBX010V22,LBX,0,2.053755937,0.053856418,0.042926464,-0.028014574,-0.020470087,0.008493689,0.000347141,-0.007280098,-0.002517481,-0.008425937,-0.002988277,0.001850564,0.006274458,-0.003288162,-0.001242743,-0.004674119,0.000566048,0.004055445,-0.002501078,0.003063291,-0.001137067,-0.000499663,0.00189697,0.004345247,0.001985248,0.00268412,0.000322863,-0.002056254,-0.003107716,-0.004598308,0.002183318,-0.001974405,-0.000787249,-3.81E-05,-0.0043646,0.000478646,0.004599467,-0.002208375,-0.000611221,-0.000998073,-0.000662635,-0.001399893,0.000632808,0.000693911,-0.00029274,-0.000381171,0.002173844,-0.001092859,0.000675015,0.000161317,0.000836363,7.56E-05,-0.002241319,0.001894872,-0.000420009,0.00064482,-1.43E-05,0.000604586,0.00018059,-0.000398065,-0.000202426,-0.000981881,-0.000837142,-0.000646351,2.93E-05,9.56E-05,0.000326143,-0.000524179,0.000529649,1.4617,1.0593,1.5029,1.2638,1.7589,1.3012,1.9175,1.2886,2.0361,1.2961,2.1656,1.3037,2.2627,1.308,2.3479,1.3123,2.4148,1.3177,2.4838,1.3274,2.6187,1.295,2.719,1.2174,2.7956,1.1117,1.9833,1.1203,2.0707,1.1845,2.1296,1.1616,2.1812,1.2222,2.2379,1.198,2.2859,1.2562,2.3292,1.2102,2.3657,1.2675,2.4148,1.2131,2.4391,1.2616,2.4946,1.2976,2.4914,1.1742,2.5955,1.2508,2.6688,1.1807,2.7352,1.0912,1.7384,1.0322,1.7352,0.9509,1.9822,1.0494,2.1282,1.0872,2.2346,1.1066,2.3198,1.1138,2.404,1.1192,2.4914,1.117,0.510950898,0.180705645,0.116840575,0.082979576,0.056758083,0.048206639,0.061136732,0.118836905,0.12972282,0.097195164,0.08530844,0.067117583,0.069678476,1.334928826,0.254740064,0.310554166,0.231663549,0.081362952,0.114253446,0.092111509,0.08564911,0.210537218,0.201084112,0.202420478,0.208828662,0.228301599,0.247795742,0.351100812,0.063784089,0.062184644,1.009794083,0.153165858
LBX010V24,LBX,0,2.144736908,0.015593249,-0.003928579,0.002850984,-0.001214422,0.006844146,0.001976548,-0.005024799,-0.009962279,-0.007829336,-0.000923622,-0.0074257,0.001894804,0.003056923,-0.009384845,-0.001512587,0.008375902,-0.000456944,-6.95E-05,0.007868497,0.002815585,-0.002505148,-0.006893643,0.001620601,-0.003886092,-0.001292428,-0.002720652,0.002632116,0.000536889,-0.001473136,-0.001384387,4.86E-05,0.000513685,0.001160542,-0.001737626,-0.000673758,-0.000561952,0.001628486,0.002470167,-0.001467586,-1.58E-05,0.00064709,0.002157865,0.000767932,-0.000466684,-0.002030864,-0.001391291,-6.26E-05,0.001714407,0.000962911,0.002341487,-0.000785534,0.000799935,-0.001532392,-0.000895931,-0.000812059,-0.000450631,0.001205965,0.001307517,4.78E-05,0.000590608,-1.35E-05,0.000367149,-0.000995149,-0.000365781,0.000525112,-0.000126065,0.000413363,0.000290907,1.4477,0.9569,1.4166,1.2213,1.6251,1.3249,1.8894,1.2875,2.0059,1.2994,2.1246,1.3037,2.2465,1.3101,2.3274,1.3166,2.404,1.3231,2.4748,1.3299,2.6122,1.3004,2.7244,1.2174,2.8028,1.1091,1.9772,1.1084,2.062,1.1631,2.1239,1.1659,2.1699,1.2077,2.2303,1.1904,2.2677,1.2379,2.3281,1.2062,2.3468,1.2623,2.4044,1.2177,2.4202,1.2724,2.4863,1.2983,2.5,1.1746,2.5852,1.2562,2.6726,1.1828,2.746,1.0944,1.76,0.9948,1.7571,0.9322,1.9746,1.0394,2.1203,1.0847,2.2303,1.1063,2.3274,1.116,2.4061,1.1192,2.5011,1.1214,0.526974648,0.199463405,0.147393691,0.10615126,0.075248123,0.057661512,0.053225276,0.117106191,0.11877786,0.122067891,0.081160705,0.076875289,0.071125804,1.363620493,0.270044533,0.309803309,0.228445179,0.062667137,0.109184294,0.099068057,0.077161778,0.210152183,0.212509882,0.210284617,0.223917954,0.243276489,0.262321654,0.414291311,0.058671373,0.062292857,1.002113791,0.154900291
LBX010V26,LBX,0,2.059965475,-0.001113133,0.013059836,-0.013121642,0.01281258,-0.000272847,-0.010628604,-0.008698764,-0.004154342,0.000219579,-0.001501936,0.003391306,0.014247512,0.00586735,9.94E-05,-0.005505084,-0.00371814,0.000914709,-0.005161371,0.005914519,-0.000510845,0.001290337,0.000532765,0.002935794,0.000292861,0.001987539,-0.001295182,0.002379472,0.002829102,-0.00040401,-0.001207783,0.000842245,-0.002711539,0.003729099,-0.004518444,0.000224704,-0.003085849,-0.00176285,-0.000148651,-0.003151753,-0.000872662,-3.78E-05,-0.000580634,-0.001459678,0.000849306,-0.000986637,-0.000631467,0.003640465,0.001433022,0.000516193,0.000336209,0.000692108,0.000934317,0.000867725,-0.001476196,0.000979484,-0.000227604,-0.000731435,-8.30E-05,-0.000600916,-4.43E-05,0.000138312,-0.000489179,0.000399045,0.000451331,-0.000383004,-0.000117367,-0.000253336,-0.00031322,1.4687,0.9951,1.4579,1.2314,1.6338,1.3069,1.9045,1.2745,2.034,1.2799,2.1677,1.2853,2.2772,1.2886,2.342,1.2945,2.4132,1.3096,2.4844,1.3107,2.5992,1.2681,2.6931,1.1893,2.7557,1.0879,1.9898,1.1052,2.0728,1.1591,2.1321,1.1505,2.1861,1.2001,2.2368,1.1796,2.2875,1.2303,2.3306,1.1926,2.3652,1.2465,2.4123,1.1911,2.436,1.2307,2.4935,1.2796,2.4928,1.1566,2.5712,1.23,2.6338,1.158,2.7028,1.0761,1.7557,1.0016,1.7513,0.9304,1.9903,1.0334,2.1327,1.0712,2.2341,1.0868,2.3258,1.0955,2.4083,1.0982,2.4903,1.0987,0.505619383,0.189574735,0.126878209,0.087164213,0.059202872,0.053312663,0.082128253,0.129612538,0.133809006,0.109549715,0.065068041,0.072783583,0.071208497,1.290341366,0.23867193,0.271727989,0.202951669,0.071335826,0.108668763,0.094696568,0.081713769,0.212082083,0.207194064,0.199121998,0.209311275,0.230862253,0.255911801,0.394409052,0.054200092,0.067053561,0.96259064,0.154436071
LBX010V27,LBX,0,2.026249063,0.027571111,-0.005685216,0.029731883,0.000382924,-0.001882847,-0.005001193,-0.001440432,0.000384399,-0.001888924,0.001145908,0.0006793,0.001492099,0.002835211,-0.005703029,-0.003550561,0.003176181,-0.002475575,-0.004127436,0.000141341,-0.005236089,0.003117894,-0.002611271,-0.001085969,0.000753503,-0.000528833,0.000512813,0.00227122,0.000320329,-0.00351557,0.001320464,-0.002646129,0.003010832,0.003808968,-0.000234007,-0.000351781,0.000123853,0.000264194,0.000315361,0.001038683,0.001518206,0.000595597,0.002775394,-0.001586388,-0.00522311,0.00113365,0.00172811,0.001116679,-0.000268381,-0.002940653,-0.001309869,0.00087638,-0.000873007,0.000190501,7.38E-05,-0.000277768,0.001352959,0.000401836,0.000901606,0.000239543,0.000403323,0.000313183,-0.000249226,2.37E-05,0.000462232,-0.000829586,7.87E-05,0.000286223,-0.000467167,1.4693,0.9213,1.4579,1.1947,1.6564,1.317,1.8592,1.2735,1.9844,1.2785,2.1188,1.2814,2.2217,1.2843,2.2972,1.2875,2.377,1.2918,2.4439,1.2961,2.5809,1.2573,2.6715,1.1818,2.746,1.0739,1.9754,1.0818,2.0509,1.1286,2.1019,1.1199,2.153,1.1717,2.2105,1.1559,2.2429,1.2127,2.3004,1.1688,2.3206,1.2235,2.3688,1.1681,2.3975,1.23,2.4554,1.267,2.4583,1.1447,2.5532,1.2217,2.6187,1.1404,2.6834,1.0599,1.7736,0.9696,1.7693,0.902,1.9707,1.0074,2.1009,1.052,2.2073,1.0714,2.3026,1.0825,2.3659,1.084,2.4579,1.084,0.486979281,0.224168084,0.163988597,0.114907485,0.074672619,0.068143672,0.065111366,0.1252998,0.134431284,0.102940857,0.075567784,0.079915768,0.067038049,1.28578756,0.246766225,0.29628353,0.216403905,0.067736622,0.114411363,0.090820813,0.068403582,0.212561544,0.214783472,0.217412166,0.227886485,0.254704731,0.288515961,0.430083027,0.064146395,0.067095454,0.92763744,0.146670856
LBX011V01,LBX,0,2.089358542,0.009709324,0.012573794,-0.017997504,-0.004744681,-0.018177014,0.000206585,-0.003139615,0.006568342,0.005881061,0.001570962,-0.000953192,0.006288938,-0.005190808,0.001681685,0.003643432,-0.003052162,0.003630067,0.002748746,0.003431818,-0.001026659,0.00265837,0.000147148,-0.000698426,0.005113743,0.004602726,0.000573741,-0.000422083,0.001069281,0.000937249,-0.004517312,0.00087242,0.003475413,0.00352299,0.000596344,0.004463752,-0.003711539,0.002374212,0.000571621,0.0022454,0.00046803,-0.000443477,0.001741906,0.000647698,0.003045042,-0.000356086,0.000730849,-0.000986862,0.000663333,0.001201205,-0.000964208,-0.001385362,-0.000424323,2.01E-05,-0.00105664,0.001228103,-0.00063035,0.00059599,0.000491963,-0.000409384,0.00079933,0.000531874,-0.000443668,0.000207712,-0.000436012,-0.000382144,-0.001032826,-0.000450133,-6.22E-05,1.4757,1.0162,1.4622,1.2551,1.6802,1.3242,1.879,1.2896,2.0315,1.2965,2.171,1.3058,2.2843,1.322,2.3533,1.322,2.4439,1.3285,2.5124,1.3274,2.6262,1.2886,2.7255,1.2238,2.801,1.1307,2.0038,1.1365,2.0685,1.1828,2.1397,1.1764,2.1958,1.2292,2.254,1.2044,2.294,1.2638,2.3544,1.2228,2.3835,1.2799,2.431,1.2303,2.4612,1.2706,2.5187,1.2961,2.5111,1.2037,2.5921,1.2476,2.6571,1.1886,2.719,1.1152,1.7751,1.02,1.77,0.9524,2.0034,1.0602,2.1365,1.0969,2.2472,1.1163,2.3501,1.1278,2.4266,1.1321,2.5097,1.1311,0.511731502,0.197521265,0.119568767,0.080514595,0.059002797,0.051811678,0.060429298,0.152656019,0.139809656,0.114452304,0.069,0.090832869,0.068508832,1.330236949,0.235557742,0.298949845,0.215340126,0.067792109,0.117679607,0.102072131,0.076966291,0.196318568,0.203555643,0.205044581,0.20424664,0.225533057,0.260959231,0.382490889,0.083452082,0.076925938,0.962862836,0.153956
LBX011V02,LBX,0,2.10779214,0.001651434,0.004344372,0.01005137,-0.002772954,-0.007340776,-0.00644412,-0.008036753,-0.007533151,-0.003236462,9.18E-06,-0.002971033,-0.000331741,-0.001970672,0.003066799,-0.003959935,0.004725098,-0.007612317,-0.00197314,0.006442363,-0.000381771,-0.002871158,0.00092634,-0.000448697,0.00084478,0.002720645,-0.00172721,-0.003171255,0.000125718,0.004908311,-0.003540918,0.001531255,-0.004049318,0.001195683,-0.000680865,0.000167222,-0.000862981,-0.002143189,0.00037711,3.44E-05,-3.40E-05,0.000746319,0.001767961,-0.000760054,0.000242243,0.002105346,0.000834178,-1.89E-05,-0.00188053,-0.000815335,-0.000124521,0.000715486,-0.002292623,-0.000879102,-0.001746249,4.38E-05,7.67E-05,-0.000340675,0.000638401,0.000873654,-0.000627362,-0.000310109,0.000319957,5.35E-05,-6.96E-05,1.56E-05,9.83E-05,0.000187834,0.000333773,1.4595,0.9396,1.4551,1.2113,1.6521,1.3148,1.8991,1.2713,2.0254,1.2774,2.149,1.2875,2.2771,1.2976,2.3533,1.3004,2.4324,1.3047,2.4968,1.3069,2.6289,1.2605,2.7265,1.185,2.7963,1.0761,2.011,1.1019,2.0757,1.1494,2.1462,1.1451,2.1965,1.1897,2.2454,1.1739,2.2929,1.2242,2.336,1.1926,2.3706,1.2357,2.4195,1.1954,2.454,1.2328,2.5092,1.2708,2.5081,1.1591,2.5987,1.2114,2.6694,1.1392,2.7233,1.0642,1.77,0.9836,1.7693,0.9247,2.0102,1.0318,2.1478,1.0707,2.2443,1.0868,2.335,1.093,2.4169,1.0958,2.5068,1.0937,0.500380106,0.203022092,0.137528506,0.108724836,0.075081289,0.06697298,0.07507443,0.126447222,0.124011975,0.128497549,0.076251426,0.079216791,0.064437567,1.343750903,0.249050437,0.299913721,0.219930375,0.058904159,0.103296079,0.092509729,0.083546933,0.213434393,0.214257135,0.212634828,0.222176911,0.240222085,0.264014128,0.407325239,0.073963572,0.073198702,0.964145347,0.147362478
LBX011V03,LBX,0,2.068170916,-0.014586405,-0.006559523,-0.019432668,-0.003979134,-0.001130354,-0.001059252,-0.008197749,0.005783096,0.0017018,0.000641002,0.003647956,0.007031764,0.002980181,-0.001192232,-0.00262842,0.005138903,-0.005690862,0.00165953,0.002025582,-0.006945387,0.000691238,-0.003192504,-0.006325268,0.003104919,0.006469452,-0.000173763,-0.00020316,0.001813913,0.003621034,-0.001532898,-0.003461346,-0.000361647,-0.000694674,-0.002998556,0.002809775,-6.22E-05,0.000477974,-0.000699112,0.001007502,-0.000491208,-0.00116594,-0.001538628,0.001016634,-0.000356465,0.001679744,0.000362702,0.000251134,0.000665901,-0.002754908,0.001625236,-0.000484107,-0.001372181,-0.000216602,-0.000475816,0.000154357,-0.000278781,-0.000364157,1.83E-05,-0.0005299,0.000843139,0.000190358,-0.000952474,0.000742818,-0.000649528,0.000766084,0.000252891,3.47E-05,3.44E-05,1.4622,1.0437,1.4522,1.2379,1.6262,1.335,1.8916,1.2954,2.0261,1.3026,2.1555,1.3062,2.267,1.3101,2.3403,1.3123,2.418,1.3155,2.4924,1.3127,2.6176,1.2652,2.7046,1.1933,2.7708,1.094,1.9923,1.1329,2.0685,1.1875,2.1404,1.171,2.19,1.2264,2.2483,1.2005,2.2878,1.2501,2.3367,1.2113,2.372,1.2616,2.4108,1.2149,2.4482,1.2551,2.495,1.2871,2.5047,1.1969,2.5766,1.2228,2.6456,1.1595,2.6974,1.084,1.7736,1.0401,1.7729,0.9746,1.9908,1.0653,2.1392,1.0992,2.2487,1.1138,2.3409,1.1181,2.411,1.117,2.5016,1.116,0.516381409,0.191172017,0.1226612,0.086938426,0.063503071,0.059794481,0.067529253,0.134692576,0.129450068,0.111568185,0.073333008,0.077765867,0.07445267,1.30956636,0.229738286,0.285302681,0.199932414,0.06550374,0.111860002,0.089057285,0.074187398,0.196915032,0.207703105,0.205730916,0.213784939,0.232729822,0.250572644,0.389113158,0.074078067,0.067995882,0.93095038,0.149767019
LBX011V04,LBX,0,2.059382049,0.008690778,0.009266531,0.012686693,-0.01226107,-0.00723825,-0.010829121,0.008537682,-0.004018301,0.010413732,-0.007862215,-0.005891251,-0.000657497,0.001753897,-0.000627518,0.001587516,-0.000474002,0.005171845,0.000567202,0.007205107,0.000745406,-0.003626626,-0.005975554,0.001561303,-0.000932319,-6.55E-05,0.002485621,0.000963222,0.002230599,0.008164406,-0.004003306,0.002003163,0.00371489,0.003049447,0.00514673,0.004961715,0.003284799,0.001204225,-0.001939642,0.001870754,0.001479385,0.000661473,0.000220793,-0.000929595,-0.001104903,-0.000104477,0.001503536,-0.000573659,0.000764755,0.000135321,0.001794803,0.00166307,0.001944214,0.001878376,0.000366023,0.001926484,-0.000633736,0.000125297,-0.001243078,-0.000412141,0.000449312,0.00141786,-0.000366268,0.000182689,-0.000280243,-0.000377831,0.001049208,0.000276609,0.000577509,1.5113,0.973,1.4741,1.2174,1.6769,1.349,1.8898,1.3055,2.0293,1.3177,2.1573,1.3263,2.2778,1.3339,2.3544,1.3371,2.4331,1.3414,2.4978,1.3414,2.6219,1.3101,2.7206,1.2384,2.7848,1.137,2.0038,1.1494,2.0663,1.198,2.1343,1.1818,2.1818,1.2368,2.2465,1.2174,2.2821,1.2681,2.3403,1.2389,2.3695,1.2832,2.4148,1.2422,2.4439,1.2853,2.5032,1.3112,2.4907,1.2023,2.5885,1.2648,2.6624,1.1969,2.7255,1.1221,1.7837,0.9962,1.7837,0.9558,1.9995,1.0766,2.1311,1.1095,2.2427,1.1311,2.3323,1.1381,2.4083,1.1408,2.4838,1.1419,0.48976527,0.193295654,0.125288028,0.09279278,0.065940352,0.055975173,0.057130115,0.140032461,0.128288581,0.12073943,0.076666812,0.078817384,0.0647,1.284016452,0.237697329,0.301262178,0.232717038,0.0404,0.117712361,0.096232479,0.074573051,0.199990625,0.203565469,0.203243425,0.21306384,0.231755216,0.253829273,0.407446291,0.061143274,0.071480697,0.956369662,0.147591328
LBX012V01,LBX,0,2.117902999,-0.006093841,-0.014224821,-0.006192148,-0.009838998,-0.00418848,0.000531017,-0.002715906,-0.002546743,0.004857659,-0.005839706,-0.000374437,0.016246225,-0.014031878,0.002267804,-0.004570808,0.005576569,0.008065383,-2.87E-05,0.001307323,-0.004143354,0.006847782,-0.002725566,0.000735148,0.000448898,0.000575738,0.005445797,-0.001663432,0.001435111,-0.000593048,-0.00389789,0.000432374,-0.000680934,0.002454404,0.001051039,-0.000239025,-0.002262236,0.001743451,0.000662445,-0.000753117,0.002118178,6.04E-06,-0.000150072,0.000137658,0.001192794,0.000453486,0.002672255,-0.000422485,0.001350314,0.002119906,0.000631148,0.000537095,-0.002134465,0.000290603,0.000181349,2.98E-06,0.000238471,-0.000197476,0.000141758,0.00060571,0.000244894,1.68E-05,-0.000106931,0.000102858,-0.000866628,0.000841965,9.52E-05,0.000273642,-0.000199692,1.4671,1.0054,1.4407,1.2346,1.6251,1.3242,1.8614,1.2853,2.021,1.2875,2.1692,1.295,2.2713,1.3037,2.3468,1.3037,2.4288,1.3037,2.4993,1.3058,2.628,1.2555,2.7222,1.1764,2.797,1.0678,2.0095,1.1217,2.0656,1.1742,2.1275,1.157,2.1879,1.2109,2.2454,1.1857,2.2878,1.2447,2.3447,1.1951,2.367,1.2634,2.4302,1.1944,2.4461,1.2641,2.5072,1.2763,2.5079,1.1591,2.5935,1.2184,2.6676,1.1365,2.728,1.0574,1.77,1.0214,1.7679,0.9624,2.0067,1.0559,2.1224,1.0832,2.2411,1.1003,2.3403,1.1036,2.4283,1.1003,2.5065,1.0955,0.499801281,0.220677525,0.121762268,0.086153932,0.061263774,0.045079153,0.043214002,0.159615162,0.148389656,0.102469996,0.0755,0.082,0.07053127,1.331363125,0.252571356,0.303174042,0.214997163,0.059037361,0.121342903,0.099743922,0.085502865,0.210423216,0.219120538,0.211662491,0.20755168,0.22807992,0.271544564,0.388961541,0.069779367,0.067625217,0.964788583,0.174239203
LBX013V01,LBX,0,1.989414402,0.009136036,0.0110539,-0.000858478,-0.004249451,-0.007565885,-0.000745729,-0.00435915,-0.000776009,0.006213969,-0.004958418,0.004503605,2.05E-05,0.004532074,-0.004282649,-0.00083837,-0.003210437,-0.000641181,0.002687434,0.00137581,-7.60E-05,-0.001755147,-0.000280631,0.003779777,-0.000694126,0.006882884,0.000331963,-0.000492897,0.000103659,0.000225491,-0.001220407,0.000369169,0.008053704,-0.000909571,-0.002047873,0.000233646,0.002596699,0.001141275,0.002666809,-0.001180385,0.000126619,4.93E-05,-0.001614182,-0.000400643,0.000461604,0.000764289,-0.000500908,0.000451281,0.001325135,0.000504339,-0.000738996,-0.000173733,-0.001187176,-0.000171567,0.000603144,-0.002272755,-0.000469027,5.64E-05,-0.000861307,-0.001367519,0.000533799,0.000383892,0.000769601,-0.000720124,4.55E-05,0.00069436,-0.000267751,-0.00026569,0.000338047,1.5086,1.0059,1.4978,1.2346,1.6877,1.336,1.9018,1.2918,2.03,1.2961,2.1584,1.3091,2.2519,1.317,2.3425,1.322,2.4191,1.3296,2.4856,1.3249,2.6007,1.2911,2.6861,1.2195,2.7562,1.1214,1.9973,1.13,2.0739,1.1861,2.1397,1.1796,2.1818,1.2282,2.2357,1.2044,2.2756,1.2594,2.3306,1.2163,2.3565,1.2799,2.3986,1.2249,2.432,1.2562,2.4914,1.2929,2.4898,1.198,2.5669,1.246,2.6311,1.1866,2.699,1.1095,1.7866,1.0164,1.7844,0.9545,1.9959,1.0617,2.1372,1.1059,2.2343,1.1232,2.3278,1.1303,2.3997,1.1325,2.4889,1.1311,0.497172254,0.187881585,0.118436523,0.08421621,0.062285231,0.044366767,0.074524962,0.128272094,0.129056422,0.09383315,0.090737864,0.0769761,0.066665883,1.252934958,0.230170241,0.277194011,0.197473897,0.061939083,0.099151601,0.095643191,0.068541666,0.193828094,0.197944664,0.201538334,0.20079746,0.218329751,0.248597707,0.393564658,0.058424738,0.064089079,0.927641181,0.15360013
LBX013V03,LBX,0,2.131364788,0.038782232,-0.016523609,0.0091331,-0.002599358,-0.008362028,0.005308736,0.000418167,-0.013442603,-0.002903212,-0.001794706,0.007678953,-0.004632467,0.002933101,-0.002286171,-0.012439794,0.001115212,-0.003723995,-0.001079609,-0.004050492,0.003650207,-0.004136981,0.000887437,0.00053391,-0.005076014,0.002339905,-0.003233618,-0.001433239,-0.001053837,0.001810847,-0.002989169,0.001977854,-0.001751375,0.000592005,-0.003363465,0.000816666,-0.000533198,-0.001665483,0.004878043,-0.000766824,-0.00328962,-0.000474479,-0.00167182,-0.000392952,-0.002600752,-0.002125718,-0.001338332,0.00058827,0.000261502,0.000625252,0.000730891,0.000558137,0.001277751,0.000840805,-0.000130963,0.000378177,-0.000325324,-0.000692478,0.000336539,-0.000467811,-0.00048716,-0.000252086,-0.001030853,0.000445896,0.000298954,-0.000157291,0.000177646,0.00041484,-3.50E-05,1.4552,0.9364,1.4644,1.2292,1.6327,1.3112,1.8499,1.2634,1.9836,1.2742,2.0994,1.2871,2.2289,1.2943,2.3188,1.295,2.3907,1.3087,2.472,1.3112,2.6187,1.2735,2.7276,1.1926,2.7999,1.0782,1.9725,1.0728,2.0523,1.13,2.1174,1.135,2.162,1.1757,2.2192,1.1616,2.2634,1.2138,2.3177,1.1839,2.3371,1.2497,2.404,1.1915,2.4277,1.2255,2.4838,1.281,2.4876,1.151,2.5845,1.2296,2.6622,1.1519,2.7442,1.0649,1.7632,0.9599,1.7632,0.9067,1.9743,1.0117,2.1217,1.057,2.2224,1.0764,2.3195,1.0879,2.4029,1.093,2.4895,1.0955,0.521002159,0.226625506,0.159728927,0.12778388,0.087581391,0.048856729,0.091056246,0.134135491,0.116516308,0.1297,0.089902725,0.073193579,0.081338429,1.352155808,0.266412331,0.320672933,0.243578653,0.0532,0.105217869,0.100992772,0.086634,0.216408734,0.218807701,0.225409228,0.243974363,0.2573858,0.280763691,0.425029999,0.057265871,0.077030189,0.993674112,0.169954494
LBX013V04,LBX,0,2.046117829,0.028253812,0.004723754,0.02161561,-0.008466275,-0.003289217,0.005942086,0.003474641,-0.00627501,-1.18E-06,-7.91E-05,0.008427212,-0.00535193,0.001244743,-0.00119848,-0.005407622,-0.002114282,3.30E-05,0.000412182,-0.000859883,-0.003331558,0.003697751,0.000176787,0.003126282,0.00409939,-0.002069738,-0.006360154,0.001727942,0.003468775,0.002098862,0.002804321,-0.003249694,0.002456224,1.47E-06,-0.001494439,-0.001571734,9.68E-05,-0.000548733,0.001422788,-0.001980963,-0.00095634,-0.001342958,-0.001880246,0.001231797,0.001380435,0.000642302,-0.001127393,0.001253715,9.74E-05,0.000848108,-0.001762045,-6.20E-05,-8.11E-05,-0.000407634,0.00122659,0.000616339,0.000736213,-7.37E-05,0.000829776,0.000100188,0.000138378,-0.000263728,-1.55E-05,0.00059731,0.000399101,0.000257019,0.000553788,0.000519848,4.26E-05,1.4908,0.9763,1.4881,1.2422,1.6924,1.3371,1.8894,1.3141,2.016,1.3112,2.1469,1.317,2.2404,1.3256,2.3238,1.3299,2.4087,1.34,2.4935,1.3382,2.6169,1.2954,2.7174,1.2152,2.7783,1.1095,2.0005,1.1181,2.0717,1.1742,2.1257,1.1692,2.181,1.2166,2.2357,1.1987,2.2753,1.2476,2.3256,1.2116,2.3465,1.2785,2.399,1.2274,2.4342,1.2573,2.4968,1.3037,2.4924,1.185,2.5831,1.2483,2.6535,1.1735,2.7197,1.0965,1.7902,0.9998,1.7859,0.9408,1.9944,1.0494,2.1203,1.0912,2.2282,1.112,2.3202,1.1221,2.3918,1.1257,2.4896,1.1286,0.496428464,0.225298047,0.147890128,0.106032872,0.085451799,0.056189412,0.086542128,0.12663321,0.131028432,0.093894675,0.083510778,0.085498655,0.084819102,1.294371852,0.246188485,0.295700964,0.227017709,0.059156487,0.113887005,0.090820813,0.075081289,0.20963628,0.215224627,0.218587031,0.220532741,0.243471744,0.284764973,0.407180476,0.060024662,0.076302687,0.946691571,0.159373555
LBX013V05,LBX,0,1.977334195,0.036526887,-0.013824738,-0.017597229,0.001352127,-0.007207815,0.00301657,0.005247366,0.000183638,0.004276643,2.12E-05,-0.000838363,-0.017567566,-0.003668902,-2.19E-05,-0.000687148,0.001560925,-0.003041512,0.001635142,-0.000292494,0.001248019,-0.00232353,-0.001670928,0.003973779,0.0015651,0.000842094,0.000431387,0.000882842,0.001816139,0.004817532,0.000486268,-0.000216019,0.002584595,0.002567253,0.000607993,-0.00143686,0.00118293,-0.000915336,-9.78E-05,-0.000509926,-0.000312427,0.002793661,-0.001717299,0.002568593,2.00E-05,0.000467592,-0.000639792,-7.59E-05,-0.000861041,-0.000157277,0.000787169,0.001254197,-0.000190865,0.00030715,0.000452329,-0.000480862,-0.00027635,-0.000137246,0.000870985,0.001300582,6.40E-05,2.03E-05,-0.000268429,0.00015464,-0.000371034,-0.001541491,3.01E-05,-0.000202002,-0.000780475,1.5313,1.0405,1.5227,1.2681,1.6855,1.3533,1.884,1.3119,2.0149,1.3119,2.1336,1.3249,2.2429,1.3385,2.322,1.3493,2.4029,1.3576,2.4752,1.3673,2.6014,1.3479,2.7104,1.2875,2.7816,1.1926,2.0146,1.1516,2.0843,1.2041,2.1419,1.2005,2.1864,1.2436,2.244,1.2307,2.2771,1.2774,2.331,1.253,2.3569,1.2961,2.4022,1.2673,2.4317,1.3047,2.486,1.3398,2.4844,1.2449,2.5701,1.2913,2.6532,1.2362,2.7211,1.1791,1.8123,1.0318,1.8128,0.9795,2.0128,1.0886,2.1408,1.1318,2.2393,1.1534,2.3312,1.1694,2.3986,1.1758,2.4827,1.1818,0.478974874,0.206766656,0.128207644,0.096940858,0.070020354,0.06362586,0.060231636,0.1309,0.119409757,0.110142862,0.07983389,0.081324658,0.07294779,1.259517566,0.237886801,0.301766681,0.229979912,0.05230239,0.106472766,0.089812527,0.072621829,0.185651555,0.189657085,0.190766087,0.201456546,0.219742622,0.257783494,0.394881919,0.061987902,0.076834432,0.929972607,0.127322347
LBX013V07,LBX,1,1.97923494,0.016156848,-0.012371782,-0.008741143,-0.006692137,-0.016676232,-0.004934475,-0.010492164,-0.003381314,-0.005759353,0.010134798,0.005046576,-0.004906297,-0.002250548,-0.004473251,-0.001004542,-0.000695236,0.001056126,-0.001622907,0.006380406,0.002472139,-0.000509009,0.003786726,0.00153458,0.000322002,-0.002516076,0.000876663,-0.00116547,0.000865459,-0.002164262,0.000633312,0.002732476,-0.001788147,-0.000623261,-0.00155649,0.000874759,0.002771035,-0.001438898,-0.000682047,0.003401173,0.000156633,0.000689694,-0.000494292,0.00305099,-0.00022789,0.001786927,0.001022247,-0.000306507,7.45E-05,0.001947529,2.11E-05,-0.000518545,-0.002817282,0.001435752,0.001076841,-8.65E-05,0.000308676,0.000284484,0.00048793,5.14E-05,0.000148828,0.000964035,0.000831683,0.000179357,0.00017124,-8.68E-05,-0.00015529,-0.00029592,-0.000160527,1.514,0.9919,1.4871,1.24,1.6802,1.3188,1.8794,1.2882,2.0031,1.2968,2.1278,1.3116,2.2332,1.3303,2.3123,1.3346,2.3972,1.336,2.4582,1.3436,2.5802,1.3181,2.6873,1.2526,2.7593,1.1548,2.011,1.1332,2.0858,1.1922,2.1447,1.1828,2.1879,1.2274,2.2454,1.2116,2.2785,1.2677,2.3332,1.23,2.3554,1.2839,2.4094,1.2451,2.4382,1.2717,2.476,1.318,2.4799,1.208,2.5626,1.2706,2.6359,1.2102,2.6963,1.1447,1.8015,1.021,1.801,0.9671,2.0088,1.0696,2.1426,1.1149,2.2425,1.1336,2.3281,1.1458,2.4091,1.1535,2.4795,1.1559,0.474828653,0.203331158,0.133343354,0.10344878,0.077271275,0.06654397,0.07625936,0.123998589,0.125575197,0.107046018,0.079216791,0.084911542,0.061471619,1.255909431,0.242370997,0.28441976,0.212141274,0.053902319,0.104737434,0.089707302,0.077681722,0.188904685,0.205347145,0.207475926,0.211754787,0.2292332,0.254028187,0.371867624,0.063804467,0.066631224,0.912745227,0.141024289
LBX013V08,LBX,0,2.078755042,0.004771532,-0.02560634,-0.016957543,0.00307432,-0.009015198,0.006198822,0.016774795,-0.006442466,-0.006029301,0.002168583,0.004558402,0.001227627,-0.01091298,0.00310453,-0.001280761,0.001560432,0.00010612,-0.000165634,0.005471396,-0.001632873,-0.001599735,0.003801825,0.001473463,0.002558185,-0.004314543,0.003340646,-0.003549793,0.003593093,-0.002390647,0.002671807,0.001228417,0.000213745,-1.12E-06,8.34E-05,0.001212666,0.001268787,0.001166571,0.000959057,0.001457349,0.001866943,0.000359104,0.001507731,0.000633981,0.000284619,0.000704895,-0.000701039,-0.000506651,-8.71E-05,0.000188147,0.001538705,-0.000538268,0.000517814,0.001826774,-3.86E-05,0.000210567,-0.000454117,0.00045909,-0.000193957,-0.000326042,0.000454188,0.000496677,-0.000331777,0.000239668,-0.001515408,0.000591609,1.83E-05,-0.000952391,-0.000156776,1.4752,1.011,1.4439,1.254,1.5949,1.3177,1.8517,1.2886,1.9919,1.3058,2.1257,1.3231,2.2335,1.3382,2.3155,1.3468,2.404,1.3533,2.4687,1.3528,2.5921,1.3252,2.7125,1.254,2.7869,1.1634,1.9987,1.1372,2.0656,1.1947,2.1253,1.1897,2.1785,1.2429,2.2339,1.2206,2.2691,1.2839,2.326,1.2443,2.3439,1.3026,2.4065,1.253,2.431,1.2968,2.4779,1.3285,2.473,1.2184,2.5741,1.2763,2.6604,1.2116,2.7179,1.1483,1.7952,1.0261,1.7959,0.9671,1.9935,1.0707,2.1122,1.1095,2.2244,1.1354,2.3161,1.1494,2.3948,1.157,2.4676,1.1609,0.481200509,0.211023601,0.133322541,0.096020206,0.064929577,0.052537606,0.062619885,0.141251124,0.134913787,0.108852423,0.082449742,0.08873838,0.064701932,1.320523627,0.253231673,0.318681989,0.24213139,0.059004152,0.112910451,0.095100473,0.080968759,0.191903153,0.205700097,0.206078141,0.212068338,0.230229842,0.259976249,0.404130375,0.070632924,0.067172688,0.939636866,0.154240624
LBX013V09,LBX,0,2.099091692,0.010587164,0.002520055,-0.000663418,-0.004520823,0.002204158,0.003963946,0.002324902,-0.011943815,-0.011004032,-0.000967991,0.002254226,0.001533544,-0.007113891,0.001073758,-0.01229366,0.002359972,-0.007105617,0.000876725,-0.005796894,0.003917151,0.000344227,0.002940265,0.00288506,-0.001171505,-0.00260259,-0.003309274,-0.002524038,-0.000407858,-0.001699823,0.000854211,0.000810834,-0.001010879,0.000589644,-0.001218365,-0.002335877,-0.000256816,0.001288721,-0.000677045,-0.001226717,0.000131392,-0.000394879,-0.00042653,0.001327224,-2.38E-05,-0.001404683,0.000704295,-0.000621512,-0.000155631,-0.000175457,-2.47E-05,-0.000863531,0.00016521,0.00092925,0.002184283,0.000651515,-1.68E-05,9.71E-05,0.001218219,-0.000110616,-0.000337862,0.000195832,-0.000324322,-4.83E-05,-0.000854213,0.001037161,-0.001011726,-0.000495948,0.000294891,1.4337,0.9989,1.4637,1.2504,1.6406,1.3296,1.8909,1.2954,2.0232,1.2997,2.1397,1.3083,2.2461,1.3227,2.331,1.327,2.4101,1.3342,2.4908,1.3344,2.6176,1.2907,2.7201,1.2087,2.7848,1.103,1.9955,1.1232,2.0674,1.1785,2.13,1.1728,2.1746,1.2145,2.2328,1.2001,2.2717,1.2548,2.3249,1.2159,2.3443,1.2835,2.4083,1.2217,2.4353,1.2605,2.4924,1.3037,2.4871,1.1753,2.5922,1.2492,2.6645,1.1699,2.7291,1.089,1.7693,1.0192,1.765,0.9552,1.9941,1.0609,2.1203,1.0976,2.2271,1.116,2.3198,1.1235,2.4029,1.1278,2.4854,1.1262,0.494353082,0.201479527,0.129008062,0.100082216,0.072565625,0.045487801,0.077889216,0.132369861,0.116816994,0.107370014,0.085008823,0.079427011,0.080700248,1.355104431,0.251370503,0.306353684,0.235381733,0.06414429,0.106363199,0.093445439,0.083601435,0.208270017,0.211778776,0.212396634,0.211229851,0.224216012,0.256204001,0.394525943,0.057432482,0.067799705,0.973340254,0.166362406
LBX013V10,LBX,0,2.062514662,0.003073539,0.006702559,-0.026509715,-0.014004249,-0.002017037,-0.005049653,0.000658291,0.004357974,-0.002501464,-0.001471993,-0.00346732,0.004563275,-0.003341274,-0.010537285,0.00136476,0.002177316,-0.007083108,0.005001145,0.005682772,0.003387315,-0.003384312,-0.00156934,0.00155364,-0.005537713,-0.00053816,-0.000770425,-0.000508432,-0.003833201,-0.00171843,0.000425033,-0.001699548,0.002172464,-8.24E-05,-0.001529238,0.001324026,0.001083347,-0.00052469,0.00053413,-0.000132379,0.000866322,0.002568905,0.00064669,0.000671842,0.000287038,0.000750172,0.000256431,0.001499588,0.00097725,0.000340446,-0.000366176,-0.000460397,0.001305982,0.001613898,0.001231871,-0.000591433,-0.000308746,-0.000181014,0.000990761,-0.000551864,0.000860279,0.000673692,-0.000241843,-0.000468149,0.000407154,6.34E-05,-0.00019723,8.49E-05,-0.000101428,1.4795,1.034,1.4738,1.2246,1.6837,1.3252,1.9124,1.2821,2.0415,1.2929,2.1688,1.3004,2.2843,1.308,2.3619,1.3134,2.4407,1.3155,2.5054,1.3166,2.6298,1.2893,2.7273,1.2217,2.7985,1.1217,2.0041,1.1303,2.0919,1.185,2.158,1.1793,2.2105,1.2274,2.2666,1.2087,2.3019,1.2605,2.3544,1.2217,2.3813,1.2789,2.431,1.2282,2.4571,1.267,2.5162,1.288,2.5019,1.1866,2.5996,1.2447,2.6722,1.18,2.7456,1.1117,1.7909,1.0325,1.7873,0.9613,2.0038,1.0656,2.1573,1.107,2.2656,1.1224,2.3533,1.13,2.4307,1.1332,2.5043,1.1357,0.500973582,0.177347484,0.119090596,0.084070744,0.050655799,0.039580424,0.051197754,0.129550955,0.127520743,0.115749773,0.07778766,0.078827977,0.06470935,1.321912361,0.237801283,0.303617473,0.228116571,0.071290953,0.1125092,0.088757197,0.076875289,0.180903344,0.192887221,0.190905736,0.202618459,0.219017008,0.235002574,0.378359842,0.053836883,0.069100651,0.970030438,0.153846839
LBX013V11,LBX,0,2.038777182,0.024414628,0.007158916,0.014345398,-0.003886799,-0.006703497,-0.000276553,-0.007429874,-0.007292394,-0.015031507,0.003133119,0.007358939,0.004978514,-0.007939071,-0.000237733,-0.005005791,-0.001646615,0.001917674,0.005055989,0.003936673,0.000378262,-0.000844247,0.00090316,-0.000649813,0.002501428,0.00099696,-0.003323322,-0.001505409,-0.001151545,0.001010456,0.001576662,-0.002694234,0.001440597,0.004466643,0.000762205,-0.002693912,0.003965228,-0.000499967,0.002241035,0.002240376,0.000239546,-0.002810721,0.00065217,-0.000379514,0.001336934,-0.001817345,0.000142465,0.001613612,-5.28E-05,-0.000103734,0.000255065,-0.001312013,0.000383561,0.002477717,-0.000216799,0.000830492,0.000778362,0.000372538,-0.000292225,-0.000437091,-0.000776625,-0.000839063,-2.18E-05,-0.000133051,-0.000364191,0.001094621,-0.000175536,0.000289263,0.000381806,1.4628,0.9903,1.4597,1.2666,1.6877,1.3317,1.8873,1.308,2.0124,1.3155,2.1343,1.3231,2.2368,1.3263,2.3252,1.336,2.3997,1.3425,2.4684,1.3393,2.5921,1.3008,2.6942,1.2289,2.7665,1.1088,1.9984,1.1311,2.0609,1.1764,2.1214,1.1713,2.1717,1.2166,2.2271,1.2023,2.2666,1.2699,2.322,1.2174,2.3407,1.2864,2.3954,1.2246,2.422,1.2598,2.473,1.3073,2.4781,1.1879,2.5683,1.254,2.6359,1.1807,2.7057,1.0951,1.774,1.011,1.7733,0.9592,1.9984,1.0631,2.1192,1.0987,2.226,1.1192,2.3155,1.1268,2.3878,1.1289,2.4763,1.13,0.483051064,0.208894279,0.147312796,0.112876082,0.063788714,0.051965469,0.085653838,0.125324618,0.122136686,0.102549939,0.088930591,0.074783019,0.068774487,1.309074459,0.259382652,0.299050782,0.219955018,0.05180473,0.110152122,0.096093808,0.073752288,0.209449039,0.21635427,0.214461978,0.223571241,0.241678464,0.268922331,0.382208857,0.062324393,0.075644762,0.942251861,0.164391788
LBX013V14,LBX,0,1.98960815,0.013836737,0.00514263,0.013587633,-0.005424649,-0.015225486,-0.001251774,-0.003766287,0.009196753,-0.003968867,0.003865989,-0.004721836,-0.000510937,-0.003430012,-0.004506568,-0.003444296,0.007786397,-0.00657281,-0.000445085,0.002295344,0.00538251,-0.001141789,-0.001895031,-0.000741969,0.004848479,-0.001387209,-0.002720832,0.002774828,0.001905123,0.000414165,-0.001830161,-0.000534282,-0.001886365,-0.002753324,-0.002897651,0.004244154,0.000457162,-0.002036927,-0.001092759,0.003020576,0.000325129,-0.000465244,0.000404862,0.000428686,0.000283669,-0.003328041,-0.002664638,-0.002578846,0.000449966,-0.001250498,0.001237002,0.000611114,-0.000888323,-0.000831877,-0.00059156,-0.001373406,-3.22E-05,0.001063948,-0.000845945,-5.95E-05,-0.00082049,0.00036545,0.000253555,-0.000315829,-0.000866447,-0.00129502,0.000112394,0.000627478,-0.001307675,1.4973,0.9655,1.4978,1.2206,1.7093,1.3285,1.9027,1.2896,2.0322,1.2983,2.1429,1.3033,2.2627,1.3101,2.3479,1.3134,2.4191,1.3188,2.4881,1.3188,2.609,1.2843,2.7006,1.2217,2.7675,1.1181,2.0203,1.1134,2.0879,1.1652,2.144,1.1638,2.1944,1.2084,2.2515,1.194,2.2878,1.2371,2.3371,1.2113,2.3652,1.263,2.413,1.2256,2.4428,1.2709,2.4982,1.2896,2.4946,1.1846,2.5814,1.2416,2.6402,1.1882,2.6931,1.1122,1.815,1.0102,1.8118,0.9488,2.0167,1.0534,2.1419,1.0933,2.2476,1.1127,2.3328,1.1246,2.4094,1.1235,2.4914,1.1203,0.479614355,0.211840034,0.144284788,0.107973423,0.077194624,0.05328649,0.053442492,0.12979191,0.11081286,0.119992833,0.085263884,0.071404482,0.069,1.279333733,0.229662121,0.280885493,0.209314142,0.061483331,0.111661497,0.087330693,0.077235355,0.198527429,0.19961027,0.198303454,0.217463675,0.232506107,0.262271691,0.393291673,0.074633572,0.069068155,0.896319837,0.146334856
LBX013V16,LBX,0,2.049200226,0.002816994,-0.007682687,0.005724177,-0.012824514,-0.004699363,-0.002415003,0.002946602,0.008111929,-0.003421457,0.002079374,-0.003819133,-0.004086084,-0.003051482,-0.000883957,-0.001014952,-0.001617607,-0.006728214,0.001348534,-0.002196425,0.00029566,-0.004832157,-0.000676619,0.004415289,0.001464226,0.000174744,-0.000700034,0.003522808,0.002770912,-0.000524623,-0.002611975,-0.00567382,0.00281656,0.0005479,-0.001292589,0.002803193,0.000249687,-0.002713399,0.002307768,0.002772234,-0.002167833,0.001279567,0.001076986,-0.001406468,0.000385442,0.002599743,0.002710296,0.001334774,0.000391079,0.0016279,0.001067962,-0.000398754,0.001207038,-0.000813867,-0.00094189,0.000200869,0.000917156,-0.000433983,-0.000525239,0.000653315,0.000679038,0.000988974,0.000469355,0.000257427,5.03E-05,-0.000287746,0.000615972,0.000220402,9.39E-05,1.4671,0.9676,1.4547,1.1904,1.6489,1.3198,1.8657,1.2853,2.0081,1.294,2.1303,1.3055,2.2368,1.3062,2.3195,1.3105,2.4094,1.3155,2.4773,1.3188,2.61,1.2886,2.7006,1.2195,2.7697,1.116,1.9962,1.1138,2.0609,1.1656,2.1278,1.1602,2.1807,1.2077,2.2282,1.1904,2.267,1.2487,2.3198,1.2098,2.3511,1.2594,2.3954,1.2195,2.4331,1.254,2.4907,1.2871,2.4784,1.1861,2.5615,1.2469,2.6384,1.1818,2.706,1.103,1.7916,1.0038,1.7902,0.9455,1.9923,1.0498,2.126,1.0901,2.2224,1.1109,2.3152,1.1217,2.3928,1.1268,2.4748,1.1289,0.487590125,0.21550522,0.138832273,0.110022725,0.064948364,0.060081362,0.065908573,0.142665518,0.122739928,0.1065023,0.082811714,0.090038936,0.067980144,1.311026056,0.23514857,0.299615921,0.224696239,0.058316807,0.104843693,0.093631832,0.076219748,0.189916455,0.197784175,0.200466481,0.215294148,0.23553263,0.267372044,0.400082716,0.065012999,0.07273328,0.929244796,0.139002338
LBX013V18,LBX,0,2.045034539,0.011930808,-0.037311578,-0.014659344,0.008938232,-0.004529052,0.008098239,0.015251194,-0.002974463,-0.008299456,0.002781879,-0.007316949,0.004818639,-0.00859805,-0.000572671,0.005471936,-7.52E-05,0.007397883,0.001662992,0.00310633,0.002090765,0.003969703,-0.000426307,-0.001006917,-0.003083441,-0.004089608,-0.001991309,-0.00353822,0.000567687,-0.000453424,-0.002144255,0.00406382,-0.002742037,0.005109806,-0.001593405,0.000576219,8.78E-05,-0.001155345,0.00134503,-0.00136682,0.000720965,0.00050117,0.001145591,0.001381911,-0.00022263,0.000486864,0.000469895,-0.001560479,-0.000306753,0.000678538,0.000781297,0.001523451,-5.89E-05,-0.001608402,-0.000339136,0.000325528,-0.000899115,-0.000374115,-0.000615832,-0.001289536,-4.96E-05,0.000774894,-0.000140074,-0.000452286,0.000268152,9.61E-05,-0.000931851,0.000925274,1.91E-05,1.4693,0.9914,1.4115,1.2411,1.5712,1.3134,1.8215,1.2767,1.9725,1.2799,2.0998,1.3026,2.2062,1.3198,2.2778,1.3209,2.3522,1.3328,2.418,1.3375,2.5536,1.3177,2.6726,1.2469,2.7535,1.1523,1.9666,1.1257,2.028,1.1661,2.0836,1.1672,2.1408,1.2168,2.1974,1.2033,2.2335,1.254,2.295,1.2276,2.308,1.2792,2.372,1.2389,2.3907,1.2814,2.4367,1.308,2.4389,1.198,2.5367,1.2641,2.623,1.2037,2.6891,1.1383,1.7844,1.0221,1.7787,0.961,1.9646,1.0552,2.0825,1.0933,2.1936,1.1208,2.2918,1.1359,2.3711,1.1435,2.4391,1.1494,0.477801821,0.209415878,0.126612361,0.095092797,0.071238543,0.051487183,0.064220012,0.151033903,0.129308082,0.10778126,0.071608449,0.07534567,0.065967644,1.294240492,0.259455526,0.31790195,0.238761178,0.0613653,0.119388651,0.10057957,0.077824739,0.18927974,0.200438644,0.202846173,0.204571943,0.216609233,0.263704114,0.408952332,0.065904173,0.065775375,0.927503881,0.149653266
LBX013V19,LBX,0,1.872713191,0.032956038,-0.000664532,0.001901631,-0.000666264,0.006010484,0.004890913,0.005701652,0.013039287,-0.005703681,-0.00465645,-0.00689314,0.000800427,0.001784242,0.006002889,-0.004104863,0.002971306,0.000306573,0.000425229,-0.005440734,-0.000666653,0.000578702,0.002716623,0.001836876,-0.002372682,-0.00117092,-0.000706795,-0.00235952,0.000762248,0.000181896,0.00031217,-0.003118989,0.002857859,0.003636159,0.001189066,-0.001829425,0.003013659,-0.002142234,0.001061027,-0.000457725,-0.002161656,0.001223938,0.000201094,0.003379392,0.000902375,-0.00140513,-0.000353715,-0.002173059,-0.000907004,-0.001541424,0.000236791,-0.000126975,0.001536932,0.00079224,-0.000416305,0.001300152,0.000179808,0.00060632,-0.000397893,-0.000830999,-0.000514889,-0.000722852,0.000221242,-0.000255025,1.94E-06,-0.000722864,0.000351531,0.000140689,0.000259946,1.5011,1.0293,1.5173,1.2335,1.692,1.3339,1.8772,1.2943,2.0052,1.29,2.1203,1.3015,2.2141,1.3101,2.295,1.3188,2.3576,1.3263,2.4234,1.3242,2.5453,1.294,2.6366,1.2364,2.705,1.1278,1.98,1.1314,2.044,1.1703,2.0879,1.1667,2.1433,1.2113,2.1958,1.1969,2.2318,1.2479,2.2835,1.2149,2.3109,1.2515,2.3517,1.2249,2.3749,1.2616,2.4277,1.2961,2.4326,1.1926,2.5151,1.2584,2.5863,1.1936,2.6492,1.116,1.7967,1.0415,1.7934,0.9757,1.9773,1.0647,2.0874,1.0971,2.1931,1.1197,2.2778,1.1294,2.3463,1.1343,2.4304,1.1359,0.456718951,0.192624635,0.125831355,0.093086197,0.06466939,0.06915273,0.06697298,0.128072206,0.115673074,0.094193418,0.081366455,0.06304768,0.065833502,1.207922787,0.23049193,0.280001429,0.208649083,0.065882699,0.112046642,0.089528152,0.068929239,0.188430067,0.191499191,0.191599008,0.195834318,0.20968369,0.250471895,0.372275704,0.057034025,0.066044909,0.867224152,0.122429572
LBX014V01,LBX,0,1.846451898,0.042832321,0.034996947,-0.006826604,0.02636284,0.014408202,-0.007400622,0.008812466,0.011111162,-0.003185292,-0.003237528,-0.001323666,0.006324538,-0.003306901,-0.00623218,-0.005223106,-0.002343748,-0.000146626,-0.003437083,-0.002454699,0.001796175,0.002106399,-0.001979964,0.000660849,0.005183456,-1.29E-05,0.000172766,0.000676484,-0.005452368,0.001854107,-0.000995963,-0.002001675,-0.001398447,-0.001309608,0.003753006,-0.000202987,0.001162299,0.001152838,0.000930111,0.003409907,1.91E-07,-0.000388069,-0.002501881,0.001949962,-0.0001734,0.000259678,-0.000481937,0.000375908,-0.000572044,0.002073139,0.000242243,0.00105796,-0.000889913,-0.001193866,-0.000296389,-0.000493793,-0.000443129,0.00093326,-5.79E-05,0.001558403,0.000811839,-0.00132028,0.001193777,-0.001018023,-0.000788076,0.000554683,-0.000314924,0.000125311,-0.000403132,1.5318,1.0539,1.5572,1.2584,1.7449,1.3425,1.9466,1.295,2.0669,1.2929,2.1769,1.3004,2.263,1.3076,2.335,1.3112,2.3932,1.3166,2.4536,1.3274,2.5707,1.2967,2.6564,1.2335,2.7179,1.1483,2.0131,1.1239,2.0778,1.1721,2.126,1.1613,2.1785,1.2095,2.2296,1.1936,2.2648,1.2504,2.3065,1.203,2.3367,1.2634,2.3749,1.2217,2.3986,1.2702,2.4542,1.2972,2.4504,1.1818,2.5415,1.2627,2.6084,1.2017,2.6597,1.1348,1.8042,1.0218,1.8028,0.9563,2.0151,1.0507,2.1257,1.0841,2.2325,1.1079,2.3058,1.1197,2.3754,1.1262,2.4509,1.1321,0.441116425,0.183568679,0.121290766,0.09091408,0.057228315,0.047830221,0.046713167,0.120318328,0.110255385,0.086400521,0.072089944,0.058449979,0.061357966,1.18985065,0.209022487,0.269589503,0.212388535,0.06551496,0.108518432,0.077472382,0.070910154,0.195318663,0.189359869,0.192712869,0.200368685,0.216921368,0.253721777,0.390516133,0.059745209,0.057578121,0.875294156,0.142553604
LBX014V02,LBX,0,2.120142369,0.010661457,-0.001820019,-0.004429883,-0.016476749,-0.003813555,-0.003553038,-0.002177702,0.006147363,0.003077816,-0.001439437,-0.004315077,0.012662508,0.001438452,-0.004661076,0.001718518,-0.00781552,-0.002638903,0.003941918,0.004736916,0.003540149,0.002716417,0.001515439,-0.001458994,-0.004280271,-0.003954877,-0.00047557,-0.000851828,0.001757388,-0.00057933,0.000529688,-0.00078507,0.00154384,-0.000928534,-0.001248839,-0.001181034,0.002258023,0.001494539,-0.000302907,0.001832918,-0.002425309,-0.002109271,0.001921223,0.000513274,-0.001225559,-0.001711573,-2.62E-05,-0.001945285,-0.000880686,-0.000310938,-0.002030362,8.71E-05,0.001488302,-0.000978063,-0.000848824,-0.000730938,-0.000952857,0.000560549,0.000502075,1.11E-05,2.61E-05,-0.000560195,-0.000548329,-0.000568266,0.000109173,0.00065828,-0.000687025,0.000311156,-0.000214997,1.452,1.0032,1.432,1.226,1.6499,1.3479,1.8571,1.3123,1.9995,1.3198,2.1526,1.3306,2.2616,1.3371,2.3414,1.3414,2.4137,1.3511,2.4784,1.3528,2.6122,1.3152,2.7147,1.2433,2.7972,1.1386,1.9761,1.1383,2.0631,1.1936,2.117,1.1893,2.1789,1.2382,2.2407,1.2224,2.2738,1.2763,2.3357,1.2404,2.3515,1.3051,2.4141,1.2504,2.4471,1.2772,2.493,1.3209,2.4946,1.2055,2.5841,1.281,2.6602,1.2077,2.7294,1.1296,1.7668,1.0315,1.7625,0.9743,1.9757,1.0712,2.1149,1.1149,2.2411,1.1375,2.3355,1.1483,2.4067,1.1505,2.4957,1.153,0.522836581,0.210800854,0.141320204,0.096070027,0.062011934,0.037678907,0.081097287,0.14259737,0.153480455,0.109193635,0.079915768,0.07294779,0.06472233,1.351997115,0.255758793,0.309907034,0.223322301,0.057361398,0.128051943,0.096690227,0.079035182,0.200547575,0.20175951,0.20274775,0.212414359,0.235162008,0.268691589,0.39019959,0.068394737,0.065096928,0.979292449,0.164159069
LBX016V01,LBX,0,2.094918644,0.02189678,-0.006629382,-0.013445058,0.004163936,-0.003182521,-0.002188896,5.75E-05,0.001133632,-0.003959899,0.000166344,-0.002730259,-0.009638576,-0.001337499,0.001830824,-0.00430644,0.000488411,-0.001860063,0.000181197,0.002638157,0.00364704,-0.000773382,-0.003140118,-0.005267973,-0.000683193,0.004585658,-0.000148045,-0.003910057,-0.000836404,0.001995381,0.000315562,0.005980872,0.002561517,0.003695837,-0.004158396,6.31E-05,-0.001944023,-0.000830764,0.002788987,-0.001218604,-0.002886071,-0.000360444,0.000530963,0.000245636,-0.00210019,-0.000752859,0.002615471,-0.002457751,0.0013178,-0.001817395,0.001481044,-0.001464756,0.001773844,0.001335327,-0.000648505,-0.001340376,0.000722352,-0.000599377,-6.73E-05,-9.15E-05,0.000211914,-0.000524094,0.001360884,-0.000386365,-0.001120633,-5.80E-05,0.001173784,0.000234001,2.56E-06,1.4552,1.0324,1.4479,1.2738,1.6348,1.3608,1.8722,1.3037,2.0038,1.3047,2.1149,1.3209,2.2476,1.3274,2.3306,1.335,2.3986,1.3371,2.4763,1.3414,2.6133,1.3069,2.7114,1.2379,2.7891,1.1336,1.9851,1.1375,2.0584,1.1872,2.1188,1.1742,2.1685,1.2282,2.2233,1.2071,2.2632,1.2535,2.3312,1.2276,2.3538,1.2762,2.3997,1.2282,2.4277,1.2638,2.4827,1.3101,2.4795,1.2077,2.582,1.2598,2.6532,1.1929,2.715,1.1174,1.7557,1.0318,1.7567,0.9649,1.9811,1.0674,2.117,1.1041,2.2184,1.1246,2.3252,1.1368,2.3972,1.1397,2.4806,1.1426,0.499358989,0.200920009,0.129566238,0.107080577,0.075528604,0.063211391,0.078865075,0.131603799,0.112274886,0.132859098,0.083347226,0.068032419,0.077818892,1.3377334,0.246857307,0.318344106,0.233858184,0.066907473,0.109556652,0.109830142,0.068502628,0.198846499,0.206343524,0.205791448,0.221914263,0.230335842,0.260186279,0.414241982,0.075850181,0.073567928,0.970358253,0.143233411
LBX016V02,LBX,0,1.951197322,0.005861289,-0.004281735,0.00231991,-0.00693569,-0.003431018,0.007807075,-0.006404822,0.002146219,0.005783728,-0.003278654,-0.002528689,-0.003920966,-0.002177539,-0.002127037,-0.005327851,-0.002041314,-0.006237452,0.007401911,-0.000421519,-0.002099371,-0.001870433,0.002722781,-0.002899154,-0.002903311,0.002392544,0.000876013,0.001622541,0.003537356,0.001945525,-0.002523795,0.001045108,0.002122301,0.00170714,-0.001192268,-0.00515514,0.000554437,-0.002505591,-0.000198606,-0.000503015,0.000848487,0.002137154,0.000231179,-1.11E-05,-0.001512501,0.001636105,0.000937758,0.000394413,0.000779521,-0.001589487,0.001353025,0.000438103,-0.00047322,0.000367172,-0.000496788,-0.001688062,-0.000681196,0.000721642,0.001061878,-6.28E-05,0.000194752,0.000181731,0.000726292,-0.000793718,-0.000262347,-0.000465823,-0.000482027,-0.000111281,0.000296262,1.4995,0.986,1.5011,1.2033,1.6751,1.317,1.8923,1.2695,2.0081,1.2724,2.139,1.2781,2.2433,1.2853,2.3188,1.2934,2.3954,1.2961,2.4597,1.2976,2.5874,1.2627,2.6737,1.1915,2.737,1.0991,2.0009,1.1134,2.0707,1.1602,2.121,1.1537,2.1713,1.194,2.221,1.1825,2.2605,1.2307,2.3123,1.1997,2.336,1.2515,2.3842,1.1997,2.4166,1.23,2.4694,1.2695,2.4809,1.1782,2.5485,1.2141,2.6161,1.1559,2.6823,1.084,1.7983,1.0038,1.7977,0.947,2.0013,1.0484,2.1208,1.085,2.2199,1.1041,2.3127,1.1113,2.3864,1.1131,2.4815,1.1109,0.484354251,0.190160906,0.128481905,0.0900894,0.057245087,0.045292935,0.069416497,0.115836307,0.131024044,0.104548219,0.07593326,0.07664757,0.064317494,1.24265758,0.221686987,0.268037348,0.193258195,0.056803169,0.104064595,0.092906028,0.0719,0.187968428,0.192556096,0.187329549,0.191887493,0.21867796,0.246508032,0.389782965,0.056745925,0.067713514,0.895145888,0.147291276
LBX016V03,LBX,0,2.037730272,0.032578362,-0.009801337,0.007123325,-0.004861046,0.011741762,-0.001436666,0.002838085,0.01095317,-0.002705765,-0.000933161,-0.003080743,0.001903484,-0.009531162,0.007243082,-0.010190206,0.004850629,-0.000179203,0.00072483,-0.001728433,0.002517277,0.002058451,-0.002518687,-0.000594831,0.000927681,0.00086384,0.001826386,-0.00292942,0.006735156,-0.002529722,-0.000671285,0.003172849,0.002218443,-0.002484095,-0.000628145,0.001535141,-0.001273402,-0.003697813,0.001278488,-0.00055217,-0.001464662,0.000431469,0.000175314,0.000155749,0.000802737,-0.001198714,-0.000191369,0.001826382,0.000343373,0.001380015,0.000721639,-0.001052495,-0.000232811,-0.00023141,-0.0001106,0.000197463,0.000157777,0.000606934,-0.001655359,-0.000920825,-0.000506107,-0.00013407,-0.000959457,1.43E-05,-0.0005608,0.000497752,-0.000118964,0.000583386,-0.000326405,1.4725,0.9892,1.4712,1.2008,1.6611,1.326,1.8581,1.2875,2.0016,1.2961,2.1203,1.3069,2.2314,1.3166,2.3209,1.3231,2.3864,1.336,2.4497,1.3346,2.5949,1.3047,2.6985,1.2314,2.7794,1.1246,1.9995,1.1127,2.0584,1.1645,2.1066,1.1487,2.1649,1.2019,2.2138,1.1818,2.2634,1.2307,2.3094,1.2005,2.3346,1.2681,2.39,1.2147,2.4078,1.2729,2.4622,1.3074,2.473,1.1926,2.5636,1.2724,2.6397,1.1926,2.7093,1.1127,1.7859,1.0067,1.783,0.9398,1.9987,1.0469,2.103,1.0807,2.2114,1.1073,2.3058,1.1208,2.3878,1.1251,2.4698,1.1278,0.480193982,0.224831048,0.143334574,0.114079621,0.091666842,0.056680596,0.066630098,0.143757469,0.11919031,0.111522643,0.089735723,0.06675822,0.06331548,1.313895266,0.257829905,0.313854998,0.228813658,0.066962826,0.112193806,0.097411755,0.08184131,0.207774517,0.208996675,0.209458827,0.21940686,0.23807377,0.278669553,0.404981543,0.071102883,0.070447711,0.942298307,0.152575358
LBX016V04,LBX,0,2.087227089,0.018520979,-0.005348117,-0.008896659,-0.012025109,-0.012404368,-0.002635419,-0.002114214,0.002691771,0.007579353,-0.000833598,-0.00226645,-0.005076073,-0.002760334,-0.004629223,0.0026428,0.004431824,-0.004414163,-0.00190956,-0.001190351,0.000339174,-0.003003571,-0.002022002,0.00622776,-0.001326069,0.004668876,0.000746401,-0.00234275,-0.002373022,-0.00054589,-0.000618906,-0.003287431,-0.001848245,0.004572336,0.001085051,-0.002482812,-0.002775502,-0.000999369,0.000100106,0.001900006,0.002818945,-0.001125375,-0.003836336,-0.0012211,0.001159967,0.001972359,0.001473372,-0.003351932,0.000722579,-0.000824504,-9.68E-06,-0.000222054,0.000332401,-0.000273171,-0.000550378,-0.000450193,-0.000211332,-0.002179345,-0.001146866,0.000165819,-0.001671002,-5.45E-05,0.000269114,-0.000599297,-0.000194284,-0.00039958,9.57E-05,0.000364134,0.000239968,1.4746,0.9806,1.4644,1.2163,1.6618,1.3242,1.8549,1.281,2.0067,1.2774,2.1339,1.2911,2.249,1.2976,2.335,1.2994,2.4115,1.3112,2.4957,1.3177,2.6154,1.2789,2.7147,1.2131,2.7956,1.1127,1.9898,1.1106,2.0631,1.1624,2.1354,1.1602,2.1915,1.2001,2.2397,1.19,2.2691,1.2483,2.3296,1.208,2.3648,1.2512,2.4115,1.2123,2.4374,1.2605,2.5,1.29,2.495,1.1821,2.5874,1.2314,2.6613,1.1694,2.7265,1.1009,1.7708,0.9987,1.7679,0.9347,1.9871,1.0405,2.1381,1.0858,2.2382,1.1073,2.3292,1.1163,2.4144,1.1203,2.4924,1.1192,0.510234544,0.217334236,0.128085753,0.107697539,0.053240023,0.056668157,0.056932416,0.151842682,0.127935648,0.11528339,0.086018835,0.077404716,0.084450518,1.32758857,0.245141755,0.308507245,0.221876294,0.064065669,0.108473637,0.091684295,0.082012804,0.198527429,0.195911128,0.198246639,0.211331328,0.232328474,0.274439593,0.403692284,0.070100285,0.069001812,0.972901023,0.139982035
LBX016V06,LBX,0,1.971835114,-0.002565461,-0.016376564,0.00080464,0.005878704,0.000745548,-0.001991797,-0.001264902,-0.005402556,-0.00963167,0.000478404,-0.00682272,0.000457222,0.003093582,-0.000393573,-0.007885953,-0.000226588,0.003126945,0.004378228,-0.008434381,0.002124791,0.000489313,0.001054477,0.000393283,0.003100501,-0.003161028,-0.003373438,-0.005150521,0.001967587,0.001462063,-0.001535194,0.001219785,-0.002419272,-0.0016804,7.91E-05,0.002149073,0.002664959,-0.001622845,0.000183661,0.001075578,0.000750765,0.000895333,-0.001986799,0.000940383,-0.001121934,-0.001333945,-0.000585808,0.001833887,0.000905043,-0.00140127,0.002169082,-0.000981447,-0.000325042,0.000664529,-0.000399466,-0.002265856,6.21E-05,-0.000188196,0.000395678,0.00159629,0.001063227,-0.000556453,-0.000459755,0.000717941,-0.000425887,-3.62E-05,-0.000391921,0.000104124,-0.000358557,1.4941,1.0011,1.4885,1.2386,1.6338,1.3393,1.8981,1.295,2.0383,1.3047,2.1379,1.3184,2.23,1.3213,2.3119,1.3328,2.3882,1.3314,2.4558,1.3342,2.5791,1.2976,2.6748,1.2307,2.7438,1.13,2.0038,1.1386,2.0674,1.1839,2.1203,1.1807,2.1721,1.2195,2.2292,1.2055,2.267,1.2519,2.3155,1.2217,2.3457,1.2745,2.3986,1.2292,2.4266,1.2627,2.4671,1.3026,2.4698,1.198,2.5547,1.2537,2.6273,1.1911,2.6899,1.1185,1.8037,1.0313,1.8031,0.9838,2.0038,1.0771,2.1181,1.1109,2.2292,1.1293,2.3184,1.1379,2.3975,1.1401,2.4694,1.1408,0.46977054,0.188768244,0.124255583,0.104646309,0.07864706,0.067389391,0.078703558,0.140535156,0.100537804,0.092145646,0.082703446,0.076312843,0.067657963,1.256330092,0.234980531,0.282311884,0.207591642,0.047503789,0.111688182,0.087807346,0.083437761,0.19387759,0.210856942,0.203593025,0.209986904,0.20958645,0.242183608,0.39375467,0.055113156,0.061841814,0.896971755,0.144036801
LBX016V08,LBX,0,1.90477763,0.013470079,-0.008237938,-0.011157522,0.017294474,-0.012861416,-0.004895826,0.003092154,0.001445216,-0.000570773,0.002016261,0.002603751,-0.011123333,0.006838833,0.004433989,-0.00271146,-0.003062666,-0.003358326,0.000440846,0.007077413,0.001578154,-0.001982024,-0.003432836,0.002970917,0.000103496,-0.00056753,-0.001160382,0.001883205,0.002152755,0.00082189,0.00083292,-0.00075007,-0.001189989,-0.000233663,0.000428474,0.000205032,0.000941825,-0.000540287,0.000138478,0.003792804,-0.001138511,0.000621981,-4.84E-05,-0.000654906,-0.001078104,-0.000855413,0.001059961,-0.000973871,-5.81E-05,-0.000861553,-0.001283985,-0.00052702,4.33E-05,-0.000200119,6.65E-05,-0.000516739,-0.000158356,0.00091341,0.000139853,0.000669243,0.000340408,3.94E-05,0.0001035,0.000305238,-0.000411734,0.000525081,0.000294677,-0.000246307,-8.36E-05,1.5156,1.0151,1.4989,1.2508,1.6499,1.3231,1.8873,1.2753,1.9995,1.2796,2.1188,1.2889,2.2253,1.2976,2.3037,1.3026,2.3792,1.3069,2.4439,1.3091,2.5529,1.2817,2.6442,1.2188,2.7096,1.1242,1.9894,1.1167,2.0599,1.1656,2.1152,1.162,2.1649,1.1972,2.2157,1.1904,2.2487,1.2314,2.2983,1.2066,2.3317,1.2389,2.3679,1.2157,2.404,1.2373,2.4518,1.2817,2.4432,1.1868,2.5277,1.2429,2.5933,1.1796,2.6446,1.1149,1.7902,1.0065,1.7896,0.9536,1.986,1.0539,2.1111,1.0933,2.2131,1.1127,2.295,1.1228,2.3616,1.1268,2.4382,1.1303,0.459182371,0.188622295,0.129012247,0.102635764,0.070213959,0.069582253,0.073886399,0.112282367,0.11966194,0.106854761,0.078559277,0.075622351,0.064737393,1.198974066,0.222173671,0.273656208,0.203531324,0.052903403,0.104435674,0.08417363,0.070192379,0.178890833,0.185089303,0.188183767,0.199847267,0.217168713,0.242403898,0.395027012,0.065661937,0.064245233,0.870082002,0.11601905
LBX016V09,LBX,0,2.076535504,0.006096404,-0.009000242,0.002683365,-0.008037398,0.01178424,0.004744001,0.005703969,-0.002623358,-0.001302143,-0.005905853,-0.004132024,-0.000265967,-0.001892557,0.005588812,-0.003474688,-0.000216129,0.001938903,0.004768628,0.004300861,0.000247083,-0.002910978,-0.002815383,0.004665067,-0.002222554,-0.002074687,0.001846858,-0.004340747,0.00066517,0.000441762,-0.002219275,-0.003163875,-0.000484464,-0.000110489,-6.20E-05,0.002494612,4.41E-05,-0.000480981,0.000397164,-0.000591229,0.001989025,-0.000648718,-0.001533773,-0.00126369,-0.001372279,0.000339477,0.000584926,0.002297123,-0.000899835,0.000156426,-0.000696083,-0.00040794,0.000687207,-0.001732243,0.000833657,-0.000216348,0.000328564,0.001090712,3.71E-05,-0.000189346,-0.000106808,-0.00027324,-0.000156358,0.00043581,-0.001803904,0.000312656,-0.000100908,1.67E-05,-7.42E-05,1.4951,1.0227,1.4709,1.2357,1.6543,1.3544,1.9045,1.3101,2.0383,1.3231,2.162,1.3317,2.2684,1.3389,2.3519,1.3403,2.431,1.3475,2.4989,1.3468,2.6273,1.3112,2.7341,1.2303,2.8064,1.1246,2.0146,1.1458,2.0735,1.1918,2.1383,1.189,2.1944,1.2393,2.2476,1.2206,2.2878,1.2695,2.3353,1.2292,2.3698,1.2853,2.4202,1.2379,2.4547,1.281,2.5058,1.3173,2.5108,1.2001,2.6019,1.2708,2.6828,1.1888,2.7481,1.1138,1.8003,1.0322,1.8006,0.9779,2.0135,1.0822,2.1321,1.1167,2.2415,1.1383,2.3299,1.1462,2.4148,1.1472,2.5076,1.1472,0.499162228,0.197778917,0.135936493,0.097915882,0.07206053,0.057839519,0.070597025,0.134430056,0.123998589,0.106643331,0.083511736,0.079427011,0.067903608,1.315253322,0.258643326,0.305089511,0.225332931,0.054300829,0.113776316,0.088120656,0.085344596,0.199789514,0.203086238,0.202275901,0.209102391,0.226714358,0.252625038,0.403925661,0.059291905,0.065984392,0.957196458,0.145246721
LBX016V10,LBX,0,1.989257262,0.026876196,0.006058949,0.004255624,0.019827211,-0.005613359,-0.003051653,-0.006623465,0.00554205,-0.009904426,0.006070423,-0.004252508,-0.003053856,-0.001319204,-0.000782689,-0.004932362,-0.005075195,-0.001828251,0.001829129,0.00088159,0.003358072,-0.000731447,-0.001724315,0.003902467,0.005036441,-0.00310992,-0.000254745,-0.001415301,-0.000759915,-0.001905987,-0.003410084,0.000204864,0.000952557,-0.000315747,-0.001542252,-0.001089076,-0.001737579,-0.001975667,0.002923707,-0.001146811,0.000386265,-0.000886885,-6.32E-05,-4.12E-05,0.000395561,-0.00025942,0.000934905,0.000634367,0.000611096,-0.001810318,-0.000846046,-0.000946786,-0.000516991,0.000348362,0.00010181,0.000481628,0.002203639,-0.000260807,-0.000890789,6.52E-05,-0.00048,0.000261654,-0.000638322,-0.000392363,0.000955428,0.00042734,0.0008404,-0.000144881,0.00049608,1.4746,0.9903,1.4709,1.2562,1.6672,1.3436,1.8887,1.2983,2.0131,1.3019,2.1303,1.317,2.2271,1.3274,2.3123,1.3339,2.3878,1.3436,2.4515,1.3457,2.5716,1.3159,2.6665,1.2576,2.7442,1.1613,1.9987,1.1214,2.0613,1.1681,2.1145,1.1659,2.1685,1.2163,2.2131,1.2048,2.2576,1.2522,2.3069,1.2206,2.3382,1.2729,2.3824,1.2287,2.4099,1.2713,2.4595,1.3182,2.4682,1.2001,2.5439,1.2778,2.613,1.2133,2.6812,1.1408,1.7848,1.0086,1.7816,0.9493,1.9946,1.0583,2.1152,1.0991,2.2139,1.1232,2.3069,1.1372,2.3824,1.1469,2.4666,1.1505,0.476050354,0.20831133,0.142217017,0.107702043,0.0811498,0.066270733,0.075602249,0.124452079,0.118168735,0.097357075,0.085447586,0.076120562,0.063734606,1.281064073,0.23171517,0.278713903,0.206468254,0.059386278,0.105996085,0.095121396,0.07593326,0.195783171,0.199707311,0.206262163,0.21106255,0.227051206,0.262325771,0.41056041,0.066251415,0.069460348,0.919756712,0.133527675
LBX016V11,LBX,0,1.985415322,0.029215948,0.003093662,-0.012631874,0.005147583,-0.006924735,-0.001595886,0.005975844,0.007316692,0.00251166,0.002410874,-0.00564293,-0.006998175,-0.001851235,-0.004548727,-0.002390389,0.001028958,-0.000741897,0.00266646,0.000993461,0.005167194,0.002206902,-0.004638692,0.000136939,0.006217958,-0.001766563,0.000383345,-0.000906266,-0.000432581,-0.001403296,0.000885641,0.000652847,0.002744977,-0.002401466,0.00024989,0.000722774,-0.001283883,-0.004024528,-7.56E-06,-0.000944688,0.004317865,0.001887096,-0.000856975,0.001654821,-0.001352112,0.001618454,0.000304684,0.001621416,0.000836149,0.000617639,-0.000891667,-0.001080786,0.001443974,2.53E-06,0.000668851,-0.000741397,-0.001595658,0.001108968,0.00014506,0.001112412,-0.001968,-0.000255835,-0.000236871,-0.000382712,-2.22E-05,-0.000183411,-0.000176087,-0.000851342,0.000249502,1.4822,1.0291,1.4795,1.2573,1.6694,1.349,1.8732,1.2983,2.0049,1.3047,2.1214,1.3112,2.2264,1.3227,2.3091,1.3263,2.3896,1.3335,2.4551,1.3378,2.5766,1.3177,2.6764,1.2481,2.7454,1.1607,1.9808,1.1354,2.0556,1.1857,2.103,1.1742,2.167,1.2267,2.2174,1.208,2.2512,1.2512,2.3044,1.2238,2.336,1.2807,2.3828,1.2353,2.4065,1.2857,2.4604,1.3094,2.4554,1.208,2.5485,1.263,2.6147,1.2033,2.6794,1.1487,1.7744,1.0268,1.7715,0.9599,1.9782,1.0649,2.1011,1.109,2.2157,1.1321,2.3037,1.1429,2.3781,1.1512,2.4522,1.1519,0.480120735,0.195228507,0.129350261,0.0960188,0.075678861,0.052943083,0.050699606,0.131855413,0.11668119,0.105627885,0.082778318,0.080821346,0.065640993,1.270036535,0.230526441,0.293832078,0.224608571,0.066962826,0.119288725,0.088423074,0.079238942,0.185922618,0.188204702,0.195712365,0.202408745,0.218066343,0.255930772,0.402272569,0.067082039,0.076249131,0.927322948,0.136171436
LL279xLL297-1,Lecontei,0,2.144177203,0.028434384,-0.004218314,0.009384169,-0.005136198,-0.00211151,-0.004124013,0.004502014,0.004901723,0.011151734,-0.003014056,-0.002109862,0.010401822,0.008667488,0.00115516,0.002203012,0.001377297,-0.002111067,-0.008332501,0.001659242,0.000310986,0.004930159,-0.001073759,-0.001964022,0.001202112,-0.004163379,0.003934914,-0.000172622,0.002163592,0.002230098,1.55E-05,0.000761124,0.000103005,0.001541387,-0.001374443,0.000528338,0.000798216,-0.001101866,0.000117506,0.00159796,0.001922375,0.0031277,-0.000909855,-0.000604475,0.000628801,0.000417294,0.000963993,0.001194623,-0.000592232,0.000407768,0.000541981,0.000732269,-0.000788312,-0.00079459,0.000726617,0.000466178,0.000170088,-8.29E-05,0.000692784,0.000211015,-0.000281983,0.000445702,0.00073875,-0.000489863,0.00070025,1.89E-05,0.000327879,-2.37E-05,6.78E-05,0.4313,0.5927,0.4049,0.8456,0.5917,0.9845,0.7948,0.948,0.9488,0.9607,1.0988,0.9742,1.2163,0.9909,1.2877,0.9984,1.3603,1.0111,1.4274,1.0234,1.5766,0.9917,1.6877,0.9179,1.7655,0.8115,0.9329,0.7623,1.0147,0.829,1.071,0.8226,1.1353,0.8758,1.1925,0.862,1.2348,0.9171,1.2885,0.879,1.3139,0.9385,1.3631,0.8925,1.3877,0.9504,1.4401,0.9893,1.4567,0.8599,1.5464,0.9472,1.6266,0.8687,1.6861,0.7988,0.7321,0.6401,0.7294,0.5754,0.9298,0.6877,1.0702,0.7417,1.1933,0.7718,1.2869,0.7861,1.3647,0.7956,1.456,0.8012,0.532815353,0.231421909,0.147267444,0.104951465,0.076083441,0.065379278,0.066597673,0.154522781,0.150606275,0.118680832,0.071792827,0.073702442,0.068218033,1.352021849,0.261065605,0.312569992,0.238170107,0.064756312,0.127728658,0.09749359,0.075811675,0.224033033,0.216925886,0.21662733,0.223374148,0.250397604,0.293225323,0.431652754,0.080409266,0.078446479,0.982436995,0.151660971
LL280xLL283-1,Lecontei,0,2.116076043,0.032882315,-0.03536999,0.016580826,0.014663083,0.010376125,-0.005446841,-0.008852314,-0.012974436,-0.001821439,-0.001817759,-0.003834275,-0.002861407,-0.008330597,0.011641851,-0.002928088,-0.000361142,0.003367331,-0.000264867,-0.001771441,-0.00202049,-0.001280408,0.000571347,-0.000588853,0.001337529,0.003126495,-0.004172868,0.002040653,-0.002501119,-0.000230744,-7.87E-05,0.000585985,0.001356107,0.000465058,0.000516461,0.000946247,0.001471023,0.003571136,-0.004138356,0.002370889,0.001143651,0.001787521,0.001762509,-0.001708622,0.001830394,-0.001570442,-0.000536078,-0.001605735,-0.00132054,0.000220543,0.000481235,-0.001293655,0.000751065,-0.000630192,0.002762744,-0.002878777,0.001703178,2.34E-05,-0.000113654,0.000357373,0.000367802,0.000394144,-0.001457919,-0.001224806,0.000116712,0.000664474,0.00090567,0.000861328,0.000730641,0.369,0.5929,0.344,0.8813,0.4901,0.9798,0.7356,0.9538,0.8869,0.952,1.0147,0.9599,1.1242,0.9647,1.202,0.9782,1.2742,0.9837,1.3401,0.9893,1.4851,0.9649,1.6099,0.8888,1.7112,0.7734,0.9046,0.7536,0.9417,0.8075,1.0136,0.797,1.0549,0.8414,1.1173,0.8245,1.1491,0.8858,1.2104,0.8403,1.2295,0.9038,1.2856,0.8594,1.3099,0.9028,1.3536,0.9544,1.3861,0.8369,1.4755,0.9237,1.5591,0.8401,1.6332,0.7565,0.6731,0.6306,0.6689,0.5713,0.8972,0.7028,1.0099,0.7337,1.1179,0.7575,1.2147,0.7647,1.2869,0.7687,1.3909,0.7687,0.488652371,0.261994351,0.154542195,0.125133089,0.082735845,0.07931967,0.088426806,0.151310707,0.128043938,0.109605155,0.078962586,0.072409185,0.066137508,1.3542825,0.296299612,0.331243506,0.229739091,0.059448549,0.107284388,0.094431192,0.077587692,0.226373585,0.226049242,0.219522778,0.227191549,0.250567137,0.298522294,0.445916685,0.079809836,0.070372793,0.981923383,0.146788181
LL280xLL284-1,Lecontei,0,2.084397164,0.051215217,-0.012776948,0.020697464,0.000972498,0.002615061,0.001984762,-0.011530601,-0.000784863,-0.012262221,0.005137623,-0.012898922,0.004217901,-0.001274227,0.008072551,-0.001655142,-0.006628576,0.004028091,-0.003490446,0.00308684,0.000592339,0.003865016,-0.003893038,4.54E-05,0.002917622,0.000626854,0.00539956,0.002822955,-0.00378734,0.003595733,0.003226866,0.002510863,-0.00198112,-0.002119153,-0.000527726,0.000583129,-0.000180731,0.001487403,-0.000732138,0.002028468,0.001007212,-0.001649058,0.001558872,0.003773246,0.001995559,-0.000327332,0.000345911,0.000868366,0.000713147,-0.001637373,-0.001600601,-0.000143312,-0.000378085,0.001037903,0.000928008,-0.001953475,0.002696552,-0.00068908,0.002256158,-0.003105884,-0.000685122,-0.001938631,-0.00062998,-0.000758166,0.00101828,-0.000151274,-0.001214266,0.000395216,-0.000180223,0.4262,0.5968,0.4078,0.8972,0.6369,0.9829,0.8139,0.9512,0.9522,0.9501,1.0889,0.9583,1.1964,0.9665,1.2716,0.9737,1.3468,0.9825,1.4087,0.9865,1.5567,0.9583,1.6702,0.8885,1.7603,0.7687,0.9485,0.7478,1.012,0.8081,1.0631,0.7885,1.1218,0.8488,1.1798,0.8274,1.2179,0.879,1.2694,0.8361,1.3012,0.8972,1.3504,0.8504,1.3726,0.8996,1.4171,0.9599,1.4401,0.829,1.5425,0.9234,1.6147,0.8409,1.6821,0.756,0.7372,0.6388,0.7329,0.6038,0.9488,0.694,1.0639,0.7313,1.1792,0.7501,1.2702,0.7607,1.3517,0.7671,1.4597,0.7671,0.498260976,0.243903096,0.154078032,0.114335734,0.090102719,0.082026886,0.086821944,0.138304374,0.136945719,0.107812291,0.075543895,0.075713143,0.062029106,1.345129146,0.278210568,0.325828375,0.237668382,0.035263154,0.123012601,0.090021386,0.082252599,0.22524955,0.221584228,0.218632294,0.226939045,0.245663042,0.290430456,0.391066248,0.079224554,0.073116414,0.961324857,0.139557372
LL280xLL285-1,Lecontei,0,2.028248692,0.042990309,-0.01724879,0.012997715,-0.012949421,0.007279992,-0.011146613,-0.003110268,0.007162896,0.017341343,-0.001513408,0.005390241,-0.00647198,0.003163292,-0.005694655,0.003704709,0.006415375,0.002600811,-0.002900161,-0.000481374,-0.004420636,-0.00189108,0.005354846,0.00409966,-0.002768933,0.002953392,-0.001966397,-0.000414235,-0.004178038,-0.00068255,-0.002331372,-0.001390066,-0.001869835,-0.003699469,-0.000947734,0.002016685,-0.001857923,0.000843667,6.96E-05,0.002963001,0.00272091,-0.000394563,0.00022379,-0.000778028,-0.000132267,-0.002127968,-0.001398614,0.001725768,0.001917439,0.000756969,-0.001161838,-0.000352423,4.44E-05,9.77E-05,0.000349754,-8.98E-05,-0.000813648,0.000756486,-0.000684717,-0.000200671,5.94E-05,0.00016497,0.00045202,-0.000429462,-0.000402635,0.000531712,0.000394233,4.82E-05,0.000228653,0.4274,0.6515,0.4052,0.861,0.5882,1.0218,0.752,0.9782,0.9004,0.9821,1.0325,0.9853,1.1409,0.994,1.2147,0.9964,1.293,1.007,1.3607,1.0099,1.4917,0.9837,1.6115,0.9107,1.7036,0.8107,0.9004,0.7782,0.9694,0.8409,1.0369,0.844,1.0798,0.8845,1.1393,0.871,1.1683,0.9198,1.225,0.8837,1.252,0.9349,1.3036,0.9,1.3218,0.944,1.3746,0.9786,1.3909,0.8679,1.4821,0.944,1.5512,0.871,1.6274,0.7988,0.6933,0.6687,0.6925,0.6,0.9012,0.7135,1.0389,0.7615,1.1433,0.7849,1.2234,0.7956,1.3087,0.8028,1.3905,0.806,0.498634475,0.249043289,0.157157373,0.111345992,0.079097408,0.071927324,0.069270773,0.148451238,0.132138753,0.108748563,0.073839014,0.079014239,0.067762084,1.286091396,0.273551842,0.31788855,0.224713595,0.068704658,0.105899764,0.086635905,0.080272349,0.20606613,0.215213754,0.214869286,0.22899083,0.260473818,0.303853139,0.434504005,0.077123602,0.072195429,0.955803039,0.143754304
LL280xLL288-1,Lecontei,0,1.999666117,0.051864236,-0.007911931,0.02537329,0.013547781,0.016977052,0.010826772,-0.018354978,-0.002931369,-0.003000341,-0.005216657,-0.004991165,-0.002617842,-0.000276371,0.000778772,-0.001165946,0.003188302,0.003510195,0.00097814,0.008294317,-0.005452203,-0.003761712,-0.00065453,-0.001843738,0.008325005,0.003972988,-0.005281774,0.003839776,0.001886942,-0.001638713,0.003365662,-5.09E-05,-0.00042859,-0.002354704,-0.000430442,0.001264212,-0.001157879,0.000734028,-0.001229932,-0.000424295,-0.000532037,0.002156017,0.002088809,-0.00060336,0.00168209,0.001158357,0.00049188,-0.000189758,0.00057527,-0.000167835,-0.000785252,0.000655223,0.001146452,-0.001348238,0.001222799,0.000485869,0.000452247,-0.000473024,-0.000458607,-2.23E-05,-0.000697541,-0.000843229,0.001163622,0.001526422,0.000704528,0.001011557,0.000512517,-0.000892681,-0.000593738,0.4508,0.6024,0.4329,0.8758,0.6282,0.971,0.8382,0.9546,0.9448,0.9504,1.0655,0.9536,1.1766,0.9607,1.2488,0.9623,1.3173,0.9731,1.3798,0.9795,1.5136,0.9544,1.6266,0.8877,1.7242,0.775,0.9464,0.7456,1.002,0.8044,1.0565,0.7874,1.1099,0.8401,1.1575,0.8234,1.1948,0.8734,1.2456,0.8361,1.2687,0.8988,1.3163,0.8528,1.3377,0.9067,1.3909,0.9425,1.4464,0.8393,1.5007,0.9142,1.5821,0.838,1.6532,0.7615,0.7361,0.6353,0.7358,0.5705,0.944,0.6845,1.0544,0.7258,1.1565,0.7406,1.2454,0.7538,1.3179,0.7607,1.4456,0.7679,0.508703932,0.235347063,0.156805102,0.121875387,0.089176959,0.066545173,0.069463084,0.106682707,0.120742412,0.111326637,0.072217726,0.069346161,0.062826825,1.285044093,0.276652706,0.285144402,0.186586709,0.064800694,0.107224064,0.089010674,0.072645578,0.221594675,0.213113514,0.218039102,0.231624696,0.249914625,0.290082144,0.414702315,0.072272055,0.066710869,0.937071908,0.146602353
LL280xLL288-2,Lecontei,0,2.125829198,0.039203247,0.014174146,-0.005637432,-0.005543902,0.004260272,0.012968537,-0.004266089,-0.003506178,0.007206295,-0.000746962,0.000635492,-0.003843257,-0.004645046,-0.001778949,0.007961534,0.00129226,0.000171546,-0.001021347,0.003851504,-0.003402727,-0.001336781,0.002179245,-0.004589634,0.000619168,-0.002618815,-0.002426571,0.001554176,-0.000906659,5.31E-05,8.29E-05,-0.002711265,-0.000900729,-0.003552145,0.002490612,0.00287172,0.001552691,-0.002580485,0.001028935,0.001538636,0.000846953,0.001138373,-6.48E-05,-0.002980541,0.001828032,-0.003281,-0.000375474,0.000517057,-0.00032117,0.000398499,-0.000559522,0.000930293,0.000588507,-0.000729427,-0.001769275,0.000570578,-2.21E-06,0.0003617,0.00023976,-0.002214979,-0.000106833,0.000980717,-0.000137318,0.000811533,-0.000593917,0.000544108,-0.000938959,-0.000162046,0.000105405,1.4574,0.9849,1.4536,1.2335,1.6791,1.3188,1.8711,1.2886,2.0059,1.2994,2.1397,1.3069,2.2497,1.3188,2.3274,1.3198,2.3997,1.335,2.473,1.3328,2.6197,1.3065,2.7416,1.2361,2.815,1.1411,1.9818,1.1152,2.0545,1.1721,2.1185,1.1699,2.1739,1.221,2.2371,1.203,2.2709,1.2562,2.3206,1.221,2.3486,1.2756,2.4004,1.231,2.4292,1.2727,2.4889,1.3008,2.5155,1.1944,2.5888,1.2656,2.673,1.1915,2.7341,1.1239,1.7578,0.9876,1.7546,0.911,1.9815,1.0343,2.1131,1.0814,2.233,1.1079,2.3123,1.1187,2.3954,1.1268,2.5135,1.1327,0.539544558,0.205723236,0.136261697,0.092457828,0.06609236,0.04902122,0.068931415,0.135231949,0.134010037,0.110641809,0.077706435,0.073880512,0.073333008,1.366556329,0.255928213,0.304205753,0.229913245,0.076666812,0.123132327,0.085418089,0.080424126,0.204157439,0.204628932,0.209663468,0.21978601,0.24293176,0.277230319,0.414730141,0.082708222,0.081823713,1.00237052,0.155986153
LL280xLL297-1,Lecontei,0,2.114296975,0.060560942,-0.018791344,0.031226638,-0.003383352,0.00788079,0.009440841,-0.017491785,-0.001194968,0.009423699,0.002947797,-0.011380007,-0.004620124,0.001012226,0.0003657,0.003770392,0.002887717,0.001841356,0.002870691,0.002947285,-0.002470566,0.0051391,-0.001280127,-0.002239771,-0.002142728,-0.005973596,0.00534288,-0.002372146,-0.001910796,0.001468148,0.002735136,-0.000106994,0.001396485,-0.004564285,0.001372659,9.56E-05,0.004798578,-0.001997551,0.001023755,0.000535339,-0.000660135,-0.00082735,-0.000229499,-0.000458295,-0.00131657,0.002290247,-0.000805688,0.001898419,0.000930283,0.00031226,0.00074062,-0.000522572,-9.18E-05,0.000254046,-7.23E-05,0.000177763,-0.000757128,0.000309018,0.001306087,-3.50E-06,-0.001290277,-0.000298296,-0.000737928,-0.000942235,-0.000131513,-0.000188201,0.001017548,-0.000104884,0.00017171,0.4112,0.5824,0.3917,0.8742,0.6139,1.0139,0.7716,0.9472,0.9087,0.9603,1.0557,0.962,1.1586,0.9705,1.2421,0.975,1.3115,0.9829,1.377,0.9869,1.5311,0.9615,1.6604,0.8835,1.748,0.7706,0.9194,0.7472,0.988,0.8044,1.0325,0.7893,1.097,0.8499,1.1552,0.8266,1.1954,0.8784,1.2451,0.8435,1.2716,0.9007,1.3226,0.8597,1.3393,0.9123,1.3925,0.9504,1.4504,0.8353,1.5171,0.921,1.6083,0.8321,1.6758,0.7607,0.7062,0.6263,0.706,0.5776,0.9155,0.6853,1.0329,0.7266,1.1591,0.7552,1.2475,0.7671,1.3221,0.7739,1.4533,0.7761,0.538258869,0.248686228,0.174909405,0.119465895,0.099179887,0.079942104,0.075876215,0.137724435,0.14700983,0.103250472,0.08362117,0.069848193,0.065622024,1.34998277,0.288943628,0.304551884,0.21546053,0.048700411,0.12824422,0.091474696,0.079175059,0.224183697,0.216428302,0.221979211,0.231209429,0.264653226,0.298829082,0.445914902,0.072875579,0.073187226,0.986933458,0.136486226
LL280xLL298-1,Lecontei,0,2.074793707,0.040249194,-0.005606785,0.020543843,-0.013493039,0.018237136,-0.00031737,-0.000481234,0.010134884,-0.000608572,-0.005396256,-0.014094482,0.002248176,0.003309555,0.004592927,-0.002294062,-0.001910666,0.000965441,0.000803751,-0.001196229,0.001028969,0.003414546,-0.003166738,0.002524554,0.000504581,0.002630966,0.007274983,0.000218399,-0.000698639,-0.000180774,0.001338138,0.002306239,0.002976596,-0.00155472,-0.002684699,0.000765676,0.000163765,0.000631333,-0.002346633,0.000282322,-4.49E-05,0.001230672,-5.98E-05,0.0023602,0.000668308,0.001926553,-0.000861191,-0.001737423,-1.97E-05,0.000258427,-0.002574601,0.000640362,-0.000560542,-5.22E-05,0.000673875,0.001227979,0.000694175,0.00084139,-0.001294945,0.000514763,0.000315685,0.000112673,-0.000161662,0.000111369,-0.000168679,4.27E-05,0.000163733,-0.000259307,0.000267591,0.4298,0.6377,0.4218,0.8615,0.6393,1.0155,0.8234,0.971,0.9612,0.9676,1.0993,0.9755,1.2017,0.9856,1.2816,0.9872,1.3546,0.9956,1.4165,1.0009,1.5631,0.9679,1.671,0.8956,1.7567,0.7774,0.9385,0.771,1.0097,0.834,1.0599,0.8097,1.1202,0.8737,1.171,0.844,1.2136,0.8993,1.2681,0.8562,1.2993,0.9187,1.348,0.8731,1.3713,0.9258,1.4295,0.9713,1.4454,0.8496,1.544,0.9348,1.6171,0.8533,1.6845,0.7671,0.7358,0.6705,0.7348,0.6155,0.9393,0.7163,1.0591,0.7528,1.1702,0.7726,1.2687,0.7821,1.348,0.7853,1.4433,0.7837,0.512957669,0.230755303,0.142130961,0.103923289,0.087116589,0.070749841,0.07176998,0.137841938,0.138325775,0.10289689,0.079916018,0.073481698,0.062126484,1.33423375,0.27160856,0.31956303,0.23024196,0.05500909,0.116274245,0.097863425,0.081667741,0.218847161,0.212538397,0.21424577,0.214930733,0.23605815,0.279830127,0.411242325,0.072930995,0.068516421,0.961723791,0.142011443
LL280xLX022-1,Lecontei,0,2.070932819,0.040020888,0.000766218,0.011539317,-0.011072247,0.016656452,0.018676451,-0.01259614,0.012932997,0.015165709,-0.005299048,-0.002248031,-0.002361597,-0.00135827,0.003458286,0.004091604,0.002804186,0.003522131,6.05E-05,0.003552675,-0.00042583,-0.001234041,0.001230686,0.001840533,-0.005118603,-0.002535216,0.002832593,0.000741132,-0.001474899,0.002572402,-0.003416752,0.000289056,-0.000826516,-0.004729545,-0.002535141,-0.002569978,0.000704563,0.00059838,0.000639367,0.001153874,-0.001501636,-0.000622993,-0.000390884,-0.001044749,0.001205401,-0.00024393,0.000314083,-0.00020292,0.000341738,0.001044542,-0.000293973,0.00163694,0.002033177,-0.000254472,8.07E-05,-0.000333597,0.00029978,-0.000510405,-0.000816667,0.0007807,-0.000335345,0.000901259,-0.000493032,0.000748028,-0.00013882,4.60E-05,-0.001063085,0.000704024,0.000377348,0.4038,0.5985,0.3882,0.8046,0.6104,0.9499,0.7784,0.9028,0.9176,0.9054,1.0544,0.9139,1.1639,0.9242,1.2438,0.9311,1.3131,0.9409,1.3798,0.9425,1.5226,0.9115,1.6369,0.8385,1.7144,0.7321,0.9083,0.7107,0.971,0.779,1.0298,0.7694,1.0806,0.821,1.1377,0.8044,1.1766,0.8512,1.2274,0.8218,1.2591,0.8694,1.3083,0.8361,1.3313,0.875,1.3903,0.9104,1.4443,0.7919,1.4975,0.8779,1.5769,0.7975,1.6414,0.7242,0.698,0.6044,0.6935,0.5401,0.9086,0.6491,1.0261,0.6903,1.134,0.7157,1.2271,0.7274,1.3091,0.7337,1.4425,0.7393,0.542115707,0.231897434,0.137217054,0.096523831,0.074096491,0.063568703,0.068367024,0.139224279,0.137063817,0.109983362,0.080197382,0.069989499,0.066719188,1.317391863,0.262624447,0.276640651,0.198157311,0.064457273,0.113434607,0.091372042,0.082154123,0.212653545,0.207920297,0.206699008,0.213586985,0.240915462,0.285159131,0.418140706,0.073426221,0.072670489,0.965612355,0.144618429
LL280xLX022-3,Lecontei,0,2.114697335,0.032928871,-0.00537342,0.012840677,-0.006964127,-0.007014792,0.000612285,0.004774991,-0.013852531,-0.001579831,-0.002741209,-0.008649409,0.00588535,-0.00210721,-0.002621592,0.009654753,0.002766716,-0.008733259,-0.004790227,0.000507348,0.000652019,0.002387607,0.003449414,-0.001045017,-0.002601202,-0.001974435,0.001296439,0.002592353,-0.001619576,0.003286187,-0.000479193,0.002021035,-0.000721962,0.000248684,0.000144508,0.002164596,-0.001908469,0.000346283,-0.002473953,-0.000228229,-7.89E-05,-0.000482228,0.000952006,-0.000104905,0.001217915,0.000419593,0.001110521,-0.000392371,-0.000151384,-7.34E-05,0.000606771,-0.001694742,-0.000838094,-0.000576097,0.00077149,-0.00089534,0.001176887,0.001097656,-0.001526098,-0.000465048,0.000662335,-0.000103989,-0.00048932,0.000351579,-0.000581906,-0.000626721,0.000127367,6.89E-05,-0.001201277,1.4757,0.9482,1.4687,1.254,1.6672,1.3511,1.8675,1.3105,2.0113,1.3148,2.1537,1.3263,2.2731,1.3364,2.335,1.3436,2.4069,1.3508,2.4831,1.3551,2.6248,1.3292,2.7413,1.2544,2.8305,1.1451,1.9941,1.1311,2.0696,1.1915,2.1375,1.185,2.1872,1.2389,2.2476,1.2174,2.2843,1.2713,2.3328,1.2335,2.3554,1.295,2.4105,1.2487,2.4374,1.295,2.4932,1.327,2.4996,1.2055,2.603,1.2848,2.6823,1.2082,2.7465,1.1338,1.7875,1.0129,1.7864,0.9547,1.9908,1.0599,2.1347,1.1073,2.2418,1.1289,2.3303,1.1462,2.411,1.1494,2.4978,1.1505,0.510945799,0.219572129,0.136388343,0.093600267,0.066056415,0.052707874,0.063591587,0.143864276,0.142863606,0.119826416,0.062317333,0.072259601,0.076321229,1.369033473,0.276053075,0.336367314,0.24659704,0.058210394,0.114768332,0.086707843,0.079172786,0.205127399,0.208541698,0.198614904,0.216167458,0.241420401,0.279290619,0.413934294,0.084756652,0.07493624,0.976662081,0.155854804
LL282xLL255v1-1,Lecontei,0,1.931320123,0.052004173,-0.012125101,0.018377541,-0.001691393,0.014927264,-0.00172855,-0.00318712,0.010578388,-0.002472524,0.003185059,0.004119739,-0.008072854,0.00494526,-0.00231111,-0.0029989,-0.002380261,0.006719682,0.004628112,0.006366807,-0.002178054,0.00427343,-0.006667259,0.000914156,0.00115742,0.000712096,-0.003942714,-0.002356275,-0.00284601,-0.002103537,0.000196338,-0.000435792,0.001798713,-0.001396656,0.000790323,0.001217237,-0.002395679,0.000287125,-0.000853056,-0.001044914,0.003197119,0.000767763,-0.001254483,0.001946533,0.001944563,-0.001272015,-0.000128799,0.002314481,-0.002396821,0.00120707,-0.000365294,-0.001726736,0.000309566,-0.000659948,-0.000418755,-0.000126003,-0.001350539,-8.73E-05,0.000162527,-0.000221938,-0.000714607,0.000528699,0.00091547,7.27E-05,0.000168644,0.00067823,-0.000872349,0.000658331,0.00010161,0.4353,0.6369,0.3993,0.8496,0.6107,0.9766,0.7843,0.9438,0.8975,0.9422,1.0192,0.9464,1.1176,0.9602,1.1927,0.9665,1.2663,0.9758,1.3329,0.9782,1.4623,0.9512,1.5687,0.8829,1.6536,0.7782,0.8956,0.7496,0.9538,0.7988,1.011,0.7946,1.0639,0.8401,1.1179,0.82,1.1485,0.8687,1.2025,0.8369,1.2205,0.8962,1.2731,0.8515,1.2959,0.8991,1.3401,0.9456,1.3612,0.8324,1.4448,0.9115,1.5179,0.8385,1.5901,0.7671,0.7099,0.6385,0.7052,0.579,0.8964,0.6845,1.0107,0.7298,1.1187,0.7544,1.2012,0.7655,1.2774,0.7718,1.3628,0.7782,0.472905064,0.223833264,0.154055996,0.115316001,0.096576705,0.075597156,0.082213442,0.113211307,0.121772452,0.099362971,0.075363784,0.074185241,0.066643229,1.226466706,0.257923807,0.297380901,0.213556784,0.059685342,0.109876158,0.08627149,0.072093828,0.202222674,0.212325646,0.21188924,0.216250434,0.240682363,0.282494071,0.408675923,0.064462858,0.067468511,0.904671001,0.136795358
LL282xLL284-1,Lecontei,0,2.066631237,0.034544999,0.00640303,0.004200133,0.008978005,-0.001778294,-0.004121374,-0.00073176,-0.000420362,0.002319572,-0.004328885,-0.008600833,0.002750693,0.002345626,-0.000666048,0.00111272,0.006110545,-0.002134506,-0.000182171,0.001575648,0.003132515,0.006347381,0.002730264,-0.001210793,-0.001069269,-0.003539357,0.001050113,-0.000158317,-0.001673339,0.002247669,-0.002703356,-0.00215438,-1.26E-05,-0.004467437,-0.001535603,-0.000868833,-0.001544081,0.000977894,0.001047033,0.000291473,-0.002634366,0.002439763,0.000133659,-0.003040458,-0.001670982,0.000918647,0.001174144,-0.001176547,0.000570986,0.001085948,-0.001048571,-0.002000052,-0.000733821,0.001080091,0.000354584,0.000613785,-0.000341463,0.000299778,-0.000112379,-0.000565381,0.000364094,0.000590809,5.59E-05,-2.43E-05,0.000735062,3.17E-05,-0.000137668,0.000104234,3.17E-05,0.4095,0.6095,0.4163,0.8782,0.6075,0.9861,0.8226,0.921,0.9538,0.9306,1.0893,0.938,1.1964,0.9496,1.2726,0.9512,1.3417,0.9591,1.4112,0.9623,1.5396,0.9372,1.6485,0.8663,1.7311,0.7562,0.9282,0.7369,0.998,0.8033,1.052,0.7933,1.1155,0.8435,1.171,0.8266,1.2139,0.8731,1.2626,0.8478,1.2911,0.8943,1.3337,0.8575,1.3607,0.9036,1.4194,0.9329,1.4266,0.8155,1.5147,0.8988,1.5925,0.8155,1.652,0.7456,0.7078,0.6403,0.7036,0.5652,0.929,0.6758,1.0536,0.7163,1.1726,0.7393,1.2639,0.752,1.3369,0.7575,1.4266,0.7599,0.504559729,0.212236119,0.134755074,0.098064724,0.078476111,0.059831931,0.058662168,0.131550751,0.135701916,0.107726366,0.076216796,0.069550126,0.06957363,1.329717056,0.263501898,0.31022047,0.227640616,0.075217352,0.123571396,0.094021274,0.071758623,0.202985024,0.204093557,0.208810943,0.215454357,0.236399091,0.267290105,0.431731421,0.07980708,0.075608465,0.965404951,0.144263232
LL282xLL287-1,Lecontei,0,2.21817042,0.04355691,-0.02395321,0.011554268,0.001630081,0.002963147,-0.002913108,-0.005873465,0.000487336,0.008032367,-0.006029297,-0.00323382,0.003668264,0.001347068,-0.000778271,-0.002882588,0.002388715,0.002448785,-0.002414729,-0.00419589,-0.001319531,0.000515626,0.00108596,-0.000447862,0.001790908,0.003910629,0.002458495,0.001033216,-0.002175598,0.000652649,0.000422679,0.001568256,0.001127733,-0.005351839,0.000608701,0.00020675,0.000774664,0.001621269,0.001889976,-0.00103336,-0.000777863,-0.001256393,0.000261831,0.000904416,0.001817363,0.002108984,0.001259796,-0.000165,-0.000589236,-0.001160067,0.001238005,0.002429469,-0.00027159,0.002161439,0.000108322,0.001804947,0.000329899,0.00074957,-0.000512682,-0.000259527,0.000233318,-0.000686656,-5.25E-05,0.000381144,-0.000373717,-0.000587348,0.000704421,0.000389195,-0.000471269,0.3837,0.6189,0.3885,0.8964,0.5694,1.0155,0.7758,0.9623,0.9377,0.9536,1.0837,0.9504,1.1946,0.956,1.2885,0.9575,1.3631,0.9634,1.4298,0.9628,1.5821,0.9245,1.6996,0.8472,1.7938,0.7202,0.9187,0.7361,0.9964,0.8052,1.0583,0.779,1.1202,0.8409,1.179,0.8155,1.2218,0.8694,1.2806,0.8266,1.3028,0.8917,1.3663,0.8329,1.3837,0.8933,1.4422,0.9295,1.4647,0.8067,1.5557,0.8848,1.6393,0.8001,1.7131,0.7131,0.6901,0.6345,0.6917,0.5782,0.9187,0.6742,1.0615,0.7083,1.1792,0.7261,1.2808,0.7366,1.3655,0.7369,1.4647,0.7369,0.550545511,0.26755719,0.15958775,0.115423135,0.090771141,0.067335949,0.07306415,0.162133587,0.146035064,0.111041299,0.09391198,0.074832947,0.066702699,1.413733957,0.294202957,0.340277916,0.238365811,0.056322731,0.126098136,0.10220455,0.085931252,0.228580008,0.23365222,0.235726112,0.243784208,0.274769958,0.321592941,0.454079927,0.081011728,0.076514704,1.030269853,0.167015957
LL282xLL297-1,Lecontei,0,2.070455812,0.048268693,0.008009343,-0.008351254,0.011964427,-0.014355564,0.008538261,-0.006114774,0.004094722,0.010558216,0.001109466,-0.005097618,0.003386438,0.000555595,1.48E-05,0.007321052,0.004272871,-0.005535488,0.006344645,-0.00409466,-0.003874339,0.007488599,-0.003557692,-0.000942657,-0.002055205,0.008594347,0.002410119,-0.004831616,0.003139764,-0.000337546,0.004479083,0.002239281,-0.00087295,-0.000790244,-0.00072308,-0.000445057,-0.001407802,0.002306418,-0.000974779,0.003661848,-0.001313499,0.00035391,0.000139076,0.000770398,0.001844192,-0.001761541,0.000344975,0.003596392,-0.001314789,-0.001327947,-0.001751248,-0.001566316,-0.000114626,0.001673434,-0.000599592,0.000252365,0.001779317,0.000217348,0.000524471,-1.88E-05,0.001026361,-0.000512058,-0.000413322,0.000435793,-0.000496619,0.000218028,0.000474685,0.000965419,0.00033123,0.3329,0.6972,0.3488,0.9766,0.5562,1.0425,0.7234,0.979,0.8782,0.9813,1.0179,0.9885,1.1274,0.998,1.1988,1.0104,1.2708,1.0179,1.3396,1.0157,1.4671,0.9766,1.575,0.9171,1.6541,0.8134,0.843,0.8012,0.9234,0.8604,0.9806,0.852,1.044,0.8933,1.0968,0.8821,1.1403,0.9324,1.1897,0.8976,1.219,0.9528,1.2631,0.9102,1.2885,0.9642,1.3499,0.9864,1.3679,0.9102,1.4552,0.9496,1.5139,0.8726,1.5832,0.807,0.6298,0.698,0.629,0.6237,0.8427,0.729,0.9813,0.773,1.0983,0.7991,1.1925,0.8118,1.2644,0.8171,1.3683,0.823,0.536097948,0.214282524,0.129073041,0.098712968,0.066856339,0.061039332,0.056541843,0.154817086,0.139885417,0.109911328,0.072468752,0.072389571,0.068835165,1.326300072,0.2482,0.302126927,0.207214913,0.074304307,0.120035203,0.094184181,0.074473619,0.194825512,0.204128024,0.19725225,0.205758402,0.232418803,0.2770063,0.425080322,0.071188272,0.075587433,0.971646299,0.143093151
LL282xLL427v1-1,Lecontei,0,1.998872548,0.056120621,0.005846767,0.016893023,0.023296454,-0.009706598,-0.005209543,0.002124473,0.005447859,-0.000315126,0.001025201,0.009287479,0.001027391,0.004915401,0.001659489,-0.00609875,0.001705457,1.10E-05,-0.001380477,0.001533997,-0.001285961,0.007114159,-0.001883947,-0.000208412,-2.83E-05,0.00249987,0.000815745,0.000124029,-0.004463912,0.002019613,-0.001438316,-0.001251887,-0.001311421,-0.002204639,-0.000451425,-0.000436354,-0.000135356,-0.000222908,-0.001244731,-0.002276975,-0.000149679,0.001394661,-0.001396525,-4.70E-05,0.001473367,5.91E-05,-0.000868686,0.000738298,0.000436245,-0.000771587,-0.001292053,-0.000137749,0.000641471,-0.001956312,-0.001552002,0.00053507,-0.000446836,0.00020358,-8.73E-05,-0.00125055,0.000938446,5.18E-05,-0.000612907,-0.000648574,8.20E-06,4.67E-05,0.000274219,-7.43E-05,0.00043848,0.4157,0.6062,0.4316,0.893,0.6263,0.9681,0.807,0.9065,0.93,0.9004,1.0681,0.9036,1.1745,0.912,1.2524,0.9171,1.3208,0.9306,1.3877,0.9261,1.5144,0.888,1.6097,0.8142,1.6806,0.6988,0.9118,0.6978,0.9806,0.7544,1.0366,0.7464,1.0935,0.7988,1.1496,0.7776,1.1877,0.8263,1.2329,0.793,1.2694,0.848,1.3091,0.802,1.3348,0.8517,1.3933,0.8909,1.3909,0.7718,1.4869,0.848,1.5528,0.771,1.6095,0.6905,0.7036,0.5988,0.6988,0.5274,0.9118,0.6348,1.0369,0.6714,1.1522,0.6946,1.2341,0.7032,1.3099,0.7087,1.3917,0.7083,0.484781198,0.233535286,0.154519772,0.107834132,0.086710611,0.071160452,0.080132453,0.123151167,0.13813707,0.106731064,0.078066766,0.069719509,0.067051174,1.268284972,0.251831452,0.298755904,0.222870366,0.071561163,0.117228154,0.084711569,0.076729655,0.217836728,0.216186979,0.217139586,0.225286063,0.252722397,0.291211143,0.446623712,0.071582819,0.071441235,0.925189764,0.145068053
LL283xLX024-1,Lecontei,0,2.001263364,0.047688262,-0.039317208,0.015878518,-0.002654822,0.011453096,-0.011877728,-0.013515742,-0.000148674,0.002361249,0.008052083,-0.01437326,-0.002442531,0.001483596,0.00059506,0.002446586,0.002997394,0.003010459,-0.002852849,0.004770879,-0.00193848,0.000313807,0.001936548,0.000994767,-0.001216272,0.002467925,0.003421481,0.001705861,-0.000460418,-0.001640992,0.005972154,0.001274075,0.003075767,0.002618783,0.000268535,0.001782722,0.001501567,0.000871819,0.001619992,0.00035694,0.002012899,0.001914957,0.001518502,-0.001631311,-0.003203193,-0.001375589,-0.000379015,0.001821781,-0.000636184,-0.000433301,0.00144516,-0.000859699,0.001235033,0.001609256,0.000644623,7.63E-05,0.0007549,-0.000312593,0.001174405,0.001937684,0.000764051,0.000633871,0.001147382,2.74E-05,0.000221716,-0.000968753,-0.000320827,-0.000599133,0.000106107,0.4397,0.5921,0.3901,0.8409,0.5647,0.9853,0.7472,0.948,0.8853,0.9647,1.0171,0.9718,1.125,0.9774,1.1988,0.9906,1.2636,0.9975,1.3226,1.0139,1.4597,1.0054,1.5983,0.9366,1.6925,0.8361,0.9099,0.7702,0.975,0.8234,1.029,0.8171,1.0758,0.8663,1.1337,0.848,1.1615,0.9028,1.225,0.8663,1.2393,0.9139,1.2909,0.8758,1.3012,0.9345,1.3456,0.9837,1.3829,0.8782,1.462,0.9644,1.5467,0.8872,1.6298,0.8187,0.7131,0.6567,0.7139,0.6044,0.9115,0.7123,1.0306,0.7567,1.1353,0.7798,1.229,0.7956,1.2956,0.8052,1.3851,0.8136,0.485173165,0.241006494,0.167367201,0.120730858,0.083050647,0.086736036,0.073367295,0.139106075,0.131991098,0.108045222,0.074971194,0.065166326,0.061236917,1.276340017,0.287851229,0.312449308,0.223176432,0.052306118,0.109164555,0.093115949,0.066581229,0.209824546,0.209149229,0.209445076,0.225466716,0.253724437,0.287313383,0.409078782,0.065069578,0.071434725,0.940636646,0.122414787
LL285xLL279-1,Lecontei,0,2.01135798,0.067502818,0.017331481,-0.001828789,0.016759756,-0.007575538,0.004708609,0.013652855,-0.000535094,0.001852037,-0.001742221,-0.001575864,-0.009583682,0.00399395,-0.002339098,0.00442602,0.000388465,-0.003051407,-0.003829154,-0.002172834,0.002278609,0.001770309,0.006777485,-0.001915564,0.001980122,0.001150711,-0.003033278,-0.004206782,0.001520614,-0.001465884,-0.000173508,0.002223133,-0.001391778,0.001496274,0.001568837,0.002349221,7.89E-05,0.001537945,-0.002238733,-0.003214734,-0.000450247,-1.16E-05,0.001152476,0.000174654,-0.002353614,-0.002875896,-0.000305447,0.00180353,0.000567695,0.000367254,0.000487783,-0.000434811,-0.000254241,-0.000667067,0.000377302,0.000601468,0.001639055,-0.000764468,-0.000845085,0.000884372,-0.000142155,-0.001273611,-0.00085445,1.50E-05,0.001115511,-0.000196126,2.25E-05,-0.000133788,0.000882924,1.5059,1.0022,1.527,1.2886,1.7168,1.3598,1.8937,1.308,2.021,1.3069,2.1419,1.3242,2.2558,1.3346,2.3278,1.3447,2.3982,1.358,2.4694,1.3666,2.596,1.3421,2.7104,1.2803,2.792,1.1879,1.9951,1.13,2.0674,1.1785,2.1257,1.1807,2.1688,1.2303,2.2346,1.2195,2.2745,1.2659,2.3209,1.24,2.349,1.2929,2.3986,1.2551,2.4223,1.295,2.4781,1.3342,2.4795,1.2292,2.5809,1.3004,2.6564,1.2307,2.7168,1.1731,1.7967,1.0135,1.788,0.9283,1.9887,1.0426,2.1214,1.0933,2.2292,1.1246,2.3145,1.1419,2.39,1.158,2.473,1.1667,0.494453233,0.204855949,0.136526627,0.097677121,0.071199579,0.055970349,0.067452279,0.127304752,0.122131487,0.114373817,0.072704952,0.071645307,0.071717501,1.299437455,0.249386527,0.31521729,0.236486828,0.085643038,0.115605579,0.088701409,0.079153648,0.199932414,0.196788541,0.20144225,0.217856489,0.236019321,0.281890333,0.437334757,0.076642547,0.073322302,0.96051886,0.140992943
LL285xLL286-1,Lecontei,1,2.012486733,0.038652015,-0.03072654,-0.007124403,-7.20E-05,-0.007748022,-0.00034606,0.000936453,-0.001537991,0.008253891,-0.002955681,-0.004701083,-0.003897339,-0.003922841,-0.007171494,0.005033377,0.008693075,0.005145297,0.003407939,-1.70E-05,-0.006304155,-0.006055416,0.001186525,-0.002316675,-0.001580913,-0.003193169,0.000665549,-0.00403085,0.005078545,-0.004729718,0.000376368,-0.001130543,-0.000953374,0.00015322,0.002975544,0.00056971,-0.00092845,0.001462362,0.000297738,-0.001110702,-0.000154153,0.000793105,0.000765925,-0.000120136,0.002135005,-0.000216206,0.000623221,-0.000926058,0.002463496,0.00012395,8.92E-05,0.001077937,-0.000724234,0.001129932,-0.002525646,0.00030829,0.000784149,-0.001202013,0.000393579,-8.05E-05,7.10E-05,0.000590227,-0.000617883,0.000265435,0.000218439,7.52E-05,-4.70E-05,-0.000695042,-0.00046479,0.5139,0.7099,0.4909,0.9567,0.6504,1.0512,0.8448,1.0155,0.9877,1.0131,1.1139,1.0226,1.2266,1.0321,1.306,1.0353,1.3798,1.0417,1.4385,1.0483,1.5731,1.0171,1.6893,0.9639,1.788,0.8689,0.9925,0.8397,1.062,0.8901,1.116,0.8874,1.1742,0.9353,1.229,0.9202,1.2623,0.971,1.321,0.9425,1.3433,0.9861,1.398,0.9488,1.4071,1.0048,1.4628,1.0218,1.4755,0.9295,1.5517,0.9858,1.648,0.9155,1.7231,0.8546,0.7964,0.7274,0.794,0.6655,0.9897,0.769,1.1131,0.8139,1.2286,0.8381,1.3194,0.8516,1.3968,0.8587,1.4742,0.8628,0.491276948,0.229610387,0.143699304,0.106100801,0.070765104,0.061740829,0.04590098,0.142920153,0.126557062,0.113099691,0.079464457,0.074076987,0.059069874,1.283982792,0.261046452,0.318321551,0.216549763,0.061946509,0.117664098,0.09466409,0.077257297,0.18890405,0.198575426,0.202958345,0.217247186,0.235384367,0.285934013,0.411564636,0.066456753,0.06362586,0.948148522,0.138177458
LL286XLL247-V1,Lecontei,0,2.007482294,0.053465085,0.023569624,-0.000405635,0.015064717,0.01377521,0.006270643,0.021812323,0.003980667,-8.33E-05,-0.001252277,-0.000465157,-0.005897383,-0.002212564,-0.001570204,0.006500193,0.004031249,-0.001806414,0.002081095,0.000820869,0.004340805,-0.000632377,-0.001258849,0.00298223,0.00493981,0.00067498,0.001450938,-0.001596014,0.00394024,-0.00149373,-0.007877062,-0.001434007,-0.000425659,-0.002651102,0.002221326,0.000247908,0.002719227,-0.000526783,0.001250905,8.54E-06,-0.000248763,0.000938246,0.000891577,-0.000992305,0.000208321,-0.001056005,0.000496053,0.000909679,-0.00191005,-0.001103702,-0.000565422,-0.001114115,1.14E-08,0.000401857,0.002995413,0.000904675,-0.001111187,-0.001590647,0.000224458,-0.001100832,0.000198256,0.000838375,-0.000271553,-0.000543872,0.000999212,0.000537889,-2.39E-05,0.000300734,-0.000660911,1.5178,1.0129,1.5162,1.2465,1.7179,1.3522,1.9218,1.3069,2.048,1.3145,2.1667,1.3296,2.2573,1.3454,2.345,1.354,2.4141,1.367,2.4773,1.3741,2.6057,1.3614,2.7305,1.2893,2.8024,1.203,2.0142,1.1311,2.0789,1.1828,2.1393,1.1843,2.1839,1.2346,2.2357,1.2231,2.2817,1.2778,2.3234,1.2533,2.3551,1.3051,2.3982,1.2677,2.4284,1.3252,2.4773,1.3447,2.4876,1.2368,2.582,1.3204,2.6667,1.2454,2.7244,1.1845,1.8193,1.0038,1.8118,0.9261,2.007,1.0545,2.1332,1.1019,2.2325,1.13,2.3177,1.1516,2.3964,1.1645,2.4838,1.1782,0.485056749,0.198603625,0.135276384,0.096544498,0.071868769,0.049932154,0.044178388,0.126428636,0.119656592,0.091967386,0.088120656,0.070312232,0.063597563,1.298589685,0.252549896,0.316609349,0.248508873,0.07806113,0.10391535,0.092754137,0.076173486,0.196007806,0.196347167,0.202994089,0.210166125,0.229036678,0.266392192,0.436323756,0.080163895,0.077444496,0.948477369,0.146540268
LL286xLL255-V2,Lecontei,1,2.003553325,0.057408503,-0.018771142,-0.015874486,0.015165764,-0.002403511,0.004646494,0.020228634,0.001991802,0.003447736,-0.000338528,0.004467246,-0.010528424,-0.011912445,0.000898737,0.003942937,-0.000128383,0.003038328,-0.009090921,0.004873933,-0.004324556,-0.000562608,0.003511869,0.005259491,-0.001667613,-0.004050374,0.001779169,0.000685264,0.003242359,0.000405543,-0.004130525,-6.19E-05,-0.002737633,-0.00014501,0.003832116,0.00335453,-0.000888755,0.00097902,-0.00063574,0.003418625,-0.000738782,-0.002988409,0.002235713,-0.00112206,-0.000355925,0.000582955,-0.001437492,-0.002118283,9.87E-05,-0.001368615,0.00052397,0.000444483,-0.000121079,-0.00177458,-0.001441729,-0.00281258,0.000273959,-0.000670183,7.33E-05,-0.001090641,0.000737154,-4.16E-05,0.001260199,-0.000558173,1.16E-05,0.000302529,-0.000186998,-0.000795454,0.000307389,1.5113,1.0248,1.4806,1.2681,1.6402,1.3403,1.8301,1.3015,1.966,1.3112,2.1052,1.3328,2.2109,1.3447,2.2821,1.3565,2.3598,1.3716,2.4266,1.3835,2.5618,1.3662,2.6812,1.3065,2.7754,1.2289,1.9898,1.1419,2.0469,1.1904,2.1073,1.1926,2.1516,1.2454,2.2098,1.2335,2.24,1.2853,2.2918,1.2627,2.3166,1.3058,2.3641,1.281,2.3932,1.3285,2.4396,1.3598,2.4417,1.24,2.5403,1.331,2.6352,1.272,2.6963,1.2073,1.7923,1.0146,1.7907,0.9504,1.9862,1.0613,2.1019,1.1081,2.2055,1.1411,2.2853,1.1591,2.3641,1.1775,2.445,1.1882,0.462425367,0.225779206,0.145387242,0.09895312,0.066145068,0.061324873,0.054526782,0.136245734,0.140865894,0.106367758,0.072171185,0.079153648,0.067851676,1.280470859,0.25392174,0.333884561,0.248560858,0.064219935,0.110358779,0.087043897,0.074580024,0.196164854,0.196888293,0.199956795,0.216353831,0.244373526,0.286466839,0.417938105,0.081996158,0.0575,0.941333612,0.136810599
LL286xLL288-1,Lecontei,0,2.149719565,0.041842338,-0.026198702,0.012359195,0.00647854,0.000145319,-0.003084897,-0.011916775,0.008919027,0.009835664,0.004074864,-0.002245429,-0.004967772,0.002816362,-0.002582839,0.002575634,0.003229275,0.001504743,0.002975679,-0.001890484,-0.001307367,-0.001360067,0.004368759,0.001968253,-0.002931859,0.005063119,-0.000400808,-0.005350682,6.69E-05,-0.000711367,0.004113963,0.004078998,-0.002824463,-0.001718395,-0.002404926,0.001133527,0.003039181,-0.001850182,-0.001177776,-0.002464158,-0.001247617,0.001023824,0.002305796,-0.002322977,-0.001069542,0.001429147,0.001111994,0.001321932,-0.002363939,0.001153792,-0.00055288,0.000735696,-0.00040064,-0.000302911,-0.000484556,-0.00041215,0.000856039,0.000477051,-0.00083859,0.000125239,0.000584205,0.000217544,0.000225713,0.000679969,-4.49E-06,0.000597541,-0.000733046,0.000364579,-0.000210024,0.3745,0.5411,0.3501,0.8046,0.5353,0.9507,0.7279,0.8925,0.8885,0.894,1.021,0.906,1.1385,0.916,1.2263,0.9266,1.2964,0.9385,1.3567,0.9409,1.5017,0.9194,1.6255,0.8454,1.7239,0.7374,0.8909,0.6901,0.9639,0.7515,1.0284,0.7419,1.0792,0.7959,1.1353,0.779,1.1745,0.8329,1.2327,0.8012,1.2552,0.8528,1.3163,0.8171,1.3369,0.8599,1.3909,0.9012,1.4187,0.806,1.4996,0.8718,1.579,0.7917,1.6575,0.7218,0.6813,0.5761,0.6811,0.506,0.8948,0.6202,1.0302,0.6714,1.1385,0.6964,1.2353,0.7131,1.32,0.7216,1.4205,0.73,0.540375471,0.259874508,0.161218516,0.124536139,0.090562741,0.079256861,0.088420642,0.160607005,0.133042287,0.117924764,0.088437549,0.071102883,0.060347742,1.363603333,0.287222631,0.312814642,0.210519833,0.070100285,0.11315485,0.099897948,0.08509859,0.220338943,0.225398957,0.224808029,0.240288181,0.263874307,0.319378929,0.467991164,0.068207917,0.07103478,0.999963299,0.146330038
LL286xLL288-2,Lecontei,0,2.037403401,0.038301645,-0.005519485,0.002883004,0.003658927,0.005759287,-0.00788877,0.008198262,0.014453645,0.003607415,-0.002092066,-0.00110476,-0.001544048,-0.004491586,-0.001020021,0.002395122,0.004298805,-0.000144384,-0.003444602,-0.003817896,0.001679442,-0.00088932,0.000880935,-0.000658701,-0.00693412,0.002317597,-0.004277564,0.003332369,-0.001635651,-0.000787233,-0.000110583,0.000472567,-0.00311003,-0.00221645,-0.000499294,0.000612334,0.000860023,-0.000115029,-0.002404693,-0.000958553,-0.000386833,0.00081778,0.00104849,0.001218306,0.002353671,-0.001422537,0.000273975,-0.000283181,-0.00068078,-0.002323005,-0.000196124,-0.000352104,-0.001892834,-0.000234278,-0.000695468,-0.000567168,0.000282792,0.000906792,-3.76E-05,0.001156816,0.000618947,0.00058399,0.001249081,-0.000422446,-0.000324096,-0.000105548,5.04E-05,-0.000550863,0.000878363,0.3857,0.6865,0.3827,0.9062,0.5731,1.0332,0.7607,0.994,0.9139,0.9803,1.0374,0.9827,1.1499,0.9943,1.2313,1.007,1.2956,1.0102,1.3607,1.0163,1.5004,0.9888,1.6052,0.9231,1.6856,0.8152,0.8948,0.7972,0.9626,0.8499,1.0218,0.8448,1.0702,0.8933,1.1298,0.879,1.1671,0.9234,1.2163,0.8972,1.2448,0.944,1.2933,0.9107,1.3179,0.9533,1.3742,0.9821,1.3734,0.8726,1.479,0.9552,1.5504,0.8837,1.6139,0.8028,0.6888,0.694,0.6877,0.6123,0.8964,0.7218,1.0234,0.7655,1.1329,0.7909,1.2165,0.8004,1.2991,0.8099,1.3726,0.8115,0.484502962,0.238145019,0.139197162,0.095227097,0.072956494,0.064430195,0.061113828,0.153811345,0.123523318,0.113096463,0.082384768,0.064379578,0.065385167,1.306255603,0.253842471,0.317432828,0.237237202,0.081707405,0.113285657,0.088393948,0.078174484,0.205145436,0.208435242,0.20501895,0.214260332,0.241100166,0.304150177,0.436222386,0.072764346,0.067493703,0.945588013,0.144676536
LL286xLL297-1,Lecontei,0,2.046503306,0.049350028,-0.011999098,0.003993163,0.004717542,-0.006752363,0.004976886,0.007240637,-0.006879425,0.000823907,-0.004068114,-0.00019297,-0.000127272,-0.007922549,0.000742394,-0.006151218,0.007384054,-0.000956103,-0.00018039,0.000177214,-0.000494019,0.000350762,-0.00166248,0.001858635,-0.001425618,0.002405269,-0.002034624,-0.000982187,-0.001175932,0.000303424,0.002465119,0.000660008,0.00037941,-0.001019584,0.001055214,0.001374011,-0.000426399,0.001997987,0.001471462,0.000100224,0.001549778,-0.000132105,0.000755677,-0.001766162,-0.001956005,1.17E-05,9.36E-05,0.001286822,-0.00059832,-0.000793409,0.001758348,0.00127855,-0.000317534,-0.000262578,0.000907874,-0.000952938,-0.002018858,0.000695486,-0.001034115,-0.000499211,0.000779818,-0.000215403,0.00047474,-0.000553655,0.000651878,-0.000277368,5.72E-05,-0.000137323,-4.91E-06,0.3792,0.6231,0.375,0.9025,0.5475,0.9766,0.7382,0.9385,0.8769,0.9533,1.002,0.9639,1.1187,0.975,1.2028,0.9832,1.2737,0.9959,1.3425,1.0001,1.4776,0.9795,1.5877,0.9033,1.6766,0.8028,0.8787,0.7615,0.9401,0.8197,0.9993,0.8155,1.0522,0.8631,1.1094,0.8525,1.1464,0.9022,1.1983,0.8726,1.2131,0.9337,1.2713,0.8821,1.2914,0.9456,1.352,0.9702,1.3599,0.8583,1.4607,0.9313,1.5401,0.8615,1.6131,0.7909,0.6734,0.6472,0.6745,0.5837,0.8813,0.698,1.0028,0.7401,1.1131,0.7671,1.2015,0.7819,1.2766,0.7914,1.3607,0.7956,0.49083977,0.225985066,0.147794452,0.112608525,0.077891784,0.050560261,0.053323353,0.139487383,0.125548278,0.117226703,0.084498817,0.072028467,0.068928078,1.309785803,0.266127582,0.321526266,0.232202153,0.063509527,0.116150807,0.091143952,0.073615555,0.20530828,0.205508345,0.210103427,0.225994358,0.247598566,0.279853283,0.412915742,0.064605418,0.063348244,0.961198107,0.155825351
LL286xLX022-1,Lecontei,0,2.025291314,0.037891908,-0.021445475,-0.004128271,0.009551501,-0.008830487,-0.002979444,0.002035621,0.002835287,0.004624778,-0.001491589,0.000988089,-0.000416101,-0.004820324,-0.005060631,-0.00360791,0.010775177,-0.003663269,-0.000333149,-0.003350217,0.000161556,-0.000641361,0.002753464,0.000590681,-0.00234339,-0.000579188,-0.000887827,0.003464701,-0.00165961,0.001210508,-0.003632162,0.002563961,-0.002385152,-0.000289331,-0.00045959,-0.004381292,-0.000493936,0.003466985,-0.000280853,-0.000528938,-4.77E-05,-0.003343128,0.001889409,0.001934029,0.00084632,0.000717563,-0.000803877,-0.001994895,0.0019475,-0.001902057,-0.001636671,-0.000168554,-0.001058944,0.001601111,0.000262898,-0.000770707,0.00068668,0.000353812,-0.000450641,0.000292935,-0.00010552,0.000749795,-0.000353579,0.000797552,0.000314521,-0.00011912,9.82E-05,-0.000213391,0.000406525,0.4385,0.6639,0.4525,0.9176,0.6081,1.0075,0.8104,0.9573,0.9485,0.947,1.0829,0.9496,1.1951,0.9575,1.2755,0.9649,1.3485,0.9713,1.4142,0.9734,1.5409,0.9425,1.6504,0.8742,1.7366,0.7708,0.9485,0.7636,1.0205,0.8187,1.0787,0.8134,1.1242,0.8578,1.1835,0.8462,1.2184,0.8896,1.2766,0.8655,1.2996,0.9131,1.3496,0.8766,1.3655,0.9258,1.4247,0.9496,1.429,0.8337,1.5242,0.902,1.5948,0.8321,1.6631,0.7599,0.7403,0.6655,0.7393,0.6062,0.9467,0.6985,1.08,0.7398,1.1837,0.7589,1.2821,0.7694,1.3552,0.775,1.429,0.7766,0.485586511,0.23788926,0.147122024,0.100662456,0.071786489,0.057131865,0.048572111,0.138483573,0.134425146,0.112477776,0.080739829,0.073280011,0.065733553,1.30249423,0.260344733,0.313965237,0.225073788,0.059308431,0.109812932,0.09507944,0.073839082,0.197355719,0.205946838,0.207245289,0.215701484,0.24540597,0.292498085,0.422202712,0.074303836,0.069740734,0.936498868,0.148872328
LL287xLX022-1,Lecontei,0,2.089526236,0.036704204,0.005397504,-0.010414523,0.003168994,-0.007357531,0.003722922,0.007381985,0.003310091,-0.001284391,-0.00452838,0.000661674,0.001573578,-0.004773294,-0.003353802,-0.000257529,0.006398814,0.001664662,-0.005290164,0.003356723,0.002620829,0.007571132,-0.002127142,0.001563931,0.003815154,-3.49E-05,0.000387626,-0.000147486,-0.002912495,-3.53E-05,0.001043867,0.00012326,-0.004652589,0.000251949,-0.001987094,-0.001123649,-0.002794767,-0.002954655,0.002015857,0.000757681,0.001246578,0.002859752,0.001144842,0.000397733,-0.000831324,-0.000317656,-0.002142362,-0.002812739,-0.001688429,0.002151906,-0.000842008,-0.000441733,0.001343265,-0.000307414,-0.000988493,0.001137506,-0.000332532,0.001412846,-0.000556579,-0.001217523,0.000839694,-0.000700571,-0.000813719,-0.000253065,3.81E-05,-0.000319447,-0.000367426,0.000317093,0.000113206,0.4999,0.7194,0.4925,0.9734,0.698,1.0456,0.9004,1.0012,1.0377,1.0075,1.1694,1.0194,1.2848,1.0311,1.3604,1.0321,1.4366,1.047,1.5123,1.0478,1.6456,1.0224,1.7493,0.9567,1.8266,0.844,1.0131,0.8226,1.0933,0.8837,1.1448,0.879,1.2115,0.9282,1.2639,0.9091,1.2988,0.9639,1.3544,0.93,1.3776,0.9861,1.439,0.9448,1.457,1.002,1.5237,1.0231,1.5142,0.8993,1.621,0.9694,1.6901,0.902,1.7462,0.8324,0.7972,0.7274,0.7933,0.6472,1.0139,0.7552,1.144,0.794,1.2615,0.8187,1.3515,0.8324,1.434,0.8398,1.5155,0.8419,0.506935992,0.211185345,0.135712195,0.100448245,0.068642844,0.049110488,0.049408097,0.137444462,0.132236531,0.115991595,0.075606613,0.077643094,0.075704227,1.332538198,0.254140827,0.317256757,0.242005723,0.080294769,0.122844699,0.092881968,0.085884807,0.205924865,0.205903497,0.209596231,0.220823232,0.23849935,0.270921114,0.409639659,0.081232506,0.080602295,0.970730369,0.15679493
LL288xLL022-1,Lecontei,0,1.940738526,0.035946044,0.01430462,0.034149475,-0.00038416,0.027498981,-0.010884524,0.007733972,0.004965121,-0.007552516,-0.006136878,-0.008129078,-0.00094555,0.008700253,0.005330063,-0.001239869,0.001558311,0.000852877,0.001886836,-0.003304173,-0.000847945,0.001100992,-0.000659897,-0.003788255,0.00112824,-0.000434565,-0.001275965,0.000885112,-0.001843597,0.00079947,-0.00105117,0.002306348,-0.003903715,0.001321739,-0.004945148,-0.000532294,-0.001110572,0.000378415,-0.000481452,0.0013663,0.002663855,0.000996642,-0.001397803,0.001347422,-0.00059692,0.002515627,0.001922546,-0.001490829,-0.000428645,-1.98E-05,0.001152637,-0.001042376,-0.000515213,9.42E-05,-0.000983325,0.000762339,-0.000974406,-0.001256584,-0.000753595,-0.001067825,0.000355563,0.000198219,0.00027171,-0.000144924,-0.000887628,0.000817665,0.000388061,-0.000262213,0.00010066,0.4504,0.6171,0.4575,0.8361,0.6599,0.9869,0.8694,0.9488,0.9869,0.9385,1.097,0.9448,1.1975,0.9522,1.2647,0.9488,1.3261,0.9536,1.3901,0.961,1.5266,0.929,1.625,0.8512,1.6956,0.7345,0.9446,0.7475,1.0017,0.8007,1.0546,0.788,1.1118,0.8374,1.1536,0.8155,1.2007,0.866,1.2459,0.8327,1.2798,0.8755,1.3173,0.839,1.3435,0.8795,1.3922,0.9308,1.3983,0.8078,1.511,0.8874,1.5745,0.8134,1.625,0.7261,0.7433,0.6409,0.7419,0.5753,0.943,0.6813,1.0509,0.7163,1.1525,0.7374,1.2446,0.748,1.32,0.7515,1.3993,0.7515,0.457689611,0.214887715,0.138592496,0.108414944,0.086259376,0.074839161,0.076115504,0.117950583,0.110280098,0.10077207,0.067285957,0.061587336,0.064426392,1.250722111,0.257664996,0.306202841,0.230816919,0.065614937,0.102748479,0.093888924,0.071677402,0.209701907,0.204903343,0.209561566,0.214697485,0.231233302,0.277440462,0.419688646,0.071097961,0.063080029,0.895882944,0.130353519
LL288xLL255v2-1,Lecontei,0,2.025792769,0.037177166,0.01928895,-0.008633788,-0.001357412,0.005628002,0.006155286,0.010030482,-0.012371017,-0.002992778,-0.007896977,-0.008003112,-0.003573322,0.00074257,0.00674836,0.000936934,0.002154448,-0.002611394,0.00152604,0.000702266,0.000730274,0.001321298,-0.001858335,-0.003948559,-0.004606284,0.0040973,0.000719058,0.002355069,-0.000512225,-0.004259935,0.000632692,6.78E-05,0.001396778,-0.001027024,-0.002927094,0.001565585,0.001111459,0.000944124,-0.001073384,0.000844972,0.000760295,0.000927568,-0.002711351,-0.000359842,-0.000542682,0.000114344,0.00123689,-1.04E-05,0.000526091,0.000995927,-0.00284971,0.001019594,-0.000190313,-0.000535896,0.000578247,7.84E-05,0.000748938,-0.000335351,-2.37E-05,0.000456719,-0.000497029,-0.00013144,5.58E-05,-0.001053606,0.000260235,-7.96E-05,-0.000450968,-0.000410068,8.18E-05,0.4286,0.581,0.4409,0.8313,0.6313,0.8991,0.852,0.8663,0.9663,0.871,1.0925,0.8861,1.1964,0.8983,1.2763,0.8999,1.3419,0.9078,1.4104,0.9179,1.5488,0.8909,1.6591,0.8163,1.7254,0.7131,0.9298,0.7052,0.998,0.7647,1.0575,0.752,1.1115,0.806,1.1647,0.7869,1.2067,0.8353,1.2552,0.7996,1.2893,0.8544,1.3298,0.8115,1.3583,0.852,1.4179,0.8885,1.4179,0.7853,1.5274,0.856,1.5972,0.7798,1.6591,0.7083,0.7179,0.5948,0.7147,0.5139,0.9313,0.6353,1.0581,0.6795,1.166,0.7033,1.2544,0.7143,1.3282,0.7214,1.4171,0.7218,0.49462877,0.178902348,0.110926011,0.082322597,0.063836432,0.047320714,0.058160124,0.114396591,0.127100157,0.104613814,0.079916018,0.066073974,0.069240595,1.303510894,0.25060008,0.315862454,0.243183963,0.080963263,0.112737971,0.091386761,0.075543166,0.196214424,0.185892065,0.192924856,0.19702307,0.212366405,0.244232451,0.394125107,0.066473529,0.071860003,0.96420056,0.138572039
LL288xLL287-1,Lecontei,0,2.082063508,0.03147924,0.003360235,-0.024332886,-0.002564362,-0.01569797,-0.002772643,0.006826278,0.004090344,-0.000274278,0.00582572,-0.001322389,-0.001302213,0.003450465,-0.010436938,0.011980343,0.003806082,0.001049024,-0.007927937,0.000230997,0.002298336,0.000688723,0.002825625,-0.004361272,-0.001273826,0.004249309,-0.002980258,-0.002379932,-0.000738129,-0.003399258,0.000661902,0.004152801,0.00635084,0.003533747,0.002455504,-0.000925369,-0.000313097,-0.000773902,-0.002223302,-0.003354317,0.001197089,0.000602123,-0.003089296,0.000993248,0.000557688,0.00075047,-0.001722496,-0.001207241,-0.002563589,7.98E-05,4.21E-05,-0.000457926,0.000297588,0.000498539,-0.001562817,-0.00131449,0.001320256,-0.000800458,-0.000764977,-5.67E-05,-0.002540718,-0.000970609,0.000822494,-0.000577696,0.000442496,0.000444316,-0.000134877,-0.000329461,-0.000572603,1.4946,0.9962,1.4763,1.2476,1.6866,1.3252,1.8776,1.2875,2.0264,1.2832,2.1516,1.3026,2.2648,1.3155,2.3501,1.3296,2.4184,1.3429,2.4951,1.3468,2.6223,1.3191,2.7362,1.2589,2.8164,1.1681,1.9915,1.1357,2.0832,1.1875,2.1501,1.1796,2.1954,1.2328,2.2587,1.2084,2.2896,1.2666,2.3587,1.23,2.3788,1.281,2.4306,1.2443,2.4536,1.2853,2.5049,1.3182,2.4968,1.212,2.5944,1.2681,2.6737,1.2114,2.7406,1.1575,1.7934,1.0232,1.7891,0.9288,1.988,1.0333,2.1505,1.0965,2.2598,1.1203,2.3547,1.1354,2.4277,1.144,2.4957,1.1494,0.51102816,0.189780004,0.111286702,0.082404369,0.05482928,0.056441563,0.067504074,0.148862117,0.12669412,0.113932656,0.086457504,0.0695829,0.076799089,1.332930925,0.245918299,0.322600945,0.243950753,0.094497884,0.112353905,0.102306207,0.073308253,0.197400912,0.201169381,0.201290884,0.211991816,0.224182292,0.277138593,0.409437675,0.076537572,0.078501592,0.978598968,0.145465494
LL288xLX022-2,Lecontei,0,2.066678407,0.046353191,-0.028993668,0.032710658,0.000165384,-0.001877414,-0.008205137,-0.013618437,-0.00491227,-0.000645581,0.005225675,-0.019106035,-0.010010986,-0.008584628,0.015727482,-0.005295237,-3.19E-05,-0.004179237,0.002549574,-0.003088325,0.000644892,0.00452892,0.00499955,0.001086586,0.000459122,-0.001399914,0.000495326,-0.005138067,-0.002489819,-0.001572616,0.00067258,0.002797452,0.000398137,0.003248059,0.001302168,0.001075219,0.001385057,-0.001561781,-0.001449212,-0.000377448,-0.000989492,-0.001759182,-0.000757233,-0.002145325,0.000675211,-0.000995285,-0.001469579,-0.002237441,-0.000275392,-0.001180781,-0.000651359,-0.00205592,0.000541566,-0.000730318,0.000770403,0.000307225,-0.000631648,0.001201663,-0.000106615,0.000961551,-0.001065174,-1.48E-05,0.000186687,-0.000533358,-0.000503182,7.48E-05,-0.000265919,-0.000536853,-0.000313058,0.3813,0.5782,0.3774,0.8861,0.5552,1.0168,0.7327,0.9644,0.8782,0.9734,1.0139,0.9829,1.1224,0.9954,1.207,1.0038,1.2684,1.0155,1.3425,1.0187,1.4806,0.9911,1.6054,0.9234,1.7033,0.812,0.9147,0.7829,0.9552,0.8163,1.0099,0.8147,1.0655,0.8631,1.1168,0.848,1.156,0.902,1.2131,0.8697,1.2401,0.9189,1.2898,0.8851,1.3099,0.9263,1.3589,0.9803,1.3851,0.8708,1.4774,0.9512,1.5567,0.8718,1.6242,0.798,0.6877,0.6599,0.6861,0.6075,0.916,0.7319,1.0102,0.7636,1.1181,0.788,1.2134,0.8028,1.2906,0.8091,1.3829,0.8091,0.47854213,0.257033558,0.174955451,0.130440025,0.099259861,0.091124201,0.09838135,0.145778085,0.136032129,0.109217673,0.085015998,0.0625048,0.074169064,1.342514968,0.28578331,0.323587206,0.226492494,0.052424422,0.111966513,0.098714639,0.078230748,0.213458005,0.21188924,0.213015868,0.221005995,0.247871015,0.296066107,0.429722352,0.080329384,0.070952449,0.957247021,0.120856485
LL289xLL286-1,Lecontei,0,2.029517422,0.040386127,0.027720111,-0.002828727,0.010175231,0.000898845,-0.011995889,0.00252287,0.002730844,0.001416657,0.004491711,-0.006352606,0.000570203,-0.001293355,0.002197155,-0.000654579,0.010932089,0.001122887,-0.000803112,-0.00078548,0.003353926,0.002048984,0.000136675,-0.006116284,0.00143839,-0.001933446,-0.001919673,-0.00070423,-0.00184307,-0.002342948,-0.000611196,0.004174668,-0.003044913,-0.000969266,0.000375836,0.000853214,-0.000850059,0.001429683,0.00070793,4.77E-05,-0.000477559,0.000729817,0.000305059,-0.000686294,-0.001533628,0.00088644,-0.000521596,0.002038121,-0.001277201,-0.000564226,-0.001117087,0.000701181,-0.000622221,-0.000488776,-0.000602216,-0.000444286,-0.00081143,0.001243119,0.000482839,-0.000286272,-7.67E-05,-0.000718302,1.73E-06,-0.000334568,-0.000779579,-0.001290798,0.000864851,-0.000538406,8.35E-05,0.4631,0.6702,0.4925,0.9202,0.7052,1.006,0.9001,0.9557,1.0372,0.9578,1.1484,0.9607,1.2649,0.9708,1.3411,0.9729,1.4056,0.9802,1.4659,0.9813,1.5938,0.9533,1.707,0.8718,1.7697,0.7766,0.9933,0.7806,1.0649,0.8292,1.1136,0.8197,1.1729,0.8694,1.2279,0.8525,1.2745,0.8938,1.3221,0.8663,1.356,0.9075,1.3962,0.8747,1.4187,0.9274,1.4758,0.9496,1.4689,0.839,1.5779,0.9144,1.6462,0.8345,1.6938,0.7731,0.7552,0.6718,0.7544,0.5845,0.9921,0.7,1.1155,0.7373,1.227,0.7603,1.3242,0.7722,1.396,0.779,1.47,0.7787,0.479172119,0.198358892,0.13154942,0.094530101,0.077596134,0.067075853,0.054400827,0.137116082,0.111237808,0.116936992,0.076228932,0.064911786,0.060310032,1.310925063,0.249326493,0.307204167,0.240348601,0.087303665,0.11891312,0.095205462,0.074574594,0.202641481,0.201522257,0.207264203,0.215262909,0.233989615,0.271747107,0.424361744,0.075980655,0.071329727,0.95814525,0.13458176
LL297xLL283-1,Lecontei,0,1.979724291,0.045834285,0.01087228,-0.001038978,-0.008126615,0.003423581,-0.008213018,0.006274364,0.01246779,0.00718035,0.001103045,0.003196942,-0.001507051,-0.007362118,0.003528323,-0.002878485,0.004048977,0.005491982,-0.002480481,0.00038414,-0.001633756,0.004474553,-0.002468896,-0.005962933,-0.001723068,0.002125004,0.003664181,0.002824402,-0.001763886,0.00032483,0.003735937,0.001577628,-0.000456475,-0.002653308,0.000781296,-0.000522699,0.000965343,-0.004493106,0.002911141,0.002805593,-0.000282181,-9.74E-05,-0.000132821,7.18E-05,0.000445265,0.000977907,-0.000730534,0.00014506,-0.000741529,-0.001535541,-0.000310446,-0.000171307,0.000537895,-0.00052761,2.56E-05,0.00067363,-0.000597286,-0.0002861,-0.000346292,0.000461547,0.000501112,0.000778497,0.000795493,0.000796305,-6.47E-05,-0.000851254,-0.001032798,-0.000143311,-0.000448362,0.4198,0.6976,0.4208,0.9017,0.6377,1.0065,0.7877,0.9671,0.929,0.9694,1.0567,0.9739,1.1631,0.9803,1.2472,0.9861,1.3086,0.994,1.3734,0.9959,1.5142,0.9665,1.6179,0.8935,1.6782,0.793,0.9131,0.7917,0.9853,0.8472,1.0258,0.8258,1.0917,0.8861,1.1438,0.8626,1.18,0.9134,1.2284,0.8779,1.2586,0.9276,1.302,0.8869,1.3269,0.9356,1.3824,0.9647,1.3782,0.8583,1.4861,0.929,1.5488,0.856,1.6036,0.7813,0.694,0.6821,0.6925,0.6099,0.9165,0.7179,1.0274,0.7536,1.1433,0.775,1.2321,0.7869,1.3081,0.7925,1.3779,0.7954,0.469844198,0.21561614,0.134545643,0.094518993,0.069001594,0.059600419,0.061200082,0.141318718,0.127779263,0.106592307,0.084299763,0.061906139,0.064827849,1.262010983,0.238743063,0.307024576,0.242270778,0.07221558,0.123605178,0.085972379,0.07414823,0.200550492,0.20295263,0.205340108,0.216934944,0.237175462,0.280517522,0.400368081,0.07551192,0.078619718,0.927082073,0.1438828
LL298xLL247-V2A,Lecontei,0,2.127030857,0.04716843,0.010056355,-0.017213165,0.010131784,0.008352497,0.009671942,0.009780206,-0.00075317,0.008070931,-0.011095804,0.000549623,0.009455502,-0.0005181,0.005684913,0.007659186,-0.0032922,0.001545188,0.003146232,-0.008446077,-0.001560604,0.001346908,-0.004536405,0.001677008,0.002488749,-0.00027941,0.001647509,0.006380935,-0.001447371,0.004211205,-0.001417423,0.005860213,0.001587485,0.001377268,-0.002507968,0.002745396,0.004214573,0.000637363,0.001982055,0.000756078,-0.000650629,-0.00036096,-0.001899722,0.001616736,0.001488399,-0.000721021,0.001703595,0.000296466,0.000473457,-0.002600517,-0.000101961,-0.000562821,0.002046238,-0.001785669,-0.000227202,0.000897742,0.001240178,5.94E-05,-7.22E-05,0.000534402,-5.15E-05,0.00146475,0.000103316,0.000330386,0.000436809,0.000132773,0.000174103,-0.000225129,-0.000452935,1.4725,1.0334,1.4845,1.272,1.6643,1.3396,1.87,1.3105,2.0369,1.3134,2.1807,1.3292,2.2785,1.3378,2.349,1.345,2.4137,1.3565,2.4874,1.3655,2.6338,1.3436,2.751,1.2781,2.8283,1.1641,1.9844,1.1293,2.062,1.1926,2.1232,1.1803,2.1778,1.2415,2.2325,1.2199,2.2785,1.2702,2.336,1.2371,2.3662,1.3037,2.4083,1.2519,2.4385,1.3058,2.4932,1.3292,2.5151,1.2206,2.6068,1.2983,2.685,1.2319,2.7546,1.1483,1.7758,0.9966,1.7751,0.9405,1.9829,1.0512,2.1228,1.1005,2.2335,1.1257,2.3387,1.1435,2.411,1.1526,2.514,1.1602,0.538496221,0.21429139,0.123380104,0.087747934,0.0676,0.044738462,0.0564405,0.166925193,0.144665407,0.09817739,0.070866706,0.065714078,0.074247492,1.362085214,0.26467055,0.318255385,0.242806631,0.056104367,0.116252527,0.104919445,0.073799255,0.207016062,0.20214292,0.203412217,0.210238174,0.229576175,0.282812482,0.414194942,0.075374598,0.080563267,1.0012997,0.157601555
LX024xLL247v1-1,Lecontei,0,2.089099437,0.029736425,-0.003566345,0.00480608,0.003465627,-0.021591933,-0.004019589,0.000645733,0.002446717,0.007077875,-0.00446134,0.007096167,-0.001450746,0.003786557,-0.002991459,-0.007845062,0.009757919,-9.45E-06,-0.001960783,-0.006373032,0.002607969,-0.007761909,0.00069612,-0.00327494,0.000445947,0.003435438,0.001242276,-0.00574045,-0.002098452,-0.002879411,-0.000396067,-0.001361357,0.002946857,-0.002860251,0.000336906,-0.002139963,-0.001884006,-4.59E-05,0.000549081,-0.001485157,-0.002429177,-0.002782266,-0.001108522,-0.000393151,-0.001012024,0.00097011,-0.001097566,0.001148939,-0.001582433,0.000764795,0.000622318,0.000813542,-0.000518277,0.002302149,0.000224562,0.000870017,-0.000480961,-0.000838779,0.000899795,-1.58E-05,0.000423702,0.0009522,-0.000260338,0.001019838,2.00E-05,0.000613503,8.01E-06,0.000364674,-8.20E-05,0.4091,0.6485,0.4329,0.9234,0.6028,1.0144,0.8012,0.9586,0.9536,0.9597,1.0615,0.9618,1.1896,0.9713,1.2959,0.9731,1.3673,0.9816,1.4329,0.9779,1.5586,0.9292,1.6517,0.8636,1.7321,0.7528,0.9253,0.7647,1.0078,0.8261,1.0671,0.8139,1.1179,0.8694,1.1782,0.844,1.2205,0.9075,1.2755,0.8642,1.3044,0.9155,1.356,0.8687,1.3806,0.9176,1.4417,0.9488,1.4329,0.8353,1.5234,0.8925,1.5925,0.8163,1.6615,0.7484,0.7099,0.6631,0.7083,0.5885,0.9258,0.6948,1.0671,0.7385,1.1813,0.7591,1.2766,0.7679,1.3579,0.771,1.4325,0.7746,0.512486214,0.230212988,0.144175587,0.108253037,0.070888998,0.058223792,0.065367347,0.15240397,0.107920434,0.128451781,0.106315239,0.071904172,0.065704262,1.327104928,0.24742516,0.310365736,0.220622596,0.074617156,0.115105256,0.099374695,0.080625678,0.203300394,0.211396334,0.221225134,0.23545558,0.248619569,0.29174578,0.438772219,0.070736978,0.075775524,0.966518624,0.154086015
LX025xLL247-V1,Lecontei,0,2.088131089,0.022060809,-0.022146438,-0.010012798,-0.010686001,-0.009594656,0.007603742,0.015555934,0.003795455,0.003841326,-0.002301691,-0.004749755,0.00054436,0.004711643,0.003427791,0.005289002,0.003939793,-0.001043346,-0.00699078,-0.001032275,0.00079023,-0.003417892,0.001681853,-0.003458505,-0.000851402,0.000427591,-0.001894892,-0.001940048,0.001385958,-0.002419523,-0.000260395,-0.000461799,-0.000996296,-0.001959007,-0.000378531,-0.000989922,-3.14E-05,0.000831454,-0.00064797,-0.000968759,0.000447587,0.000638997,0.000362392,0.00074472,0.000117773,0.001213335,0.003277952,0.000233292,-0.001884779,-0.000675621,-0.000751968,0.000465527,-0.000663179,-0.000345944,0.000349801,-0.000421281,0.000549716,-0.00156656,-0.001160782,9.23E-05,-0.00045768,-0.001559511,-0.001700231,-0.000298669,0.000185656,0.000102287,3.95E-06,0.000330568,0.000116571,1.4978,0.9966,1.4791,1.2368,1.6446,1.3303,1.8549,1.3047,2.0092,1.2983,2.1375,1.3166,2.2573,1.3263,2.3436,1.3328,2.4213,1.3414,2.4871,1.3447,2.6284,1.3159,2.7373,1.2449,2.8197,1.1483,1.9905,1.1278,2.0674,1.189,2.1321,1.1832,2.1875,1.23,2.2465,1.2174,2.2843,1.2648,2.3371,1.2357,2.3684,1.2778,2.4223,1.2443,2.4504,1.2853,2.4962,1.3172,2.4968,1.2098,2.5971,1.2729,2.6791,1.1969,2.7362,1.1397,1.8091,1.0351,1.8047,0.9601,1.986,1.0523,2.13,1.1003,2.244,1.1275,2.3371,1.1408,2.4153,1.1483,2.4957,1.1521,0.512897348,0.222892283,0.123829439,0.0999978,0.06716584,0.060332744,0.063198259,0.154432671,0.129598534,0.120192055,0.086544439,0.078174484,0.065882699,1.330576003,0.254333344,0.328704518,0.243047855,0.075128956,0.11940268,0.092429703,0.085632938,0.192791909,0.197942264,0.201936351,0.217027786,0.231941027,0.284416895,0.40333615,0.083941706,0.075440308,0.948656107,0.137731115
LX025xLL247v2-1,Lecontei,0,2.006248266,0.041380443,-0.032754349,0.018475431,-0.002313666,-0.003210113,-0.012899621,-0.001588336,0.009586366,0.003278833,0.008909732,-0.001687162,0.002575566,0.002550856,0.004001585,0.001867197,-0.002399224,0.001274088,-0.002233531,0.002759404,-0.002264569,0.002024708,-0.003654366,0.003692042,-0.003084892,0.004813066,-0.000811614,-0.001254194,-0.00380139,0.000747116,-0.00138175,0.000900901,0.001293533,-0.001646251,-0.001065271,0.002348266,0.000767491,-0.001467842,-0.000745251,-0.002037351,0.000605449,-0.001731533,0.00037569,0.000641884,0.001451475,0.000251587,-0.00062984,-0.000945821,-0.001337241,0.001781323,-0.000383728,0.000916816,0.000285352,0.000388744,0.000763305,0.000527356,-0.002085541,-1.91E-06,-0.000544109,2.18E-05,-0.00110321,0.000418283,0.0008312,-2.06E-05,0.000292102,-0.000214324,0.00040149,6.46E-05,-9.47E-05,0.4321,0.6028,0.3877,0.852,0.5782,0.9813,0.7417,0.9417,0.8956,0.944,1.0369,0.9522,1.1403,0.9642,1.2239,0.9687,1.289,0.9803,1.3512,0.9853,1.488,0.9589,1.5991,0.8827,1.6893,0.7806,0.9062,0.7459,0.9676,0.7978,1.0343,0.7914,1.0829,0.8454,1.139,0.8221,1.1718,0.8739,1.2279,0.8443,1.2501,0.8919,1.3036,0.8602,1.321,0.9009,1.3655,0.9493,1.3774,0.8377,1.4702,0.9163,1.5425,0.8433,1.6187,0.7687,0.7171,0.6417,0.7165,0.5869,0.907,0.689,1.0406,0.7348,1.1422,0.756,1.2269,0.7676,1.3067,0.7742,1.379,0.7766,0.480059038,0.255730112,0.162967604,0.116285167,0.095636499,0.081146041,0.085605841,0.153917186,0.141537733,0.104093996,0.083721025,0.066125411,0.062400641,1.269710471,0.268909985,0.317083617,0.226220888,0.054803285,0.109108112,0.091629962,0.077351794,0.210543416,0.211390847,0.214828117,0.22267135,0.254538091,0.301962547,0.417945272,0.07159588,0.068963179,0.920334765,0.130601876
LX028xLL255v2-1,Lecontei,0,2.013353798,0.028742431,0.024628025,-0.005129203,-0.002260942,-0.013130985,-0.007006326,-0.001223311,0.012572687,0.000693746,0.001259481,-0.016012373,0.0060525,-0.003719129,0.005057708,-0.000504451,-0.003254436,-8.69E-05,0.003729042,9.57E-05,0.002095186,0.000500284,-0.002017714,-0.004397145,0.000631542,-0.000220842,-0.004060916,0.003426472,-0.001662794,-0.002738748,0.003787855,-0.000791025,-0.001049268,0.000395354,0.000136593,-0.000967039,-0.003197642,0.002585052,-0.001181272,-0.000253835,-0.0012197,-0.000579216,-0.001998583,9.79E-05,-0.001532422,-6.59E-05,-0.001340221,0.000252554,0.000734869,0.000773996,-0.000424716,0.000808819,-0.001715394,0.000629417,0.000322335,-3.81E-05,0.001393031,-0.000633641,0.00079096,0.002321783,0.000475365,0.000184012,0.000423045,-0.000417362,0.000201372,6.62E-05,0.000570176,0.000246314,-2.72E-05,0.3746,0.6714,0.3975,0.9179,0.6298,0.9917,0.7996,0.9599,0.9433,0.9554,1.0713,0.9575,1.1853,0.9591,1.2639,0.9597,1.3286,0.9619,1.3964,0.9706,1.5115,0.931,1.6038,0.87,1.6714,0.7702,0.906,0.7821,0.9734,0.8306,1.0194,0.8187,1.0877,0.8671,1.1417,0.8536,1.1893,0.8954,1.2353,0.8615,1.2702,0.9065,1.3091,0.8702,1.338,0.9038,1.403,0.9406,1.3853,0.8393,1.4853,0.8993,1.5472,0.8306,1.6056,0.7659,0.6803,0.6874,0.6766,0.6091,0.9067,0.7131,1.0218,0.7472,1.1448,0.7687,1.2393,0.7758,1.3131,0.7782,1.3861,0.7782,0.482701077,0.20720473,0.128378542,0.091875568,0.063825465,0.053571728,0.058855501,0.143770442,0.128017225,0.114011228,0.07860229,0.064737393,0.068355907,1.300558219,0.226770038,0.294326383,0.220646187,0.078387371,0.127182153,0.093932795,0.074311036,0.192675504,0.188050233,0.191088697,0.202602295,0.222507281,0.269036522,0.385451683,0.065940352,0.068963179,0.942139714,0.135282297
LX028xLL258v2-1,Lecontei,0,2.033701579,0.02402193,0.025567345,-0.008564679,-0.012479198,-0.005348372,-0.004576173,0.003998734,0.011302895,0.003919292,-0.000429109,-0.010560676,0.009031214,0.004072709,0.001870167,0.001263791,0.00030194,-0.006714548,0.001194821,-0.002638784,-0.000564695,-0.000561149,-0.001994748,-0.003962668,-0.00185741,0.001061765,-0.001468343,0.003323343,0.000829293,-0.003255504,-0.002473253,0.003525701,-0.000831443,-0.000286131,0.000655494,-4.47E-05,-0.002161157,0.001259247,0.000934626,0.001409808,-0.000776495,-0.001694663,0.000105557,0.000157968,-0.001399549,-0.002168619,-0.001284418,-0.000570484,0.000567743,0.000798293,-0.001797957,-0.000363988,0.000479247,0.000446067,0.002354466,0.001042093,-0.001218852,-7.36E-05,-7.22E-05,0.000245616,0.000676332,-0.000525014,-0.00031985,-0.00043743,-8.09E-05,-0.000671472,0.000553828,-0.001334108,-0.000128247,0.3964,0.6745,0.4163,0.8935,0.6353,0.9972,0.8163,0.9687,0.9552,0.9786,1.0911,0.9877,1.2028,0.9972,1.2794,0.9964,1.3433,1.0067,1.4119,1.0135,1.5409,0.9774,1.6337,0.9107,1.706,0.8206,0.9123,0.8067,0.9964,0.8575,1.0496,0.8552,1.106,0.8996,1.1607,0.8869,1.2052,0.9313,1.2563,0.9032,1.2881,0.948,1.3335,0.9149,1.3573,0.9515,1.4149,0.9853,1.4094,0.8829,1.5091,0.9504,1.5689,0.8782,1.6324,0.812,0.706,0.6956,0.706,0.6202,0.9139,0.7313,1.0532,0.7738,1.1639,0.796,1.2604,0.8107,1.3382,0.8192,1.4094,0.8194,0.502906403,0.188308258,0.127916574,0.089351105,0.065943688,0.049175705,0.056947695,0.139252361,0.136204332,0.112103256,0.076604177,0.064724802,0.068936202,1.317724315,0.227693324,0.303072351,0.226016216,0.0754,0.115533978,0.096979637,0.07808156,0.194116099,0.186701044,0.195192239,0.20505787,0.227039732,0.256679801,0.383572014,0.074100742,0.072493379,0.946046616,0.13820076
LX037xLL255v2-1,Lecontei,0,2.088030891,0.025223433,0.004509053,-0.015278943,-0.003520877,-0.007730225,-0.001166909,0.004263621,0.008803996,0.004744228,-0.000949324,-0.010607832,0.001193738,-0.004331516,-0.000923352,0.002940239,0.006044893,0.003523007,0.001660832,-0.004486406,-0.001521099,0.004719975,-2.54E-05,-0.002789705,0.000787472,-0.005543138,-0.001805741,-0.003017271,-0.000207798,-0.005666957,0.002982883,-0.001603345,-9.85E-05,0.00205518,0.00027926,-0.001945087,-6.11E-05,-0.001119055,-0.00144657,0.000624007,-0.001592028,-0.001709665,-0.000576013,-0.002285963,-0.000817503,0.00011854,7.68E-06,-0.000653098,0.001014108,0.000842151,2.67E-05,-0.000693386,0.000749665,-6.87E-05,0.000605254,0.000521787,-0.000780305,0.001098964,0.001075438,0.000308885,-0.000597536,5.18E-05,0.000586538,-8.41E-05,0.000106791,0.000341727,-0.000389601,9.44E-05,-7.19E-05,0.3762,0.5452,0.3718,0.7776,0.5697,0.8792,0.7676,0.8451,0.9229,0.8594,1.0538,0.8692,1.157,0.8819,1.2403,0.8901,1.3091,0.9028,1.3869,0.9099,1.5163,0.8806,1.6202,0.821,1.7067,0.7282,0.9004,0.6853,0.9742,0.7385,1.0187,0.729,1.0869,0.7845,1.1464,0.7734,1.1813,0.8274,1.2446,0.7946,1.2705,0.8385,1.3187,0.8099,1.3382,0.8581,1.4001,0.8766,1.3972,0.775,1.4935,0.8406,1.5718,0.7724,1.6348,0.7152,0.6861,0.575,0.6845,0.4877,0.9028,0.6065,1.0208,0.653,1.1488,0.6861,1.2456,0.7028,1.3218,0.7123,1.398,0.7194,0.504832972,0.20777844,0.131333545,0.090937891,0.059671936,0.059787959,0.053337604,0.155956981,0.131266332,0.103978507,0.083702628,0.069962347,0.0781233,1.343026154,0.243880955,0.313018354,0.227694971,0.087314661,0.135198558,0.100462331,0.075663069,0.190823112,0.195589085,0.199816841,0.206277992,0.228441174,0.274242593,0.407984424,0.073065792,0.068589504,0.977152158,0.136228228
LX037xLL258v2-1,Lecontei,0,2.066721625,0.044817422,-0.016827448,0.023027019,0.010035102,-0.01001735,-0.01418095,-0.011773713,0.010100766,0.002497393,0.009685483,0.000270461,0.010479416,0.008160809,-0.00014947,-0.005351331,0.00440209,-0.005325615,-0.000174074,1.05E-05,-0.005399922,0.002994945,0.00425261,-0.003909819,0.002945186,0.00089784,-0.001310869,-0.004673099,0.003420603,-0.001338862,0.000213431,6.31E-05,0.003057932,-0.001026206,0.00032872,0.002291776,0.00299064,0.000575099,0.003561104,-0.001590743,-0.001809966,-0.002305382,0.000541551,0.000447816,-0.000180202,-0.001327246,-0.001035963,-0.000653018,-0.000989794,0.000444064,0.000289571,0.000503408,0.000340028,-0.001029073,-0.000924422,-0.000346305,-0.000242368,0.001209565,-1.39E-05,-0.000749643,-0.000113768,0.00022249,0.000470994,0.000201548,-0.000288049,-0.001028189,-0.000468597,-0.000134033,-3.68E-05,0.4052,0.5552,0.4075,0.8425,0.5933,0.9647,0.7718,0.9171,0.9131,0.9274,1.0607,0.9353,1.1687,0.9448,1.2591,0.9504,1.3171,0.9623,1.3766,0.9623,1.5142,0.9261,1.6247,0.853,1.7163,0.7467,0.921,0.7139,0.994,0.7615,1.052,0.7631,1.1086,0.8147,1.1684,0.7956,1.2049,0.8491,1.2636,0.8147,1.2816,0.8718,1.3308,0.8295,1.3496,0.8806,1.3956,0.9266,1.4179,0.8187,1.4917,0.8893,1.5702,0.8131,1.644,0.7361,0.7171,0.6067,0.7147,0.5433,0.9202,0.6433,1.0536,0.6901,1.1679,0.7165,1.2657,0.7316,1.3319,0.738,1.4181,0.7417,0.50783132,0.252092999,0.184574159,0.129764286,0.102317789,0.081757018,0.087926901,0.14167491,0.147811265,0.108417019,0.090573285,0.059208192,0.0595,1.325011494,0.270238358,0.306963451,0.209625213,0.06344541,0.120852017,0.097097116,0.068810464,0.224469619,0.224529731,0.234229033,0.243649913,0.275774437,0.31143057,0.438538391,0.073072909,0.067544504,0.949089211,0.142942401
NP068xPX013-1,Pinetum,0,1.854524564,-0.032482104,0.001446666,0.01540394,0.013784751,-0.008328794,0.004698988,0.004383327,-0.002493681,0.002797306,0.002501255,0.010263552,0.002653697,-0.012979529,0.005160014,0.009200497,-0.001465728,0.002953564,0.005982168,0.001813064,-0.00197437,-0.00314786,-0.002490409,-0.00180485,-0.00171869,0.000792174,0.006687129,0.000190737,-0.00366258,-0.000515563,0.000337759,-0.003475195,0.003004404,0.001606129,-0.004113857,0.000316442,0.001064837,0.000562777,0.001790791,0.001786881,-0.000725563,-0.000730209,0.001335362,0.000514195,-0.002618498,0.001417474,-0.001031053,-0.001299485,-0.000649247,0.000157379,0.000784279,-0.001794753,-0.000966296,-0.00088634,-0.001212912,0.001535448,0.000612611,0.00117861,0.001399782,0.00135371,-0.00089946,-0.001608014,-0.000728796,-0.000162619,0.000947117,0.000280427,-0.000878766,0.000277542,-0.000288143,1.528,1.0016,1.4806,1.2292,1.6478,1.3263,1.893,1.281,2.0369,1.2896,2.1447,1.3026,2.2339,1.3155,2.3073,1.317,2.3849,1.3155,2.4446,1.3105,2.5421,1.2742,2.6309,1.2069,2.6733,1.1178,2.0171,1.1372,2.0674,1.1818,2.1178,1.1789,2.1602,1.24,2.2087,1.2066,2.2416,1.2767,2.2929,1.2201,2.315,1.2713,2.3635,1.2287,2.3932,1.2546,2.4428,1.2816,2.4466,1.1958,2.5165,1.2346,2.5759,1.1753,2.6115,1.103,1.8193,1.0221,1.8139,0.9606,2.0151,1.0739,2.1163,1.1131,2.2062,1.1303,2.2904,1.1404,2.3515,1.1426,2.4444,1.1397,0.433479192,0.189945387,0.112031647,0.064490387,0.039556668,0.046344147,0.061462997,0.144156755,0.10858103,0.090127965,0.073415325,0.077614496,0.059909014,1.151179625,0.204143087,0.239743384,0.184633962,0.061736618,0.095026838,0.085275377,0.071121867,0.170800117,0.179913868,0.183989837,0.182946823,0.193537102,0.240413852,0.401653707,0.063547463,0.063431538,0.810212022,0.133775708
NP073xPX013-2,Pinetum,0,1.8519239,-0.041643551,-0.000199228,0.020562172,0.011946389,-0.000945432,0.009610354,0.010200813,-0.003342869,0.000931264,-0.005055999,0.009005366,-0.000534124,-0.002695314,0.000651503,0.004247003,-0.00011677,-0.000147106,8.32E-05,0.003748771,-0.008298029,-0.003867855,-0.001351522,-0.000724881,-0.002308363,0.001943467,0.003989907,0.003397374,-0.004331278,-0.002582073,0.000619111,-0.002961286,0.002739449,-0.002280072,0.001771467,0.004177952,-0.000222683,0.001203174,0.002190811,-0.002370762,-0.001027466,0.000752413,7.70E-05,0.002528359,0.000245581,0.00207845,-0.001277142,0.001023522,-0.001905038,-0.001563976,0.000588476,0.000167959,-0.0004206,-0.000571643,0.000243468,0.001490148,-0.000218714,0.000520418,-0.000604994,0.000315593,-0.0009008,-5.09E-05,-0.000450624,-0.000555763,-0.000177607,0.00068809,0.000538471,-0.000343905,9.01E-05,1.5707,0.9914,1.5227,1.2087,1.6672,1.3209,1.9491,1.2864,2.0671,1.2914,2.18,1.3044,2.2663,1.3209,2.3389,1.3231,2.4205,1.3231,2.4887,1.308,2.5858,1.2702,2.665,1.2077,2.705,1.1185,2.0455,1.1415,2.1009,1.1861,2.157,1.1825,2.1947,1.2465,2.2433,1.2098,2.2756,1.2735,2.3198,1.2206,2.3436,1.2681,2.3943,1.2271,2.4245,1.2573,2.4806,1.2783,2.4838,1.1947,2.5518,1.2384,2.6138,1.1764,2.6516,1.11,1.8625,1.0248,1.8608,0.9617,2.0415,1.0707,2.1537,1.1095,2.2436,1.1282,2.3177,1.1354,2.3896,1.139,2.4795,1.1375,0.441516851,0.174037266,0.110591727,0.059736923,0.048303727,0.055200453,0.065921468,0.118105885,0.113645985,0.087863189,0.072633326,0.0816,0.069851628,1.14139866,0.192928821,0.233957005,0.181665737,0.063122896,0.090515082,0.077258592,0.074783019,0.170748031,0.190953659,0.192489506,0.187326987,0.201462577,0.234657729,0.408050977,0.054072266,0.060009416,0.804585316,0.137050392
NP073xPX013-3,Pinetum,0,1.846388266,-0.046096527,0.009241051,0.029567295,0.00586473,0.003399516,-0.007618732,0.009102127,0.006034231,-0.001977648,-0.004741117,0.011865959,0.012667489,-0.001566307,0.000944874,0.003642887,-0.005717595,0.008114819,-0.001263872,0.002923486,-0.001306408,-0.003677479,-0.000162641,0.000796807,0.001338328,-0.000498682,0.002240236,-0.00185615,-0.002361996,-0.005857599,-0.001828791,-0.002444164,0.002722926,-0.000897408,-0.001536287,0.000853199,0.003138324,0.000555998,-0.000347244,0.001427424,-8.07E-05,0.000337885,-0.001482119,0.002075067,-0.003169665,0.001468345,-0.001532644,-0.000614278,0.001341307,-0.002297218,0.000192364,-0.000447683,0.000469242,0.001835563,0.000172242,-0.00048326,0.000243699,-0.000543592,-0.001396354,-0.000552905,-0.000868582,0.000575155,0.000443798,-5.67E-05,0.000120776,-0.000437198,9.09E-05,0.000129773,0.000168041,1.5566,0.9633,1.4968,1.1588,1.6629,1.2997,1.9272,1.2767,2.0645,1.2832,2.1724,1.3019,2.2501,1.3119,2.3314,1.317,2.4051,1.3155,2.4633,1.3053,2.5577,1.2648,2.6332,1.2039,2.6818,1.1057,2.0304,1.1232,2.0879,1.1706,2.1359,1.1634,2.1753,1.2238,2.2282,1.1942,2.2573,1.2659,2.3091,1.2098,2.3371,1.267,2.383,1.2136,2.4153,1.2416,2.4558,1.2794,2.4552,1.1704,2.5318,1.2335,2.589,1.1731,2.6278,1.0992,1.8438,1.0092,1.8402,0.9401,2.0271,1.0552,2.1336,1.0948,2.2249,1.1138,2.3042,1.1214,2.3781,1.1235,2.452,1.1208,0.427414179,0.184966186,0.115005739,0.078153823,0.046560069,0.050323851,0.074600603,0.137453774,0.109508447,0.078340858,0.081459806,0.073715263,0.059087054,1.134174942,0.201776163,0.235655787,0.181124957,0.069193714,0.097303289,0.082390351,0.073997635,0.184845719,0.19905562,0.198032977,0.19528917,0.200672295,0.242986131,0.400933224,0.054389797,0.053872813,0.803508911,0.149242253
NP077xNP085-1,Pinetum,0,1.897449342,-0.050849063,-0.001789936,0.027467033,0.007682212,-0.023602027,0.012020557,0.003821097,0.004163404,-0.000670392,0.000173166,-0.00534001,0.004667634,0.008960227,0.004096047,0.000364153,-0.003026786,0.00193349,-0.000562084,-0.002276707,0.001033064,-0.006058204,0.001865677,-0.004687628,0.000870401,0.000210148,0.004519325,-0.000718926,-0.001296002,-0.003905321,-0.002407702,-0.002316608,-0.001729635,0.000412696,-0.003834529,0.000886429,-0.000868352,0.003080982,0.001223072,0.00198086,0.001802106,0.000775588,-6.70E-05,0.000780635,0.001479604,-0.001378743,0.0015618,-0.000208322,-0.002212086,-0.000811611,0.000686132,0.00010652,0.001193716,0.000615817,-0.000376705,0.000681813,-0.001080091,0.000443725,-0.000271344,-0.000203036,-8.47E-05,-0.000888524,0.000752879,0.000767471,0.000495706,-0.000615581,0.001082883,8.51E-05,-2.27E-05,1.5306,0.9513,1.4914,1.2098,1.6424,1.3252,1.9175,1.2875,2.0512,1.2918,2.1526,1.3058,2.2551,1.322,2.336,1.3263,2.4202,1.3263,2.4806,1.3145,2.5793,1.2697,2.6499,1.2082,2.6902,1.1214,2.021,1.1343,2.0743,1.1825,2.1275,1.1904,2.18,1.2371,2.2296,1.2141,2.2634,1.2789,2.3202,1.2292,2.3497,1.2652,2.3993,1.2292,2.431,1.2522,2.4779,1.2859,2.4806,1.198,2.5469,1.2379,2.5944,1.1807,2.63,1.1143,1.8474,1.0329,1.8468,0.9741,2.0167,1.075,2.1278,1.1127,2.2271,1.1311,2.3139,1.1408,2.3937,1.1435,2.4779,1.1413,0.463993373,0.184885072,0.111714368,0.07396249,0.043891913,0.06261709,0.074882909,0.133769129,0.102361907,0.103772299,0.081014196,0.0842,0.061541856,1.172009458,0.185180183,0.223158509,0.169606987,0.058803061,0.104814598,0.091849714,0.0791,0.173221044,0.191690193,0.190501654,0.189921931,0.194793147,0.234514157,0.406264163,0.060617242,0.061939487,0.795649596,0.129409776
NP078xNP060-V2,Pinetum,0,1.844655224,-0.044748129,0.021379481,0.016155871,0.007530145,-0.003461811,0.011845279,0.001963275,0.007944661,0.006717598,-0.003041557,0.007919546,0.005121799,-0.003983371,-0.00531747,0.0060091,0.004940903,0.002035331,-0.002014215,0.003284057,0.008544018,-0.002921104,0.001329633,-0.00012987,0.000385132,0.001151803,2.00E-05,-0.000342514,0.003203029,0.000588926,0.003003377,0.000356951,0.002139945,7.10E-05,-0.001847046,-0.000301025,0.002030269,-0.002747978,-0.005996008,0.002666739,0.000607241,0.001724941,0.000357518,0.00066561,0.000597034,0.002708597,-0.001407045,-6.52E-05,-0.00057771,0.000375035,0.000462764,-0.001198389,-0.000983537,-9.10E-05,-0.001391709,0.000585176,-0.000696438,0.000608595,0.001396816,0.000738583,0.000631692,0.0007816,-0.00129641,-0.000144209,1.15E-05,9.82E-05,0.000622277,-0.000122954,0.000330601,1.534,0.9752,1.491,1.1746,1.6658,1.3047,1.9207,1.2681,2.0566,1.2724,2.1447,1.2803,2.2447,1.3019,2.3195,1.3119,2.3964,1.3148,2.4569,1.3083,2.5448,1.2713,2.6278,1.2055,2.6634,1.1192,2.0149,1.1329,2.0782,1.1861,2.1264,1.1731,2.1659,1.2235,2.2184,1.199,2.2501,1.2645,2.294,1.2199,2.3234,1.2767,2.3684,1.2325,2.4008,1.2594,2.4601,1.2763,2.4662,1.1839,2.5252,1.2271,2.5748,1.1767,2.6072,1.1106,1.8269,1.0182,1.8233,0.9419,2.0086,1.0566,2.1192,1.096,2.2149,1.117,2.2904,1.1264,2.3587,1.1314,2.4608,1.1307,0.454172533,0.164780703,0.088962071,0.060627387,0.037787829,0.035415392,0.055574455,0.135968011,0.088453491,0.102306207,0.075465489,0.076954662,0.060848172,1.138543087,0.192873974,0.207542598,0.163037174,0.076384881,0.0955762,0.07843577,0.075459393,0.177642816,0.18470758,0.18135253,0.177749627,0.187178311,0.229038556,0.39551244,0.056854199,0.060319483,0.80184718,0.149526519
NP078xNP060v4-1,Pinetum,0,1.831134097,-0.040998509,0.023295189,0.008519669,0.022032096,-0.005053249,0.005228372,-0.005980267,-0.000455768,0.007786167,-0.008410717,0.00125909,-0.001292822,-0.004533955,0.00279174,-0.002001417,0.005686792,0.004302087,0.002808941,0.001266141,0.002993562,-0.000788234,-0.003231705,-0.006593179,-0.00285114,-0.00219549,-0.001262772,0.000231179,-0.001015225,0.002792675,0.000452256,0.004483106,-0.000334496,-0.00124835,0.001807221,-0.000862145,0.001076023,-0.001513369,-0.00352104,-0.001325422,-0.002575646,0.00107628,-0.000324128,-0.000711323,-0.002412508,-0.002184191,0.000508084,0.001098781,0.000965824,0.000607002,-0.000788073,0.001501991,0.001687738,0.000190226,-0.000527319,0.001035298,-0.000185415,0.000285515,-0.001063203,-0.000782771,0.000569974,-0.000163431,0.000344699,-0.001005952,-1.45E-05,-5.34E-05,0.000215829,0.000137584,-1.30E-05,0.473,0.7214,0.4504,0.9374,0.5996,1.0422,0.879,0.9933,1.0012,0.9964,1.0901,1.0107,1.194,1.025,1.2663,1.0306,1.3306,1.0353,1.3948,1.0226,1.4909,0.9845,1.5607,0.9266,1.5988,0.8369,0.9631,0.8655,1.0179,0.9107,1.0583,0.8964,1.0992,0.9472,1.1583,0.9282,1.1905,0.9726,1.2409,0.944,1.2671,0.9837,1.3095,0.948,1.3345,0.9734,1.397,0.9896,1.4049,0.9062,1.4631,0.9504,1.5115,0.8873,1.548,0.8321,0.7512,0.7417,0.7491,0.6729,0.9649,0.7948,1.0583,0.8226,1.161,0.8438,1.2361,0.852,1.3067,0.8552,1.4022,0.853,0.443670745,0.152989052,0.087311969,0.064148733,0.052516759,0.046906823,0.062022738,0.122239314,0.090042768,0.104879455,0.07251655,0.064471544,0.065444098,1.131709278,0.182833722,0.205911874,0.157129883,0.068832042,0.104934456,0.084097562,0.068716519,0.169761362,0.179992555,0.178048898,0.181335104,0.182939471,0.216289297,0.398412776,0.051026268,0.062969278,0.814607789,0.134463415
NP078xPX013-1,Pinetum,0,1.886400918,-0.033550318,0.016388347,0.002647874,0.014706828,-0.006962292,0.015780652,0.005608584,0.002852767,-0.007236671,0.002171133,-0.007834628,-0.005394982,0.000756949,-0.002127175,0.007462445,0.008538334,0.004449776,0.006048371,-0.000531334,0.003107457,-0.00303271,-0.003948201,-0.003592825,-0.002798702,-0.003099152,-0.002464662,0.004638573,-0.004249347,-0.00249161,-0.001859848,0.002395518,0.001396748,-0.001014515,-0.00151123,0.002033813,0.002367802,-0.000908788,-0.000260104,-0.001998769,0.000293488,0.002039925,0.002432426,-0.003424126,0.003819052,0.001564769,-0.000886928,-0.000232681,0.000451081,0.000144044,0.001283038,0.000609584,-2.89E-05,-0.001540079,0.00182114,0.000857104,0.000346715,-9.17E-05,1.96E-05,-9.80E-05,-0.000304341,-7.55E-05,-0.000139632,-0.000409483,-0.000608057,5.27E-05,-0.000120966,-0.00036835,0.00031811,1.5243,0.9957,1.4968,1.226,1.6769,1.3177,1.9542,1.2702,2.075,1.2756,2.1634,1.2864,2.2573,1.3004,2.3382,1.3069,2.4167,1.3101,2.4811,1.3007,2.582,1.2709,2.6668,1.2055,2.7064,1.1214,2.0254,1.1386,2.0836,1.1839,2.1386,1.1764,2.1828,1.2303,2.2346,1.2087,2.2735,1.253,2.3231,1.2217,2.3533,1.2508,2.3954,1.2325,2.4191,1.2573,2.4849,1.2584,2.4833,1.1834,2.5545,1.2287,2.6111,1.1737,2.6478,1.1106,1.8425,1.0275,1.8382,0.9498,2.0218,1.066,2.1347,1.1027,2.231,1.1221,2.3224,1.1307,2.395,1.135,2.4817,1.1321,0.460086351,0.149626201,0.092102389,0.059359666,0.050091916,0.058096644,0.052854517,0.120920635,0.089057285,0.094937927,0.081160705,0.078565196,0.065082409,1.188764443,0.194488072,0.231554767,0.184826026,0.077818892,0.101288153,0.089449707,0.073102189,0.168601068,0.181041017,0.181758356,0.177663305,0.182916648,0.215098582,0.401706485,0.059586911,0.064138366,0.82541432,0.123079365
NP081xNP060v4-1,Pinetum,0,1.876030326,-0.052158963,0.008668251,-0.009489662,-0.004497689,-0.007286293,-0.013779322,0.016023644,0.006395893,-0.001250768,-0.004077338,0.00889312,-0.007659391,-0.000724588,-0.005501655,-0.008656789,0.001810505,0.009044442,0.005769183,0.0066789,-0.000508426,0.003516088,-0.005610082,-0.000434302,-0.003965361,0.001949956,0.000497467,0.00107644,0.00222258,-0.000768927,0.00316038,0.00492918,-0.000572096,-0.002456526,0.002969038,-0.003700486,-0.002663965,0.001980483,0.003298907,0.004323025,0.001934785,9.83E-05,0.000456075,-0.001182219,0.003643506,0.000858361,0.000306978,-0.001679952,-0.001013549,-0.001650123,-0.001730408,1.84E-05,0.001198957,-0.000221575,4.34E-05,-6.06E-06,0.000777617,-0.000277381,0.000287079,3.78E-05,0.000255876,0.000121787,0.00121213,-0.000322469,-0.000153402,5.49E-05,-0.000635077,0.000808966,5.59E-05,0.4833,0.7143,0.4258,0.8734,0.5877,0.9996,0.8753,0.9652,0.9843,0.9716,1.0909,0.9858,1.1821,1.0012,1.2679,1.0118,1.3536,1.0149,1.4202,1.0033,1.5123,0.9591,1.5853,0.902,1.6266,0.8163,0.9628,0.8401,1.0258,0.8956,1.0718,0.8813,1.1298,0.9226,1.1745,0.9107,1.1988,0.9541,1.2615,0.9234,1.279,0.9631,1.3337,0.9266,1.3628,0.9496,1.4221,0.9721,1.3766,0.8901,1.4853,0.9274,1.5329,0.8718,1.575,0.8067,0.7578,0.7147,0.7567,0.6586,0.9631,0.7679,1.071,0.8012,1.1734,0.8202,1.2647,0.829,1.3393,0.8306,1.379,0.8321,0.416809837,0.152663879,0.086592436,0.074212196,0.049972993,0.049948974,0.065944901,0.109187728,0.10754162,0.092491081,0.086452299,0.085756049,0.067602663,1.147840969,0.182910716,0.260665379,0.209038992,0.056110783,0.106825325,0.087922068,0.072270879,0.176087705,0.194759852,0.190985863,0.185012459,0.19118852,0.215954,0.380581135,0.052485427,0.060479749,0.831593951,0.145575891
NP086xPX014-1,Pinetum,0,1.854464393,-0.052682101,0.004579223,0.007265607,-0.002378006,-0.006632045,0.007763331,-0.014197703,-0.004022946,0.010634902,-0.008434776,-0.006559,-0.003977464,0.002919256,-0.008724573,0.000686221,0.005107448,0.005260289,0.003071798,-0.00284951,-0.000530518,-0.000479239,-0.002230931,0.00280473,0.002149214,0.002425718,0.001457941,-0.000107615,0.000101882,-2.84E-05,0.000663681,-0.00171687,0.000245589,0.001158772,-0.001820299,0.001911263,0.000276291,-0.000340466,-0.000315052,-0.001417366,0.001734765,-0.001915459,0.000793626,0.001086954,-0.001936177,-0.001018658,-0.001844458,-0.000725982,-0.001416804,0.001863849,-0.000731413,0.001146452,-0.000714158,-0.000869834,-0.00145025,0.000231318,0.00027106,-0.000664711,-0.000262315,-0.00091055,-0.001088148,-0.000227879,-0.000247994,-7.19E-05,-0.000523675,-0.00074934,-2.60E-05,-7.65E-05,0.000525563,0.4905,0.6595,0.4485,0.8631,0.5967,0.9943,0.8742,0.9552,1.0004,0.9607,1.0948,0.9742,1.1806,0.9837,1.2567,0.9829,1.3393,0.9917,1.4099,0.9829,1.5007,0.943,1.5737,0.8869,1.6208,0.7996,0.9626,0.8266,1.0234,0.8694,1.0755,0.8663,1.1157,0.9165,1.1718,0.8885,1.1983,0.9425,1.2554,0.9022,1.2755,0.9435,1.3306,0.9086,1.3549,0.9414,1.4187,0.9536,1.4245,0.8776,1.479,0.902,1.5258,0.852,1.5754,0.7901,0.7607,0.7115,0.7599,0.6583,0.9607,0.7607,1.0758,0.7972,1.1705,0.8144,1.2536,0.8197,1.3274,0.8218,1.425,0.8157,0.464707015,0.15605294,0.094152483,0.061368559,0.044841164,0.043655469,0.052663555,0.126319793,0.095360422,0.08632433,0.076104205,0.083067442,0.071146328,1.13894956,0.187049646,0.211228999,0.149489565,0.053206015,0.098825756,0.084715111,0.075471849,0.167880463,0.175930952,0.179513231,0.176823443,0.180048355,0.21286733,0.373537468,0.046383294,0.059265673,0.826082012,0.132304573
NP089xNP060v2-1,Pinetum,0,1.928256904,-0.063190063,-0.001855352,-0.000150434,-0.00385205,-0.009540705,0.012709479,-0.0085729,-0.000572032,0.011889125,-0.011134444,-0.007789263,0.005650999,-0.000933162,-0.001477642,0.001099526,-0.003058827,0.006020486,-3.59E-05,0.001710329,-0.000823127,0.001037129,0.000156058,-0.000884534,0.000186871,0.002507087,-0.000488603,-0.002333173,-0.002743026,-0.002139519,0.002960162,-0.001044123,-0.000842493,0.000953062,0.00107962,0.001975438,-0.000964496,7.09E-05,0.001052489,0.000608274,-0.00061629,-0.00101746,-0.000831855,-0.001478196,-0.001099025,-0.000545822,-8.85E-05,0.00107584,-0.000807031,0.00099403,-0.000232257,0.001248513,0.000634656,0.000345402,0.000181354,0.000943409,0.000340307,-0.001359536,-0.000806741,-0.000782744,8.73E-05,0.000412459,-9.12E-05,-6.67E-05,0.000252118,3.33E-05,-0.000990566,0.000100932,-0.00050125,0.504,0.6532,0.4459,0.8552,0.5909,0.9769,0.8837,0.9456,1.0239,0.9573,1.1332,0.975,1.2274,0.9861,1.3028,0.9869,1.3817,0.9948,1.4571,0.9817,1.5504,0.9377,1.6226,0.8853,1.6718,0.798,0.9885,0.8242,1.0464,0.8687,1.1004,0.8623,1.1512,0.9123,1.2067,0.8917,1.2361,0.9512,1.2909,0.9028,1.3123,0.952,1.37,0.9049,1.398,0.9308,1.4615,0.9499,1.4684,0.8716,1.525,0.9036,1.575,0.8464,1.6206,0.7919,0.7882,0.7152,0.7851,0.6538,0.9909,0.7567,1.1009,0.789,1.2078,0.807,1.2898,0.8155,1.3708,0.8176,1.4687,0.8155,0.482235181,0.160377679,0.091412308,0.065232584,0.035968041,0.036169877,0.066043092,0.140687348,0.110723891,0.094851726,0.075404244,0.079294514,0.076529537,1.176742912,0.185078497,0.216306542,0.154807396,0.061478208,0.110290752,0.084928499,0.079127871,0.166604322,0.182445855,0.181653847,0.18381828,0.185078065,0.217198181,0.376971153,0.051562098,0.061473328,0.846836383,0.146579705
NP091xPX013-1,Pinetum,0,1.819209842,-0.044367239,-0.010282903,0.015904351,0.015824601,-0.018276098,-0.021028798,0.005029469,-0.001556592,0.008709825,-0.001981113,0.001290184,0.009926483,-0.004670824,0.000337135,0.005722573,-0.007968519,0.005342051,-0.000369415,0.004958993,0.00025153,0.001423103,0.00472214,-0.003809855,-0.001840584,0.003205744,-0.000147835,0.000939506,0.000198089,-0.004217823,-0.000516515,0.001135201,-0.001912243,-0.000334403,-0.001253348,0.000665922,0.0037806,0.001647853,-0.002060823,0.000870101,-0.000873639,0.000330294,-0.000805462,0.001190346,-0.000381401,-0.001608031,-0.00048758,-0.000432739,7.33E-05,-7.90E-05,0.001664598,-0.001653774,0.000278596,-0.001186725,-0.000549694,0.000852143,-0.000850914,-0.000715812,-1.08E-05,0.000218482,0.000192882,0.000549531,0.000451581,0.000127639,-0.000487377,-0.000828788,0.000578538,0.000121803,0.000159477,0.4962,0.643,0.4337,0.8747,0.566,0.9933,0.8274,0.9599,0.9671,0.9591,1.0911,0.9716,1.1784,0.9811,1.2509,0.9858,1.3155,0.9877,1.3716,0.9813,1.4631,0.9456,1.5462,0.889,1.5959,0.7996,0.9586,0.812,1.0089,0.8549,1.0591,0.8528,1.1015,0.8993,1.1586,0.8766,1.1856,0.9385,1.2369,0.8933,1.2591,0.9456,1.3103,0.8992,1.3381,0.9175,1.3753,0.948,1.3639,0.8681,1.4464,0.9115,1.4988,0.8589,1.5396,0.7925,0.7583,0.702,0.7562,0.6377,0.9552,0.7504,1.0591,0.7821,1.1571,0.8012,1.2345,0.8099,1.3081,0.8128,1.3604,0.812,0.409164148,0.197706474,0.112271457,0.073044165,0.043204166,0.041027795,0.07374822,0.139702291,0.124628448,0.087815375,0.072652185,0.064627935,0.056463882,1.110794153,0.197362205,0.241901323,0.183494142,0.064334283,0.102306842,0.080061102,0.073636744,0.169670062,0.182210977,0.180157292,0.182735218,0.199481829,0.245403932,0.403270877,0.056745925,0.056149533,0.798547807,0.141551545
NP096xNP060-V4,Pinetum,0,1.876243049,-0.04875839,-0.002744829,0.010543482,0.017525136,-0.006641194,0.017680796,0.004405936,0.000589737,0.000956159,-0.007021991,-0.004879286,0.008921075,-0.002856107,-0.008106628,-1.06E-05,0.000455983,-0.002919589,-0.001073595,-0.002596807,0.004929828,0.001691463,0.001209628,0.001991211,0.001966749,-0.000608014,0.000699712,0.001644354,0.001552383,0.003562289,-0.002459699,0.00423992,-0.002119791,0.002333297,0.001559147,0.000890633,0.001003148,0.000635056,0.001316474,0.00068359,0.001911391,-0.000651221,-0.001369623,-0.001298732,0.000463104,0.000681982,-0.002160043,3.71E-05,-0.002477351,-0.000521701,0.001287205,-0.001998579,-0.001462164,0.00083272,0.000891273,-0.001131208,0.000629923,0.000128116,-0.000625355,-6.06E-05,0.000813362,0.000312099,-0.000639393,0.000400056,0.000577247,0.000603174,5.42E-05,0.000662999,0.00047239,1.5674,0.9655,1.528,1.1936,1.6586,1.3112,1.9567,1.2666,2.0886,1.2781,2.1933,1.2932,2.2817,1.3076,2.3551,1.3184,2.4284,1.3242,2.5018,1.3166,2.596,1.2821,2.6737,1.2249,2.7201,1.1419,2.0545,1.1408,2.1106,1.1818,2.1656,1.185,2.2087,1.226,2.2562,1.2087,2.294,1.267,2.3403,1.2271,2.3576,1.2875,2.4148,1.2389,2.4428,1.2745,2.5022,1.2907,2.5115,1.1944,2.5734,1.2407,2.6259,1.1897,2.6668,1.1286,1.879,1.0228,1.8768,0.9739,2.0509,1.0681,2.1634,1.1041,2.2562,1.1246,2.3425,1.1354,2.4169,1.1408,2.5097,1.144,0.460132546,0.159343905,0.09878102,0.068942005,0.042422282,0.031000968,0.051744082,0.132400378,0.105783269,0.089565172,0.074190296,0.07352911,0.073792412,1.166119312,0.187234746,0.215105114,0.165042691,0.048949464,0.093648545,0.086089314,0.075428708,0.172780699,0.188045207,0.1826184,0.179951021,0.189396515,0.219717751,0.401724445,0.054934324,0.059362278,0.805004404,0.158232045
NP096xNP081-1,Pinetum,0,1.842667644,-0.039899573,-0.005127226,0.031338156,0.018873775,-0.003066136,0.002786837,-0.012032751,-0.002767152,0.007813915,-0.0054399,-0.004392866,0.003088646,-0.000388861,-0.00696624,0.004672639,0.000543158,0.00227723,0.000331424,-0.000495165,0.004320166,-0.003210234,0.004272922,6.56E-05,0.001485927,0.001144936,-0.001004549,0.000422765,-0.00125107,0.001761163,0.002342111,-0.000159948,-0.001147371,0.003846286,0.001249175,-0.00531178,0.002168501,-0.002824607,3.07E-05,0.000610895,0.000480322,0.001380126,-0.000749232,-0.000262632,0.002072439,0.003137822,8.72E-05,-0.001800336,-0.000579062,0.00041654,0.000707027,0.001227774,0.000363273,-0.001104246,0.000552093,0.00122229,-0.00155128,-0.000883146,0.001104329,-0.000717048,0.000827165,-0.001508707,0.00063447,-0.000278404,0.000291696,0.000421427,-8.47E-05,0.000213622,0.00027193,0.5206,0.604,0.471,0.8456,0.6099,0.9885,0.8848,0.9491,1.0181,0.9427,1.116,0.9536,1.2054,0.97,1.2816,0.9737,1.3488,0.9821,1.4128,0.9784,1.5067,0.9448,1.5909,0.8829,1.644,0.7893,0.9921,0.7968,1.05,0.8389,1.0952,0.8353,1.1425,0.8766,1.1873,0.8631,1.2149,0.9284,1.2683,0.8786,1.2885,0.9287,1.3398,0.8885,1.3615,0.9144,1.4192,0.9403,1.4409,0.852,1.4888,0.8948,1.5475,0.843,1.5921,0.7786,0.8012,0.6758,0.8004,0.621,0.9917,0.7329,1.0964,0.7655,1.1885,0.7827,1.2694,0.7927,1.3403,0.7975,1.4419,0.8007,0.45218191,0.186302389,0.108591206,0.081432487,0.04267095,0.045525927,0.068880912,0.13345355,0.098504924,0.090891804,0.076289777,0.067722965,0.064106864,1.138579663,0.207440449,0.212557992,0.153149633,0.054805839,0.09620421,0.082469691,0.072182131,0.180066932,0.18572057,0.188497454,0.18564229,0.193728496,0.24118468,0.413940213,0.052991509,0.058953965,0.80723395,0.141055592
NP096xNP086-1,Pinetum,0,1.892265798,-0.059451969,0.002959361,0.004564611,0.010798118,-0.002328019,0.003945347,-0.003512826,-0.003189347,0.005023991,-0.008650209,-0.004925969,0.002266467,-0.000194607,-0.002791655,-0.000468785,0.00134226,0.002616466,0.003283543,-0.001318495,-0.00092142,-0.002967796,0.000208434,-0.002612694,-0.00130424,-0.002680082,-0.000999494,0.000871025,0.001802524,0.003153235,-0.000938191,0.001856451,-0.004818994,0.000134083,7.36E-05,-0.00136905,0.000980694,-0.000614431,0.001139938,-0.000814701,0.002478362,-0.001116149,-0.000651255,-0.000790096,-0.000156746,0.000879586,-0.000980332,0.000109614,-0.000579829,0.001921084,-0.002024015,-0.000522718,-0.000362067,0.001172306,-0.000159807,0.000136075,0.001759666,-0.000519499,-0.001155309,0.001824733,0.000121231,0.000608898,0.000448705,9.46E-05,0.000604368,-0.00059835,-0.000255506,-0.000148704,1.25E-05,0.4734,0.6806,0.4353,0.8861,0.5671,1.0115,0.8806,0.9734,1.0078,0.9771,1.1094,0.9919,1.1996,1.0012,1.2747,1.007,1.3499,1.0075,1.4139,1.0038,1.5139,0.9607,1.5893,0.9044,1.6329,0.8171,0.9708,0.8438,1.0262,0.8857,1.0766,0.884,1.1274,0.9295,1.175,0.9091,1.2099,0.9581,1.2599,0.9234,1.2857,0.9643,1.3361,0.9313,1.3626,0.9493,1.4218,0.975,1.4269,0.8861,1.4898,0.9239,1.5401,0.8626,1.5857,0.806,0.7679,0.7202,0.7663,0.6679,0.9708,0.7721,1.0776,0.8049,1.1758,0.8224,1.2602,0.8308,1.338,0.834,1.4231,0.8311,0.458057311,0.157899335,0.093233685,0.064944284,0.044313655,0.044094104,0.059569539,0.127253802,0.102672294,0.090678167,0.075323635,0.075201662,0.064106864,1.167506959,0.186499223,0.217248705,0.163427813,0.052324468,0.101550825,0.086095877,0.07660842,0.172944876,0.184216964,0.18085497,0.182041781,0.185808719,0.220584972,0.397166967,0.048487627,0.06455912,0.830956058,0.140404345
NP096xPX013-1,Pinetum,0,1.838948501,-0.052257798,0.009880462,0.015054564,0.001032731,0.005113388,-0.00062637,-0.017304532,0.012734683,0.011767999,-0.003869495,-0.002351202,0.001329782,-0.000334345,-0.004669758,-0.000982879,0.004722683,0.003373948,0.00520637,-0.00222192,0.003389172,0.0016098,-0.001526486,-0.005822181,-0.001690449,0.00238876,-0.005863204,0.005327445,0.003383769,0.001237113,-0.000514213,0.003085129,-0.003334474,-6.52E-05,0.001421906,-0.000811328,0.001974652,-0.000673041,-0.000809554,0.000342757,-0.000437504,-0.001386802,-0.000246066,0.001565573,-0.001545107,0.001624378,-0.002914746,-5.46E-05,0.001237277,0.000613066,-0.000848466,-0.000620255,-0.000852546,-0.000437598,-0.001300385,0.000256961,-0.000593479,-0.000741392,0.000123006,-0.000411886,0.000199706,0.000259062,-0.000764476,-0.000234543,-7.61E-05,0.000573083,0.000162352,0.000136685,-6.54E-05,0.5333,0.6937,0.4964,0.8647,0.6604,1.0255,0.925,0.9925,1.0544,0.9909,1.1504,0.998,1.2417,1.0083,1.3155,1.0107,1.3861,1.0171,1.4515,1.0089,1.5472,0.9718,1.6218,0.9115,1.6623,0.8187,1.0218,0.8567,1.079,0.8925,1.1242,0.8845,1.1655,0.9266,1.2187,0.9091,1.252,0.9528,1.302,0.9258,1.3266,0.9718,1.3742,0.9369,1.3976,0.9544,1.4575,0.979,1.4729,0.8996,1.5242,0.9361,1.5708,0.8806,1.6089,0.8155,0.8179,0.7345,0.8168,0.671,1.0226,0.7806,1.1266,0.8123,1.2258,0.8298,1.3103,0.8377,1.3806,0.8393,1.4747,0.8374,0.453135322,0.166768942,0.101428398,0.072979244,0.056447675,0.040452688,0.063745902,0.129409891,0.096262194,0.09187916,0.073839014,0.070889491,0.065912063,1.135898763,0.191540126,0.205954291,0.149374764,0.063509527,0.097649424,0.084957519,0.073048272,0.173062099,0.183346584,0.183875828,0.184326884,0.192641636,0.233296742,0.387467689,0.053495794,0.059630613,0.805172441,0.143081271
NP096xPX013-2,Pinetum,0,1.871134412,-0.049175265,-0.016358226,0.016575476,0.010091665,-0.001082394,0.001684203,-0.009198453,-0.005051496,0.009901288,-0.005834054,-0.009310079,0.001919926,-0.002531385,0.004278426,0.002273894,-8.88E-05,-0.003513968,0.002507017,0.001277414,-0.001421248,-0.00132905,-0.007375367,0.004535737,-0.004742552,-0.000151113,-0.008377127,0.002364172,0.000927561,0.002498647,-0.001524715,-0.000947675,0.001253142,-0.001807151,0.000228995,0.000828292,-0.00044435,-0.00195787,-0.000384622,-0.000532571,0.000779701,0.000847578,-0.002096904,0.00182795,-0.00058488,-0.000109144,0.000796031,7.33E-05,-0.000420023,0.000814527,1.44E-05,0.000912233,-0.000415527,0.001191837,0.000851052,-0.000591353,-0.00033449,0.000439604,-0.00037966,-0.001778129,0.001002149,0.000720642,0.000376579,-0.000914405,-4.71E-05,-0.000106117,0.000355116,-0.000471727,-0.000425499,0.4901,0.6234,0.4353,0.8427,0.5623,0.9739,0.8504,0.9417,0.9901,0.9433,1.0988,0.9552,1.1877,0.9694,1.2618,0.9705,1.3316,0.9716,1.4012,0.9631,1.5028,0.9313,1.5782,0.8679,1.6313,0.7774,0.9687,0.8004,1.0179,0.8393,1.0766,0.8393,1.1194,0.8734,1.1694,0.8623,1.2024,0.9008,1.2484,0.877,1.271,0.9163,1.3157,0.8858,1.3448,0.9102,1.4036,0.9365,1.4184,0.8499,1.4739,0.8927,1.53,0.8351,1.5877,0.7705,0.7718,0.6829,0.7726,0.629,0.9694,0.743,1.0779,0.7753,1.1721,0.7917,1.2464,0.7996,1.3184,0.8017,1.42,0.7975,0.452416114,0.184283966,0.107651475,0.084354016,0.070157323,0.054975267,0.062802866,0.139709162,0.10934944,0.09002694,0.074108164,0.069808667,0.070117116,1.151543938,0.200493042,0.224905891,0.160810572,0.053905937,0.09560774,0.08035602,0.067872896,0.166663733,0.178036513,0.17966004,0.179179072,0.189559595,0.231608916,0.403958042,0.04414261,0.058301629,0.827290916,0.124015805
NP097xNP060-V2,Pinetum,0,1.918489886,-0.049042704,-0.000690855,0.020884959,0.003485284,0.000306971,0.006530933,-0.000437501,0.001705909,0.004881258,-0.003806821,-0.00338621,0.0063593,-0.00939188,0.000647973,0.001199062,0.000528654,-0.004092704,-0.000912061,0.001642991,0.001686766,-0.001468182,0.004557836,-0.00102626,0.002294822,-0.003864632,-0.001341164,0.003460574,0.003888905,0.003185443,-0.000957066,0.00119277,6.25E-05,0.002963648,-0.002892004,5.03E-05,0.002538622,0.000396379,-6.03E-05,0.002203477,-0.000357568,0.000172583,-3.20E-05,0.002878713,0.000731103,0.001728471,0.000987856,-0.001351238,-0.000154163,0.000645237,-0.001019733,0.001901438,-0.001383723,-0.000257831,0.001721076,0.000108449,-0.000306297,-0.000582775,-9.11E-05,-0.000211109,0.000634839,-0.00029112,0.000748528,0.000494638,-0.000746304,-0.000428642,-0.000291177,-9.77E-05,0.000639227,1.5264,0.9493,1.4827,1.1624,1.6294,1.308,1.9099,1.2907,2.0458,1.2918,2.1591,1.3112,2.254,1.3328,2.3242,1.335,2.4015,1.3389,2.4676,1.3382,2.5734,1.3044,2.6604,1.2382,2.7057,1.1505,2.0343,1.1469,2.0847,1.1922,2.1368,1.1904,2.1785,1.2389,2.231,1.2231,2.2656,1.2814,2.3166,1.2404,2.3346,1.2972,2.3842,1.2555,2.4166,1.2814,2.4712,1.3065,2.4856,1.2102,2.5485,1.2594,2.6064,1.2055,2.6492,1.1408,1.836,1.0221,1.8366,0.9671,2.0329,1.0814,2.1332,1.1156,2.2238,1.1365,2.3137,1.148,2.3806,1.1544,2.4838,1.158,0.455717654,0.190141526,0.106926938,0.074857531,0.052692694,0.039204592,0.059449643,0.135904452,0.114948902,0.097327129,0.070234464,0.07739832,0.066103706,1.196340223,0.202949501,0.228052845,0.177028359,0.055003273,0.099714242,0.087330693,0.069265937,0.180926725,0.189201797,0.194203836,0.186295947,0.196685536,0.242766328,0.39892938,0.057326608,0.063129153,0.83095755,0.150026131
NP097xNP077-1,Pinetum,0,1.943272339,-0.067567134,0.000793048,-0.006759686,0.003478045,-0.004028561,0.008932088,0.000656234,0.017160254,-0.000402425,0.000675831,-0.005181439,-0.00159472,0.004511498,0.001235316,-0.000526684,0.007507542,0.00616745,-0.005640902,-0.001332844,0.006802913,-0.006417131,0.001404287,-0.006097432,0.001820589,-0.000554397,5.43E-05,5.79E-05,0.003534026,-0.001594265,-0.004747096,0.003488299,0.001375626,0.001496069,-0.003411015,-0.000218171,0.002573241,0.001153239,-0.001702024,0.003663896,-0.002886457,0.00277054,0.000355192,-7.45E-05,-0.001651992,-0.001947278,0.000549932,0.001821382,0.000173917,-0.000736514,-0.002487726,1.32E-06,0.00171184,0.000683237,0.001682309,-0.000605171,1.06E-05,0.001766574,0.001159586,-0.000583119,-0.000238182,-0.000341385,0.000577328,0.001306596,-0.000519331,0.001642883,0.000231477,-0.000689465,-0.000177561,1.5005,0.9795,1.4579,1.1537,1.609,1.2907,1.9214,1.2479,2.0609,1.2537,2.1415,1.2652,2.2519,1.2821,2.336,1.2896,2.4202,1.2907,2.4817,1.2778,2.5863,1.24,2.6602,1.1775,2.6969,1.0944,2.0156,1.1221,2.0818,1.1695,2.1336,1.1631,2.1674,1.2048,2.2285,1.1882,2.2645,1.24,2.3299,1.2012,2.3659,1.2335,2.4024,1.2104,2.4374,1.2298,2.4854,1.2492,2.4871,1.1624,2.5496,1.2066,2.5998,1.1446,2.6327,1.0895,1.8218,1.0246,1.8204,0.947,2.0117,1.0462,2.1253,1.0829,2.2249,1.0955,2.322,1.103,2.3932,1.1052,2.4833,1.1073,0.473219125,0.157160046,0.086755115,0.065718871,0.043945079,0.063570591,0.063282304,0.139620521,0.081416276,0.111686033,0.084433761,0.084207185,0.062838364,1.201904726,0.18284343,0.220544871,0.17375736,0.077612628,0.098163231,0.102229937,0.073081393,0.170507507,0.193067864,0.192329977,0.189086356,0.182537667,0.220990905,0.40350917,0.064386722,0.068779139,0.824704517,0.131172329
PBX002V01,PBX,0,1.865480405,0.02533484,0.007339572,0.023401661,-0.012808531,0.001684293,0.022279894,-0.003209331,0.004380248,-0.016912719,0.005599516,0.001068606,0.000972146,-0.001148611,-0.000506286,-0.000541111,-0.006329305,0.00101106,-0.002665412,-0.004633555,0.001647041,-0.003822296,0.003256511,0.004319876,-0.001573504,0.000575621,0.000725646,0.004181707,-0.002883204,-0.00368077,0.001871438,0.00110977,1.01E-05,0.002801163,-0.000731248,0.000229705,-0.000871625,0.00093273,0.00178953,0.001692668,-6.67E-05,0.001456475,-0.000545112,0.002601282,0.001307051,-0.001671053,-0.000269476,-0.00037058,0.000462478,0.001266908,0.001042583,0.000499063,0.000403518,0.000201825,-0.000417003,0.000812478,-0.001642696,-0.000149366,-0.000730116,-0.000604707,-0.000887137,-0.000865217,5.91E-05,0.000100516,9.49E-05,0.000302163,-0.000317143,5.15E-05,0.000190216,1.5183,0.9617,1.5108,1.2023,1.7309,1.2918,1.8966,1.2753,2.0189,1.2774,2.1232,1.2925,2.2166,1.3076,2.2886,1.3101,2.3673,1.3209,2.4385,1.3216,2.5586,1.2922,2.6485,1.2253,2.7089,1.1253,1.9977,1.1102,2.0631,1.1627,2.1142,1.1641,2.1537,1.2059,2.203,1.1857,2.2361,1.2519,2.2886,1.203,2.3087,1.2605,2.3677,1.2131,2.3885,1.2425,2.4407,1.2929,2.4601,1.1785,2.5302,1.2569,2.5964,1.1965,2.6553,1.1145,1.8312,1.0092,1.829,0.9552,1.9973,1.0458,2.1127,1.089,2.2001,1.1091,2.2828,1.1206,2.3641,1.1278,2.459,1.13,0.467416998,0.193595506,0.122921642,0.091813997,0.059014744,0.053517941,0.081215762,0.122318028,0.105387381,0.094612737,0.07204339,0.079437586,0.071203441,1.201787552,0.224601202,0.254424213,0.194125732,0.054044796,0.091389277,0.087330693,0.07974221,0.192693565,0.197315838,0.198371974,0.198869731,0.210459022,0.250620709,0.350604007,0.054677235,0.059530244,0.841515407,0.143800035
PBX002V04,PBX,0,1.988400588,-0.033341906,0.003981506,-0.018220726,0.019257047,-0.000551682,-0.001847625,-0.013076389,-0.007175226,-0.005891593,-0.007117367,-0.000859966,0.008764513,0.000690773,-2.60E-05,-0.000275878,-0.000109058,0.003300291,-0.000988047,-0.00165516,0.00660359,-0.005120947,0.003120383,0.000835247,-0.007165961,0.001680994,-0.006944707,-0.003092944,0.00021714,0.001127154,0.00175172,-0.000262519,0.002251449,-0.002295697,0.002321149,0.001717273,-0.003378941,0.000880422,0.00177616,0.002435418,0.001689058,-0.001531459,0.000454455,0.002267711,0.002742005,-0.001328386,0.000126645,0.000477022,-0.002112395,0.000472206,-0.001930668,-0.000511198,-0.001330967,-2.28E-05,0.000593229,-0.000173227,-0.000958051,0.000222949,0.001276433,-0.000344493,-0.000688512,0.000264003,-0.000516004,0.001093219,0.000539878,-0.000566057,0.000808936,0.000145637,-0.000362783,1.4885,0.9995,1.4741,1.2238,1.6165,1.3015,1.9272,1.2562,2.0732,1.2555,2.1624,1.2641,2.2659,1.2871,2.3479,1.2871,2.4227,1.2914,2.4835,1.2857,2.5841,1.2433,2.6699,1.1834,2.7391,1.0764,2.0167,1.1224,2.0793,1.1656,2.1411,1.1627,2.1922,1.2001,2.249,1.1814,2.2814,1.2332,2.3296,1.1908,2.3547,1.2397,2.4065,1.1987,2.4364,1.2149,2.4878,1.2548,2.4971,1.1512,2.5626,1.2141,2.6197,1.1505,2.6872,1.0723,1.7869,1.0146,1.7848,0.9473,2.0106,1.044,2.1429,1.0793,2.2479,1.0915,2.3306,1.0987,2.4054,1.1005,2.4968,1.0991,0.481262506,0.16097419,0.090106715,0.070597734,0.056084401,0.04788528,0.077717051,0.146001678,0.089613615,0.106024761,0.082,0.074923494,0.061066603,1.252962078,0.227773155,0.253296348,0.175774515,0.067332756,0.109508447,0.081146288,0.077304722,0.187073381,0.195258316,0.199200025,0.192616225,0.189484907,0.228000877,0.392151157,0.052061694,0.060020413,0.911016334,0.148145638
PBX002V05,PBX,0,1.943106945,-0.00945951,-0.005941664,-0.006942965,0.007949522,0.001945011,-0.004220656,-0.014193255,0.001790974,-0.005027656,0.003222999,0.001240582,-0.004183424,-0.013816923,0.002851051,-0.00285186,-0.002305671,-0.000324348,-0.002782482,-0.003598304,-0.004389996,0.001373928,0.007141099,0.000843888,-0.002041953,0.002167749,-0.001185548,0.002577514,-0.000657793,0.000549637,-0.001637507,-0.001651992,-0.000237422,0.002533936,0.003552377,-0.002752763,0.002083223,-0.002069465,0.00337096,1.42E-05,0.002148237,-0.001477528,-0.000381303,0.000953689,-0.000404297,0.001650474,0.000774833,0.000392196,-0.001254279,-0.000207532,-0.001962917,0.00085353,0.000500269,0.000567626,0.000219549,-0.000548731,-0.000417405,0.00063063,0.000583987,-0.000629494,7.07E-05,0.000465168,-0.000156095,0.000314037,-0.001111421,0.000173775,0.00049609,-0.000540747,-0.000186492,1.4854,1.0205,1.4784,1.2335,1.6424,1.3299,1.8862,1.2925,2.02,1.2911,2.1444,1.3004,2.2238,1.3128,2.3042,1.3172,2.3819,1.3247,2.4489,1.3209,2.5708,1.2896,2.657,1.2255,2.7201,1.1262,2.0189,1.1494,2.0685,1.1818,2.1284,1.1785,2.1699,1.2238,2.2222,1.205,2.2513,1.2627,2.3058,1.2192,2.3317,1.263,2.3808,1.2233,2.4078,1.2487,2.4579,1.295,2.4676,1.1926,2.5378,1.2479,2.6018,1.1839,2.6629,1.1156,1.7837,1.0361,1.7859,0.9721,2.0167,1.075,2.1273,1.103,2.2206,1.1197,2.3055,1.1286,2.3799,1.1329,2.4682,1.1348,0.450774811,0.195158653,0.119577339,0.080732955,0.057151203,0.060777381,0.080292029,0.133807324,0.124747144,0.080362429,0.080520308,0.07806113,0.067107675,1.239216115,0.22133696,0.26108468,0.192236235,0.064037801,0.097471483,0.084797406,0.075111983,0.187098103,0.19924101,0.201505657,0.196109485,0.216552303,0.253646407,0.385503684,0.058173877,0.069120185,0.888662619,0.138741666
PBX002V06,PBX,0,1.896613549,-0.013171746,0.017519281,-0.002539016,0.003213939,-0.00511821,-0.008332519,-0.002240026,-0.00308525,-0.010632169,0.001757156,-0.007357287,-0.004705723,-0.002008919,0.008979553,-0.00247074,0.000310093,0.002896313,0.006034843,-0.000492717,0.000218905,0.001779841,0.001830468,0.005821766,-0.006299965,0.00040077,0.001492778,0.002037874,0.001610427,-0.001405486,0.001727323,-0.000889582,-0.000359405,-0.002758916,0.000793631,-0.002387606,-0.002536715,0.000651178,-0.001202029,-0.000484665,0.001275,0.002127091,-0.000947075,0.00050018,0.000702805,-0.000916904,-0.000159751,-0.0027864,0.000422282,-0.000549274,0.001135877,0.000785665,-0.000227525,-0.000663427,-0.000877081,0.001913265,0.001096204,-0.000604951,0.000287989,8.38E-05,2.17E-05,-0.000222169,0.000522839,7.38E-05,-0.000110702,0.000183946,0.000778163,-0.000211986,0.000317129,1.4908,1.0054,1.486,1.2303,1.6694,1.3188,1.9124,1.2774,2.0325,1.2803,2.1451,1.295,2.2298,1.3074,2.3096,1.3123,2.3878,1.3177,2.454,1.3152,2.5496,1.2789,2.641,1.2159,2.6936,1.1143,2.0067,1.1372,2.0613,1.1911,2.1109,1.1803,2.1627,1.2235,2.2123,1.2077,2.2469,1.2487,2.295,1.2206,2.3274,1.2454,2.3734,1.2217,2.4008,1.244,2.4576,1.2864,2.4396,1.1936,2.5273,1.2454,2.5906,1.185,2.6431,1.1052,1.7844,1.0307,1.783,0.9639,2.0045,1.0782,2.1091,1.1091,2.2109,1.1271,2.2923,1.1332,2.3732,1.1365,2.4374,1.1338,0.436558553,0.168963102,0.093734092,0.073634299,0.061140003,0.069227523,0.074837758,0.120135007,0.113555493,0.085602862,0.079950297,0.078386223,0.066247189,1.207719773,0.218698788,0.266091131,0.202630822,0.066814669,0.105036755,0.08370006,0.078407716,0.182157953,0.186950796,0.185072661,0.180333164,0.187555325,0.219460817,0.372637854,0.051313351,0.059118271,0.871629336,0.118139113
PBX002V07,PBX,0,1.950433796,-0.014469844,0.00538468,-0.022343485,-0.006236877,-0.002499313,-0.00531935,-0.009623305,0.008285989,0.005931896,-0.006475509,-0.007331873,-0.003216071,-0.001452248,0.000225828,-0.001498004,-0.003071747,0.000216819,0.00264032,-0.003829319,0.001761289,0.002646288,0.004922142,0.003861558,-0.002111137,-0.005851159,-0.002215318,0.004280123,0.003909467,-0.001614464,0.001898424,-0.002664599,0.001844407,-0.002240111,-0.00352937,0.001917286,-3.05E-05,-0.000468871,-0.000808712,-0.002978548,0.003894047,0.000344159,0.000234619,0.000738742,0.001122359,2.39E-05,-0.000283982,-0.000666508,-0.001726118,-0.000812944,-3.43E-05,-0.000626387,-0.00017574,-2.85E-05,-0.000263177,0.000618261,0.000399318,0.000283731,-0.00013286,-0.000762815,-4.75E-05,0.000232967,-0.000413541,0.000522664,0.000471145,0.000544668,0.000659771,0.000221571,-0.000283384,1.4822,1,1.4806,1.1775,1.6413,1.294,1.8813,1.2643,2.0162,1.2659,2.1413,1.274,2.2271,1.2853,2.3037,1.2918,2.3867,1.3026,2.4547,1.3004,2.5629,1.2738,2.6471,1.2206,2.7147,1.1221,1.9944,1.1217,2.057,1.1721,2.1102,1.1663,2.1677,1.2174,2.2202,1.1965,2.2569,1.2328,2.308,1.2091,2.331,1.2494,2.3828,1.2156,2.4144,1.24,2.4662,1.2753,2.464,1.1796,2.5367,1.2335,2.5978,1.1818,2.6611,1.1106,1.7735,1.0162,1.7708,0.9461,1.9903,1.0566,2.1073,1.0933,2.2184,1.1133,2.3053,1.123,2.3792,1.1268,2.4626,1.1293,0.473155968,0.182006511,0.102289198,0.062454143,0.060367955,0.050428662,0.06845473,0.134909488,0.125361956,0.086540915,0.076875289,0.083699701,0.068035579,1.23853327,0.21460692,0.257209525,0.187634245,0.070151978,0.114070329,0.088699493,0.075081889,0.171282282,0.181453162,0.180156959,0.178238324,0.195166519,0.234564042,0.371220501,0.054819796,0.062736991,0.905369726,0.131734582
PBX002V08,PBX,0,1.922088841,-0.026379546,-0.014980208,-0.014082554,-0.007871459,0.005191772,0.001560202,-0.008058825,0.007007933,-0.005847762,0.004306417,-0.005436462,-0.003290826,0.00369202,-0.003922857,0.003093175,-0.00137335,-0.000898848,0.00308882,-0.00317903,0.001558914,-0.003203529,-0.000107134,-0.002168234,0.00020169,-7.87E-05,0.001266393,0.000801631,0.001379067,-0.004370421,-0.002027468,0.000724138,0.004642552,0.000701906,0.002411144,0.002616096,-1.78E-06,-0.00223582,-7.54E-05,-0.000117283,-0.000332096,0.000936062,-0.001384674,0.000886558,0.00099265,0.000671991,0.000538903,-0.000187312,-2.33E-06,-0.000948077,-0.00177928,0.001079598,0.000913478,0.001269792,0.000977464,4.13E-05,4.29E-05,0.001251836,-0.000275573,-2.86E-05,0.00183053,-0.000442449,0.000191956,-0.000674668,-2.61E-05,0.000577008,-0.000149253,0.000732441,-4.44E-05,1.5005,0.9957,1.472,1.171,1.6359,1.294,1.8975,1.2594,2.0275,1.2632,2.1327,1.2751,2.2222,1.288,2.301,1.2934,2.381,1.2943,2.4471,1.2914,2.5644,1.2612,2.6543,1.2001,2.7204,1.1095,1.9941,1.1278,2.0701,1.1677,2.1268,1.158,2.1699,1.2071,2.2217,1.1845,2.2513,1.2357,2.3134,1.1951,2.3378,1.2411,2.3867,1.2023,2.4141,1.2289,2.4601,1.2663,2.4673,1.1778,2.528,1.2265,2.5992,1.165,2.6564,1.1036,1.8103,1.0203,1.8074,0.9613,1.9937,1.0599,2.126,1.0937,2.221,1.1102,2.3101,1.1181,2.3835,1.1192,2.4644,1.1224,0.475834257,0.163248645,0.104570598,0.077510257,0.059850647,0.063949433,0.073299181,0.130055527,0.105870912,0.090424886,0.078984809,0.080005062,0.066163585,1.225196494,0.217598001,0.262153581,0.188324959,0.059071228,0.098530503,0.092310617,0.073652766,0.169883166,0.192748256,0.191291453,0.187053201,0.196042087,0.221482934,0.374301403,0.064271378,0.065330085,0.860842779,0.130184869
PBX002V10,PBX,0,1.861001467,-0.021194816,0.010862449,0.007109782,-0.005765276,-0.020123789,0.004059552,-0.025400253,0.02475033,-0.022530001,-0.043809848,-0.000388136,-0.017437993,-0.016301252,-0.013271921,-0.004091514,-0.020805889,-0.004641803,-0.020403763,-0.012690341,-0.018335705,-0.003302319,-0.018772348,-0.007446933,-0.002806306,-0.004139306,0.001313961,-0.007400087,0.002846322,-0.000752093,-0.005109054,0.001313507,-0.000264573,-0.002763663,0.000911702,-0.000191026,0.001974547,0.001290958,0.000589932,-0.001586863,-0.001250759,0.001390268,0.001520926,-0.00204682,0.001739502,-0.000144285,0.000535076,-0.001146017,-2.47E-05,0.000153119,-5.41E-05,-0.001588863,-0.000552049,-0.000532616,-7.80E-05,0.000951761,0.000344714,0.000381424,0.000477719,0.000229926,-9.31E-05,-0.000395131,0.000357749,-7.69E-06,0.000182106,-0.000162743,2.32E-05,-4.38E-05,0.000160415,1.5232,1.0054,1.5065,1.2141,1.6942,1.3231,1.9193,1.2914,2.0293,1.2914,2.1372,1.2958,2.2278,1.3065,2.3105,1.3087,2.3936,1.3155,2.4551,1.3155,2.6424,1.2217,2.5647,1.281,2.6942,1.1257,2.0232,1.1532,2.0755,1.1899,2.1289,1.1818,2.1688,1.24,2.2195,1.2039,2.247,1.2648,2.3026,1.2217,2.3258,1.274,2.3803,1.2265,2.4132,1.2503,2.4606,1.2875,2.4687,1.1872,2.5307,1.2384,2.5906,1.1866,2.6386,1.1176,1.8121,1.0383,1.8091,0.9827,2.0227,1.0814,2.1278,1.1095,2.2179,1.1246,2.2956,1.1327,2.3776,1.1365,2.4682,1.137,0.446795535,0.172900116,0.111519909,0.064126438,0.045907842,0.037923344,0.068082303,0.11,0.107989675,0.091229655,0.082729257,0.083377755,0.0615,1.177163154,0.109083638,0.233735962,0.134217883,0.055680876,0.093256474,0.084984999,0.077848121,0.178980055,0.18481139,0.186556372,0.189266822,0.2068571,0.234075971,0.359268938,0.05618692,0.097888559,0.84039768,0.146933624
PBX002V11,PBX,0,1.858495867,-0.025909379,0.015127066,-0.003448403,0.002240033,-0.000658755,-0.00429502,-0.016855705,0.00382685,-0.008227825,0.00752215,-0.002696827,0.005658775,-0.009679494,0.002384551,-0.000699648,-0.000855606,0.010163046,0.007330423,-0.006974047,0.003164182,-0.001162962,-0.001716533,0.000314701,0.001114076,-0.002809402,-0.004516401,-0.000622101,-0.001069494,0.005888645,-4.73E-05,-0.002953652,-0.00089681,-0.004298125,-0.002910914,0.000344211,-0.003004036,0.001899187,0.002169532,0.000255031,-6.57E-05,0.000246984,0.001053584,0.002973833,0.000509725,0.00044426,-0.000307455,0.000409025,0.000180257,0.0003619,0.000383825,0.00169094,0.002672134,0.000788326,0.000110637,-0.00272519,-0.000336902,-0.000574351,0.000843984,-0.001181861,-0.000173031,-0.00026125,-0.001059546,-0.000151182,0.000367847,-5.28E-05,0.00026418,-0.001079851,0.000372686,1.5113,1.0119,1.4968,1.212,1.6924,1.3012,1.9218,1.2724,2.0761,1.2735,2.157,1.2853,2.2433,1.294,2.315,1.2983,2.3964,1.3004,2.4558,1.2932,2.5572,1.2605,2.637,1.1936,2.6888,1.1009,2.0297,1.1251,2.0766,1.1753,2.1284,1.1667,2.1785,1.2163,2.2303,1.1936,2.2612,1.2361,2.3137,1.2066,2.3382,1.2461,2.3867,1.212,2.4141,1.2303,2.459,1.267,2.4612,1.1721,2.5248,1.2206,2.5841,1.1629,2.6408,1.0939,1.8053,1.0259,1.8047,0.9714,2.0286,1.0723,2.1268,1.0991,2.2296,1.1124,2.317,1.117,2.386,1.1221,2.4709,1.1156,0.434052128,0.182591621,0.098201273,0.072272055,0.060603795,0.057123375,0.072300069,0.154303921,0.08175604,0.08673742,0.071828824,0.081427084,0.059834772,1.180858692,0.206859179,0.238476833,0.177109825,0.054503303,0.105390797,0.084407109,0.073199454,0.178240764,0.189966944,0.191730775,0.187523785,0.18162007,0.226817658,0.348395364,0.048507731,0.061162897,0.845026307,0.132894093
PBX002V14,PBX,0,1.867591904,-0.023089966,0.010695638,-0.007367124,0.002178811,-0.000968134,-0.000621751,0.00429767,0.001563847,-0.012360772,-0.003318693,-0.000691739,-0.003494541,0.002757626,0.001255402,-0.005893045,0.000413744,0.000667442,0.003016146,-0.0002837,0.000325722,0.000115915,0.000287724,-0.000902018,-0.004714411,0.000757176,-0.001952328,0.005250713,0.003196056,0.003333871,-0.000341238,-0.004616158,0.002825201,0.000254106,0.004048611,0.001876571,0.000414357,-0.00020946,-0.000679513,-0.002465789,-0.001170464,-0.001588339,0.0011295,0.001718848,-0.001263499,-0.001203319,0.00085272,-0.000725273,-0.002353673,0.000859329,-0.000604823,-0.00010261,-2.54E-05,-0.000286957,-0.000273093,-0.001034431,-0.000190044,0.001981447,-0.001064209,-0.000407052,-0.000530567,-0.000370347,0.000829515,-0.000425306,7.17E-05,-0.000163619,1.11E-05,-0.000161733,0.000888342,1.5262,1.0289,1.5205,1.226,1.6845,1.3166,1.952,1.2778,2.0588,1.2799,2.164,1.2891,2.2546,1.2972,2.3339,1.3047,2.4105,1.3069,2.4806,1.2997,2.5841,1.2688,2.657,1.2012,2.7078,1.1019,2.0246,1.1469,2.0843,1.1843,2.1383,1.1757,2.1828,1.226,2.2425,1.2015,2.272,1.2461,2.3238,1.2152,2.3461,1.2497,2.3921,1.2217,2.4281,1.2382,2.4827,1.2751,2.4628,1.1834,2.5426,1.233,2.6036,1.1688,2.6575,1.0949,1.8242,1.0372,1.822,0.9795,2.0216,1.0701,2.137,1.1019,2.24,1.1208,2.3172,1.1241,2.3873,1.1268,2.4595,1.1235,0.439717512,0.149684902,0.098942458,0.065841097,0.0539812,0.056336844,0.070918615,0.106820644,0.105601515,0.090961365,0.079653876,0.076631586,0.070468787,1.183852846,0.207743351,0.258200019,0.195014051,0.057741926,0.107346542,0.082446225,0.0686086,0.177458868,0.185741675,0.184071644,0.184664263,0.194420266,0.21905125,0.364064088,0.050784742,0.062460548,0.843431924,0.12962195
PBX002V15,PBX,0,1.895717043,0.007667985,-0.005785871,-0.007902777,0.005481126,-0.007209312,0.010681435,-0.006504078,-0.00686759,-0.009287834,-0.000154523,-0.001452871,-0.004355233,0.003627391,-0.003858505,-0.003008191,-0.00217114,0.006424535,0.006039663,-0.002248804,-0.005039751,-7.26E-05,0.000431885,-0.003561901,0.002408937,-0.000633032,-0.000955896,0.004904933,0.001599012,-0.000809797,-7.49E-05,0.003676533,-0.002926121,0.002507739,0.003621889,0.001259368,-0.002333852,0.001724886,-0.002210003,0.000439392,0.000920228,-0.001204751,-0.0006103,0.000712153,-0.000873804,-0.002230625,0.00027703,0.000730483,0.000441733,0.000228258,-0.000409175,0.000354652,0.001066146,-0.000355308,0.001010985,0.000328944,-0.000841853,-0.000414185,4.39E-05,0.001075826,-0.000203451,-0.000482886,-0.000488992,-8.65E-05,-0.000504184,0.001213205,0.0002196,9.94E-05,0.000183534,1.5297,0.9849,1.5169,1.2267,1.6809,1.2864,1.9207,1.2627,2.0286,1.2681,2.1419,1.2789,2.2379,1.2886,2.3015,1.2918,2.3824,1.2994,2.4569,1.3037,2.569,1.2699,2.6597,1.2109,2.7309,1.1174,2.0102,1.1185,2.0757,1.1645,2.1268,1.1566,2.1713,1.2012,2.2282,1.1846,2.2584,1.2328,2.3173,1.199,2.3382,1.2458,2.395,1.2062,2.4187,1.2371,2.4639,1.2745,2.4752,1.1839,2.5448,1.2325,2.61,1.171,2.6744,1.1081,1.8215,0.9973,1.8215,0.9509,2.0097,1.0475,2.1257,1.0831,2.2318,1.1045,2.3198,1.1133,2.3964,1.1181,2.4746,1.1224,0.469576575,0.169717088,0.113804086,0.08307617,0.059446531,0.058846325,0.072103953,0.108035041,0.113813576,0.096488808,0.063680452,0.0812562,0.074623991,1.208485701,0.222413714,0.264205867,0.186465144,0.0464,0.105194867,0.090256136,0.078032878,0.182161961,0.197933575,0.193488243,0.196207467,0.208933985,0.232877736,0.363769996,0.057260283,0.063734606,0.867265963,0.140337201
PBX002V16,PBX,0,2.036121666,-0.006303392,-0.009074759,-0.002181257,0.019458272,-0.002404931,0.002352241,-0.011008393,-0.004700048,0.001800429,-0.002871379,0.001090479,0.005674609,-0.006737524,0.002846024,-0.000211112,-0.006494629,-0.000540371,0.001498395,-0.004115246,-0.000394909,-0.001825255,0.005434699,0.004576415,-0.003358838,0.002716845,0.005002291,0.004806448,0.002665779,-0.002368438,-0.000596452,0.003860532,0.00161602,-7.07E-05,0.001904025,-0.000874188,-0.001793059,-0.001012094,0.002158752,-0.002707655,0.001344999,0.001785413,-0.000765068,0.001873706,0.000362308,-0.002602234,-0.001803267,-0.000222289,1.56E-05,7.62E-05,0.000309684,-0.000349701,-0.000198128,0.001129838,0.000477955,0.000577468,0.000564153,0.000355003,-0.000185918,-0.000515059,-4.92E-05,0.000627086,-0.000518793,0.000549225,0.000443495,-0.000297773,7.34E-05,5.81E-05,-0.000262665,1.4595,0.9838,1.4439,1.2368,1.5895,1.3296,1.8571,1.2875,2.0043,1.2902,2.1392,1.3047,2.2292,1.3209,2.3085,1.3263,2.3835,1.336,2.4515,1.3328,2.5662,1.3029,2.6683,1.2404,2.7384,1.1359,1.9919,1.1321,2.0588,1.1811,2.1113,1.1796,2.1559,1.2285,2.2084,1.2033,2.2472,1.2645,2.2999,1.219,2.3209,1.2805,2.3851,1.2238,2.4045,1.26,2.4595,1.3085,2.4822,1.2033,2.5405,1.2681,2.6097,1.2023,2.6834,1.1217,1.7711,1.0063,1.7691,0.9477,1.9894,1.0635,2.1109,1.1023,2.2073,1.1203,2.2986,1.1318,2.3857,1.1365,2.4795,1.1381,0.495442762,0.20571874,0.121955156,0.078008525,0.059202703,0.04744892,0.078847955,0.14722476,0.135677043,0.091446378,0.079483646,0.075624665,0.068075252,1.287912893,0.239878803,0.264917346,0.189762009,0.05863412,0.099950488,0.092837169,0.085335104,0.19670305,0.204899683,0.201432793,0.196573065,0.216032336,0.260152436,0.422023424,0.056803521,0.069896853,0.93070967,0.157908328
PBX002V17,PBX,0,1.922281979,-0.046051835,-0.016415175,-0.015946813,-0.008353818,0.011415008,-0.000741247,-0.005608832,0.002583434,0.00456397,-0.008445034,0.006951382,0.002114838,0.005817409,0.008878395,-0.007624586,-0.000803089,0.010413106,-0.008030066,0.007664354,-0.005868502,-0.000645897,-0.000612354,0.000783952,0.000546955,0.001639813,-0.006462484,0.005029333,0.00207178,-0.001710688,0.001828655,-0.001951708,-0.000580657,0.003486107,0.00390833,-0.000871541,-0.000281497,-0.001349606,0.001242573,0.002692977,-0.000848486,0.001281185,-1.43E-05,0.001436857,-0.000758268,-0.001619457,-0.000523238,0.000778989,-0.000141297,0.000238047,-0.000413797,0.000302208,0.000523391,-0.000664924,-0.001111106,-0.000469108,0.000342493,0.000869555,0.000125731,0.000142958,-0.000654257,6.98E-06,-0.000341,-0.000612941,-0.000251474,-0.00039929,-0.000483319,-0.000382763,-0.000142682,1.5313,1.0383,1.4752,1.185,1.6046,1.2929,1.9056,1.2864,2.0268,1.2893,2.144,1.2979,2.2404,1.3029,2.3116,1.3087,2.3928,1.3123,2.4662,1.3044,2.5712,1.2643,2.6532,1.1969,2.7039,1.0965,2.007,1.1516,2.0728,1.1926,2.1246,1.1839,2.1699,1.2174,2.2282,1.2033,2.2562,1.253,2.3112,1.2104,2.3393,1.247,2.3873,1.2141,2.4169,1.2341,2.4698,1.2767,2.472,1.1742,2.536,1.2285,2.5992,1.1616,2.6467,1.0906,1.7974,1.0473,1.7938,0.9847,2.0045,1.0739,2.1216,1.1041,2.226,1.1195,2.3083,1.1227,2.3824,1.1224,2.4698,1.117,0.46554888,0.168680171,0.107083565,0.08456394,0.052341666,0.067632684,0.081829396,0.12123469,0.117515105,0.096529581,0.071435845,0.081279764,0.073823912,1.17404344,0.213930199,0.244570849,0.182616346,0.062703429,0.105400759,0.083303121,0.076189894,0.187434575,0.199299599,0.19256804,0.196342965,0.20805307,0.234387414,0.36164054,0.057503478,0.064514262,0.85944937,0.131843733
PBX002V18,PBX,0,1.878739708,-0.013174279,0.007654252,-0.006456599,-0.009098507,-0.002603938,0.004470576,-0.010456236,-0.00500522,-0.006371492,0.000456317,0.00288212,-0.000760172,-0.005134927,-0.008235041,-0.005810918,0.000607368,0.002090878,-0.001800047,-0.002316996,3.87E-05,0.003347235,0.004660304,0.001233703,-0.000975151,0.004938392,-9.85E-05,0.004095099,-0.000718039,-0.000129132,0.002902953,-0.001209394,-0.001063709,-0.004573967,0.003959667,0.002033738,0.001521882,8.13E-05,0.000438421,-0.000492473,-0.000854271,-0.000739623,-0.000149922,0.000369551,0.001835955,0.000989328,-0.001550666,-0.001006849,0.001789996,-0.003165002,0.001824221,-0.000264691,0.001183455,6.79E-05,0.001088424,0.000328089,-0.00140704,0.001033364,0.000981359,0.00063623,0.000447564,-0.001107911,-0.000585571,-0.000516479,0.000189872,-0.000218732,0.000158202,0.000403149,0.000278574,1.5054,0.9962,1.4982,1.2048,1.6766,1.2911,1.9078,1.2605,2.0254,1.2713,2.1343,1.2749,2.2166,1.2846,2.295,1.2954,2.3749,1.2997,2.4518,1.2936,2.555,1.2584,2.6392,1.1929,2.6924,1.1009,1.9995,1.1246,2.0685,1.1771,2.1217,1.1613,2.1634,1.2131,2.2195,1.19,2.2433,1.2404,2.2929,1.2008,2.3159,1.2576,2.3756,1.2059,2.3993,1.2339,2.4525,1.2627,2.4536,1.1728,2.5248,1.2217,2.5899,1.1656,2.6388,1.0901,1.7913,1.0225,1.7891,0.9649,1.9984,1.0609,2.1224,1.089,2.2206,1.1036,2.2961,1.1095,2.3754,1.1122,2.4536,1.1117,0.456650906,0.163944198,0.103591747,0.068308491,0.051638455,0.043193171,0.070178344,0.118094877,0.108959488,0.082869657,0.079140382,0.080015623,0.077141558,1.191608614,0.209009593,0.249389354,0.186685216,0.057641999,0.101924138,0.074190296,0.082857106,0.181908906,0.200065989,0.192302522,0.191810792,0.206500097,0.219199726,0.345054619,0.054677235,0.056354059,0.858874339,0.157103183
PBX002V19,PBX,0,1.941994535,-0.012226153,-0.016610809,-0.017651277,0.022887901,-0.003587881,0.007209417,-0.010064344,-0.005322702,-0.002028495,-0.000633781,-0.00053316,-0.004067713,-0.000489148,-0.008848631,-0.00264591,-0.002729665,0.005674141,0.001873162,0.003075772,0.001024274,0.00179102,0.002863178,-0.001574485,-0.002529437,0.001373888,0.005336931,0.000845761,0.001019453,0.000484286,-0.0038558,-0.000599121,0.001134828,0.000761022,-0.001350421,-0.00322478,0.000661171,0.00068939,-0.000519941,-0.001115616,-0.000446355,-0.00058674,-0.001164508,0.001074667,-0.000851066,-0.000156238,4.87E-05,-9.55E-05,0.000175886,-0.000302161,-0.001857501,0.000358786,-0.000716718,-0.000834319,0.000974012,0.001123711,-0.000373857,0.001561377,-0.001096972,0.000544498,0.000447147,0.001666925,0.000679909,-0.001052048,-0.000391469,0.000160324,-3.28E-05,0.000125916,-0.000341504,1.5059,1.0065,1.4676,1.2379,1.6057,1.322,1.8977,1.2666,2.0085,1.2688,2.13,1.2803,2.2184,1.2983,2.295,1.3037,2.3749,1.3123,2.4396,1.3134,2.5532,1.2835,2.6478,1.221,2.7129,1.1336,1.9962,1.1232,2.0634,1.1729,2.116,1.1653,2.157,1.2182,2.2157,1.1969,2.2449,1.2524,2.3074,1.2109,2.3269,1.2643,2.3776,1.2201,2.4072,1.2503,2.4515,1.2886,2.4738,1.1908,2.5259,1.2433,2.5964,1.1832,2.6618,1.1181,1.7907,1.0173,1.7896,0.9617,1.9962,1.0609,2.1165,1.0936,2.2193,1.1146,2.3069,1.1265,2.3819,1.1292,2.4674,1.1324,0.482360363,0.173970716,0.110502579,0.067715656,0.053000566,0.050694872,0.069909155,0.110821839,0.122043025,0.090213968,0.076790104,0.080361496,0.06470935,1.213673519,0.219029907,0.245846802,0.176601359,0.05561088,0.104588001,0.092762546,0.070800282,0.183122473,0.194940658,0.193254987,0.188231188,0.205813119,0.228067402,0.404518603,0.053399064,0.063802821,0.886111618,0.145866411
PBX002V21,PBX,0,1.92819461,-0.012171238,-0.000328513,0.00208363,-0.009759626,0.001308953,0.011910062,0.001014466,0.004523073,-0.006002113,0.000185596,-0.000641515,-0.007657418,0.00495907,-0.002479322,-0.005219823,0.005094352,0.002977967,0.000711267,-0.002365932,0.002929834,-0.003987481,0.002630849,-0.003273587,-0.002894486,0.000721018,0.00114914,0.003987087,0.003949768,-1.83E-05,0.00154317,-0.001144082,-0.000275975,-0.001190119,0.003083987,-0.001281769,0.001228672,-0.000986143,0.000407622,0.000724921,-0.000952291,-5.93E-05,0.001127158,0.001016428,-0.000433075,0.000977062,-0.000923289,-0.000355212,0.000382104,-0.000946389,0.001318117,0.001808601,-0.000494861,-0.000340035,-0.000902417,0.001163274,0.000413296,0.001101367,0.000661542,0.000702713,-0.000265747,0.000206947,0.000322979,-0.00090201,0.000232131,0.000676708,-0.000328612,0.000462913,-0.000334213,1.5016,0.9849,1.4871,1.1861,1.6611,1.3026,1.9067,1.2702,2.0221,1.2767,2.1197,1.2843,2.2211,1.2967,2.3069,1.3053,2.3907,1.3109,2.4569,1.3094,2.5734,1.2756,2.6672,1.2066,2.7157,1.1106,1.9962,1.1268,2.0685,1.1775,2.116,1.1656,2.1602,1.2141,2.2163,1.198,2.2487,1.2465,2.3037,1.2131,2.3285,1.2519,2.3813,1.2206,2.4094,1.2443,2.4666,1.2814,2.468,1.1857,2.5385,1.2368,2.6097,1.1749,2.6579,1.1023,1.8114,1.0153,1.8085,0.957,1.9946,1.0512,2.1133,1.089,2.219,1.1106,2.3026,1.1199,2.3813,1.1228,2.4655,1.1242,0.475462354,0.169037895,0.109515296,0.081044988,0.057286997,0.057603125,0.069175501,0.115582914,0.097895454,0.102155372,0.086229925,0.083986904,0.066216992,1.220589735,0.217885956,0.258834503,0.20029341,0.058372082,0.105403273,0.088694814,0.077961593,0.185399569,0.197082749,0.194680482,0.200080434,0.208683325,0.2359818,0.375720801,0.058392893,0.065659272,0.86173804,0.139479927
PBX002V22,PBX,0,1.836003646,-0.050129282,0.020863418,-0.018535672,0.002689618,0.018126644,0.013188801,0.017530725,-0.00378469,0.029624191,0.047145223,-0.010633209,0.005157163,-0.001499817,-0.013293332,-0.025178085,-0.007487336,0.004800156,-0.005897739,0.00205707,-0.010731435,-0.010000268,-0.001412718,-0.007058006,-0.003417262,0.00077058,-0.004061163,0.000378175,-0.000416485,0.001798132,-0.000404175,-0.003316923,0.00278185,0.000118645,-0.001202658,-0.002419335,0.000807325,0.000264502,-0.001940174,-0.001380665,0.000865012,0.00198587,0.001434826,0.000631074,0.00089049,0.000497781,4.19E-05,-0.002247404,-0.001590623,-0.000248448,0.001788484,-0.002394018,-1.04E-05,-0.001446478,0.000767388,0.000836854,-0.000252802,0.000146989,-0.001100136,-0.000200545,0.000604734,0.000376288,-7.26E-06,-0.000207544,0.000345834,-0.000691326,0.000130794,0.000365296,0.000299309,1.5232,1.0259,1.4968,1.1731,1.6543,1.2853,1.9326,1.2605,2.0556,1.2627,2.1526,1.2735,2.2422,1.2799,2.308,1.2896,2.3846,1.2918,2.452,1.2853,2.5475,1.249,2.6694,1.0976,2.6224,1.1828,2.007,1.13,2.0732,1.1731,2.1192,1.1631,2.1659,1.2091,2.2228,1.1875,2.2494,1.2415,2.3004,1.2012,2.3213,1.2407,2.367,1.2066,2.3972,1.2274,2.4504,1.2584,2.4504,1.1699,2.5129,1.212,2.5755,1.1532,2.6251,1.089,1.8096,1.0307,1.8046,0.9621,2.0023,1.0588,2.1188,1.0872,2.2211,1.1073,2.2988,1.1133,2.3684,1.117,2.4482,1.1143,0.44519161,0.150218541,0.091312212,0.06575903,0.039069169,0.050676424,0.065621033,0.123019673,0.097599385,0.089828281,0.066511127,0.076631586,0.067712702,1.110341502,0.099962243,0.172483072,0.230625866,0.068781974,0.106434581,0.078800063,0.06681856,0.171042217,0.182863118,0.175952039,0.179762872,0.186532812,0.213403327,0.356438396,0.093838851,0.109126395,0.830255298,0.132363515
PBX002V24,PBX,0,1.96660436,0.014083002,0.017039484,0.000201262,0.003286507,0.010624404,0.005594388,-0.001277651,-0.00897809,-0.010343867,-0.002091601,-0.002889432,-0.006796089,-0.006501784,-0.002134485,-0.002814778,-0.001171745,0.001349601,0.003713627,-0.000552347,-0.000497047,-0.000879398,0.002010922,-0.001416126,-0.004742772,0.004868697,0.000740503,0.000529369,-0.004831934,-0.002233729,-0.005358754,-4.44E-05,-0.001575839,0.002523046,0.00032869,-0.001598546,0.001135383,0.000203887,-0.002815653,-0.000123306,-0.004162848,-0.000453055,0.000201081,0.003049772,-0.00081358,-0.000430253,0.001030058,0.00221009,0.000382659,0.001232699,0.001118938,0.000844508,-0.001484233,-3.37E-06,8.40E-05,0.000217016,-0.001484763,-0.001049358,-0.000754637,6.82E-05,0.000146571,0.000424639,-0.000342025,0.000316832,0.000762243,0.00054859,0.000103327,-0.000709848,-8.50E-05,1.4833,1.0054,1.4795,1.2379,1.6758,1.3285,1.9182,1.2922,2.0254,1.2914,2.1368,1.3087,2.2339,1.3209,2.3044,1.3274,2.3803,1.3328,2.4507,1.3346,2.5787,1.3051,2.6758,1.2325,2.738,1.1365,1.9984,1.137,2.0566,1.1839,2.116,1.1742,2.1462,1.2271,2.2087,1.2055,2.2487,1.2724,2.295,1.2271,2.3242,1.2789,2.3759,1.2352,2.4024,1.2659,2.4558,1.3044,2.4637,1.2015,2.5493,1.267,2.6219,1.2001,2.6852,1.1246,1.7783,1.021,1.7778,0.9525,2,1.0674,2.1192,1.1057,2.2125,1.1241,2.2953,1.1354,2.3803,1.1437,2.4633,1.1462,0.469749231,0.174697109,0.111936098,0.082139637,0.050707889,0.052385971,0.070455802,0.107202985,0.112735309,0.097863425,0.070799011,0.076091852,0.070423008,1.261530539,0.231953551,0.28189624,0.21435347,0.068501825,0.097841607,0.088962071,0.081304489,0.188820867,0.198762421,0.195397569,0.199518546,0.2080455,0.23922015,0.389589528,0.054124394,0.062888552,0.923576294,0.146377082
PBX002V25,PBX,0,1.844139384,-0.009051305,0.001073369,0.009501875,-0.001613144,0.007620365,0.002530755,-0.002544124,-0.002495355,0.001692126,-0.006041937,-0.004448735,-0.000174134,-0.005962526,-7.60E-05,-0.001420368,0.000945241,0.005028187,-0.002109037,0.002989555,-0.001081523,0.001953613,-0.001606339,0.002748205,0.000810767,0.003602727,-0.00587786,3.30E-05,2.50E-05,-0.001712477,-0.001757826,0.00045129,0.000647113,0.000465872,0.00032656,-0.001293727,-0.001523127,0.000205667,0.00050043,0.000871926,-7.65E-05,-4.82E-05,-0.000494333,0.001284409,-0.000763336,0.002316,0.00164952,0.002343727,0.001064889,-0.001749214,0.000346165,0.001399553,-0.000403783,-0.000969438,-0.000871675,-0.00030673,0.000885523,0.000858303,0.000292725,0.000212644,-0.000626774,0.000192162,-0.001041976,-0.000364417,-3.83E-05,-5.75E-05,0.000156954,-0.000634178,-0.000162358,1.5545,0.9849,1.5194,1.1904,1.6877,1.2994,1.9218,1.2735,2.0451,1.2742,2.1523,1.2828,2.2407,1.2929,2.3105,1.2972,2.386,1.3015,2.4511,1.2972,2.5604,1.2638,2.6453,1.199,2.7042,1.107,2.0236,1.1253,2.0746,1.1685,2.1286,1.1577,2.171,1.1987,2.2195,1.1893,2.254,1.2335,2.3004,1.199,2.3274,1.2508,2.3738,1.2044,2.3997,1.2433,2.4547,1.2691,2.4612,1.171,2.5349,1.2256,2.5971,1.167,2.6514,1.0991,1.8182,1.0227,1.8166,0.9574,2.0216,1.0566,2.1278,1.0901,2.219,1.1073,2.3031,1.117,2.3732,1.1214,2.4612,1.1192,0.439979829,0.179795662,0.109739419,0.086153932,0.060870765,0.049381879,0.059790718,0.123301987,0.107544409,0.088975109,0.069932324,0.075622351,0.065241858,1.156165429,0.212754976,0.251286689,0.186217104,0.065319599,0.096236012,0.081479445,0.07359837,0.178286315,0.186646538,0.186640215,0.187747543,0.201821951,0.23875856,0.365484897,0.053387733,0.057855337,0.846740769,0.137266165
PBX002V26,PBX,0,1.99608863,0.002769885,0.010742526,-0.003568813,-0.001800532,-0.000248779,-0.006100855,-0.007340023,0.004170125,-0.00467321,0.010672379,-0.004921325,-0.002867524,-0.001824214,-0.004745203,0.007128827,-0.004114462,-0.005772106,-0.000825296,0.012076701,-0.001569576,0.006460431,-7.69E-05,6.39E-05,-0.003388355,-0.002677351,-0.001742398,-0.00045365,-0.003544819,0.003451046,0.000716838,0.001581306,0.001590386,-0.001458859,0.001233932,0.001985699,0.00245226,-0.003603692,-0.000465594,-0.000578684,0.000765479,-0.002955647,0.000131166,0.00029909,-0.001429568,0.002838713,-0.000756577,-0.001242374,0.000611574,-0.002187093,-0.000229523,0.002564714,-0.001434115,0.002009108,0.001263209,0.000548888,9.92E-05,0.000270112,8.55E-06,-0.000213328,0.000376683,0.000469405,-0.001581009,0.001157925,0.000359717,0.000914966,0.00033484,-0.000268707,0.000100859,1.4845,1.025,1.4572,1.2508,1.6888,1.3572,1.9081,1.3019,2.0246,1.3105,2.1641,1.3184,2.2569,1.3314,2.3303,1.3335,2.4029,1.336,2.4746,1.3323,2.5928,1.3004,2.6913,1.2278,2.7524,1.1386,2.0045,1.1548,2.0786,1.1972,2.1404,1.18,2.1872,1.2397,2.2454,1.2202,2.2807,1.2598,2.3231,1.2325,2.3533,1.2713,2.3975,1.2389,2.4277,1.2594,2.4827,1.3037,2.4827,1.1963,2.5707,1.2535,2.6348,1.1931,2.6861,1.1284,1.7837,1.0421,1.7805,0.9779,1.9987,1.0796,2.1368,1.117,2.2406,1.1316,2.3215,1.1397,2.3894,1.144,2.479,1.1472,0.479997385,0.175873165,0.125510517,0.082020119,0.075451971,0.066316212,0.080514595,0.116816994,0.139723513,0.093706136,0.073430035,0.072643031,0.071795404,1.272978935,0.227269444,0.275803154,0.21096495,0.064279701,0.11243238,0.078667528,0.074674761,0.185152289,0.19850204,0.202291992,0.201857598,0.223676306,0.240053432,0.390227344,0.067080027,0.066304902,0.918020485,0.132319689
PBX002V28,PBX,0,1.755240794,0.038382691,0.037146322,0.036045042,-0.004561789,0.004140582,0.018616406,-0.00049764,0.004281295,-0.015643619,0.012784998,-0.000798751,-0.001465197,0.010061747,-0.001538315,0.007196575,0.001523788,0.009595396,-0.002718431,0.003037101,-0.002232907,0.001235554,0.00122517,0.002697407,-0.007327263,0.003500538,-0.001589826,-0.004706455,0.003065495,0.001292899,0.002378638,-0.000407389,0.000733183,-0.000154025,-0.001819597,-0.000435576,-0.003026261,0.001278735,-0.001903769,-0.002420535,-0.002725384,-0.000404837,-0.002793279,-0.00021808,-0.000791341,0.000911297,0.002468317,-0.002191366,-0.001564252,-0.000464757,-0.00048782,-0.000826585,0.000342849,-0.00096924,0.000252134,-0.000744644,0.000897369,0.000267071,0.000777875,0.001191293,0.00077601,0.000529871,-0.000510953,-0.000391687,0.00020389,-0.00041842,-0.000421062,-4.81E-05,2.62E-05,1.5845,0.9836,1.5593,1.2314,1.8096,1.3274,1.9527,1.295,2.0592,1.2986,2.1505,1.313,2.2368,1.3339,2.308,1.3447,2.3684,1.3479,2.4396,1.3529,2.5431,1.3191,2.6359,1.2443,2.6877,1.1624,2.021,1.1386,2.0793,1.1936,2.1311,1.1872,2.1699,1.2368,2.2184,1.2174,2.2497,1.2648,2.294,1.2368,2.3252,1.2702,2.3619,1.2476,2.3936,1.2731,2.4417,1.3227,2.4569,1.2184,2.5245,1.2904,2.5899,1.2206,2.6431,1.1472,1.8592,1.0394,1.8542,0.966,2.0182,1.0635,2.1268,1.1081,2.2152,1.1325,2.2936,1.1483,2.3619,1.157,2.4569,1.1613,0.443144277,0.170662972,0.106906548,0.078630783,0.070293812,0.076459728,0.078930856,0.106560828,0.092428621,0.088794707,0.072014443,0.060484709,0.071375346,1.11759549,0.213223005,0.237496611,0.180864065,0.073570103,0.092376025,0.078049471,0.068753545,0.192379443,0.195285688,0.194096883,0.191745508,0.202138591,0.240587822,0.364141621,0.047118998,0.051746401,0.809442184,0.119000546
PBX002V29,PBX,0,2.009789642,-0.02036629,0.037311164,0.005640183,0.006266346,0.012383489,0.018496957,0.020643644,-0.028314611,0.036913665,0.047398222,-0.018396433,0.001155999,-0.007426564,-0.006234167,-0.01346301,-0.011865937,9.69E-05,-0.004005184,-0.011538372,-0.010895004,-0.002480633,-0.005528815,0.003469813,-0.001648473,-0.000115275,0.002553565,-0.001590153,-0.000172725,-0.00014814,-0.001711159,0.003678211,0.001331763,-0.00156051,-0.000574036,0.001012771,-0.001337664,-0.003615077,0.000868862,0.001972477,-0.00049011,-0.000876614,0.001421954,-0.001902447,0.000455535,-0.00156447,0.000317688,0.000245353,0.000895972,-0.00072679,-0.001778371,0.000186101,-0.001103196,0.000935357,-0.000456066,0.000298573,0.000453953,0.000313269,0.001247592,-0.000474358,-0.000423906,-0.001072773,0.000258663,0.000242662,-0.000430063,0.000685074,4.87E-07,-0.000282061,-0.00022808,1.4822,0.9622,1.4723,1.212,1.655,1.3155,1.9056,1.2713,2.0728,1.2864,2.1839,1.3058,2.254,1.3155,2.3181,1.3198,2.4029,1.3256,2.4849,1.3213,2.5971,1.2794,2.747,1.1127,2.692,1.2055,2.0016,1.1343,2.0771,1.1796,2.1203,1.1717,2.1721,1.2213,2.2195,1.2026,2.2612,1.2594,2.308,1.2206,2.335,1.2691,2.3907,1.2235,2.4151,1.2612,2.4881,1.2875,2.4842,1.1947,2.5734,1.2519,2.6305,1.1775,2.6866,1.1095,1.7762,0.9908,1.7762,0.934,2,1.0566,2.1192,1.0998,2.2174,1.1219,2.3001,1.1321,2.3842,1.1393,2.4871,1.1365,0.486365007,0.167287178,0.106886529,0.085319927,0.056560145,0.053442492,0.065545404,0.167880463,0.112781071,0.070767931,0.064244066,0.084998118,0.082112667,1.234022257,0.120279757,0.208080465,0.275295914,0.0568,0.103901155,0.090311959,0.082750831,0.184813095,0.192222423,0.189105182,0.186926349,0.192282396,0.234536671,0.400289508,0.096151755,0.133309002,0.92716148,0.138811671
PBX002V31,PBX,0,1.932957815,-0.012875504,0.017182115,0.005659568,-0.008177467,0.015900731,0.000801553,0.000827724,-0.003449499,0.001557014,-0.005159724,-0.003457821,0.002997573,-0.011238682,-0.014342009,0.003477338,0.01073228,-0.003884169,-0.0008896,-0.005946779,0.002451797,-0.001112288,-0.006345409,0.001728139,0.007908537,-0.001397476,-0.002110585,-0.00013571,-0.000916994,-0.00643352,-0.000126115,0.000639802,0.000398776,0.001327899,0.001510522,-0.001522406,0.000255597,0.002940219,0.001132395,-0.000275556,0.001194944,-0.00275216,0.002220782,0.002511766,-0.000397767,-0.000424589,-0.000477613,0.000536553,-0.002111812,-0.000179809,0.000282782,-0.001065182,0.000964149,0.000998333,0.000289994,-0.001146064,-0.000137996,-0.000801129,-0.000387934,-0.001014756,0.000936726,0.001677228,0.00062468,-0.000280067,0.000571803,-0.001030496,-0.001008568,-5.60E-05,-0.000354122,1.4703,0.9773,1.4554,1.1688,1.641,1.3026,1.8858,1.2871,2.0239,1.29,2.1174,1.2986,2.2037,1.3058,2.2814,1.313,2.3562,1.3188,2.4266,1.3155,2.5424,1.2846,2.6341,1.2206,2.6963,1.1343,1.9757,1.1321,2.0469,1.1775,2.1019,1.1742,2.1375,1.2217,2.1926,1.1969,2.2184,1.2616,2.2789,1.2184,2.2875,1.2821,2.3468,1.226,2.3652,1.2918,2.4293,1.2923,2.4358,1.1877,2.5205,1.2479,2.5859,1.1832,2.6348,1.125,1.7675,1.012,1.7616,0.9461,1.9711,1.0581,2.0962,1.0998,2.185,1.1181,2.276,1.1329,2.349,1.1397,2.4353,1.1408,0.463447268,0.179184291,0.114827044,0.079483457,0.046580361,0.031496349,0.028460499,0.138130446,0.093894675,0.086599827,0.078032878,0.075024529,0.070477301,1.236011731,0.215116945,0.265916923,0.201010696,0.066163585,0.093497487,0.088937843,0.068324007,0.174916494,0.186017875,0.187407844,0.192743379,0.203478082,0.244370804,0.376346396,0.062199196,0.061008196,0.891338011,0.155112894
PBX002V32,PBX,0,1.992868068,0.001291142,0.001360356,0.019520781,0.008312792,0.010617295,-0.001353986,-0.007923071,-0.007382888,-0.005990684,0.000414954,-8.33E-05,-0.002559066,-0.006828379,-0.004547253,-0.003119506,-0.004824322,-0.002950445,1.76E-06,-0.004740608,0.00751332,-0.000466122,0.006968808,7.06E-05,-0.005818244,0.000253753,0.004929394,0.001810559,0.000297938,-0.003257533,0.000648425,0.001040653,0.001320011,0.00038134,0.001447692,0.004120608,-0.00510775,-0.001361666,-0.000601909,0.00023149,0.000873861,-0.00020163,0.002644808,0.001043023,0.001438645,0.001928979,0.001830149,0.000795919,-0.000235649,-0.001135674,-0.001571522,0.001546821,-0.000622694,-0.002015474,-0.000778944,-0.000460708,-0.001723308,-0.001346888,-0.000687285,0.000703177,0.00080074,0.000433638,-0.000268098,0.000496943,-0.000215991,-0.000370002,-0.000477759,0.000157121,0.000429101,1.4844,0.9622,1.4766,1.2105,1.6521,1.3429,1.9045,1.2929,2.0351,1.2886,2.1397,1.3015,2.2422,1.3209,2.3101,1.322,2.3943,1.3306,2.4579,1.3328,2.582,1.2994,2.6834,1.2206,2.7513,1.1203,2.0146,1.1311,2.0761,1.1742,2.13,1.1645,2.1764,1.2249,2.2271,1.1958,2.2584,1.2605,2.3065,1.212,2.3263,1.2799,2.39,1.2134,2.4169,1.2508,2.4714,1.2994,2.4838,1.1839,2.5604,1.2702,2.6273,1.198,2.6909,1.1127,1.7967,1.0038,1.7934,0.9444,2.0124,1.0599,2.1278,1.0965,2.2217,1.116,2.308,1.1257,2.39,1.1321,2.4806,1.1332,0.472161498,0.195707051,0.121525141,0.084937919,0.06253479,0.045109312,0.082938531,0.130670769,0.105392457,0.104319749,0.06790891,0.084638053,0.063638039,1.27672676,0.246453444,0.274956742,0.202945929,0.059491596,0.102020096,0.081035795,0.083511736,0.20088666,0.206024319,0.205991942,0.202815803,0.21329721,0.256771124,0.422809579,0.060876268,0.060481154,0.913143548,0.16094263
PBX002V33,PBX,0,1.858195312,-0.005766068,0.00866208,0.002314353,0.003028375,0.005736039,0.003014997,-0.00470049,0.0009379,-0.0072283,0.004219355,-0.002962346,-0.002504378,-0.007021601,0.002564527,0.001991666,0.004911875,0.002185032,0.0020254,-0.004308128,0.00089614,-0.001365508,-0.001949401,0.002422634,0.001189195,0.001596075,-0.001936406,0.000580098,0.001114715,-0.000255077,0.001870042,-0.000145059,-0.003830852,-0.000238213,0.001103277,-0.002018657,-0.000796118,-0.00399496,0.0018239,0.001101807,-0.00033387,6.51E-05,-0.001083975,0.000216294,-0.002568773,0.001193845,0.000682051,-0.001030658,0.00177192,-0.000738203,0.000105425,-0.000775002,0.000470755,-0.002691657,0.000386703,0.001097759,0.002878988,-0.000825246,0.000753415,-0.000538496,-0.000148333,0.001219759,0.000592792,9.65E-05,0.000366454,-7.38E-05,1.12E-05,0.000278706,-0.000270278,1.527,1.02,1.514,1.2292,1.6974,1.3242,1.9229,1.2918,2.0588,1.2961,2.1505,1.3101,2.2379,1.3177,2.3155,1.3177,2.3846,1.3252,2.4531,1.3263,2.5615,1.295,2.6553,1.2303,2.7071,1.1354,2.0261,1.1487,2.085,1.1933,2.1325,1.1832,2.1785,1.2264,2.2246,1.2149,2.2548,1.2594,2.3037,1.2264,2.3367,1.2666,2.377,1.235,2.4058,1.2681,2.4601,1.2983,2.464,1.2048,2.5378,1.2551,2.6025,1.1915,2.6499,1.1224,1.8211,1.0419,1.8168,0.9779,2.0216,1.0798,2.1305,1.1138,2.2217,1.1316,2.3037,1.1424,2.3824,1.1478,2.4639,1.1478,0.441478901,0.176430865,0.106086191,0.08825922,0.060700082,0.055323142,0.060908538,0.135968011,0.092762546,0.087729812,0.0776,0.069505827,0.068508832,1.185728961,0.216035923,0.252812124,0.192992072,0.06414429,0.097402772,0.079931596,0.073802778,0.178826424,0.182596878,0.187242436,0.192176195,0.195893287,0.233849717,0.366305951,0.058658674,0.065523126,0.845538799,0.127286802
PBX002V35,PBX,0,1.896272365,0.007615194,0.024920495,0.008358896,-0.017404171,0.006426123,0.010797331,-0.000465099,-0.00324266,-0.008963722,0.005245149,0.004323239,-0.008287375,-0.004053527,-0.006797723,0.002009747,-0.000351312,0.009332371,-0.004036869,-0.000525456,0.000908993,0.00422927,0.004080546,0.000773489,-0.003781377,0.004225405,0.005757122,-0.001665202,-0.002648136,-0.001857687,-0.004380417,0.002624062,0.00027682,-0.000214815,0.002202298,-0.002466104,-0.001367862,-0.001977179,-9.58E-05,-8.20E-05,-0.000703934,-0.0026483,0.001734641,-0.000458124,-0.000335049,0.000471967,-0.001248995,0.001212488,-0.000180755,0.001396858,0.001841083,-0.00019944,-3.10E-06,-0.000750852,0.000445044,-0.001777002,0.000571346,0.001053637,-0.00056133,-7.14E-05,0.000450712,0.001310478,0.000419112,0.001800311,0.001594882,-0.000185896,0.000636172,-4.92E-05,-0.000796806,1.5405,1.027,1.5155,1.2393,1.747,1.3457,1.9412,1.3037,2.0556,1.3155,2.1602,1.3296,2.2433,1.3403,2.3188,1.3544,2.4018,1.3608,2.473,1.3554,2.5942,1.3216,2.687,1.244,2.7395,1.1598,2.0275,1.1699,2.0901,1.2206,2.144,1.2077,2.1753,1.2638,2.2357,1.2357,2.2648,1.2994,2.3177,1.253,2.3414,1.3037,2.3997,1.2605,2.4256,1.2886,2.4809,1.3296,2.4802,1.2181,2.5629,1.2835,2.6262,1.2181,2.6758,1.1462,1.8204,1.0556,1.8166,0.9881,2.0196,1.0901,2.1411,1.1318,2.2289,1.1469,2.3123,1.1606,2.4036,1.167,2.4784,1.1685,0.455258751,0.159217242,0.100976532,0.06751037,0.046206709,0.055509008,0.076021576,0.115006956,0.105546056,0.083786037,0.076805338,0.083246381,0.071404482,1.206331978,0.217465698,0.265773174,0.20841557,0.067606878,0.09587956,0.083805071,0.082342273,0.186977993,0.205693461,0.192491792,0.1951896,0.202622654,0.227533558,0.364310197,0.065135628,0.066086685,0.873624776,0.150185652
PBX002V36,PBX,0,1.821438324,0.00404708,0.035958173,-0.002774674,0.015300563,0.00396008,-0.011394939,0.00551868,-0.009001055,0.000619506,-0.003141173,0.009316799,-0.006226931,0.011498324,-0.003033793,-0.00258523,0.001027908,0.00271426,0.004468743,-0.00175269,0.000663792,-0.001158391,-2.17E-05,-0.001720072,-0.001906041,-0.000776321,0.001913077,-0.006925116,0.000276608,-0.002665422,-0.000254995,0.00071922,0.001608195,-0.002436674,0.001321164,0.001495388,-0.000327774,-0.000752287,-0.001254875,0.001592871,-0.000730876,0.001270187,-0.00122383,0.002115368,0.002485617,0.001261955,0.000390814,-0.00147576,0.000619448,0.000258801,-0.001447516,0.001934951,-0.002101268,-0.000913648,9.48E-05,-0.002612495,0.000548238,-0.000609136,-0.000174153,0.000716655,0.000592485,-0.000538241,-0.000358219,-0.000163761,0.000169023,-0.000108261,-0.000335243,-0.000408816,-0.000406821,1.5512,1.0151,1.5529,1.2228,1.7118,1.3195,1.9595,1.2756,2.0653,1.2756,2.158,1.2972,2.2454,1.3155,2.3198,1.3231,2.39,1.3231,2.4482,1.3252,2.5518,1.2864,2.6392,1.2195,2.6931,1.1375,2.0113,1.1332,2.0825,1.185,2.1321,1.1742,2.1785,1.226,2.2292,1.2066,2.2616,1.2584,2.3047,1.2195,2.3371,1.2638,2.377,1.2303,2.4051,1.254,2.4558,1.2929,2.4428,1.199,2.5284,1.2558,2.5924,1.194,2.6392,1.1286,1.8064,1.0059,1.8031,0.938,2.0081,1.0588,2.1289,1.1041,2.2271,1.1246,2.3058,1.1354,2.3759,1.1408,2.4428,1.1408,0.436488133,0.151528875,0.092218219,0.074092442,0.059353601,0.061772,0.070730616,0.1058,0.095183244,0.089295297,0.074787165,0.0702,0.058237874,1.148441278,0.205272745,0.257744719,0.197466985,0.067980144,0.102362933,0.076594125,0.073102189,0.18447905,0.19073673,0.189958338,0.185918181,0.182913121,0.222180557,0.392272788,0.054629845,0.053296248,0.857549748,0.128974571
PBX004V01,PBX,1,1.968124422,-0.020187831,0.010206896,0.001870501,-0.00378205,-0.007056464,0.013641148,0.001115179,-0.007216944,-0.015419574,0.008440254,0.000549756,0.002129849,8.03E-05,0.003356039,0.000445756,0.006252976,0.006786663,6.71E-05,-0.003851731,-0.000133831,0.00202779,-0.000984177,-0.003460744,-0.001661509,0.000836839,-0.002011239,-0.004692607,0.000269295,0.003089939,0.000521519,-0.001480367,-0.002122102,-0.000284999,0.001141239,0.004625652,0.000457603,0.003517759,-0.000365348,-0.001416875,0.002558241,-0.000452711,-0.001055722,-0.001751134,-0.001905567,0.002374493,-0.000211112,-0.000273962,-0.000985504,-8.13E-05,-0.001809065,-0.001919792,0.001354461,0.000116222,-7.31E-05,0.00117605,-0.001787187,-0.000111494,-0.000602915,0.001366672,-0.00025339,1.82E-05,0.000862439,1.29E-05,0.000863891,0.000894825,9.07E-05,-0.000266029,-0.000379486,1.4768,0.9806,1.4493,1.2264,1.6435,1.3026,1.8952,1.2767,2.0336,1.2979,2.1235,1.3159,2.2184,1.3339,2.2961,1.3418,2.3835,1.349,2.4569,1.3479,2.5669,1.3091,2.6618,1.2325,2.7114,1.1433,1.9908,1.1505,2.044,1.198,2.1102,1.1951,2.1562,1.2512,2.2134,1.222,2.2422,1.2753,2.3012,1.2451,2.3278,1.286,2.3774,1.2522,2.4097,1.2796,2.4569,1.3166,2.463,1.2163,2.5431,1.2681,2.6122,1.1947,2.6532,1.1321,1.7977,1.0343,1.7956,0.9667,1.9919,1.0743,2.1109,1.1145,2.2181,1.1347,2.3015,1.1462,2.3777,1.1526,2.459,1.1541,0.476762499,0.158321824,0.100439883,0.072494,0.063248715,0.064175774,0.07418086,0.140014285,0.091684295,0.096591977,0.078100576,0.087696066,0.073408242,1.245274448,0.219931558,0.258904538,0.199458968,0.06763261,0.106648254,0.09078794,0.076530059,0.193811377,0.206046597,0.205272745,0.204407925,0.199024747,0.224313731,0.368731908,0.059267867,0.062361847,0.873404213,0.14242742
PBX004V02,PBX,0,2.001465598,-0.016429717,0.007284781,-0.006066106,0.003115948,0.010657478,-0.005992325,-0.007446003,-0.006972028,-0.012418225,0.002603779,-0.001600752,-0.004831917,-0.003943294,0.002016667,0.000140875,-0.003343061,0.001457895,1.02E-05,0.002610294,-0.005016321,0.001009562,0.001905955,-0.000955234,-0.001870379,-0.001127217,-0.001533994,-0.004307973,-0.005842754,0.002224433,-9.38E-05,0.001276694,0.000769068,0.005580636,-0.001256485,0.00042256,-0.005511822,-0.000773948,5.30E-05,0.002237214,0.000461906,0.000781463,-0.000713646,-0.001419583,-0.000633808,0.000847786,-0.002434063,0.000489214,0.001860564,-0.001106052,0.000585809,0.000183536,0.001821179,0.000841623,-0.001354788,0.00087012,-0.000819099,0.001409592,-0.000718086,-0.000277664,0.000979185,5.77E-05,-0.001433767,0.000603254,-0.000209549,0.000794973,0.00031276,0.000646779,-0.000700837,1.4757,0.9968,1.4493,1.2105,1.6377,1.3127,1.9164,1.2702,2.0405,1.2843,2.1472,1.2976,2.2508,1.3105,2.3062,1.3148,2.39,1.3231,2.4676,1.3166,2.5859,1.2756,2.678,1.2095,2.746,1.1138,2.0081,1.1321,2.0685,1.1753,2.1289,1.1688,2.1753,1.2195,2.226,1.1958,2.2605,1.2551,2.3155,1.2087,2.3457,1.2497,2.391,1.212,2.418,1.2325,2.473,1.2896,2.4738,1.1764,2.5601,1.2325,2.6277,1.1721,2.6852,1.0987,1.7765,1.0156,1.7751,0.9473,2.0092,1.0631,2.1289,1.0944,2.2249,1.1106,2.3155,1.1214,2.3878,1.1214,2.4709,1.1246,0.467802287,0.165772434,0.112538882,0.083001325,0.056242777,0.076146307,0.094828055,0.124898439,0.107525718,0.104400048,0.055566627,0.084210035,0.077871754,1.275676718,0.227620847,0.279305567,0.206865294,0.068314347,0.100783977,0.090424886,0.075572085,0.192028357,0.20990979,0.199862203,0.202500099,0.209467348,0.226941072,0.3903792,0.062647027,0.062680539,0.922607159,0.135030737
PBX004V05,PBX,0,1.841123196,-0.024761005,-0.015335488,0.006691361,-0.00993416,0.0048087,0.004410693,-0.002438845,-0.006897161,-0.002928596,0.001694041,0.003957801,-0.007246834,-0.00276566,-0.002081357,-0.000238762,0.011568882,0.004701745,-0.000110408,-0.003317719,-0.006866973,0.008670635,0.00180222,0.003199806,0.008664328,-0.001974267,-0.005771987,0.0034069,-0.003420609,0.004184243,-0.005596833,0.002593514,0.006387912,0.001377175,-0.000334521,-0.001492099,-0.000420568,0.000205498,-1.24E-05,0.000767042,-0.001684809,0.000253916,0.00049944,-0.00099283,-0.000357525,-0.000397319,0.000280834,-0.001104854,0.000338467,0.001238991,-0.001005058,-0.0015856,-0.000795743,0.001106844,-0.00219205,0.001172767,-0.001237186,-0.000138938,0.001228194,-0.001010152,0.000500391,-0.000595203,0.001657036,-5.67E-05,0.000463488,-1.73E-05,0.000317451,-0.000383403,0.000261049,1.5469,1.0119,1.514,1.2077,1.6636,1.3198,1.9139,1.2911,2.034,1.2983,2.144,1.3101,2.2163,1.3209,2.281,1.3252,2.3695,1.3296,2.452,1.3215,2.5534,1.2869,2.6478,1.2174,2.705,1.1271,2.02,1.1516,2.075,1.2033,2.1311,1.1936,2.1624,1.2314,2.2206,1.2066,2.2487,1.2573,2.3145,1.2292,2.3263,1.2691,2.3727,1.2357,2.3986,1.2735,2.4552,1.2864,2.4536,1.1936,2.5248,1.2335,2.5858,1.1769,2.6332,1.1133,1.8263,1.0485,1.8252,0.993,2.0194,1.0879,2.1321,1.1224,2.2174,1.1354,2.308,1.1429,2.3684,1.1462,2.4547,1.144,0.435629384,0.175263972,0.103469802,0.080822336,0.071377307,0.072106172,0.063198259,0.120315627,0.110631099,0.073102189,0.064842733,0.088609311,0.082896683,1.163815557,0.220269381,0.260046554,0.195652958,0.0555109,0.090439206,0.096581416,0.058561848,0.177520534,0.199197791,0.20023209,0.18949314,0.201406107,0.228955214,0.364572078,0.073114157,0.074055722,0.816906414,0.129910816
PBX005V02,PBX,0,1.923305498,0.002094126,0.018572589,0.017158597,-0.004326067,-0.010596489,0.00063145,-0.002455137,0.006409916,-0.000751774,0.005882239,0.017750802,0.003668464,0.004767036,0.002481386,-0.005199874,0.00158793,0.002732645,0.001079121,0.000732829,-0.00174598,-0.000307781,0.005156874,-0.001657092,-0.001864077,-0.004816391,0.001365387,-0.002303614,0.000966761,0.001045068,-0.001655519,0.004546181,0.004525404,-0.000321438,-0.002568181,0.00094644,-0.005244737,0.002228641,0.001707669,0.001797096,-0.000681154,0.000972956,-0.001690027,-7.22E-05,0.000494213,0.000396475,0.000519972,0.000439035,-4.59E-05,0.000569858,0.001906363,0.000130464,-0.000450402,-0.000467192,-0.000227981,-0.000998858,0.000623431,0.000620346,-0.000885719,-0.000955102,0.000619462,-0.000836589,0.000495926,-0.000651396,0.000780966,0.000175242,3.32E-05,-0.000129908,0.000442158,1.5065,0.9951,1.5011,1.2217,1.7017,1.3285,1.8977,1.2896,2.0243,1.3004,2.1372,1.3177,2.2465,1.3364,2.3163,1.3429,2.3975,1.3468,2.466,1.3393,2.5717,1.2945,2.6586,1.219,2.7141,1.1251,2.0056,1.1311,2.071,1.1936,2.125,1.1879,2.1717,1.2361,2.2228,1.2152,2.2645,1.267,2.3184,1.2267,2.3378,1.2799,2.386,1.2339,2.418,1.2605,2.4666,1.3096,2.4666,1.1936,2.5383,1.2578,2.6003,1.1936,2.6505,1.117,1.8069,1.014,1.8026,0.9482,2.0027,1.0588,2.1208,1.1019,2.2184,1.1246,2.3134,1.1354,2.3846,1.1419,2.4666,1.1397,0.465217422,0.191741128,0.116563845,0.08859351,0.071696304,0.066567635,0.088701409,0.127059828,0.114217774,0.110888142,0.070101997,0.081293604,0.068909361,1.214577194,0.221300972,0.2568044,0.193672817,0.065940352,0.10153881,0.0962892,0.067982351,0.199600902,0.212287282,0.211841002,0.209478042,0.220713615,0.253561906,0.393457622,0.064113727,0.063592846,0.864539097,0.145719731
PBX005V03,PBX,0,1.88201468,-0.011668193,0.033328193,-0.00309396,-0.012618674,-0.016194321,0.001351911,-0.002941589,-0.001226956,-0.012843481,0.00746755,-0.001380935,0.000322508,-0.003949031,0.006163153,-0.000149001,-0.00212052,0.001516688,0.000906349,0.002419839,0.000296949,0.003286506,-0.003901,0.000328437,-0.000486849,0.001615729,0.001538757,0.00608183,0.001221048,-0.000185862,0.001307515,0.002732925,-0.000824328,-0.002247231,0.002067884,0.001686656,-0.00054723,0.00048746,-0.000694137,-0.002865473,0.001192932,0.002200077,0.000710554,0.000490254,0.000446941,0.000172151,-0.000850544,0.000731439,0.00080478,-0.000558181,0.001253687,-0.001265492,0.000240726,-0.000244772,0.001315462,0.000251872,-0.001039833,-0.000572862,4.68E-05,0.001097989,0.000282925,-0.000897715,0.001232373,0.000253574,-9.04E-05,-0.000550122,-0.000894117,-6.48E-05,-0.000353208,1.5388,1.0005,1.5316,1.2321,1.7575,1.2911,1.9595,1.2702,2.0782,1.2821,2.1915,1.294,2.2832,1.3026,2.3565,1.3123,2.4407,1.3145,2.5097,1.3123,2.6122,1.2767,2.6888,1.2087,2.7309,1.1156,2.0448,1.1429,2.1117,1.1929,2.1634,1.1807,2.2087,1.2325,2.2627,1.2059,2.2986,1.2483,2.3432,1.2202,2.3749,1.2591,2.4223,1.2217,2.4525,1.2469,2.5054,1.281,2.4892,1.1915,2.5755,1.2389,2.6327,1.1764,2.6715,1.1084,1.8362,1.0286,1.8326,0.966,2.0455,1.0746,2.1606,1.1091,2.2573,1.1235,2.3403,1.1311,2.4223,1.1332,2.4871,1.1311,0.447049572,0.153236353,0.095283209,0.063859925,0.056441563,0.056292095,0.068622154,0.119295012,0.11392322,0.092102389,0.073939029,0.084228736,0.069035064,1.197643695,0.200107221,0.253337127,0.200339711,0.062703429,0.102447694,0.081760259,0.079114221,0.182603943,0.190804743,0.180755802,0.182756368,0.191621398,0.213671149,0.333661535,0.059834772,0.064734071,0.850900094,0.134527209
PBX005V04,PBX,0,1.994814544,-0.022792456,0.001863871,-0.000530868,0.006246202,-0.009731383,-0.005836893,-0.005022276,-0.006191049,-0.007972853,0.007594456,-0.002641299,3.23E-05,0.00266898,0.004151538,0.005236536,-0.003130405,-0.001039911,-0.00373765,0.001666968,-0.003049124,-0.007710795,0.000435181,-0.001377042,0.001163574,0.001066283,-0.000568722,0.000428234,-0.004170996,-0.004885175,-0.001699292,0.002067948,-0.003559673,0.001209005,-0.000304151,0.000344393,0.000146583,-4.41E-05,-0.002026934,-0.001829888,0.002031028,0.000430537,-0.002123098,0.001071711,0.001116678,0.001730757,0.000383799,0.001882494,0.000248271,8.55E-05,-0.000550185,0.001629637,-0.002059828,-0.001064978,0.000383279,0.000369454,0.001036215,-0.000238652,0.000848382,3.75E-05,0.000767364,0.001490844,0.000392547,-0.000553776,0.000171849,-0.00011755,-0.000600029,7.09E-06,-0.000107563,1.4939,0.9804,1.4651,1.2335,1.6406,1.317,1.911,1.2968,2.0448,1.2968,2.1584,1.3098,2.2591,1.3256,2.3353,1.327,2.4159,1.3299,2.4763,1.3306,2.5939,1.2904,2.6866,1.2235,2.7449,1.1332,2.0138,1.1426,2.0822,1.1893,2.1498,1.1864,2.1864,1.2361,2.2404,1.2138,2.2778,1.2713,2.3267,1.2231,2.3684,1.2605,2.4094,1.2282,2.4407,1.2519,2.4876,1.2994,2.4849,1.1974,2.5669,1.2492,2.6348,1.1855,2.6807,1.1251,1.8049,1.0257,1.8006,0.9581,2.0128,1.071,2.149,1.1127,2.2389,1.13,2.3242,1.1386,2.4126,1.1435,2.4842,1.1429,0.474276554,0.185325336,0.113820077,0.078839647,0.057429783,0.074282299,0.081847663,0.1338,0.114341419,0.101931987,0.07621286,0.080652154,0.060404056,1.260297124,0.217974402,0.267808962,0.203381661,0.067736622,0.094652628,0.086799654,0.082857106,0.187866176,0.1991169,0.198007601,0.196998198,0.211543022,0.247687061,0.392949373,0.064708964,0.064243599,0.895804114,0.12507054
PBX005V07,PBX,0,2.046431424,-0.022368879,0.002529111,-0.000966309,0.001758481,0.004922024,-0.000924846,-0.00943171,-0.010584675,-0.006664929,0.00324967,-0.000919302,0.001115168,-0.002162178,-0.005427889,0.001946554,-0.002236161,-0.006321243,0.005358836,-0.003036115,-0.003025022,0.004787527,-0.000315912,-0.0043178,0.000635809,-0.004225915,-0.001359394,-0.001224689,-0.003239038,0.001913041,0.000419859,0.000146912,-0.000323679,-0.000924504,0.000210564,-0.000250121,-0.000938252,0.003755673,-0.000301117,0.000200697,-9.67E-06,0.003617899,-0.000455517,-0.000242402,-0.000951369,0.001902863,-0.00026541,-0.000846619,-0.001484858,0.000629932,0.000504394,-0.001048021,8.04E-05,0.001468971,-0.000609032,-0.000904824,0.000500896,-0.001198983,-0.000267285,-0.000684684,0.000299018,0.0016953,0.000193527,-0.000128214,3.31E-05,-0.000200935,-0.001054435,-7.24E-05,0.000512074,1.4984,0.9601,1.4842,1.1933,1.664,1.304,1.9509,1.2616,2.0804,1.2702,2.2012,1.2853,2.2929,1.2961,2.3544,1.3004,2.4417,1.3026,2.5176,1.2983,2.6413,1.258,2.7362,1.1904,2.7959,1.0933,2.0437,1.1081,2.112,1.1641,2.1767,1.1562,2.2242,1.2044,2.2817,1.1764,2.3112,1.2368,2.3695,1.1969,2.3824,1.2519,2.4396,1.2001,2.473,1.2271,2.5234,1.2706,2.5324,1.1667,2.6093,1.2174,2.6863,1.1447,2.7344,1.0822,1.8233,0.9905,1.8189,0.9308,2.043,1.0437,2.1731,1.0832,2.2783,1.1009,2.3716,1.1073,2.4428,1.1106,2.534,1.1073,0.492200823,0.179371375,0.110705781,0.084105945,0.062059488,0.056002232,0.0817309,0.129785246,0.121740092,0.092333797,0.061650142,0.087327716,0.076021707,1.304319167,0.22589212,0.2735321,0.205173414,0.059861924,0.106925395,0.090161466,0.070173001,0.191702791,0.209376694,0.204546156,0.199869382,0.208715812,0.236564621,0.40406961,0.06249368,0.067664614,0.927934378,0.153667986
PBX005V08,PBX,0,1.857796725,-0.005286361,-0.036440386,0.000470108,0.003449277,0.015056462,0.037663779,0.021503844,0.015021252,-0.014266775,-0.00260885,0.005369616,0.003428195,0.000334534,-0.00300382,-0.010031762,-0.001002469,-0.007333016,0.007352592,-0.003327369,0.0047436,-0.002114539,-0.002007581,-0.001432396,-0.001945683,0.003158327,0.00396975,-0.002267197,-0.002472213,0.002616399,-0.000531516,-0.001298544,-0.002263715,5.87E-05,0.000332961,0.002098247,0.0017929,0.002289667,8.70E-05,-9.35E-05,0.003981742,-0.00026896,0.000559352,-0.002830853,-0.00022454,-0.000396891,-0.00115789,-0.00229594,-0.000103238,0.00143532,-0.000360132,0.001217736,0.000935192,0.001645683,0.001700613,0.002526881,-0.000318893,0.00020738,0.000691138,1.44E-06,0.002384314,-0.00062497,-0.000798821,-0.000328785,0.001057169,-0.00063275,0.000414425,-3.30E-05,-0.000348027,1.5903,1.0559,1.5687,1.2256,1.701,1.3364,1.9624,1.2918,2.0753,1.3076,2.1785,1.3188,2.2756,1.335,2.3562,1.3407,2.4317,1.3501,2.4968,1.3538,2.6181,1.3198,2.7109,1.2524,2.7702,1.1656,2.0577,1.1429,2.1131,1.1926,2.1742,1.1926,2.2181,1.2393,2.2706,1.2228,2.2965,1.2803,2.3501,1.2422,2.3619,1.3101,2.4277,1.253,2.4471,1.2896,2.5038,1.3269,2.5183,1.2253,2.5939,1.2807,2.6629,1.2152,2.7118,1.1498,1.9355,1.0606,1.9326,1.0174,2.0566,1.0933,2.1742,1.1246,2.2702,1.1451,2.3479,1.1591,2.4234,1.1656,2.5173,1.1688,0.467912513,0.176786029,0.121053046,0.088816721,0.05855681,0.031126355,0.06242924,0.114000219,0.103805973,0.098442115,0.080801299,0.076082915,0.065205061,1.18498865,0.216591897,0.25887777,0.194497224,0.043297229,0.1010198,0.081832817,0.078347942,0.186132345,0.187552259,0.190179126,0.196419398,0.208014927,0.219717751,0.394207509,0.060499587,0.060727588,0.790368522,0.157042988
PBX006V02b,PBX,0,1.905429807,-0.042884358,0.010320953,-0.00740694,-0.010108154,-0.008360663,0.001631001,0.004397051,-0.005004555,-0.009661231,0.004411508,-0.00334139,0.002007196,-0.001552416,0.012925054,-0.007174087,0.008685823,-0.008600589,-0.001963977,0.004094039,-0.003751881,-0.000112178,0.002807205,0.00144216,5.88E-05,-0.001544291,-0.005235233,0.001249441,0.003298098,0.002415926,0.001155275,0.000478558,-0.001015826,-0.000731219,-0.00207915,0.004679961,0.001441858,0.001775979,0.003247837,-0.002149194,0.000850817,0.000552746,-0.000429246,-0.001019002,0.00152094,0.000506568,0.001308422,-0.001795452,3.98E-05,0.000419575,-7.26E-05,-0.001955955,-0.001189222,0.000319084,0.001202728,0.000240168,-0.001140765,-0.001303468,-0.000669752,0.000383104,-0.000198895,-0.000731681,0.000583881,-0.000535564,0.00052875,0.00039213,0.000100302,-0.000591073,-0.000239894,1.534,0.9817,1.5313,1.1875,1.6881,1.2681,1.9617,1.2508,2.0771,1.2659,2.1882,1.2843,2.2864,1.2972,2.3641,1.3015,2.4417,1.3026,2.5173,1.2972,2.6133,1.2594,2.6974,1.1818,2.7362,1.0987,2.0574,1.1286,2.1091,1.176,2.176,1.1764,2.222,1.2174,2.2681,1.1965,2.3119,1.2332,2.3536,1.2123,2.3846,1.2404,2.4234,1.2163,2.4558,1.2368,2.5129,1.2638,2.4968,1.1775,2.5852,1.2163,2.6435,1.1526,2.678,1.0879,1.8499,1.0286,1.8456,0.9646,2.0534,1.0638,2.1706,1.0962,2.2627,1.1106,2.3468,1.1181,2.4169,1.1214,2.4914,1.1181,0.442112621,0.15521382,0.095425416,0.074953652,0.068893033,0.064447343,0.067293759,0.116383719,0.112613365,0.099043677,0.077818892,0.077607796,0.075792612,1.207879895,0.202308922,0.252035315,0.200646081,0.06414429,0.09426781,0.086947628,0.069914519,0.180963035,0.18768018,0.189010502,0.189002487,0.193753297,0.208273594,0.341933473,0.059193581,0.061301305,0.841482412,0.123305677
PBX006V03a,PBX,0,1.865113771,-0.02512672,0.013805063,0.008208576,-0.009108988,-0.003882471,0.004457599,-0.007021517,0.012418197,-0.003630248,0.005159457,0.002781289,-0.003855147,0.000759439,0.00145724,-0.008284459,0.003225226,0.001963735,0.002069096,0.001023738,0.003939729,0.001170246,0.003963141,-0.003987351,0.00299304,0.001655961,0.001158061,0.00442057,-0.001984999,0.003607956,-0.002818162,0.000444278,0.000233492,-0.000515683,0.001889009,0.000489832,0.000103422,-0.001198022,0.000306001,0.000228189,0.000440446,-0.001867259,0.000524403,-0.001154392,0.001716078,0.000909732,0.000617825,0.000233437,0.002571413,-0.002282362,5.53E-05,0.000534926,-0.000207003,-0.001673435,-0.001149648,-0.00058922,-0.001235677,-0.001152129,0.000731222,0.000761009,-0.000793601,-3.05E-05,0.000379175,0.000466435,-0.00115236,3.79E-06,-1.40E-06,0.00066025,0.000482834,1.5135,1.0097,1.5022,1.199,1.6931,1.3209,1.9229,1.2853,2.0356,1.2923,2.1375,1.3015,2.2357,1.3127,2.3141,1.3206,2.3961,1.327,2.4651,1.3213,2.5642,1.2826,2.6478,1.2109,2.6899,1.1219,2.0171,1.1462,2.0717,1.1915,2.125,1.18,2.1674,1.2318,2.2235,1.2123,2.2544,1.2584,2.3047,1.2267,2.3393,1.2684,2.3803,1.2274,2.4108,1.2519,2.466,1.2837,2.4637,1.1926,2.5307,1.2384,2.5836,1.1828,2.6203,1.1138,1.8155,1.0361,1.815,0.9814,2.0162,1.0766,2.1251,1.109,2.2217,1.1284,2.308,1.1338,2.3828,1.135,2.464,1.135,0.44900392,0.167995387,0.10706937,0.0758426,0.057429783,0.057964472,0.076525159,0.112917182,0.102314466,0.098836633,0.078797018,0.082249377,0.069235034,1.181738465,0.204022009,0.236991413,0.185007297,0.054702285,0.103660697,0.082466963,0.075603241,0.186303247,0.19790667,0.192957249,0.192492208,0.203983186,0.22860573,0.360721305,0.070069751,0.070080311,0.81611142,0.140313257
PBX006V04b,PBX,0,1.839758702,-0.018358573,0.00459843,-0.00194105,0.003303358,-0.010943629,-0.00237154,-0.008892828,-0.005557345,-0.008445574,0.009213642,-0.001980462,-0.00396828,-0.00269288,0.005697199,-0.002841165,0.001232665,-0.000445161,-0.007783777,-0.002342711,-0.001810581,0.004621225,0.00328711,0.002081604,-0.003462824,-9.22E-05,0.005855515,0.005161356,0.001074842,-0.000325025,-0.001254106,-0.001737807,0.001300944,-0.001634478,-0.004282645,0.002265433,0.000740799,7.66E-05,-0.000539452,-0.000461173,-0.000698923,0.000398238,-0.001100827,0.001231345,0.002434863,-0.000177686,-0.000641748,0.001852508,-0.002981094,9.86E-05,0.001563127,0.000466841,0.000640803,0.00161098,-0.002136401,-0.00106547,-0.000445293,-0.00208453,0.000344632,0.001334857,0.000890203,0.000542467,-5.89E-05,-0.002274456,-0.000356082,0.000911767,-0.000660533,-0.00034783,-0.000227723,1.5221,1.0011,1.5173,1.2346,1.6834,1.3091,1.9175,1.2648,2.0383,1.267,2.1508,1.2771,2.2328,1.2828,2.3047,1.2958,2.3853,1.2958,2.4529,1.2918,2.5611,1.2522,2.6424,1.1825,2.6784,1.0919,2.02,1.1257,2.0782,1.1775,2.1372,1.1674,2.1746,1.2192,2.2228,1.1825,2.2638,1.2364,2.3076,1.1997,2.3371,1.2285,2.3795,1.199,2.4097,1.2264,2.4572,1.2641,2.4504,1.167,2.527,1.2217,2.5809,1.1613,2.6259,1.0894,1.8096,1.0356,1.8037,0.9746,2.0178,1.069,2.1278,1.096,2.2222,1.1117,2.2999,1.1154,2.3716,1.1176,2.4497,1.1134,0.432376977,0.172786168,0.097991122,0.062600719,0.055802867,0.074693038,0.073564394,0.120820031,0.112952468,0.082197871,0.073065792,0.0806,0.06771824,1.159859617,0.198633784,0.240050016,0.192624635,0.061284664,0.086921631,0.086526759,0.071903407,0.178428697,0.190344031,0.180347359,0.180153046,0.193005829,0.219994841,0.355474809,0.05255949,0.065051441,0.830175813,0.116142413
PBX006V07,PBX,0,1.945116457,-0.026214353,0.002015911,-0.006300945,-0.010605449,-0.003897842,0.004766887,0.002448383,0.00342225,0.004203457,-0.000155994,0.002272219,-0.002693781,0.000353792,-0.002058117,-0.003284059,-0.001864879,-0.003980616,0.001375532,-0.001318908,-7.47E-05,-0.002628497,0.002365077,0.008849377,-0.000500852,0.002788713,0.001045288,-0.004739044,0.000522587,0.000916159,0.000266369,0.001653484,-0.000137633,-0.004009192,0.002087303,0.002323808,0.001274444,0.001216481,-3.63E-05,0.000504058,-0.000888677,0.002826727,0.000245347,0.001243874,-2.79E-05,0.000624818,-0.001464306,0.000667296,-0.000474145,0.001680159,-0.001441349,0.000851445,-0.000467225,-0.001557846,-0.000427291,0.000693265,0.000348402,1.74E-05,-0.000338872,-0.001459325,-0.000426672,-0.000885441,6.96E-05,-0.000930745,-0.00114963,-0.000101413,-0.000114773,0.000279574,0.000108018,1.5156,1.0259,1.5032,1.2131,1.6715,1.3296,1.9164,1.2799,2.0523,1.2853,2.1667,1.3015,2.2605,1.3123,2.3393,1.3112,2.432,1.3188,2.4968,1.3058,2.5985,1.262,2.6841,1.1936,2.7319,1.1095,2.0167,1.1386,2.0901,1.1915,2.1526,1.1861,2.1936,1.2249,2.2465,1.2044,2.2799,1.2551,2.3285,1.2152,2.3576,1.2659,2.413,1.2246,2.4461,1.2461,2.5036,1.2727,2.4885,1.1872,2.5683,1.2253,2.6338,1.162,2.6812,1.0987,1.815,1.0369,1.8114,0.9822,2.0135,1.0743,2.1465,1.1081,2.24,1.1239,2.3191,1.1289,2.404,1.1296,2.486,1.1246,0.474296532,0.173279485,0.101130015,0.081186021,0.060400331,0.048856729,0.07405471,0.136007242,0.115541335,0.094419701,0.078807677,0.093011021,0.066091149,1.219169656,0.202612463,0.255501174,0.195704675,0.054818336,0.095666609,0.082708162,0.085021233,0.181521569,0.192781353,0.192534464,0.192131856,0.200682535,0.227375834,0.374511375,0.051837535,0.059402441,0.877567257,0.143981422
PBX006V08,PBX,0,1.933718544,-0.037259585,0.020158611,-0.023933579,-0.000817073,0.010571544,0.00864422,-0.004975663,-0.00250433,-0.008821718,-0.005037618,0.001054005,0.003062436,-0.002350346,0.007796862,-0.009068083,0.003587913,-0.001357798,-0.00031381,0.00208064,0.002126433,0.001191218,-0.001077315,0.003695937,-4.65E-05,0.000413053,0.000422911,-0.003426021,0.002784315,0.001453597,-0.001242123,0.001739944,0.002481898,0.000137674,0.000366181,0.003455639,1.63E-05,0.000201857,-0.002298434,0.000342936,-0.001528646,-0.001543956,-4.07E-05,0.00121371,-0.000562943,0.000843244,0.001400894,0.000428694,-0.000726107,-0.001196098,-0.001264732,-0.000365785,0.000292078,-0.0014587,-0.000591963,0.000884117,-0.000564615,0.000210277,0.000948715,0.000578022,-0.001932674,0.001955484,-0.000700155,0.000527163,0.000201858,-0.000822662,-0.00135082,-0.000394816,0.000277395,1.5076,1.0383,1.5043,1.2066,1.665,1.2886,1.9617,1.253,2.0782,1.2702,2.1785,1.2832,2.2745,1.3026,2.3479,1.3069,2.4288,1.3134,2.4989,1.3069,2.6003,1.2616,2.6818,1.1936,2.7287,1.0998,2.0329,1.1429,2.0933,1.1893,2.1537,1.171,2.1936,1.2238,2.2497,1.198,2.2853,1.2465,2.3317,1.2141,2.3668,1.2584,2.4078,1.2163,2.4461,1.247,2.4984,1.2762,2.5005,1.1764,2.5701,1.2292,2.6316,1.164,2.6764,1.0933,1.8107,1.0372,1.8037,0.9746,2.0291,1.0682,2.1483,1.1016,2.2418,1.1167,2.3285,1.1224,2.4008,1.1264,2.4942,1.1221,0.468798475,0.13111617,0.082297145,0.061289232,0.057130115,0.052052474,0.068616689,0.117762855,0.101138964,0.097940594,0.073525846,0.081160705,0.07040071,1.222647725,0.206557014,0.240713107,0.182114058,0.062990158,0.099724621,0.083565603,0.076131794,0.184859758,0.188092158,0.188117091,0.178126753,0.18259236,0.196707397,0.343269122,0.052702372,0.058276925,0.880735477,0.136308474
PBX006V09,PBX,0,1.971188214,-0.02941852,0.001056666,0.002351804,-0.016354966,-0.003134879,0.001090872,0.002508844,0.002108638,-0.000976836,0.002558611,-0.010109711,-0.003161841,-0.001132941,0.00826443,-0.003346621,-0.001561716,-0.001213804,-0.001067687,-0.00195889,-0.002900216,0.003445632,-0.002308952,0.00423042,0.002613839,0.002269614,0.001295328,-0.003070518,0.000775514,-0.000827747,0.001336545,-0.003143339,-0.00031839,0.00110823,8.58E-05,-0.001881518,-0.002434774,-0.000211394,-0.002000896,0.003216543,-3.23E-05,0.000913613,0.000681956,-0.000937206,0.000755992,0.00282525,-0.00240488,4.36E-05,-3.11E-06,0.000744195,0.000170507,0.001043712,0.000227614,0.001435443,0.001493802,-0.00071662,0.000321115,-0.000444356,0.000160611,-0.00139039,0.000213886,-0.000757181,0.000829492,0.001632582,0.000156651,5.73E-05,-3.89E-05,0.000292046,0.000204019,1.5038,0.9881,1.4781,1.1922,1.6593,1.313,1.9056,1.2799,2.0458,1.2907,2.1624,1.3037,2.253,1.3091,2.3285,1.3166,2.4213,1.3242,2.495,1.3159,2.6046,1.2709,2.6873,1.1997,2.7398,1.1149,2.0183,1.1381,2.0787,1.1882,2.1332,1.1753,2.1888,1.2195,2.2395,1.2028,2.2745,1.2594,2.3249,1.217,2.3576,1.2522,2.4036,1.2246,2.4367,1.2494,2.4971,1.29,2.4791,1.1944,2.5723,1.233,2.6327,1.1677,2.6764,1.1052,1.8085,1.0378,1.8069,0.9752,2.0164,1.08,2.1307,1.1131,2.2307,1.1275,2.3198,1.1325,2.4018,1.1339,2.4809,1.1318,0.464226593,0.181131251,0.107650639,0.088241713,0.054151085,0.070669442,0.076368842,0.140615362,0.117322462,0.090760784,0.075871602,0.093110687,0.074165895,1.242487119,0.206434106,0.27255227,0.208267448,0.062620444,0.109799545,0.086572513,0.079066112,0.184639162,0.196855734,0.188811546,0.188974416,0.196849613,0.228553385,0.368638848,0.064137742,0.063286333,0.879164518,0.126287489
PBX006V11,PBX,0,1.927836327,-0.018444223,-0.009136152,0.005678017,-0.002447158,-0.019360068,0.005432052,-0.000926921,-0.00781836,0.001492514,0.004351522,0.003799723,0.001549022,0.005558827,0.003381727,-0.002754279,0.001210459,-0.001466664,-0.004534482,4.30E-05,-0.002221868,0.001007926,0.00307255,0.000455853,0.000656849,-0.003454437,0.000378112,-0.00221823,0.0011262,-0.000596205,0.001383986,0.001378332,-0.001798883,-0.003047958,0.001910514,-0.000124506,0.001096541,0.001425133,0.001039322,0.002439656,0.003904627,-0.000159396,-0.000955874,0.00275447,-4.45E-05,-0.000887372,0.000201668,-0.000842267,-0.000952237,0.000752165,1.68E-05,-0.001476497,0.000244978,-0.000107371,-0.000494721,-0.000188106,0.000117958,-0.000330305,1.95E-05,-0.001233582,0.000902885,0.000488311,3.73E-05,0.0002077,-0.0003781,-0.000216606,-0.000518677,0.000296729,0.000291864,1.5232,0.9784,1.5022,1.2303,1.651,1.3145,1.8927,1.2832,2.0232,1.2929,2.144,1.3101,2.2389,1.3252,2.3177,1.3296,2.4029,1.3339,2.4691,1.326,2.5762,1.2857,2.6683,1.2166,2.7186,1.1296,2.0102,1.1386,2.0782,1.1926,2.1354,1.1947,2.1828,1.2303,2.2411,1.212,2.2659,1.2638,2.3198,1.2282,2.3447,1.2713,2.3975,1.2346,2.4266,1.2609,2.4723,1.3015,2.4748,1.198,2.5529,1.2458,2.6133,1.1828,2.6561,1.1203,1.8189,1.0279,1.8155,0.9765,2.0052,1.0721,2.1282,1.1109,2.2352,1.1327,2.3145,1.1413,2.3943,1.1462,2.4736,1.1451,0.46838181,0.186320718,0.114390078,0.088732632,0.067074287,0.064248658,0.076750831,0.130860002,0.122018359,0.096093808,0.078922747,0.08530844,0.066669708,1.204924313,0.211293564,0.253213349,0.194391898,0.051512329,0.107106396,0.080350047,0.077963132,0.180955961,0.198753918,0.19883302,0.199469797,0.210116634,0.239205895,0.375904576,0.063188132,0.064555712,0.852811116,0.134574032
PBX006V13,PBX,0,1.92390035,-0.015102217,-0.008950326,-0.020933856,0.002234284,0.006815492,-0.005697462,-0.003451928,0.011502554,0.002032508,0.004996685,-0.004241454,-0.009450093,-0.00240853,0.002070317,0.000717422,0.006242193,0.000344684,-0.006381071,0.001906957,-0.0035068,-0.001959226,0.00036952,0.001778896,0.00095335,0.001477963,0.00036544,-0.001820273,-0.000553194,-0.00088357,-0.001687191,-0.002918923,0.002269751,0.001224788,-0.003872622,-0.002296999,0.004160574,0.003659087,-0.000290056,0.001715548,0.002726426,-0.001238205,-0.001183325,-0.00160272,-0.000517358,-0.001848386,-0.000412909,0.001760447,0.000841816,-0.000328926,-0.001092319,0.001199029,0.001585314,-0.001037887,0.000235577,-6.32E-05,0.000339288,-0.000193858,0.000452221,9.12E-05,-0.000536924,-0.000495822,0.000311326,0.001027212,-0.000206629,1.32E-05,-0.000535501,0.000327019,0.000162506,1.5083,1.0135,1.4745,1.1789,1.6284,1.304,1.8837,1.2731,2.0146,1.2825,2.1257,1.295,2.2152,1.3037,2.2983,1.3155,2.3759,1.3296,2.4385,1.3306,2.5566,1.3004,2.6505,1.24,2.7132,1.1616,2.0052,1.13,2.0606,1.1818,2.126,1.1818,2.1584,1.2242,2.221,1.2105,2.2454,1.2587,2.308,1.2228,2.3418,1.253,2.3738,1.2346,2.3993,1.2702,2.4469,1.3023,2.4569,1.2098,2.5338,1.2602,2.6,1.2026,2.6517,1.148,1.795,1.0313,1.7929,0.9585,2.0038,1.0656,2.1242,1.1063,2.2163,1.1264,2.3055,1.1383,2.3688,1.1447,2.4536,1.1534,0.458694811,0.187722828,0.110709033,0.07798673,0.054194465,0.076147882,0.063842932,0.131237076,0.111800984,0.089921855,0.083933605,0.07887059,0.062607987,1.213967718,0.209258214,0.260792887,0.195941318,0.072830282,0.099240566,0.087865181,0.066849682,0.177842205,0.184777948,0.188444289,0.19140094,0.207505663,0.239750412,0.382662384,0.062985792,0.062841149,0.879458748,0.111614918
PBX006V14,PBX,0,1.968616339,-0.012033378,0.009672128,-7.67E-05,-0.008120578,0.008418157,-0.003721448,-0.001636035,-0.00140082,-0.00047901,-0.000431541,0.005617147,-0.001858364,-0.001682302,0.005313612,-0.002177289,-0.003237568,-0.006064605,-0.003366603,-0.000202992,0.0008689,0.005944376,-0.000274196,-0.004650157,-0.00327148,-4.83E-05,-0.003226364,-0.001170691,-0.001379909,-0.003157892,-0.002745171,0.001133745,0.000807498,0.00254618,-0.00106961,0.002064337,-0.000763228,-0.001355612,-0.001639344,0.000743101,0.003552808,0.001420977,0.001769454,-0.000935981,-0.000141207,0.001756967,-0.001364954,-0.001250261,-0.001031111,-0.000159727,-0.000936873,0.000859881,0.002085231,5.66E-05,-0.000516789,-0.000911766,-0.000381694,-0.000944301,-0.001262027,-0.000309153,0.000672139,0.000884834,-0.000511849,0.001529526,0.000248152,0.000290165,0.000472074,0.000285968,0.000297617,1.4784,0.9933,1.464,1.1875,1.641,1.3083,1.8883,1.2789,2.0135,1.2864,2.1332,1.3037,2.2325,1.3145,2.2972,1.322,2.3781,1.3317,2.4461,1.3285,2.577,1.2893,2.6633,1.2166,2.7201,1.121,1.9908,1.1386,2.0502,1.1785,2.116,1.1731,2.1602,1.2228,2.2152,1.2001,2.2443,1.254,2.2972,1.2206,2.3188,1.2724,2.3727,1.2238,2.4018,1.2476,2.4536,1.301,2.4558,1.1866,2.5458,1.2519,2.6046,1.1845,2.6485,1.1145,1.7751,1.0205,1.7713,0.9396,1.9858,1.0656,2.1124,1.1052,2.2087,1.1232,2.2961,1.1311,2.3689,1.1354,2.4525,1.1365,0.467470855,0.173753676,0.11397061,0.085286634,0.061640003,0.054099168,0.087375626,0.125424439,0.120943706,0.099885585,0.065133248,0.081479445,0.068075252,1.248249246,0.220912879,0.27231939,0.209657459,0.080989197,0.102808754,0.084523665,0.075567784,0.192106637,0.199901101,0.194114708,0.195654031,0.206433161,0.234527482,0.39104703,0.071894437,0.066903662,0.894466237,0.145873267
PBX006V20,PBX,0,1.915141903,-0.023132747,-0.003700982,-0.016903961,-0.005242477,0.005942141,-0.003097233,-0.001121539,0.002504131,0.001933787,0.001570517,0.003954639,-0.006483859,0.001189477,-0.000170316,-0.001548266,0.000161992,5.47E-05,0.000533594,0.001516651,0.002669573,-0.000923414,0.000514771,-0.003191962,0.001885695,-0.001013079,0.000336431,-0.003917858,-0.002395163,4.74E-05,0.001300204,-0.000357181,-0.001190943,-0.001006216,0.000985626,0.000574744,0.000627187,-0.000384342,-0.000313126,0.001159529,0.000241045,-0.002581046,-0.001431327,0.002363329,0.000229807,-0.000537337,0.001607274,-0.00072445,0.001910215,0.002572857,0.000686406,-0.000325788,0.000833588,-0.000825905,-5.43E-05,-0.001365554,3.30E-05,0.000925904,-0.001464602,-0.000612231,0.000266072,-0.001330817,0.000268498,1.32E-05,0.001109528,9.96E-05,0.00085423,-0.000496419,0.00022891,1.5221,1.0183,1.4935,1.1839,1.6478,1.3026,1.9114,1.2724,2.0379,1.2774,2.1386,1.2961,2.2379,1.3076,2.3141,1.3148,2.3903,1.3191,2.4608,1.3163,2.5716,1.2868,2.6643,1.217,2.724,1.1343,2.0135,1.1343,2.0771,1.185,2.1343,1.176,2.1775,1.2249,2.2379,1.2055,2.2602,1.2566,2.3191,1.2163,2.3443,1.2659,2.3939,1.23,2.4184,1.2487,2.4671,1.2907,2.4676,1.1958,2.5448,1.2416,2.6138,1.1818,2.6548,1.1257,1.806,1.0228,1.8042,0.9667,2.0085,1.0667,2.1336,1.1048,2.2346,1.1251,2.3123,1.1359,2.39,1.144,2.4655,1.144,0.458245633,0.171744054,0.100371311,0.081133532,0.055662285,0.057473907,0.075800858,0.126598776,0.10242158,0.099963693,0.076539402,0.076321229,0.070555581,1.207484828,0.215596869,0.263672543,0.197839152,0.05612887,0.107718197,0.081915078,0.076044263,0.172364091,0.186904922,0.187126294,0.196104564,0.197355643,0.227466261,0.370526342,0.069732345,0.061557209,0.865333092,0.130184869
PBX006V21,PBX,0,1.824805371,-0.023801037,0.015787601,0.015599265,0.002071512,-0.003367334,-0.011036035,0.000272866,-0.002664836,-0.000714063,0.005292421,0.002656381,-0.002013281,-0.004505246,0.007685036,-0.001254525,-0.000906008,-0.005312574,0.00045169,-0.005306163,-0.000163634,0.00321943,0.001052155,-0.000484974,-0.000859012,0.001237428,-0.00073211,0.000592923,0.003345744,0.000868903,-0.000502265,-0.003744427,0.001656954,-0.00222304,0.000422853,0.000194131,0.001589289,0.001682857,-0.003994,-0.001217598,0.002778396,0.001488432,0.000748983,0.001447318,-0.004340556,-0.002003824,-0.001084336,0.000840228,0.000846271,-0.000714567,0.001817461,0.002893443,-0.000436974,0.000379374,-0.001659008,-0.00023925,-0.000151963,-0.000272073,-0.000884976,-0.002080872,-0.000411779,0.000518252,-0.000545007,-0.000809252,0.000523572,0.00022245,7.23E-05,0.000628373,-4.34E-05,1.5081,0.9601,1.4982,1.1753,1.6607,1.2932,1.8927,1.2616,2.0254,1.2681,2.1311,1.2832,2.212,1.2918,2.2832,1.2983,2.363,1.308,2.423,1.3004,2.528,1.2673,2.6093,1.1962,2.651,1.1091,2.0038,1.1203,2.0534,1.1656,2.1084,1.1602,2.1397,1.2066,2.2023,1.1882,2.2303,1.2346,2.2767,1.2066,2.3004,1.2454,2.3461,1.2059,2.377,1.2314,2.4252,1.2785,2.4162,1.185,2.4975,1.2282,2.555,1.1692,2.5953,1.103,1.797,1.0038,1.7913,0.9369,1.9995,1.0577,2.1041,1.0933,2.2001,1.1149,2.2702,1.1214,2.3389,1.1239,2.4137,1.121,0.417444427,0.179746766,0.106255588,0.077081256,0.060056057,0.055625983,0.077868864,0.132859098,0.106773124,0.081355823,0.071496084,0.080387375,0.060479418,1.152571651,0.200390219,0.24676274,0.193424533,0.067142386,0.097985764,0.076641503,0.06940353,0.179640892,0.183078808,0.180064988,0.181895272,0.191699583,0.230176997,0.379481291,0.056033026,0.060642312,0.820978203,0.127453913
PBX006V22,PBX,0,1.967619092,-0.031556382,0.000551329,-0.001024971,-0.00556283,0.000563101,-0.008845214,-0.005031522,-0.002774769,0.007578793,0.003830151,0.006256871,0.009413842,-0.001208277,-0.001722297,0.003024769,-0.003770858,-0.007504504,0.002681965,-0.001261571,-0.002405601,0.013779091,0.004040115,0.001166113,0.004118966,0.001900346,-0.001052268,0.003196499,0.001707611,-0.002422204,-0.006012829,-0.000385795,0.000166007,-0.002203896,0.000729048,-0.002954995,0.002004577,0.000643311,0.001847661,-0.003081035,-0.001103272,-0.000209901,-0.000385529,-0.001149045,0.0003385,0.001288379,-8.28E-05,-0.000109714,0.000303488,-0.00099907,-0.000680064,0.001842347,0.00109101,-0.000687588,-0.00035085,5.10E-05,-0.001158685,0.000483153,0.00013414,-0.00010055,-0.000778893,-0.001199455,-0.001084821,0.000397872,0.000755658,4.82E-06,3.44E-05,-6.08E-06,7.52E-05,1.493,0.986,1.4655,1.1846,1.628,1.3141,1.8883,1.2832,2.0221,1.2918,2.1764,1.3058,2.2389,1.3134,2.3091,1.3209,2.39,1.3328,2.4658,1.3238,2.5744,1.2882,2.6708,1.2091,2.7233,1.1192,2.0027,1.1343,2.0717,1.1839,2.1332,1.1796,2.1764,1.2249,2.2303,1.2087,2.2616,1.2573,2.3155,1.2249,2.3317,1.2853,2.3954,1.2271,2.4202,1.2573,2.4694,1.2918,2.4703,1.199,2.5385,1.2436,2.6068,1.1775,2.6485,1.1163,1.7884,1.0246,1.7841,0.9585,1.9995,1.0689,2.1347,1.1099,2.2274,1.1257,2.3188,1.1354,2.3889,1.1386,2.4676,1.1386,0.472054923,0.187772655,0.118754242,0.0809,0.060518592,0.04216776,0.081315989,0.134076098,0.154933825,0.062960384,0.070599504,0.081770533,0.076332431,1.237489527,0.225238118,0.265286713,0.200754228,0.066239716,0.10136676,0.086726467,0.079930282,0.185208747,0.199000829,0.195110251,0.187181757,0.21393076,0.241433076,0.388353666,0.074856195,0.071376187,0.878685495,0.157457074
PBX008V01,PBX,0,1.952693568,-0.034085685,-0.00429265,-0.000165335,0.008781459,0.016903896,-0.003654127,-0.003428198,3.03E-05,-0.009541242,0.003753082,0.00137099,0.003157261,0.004138132,0.00747083,0.003363796,0.003189715,-0.003746925,0.000218848,-0.000427317,-0.001212292,-0.004255674,0.000815914,-0.000960569,-0.001567924,-0.00132046,-0.001452778,0.000379539,0.001365233,-0.002484906,-0.003191723,-0.00137292,-0.001744824,0.002458561,-0.003661847,-0.000596327,-0.001707026,0.002851622,0.003038322,0.000208648,-0.001444001,-0.000860032,0.001677907,-0.00285734,6.46E-05,0.000867178,-0.001173508,-0.001791971,-0.001564586,0.000356273,-0.000290784,0.001152183,-0.002473632,0.001242325,0.000449789,-0.001307325,0.000369421,0.001956419,-0.001137104,0.000289824,-0.002567863,-0.000327845,3.67E-05,-0.000818059,-0.000229376,-0.001090131,0.000777314,0.000921576,0.000461025,1.4951,0.9881,1.4637,1.1775,1.6133,1.3026,1.9182,1.2781,2.0476,1.2882,2.1505,1.3004,2.2422,1.3145,2.3155,1.3198,2.3889,1.3252,2.4536,1.3252,2.568,1.2907,2.665,1.2163,2.7287,1.1214,2.0146,1.1289,2.0728,1.1742,2.1354,1.1775,2.1764,1.2228,2.2217,1.2044,2.2638,1.2584,2.3166,1.2195,2.3382,1.2508,2.3857,1.2282,2.4132,1.2476,2.4601,1.2994,2.4746,1.1931,2.5431,1.2584,2.616,1.1839,2.658,1.1149,1.8114,1.0207,1.8092,0.9524,2.0097,1.0593,2.1386,1.1025,2.2174,1.1239,2.3148,1.1339,2.3821,1.1347,2.4712,1.1321,0.464458437,0.17763333,0.116752045,0.081808129,0.06011464,0.072638075,0.081315743,0.129793567,0.103620703,0.092777691,0.07349136,0.07359837,0.0647,1.240781145,0.233424463,0.264022158,0.191808238,0.068335423,0.090395243,0.096093808,0.069645531,0.193900413,0.196716979,0.19464614,0.188753437,0.206798187,0.237161738,0.401269049,0.070998169,0.05874317,0.864215072,0.124122601
PBX009V05,PBX,0,1.880175101,-0.006262798,0.011605441,0.006608042,0.006593906,0.002813063,-0.001929942,0.002471925,-0.001606437,0.001014415,0.003125163,0.007470279,-0.006222502,0.008883822,-0.000102967,-0.001338109,-0.002984697,-0.006215173,-0.006656167,-0.000264863,0.003765098,0.00209878,-0.004429714,-0.000403776,0.000305907,-0.003011339,-0.000365876,0.000158463,-0.001975226,0.000474323,0.005647942,-0.000429787,0.002431389,0.004769255,-0.000145783,-0.000865234,0.000927581,0.002675624,0.003150279,-0.001480428,0.00032618,0.00348257,0.002404851,0.000993656,0.000489232,0.000539281,-0.002126537,-0.000465927,0.002023842,-0.000219475,-0.000846291,0.000482524,-0.00133935,-0.001054772,-8.83E-05,-0.00037394,-0.000962147,-0.000796051,0.000537345,0.000335517,-0.000192537,0.000898862,-0.001159695,0.000375581,-0.000434349,0.001768088,-0.001125343,-0.000704217,-0.000543663,1.5327,0.9883,1.5083,1.2012,1.6694,1.3163,1.9142,1.2886,2.0351,1.2918,2.1365,1.308,2.2335,1.3263,2.3004,1.3328,2.3824,1.3468,2.4511,1.3475,2.564,1.3152,2.6496,1.2461,2.6963,1.1602,2.002,1.1365,2.0796,1.1832,2.1329,1.1868,2.1695,1.2321,2.2242,1.2134,2.253,1.2673,2.304,1.2307,2.3242,1.2774,2.3688,1.2386,2.3918,1.2627,2.4551,1.3145,2.4551,1.208,2.5345,1.2749,2.6021,1.2087,2.6359,1.1455,1.8136,1.0138,1.8092,0.9534,1.9984,1.0642,2.1224,1.116,2.2206,1.1365,2.3069,1.1494,2.3652,1.1537,2.4515,1.158,0.458706725,0.175622464,0.11736358,0.082763579,0.062138957,0.060295937,0.084623696,0.120942342,0.102685929,0.098711144,0.067215028,0.083186537,0.068703566,1.176228962,0.203784911,0.245890789,0.198196519,0.060560053,0.095096004,0.08165372,0.065279782,0.189500422,0.190462201,0.191523288,0.191010628,0.196282781,0.239676866,0.388896452,0.062163092,0.060456679,0.848725692,0.13031765
PBX009V07,PBX,0,1.909424278,-0.009309437,0.016884185,-0.000125228,0.001338831,-9.17E-05,-0.001935519,-0.0139516,0.007426959,0.001022803,0.0048894,-0.001670468,-0.003280963,0.005708562,0.001793654,0.003063284,1.46E-05,0.002408576,-0.000255893,0.002448148,0.003073008,-0.002923983,-0.003156397,0.005832516,-0.005335872,-0.000640377,-0.001090917,-0.003144243,-0.003165262,0.001403381,0.001391133,0.00195772,-0.00049656,0.000740263,0.001521505,-0.003828334,-0.000205824,0.001564345,0.002095212,-0.000939819,-0.000802856,0.002071983,0.001530209,-0.001074152,0.000727563,-0.001266368,-0.000721175,-0.000587462,-7.97E-05,-0.002804657,0.001132187,0.000167313,-0.0003294,-0.001314858,-0.000146939,-7.58E-05,-0.000657959,0.000217229,0.000931201,0.000191376,-8.28E-05,0.000444704,-0.000592272,0.000391066,-0.000490794,8.76E-05,0.000865701,-0.000248738,-0.00029814,1.5059,1.0119,1.4795,1.2163,1.6812,1.3317,1.9035,1.2886,2.0372,1.294,2.1375,1.3047,2.2368,1.3198,2.3145,1.3296,2.3889,1.3382,2.4533,1.3324,2.5557,1.2961,2.642,1.2328,2.6996,1.1408,1.9987,1.1429,2.0692,1.1904,2.1239,1.1918,2.1641,1.2278,2.2174,1.2177,2.2504,1.2609,2.3008,1.2321,2.3324,1.2566,2.3756,1.2335,2.4015,1.2566,2.4583,1.2972,2.4684,1.1994,2.5318,1.2605,2.5992,1.1958,2.6446,1.1268,1.7869,1.0297,1.7864,0.9676,1.9944,1.075,2.1217,1.116,2.2166,1.1332,2.3044,1.144,2.3777,1.1469,2.4669,1.1476,0.473085975,0.174044621,0.108429516,0.081370572,0.060449731,0.075162557,0.082567064,0.133809006,0.100869123,0.100441525,0.07831558,0.074895394,0.064660653,1.200639371,0.211719862,0.238510796,0.176783823,0.062102013,0.097020926,0.084634036,0.0748131,0.185299757,0.193322347,0.188349144,0.188862543,0.197038702,0.232137395,0.378993206,0.056753854,0.056575967,0.872841269,0.118685214
PBX009V12,PBX,0,1.982803405,-0.006723561,0.003353753,-0.02118593,-0.002623064,-0.000783905,0.006599116,-0.006494857,0.003051054,-0.003060237,0.003503317,-0.001184136,-0.005312578,-0.000955498,-0.00126563,0.003354718,-0.002200264,-0.001324994,-0.000868296,-0.001877998,0.001455389,0.003839632,0.001481209,0.00116817,0.001761853,-0.000585479,-0.000335814,0.00010848,-0.004835976,-0.000345087,0.0032349,0.000476678,0.000215159,0.003365808,0.000985021,-0.001120932,0.001099009,5.47E-05,3.29E-05,-0.003229193,0.000115135,-0.001486647,0.000537471,-0.000925312,0.001161979,-0.001371715,0.001876389,0.000841721,-0.001410282,0.001314992,0.001747431,0.001109948,0.000379814,0.000191814,-0.00024229,-0.000963028,0.001078662,-0.000270382,0.000885588,0.000437812,0.00045099,0.00054612,0.001647982,0.000659446,-0.000379226,0.00071712,0.000300311,-0.000198152,0.00052258,1.4725,1.0194,1.4579,1.2213,1.642,1.3105,1.883,1.2778,2.0167,1.2821,2.1332,1.2961,2.2249,1.3058,2.2994,1.3198,2.3785,1.3274,2.4583,1.3281,2.5734,1.2972,2.6676,1.2332,2.7301,1.1404,1.9865,1.1368,2.0556,1.1857,2.1196,1.1785,2.1591,1.2289,2.2217,1.2087,2.2497,1.2627,2.3107,1.2233,2.3285,1.2665,2.383,1.2276,2.4088,1.2562,2.4698,1.2929,2.4698,1.198,2.5458,1.2481,2.6143,1.1866,2.6629,1.1305,1.7751,1.0293,1.7744,0.9653,1.9822,1.0624,2.1145,1.1048,2.2152,1.1264,2.3029,1.1357,2.3813,1.1435,2.4698,1.1483,0.48715945,0.174909262,0.10395273,0.0720184,0.049725748,0.060726436,0.077379132,0.133769129,0.117338186,0.092211604,0.075804024,0.079464269,0.07980307,1.263407599,0.221677987,0.266596793,0.20090764,0.064003828,0.106472766,0.090189578,0.072427757,0.180167394,0.194394702,0.187130997,0.188473048,0.202484888,0.237145103,0.369719894,0.067925327,0.070798658,0.903727442,0.133853801
PBX009V14,PBX,0,1.913698028,-0.044147747,-0.018708161,-0.012738807,0.007963507,0.006871087,-0.004900795,0.006930161,-0.004880626,-0.012186716,-0.000876166,-0.005091904,-0.010678193,0.000772526,-0.000605936,0.000330649,0.000163223,0.000118191,-0.003678693,-0.002550922,0.001706171,0.00250751,0.000789809,-0.000660381,0.003529586,0.001740811,0.001510244,0.001630488,-0.002586127,0.003061428,0.003377102,0.000795113,0.000550745,0.000179215,-0.004578489,-0.00205755,-0.001190064,-0.001536316,0.002063899,0.001920948,-0.001331675,0.001570719,-0.001391365,-0.000742032,-0.000345398,-0.002302948,0.001022355,-0.001509655,-0.000209047,0.001020042,-0.000812638,0.000164422,-0.000498459,-8.71E-06,-0.000232253,0.000533159,-0.00062016,0.0009462,0.001360672,0.000427026,0.000768816,0.001573497,0.00068539,0.000139365,1.24E-05,-0.000495919,2.44E-05,0.000101537,0.000140629,1.5232,0.9849,1.4741,1.176,1.5964,1.294,1.9207,1.2594,2.0458,1.267,2.1397,1.281,2.226,1.2994,2.3015,1.3037,2.3792,1.3101,2.4569,1.3112,2.5716,1.2828,2.66,1.2238,2.7161,1.1303,2.0178,1.1214,2.0814,1.1818,2.1332,1.1731,2.1742,1.2184,2.2282,1.1947,2.253,1.2508,2.3155,1.212,2.3371,1.2497,2.3835,1.2195,2.4148,1.2411,2.4684,1.281,2.4518,1.1911,2.5439,1.2335,2.6036,1.1789,2.6496,1.1178,1.8193,1.0227,1.8193,0.9682,2.0167,1.0647,2.1332,1.1003,2.2249,1.1178,2.313,1.1289,2.3819,1.1332,2.4498,1.1359,0.439561247,0.168737696,0.092338508,0.071477339,0.055596403,0.064678899,0.077642514,0.125330643,0.094937927,0.08823973,0.075622351,0.077963132,0.077707786,1.201728576,0.210086887,0.271203116,0.210752295,0.0545,0.097424638,0.08899764,0.068412353,0.175443723,0.188505729,0.191413819,0.184101276,0.188222342,0.217080837,0.394753151,0.067664614,0.072090013,0.843669515,0.124817026
PBX009V17,PBX,0,1.949978931,-0.033829267,-0.011889837,-0.005739624,0.003695476,0.001349008,-0.00030829,-0.000534767,-0.008752156,0.003135016,-0.003223597,0.008836667,0.000571246,0.006487306,0.002444131,-0.003419707,-0.002254139,0.001793247,0.005359036,-0.000428975,0.001180447,0.010100342,-0.002604939,0.00382431,-0.000549002,-0.004609645,0.003617293,0.001661187,-0.001013522,-3.74E-05,-0.001239169,-6.01E-05,0.001090314,4.84E-05,0.000596584,0.000340576,0.001978113,0.002268119,-0.000850722,0.00191368,0.000196412,0.000471475,0.000530889,-0.00017036,-0.001501183,-0.000683067,0.000966567,0.000412421,0.000485185,-0.002522072,0.001238478,-0.001731245,-0.001002806,0.000716027,0.000578566,-0.000897588,0.001235623,-3.81E-05,6.00E-05,0.000731789,0.000144568,0.000256765,0.001050956,0.001067251,0.00062844,-0.000605917,0.000609852,-0.000346412,0.000199276,1.4995,0.9892,1.459,1.1882,1.5885,1.3015,1.8851,1.2587,2.0102,1.2745,2.1386,1.2918,2.2163,1.3004,2.2843,1.3155,2.3749,1.3155,2.4515,1.3118,2.5512,1.2767,2.6474,1.2059,2.6999,1.1052,1.9876,1.1221,2.0545,1.1767,2.1084,1.1674,2.1523,1.2134,2.2156,1.1969,2.2429,1.2465,2.3004,1.2114,2.3166,1.2627,2.3716,1.2131,2.4051,1.2443,2.452,1.2821,2.4543,1.1796,2.5297,1.2379,2.5955,1.1688,2.637,1.0971,1.7853,1.0005,1.7848,0.9542,1.9826,1.0606,2.107,1.103,2.2114,1.1208,2.3004,1.1289,2.3722,1.1321,2.452,1.1294,0.470228817,0.170780005,0.107365404,0.079588002,0.060106322,0.061896123,0.077340028,0.126093814,0.129560218,0.078174484,0.069656371,0.0906,0.076689308,1.205991774,0.226988854,0.256621745,0.194882785,0.0463027,0.111184936,0.08603075,0.071220292,0.182400685,0.203376424,0.191010628,0.185851661,0.196932704,0.220793705,0.398937313,0.063419398,0.063796708,0.86409794,0.141942664
PBX009V18,PBX,0,2.00250511,-0.021009605,-0.013321969,-0.024160348,0.012611367,0.010933306,0.003122985,0.003028717,-0.011804807,-0.002074282,-0.003369743,0.007619996,-0.009940026,0.007696301,-0.001055063,0.001413531,-0.002050493,0.005379124,-0.004269336,0.006705233,0.002370195,-0.001215868,-0.003279256,0.000875762,-0.002089145,0.002287403,0.000569665,0.001505538,-0.00150166,-0.00207625,-0.00082473,-0.000871179,-0.004847062,0.000345107,-0.00408543,0.000813908,6.10E-05,-0.001486999,-0.002188895,-0.000294858,-0.000876543,-0.000849274,0.00089614,-0.002972997,0.00073949,0.000871504,-0.000198729,0.000237908,0.001101093,-0.000499868,0.000663097,0.001965145,0.000590154,0.000237995,0.000971889,0.001170853,-0.000120807,0.000360403,-0.00089225,-0.000653309,-0.001258715,-0.000481598,0.000386159,-7.10E-05,-0.000455955,-0.000117009,-7.95E-05,0.000283464,0.000218888,1.48,0.9914,1.4234,1.1893,1.5561,1.2767,1.8833,1.2397,1.9977,1.2461,2.1041,1.2562,2.2044,1.2659,2.2767,1.2724,2.3598,1.2843,2.4346,1.285,2.5521,1.2537,2.6543,1.1775,2.7136,1.085,1.9606,1.0912,2.0372,1.1494,2.1019,1.1343,2.1413,1.1893,2.198,1.1704,2.2298,1.2201,2.2843,1.1834,2.3123,1.2233,2.3662,1.1893,2.3943,1.2087,2.4428,1.2544,2.4482,1.149,2.5302,1.2109,2.6025,1.1429,2.6478,1.075,1.7542,0.9826,1.7513,0.9164,1.9585,1.0254,2.1009,1.0653,2.1926,1.0836,2.2756,1.0922,2.3598,1.0955,2.4435,1.0965,0.491013849,0.167414277,0.104456402,0.076547044,0.052371748,0.060647918,0.0831,0.114578881,0.106878295,0.100767951,0.072591597,0.083947722,0.074803275,1.237145877,0.233542159,0.273007619,0.208061193,0.066263489,0.102656807,0.08727365,0.08211224,0.188709989,0.195446207,0.18772621,0.193966518,0.208179922,0.227111272,0.409779367,0.066555541,0.062292857,0.910420897,0.136341813
PBX009V19,PBX,0,1.98107232,0.005403718,0.011709483,0.00064835,-0.000522033,0.014388862,0.011306206,-0.001850913,0.003171292,0.000263529,-0.007699008,0.000331882,-0.003522953,-0.009674588,0.002531004,-0.002429848,-0.010045711,-0.007880445,0.001452513,0.004782374,-0.00063422,-0.001750286,0.004831554,0.001043964,0.000545521,-0.000612541,0.005121715,0.000189093,-0.000484471,-0.003558841,0.00461148,-7.84E-05,-0.00028759,-2.31E-05,0.001087945,0.001497232,-0.003541045,-0.000898648,-0.00023521,0.00010726,-0.001238759,-0.001385956,-0.000944834,-0.004148768,-0.001458556,0.000961492,-0.000424464,0.000234539,0.000840011,0.000578594,-0.000245776,0.001269791,0.000478039,-0.000260825,0.000787169,-0.0019062,-0.003119461,-0.00132836,0.000380184,-0.000555817,0.000466482,0.000239685,0.000259801,-9.90E-05,0.000255819,-0.000974178,-3.05E-05,0.001048448,-0.000256951,1.4768,0.9838,1.4669,1.1818,1.6496,1.3026,1.8883,1.2713,2.0016,1.2875,2.13,1.3015,2.2314,1.3166,2.3026,1.3188,2.3731,1.3332,2.45,1.3375,2.5701,1.3053,2.6607,1.24,2.7384,1.1505,1.9955,1.1206,2.0566,1.1737,2.1052,1.165,2.158,1.2249,2.2055,1.2001,2.2406,1.267,2.2839,1.2195,2.3083,1.285,2.3637,1.2231,2.3961,1.2562,2.4558,1.3065,2.4709,1.2015,2.5448,1.2713,2.6187,1.2039,2.6715,1.1429,1.7837,0.9984,1.7808,0.9351,1.9941,1.0552,2.1048,1.0926,2.1983,1.1178,2.2803,1.1321,2.3619,1.1386,2.4709,1.1472,0.482234352,0.18493872,0.126393987,0.081557097,0.050446011,0.034277252,0.080361682,0.114452304,0.129160985,0.102518145,0.071233981,0.071955611,0.077020127,1.272565696,0.228665542,0.272318288,0.193665407,0.063366395,0.106264293,0.080764596,0.079881162,0.191444248,0.189706431,0.19087027,0.195986173,0.220536278,0.240609331,0.390217491,0.067330305,0.055382398,0.91461868,0.15590356
PBX009V20,PBX,0,2.017435802,-0.054191713,-0.033117395,-0.032168329,0.001797902,0.010075833,-0.007922756,-0.000801073,-0.002493173,0.003778637,-0.000537335,0.000723377,0.001284418,0.008201818,0.011321267,-0.001025865,0.00394941,-0.004925195,-0.006564749,-0.0044269,-0.002426799,-0.002008367,-0.00076348,-0.003395622,-0.000590745,-0.001537164,0.003912518,0.000170231,-0.003839737,-0.002388174,0.003881166,-6.71E-05,4.17E-05,-0.001314083,0.000281952,0.000592584,0.002347451,-0.002639775,-0.003489148,0.001597348,-0.000898618,-0.003411683,-0.003451325,0.000509028,-0.000386927,0.001181668,-0.000137418,-0.000823107,0.000877387,-0.001770357,-0.000149978,-0.000679839,-0.000331655,-0.000436089,-0.000881612,0.001177312,0.000611678,0.000343181,0.000708279,-0.000275584,0.001835228,-0.000466862,-4.35E-05,-0.000414224,0.000672967,0.000347325,-0.000727397,-0.000222572,-0.000508059,1.4865,1.0054,1.4522,1.1588,1.5334,1.2803,1.8776,1.2558,2.0271,1.2673,2.1415,1.2825,2.2364,1.294,2.3163,1.3033,2.3875,1.3098,2.4628,1.308,2.5809,1.2691,2.6816,1.2008,2.742,1.1109,1.9941,1.1268,2.0761,1.1836,2.1343,1.1641,2.176,1.2202,2.2379,1.1926,2.2627,1.2481,2.3209,1.2023,2.3587,1.2357,2.3975,1.2109,2.4272,1.2346,2.472,1.2816,2.4763,1.1828,2.5561,1.2314,2.6291,1.1649,2.6636,1.1037,1.7941,1.0214,1.7927,0.9613,1.9973,1.0604,2.1365,1.0987,2.2422,1.1174,2.322,1.1268,2.3975,1.1311,2.4757,1.1316,0.485440872,0.17381959,0.096988092,0.071214746,0.052900851,0.079796742,0.085036051,0.149941655,0.115405372,0.095594247,0.080439418,0.071496084,0.075321511,1.259924799,0.225788507,0.275256426,0.206087578,0.060116304,0.107448639,0.083564885,0.077081256,0.176871055,0.190384558,0.187838228,0.193386918,0.200983382,0.229148969,0.411093043,0.078729918,0.063600786,0.882465053,0.111564331
PBX009V21,PBX,0,1.94687304,-0.028257884,-0.020388544,-0.017556428,0.001942651,0.01009179,-0.005011071,0.000258908,-0.002128861,0.001277895,0.000988764,0.004932822,-0.002412843,0.004191074,0.000828392,-0.000396167,-0.002932897,-0.003410067,-0.00122645,-0.007967434,0.000626744,0.000662217,-0.00122959,0.000367723,0.005933035,-0.002146806,-0.002949271,0.001651521,-0.000200096,0.000711273,0.002453288,0.002200099,0.00011021,0.00038507,0.000265349,0.00173238,0.001543883,0.001074942,0.003234639,0.000238578,0.000290125,-0.000631204,0.00146292,0.000288378,0.00245873,0.00072278,-0.000877098,0.001308539,0.000707669,0.000580189,5.80E-05,0.001771399,0.000941855,-0.001035197,0.001183025,0.000335222,-0.000301257,0.001117357,-0.00016533,0.001303615,-0.001068571,-0.000366737,-0.000903522,-0.000615093,0.000622093,0.000909264,0.000206766,0.000266099,-0.000201902,1.4984,1.028,1.4752,1.2012,1.5939,1.3145,1.8844,1.29,2.0311,1.2943,2.1365,1.3037,2.2217,1.3123,2.2918,1.3177,2.3781,1.3274,2.4482,1.3252,2.5672,1.2914,2.6607,1.2217,2.7201,1.1311,1.9944,1.1419,2.0671,1.19,2.1275,1.1828,2.1699,1.2274,2.221,1.2087,2.2519,1.2555,2.3109,1.2166,2.3274,1.2691,2.3846,1.2292,2.4072,1.2497,2.4579,1.2902,2.4595,1.1974,2.5363,1.2469,2.6061,1.1836,2.6507,1.1246,1.7963,1.0286,1.7913,0.9822,1.9876,1.075,2.1232,1.1134,2.2179,1.13,2.3101,1.1392,2.377,1.1424,2.4542,1.1435,0.46839968,0.184482005,0.110338071,0.083290155,0.064329464,0.060243838,0.082970477,0.146763006,0.105818335,0.085632938,0.070307681,0.086843422,0.070134514,1.226042618,0.221527651,0.268901562,0.202662108,0.046668619,0.097020926,0.09024644,0.074769312,0.181799037,0.194908004,0.194366072,0.191827136,0.202995616,0.238485304,0.38651009,0.06970373,0.066579051,0.871117742,0.136062669
PBX009V24,PBX,0,1.989713874,-0.023439033,0.003428636,-0.018560428,-0.001058547,0.002325353,0.005087737,-0.006502099,-0.005470125,0.002436689,5.66E-05,-0.000745768,-0.002248373,-0.000471886,0.000799926,0.000580033,0.001343559,-0.001598668,-0.000788174,-0.004428213,-0.000506261,0.001908203,-0.004972162,-0.000484943,-0.002698973,-0.002755173,-0.001538317,0.000309249,-0.000887718,-0.001682286,-0.000264284,0.003624369,2.45E-06,0.002323976,-0.003059099,0.001020288,0.002448239,0.002496235,0.000550189,-0.000326656,0.000722876,3.39E-05,0.001124186,-0.001439794,0.001857657,0.001181054,-0.002390631,-0.000457409,-0.000386115,0.000466436,0.001212344,0.00151376,-0.0001264,-0.000537998,0.000383231,-0.001355964,0.001576901,-0.000599701,-0.001043323,8.55E-05,-0.00095342,-0.000724503,0.000270822,0.000183395,0.001078888,-0.000363084,6.34E-05,0.000176833,-0.000754949,1.4736,1.0162,1.4583,1.2163,1.6194,1.3083,1.8923,1.272,2.0304,1.2778,2.1411,1.2936,2.2346,1.2979,2.3065,1.308,2.3889,1.3155,2.4601,1.3123,2.5831,1.2697,2.6688,1.2012,2.7201,1.1138,1.9898,1.1375,2.0588,1.185,2.1214,1.1775,2.1645,1.2249,2.2195,1.2033,2.2573,1.2497,2.3145,1.2141,2.3328,1.2584,2.3864,1.2238,2.4101,1.2494,2.4694,1.2799,2.4759,1.1821,2.5534,1.2335,2.6197,1.1704,2.6618,1.1046,1.7736,1.0236,1.7679,0.9581,1.9836,1.0667,2.1192,1.1077,2.2136,1.1214,2.3118,1.1305,2.383,1.1321,2.4745,1.1282,0.488141752,0.166121943,0.097048442,0.072575822,0.053277857,0.056141339,0.069416497,0.138221742,0.111821867,0.093598825,0.072605923,0.082740619,0.071271874,1.250315164,0.207542309,0.253571548,0.193843287,0.065747547,0.10143594,0.095611924,0.072551361,0.184662313,0.191815171,0.184343701,0.186839744,0.191883949,0.224685959,0.380384398,0.059021437,0.057960763,0.905825292,0.135910743
PBX009V26,PBX,0,1.985548828,-0.043789212,-0.013367426,-0.013281696,-0.000789634,0.018298208,-0.005135369,0.000673854,0.007686452,-0.00499129,0.00473081,0.000576798,-0.000354052,-0.001601562,-0.000996038,0.003777291,0.003177632,-0.011435061,0.002604016,-0.003892007,-0.002013159,-0.004208239,0.001679957,-0.002988886,-0.001261823,-0.003276009,0.004777977,0.002637207,-0.001075475,1.42E-05,0.000634428,0.000653724,-0.000439576,0.002654539,0.002237852,-0.000368857,-0.002700898,9.20E-05,-0.004192361,-0.000180812,0.000362388,-0.002304433,-0.002058063,-0.001748647,0.000645865,-0.000742772,-0.001624047,-0.000287329,-0.001175096,-0.000312545,0.00202209,0.000304559,-5.27E-05,-0.000313792,0.000480473,-0.000340022,0.000985146,0.001564194,0.000333414,-0.001089723,-0.000496742,8.80E-06,0.000501432,-0.000390807,-0.000645217,0.000286869,-0.000552391,-0.000340151,-0.000250961,1.4479,1.0192,1.4292,1.1688,1.5759,1.3198,1.883,1.2789,2.0178,1.2864,2.1289,1.2907,2.2282,1.3015,2.295,1.3091,2.3668,1.3172,2.4455,1.3128,2.559,1.2735,2.6568,1.2037,2.7172,1.116,1.9865,1.1397,2.0584,1.1864,2.121,1.1764,2.157,1.2282,2.2131,1.2023,2.2422,1.2605,2.2994,1.2109,2.322,1.253,2.3716,1.2195,2.4008,1.2476,2.4515,1.2886,2.4525,1.1893,2.5288,1.2368,2.6028,1.1699,2.6446,1.1095,1.788,1.0243,1.7848,0.9671,1.9833,1.0663,2.1156,1.1052,2.2077,1.123,2.2929,1.1311,2.37,1.1332,2.4493,1.1316,0.468632223,0.173461494,0.107927568,0.068526345,0.043324358,0.062259216,0.0774607,0.135008481,0.111183182,0.099885585,0.067230945,0.07225545,0.078822903,1.272985754,0.22323416,0.274661574,0.20480686,0.057289441,0.095672462,0.086727447,0.072710384,0.181239841,0.191221887,0.182269718,0.185290933,0.205908426,0.23507201,0.409922554,0.072890397,0.063705887,0.871512364,0.129058281
PBX009V27,PBX,0,2.005251658,-0.021390062,-0.006904921,0.001953579,0.0052838,0.014994201,-0.002933984,-0.005719947,-0.004309159,-0.008465291,0.002948282,-0.00186607,-0.006255406,0.004066069,0.00011562,0.006949194,-0.001293795,0.002276421,-0.007401866,-0.006306645,0.003550937,-0.002111544,0.003082757,0.005755471,-0.002348305,0.001282816,-0.00136353,-0.005793375,0.000721649,0.001331639,0.000984421,0.001690134,0.000900475,-0.001705722,0.000941349,0.001826466,0.001142176,0.001133588,-0.000222671,0.001812768,0.001399069,0.003085,4.92E-05,0.000110679,-0.002921703,0.000789565,-0.000666108,0.000601577,-0.000392224,-8.69E-05,-0.00011416,-0.000435803,-1.86E-05,0.000262842,-0.000701438,0.000902372,-0.000460125,-0.000766818,-0.000526513,0.000452391,-0.000899623,-0.000670581,0.000462499,4.84E-05,-6.96E-07,-0.000172822,-1.97E-06,-0.000273925,0.000306203,1.4779,0.9795,1.4407,1.1926,1.6025,1.3285,1.8873,1.281,2.0415,1.2875,2.13,1.3058,2.2174,1.3198,2.2943,1.3245,2.3835,1.3324,2.4497,1.3324,2.569,1.2967,2.6688,1.2292,2.7346,1.1273,1.9919,1.1365,2.0609,1.1882,2.1257,1.1828,2.1591,1.2238,2.2174,1.2001,2.2454,1.2573,2.3026,1.2184,2.3306,1.2584,2.3824,1.226,2.4137,1.2465,2.4563,1.3004,2.4725,1.1909,2.5489,1.2587,2.6244,1.1882,2.674,1.1178,1.783,1.0214,1.7787,0.9552,1.9872,1.0602,2.1217,1.1027,2.2123,1.1185,2.2958,1.1278,2.3738,1.1343,2.4655,1.1343,0.483669019,0.178385566,0.10117732,0.087010402,0.0684854,0.075411538,0.091054105,0.154336937,0.09037223,0.08851418,0.077043494,0.089549149,0.0662,1.265361502,0.236896011,0.269706081,0.20000145,0.066339506,0.09331763,0.087143158,0.080161088,0.198729087,0.206146283,0.207389874,0.204583919,0.201452426,0.2423482,0.412794537,0.061340117,0.060434758,0.90994552,0.131404148
PBX009V28,PBX,0,1.963405163,-0.023623469,-0.003587815,-0.014862067,0.010302691,0.009664894,-0.000534842,0.004107684,0.002083993,-0.001397776,-0.001938561,0.00218178,0.004589165,0.001752095,0.005639268,-0.000808061,-0.000341725,-0.005853013,-0.005923976,7.07E-05,-0.002845414,-0.00083973,0.004743368,-0.001512398,0.00112504,-0.002132868,-0.000322345,-0.000706098,0.00146838,-0.000758776,0.002575002,0.000222488,0.001929721,0.000668587,-0.000811105,0.001274829,0.001518183,0.003002923,0.000664399,-0.00271488,0.00315502,-0.000282843,0.001268211,0.000446643,-0.000731097,0.000709497,0.001061642,-0.000211359,0.001577793,0.000866327,-0.001116382,0.000276129,0.00028984,0.000217661,-0.001909278,-0.000214739,0.000116893,-0.000325351,0.000603744,0.000586253,0.000726498,-0.000708547,-0.000615207,0.000484197,-0.000468453,-0.00062687,-0.000516443,0.000132882,0.000524641,1.48,1.0022,1.4655,1.1893,1.5949,1.2961,1.8883,1.2724,2.0189,1.2789,2.1397,1.2961,2.2325,1.3101,2.3037,1.3177,2.3824,1.3252,2.4444,1.3279,2.5608,1.2925,2.6539,1.2242,2.7165,1.1379,1.9915,1.1289,2.057,1.1785,2.1181,1.1757,2.1606,1.2282,2.2195,1.2023,2.2483,1.2548,2.3015,1.2184,2.3285,1.2648,2.3743,1.2228,2.397,1.2524,2.4515,1.2983,2.4579,1.1942,2.5361,1.253,2.6068,1.1872,2.651,1.1251,1.7896,1.0221,1.7859,0.9515,1.9881,1.0518,2.1127,1.0928,2.2104,1.1165,2.2979,1.1278,2.363,1.1343,2.4547,1.139,0.470949095,0.176755453,0.107386079,0.071043789,0.057512868,0.058424738,0.074249579,0.130761653,0.122018359,0.093850093,0.071604469,0.079056562,0.062058762,1.243923929,0.219416613,0.264657609,0.198282627,0.070696888,0.104830911,0.083565603,0.072932846,0.189180602,0.192748671,0.193676147,0.193014637,0.208402615,0.242124761,0.393992589,0.066738969,0.059894991,0.882346287,0.134983332
PBX009V29,PBX,0,1.909509074,-0.021542373,0.02180817,0.005465729,0.010010345,-0.007747357,0.006204831,0.000699979,0.006477918,0.001940257,-0.000171501,0.00809693,-0.005118212,-0.000669463,-0.002344843,-0.000214552,-0.001522798,0.002762491,-0.001634606,0.00127444,0.003801321,0.000202796,0.000711563,-0.004639938,0.001734759,0.000902876,0.002224999,0.001241875,-0.000124544,0.001335344,0.00122986,-0.00036323,0.000826874,0.003068106,-0.001129096,-0.001505429,0.002490173,0.001430448,-0.000399785,-0.001024982,0.002025146,0.001818341,0.000973169,0.002009779,-2.58E-05,-0.001648065,0.004035241,0.001931346,-0.002230482,0.001622033,0.000907253,0.001304235,-0.000859206,0.000300093,-0.00124241,-0.000544196,0.000178051,0.001014133,6.42E-05,-0.000863865,-0.00057223,0.000185463,-1.89E-05,0.000299846,-0.000112753,-0.000289961,-0.0004422,0.000854702,-0.000809275,1.4865,0.9924,1.4622,1.2098,1.6446,1.3166,1.8948,1.2789,2.0174,1.2745,2.1196,1.2875,2.2202,1.3062,2.2965,1.3155,2.3792,1.3191,2.4428,1.3123,2.5521,1.2814,2.6284,1.2141,2.6661,1.1235,1.9872,1.1293,2.0455,1.1789,2.1009,1.1731,2.1397,1.2242,2.2023,1.2026,2.2325,1.263,2.2886,1.2184,2.3094,1.2673,2.3598,1.2206,2.39,1.2497,2.4471,1.2832,2.445,1.1893,2.5173,1.2341,2.5707,1.1748,2.6084,1.1133,1.7805,1.0088,1.7762,0.9419,1.9818,1.0498,2.0948,1.0915,2.1947,1.1138,2.2789,1.1268,2.3501,1.1289,2.4428,1.1316,0.461715107,0.175834923,0.099644217,0.066414607,0.044916923,0.049896393,0.070235319,0.122678931,0.103023492,0.102323262,0.076864686,0.082778318,0.063962489,1.186862827,0.194752176,0.230683441,0.185069176,0.067038049,0.105604025,0.087734429,0.071233981,0.1807,0.194145615,0.188759238,0.189239795,0.198695143,0.245062869,0.397138074,0.058594624,0.069812463,0.849667464,0.144260355
PBX009V30,PBX,0,1.937891848,-0.033956699,-0.002684281,0.00297691,0.002724587,0.008560481,-0.001468158,-0.002973355,-0.002382193,0.000883353,0.003633182,0.001174609,-0.003443115,0.007734984,0.00367356,0.009451651,0.008476094,-0.011933691,0.007872061,0.000645161,-0.014294672,-4.78E-05,-0.001110205,-0.005658565,0.005394137,0.012834935,0.003009737,-0.008136071,0.005574481,0.000263582,0.005646489,-0.001491716,-0.003927211,0.00343633,0.002633518,0.001417032,-0.00066115,0.000804732,0.002204754,0.002317518,-0.000541712,0.000452055,-0.000367596,0.001626986,-0.000393375,-0.002218903,0.000189465,-0.000397492,0.000855469,6.66E-05,-0.001389988,-7.35E-05,-0.001142411,-0.001310192,-0.000113708,-9.28E-05,-0.001647212,0.000402518,4.65E-05,-0.000305477,-2.33E-05,0.001384554,-0.000298918,-0.000441771,0.000788703,0.000140351,0.000621473,0.000307416,0.000745639,1.4759,0.9633,1.4412,1.158,1.5922,1.2904,1.8813,1.2602,2.0043,1.2724,2.1158,1.2896,2.21,1.3076,2.2762,1.3076,2.3488,1.3127,2.4227,1.3076,2.5329,1.2665,2.6294,1.1996,2.692,1.1106,1.9757,1.1203,2.0426,1.162,2.1052,1.167,2.1476,1.208,2.1958,1.1872,2.2231,1.2497,2.2763,1.2037,2.308,1.2389,2.3457,1.2109,2.3738,1.2433,2.4295,1.2781,2.4417,1.2307,2.5146,1.2265,2.5793,1.1575,2.617,1.1057,1.7789,0.9984,1.7745,0.9385,1.9678,1.0451,2.1037,1.089,2.1936,1.1099,2.2756,1.1192,2.3457,1.1241,2.4342,1.1262,0.478898904,0.168770169,0.116854824,0.087577394,0.059363457,0.075702906,0.073765575,0.12360356,0.112818837,0.095904327,0.0662,0.072778912,0.074075772,1.224988367,0.222750129,0.277622225,0.190259034,0.060061385,0.092824566,0.082173597,0.069772487,0.18176416,0.196220539,0.19949416,0.195818615,0.208604698,0.231841023,0.396316666,0.075159896,0.065440202,0.858930783,0.120831825
PBX009V32,PBX,0,2.012218243,-0.022869259,0.0017345,-0.005704074,-0.003237251,0.008083948,-0.010102694,-0.005641486,-0.008380752,-1.08E-05,0.003386153,-0.002023244,0.001413056,-0.003209017,-0.00172736,-0.002648955,0.000966592,-0.006658509,-9.94E-05,0.001572473,0.002196101,0.002333518,0.001060421,0.001545182,-0.000720497,-0.001321479,-0.000261899,-0.004780232,0.002553257,-0.002986736,0.003221074,-0.002031575,-0.001486956,0.001136877,0.00123726,-0.003552812,0.002343842,-0.000788053,0.003477928,0.000611749,0.004062852,0.000594144,-0.002114599,-0.000378167,0.003319854,-0.002557204,0.000125009,0.001399004,0.001367214,-0.000936144,0.000345711,0.000248634,-0.000629519,-0.000547463,0.000253507,0.002128766,-0.001361396,0.002025923,-0.005279619,0.002779105,-0.000120021,0.000959862,0.000355168,0.000590209,0.000966048,-0.000255062,-0.000778848,-0.000871584,0.000321464,1.4542,0.9817,1.4324,1.1861,1.5992,1.3112,1.8776,1.2799,2.0092,1.2864,2.1268,1.3004,2.2152,1.3112,2.2983,1.322,2.3727,1.3306,2.4417,1.3263,2.5601,1.2911,2.6629,1.2141,2.7179,1.1257,1.9815,1.1325,2.0527,1.1785,2.1095,1.1814,2.1641,1.2166,2.2138,1.208,2.2454,1.2605,2.2965,1.2159,2.3188,1.2727,2.3741,1.221,2.3943,1.2569,2.4504,1.2983,2.4644,1.1936,2.5388,1.2492,2.6095,1.1802,2.6613,1.1138,1.7542,1.0146,1.7496,0.9549,1.9806,1.0669,2.1073,1.1041,2.2098,1.1235,2.2923,1.1338,2.3716,1.1386,2.4385,1.1365,0.486750059,0.180338487,0.116338558,0.091726387,0.059012965,0.053392322,0.076800065,0.131760427,0.118430402,0.089057285,0.083798866,0.074895394,0.069133856,1.271878017,0.228600087,0.262436011,0.199555757,0.059876957,0.107638515,0.083076471,0.07776741,0.189826974,0.19750557,0.193430013,0.19540371,0.207019081,0.236596703,0.386742615,0.057837445,0.06325164,0.925443731,0.144120262
PBX009V33,PBX,0,1.927676137,-0.03690223,-0.007946167,-0.002066148,0.000253083,0.004596808,0.003476633,0.000595816,-0.002857997,-0.001382242,0.001342445,0.010136886,-0.005282281,0.000482569,0.001245778,-0.004496995,0.001196082,0.001843019,0.000617427,-0.006815789,0.001153041,0.005619495,0.005058364,-0.001857466,0.005727937,-9.62E-05,0.005901227,0.000285297,-0.002269195,0.000733877,0.002518724,0.000756523,0.004381193,-0.0023282,-0.003260488,-0.000153936,0.000162594,0.002583789,0.002228125,-0.000989801,-0.001379547,-0.00249335,0.003066056,-0.001081795,-0.000695465,0.001764301,0.000106737,0.0005727,-0.00031105,0.001032964,-0.000748025,0.000998568,0.00212826,-0.002726554,0.001193579,-0.000274215,-0.000154284,-0.001641101,-8.24E-06,-1.12E-05,0.000827083,0.001317763,-0.000674889,0.000893689,-0.001513932,-0.000770607,0.00010251,0.000368153,0.000412575,1.5061,0.9869,1.4802,1.1753,1.614,1.2976,1.9013,1.2605,2.0329,1.2724,2.1375,1.2907,2.2174,1.3026,2.294,1.3091,2.3867,1.3231,2.4579,1.3148,2.5658,1.2781,2.6593,1.2026,2.7089,1.1127,2.011,1.1178,2.0721,1.1803,2.1275,1.1645,2.1627,1.2292,2.2246,1.1933,2.2461,1.2544,2.3101,1.2091,2.3245,1.2638,2.3808,1.2152,2.4123,1.2407,2.4648,1.2778,2.4626,1.1864,2.5388,1.2325,2.5982,1.1667,2.6375,1.1057,1.8067,1.011,1.8053,0.9556,2.0045,1.0584,2.1196,1.0922,2.2131,1.1138,2.313,1.1253,2.3786,1.1294,2.4622,1.1311,0.456780604,0.179992722,0.100095205,0.066462696,0.056097504,0.054610805,0.086285109,0.132136937,0.106188747,0.08078131,0.076875289,0.093751213,0.071682146,1.209360773,0.218711614,0.257090218,0.19736598,0.055417687,0.101281045,0.086947628,0.070962666,0.18375032,0.198618353,0.201431502,0.192377156,0.199972323,0.226924327,0.391866929,0.071742317,0.070866212,0.84562808,0.144879847
PBX009V35,PBX,0,1.876965308,-0.012998963,-0.003069749,-0.011888143,0.00657138,-8.46E-05,0.007014531,-0.009793263,0.005525537,0.003749783,0.005755853,0.002543957,-0.008030607,0.002498116,0.005294605,-0.004308344,-1.19E-05,-0.004920852,-0.00290224,0.000588209,0.004668578,0.009140585,0.000790207,0.001146886,0.000875417,0.003365119,0.00220741,-0.002362017,0.003834368,0.00166085,-0.001706586,-0.002147943,-0.00398478,0.001575921,-0.002196922,-0.000813872,0.000979571,-0.001127454,0.000730688,-0.001554359,0.000370286,0.000291494,0.000558107,-0.002336851,0.002012279,-0.00051271,0.00027641,0.000826188,-0.000540257,0.001477378,0.000412592,-0.001311454,0.000159117,0.000403827,-0.000636477,0.002015911,0.000923748,-0.001809676,-0.000360892,-0.000793861,0.000266038,-6.15E-05,-6.76E-05,-0.001319468,-0.000570455,3.24E-06,-0.000169885,-0.00012474,-0.000505524,1.534,1.0086,1.5097,1.2012,1.6597,1.3101,1.9078,1.2681,2.0275,1.2778,2.1401,1.2947,2.2292,1.3076,2.3012,1.3206,2.3803,1.3378,2.4525,1.3382,2.5611,1.3055,2.6546,1.2407,2.7017,1.1548,2.0167,1.1338,2.0728,1.1802,2.1359,1.1796,2.1769,1.2211,2.2276,1.2077,2.2627,1.254,2.3105,1.23,2.335,1.2706,2.3831,1.2368,2.4083,1.2623,2.4601,1.3085,2.4752,1.2184,2.5356,1.2665,2.5971,1.2001,2.6348,1.1419,1.8172,1.0318,1.8128,0.9682,2.0146,1.0739,2.1318,1.1077,2.2253,1.1318,2.3044,1.1469,2.3806,1.1541,2.4734,1.1566,0.466239649,0.17290373,0.107600418,0.082287302,0.063207674,0.06035263,0.080524841,0.120092381,0.113861187,0.090028995,0.073164199,0.08094844,0.072201108,1.176816778,0.206103979,0.235259878,0.180780668,0.06375202,0.095908811,0.085846957,0.072917762,0.182798714,0.184463032,0.177424716,0.183835388,0.199530699,0.221630052,0.374613427,0.068132371,0.070388991,0.840152183,0.125106395
PBX009V36,PBX,0,1.934212968,-0.016282399,0.004411816,-0.0165319,-0.000708298,0.000969256,0.00586474,-0.006314879,0.003749537,0.000273955,0.002677136,-0.005516675,-0.009994204,4.49E-05,0.002200921,-0.001722197,-0.000313026,0.004104101,0.000788618,-0.006249172,0.001825497,0.006037995,0.000526684,-0.000917855,0.001986866,-0.002108724,-0.00204543,-0.000702752,0.000333306,0.000211052,0.003365646,-8.36E-05,-0.00168116,0.002522651,-0.001388886,-0.000905364,0.001374631,0.002616907,-0.00164887,-0.000480209,2.98E-05,-0.000645085,0.001225005,0.001291024,-0.002732811,0.000717193,0.000710192,-0.000166026,0.001890196,-0.001513576,4.02E-05,0.000377185,-0.001581119,0.001067308,0.000640016,0.000271066,0.00016933,-0.000323996,-0.000423641,-0.001118953,0.000957983,-0.000531237,0.000160442,-0.000604802,-0.000633497,-0.000136169,-0.000495191,0.000193366,0.000254501,1.4849,1.021,1.472,1.2141,1.6392,1.3155,1.8901,1.2807,2.0254,1.2814,2.1282,1.2965,2.2152,1.308,2.2864,1.3152,2.3756,1.3224,2.4515,1.3209,2.5593,1.2902,2.6472,1.2249,2.7012,1.1392,1.9905,1.1433,2.0559,1.1893,2.1055,1.1778,2.1487,1.2267,2.2127,1.2123,2.2436,1.2548,2.3026,1.2274,2.3263,1.2627,2.3723,1.2318,2.4022,1.2537,2.4569,1.294,2.459,1.2033,2.5383,1.2465,2.6009,1.1861,2.6402,1.1268,1.7799,1.0372,1.7767,0.9709,1.9898,1.0744,2.1019,1.1063,2.2082,1.1294,2.2999,1.1402,2.3706,1.1446,2.4595,1.1446,0.472326423,0.170173206,0.097018864,0.072748127,0.060305887,0.065941338,0.073669872,0.135301811,0.10390308,0.087756766,0.071563119,0.089490111,0.075914821,1.22202984,0.20721151,0.25053872,0.189435477,0.06637718,0.112614786,0.091159311,0.069838743,0.176481415,0.190247208,0.187965236,0.185263083,0.191081815,0.229128305,0.37101942,0.06224757,0.060408029,0.877460575,0.126135245
PBX010V02,PBX,0,1.964686385,-0.020834322,-0.001560224,-0.012462778,-0.004739757,0.006521669,0.010242,-0.002920622,-0.005125872,0.007365299,-0.008482921,0.00397808,-0.006601802,0.002612185,-0.001562673,-0.006151329,0.0044067,-0.004301029,-0.000389552,0.001418853,-0.000131733,0.007222677,0.008360244,0.00020463,-0.003053996,0.000710651,-0.000169484,-0.00387058,-0.001109802,-0.001464971,0.000864363,-0.000172061,-0.000636184,-8.56E-05,-0.001251138,0.000166984,-0.002417319,0.002410993,-0.00355081,-0.001245943,-0.000240423,0.002120094,-0.00029591,-0.000431477,0.001107895,0.001648805,0.000716584,-0.000555229,0.000988034,-0.000513829,0.001623128,-0.002209647,0.000534518,-0.000713268,-0.000135405,0.00087439,0.001607739,0.000647607,0.000496714,-0.000971091,-0.001187118,0.000729162,0.000550347,-0.001135659,-0.000461695,0.000781434,0.000827342,1.70E-05,-0.000390315,1.479,1,1.4687,1.185,1.6046,1.3058,1.8862,1.2594,1.9951,1.2691,2.117,1.281,2.2184,1.2994,2.2799,1.3101,2.3673,1.3188,2.4504,1.3112,2.5529,1.2713,2.651,1.2044,2.7071,1.1127,1.9797,1.1221,2.0415,1.1811,2.1055,1.1703,2.148,1.217,2.2048,1.1997,2.2343,1.2487,2.2896,1.2127,2.3091,1.2673,2.3641,1.2195,2.3932,1.2465,2.4518,1.2799,2.4601,1.185,2.5334,1.231,2.6025,1.1663,2.6456,1.1016,1.7675,1.0254,1.7627,0.9477,1.973,1.0545,2.0987,1.0933,2.2023,1.1149,2.2832,1.1253,2.3646,1.1289,2.4586,1.1275,0.48450033,0.166113034,0.099483466,0.071112587,0.053134734,0.051811968,0.076799089,0.109331148,0.122479468,0.103055907,0.062423874,0.087831942,0.083446809,1.233260273,0.221204882,0.257364119,0.19188322,0.077848121,0.103560852,0.085790675,0.074809692,0.183882925,0.200018824,0.18576827,0.186722521,0.204055385,0.222526965,0.391447595,0.06249368,0.061675441,0.896212932,0.149113413
PBX011V01,PBX,0,2.015889192,-0.011624623,0.009071403,-0.000513505,-0.001134702,0.00198424,0.000102573,-0.004121299,-0.001152337,0.001257416,-0.000778073,-0.000313575,0.004529754,-0.00685538,0.000572574,-0.000825251,-0.000753992,-0.000128305,-0.00086301,0.004490505,0.004559512,0.005636634,-0.000647363,0.00127451,0.00018699,-0.001009025,0.004433649,-0.000334779,0.00167318,-0.002213241,-0.003616084,-0.000291688,0.001466756,-0.000668261,0.002048985,-5.47E-05,-0.002499642,-0.001224155,0.000630494,-0.00075812,-0.000137804,0.001735832,-0.000189614,0.000576795,-0.001986528,0.00178941,-0.001212336,-0.000706694,0.001945611,-0.000230835,-0.001981521,-0.000307644,-0.000161938,-0.000123605,-0.001227871,0.000673061,0.001303761,6.41E-05,-0.001924679,0.000431243,0.000356802,-0.001722428,0.001125663,-0.000350578,0.000301928,-0.000256589,-0.00023272,0.000270223,0.000196193,1.5059,0.9978,1.4784,1.2174,1.6704,1.3317,1.9196,1.2871,2.0516,1.2954,2.1796,1.3163,2.2753,1.3256,2.3493,1.3306,2.4335,1.3371,2.5011,1.3357,2.6143,1.2994,2.7136,1.2282,2.7729,1.1311,2.0275,1.1437,2.0973,1.1904,2.1469,1.1803,2.2008,1.2357,2.2533,1.2134,2.2886,1.2659,2.3418,1.2271,2.367,1.2904,2.4216,1.2335,2.4475,1.276,2.5049,1.3118,2.5108,1.1953,2.582,1.2648,2.6559,1.1915,2.7028,1.1219,1.8042,1.028,1.8004,0.9585,2.0286,1.0739,2.1478,1.11,2.2503,1.13,2.3371,1.1392,2.418,1.1429,2.5059,1.1413,0.486046757,0.179460218,0.114514148,0.083341466,0.061163551,0.043924139,0.062683411,0.13226069,0.129695065,0.096150819,0.074168727,0.084450518,0.067614495,1.273992892,0.231254946,0.269848198,0.205451332,0.069603807,0.111429664,0.089554118,0.08005623,0.19445925,0.199877412,0.196377697,0.199264096,0.20887221,0.239447781,0.395193927,0.070701132,0.0683826,0.917074326,0.156068094
PBX011V03,PBX,0,1.962551207,-0.019705007,0.023400773,0.004115637,-0.005967463,0.008155948,-0.008504553,-0.003883755,0.005705051,-0.002981588,0.006140177,0.002077313,0.000164545,0.008269005,0.009772991,-0.002715611,0.003973893,0.000661808,0.006480967,0.005043623,-0.00229762,-0.003427013,-0.002755299,-0.0015434,-0.00048746,-0.004188991,-0.00024224,-0.004157156,7.87E-05,0.003954703,-0.001501254,-0.000838281,0.002196962,-0.002665411,0.004536479,-0.001470118,0.001097692,0.001885579,0.000152042,-0.004582003,-0.000543878,-0.002906863,0.001036405,-0.000495908,-0.001388689,-0.000669215,2.43E-06,-0.001871368,-0.00045633,0.00021066,-0.001089453,0.001139708,0.000352441,0.000544476,-0.000293178,-0.000201059,0.000551559,-0.00130907,-0.000393944,0.000646281,0.000727931,-0.001223434,0.00062693,-0.000243299,-0.000267459,-0.001292487,-0.00017189,0.000625323,-2.18E-05,1.4779,0.9978,1.4644,1.1828,1.6658,1.3109,1.9175,1.2799,2.0372,1.2896,2.1472,1.308,2.2433,1.3166,2.3306,1.3263,2.4029,1.3285,2.4655,1.3252,2.5687,1.2807,2.665,1.2023,2.719,1.1131,1.9984,1.1339,2.0624,1.18,2.1192,1.1721,2.1638,1.2274,2.2264,1.2037,2.2587,1.244,2.3112,1.221,2.3429,1.2433,2.3831,1.2228,2.4133,1.2433,2.4666,1.2913,2.4649,1.1882,2.5385,1.2443,2.6118,1.1641,2.6537,1.1025,1.7823,1.0056,1.779,0.948,1.9973,1.0615,2.1187,1.0971,2.2211,1.1192,2.3085,1.1284,2.3792,1.13,2.464,1.1296,0.469649593,0.166915577,0.112459771,0.082291676,0.074215362,0.083906436,0.085832395,0.120092381,0.111528292,0.09648404,0.087837236,0.072333464,0.06268692,1.246444263,0.225121856,0.264965696,0.200596161,0.057694454,0.111760458,0.086546693,0.071922528,0.195605751,0.202226729,0.199173994,0.20274775,0.209041862,0.232522257,0.380145564,0.066154743,0.065494122,0.888240024,0.118973022
PBX011V05,PBX,0,2.006249912,0.004970954,0.006742183,0.018846706,0.005271889,0.000408727,0.001769216,-0.00798342,0.002797216,0.006288884,0.002069551,0.004588657,0.00097591,-0.001696109,-0.005604875,0.001482752,-0.001743371,0.000378099,0.000397896,-0.001411958,0.006478031,0.002557332,-0.000819895,-0.00092253,-0.00101339,-0.002461822,0.002793908,-0.001761887,-0.000629006,0.000430357,-0.001072875,-0.002181389,0.00019453,-0.00062405,0.000247316,0.000526948,-0.001104135,-1.72E-05,0.000624265,0.000842786,0.002441282,0.001732736,-0.001991373,-0.000852975,-0.000595176,-0.001267737,-0.002029434,0.001120752,0.000811729,0.000464996,0.000204514,-0.000453476,-0.001182193,-0.001108014,0.000230046,-0.000260401,-0.000854108,-0.000438948,0.000842352,0.001040725,-0.000360787,0.000693594,7.92E-05,-0.000492271,-0.000235713,-0.000926605,0.000296096,-0.000313103,-0.000127367,1.4876,0.9601,1.4569,1.2012,1.6525,1.3421,1.8732,1.2918,2.0178,1.3026,2.13,1.3123,2.2303,1.3306,2.3076,1.3357,2.3853,1.3457,2.4547,1.3511,2.5744,1.3141,2.6751,1.2451,2.7362,1.1472,1.9955,1.1242,2.0602,1.1753,2.1134,1.1789,2.1624,1.2278,2.2213,1.2084,2.2522,1.2681,2.3037,1.2249,2.3252,1.2929,2.3813,1.2357,2.4072,1.2767,2.4608,1.3181,2.4838,1.2023,2.5478,1.2763,2.6183,1.2059,2.6715,1.1368,1.7869,0.9962,1.7841,0.9329,1.9926,1.0566,2.1127,1.1019,2.2213,1.1271,2.3053,1.1397,2.3835,1.1462,2.4811,1.1462,0.494506319,0.20747783,0.134175445,0.090498674,0.066225826,0.046277424,0.072392058,0.145002759,0.112618515,0.101955775,0.077468058,0.078340858,0.069609769,1.262540443,0.232453974,0.258344286,0.196029411,0.063361897,0.111860002,0.084035766,0.078347942,0.206593732,0.204134906,0.205104388,0.206481791,0.222005631,0.263771492,0.429840901,0.065530527,0.069013622,0.910524008,0.157860001
PBX011V06,PBX,0,1.832351858,-0.023589145,0.024079214,-0.012250788,0.005956896,-0.011237661,0.005940557,0.00415819,0.002907793,0.007567905,-0.005421424,0.001053315,-0.004476387,0.008374854,0.006200903,-0.006765302,0.001830236,-0.003964349,-0.002057346,0.001311501,0.000244077,0.003176992,-0.000629409,-0.001563668,-0.001624851,-0.003618433,0.000692822,0.002223309,-0.002737907,0.00111272,-0.001564632,0.001861576,-0.000890665,-0.001096542,-0.000133207,0.002011378,0.002361198,-0.001773459,-0.002053922,-0.001359022,-0.001781321,0.001833534,0.000706911,0.001396329,-0.001290935,0.001142142,-0.000277249,-9.82E-05,-0.000686204,0.001239564,0.001959588,-0.000906001,0.002155847,0.001614111,-0.00165765,-0.000469147,-2.40E-05,0.000500019,-0.00024714,-4.58E-05,0.000229572,0.000301067,0.000740312,-2.60E-05,-6.23E-05,0.000386845,0.000207495,0.00013879,6.72E-05,1.5318,1.028,1.5378,1.2238,1.6823,1.3101,1.9358,1.2616,2.0426,1.2724,2.1559,1.2864,2.2562,1.294,2.3231,1.3058,2.3997,1.3058,2.4687,1.2961,2.5674,1.2621,2.6381,1.199,2.6694,1.116,2.0059,1.1375,2.0739,1.1855,2.1246,1.1748,2.1699,1.2244,2.2249,1.2001,2.2611,1.2433,2.3062,1.2202,2.3385,1.2472,2.3781,1.2242,2.4076,1.2418,2.4676,1.2681,2.4551,1.1789,2.5313,1.2228,2.5831,1.1667,2.6143,1.109,1.8074,1.0334,1.8047,0.9649,2.0038,1.0669,2.1203,1.1025,2.2233,1.1224,2.2986,1.1289,2.3731,1.1325,2.4547,1.1316,0.451103757,0.142530067,0.092365037,0.063560994,0.050936235,0.060589768,0.064485735,0.107344678,0.114161684,0.100587524,0.067932687,0.0766,0.069678476,1.14099858,0.17818308,0.223340323,0.184100543,0.068553191,0.103441674,0.083747836,0.07201118,0.16509467,0.180368761,0.170457531,0.177309785,0.186824249,0.206233096,0.366257833,0.055542866,0.063783148,0.822324127,0.11980505
PBX011V07,PBX,0,1.938349902,0.005957398,0.001631185,0.014581786,-0.015480263,-0.004408551,0.009550352,-0.003781841,0.003589725,-0.000152011,0.004961525,0.002692843,-0.012455167,-0.000779614,-0.000195807,-0.004234987,-0.000861785,-0.002166375,0.001463568,0.000478353,0.000443271,-0.001948624,0.001388012,4.73E-05,-0.002851075,-0.000456949,-0.002168109,-0.001288412,0.001652753,-0.001421753,-0.000907295,-0.000906957,-0.003796508,-0.000675098,0.001340226,-0.00191468,0.003690212,-0.001606039,0.000370491,-0.000328225,0.003535342,-0.002390126,0.000874754,0.001450669,0.001625971,-0.001045314,0.000796727,-0.000118085,0.001116289,-0.000926524,0.001559424,0.000686086,0.001340075,-0.000217906,-0.000307634,-0.000493092,-0.000395635,-0.000303627,-0.000164818,-0.00029979,-0.00016297,0.000514406,-0.000225879,-0.000148109,0.000630903,-6.50E-05,0.000572158,-6.88E-05,-5.11E-05,1.5022,0.9757,1.4838,1.1969,1.6812,1.3198,1.8797,1.294,1.9966,1.2986,2.1102,1.3116,2.2084,1.3234,2.2954,1.3364,2.3774,1.3443,2.4453,1.3418,2.5701,1.3085,2.6624,1.2384,2.7179,1.1489,1.9989,1.1375,2.0566,1.1812,2.1154,1.185,2.157,1.226,2.2136,1.2174,2.2411,1.2638,2.2934,1.2379,2.3204,1.281,2.3763,1.244,2.4015,1.2663,2.4533,1.3123,2.4648,1.2123,2.5424,1.2648,2.6079,1.2051,2.6597,1.1361,1.8031,1.014,1.7999,0.9585,1.9924,1.069,2.1117,1.11,2.2109,1.1338,2.2886,1.1465,2.3749,1.1552,2.4626,1.1573,0.471866348,0.196725418,0.131843695,0.097558188,0.067981247,0.060779602,0.081638288,0.11699047,0.114341419,0.09890642,0.087965902,0.08237967,0.067946008,1.227975867,0.217524711,0.260919854,0.199316256,0.055592176,0.103406963,0.08239108,0.083124124,0.185309309,0.197872914,0.194230919,0.204336316,0.22094789,0.251647154,0.380299067,0.059590939,0.063868145,0.87795091,0.137098104
PBX011V09,PBX,0,2.030704952,-0.016748839,-0.013685924,0.004200499,-0.02666677,0.005349374,0.008129525,-0.002565071,0.000976449,-0.000882474,0.007714199,0.004573692,0.007746766,0.002810369,0.006138962,0.00440145,0.002058399,0.003218602,-0.00237125,-0.00522753,0.002104252,0.000367724,-0.002504118,4.36E-05,-0.005157505,0.000814508,0.002956759,-0.002198452,-0.000658086,-0.000138508,0.000767898,0.002676018,-0.001135835,-0.003441228,0.000853234,0.002588165,0.001072558,0.00039727,0.002698531,-0.000841987,0.001437257,0.000710106,-0.00209042,0.00155308,-0.002173567,-0.000913572,-0.000818133,-0.000792709,0.001983941,0.000747938,0.000923548,0.000497713,0.000547202,3.17E-05,0.000118004,9.51E-05,0.000862718,-0.000862057,0.000238794,-0.001253931,-0.000927948,0.001358807,-0.000515324,-0.00110801,-0.000506423,0.000132942,0.000286747,0.000341848,0.000578432,1.4887,0.972,1.4486,1.167,1.6435,1.2943,1.8614,1.2681,2.0289,1.2839,2.1393,1.3026,2.2357,1.3163,2.3191,1.317,2.3982,1.3242,2.4702,1.3206,2.5987,1.2826,2.7075,1.2001,2.7585,1.098,1.9941,1.1221,2.0681,1.1803,2.1321,1.1739,2.171,1.2235,2.2328,1.1969,2.2616,1.2465,2.3209,1.2109,2.3457,1.2627,2.4067,1.2157,2.4277,1.2454,2.4763,1.294,2.4908,1.1823,2.5694,1.2461,2.6456,1.1663,2.6902,1.0937,1.8058,1.014,1.8017,0.9585,1.9887,1.0541,2.1275,1.0965,2.2314,1.1187,2.3177,1.1241,2.4072,1.1278,2.4921,1.1221,0.500334818,0.197294932,0.110768226,0.085215609,0.074450319,0.060465279,0.084140894,0.168243544,0.111972541,0.097368629,0.083402938,0.079427011,0.072089944,1.276036065,0.244158145,0.280659545,0.217429828,0.055651235,0.103293223,0.089205437,0.085934161,0.199704432,0.208706133,0.208961336,0.205673576,0.211756275,0.249000582,0.371199246,0.068435225,0.070526945,0.898727595,0.148257411
PBX011V11,PBX,0,2.040981817,-0.039088498,-0.004584091,0.001536614,-0.004152511,-0.001488311,-0.010768381,-0.015478595,-0.005788958,-0.003276237,0.003828647,0.001144733,-0.000763914,0.006945562,0.004094362,-0.001320329,-0.002094358,-0.000307451,0.000278732,-0.000667302,-0.003964872,-5.18E-05,0.003443326,-0.003144012,0.001697232,-0.005545521,-0.005109309,-0.00322603,-0.002283027,-0.002405551,-0.001748056,0.000722153,0.002326865,-0.001969682,0.003312617,0.001317374,0.000856054,-0.00164398,0.00305938,0.002864923,-0.001589933,0.000105215,-0.000595002,0.000904133,-0.000315363,-0.000402935,-0.001674226,-0.001689201,-0.001246832,-0.001833068,0.000538325,-0.000948173,0.000756699,-0.002681866,-0.000669321,0.000785861,-0.000206311,-0.00233843,0.00153178,0.000807178,-0.000564748,-0.000342972,-8.84E-05,0.000247401,-8.67E-05,-0.000770751,0.000634673,-3.53E-05,0.000212841,1.4617,0.9633,1.4331,1.1828,1.5928,1.308,1.8883,1.2799,2.0221,1.294,2.1386,1.3141,2.2307,1.3256,2.3112,1.327,2.3946,1.3314,2.468,1.3256,2.582,1.2735,2.6766,1.2134,2.7384,1.1113,1.9984,1.1397,2.0674,1.1818,2.1246,1.1818,2.1731,1.2238,2.2325,1.2023,2.2605,1.2573,2.3188,1.2174,2.3457,1.2551,2.3975,1.2228,2.4342,1.2357,2.472,1.2843,2.4817,1.1839,2.5475,1.2379,2.6208,1.1742,2.6683,1.103,1.7713,1.0129,1.7686,0.9509,1.9926,1.0663,2.1257,1.1052,2.2314,1.1224,2.3242,1.1296,2.3968,1.1339,2.4817,1.1325,0.485316938,0.17826399,0.120999711,0.096666126,0.074517984,0.07974873,0.103569542,0.134540886,0.118221233,0.092815193,0.080512173,0.083515986,0.073628799,1.285249738,0.225321548,0.266768907,0.197119913,0.062058762,0.109830142,0.087611072,0.078885043,0.193585382,0.21122256,0.217159504,0.212980586,0.215356449,0.237704543,0.3980277,0.070589659,0.068192962,0.912466164,0.131531935
PBX011V12,PBX,0,1.993182165,-0.024936014,0.006104358,-0.004540978,0.001952837,0.002313589,-0.00166297,-0.010243231,-0.004660322,-0.004544896,-0.00277002,0.000594543,-0.0001662,0.005431757,0.008700734,-0.003409976,0.002293936,-0.002572026,-0.001764529,0.003104514,-0.001230929,0.002282656,-0.001943112,0.001468445,-0.00317776,-0.000783168,0.001283575,0.004406621,-0.001177342,0.001005421,0.002139176,0.001568774,-0.000180198,-0.00161605,0.001128775,0.000254165,-0.002032725,-0.003730676,0.001247695,0.00092357,0.000592133,-0.001308919,0.001334434,-0.001564449,-4.98E-05,-0.000337065,-0.000624055,-0.001046068,-0.001696083,-0.000996246,0.002462416,0.000732269,-0.000647348,9.95E-05,-0.000382558,0.001653171,0.001506905,0.000503582,-0.000618623,0.000347395,0.000421601,-0.000821967,-0.000418603,0.000207701,0.000343668,0.000430242,0.000622058,8.24E-05,-0.000177882,1.4854,0.9871,1.4676,1.2023,1.6316,1.3026,1.916,1.2652,2.0354,1.281,2.1541,1.2932,2.2533,1.3019,2.3296,1.3101,2.4051,1.3166,2.4795,1.3118,2.5917,1.2724,2.6802,1.2048,2.7377,1.0955,2.0067,1.1282,2.0771,1.1821,2.1325,1.1663,2.1821,1.2166,2.2332,1.1972,2.272,1.2411,2.3177,1.2071,2.3447,1.2384,2.397,1.2098,2.4245,1.2368,2.4844,1.2821,2.4887,1.1748,2.5633,1.2346,2.6223,1.1685,2.669,1.0879,1.7848,1.0097,1.7848,0.9498,2.0049,1.0584,2.1327,1.0939,2.2341,1.1117,2.3177,1.1199,2.3957,1.1224,2.4863,1.1203,0.484247416,0.164303043,0.107331729,0.081557097,0.06361077,0.073272778,0.082124296,0.120440857,0.119325312,0.099580771,0.076739364,0.075779285,0.074554678,1.256982836,0.229367849,0.261322578,0.193835626,0.0599,0.10533423,0.085077964,0.079345951,0.191620693,0.198998744,0.193057919,0.198348809,0.210887885,0.225098756,0.384627196,0.0691191,0.06833813,0.894919689,0.126716218
PBX011V14,PBX,0,2.01491271,-0.012269053,0.005419005,0.007092247,-0.001532701,0.004277846,-0.000411218,-0.002343101,0.002009648,0.008352181,-0.00485876,0.009858362,0.003324802,-0.000979471,-9.73E-05,-0.002233246,-0.003534603,-0.001735803,0.003155016,0.001232555,0.002282901,-0.001468015,-0.001432732,0.001726113,-0.000579117,0.000598167,0.002141381,-0.002183995,-0.001715251,-0.002340357,-0.00036037,-0.000760803,-0.000232519,0.003510514,-0.003601546,0.000988956,0.00253633,0.002710318,-0.000514019,0.003147746,0.000303018,-0.00156139,0.000300907,0.000705246,-1.24E-05,-0.000782426,-0.000777865,0.001035554,0.000975587,0.00158262,0.00091332,-0.001242688,-8.63E-05,-0.000534153,9.46E-05,-0.000112259,-0.001132236,0.000791264,-8.96E-05,0.000954325,0.000406955,-0.001406193,-0.000390747,-0.000195395,-0.000529343,-0.000631415,-0.000328395,-5.80E-05,-0.000498391,1.4941,0.9903,1.4666,1.1915,1.6413,1.3252,1.8905,1.2907,2.0286,1.3004,2.1494,1.3123,2.254,1.3231,2.3285,1.3306,2.4094,1.336,2.4773,1.3371,2.5917,1.2961,2.6834,1.2228,2.7449,1.1235,2.0027,1.1257,2.0696,1.1769,2.1311,1.178,2.1731,1.226,2.2314,1.205,2.2659,1.274,2.3209,1.219,2.3436,1.2886,2.3997,1.2325,2.4261,1.2632,2.48,1.3031,2.4914,1.1958,2.5708,1.2576,2.6341,1.1915,2.6837,1.1138,1.7896,1.0016,1.7875,0.9423,2.0022,1.0609,2.1289,1.103,2.2271,1.1241,2.3177,1.1379,2.3925,1.1408,2.4881,1.1401,0.493702036,0.199534057,0.130127822,0.08949514,0.050521481,0.044631939,0.074690896,0.13844024,0.121384719,0.105156074,0.074876565,0.081080022,0.06790891,1.257872362,0.230783448,0.263608687,0.193889144,0.059337172,0.103870544,0.090588355,0.079948046,0.197295819,0.200299875,0.195848743,0.203608767,0.221420076,0.255509158,0.409861989,0.061963941,0.058396746,0.912461884,0.155679318
PBX011V16,PBX,0,1.846516574,0.004363108,0.022522161,0.007116061,-0.002126071,0.004002608,-0.005664724,-0.002218372,-0.00192716,-0.004948403,0.004045509,0.012847088,-9.35E-05,0.000650261,0.003086827,-0.000217703,-0.002550144,0.000910558,0.001841733,-0.000303311,-0.001360141,0.001861012,0.000838247,-0.001988446,-0.002454521,0.00134084,0.000724917,0.002548713,0.000438682,-0.004320321,0.002875738,0.000221706,-0.003545635,0.004092947,0.002171844,0.001929553,0.001852977,0.000857369,-0.000729736,0.001826452,-0.000898136,0.000871669,-0.000590149,0.001807016,0.001561932,-0.00101288,-0.000417515,-0.003203868,0.00129982,0.000690662,-0.002969695,0.00026231,0.001785219,0.001884191,-7.12E-05,0.000653707,0.000971506,-0.000824942,0.000540781,-0.000799092,0.000675434,0.000619778,-0.0007005,-1.33E-05,0.000357994,-0.001332626,-0.000337146,-8.05E-05,-0.000538408,1.5156,1.0076,1.5054,1.2131,1.6963,1.308,1.9045,1.2929,2.02,1.294,2.1321,1.3101,2.2206,1.3252,2.2875,1.3306,2.3572,1.3357,2.4263,1.3364,2.534,1.302,2.6294,1.2368,2.6769,1.1375,1.9944,1.1437,2.0599,1.1882,2.1124,1.1825,2.1541,1.2314,2.2073,1.2105,2.2314,1.2713,2.2853,1.2296,2.3101,1.2785,2.359,1.2371,2.3803,1.258,2.4331,1.3096,2.4293,1.2087,2.5151,1.2756,2.5761,1.2033,2.619,1.1311,1.7956,1.0173,1.7909,0.9527,1.9923,1.0735,2.1106,1.112,2.2026,1.1303,2.2825,1.1426,2.3551,1.1476,2.4306,1.1476,0.439730611,0.174191418,0.113073649,0.081717134,0.054971356,0.05679058,0.081061088,0.115505238,0.113250254,0.089778951,0.067117583,0.069886336,0.069103545,1.168542554,0.217900574,0.257633849,0.202063406,0.06477075,0.098944479,0.080304483,0.074080632,0.188848961,0.195086545,0.192806561,0.193127652,0.203303615,0.23631589,0.367678188,0.058252639,0.062953475,0.847098678,0.138418965
PBX011V18,PBX,0,1.867518949,-0.011915698,0.021421404,0.0072992,-0.009043052,0.001582648,-0.004165723,-0.004382164,0.000715124,-0.005905831,0.006782838,0.00402552,-0.005891229,-0.001515914,0.004140364,0.000926457,0.00152574,-0.001223379,-0.004712276,-0.000375664,-0.001644351,0.006287907,0.00143125,-0.00538801,0.003546254,-0.000933939,0.00367999,0.003875921,-0.001529734,-0.00202194,0.001519218,-0.000530632,-0.001580926,0.004350246,0.00075568,0.00220484,-0.000303346,-0.002553945,-0.000970609,-2.76E-05,-0.002853955,-0.00199989,0.000409781,0.001959169,-0.00098053,-0.000742199,-0.002619577,0.000312587,-0.00130938,0.001746414,0.000182436,0.000519635,-0.001708232,-0.000569832,0.001626814,-0.000729546,-0.001212834,0.000176383,-0.000175162,-0.000330957,-0.000810109,0.000592054,0.0007368,0.000854973,0.001274645,-5.79E-05,0.000372862,4.52E-05,-0.000213874,1.5027,0.9806,1.486,1.185,1.6812,1.2961,1.9013,1.2767,2.0171,1.286,2.1257,1.2997,2.2163,1.3141,2.281,1.3198,2.3554,1.3285,2.4342,1.327,2.5469,1.2956,2.6338,1.226,2.6802,1.1332,1.9991,1.1404,2.0624,1.1814,2.1091,1.1728,2.1458,1.2332,2.2055,1.2023,2.2379,1.2648,2.2868,1.2188,2.3101,1.2605,2.3565,1.2314,2.3857,1.2562,2.4382,1.2997,2.4338,1.2001,2.5167,1.2562,2.5739,1.1904,2.6061,1.1303,1.7898,1.0182,1.7862,0.952,1.9941,1.0649,2.1084,1.1066,2.2012,1.1251,2.2821,1.1354,2.3565,1.1419,2.432,1.1435,0.438780332,0.167757355,0.113987938,0.069471289,0.053824251,0.06605528,0.078392474,0.116172845,0.109460724,0.091737233,0.064950597,0.074906942,0.078814275,1.187347047,0.210101523,0.255320524,0.201670052,0.066297813,0.100812747,0.082957459,0.070829725,0.183513188,0.193258014,0.190429331,0.19022463,0.201295926,0.231238146,0.359763547,0.074156726,0.069680485,0.839063108,0.127353524
PBX012V01,PBX,0,2.027518084,-0.027245523,-0.007335993,-0.017048924,-0.002441423,0.021219983,-0.013493069,-0.001764816,-0.003865311,-0.003729232,0.003884565,0.003331132,0.00167743,0.002760975,-0.005563818,0.007847439,0.003107936,0.005800792,-0.000476404,-0.004429624,0.007955229,-0.002502486,-0.005763082,-0.000940654,0.000302867,-0.001522089,0.001332834,-0.004844111,-0.002049417,0.004253069,0.002502188,-0.002803996,-0.000512408,-0.00072528,0.001204565,0.002495613,0.001344359,-0.001903126,-0.000266043,0.000163108,0.000366958,0.001428337,0.000817949,0.000465964,0.000837182,0.000944848,0.001381669,0.001928783,0.000139484,0.001479167,0.002300108,-0.000492602,-0.000490829,0.000581101,-0.001264982,-0.000261389,0.000206415,-0.00017216,0.000338325,0.000121172,0.00048462,-0.00113876,-0.000316508,0.000839259,9.33E-05,-8.86E-05,-0.000585152,-0.000329949,0.000157841,1.4628,1.0194,1.4148,1.1846,1.5845,1.3227,1.8776,1.2832,2.0437,1.2875,2.1214,1.2994,2.2195,1.3069,2.294,1.3166,2.3749,1.3188,2.4396,1.322,2.5644,1.2932,2.673,1.2134,2.7344,1.1138,1.9721,1.1357,2.0512,1.1897,2.1152,1.1731,2.1591,1.2285,2.2224,1.199,2.2483,1.258,2.3037,1.2127,2.3285,1.2627,2.3835,1.2206,2.4061,1.253,2.4525,1.2907,2.4533,1.1828,2.5356,1.2458,2.6205,1.1703,2.6665,1.1019,1.7567,1.0164,1.7546,0.9624,1.9703,1.0626,2.1127,1.1041,2.2174,1.1197,2.3001,1.1271,2.377,1.1314,2.4525,1.1307,0.483499586,0.175175626,0.098087155,0.080300062,0.056750771,0.063995781,0.072822249,0.16615565,0.078605979,0.09838628,0.075128823,0.080929908,0.064779086,1.27509918,0.247152504,0.289444658,0.221820761,0.054040818,0.110284405,0.082446225,0.080190087,0.191734452,0.202948368,0.197039082,0.203735343,0.195950402,0.239285708,0.398434562,0.068934897,0.0679254,0.922508461,0.139971211
PBX012V02,PBX,0,2.018819412,-0.012113847,-0.01200032,0.005930754,-0.005717848,0.011408337,-0.002429472,0.004659632,-0.006894582,0.004648838,0.001188525,0.002098463,0.001363578,0.002372463,-0.004715237,0.003074828,-0.000802905,-0.001084175,-0.004021258,0.003349093,-0.000811688,0.004034305,-0.00637399,0.004405364,0.001397779,-0.001611382,0.000106036,0.002859144,-0.000184604,0.000376822,0.003124803,0.002265916,-0.003493289,-0.000783375,-0.000354419,-0.001565862,-0.001342071,0.000103588,-0.000705962,-0.001116844,-0.000655389,0.001107509,-0.000128203,0.00124537,-0.00052097,-1.56E-05,0.001996999,-0.000963821,-0.000194696,0.001179083,0.000386612,0.000620271,0.0019916,-0.000410058,0.000128014,-0.001541672,-0.000409847,0.001190796,0.000615274,0.000797959,-0.001030252,0.001564998,-0.000141416,-0.000221862,0.000865883,-0.000269073,0.000901985,-0.000524415,-2.76E-05,1.4844,0.9892,1.4302,1.199,1.6,1.3306,1.8646,1.3058,2.0016,1.3091,2.1278,1.3177,2.2238,1.3285,2.2896,1.335,2.3673,1.3393,2.4479,1.3407,2.5712,1.3105,2.6748,1.2256,2.7316,1.135,1.9768,1.1332,2.0545,1.1969,2.1106,1.185,2.157,1.2314,2.2109,1.2109,2.2357,1.2616,2.295,1.2282,2.3123,1.2821,2.3749,1.2357,2.3975,1.2767,2.4558,1.3112,2.4569,1.198,2.5458,1.2654,2.6208,1.1893,2.6699,1.1251,1.7726,1.0174,1.7693,0.9671,1.9675,1.0674,2.1055,1.1142,2.2055,1.1321,2.2911,1.1422,2.3709,1.148,2.4547,1.1462,0.484453352,0.205863061,0.124045355,0.091106147,0.067950129,0.057564746,0.069503957,0.137039739,0.126492688,0.09660559,0.066120269,0.077818892,0.080612158,1.255693227,0.23775704,0.28183167,0.219641003,0.050408134,0.103590057,0.085860934,0.080251231,0.194618833,0.203908533,0.198083265,0.201207977,0.22086471,0.259659335,0.400992194,0.062489199,0.065066812,0.914354614,0.146344696
PBX012V04,PBX,0,1.958637206,0.008850756,-0.010512644,0.013422898,-0.000326086,0.006719732,0.000543062,-0.002416178,-0.00687682,0.008249088,0.001464963,0.021332666,0.002038171,0.000482288,0.001823976,0.004315236,-0.008707851,0.000532622,0.000849022,0.003196855,0.005463367,2.11E-05,-0.003997,0.000826463,-0.000763321,-0.004622652,-0.002850526,-0.000692376,-0.002173172,0.001263639,0.002974914,0.003120461,-0.002347738,0.003554529,-0.000944006,-0.000253282,-0.001868941,-0.001088801,0.000981495,0.000119814,-0.003358361,8.08E-05,-6.98E-05,6.08E-05,0.001571504,-0.000775018,0.000597282,0.000208753,-0.000664324,0.000173088,-0.000982939,0.001010432,-3.26E-05,0.000601227,0.001624683,0.00077459,0.001456939,-0.001036167,-0.000362262,0.00062382,0.000585711,-0.000539058,0.000399981,-0.000531007,-0.000500992,-5.11E-05,-0.000390715,-0.000324004,-0.000179361,1.52,0.9871,1.468,1.2044,1.6392,1.3181,1.856,1.3026,2.0027,1.3026,2.116,1.3209,2.2238,1.3382,2.2864,1.3447,2.3576,1.3533,2.4331,1.3587,2.5514,1.3242,2.6636,1.2515,2.7276,1.1487,1.9849,1.1284,2.0604,1.1828,2.117,1.1802,2.1586,1.2271,2.2104,1.2152,2.2425,1.2706,2.2965,1.231,2.3022,1.3008,2.3684,1.2433,2.3957,1.2648,2.4417,1.3231,2.4619,1.2023,2.5324,1.2853,2.6079,1.2055,2.658,1.1392,1.7941,0.9919,1.7923,0.9448,1.9854,1.0653,2.1138,1.1127,2.206,1.1354,2.2925,1.1505,2.3648,1.1577,2.4608,1.1606,0.482690594,0.216704522,0.132971162,0.103020386,0.070138791,0.046656725,0.096352789,0.1467,0.114768375,0.109179348,0.062936555,0.071717501,0.075692866,1.218364609,0.248689948,0.271052486,0.207613896,0.047134382,0.099742468,0.087537706,0.072944499,0.200027248,0.202769722,0.199877412,0.20618014,0.220011863,0.270288087,0.403475526,0.070245356,0.072239117,0.887258615,0.156193374
PBX012V05,PBX,0,1.992142104,0.002491572,-0.0030953,0.018333674,-0.010844632,-0.000778615,0.002678401,-0.004048951,0.00286643,0.011844268,0.005812012,0.01134914,-0.00604173,0.000699727,-0.000776581,-0.005788248,0.003737541,-0.000168816,-0.000356915,0.002867086,0.004244108,0.001314203,-0.003391785,-0.001573602,-0.001496017,-0.006984836,0.000678114,0.000251361,0.003451375,-0.002282457,0.001325229,-0.002396206,-0.003050787,0.003322736,0.001466063,-0.003988716,0.002084007,0.003226646,-0.000792873,-0.000438703,0.00020813,0.002236296,-0.000634153,-0.000367452,0.000135108,0.000944893,0.000189794,0.002321273,-0.002073681,-0.001194022,-1.54E-05,0.000844282,5.91E-05,-0.001660974,0.001297917,-0.0006903,0.001537257,-0.000230542,-0.000529507,-0.000458153,0.001123209,-0.000720178,-0.001192422,0.00116658,-0.000458201,-0.000125828,0.0003083,-0.000370854,-1.77E-05,1.5005,0.9666,1.4687,1.1818,1.6553,1.3242,1.865,1.2983,1.9944,1.2983,2.1124,1.3098,2.2228,1.3209,2.3004,1.335,2.3846,1.3468,2.4547,1.3425,2.5755,1.3091,2.6805,1.2274,2.7258,1.1354,1.9962,1.1257,2.0642,1.1764,2.117,1.1775,2.1624,1.2174,2.2228,1.212,2.253,1.2616,2.3069,1.2249,2.3242,1.281,2.3824,1.2346,2.4105,1.2745,2.4633,1.3166,2.4781,1.1976,2.5475,1.2713,2.6284,1.1872,2.6661,1.1268,1.7923,0.9948,1.7916,0.9351,1.9915,1.0595,2.1095,1.1027,2.2166,1.1271,2.3098,1.1404,2.3803,1.1462,2.4752,1.149,0.487234256,0.21680452,0.140469392,0.105060744,0.066547201,0.059012202,0.076799089,0.1294,0.118559057,0.110956613,0.07887059,0.08502282,0.070231759,1.236872479,0.229699325,0.255390153,0.204582013,0.059704104,0.111282928,0.085083606,0.076120562,0.194582887,0.205010853,0.200372778,0.210325771,0.226952352,0.27023636,0.412282064,0.06031625,0.065806155,0.895264843,0.146007705
PBX012V06,PBX,0,2.010540228,-0.021400905,0.023114387,-0.021779601,-0.003669092,0.002432874,0.003180494,-0.002438396,-0.002104295,-0.001543926,0.0009137,-9.28E-05,-0.001465743,0.000805436,0.003878292,0.002003733,0.001407601,-0.005387853,-0.002563678,0.000927736,0.005458053,0.000165402,-0.000986239,0.00105649,0.002116907,0.003235666,-0.00129613,-0.002413608,0.001680965,-0.001089227,-0.001067199,-0.000190503,0.004434619,-0.000527865,-0.000394557,-8.42E-05,8.32E-05,-0.001289023,0.000555984,-0.002198831,-0.002595659,7.07E-05,0.001076713,0.000837587,-0.001875523,-0.000822739,0.000587402,0.000571144,0.000992925,-0.000162893,0.000758053,-0.002001377,-0.001124299,-0.00249812,0.002123822,0.000381082,0.000727548,-0.001161834,-0.000249512,0.000159682,0.000507869,0.000771096,-0.001443626,0.000409934,4.47E-05,0.000417583,-0.000183897,7.05E-05,-0.00022434,1.4617,1.0076,1.454,1.2033,1.6395,1.294,1.9078,1.2584,2.0415,1.2681,2.1462,1.2875,2.2454,1.2994,2.3274,1.3047,2.4072,1.3134,2.4817,1.3101,2.5906,1.2753,2.6827,1.2012,2.7359,1.1134,1.9901,1.1293,2.0671,1.1789,2.1311,1.1695,2.1641,1.2192,2.2267,1.1976,2.2648,1.2465,2.3109,1.2113,2.3454,1.2594,2.3871,1.2184,2.4245,1.2443,2.4806,1.2789,2.4799,1.1846,2.5529,1.2325,2.6208,1.1656,2.6645,1.1003,1.765,1.0221,1.7564,0.943,1.9808,1.053,2.1217,1.0933,2.2174,1.1113,2.3087,1.1228,2.3824,1.1268,2.472,1.1278,0.492911889,0.1531016,0.092800862,0.070606657,0.056345097,0.048745154,0.071232717,0.134051408,0.106482158,0.099911211,0.082171102,0.080272847,0.074573051,1.278584874,0.217540111,0.265716842,0.203478254,0.079566136,0.099644217,0.085307268,0.076530059,0.182557881,0.186207975,0.187601839,0.190041785,0.192320254,0.217986605,0.369954876,0.072591804,0.071407072,0.921622971,0.137665391
PBX012V10,PBX,0,1.939087971,-0.044162521,-0.027494941,0.01700939,-0.009697599,-0.00334697,0.014996562,0.001081895,0.001779332,-0.011636152,0.014383432,-0.003977033,0.010057401,-0.00170846,0.0005027,0.003743549,-0.005098549,-0.002118998,-0.005258291,0.00296538,0.010842172,0.002082282,-0.00385736,-0.00785053,0.001071047,0.001532366,0.000109562,0.002645926,-0.000300722,0.001611021,0.00280145,0.000244834,0.003304997,-0.001425981,0.000979869,-0.005063139,0.002346534,-0.000660782,0.001844704,0.004566314,0.000337953,-0.001679771,0.000824897,-0.002208279,-0.00139084,-0.000156407,0.002468386,0.000189565,0.000501556,0.001481929,-0.001500324,5.48E-05,-5.06E-05,-0.000362714,-0.000602172,-0.001420765,0.000667967,-0.001417327,-0.000825872,-8.14E-05,-0.000176384,0.000609669,-0.00027353,-0.000833991,0.00076224,7.92E-06,0.000783108,-0.000283174,0.000324014,1.5054,0.966,1.432,1.1947,1.6147,1.3141,1.8776,1.2896,2.0221,1.2983,2.1246,1.3166,2.2195,1.3242,2.3069,1.3317,2.3835,1.3393,2.4461,1.336,2.5696,1.3031,2.6661,1.2195,2.7096,1.1361,2.0038,1.1472,2.0674,1.2012,2.1203,1.1893,2.1645,1.2292,2.2228,1.2141,2.2443,1.2756,2.3069,1.2314,2.3209,1.294,2.3759,1.2368,2.4072,1.2584,2.4542,1.3074,2.4671,1.2001,2.5356,1.2605,2.5965,1.1882,2.6327,1.1278,1.8366,1.0502,1.8344,1.0059,1.9968,1.0836,2.1187,1.1219,2.2211,1.1424,2.3065,1.1516,2.3727,1.1555,2.4655,1.1516,0.466310304,0.190274013,0.107147095,0.096076896,0.054561891,0.040215544,0.084300059,0.144761666,0.104120795,0.095203834,0.087721206,0.0769761,0.06268692,1.216154452,0.21791971,0.25080321,0.199943392,0.044354594,0.105457527,0.085860934,0.069210982,0.185417691,0.1880853,0.19328673,0.199142888,0.201118174,0.238001345,0.378490859,0.077346622,0.076314153,0.807553404,0.147869841
PBX012V14,PBX,0,2.015667902,-0.003738032,-0.000134325,-0.017269471,0.00822286,0.012661038,0.002041463,0.006624105,-0.002502675,-0.003422092,-0.001171465,0.003750029,-0.003573575,-0.000976068,2.45E-05,-0.001638962,-0.004907028,0.006205214,0.000180793,0.006561804,0.001208723,0.00526314,-0.000844708,-0.001130076,-0.003361966,-0.001680621,0.001184947,-0.001625691,0.003699388,-0.004820837,0.003149669,-0.001037596,-0.001605525,-0.002136993,-0.002218633,-0.002113108,0.002457316,-0.000948751,0.001390175,-0.001925319,-0.00172852,-0.000485622,-0.001734272,0.000480414,0.000372414,-0.00048949,-0.002110549,0.001094508,-0.001932546,-0.001036102,0.000758192,-0.000127528,-0.001367582,-0.000556166,-4.79E-05,6.41E-05,0.000149785,0.000512167,-0.000776768,0.000679369,0.002078749,4.38E-05,0.000294089,0.000953302,-0.001641,-0.000432495,0.000774516,1.65E-05,0.000805651,1.4725,1.0194,1.4288,1.2152,1.5992,1.3123,1.8819,1.2799,1.9995,1.2853,2.1246,1.3004,2.2098,1.3123,2.2961,1.3263,2.368,1.3339,2.4392,1.3339,2.5626,1.3026,2.6694,1.2314,2.7265,1.1386,1.9743,1.1268,2.0484,1.1807,2.0944,1.1728,2.1483,1.2282,2.2059,1.2059,2.244,1.2584,2.2907,1.221,2.3123,1.2771,2.3698,1.2318,2.4018,1.2594,2.4493,1.3069,2.4536,1.198,2.5399,1.267,2.6197,1.1969,2.6694,1.1268,1.7578,1.0173,1.7605,0.9423,1.9725,1.0566,2.0901,1.0922,2.2001,1.1203,2.2886,1.1321,2.3673,1.1386,2.4471,1.1451,0.484559522,0.178822174,0.115465882,0.075990328,0.063834552,0.051798456,0.081808863,0.117723914,0.126008016,0.086027031,0.087428199,0.072300553,0.0712,1.259652587,0.231860324,0.27928976,0.218369412,0.075048584,0.116309329,0.086133907,0.07983389,0.188965208,0.200750417,0.196676079,0.195285074,0.213297843,0.240979771,0.403630636,0.058306518,0.060500744,0.927437038,0.149020972
PBX012V15,PBX,0,1.909605367,-0.024981221,-0.004688781,0.00883352,-0.001526215,0.003321236,0.00307206,-0.004975954,0.007080438,-0.001880772,0.004108787,0.007332726,-0.006223335,-0.0030706,0.00400632,-0.00239745,-0.00347236,5.42E-05,-0.001443704,0.001730047,0.006112447,-0.007290639,0.00252207,-0.005451196,-0.000827738,-0.004342073,0.008267614,0.001527757,-0.002125827,0.001488613,0.001246348,0.001177541,-0.002993439,0.003830783,0.000472188,0.004865592,-0.003328053,-0.001655672,0.002483873,-0.001127193,-8.85E-06,-0.001371115,0.000538275,-0.000924392,-0.002430953,-0.001283919,0.002049162,0.001254566,-0.000817415,-0.001426852,-0.001092396,-0.001006667,-0.001313918,0.000203604,-0.000553576,0.001177908,-0.0011998,-0.0003517,0.000361617,-0.001032581,-0.000698627,-0.000854126,0.000136345,0.000478091,-0.000108291,0.000211883,0.000978678,-0.000388152,0.000481896,1.5124,0.986,1.4795,1.1775,1.6467,1.3112,1.8966,1.2763,2.0261,1.285,2.1174,1.2972,2.2353,1.3181,2.3051,1.3166,2.3824,1.3252,2.4515,1.3231,2.5626,1.2929,2.6543,1.2249,2.706,1.1332,2.0156,1.1361,2.0746,1.1749,2.1242,1.1742,2.1659,1.2353,2.2177,1.2059,2.2522,1.2648,2.304,1.221,2.3285,1.2677,2.3817,1.2188,2.4119,1.2454,2.4569,1.2972,2.4673,1.19,2.5351,1.2578,2.5992,1.1845,2.6354,1.1203,1.8164,1.0074,1.8179,0.9621,2.0138,1.0653,2.1246,1.103,2.2159,1.1235,2.2979,1.1336,2.3763,1.1408,2.466,1.1429,0.454904495,0.1838941,0.120309019,0.078637523,0.055915114,0.054210423,0.085078141,0.12979191,0.092111509,0.119738131,0.069816116,0.077776925,0.069131903,1.202642424,0.214633758,0.245364892,0.190228836,0.045324828,0.098727605,0.087611072,0.077731139,0.180782438,0.189670978,0.194830721,0.199684601,0.206945041,0.241364538,0.388819045,0.071768865,0.068324007,0.832666494,0.135604019
PBX012V18,PBX,0,2.003852689,0.003547379,0.002638158,0.015220919,0.006416733,-0.009222182,0.003741374,-0.002956033,-0.019753193,-0.002085307,0.010847276,-0.001757022,-0.011570293,0.00323842,-0.004831162,0.00196331,0.001100837,-0.004974539,-0.003887649,0.000385452,0.003155991,0.002540933,-0.003190032,-0.000208262,-0.001827825,-0.000448378,0.001315166,0.00359252,0.004570668,-0.000870713,0.001197708,-0.001669715,-0.002437638,-0.000703819,0.002450593,-0.001547435,0.001234277,0.00112945,0.000488403,0.000325423,0.00088499,0.001461336,-0.000615236,0.001445296,0.001262958,0.002570438,0.000640586,-0.001030636,-0.000903226,0.002544872,-0.001311782,-0.003061898,0.000984681,0.000790238,-0.001047931,-0.000948781,-0.000658622,0.000424313,-0.000767573,-0.000103083,-0.001047505,7.87E-05,-9.09E-05,0.001301598,0.000101802,0.00036494,0.000562476,0.000819751,8.39E-05,1.4876,0.9374,1.4558,1.2346,1.637,1.3296,1.8866,1.2936,2.0045,1.2965,2.1181,1.3109,2.2131,1.3252,2.2907,1.3353,2.3785,1.3439,2.4533,1.3439,2.5748,1.3209,2.6841,1.2368,2.7287,1.1537,1.9901,1.1347,2.0606,1.1879,2.1196,1.1872,2.167,1.2289,2.2195,1.2066,2.2447,1.2648,2.3004,1.2335,2.3231,1.2814,2.3777,1.2476,2.4029,1.2749,2.4583,1.3224,2.4684,1.2152,2.5467,1.2807,2.6244,1.2037,2.6697,1.139,1.7816,0.9977,1.7808,0.943,1.9836,1.0609,2.1167,1.112,2.2152,1.1343,2.2983,1.1472,2.3749,1.1526,2.4644,1.158,0.485026948,0.189635071,0.122234079,0.095473609,0.068166854,0.062888552,0.073187157,0.11793566,0.114509039,0.096070235,0.078254521,0.088220179,0.0748,1.259807485,0.227246672,0.267466521,0.216778804,0.05470585,0.101766252,0.085255029,0.078575441,0.186231093,0.201168909,0.19733991,0.201534042,0.215937699,0.252107695,0.412477878,0.060803701,0.068261995,0.910252278,0.138826078
PBX012V19,PBX,0,1.950103846,-0.046784001,-0.03163306,-0.005224392,0.005384419,0.006240821,0.007739761,-0.004809035,-0.001789825,-0.005104901,0.002866453,0.006135674,-0.000887327,0.000111258,2.51E-05,0.0004549,-0.000365118,0.003476987,-0.003404431,0.003772849,-0.001343469,0.002025063,0.002370509,-0.001938888,0.002593102,0.001290337,0.000286523,0.001471173,0.000620765,-0.000526337,2.76E-05,0.000959588,-0.000250233,-0.00252242,0.000356662,0.00214753,-0.000250713,-0.003080627,0.002684727,-0.000394377,0.001423488,-0.000207701,0.001270146,0.00182745,-0.001563909,-0.001372615,0.000148167,0.000633052,0.001659982,0.000424366,-0.000646095,6.36E-05,0.000134771,0.001170649,0.000152564,0.000412581,0.000704505,-0.000785159,-6.90E-07,0.001277565,0.001661718,-0.000453662,0.000658101,-0.000194316,-0.000114638,-0.00023958,0.000250725,-0.000160061,-0.000436978,1.4962,1.0022,1.4331,1.1958,1.564,1.308,1.8786,1.2745,2.007,1.2821,2.1181,1.2994,2.2055,1.3101,2.281,1.3155,2.3684,1.3134,2.4385,1.3112,2.5496,1.2751,2.6467,1.2055,2.7017,1.1111,1.993,1.1365,2.0593,1.1834,2.1149,1.1764,2.1537,1.2265,2.2125,1.1996,2.2379,1.2513,2.295,1.212,2.3152,1.2634,2.3741,1.2159,2.3986,1.2411,2.4461,1.2814,2.4619,1.1857,2.523,1.2318,2.5849,1.167,2.6323,1.103,1.8004,1.0345,1.7977,0.9784,1.9887,1.0696,2.1106,1.1014,2.2077,1.1165,2.2882,1.1257,2.3677,1.1286,2.4579,1.1286,0.471474124,0.179252225,0.111700403,0.081128109,0.067135684,0.062322147,0.078353877,0.128624725,0.112438872,0.088052541,0.075692866,0.087425225,0.070134514,1.210408799,0.223674786,0.25113582,0.185857687,0.056164936,0.10031949,0.083426674,0.079196086,0.183627667,0.206030338,0.202095646,0.203667793,0.208291743,0.232607008,0.404044366,0.069871096,0.072811332,0.843849702,0.144662677
PBX012V20,PBX,0,1.929719257,-0.010437493,0.014916522,0.014437868,-0.021594045,0.007531317,0.001861996,-0.009026522,0.00494205,0.001432601,0.009250124,0.00084452,-0.004644737,0.005985823,0.005121273,0.008124014,0.000854231,-0.001096872,-0.002002484,-0.003786161,-0.00353079,-0.001387353,-0.002191947,0.001928976,-0.000754318,-0.003739712,0.000199867,0.000600741,-0.000416686,-0.002815451,0.000449664,-0.002718668,-0.003056347,-0.000894,0.001247041,-0.002997548,9.71E-05,0.00016675,0.00094916,0.000441757,-0.0018393,-0.001191685,-2.07E-06,-0.000848101,0.001628225,-0.000102672,0.001030418,0.001535406,-0.001150088,-1.52E-05,-0.000486503,-0.001368262,-0.000211512,0.001573005,0.000650021,-0.000395266,0.000237978,-0.000872548,-0.00176658,-0.000586167,0.00158743,-0.00054526,-0.000199245,-0.000543859,-0.001055271,0.000293697,-0.000375837,-5.01E-05,0.000230603,1.5005,0.972,1.4784,1.1656,1.6942,1.3026,1.8945,1.2853,2.0333,1.2871,2.1426,1.3008,2.2267,1.3065,2.3022,1.3173,2.3824,1.322,2.4569,1.3155,2.5734,1.2789,2.665,1.2044,2.7179,1.1149,1.9951,1.1264,2.0685,1.1782,2.126,1.1767,2.167,1.2184,2.2181,1.1997,2.2533,1.253,2.3015,1.2157,2.3339,1.2422,2.3777,1.2213,2.4079,1.2422,2.459,1.2886,2.472,1.1861,2.5415,1.2503,2.6095,1.1683,2.6467,1.1068,1.7974,1.0095,1.7952,0.9477,1.9944,1.0577,2.1203,1.0973,2.2131,1.1203,2.2967,1.1311,2.377,1.1354,2.4698,1.1348,0.480622201,0.188067993,0.114447586,0.085936721,0.059747887,0.081516256,0.083775235,0.138811671,0.110155254,0.084292942,0.076268539,0.0803376,0.074783019,1.225758202,0.218577789,0.256000488,0.193865649,0.061839146,0.094928447,0.084920904,0.076405497,0.181159874,0.196679053,0.188852217,0.193779514,0.208789463,0.248559389,0.368991883,0.071659263,0.066207703,0.866236146,0.115168789
PBX012V21,PBX,0,2.019823264,-0.043575842,-0.008612931,-0.018802096,-0.007744997,0.008182336,0.003556526,0.004170366,-0.000114725,0.008479696,-0.002339169,0.00812379,-0.003431585,-0.000591204,-0.000997513,0.001980496,0.003558581,-0.003129192,-0.001024628,-0.000303363,0.001910947,0.003686281,0.000946395,0.001079586,-0.001547468,9.45E-05,-0.007127572,0.002197811,-0.000131923,-0.004429018,-0.000887237,0.001297046,0.00181413,0.000665491,-0.002626683,0.001733699,-8.20E-06,-0.001359201,-0.000509631,0.001896754,-0.000890482,0.003581081,-0.000331213,-0.001386966,-0.00023188,0.000806859,0.000349889,-0.001613792,-0.001386527,-0.001132522,0.000633399,0.001509344,-0.000784702,0.000967127,-0.000941125,0.000115327,-3.42E-05,-0.000457441,0.001387456,0.000490534,7.88E-05,-0.001384263,-0.001612616,-0.000837973,0.000957871,-0.000344581,-0.000135157,0.000420031,7.95E-05,1.4941,0.9849,1.4522,1.1422,1.5903,1.2745,1.8927,1.2497,2.0329,1.2573,2.1483,1.2745,2.2433,1.2907,2.3155,1.2983,2.4018,1.3015,2.4849,1.2983,2.5949,1.2648,2.6963,1.1915,2.7438,1.103,2.0016,1.1156,2.0743,1.1703,2.139,1.1638,2.18,1.2026,2.2353,1.1897,2.2691,1.2393,2.3252,1.2084,2.3418,1.2573,2.4044,1.2134,2.4338,1.2393,2.4924,1.2648,2.4871,1.171,2.5669,1.2184,2.6338,1.1613,2.6758,1.0955,1.7983,1.0059,1.7923,0.92,1.9987,1.0415,2.1392,1.0863,2.233,1.1046,2.3258,1.1143,2.3927,1.1187,2.4871,1.1181,0.488650601,0.17274843,0.096348119,0.078577987,0.057511738,0.048710266,0.069948838,0.14040584,0.116674762,0.096371365,0.072598898,0.086359308,0.08316159,1.255267979,0.219887358,0.26555393,0.210202022,0.086109291,0.099722114,0.091824289,0.079357671,0.180213429,0.19548913,0.194738825,0.189842303,0.201347188,0.233630563,0.408012561,0.068412353,0.069413904,0.900762177,0.147650838
PBX012V23,PBX,0,2.038614601,-0.052911458,-0.02165246,-0.018341167,-0.004147083,0.014816904,-0.004726077,0.000774288,-0.009564955,-0.000581254,-0.001328833,-0.006278082,0.007929995,-0.004370448,0.002844975,0.007363912,0.001592895,-0.003085555,0.00348301,0.006085039,3.56E-05,-0.005315573,-0.003756857,-0.003250592,0.001505812,-0.001473555,-0.000889144,-0.005337575,-0.001908109,-0.002691315,-0.003363764,0.00483725,-0.002998063,-0.001588542,0.001795862,-0.003671338,-0.00040144,0.001187895,0.000783571,-0.001758858,0.001549987,0.001057713,-0.002146753,0.001529776,-0.001181533,-0.000526193,0.000283381,-0.000131572,0.002736102,-0.001304337,-0.000214987,-0.00021187,-0.002149083,-0.001186697,0.001401303,0.000537872,0.000163172,1.16E-05,0.00073462,-0.000397233,-0.000608196,0.000278752,-0.000255699,0.000936164,-0.000199405,4.63E-05,0.000523373,0.001174988,-0.000467044,1.4951,1.0032,1.4364,1.1785,1.5777,1.3004,1.9132,1.2724,2.0566,1.2778,2.1721,1.2929,2.2713,1.308,2.3468,1.3037,2.4191,1.3047,2.4817,1.3015,2.5992,1.2616,2.7077,1.1899,2.774,1.103,2.0207,1.1365,2.0912,1.1825,2.1516,1.1789,2.1933,1.2177,2.2501,1.2026,2.2832,1.2487,2.3364,1.2091,2.3666,1.2609,2.4198,1.2113,2.4432,1.2443,2.4856,1.2753,2.4986,1.1775,2.5755,1.2184,2.6597,1.1458,2.6999,1.094,1.8046,1.0279,1.8017,0.9711,2.0146,1.0717,2.1512,1.1084,2.2447,1.1214,2.336,1.1289,2.4202,1.1257,2.4935,1.1268,0.479655512,0.173277408,0.101386636,0.078131172,0.060482229,0.047158032,0.065030531,0.143501638,0.116482874,0.100342663,0.075622351,0.072306915,0.062681736,1.282788077,0.236027541,0.285298808,0.209467348,0.056873984,0.101311105,0.086544439,0.083429012,0.175098058,0.192539762,0.190428202,0.186233751,0.194024535,0.224860957,0.398264347,0.074644558,0.065182897,0.906569164,0.145437272
PBX012V25,PBX,0,1.882138424,-0.016804667,-0.012719545,-0.017754488,0.002638208,0.016944467,0.001082585,-0.004930531,-0.001957383,0.002190403,0.004489643,0.008263161,-0.002133264,0.003596855,-0.000989174,0.003180627,-0.001030443,0.001645815,0.001926513,0.006506845,-0.001814297,0.00363163,-0.002263906,-0.003906892,-0.003214277,0.003152942,-0.001699546,-0.001974481,-6.75E-05,-0.001022445,-0.001907863,0.000958442,5.00E-05,-0.000787306,0.003638482,0.000961409,-0.000969974,0.000792052,-0.000846889,-0.000639737,-0.001143549,0.001228767,0.000583317,-0.00062262,-0.00122184,0.000317819,0.001926077,-0.00161074,0.001240565,0.002011261,-0.001050313,-0.00081181,4.14E-06,0.002056171,-2.06E-05,0.000165252,-0.000134746,0.000816981,0.001086602,0.000631666,-0.000890058,-4.38E-05,-0.001745111,0.000756426,-0.000410082,-0.0001619,0.000117866,0.000384415,-0.000219551,1.5264,1.0291,1.4752,1.1915,1.6262,1.3026,1.897,1.2713,2.0124,1.2821,2.1268,1.295,2.2163,1.3134,2.2799,1.3188,2.354,1.3213,2.423,1.3234,2.5349,1.295,2.6392,1.2224,2.6999,1.1429,1.9912,1.1404,2.0552,1.1879,2.1185,1.1764,2.1544,1.2217,2.2141,1.203,2.2357,1.2519,2.2911,1.2224,2.3101,1.2691,2.3662,1.2292,2.3846,1.2508,2.4302,1.2972,2.4489,1.2059,2.5102,1.2611,2.5868,1.1861,2.6338,1.1294,1.7972,1.0286,1.795,0.9639,1.9883,1.0674,2.1188,1.1099,2.212,1.1289,2.2929,1.1401,2.3612,1.1429,2.4482,1.1465,0.462362996,0.161271355,0.10346729,0.078324007,0.064487286,0.058156083,0.076854473,0.115904271,0.115125019,0.091371823,0.063828834,0.074142161,0.069031949,1.179004958,0.224409024,0.258785626,0.191013979,0.064737393,0.099231648,0.079406297,0.075407228,0.178685898,0.193779514,0.189474141,0.18667686,0.202419861,0.223407475,0.378432464,0.067464509,0.063745196,0.854971163,0.136153039
PBX013V02,PBX,0,1.995743211,-0.033218722,0.006149581,-0.019403995,0.001125364,0.010329275,-0.000361155,-0.006821815,0.008428763,0.001591489,-8.60E-05,-0.006316519,-0.003917026,0.010207287,0.0115817,-0.002966309,-0.001067455,-0.001241959,-0.002943824,0.002739451,0.002407046,0.002015031,-0.000564384,0.001560639,-0.000790829,-0.000890618,0.001036699,0.000136869,-0.004163434,0.001805378,-0.001869419,-0.001290917,-0.000538203,-0.000595064,0.000457237,-0.001336019,0.002485182,0.006690867,-0.003592226,0.002204827,0.000637515,-0.000515368,0.00012383,-0.001541067,0.00080544,7.27E-05,-0.000165439,0.000142441,0.002573116,0.001198244,0.000236755,-0.000844466,-0.002104847,-0.001297544,-0.00133928,-0.001156481,-0.00074666,-0.000664903,-0.000238491,-0.000685414,-0.000250503,-5.97E-05,4.75E-05,0.000297573,0.000157715,-0.000438597,0.000429705,-3.53E-05,-0.000259009,1.5102,1.0151,1.486,1.1807,1.6424,1.3091,1.9394,1.2738,2.0631,1.2839,2.181,1.2997,2.276,1.3112,2.3493,1.3227,2.4374,1.3339,2.5043,1.3317,2.6111,1.295,2.7017,1.2249,2.76,1.1375,2.0297,1.1354,2.0868,1.1926,2.1537,1.185,2.1915,1.226,2.2605,1.2098,2.2918,1.2584,2.3447,1.2249,2.3867,1.2519,2.418,1.2335,2.4504,1.2487,2.5059,1.2994,2.514,1.1974,2.5868,1.2589,2.657,1.192,2.6855,1.1289,1.8118,1.0286,1.8096,0.966,2.0268,1.0696,2.1541,1.1095,2.2584,1.1303,2.345,1.1404,2.4202,1.1435,2.514,1.1424,0.488252486,0.16525329,0.094325924,0.074444207,0.055113338,0.080071218,0.086186078,0.124111643,0.118953983,0.095693521,0.074196631,0.088809065,0.066936164,1.25577936,0.216742843,0.253187697,0.189703822,0.062638646,0.109641598,0.085543264,0.073802778,0.189548358,0.192715983,0.184210857,0.186244785,0.196713904,0.222117987,0.381671914,0.074994733,0.055502252,0.890919312,0.113458406
PBX013V03,PBX,0,1.76288539,-0.006884187,-0.003085453,0.015370263,0.009963213,0.006884386,0.000304462,-0.005067867,-0.002711114,0.003155241,0.003368653,-0.000317041,-0.006447266,0.000744946,0.007801381,0.001713806,-0.006534892,-0.003186275,0.002804296,0.00201441,0.001921431,-0.00041662,-0.002453016,0.003491331,0.000954707,-0.00265598,-0.001202796,-0.003917414,0.000532113,-0.001036215,-0.004575818,0.003059788,0.001962044,-0.001367637,0.000753154,-0.001913918,0.000968136,0.000319038,-0.000563208,-1.31E-05,0.002916145,0.000664334,-0.00087124,-0.000868802,-0.00059459,-0.001428807,-0.001029368,-0.000304736,0.001133509,0.001533628,-0.00154061,0.000685962,-0.000171909,-0.000408529,-0.001530903,2.61E-05,-0.000216412,0.000895646,-0.000565056,3.45E-05,0.000221547,-0.000302008,-0.000771977,-0.000538198,0.000181066,1.60E-05,0.000146008,-0.000651411,-4.20E-05,1.5793,1.0032,1.5464,1.2098,1.6953,1.3263,1.925,1.2896,2.0426,1.2961,2.1494,1.3123,2.2282,1.3263,2.2994,1.3306,2.3706,1.3393,2.4245,1.3371,2.5313,1.3058,2.6219,1.2422,2.6802,1.1634,2.03,1.149,2.0796,1.1886,2.1329,1.1922,2.1688,1.2253,2.2163,1.2131,2.2472,1.2569,2.2947,1.2303,2.3198,1.2749,2.3644,1.2389,2.3875,1.2605,2.4328,1.3101,2.4515,1.2123,2.5108,1.2702,2.575,1.2093,2.6192,1.1521,1.8448,1.0307,1.8416,0.98,2.0272,1.0922,2.1297,1.1292,2.2133,1.1489,2.2896,1.1607,2.3563,1.1664,2.4461,1.1656,0.42622663,0.175480369,0.11368927,0.089136749,0.071953874,0.05931821,0.080591873,0.117779497,0.108021664,0.080033993,0.071329727,0.071729562,0.053944879,1.112494876,0.206031478,0.233869408,0.173003381,0.050800886,0.085978893,0.080264563,0.070228555,0.172854881,0.173779314,0.176616307,0.175450192,0.188260511,0.222287202,0.37593534,0.062037811,0.057288917,0.796417083,0.114474888
PBX013V06,PBX,0,1.95384007,-0.028979551,-0.000623492,-0.003632072,0.006579581,-0.002436589,-0.005486457,-0.002010227,-0.001870426,0.007814791,0.003379478,0.001033508,-0.008917554,0.012113772,0.005841265,0.000566213,0.007480203,-0.000593085,-0.00124765,-0.008111572,0.004860294,0.001688951,-0.001092566,-0.00085271,0.000818063,0.000346204,0.003012227,-0.001499313,0.000359974,-0.000217473,-0.004141982,-0.000621489,-0.000976892,0.001136007,1.65E-05,-0.00135155,0.001217657,-0.001068598,0.001533257,0.002853187,-0.002975921,0.001237194,3.84E-05,0.001436622,0.002093617,0.000210091,0.001017595,-0.0016588,-4.34E-05,0.001708106,0.000796716,0.00028034,0.000832392,-0.000928732,0.001452463,-0.000371762,0.000524953,0.001056128,0.000567255,-0.000149046,1.57E-05,-0.000223323,1.35E-05,0.000164238,-0.000145597,2.56E-05,-0.000567502,0.00056012,-0.000973009,1.4978,0.9746,1.4741,1.1818,1.6036,1.3145,1.8866,1.2706,2.0289,1.2778,2.1246,1.2965,2.2188,1.3145,2.2986,1.3252,2.3799,1.331,2.4515,1.3285,2.5626,1.2983,2.6607,1.2249,2.706,1.1343,1.9905,1.13,2.0592,1.1814,2.1185,1.1785,2.158,1.2201,2.2152,1.2071,2.2443,1.26,2.3053,1.2249,2.3366,1.253,2.3795,1.2404,2.4047,1.2612,2.4579,1.2972,2.4586,1.208,2.5291,1.2567,2.5965,1.1899,2.6316,1.1278,1.7864,1.0076,1.7832,0.945,1.9871,1.0626,2.116,1.1068,2.2125,1.1273,2.3051,1.1426,2.3806,1.1462,2.459,1.1483,0.474554117,0.174824398,0.10104974,0.083381773,0.060170591,0.08158946,0.074074827,0.142482034,0.097509897,0.095904327,0.08051416,0.081506625,0.071643632,1.218708878,0.217852152,0.258144243,0.202805375,0.062681736,0.100840716,0.091841439,0.075801649,0.180356009,0.196888293,0.192346822,0.190670003,0.19190469,0.231007035,0.410836233,0.074683398,0.073120722,0.867870036,0.115508614
PBX013V09,PBX,0,1.972309913,-0.025958459,-0.025625888,0.000311078,-0.006487415,-0.01049683,0.022250538,0.003277288,0.036403529,0.008687639,0.016454761,0.011537588,0.000320658,0.004143581,0.004263751,0.005597529,-0.003444532,-0.001410701,-0.001274709,-0.005334105,0.002632899,0.002202848,-0.002900883,0.006723791,0.001236686,0.001004044,0.000511553,0.002629891,-0.002935628,-0.001422013,0.00139285,-0.001519911,-0.001336296,0.000670993,0.000965412,0.002409813,-0.00299091,0.000370061,0.000162809,-0.003615803,-0.000229633,0.003055654,-0.00091783,0.000636968,-0.000480522,0.000128865,0.000276714,-0.000326762,0.000879476,-0.00163965,-0.000633207,-0.000427766,-0.002925296,0.002625203,-0.000849513,-0.000523971,0.0002048,0.001779847,-0.000362289,-7.04E-06,-0.000438508,9.17E-05,0.00016844,0.000733676,-0.000496457,-0.000778085,-0.000589686,8.74E-05,-0.000230937,1.5144,1.048,1.4666,1.2163,1.6521,1.3529,1.8549,1.3141,2.0304,1.3127,2.1505,1.3242,2.2465,1.3436,2.3242,1.3522,2.4202,1.3544,2.504,1.3432,2.5992,1.3119,2.6899,1.2393,2.7344,1.1566,2.0081,1.1505,2.0829,1.1987,2.1433,1.2023,2.1864,1.2476,2.2447,1.2296,2.2749,1.2778,2.331,1.2469,2.3598,1.2871,2.4137,1.2504,2.4425,1.2778,2.5054,1.3173,2.5097,1.2235,2.5642,1.2702,2.6284,1.2033,2.6586,1.1462,1.8578,1.062,1.8538,0.9948,2.0074,1.0778,2.1419,1.1289,2.2382,1.1505,2.326,1.1613,2.4094,1.1634,2.5065,1.1602,0.506884168,0.224132104,0.125507968,0.084595331,0.071667287,0.074198181,0.07978001,0.175505584,0.120649327,0.097940594,0.078174484,0.096025205,0.084545136,1.224824053,0.205905634,0.234447649,0.180891349,0.067318942,0.105010714,0.08801693,0.08277403,0.183017076,0.207133966,0.198880718,0.194584121,0.214976022,0.281236449,0.410996959,0.07651013,0.071261841,0.818916968,0.133273591
PBX013V11,PBX,0,1.928289147,-0.026658392,-0.003610876,-0.010702067,0.003386339,0.005612612,-0.01156736,-0.009458831,0.017907892,-0.000240873,0.010711441,0.000139528,-0.01206921,0.003605981,-0.004545942,0.002236736,0.002127967,-0.000484022,-0.001350079,0.001957938,-0.001762116,0.002550967,0.003505744,0.004834295,-0.000215724,-0.001015298,0.001804277,0.002023523,0.000909498,0.000592421,-0.005367151,-0.002145003,0.000493292,0.000782448,-0.002713649,-0.001270056,0.000535889,0.001017045,5.33E-05,0.000163213,0.001382598,0.000185998,-0.003352295,-0.000166854,0.001000602,-0.001206129,0.000849812,0.000225401,0.000920414,-0.001139446,0.000491522,-0.000546875,0.000413049,-0.000362046,0.000297892,0.001189293,0.001552112,-0.000185726,0.000876655,4.16E-05,-1.17E-05,0.000167188,0.001010895,-4.20E-05,0.00046254,0.000239938,0.000157331,5.59E-05,8.87E-05,1.4962,0.9817,1.454,1.1429,1.6237,1.3033,1.8862,1.2627,2.0081,1.2691,2.1268,1.2832,2.2077,1.2988,2.2837,1.3112,2.3673,1.3204,2.4421,1.3224,2.5453,1.2929,2.6408,1.2352,2.6969,1.1505,2.0016,1.117,2.0604,1.1694,2.1257,1.171,2.1586,1.2141,2.2152,1.2012,2.2433,1.2449,2.3047,1.2152,2.3371,1.244,2.3731,1.226,2.4033,1.2526,2.4479,1.2943,2.4536,1.1994,2.5176,1.2519,2.5845,1.1987,2.6363,1.1354,1.795,1.0054,1.7918,0.938,1.9987,1.0505,2.1253,1.0937,2.2141,1.1138,2.3015,1.1278,2.3749,1.1365,2.4515,1.144,0.45944941,0.185864601,0.11258499,0.07606609,0.064595433,0.08583356,0.076764836,0.122067891,0.119534514,0.082390351,0.077004935,0.084104697,0.074826733,1.212507291,0.207991154,0.248165469,0.190592445,0.067475922,0.094457874,0.090588355,0.069247383,0.178647474,0.197072398,0.195037022,0.190571902,0.210952601,0.240177205,0.402121499,0.062452942,0.067096498,0.867264095,0.113952139
PBX013V13,PBX,0,2.040046324,-0.031482518,0.018141966,0.009458325,0.000766815,0.000835908,0.001630857,-0.002474883,0.000978938,0.008476432,-0.002850287,0.001559251,-0.002613012,0.001550821,0.008607089,-0.003277303,-0.000847983,-0.003664065,-0.005794007,0.003241826,0.002596433,-0.001196855,0.000536607,-0.000226656,0.001333502,-0.002668954,0.001642963,-0.004348418,0.003795282,0.001838587,-0.001260459,0.002140192,-0.000366059,-0.001778992,-0.00249758,-0.001808132,0.000775397,-0.000582736,-0.00423634,-0.002239846,-0.001974797,-0.001388733,-0.000434154,0.000106588,-0.000427868,-0.001501285,-0.000745414,0.000990102,-0.000592523,0.000703953,0.00045698,0.000476768,0.000651043,0.000662557,0.001448746,0.000395667,-0.0006423,-0.00022112,0.00046405,0.000122175,-0.000952741,-0.000543319,-0.000537385,0.000626986,3.15E-05,0.000119311,-0.000401858,-0.000829458,-3.18E-05,1.4595,0.9525,1.4385,1.1688,1.6111,1.3047,1.8901,1.2652,2.0246,1.2724,2.1383,1.2839,2.2476,1.3004,2.3296,1.3101,2.4061,1.3188,2.4795,1.3112,2.5917,1.2605,2.6758,1.1861,2.7222,1.0976,1.9941,1.1113,2.0602,1.1674,2.1163,1.1566,2.1552,1.2105,2.217,1.1868,2.2594,1.2386,2.3047,1.2055,2.34,1.2487,2.3882,1.2127,2.4227,1.2328,2.4768,1.2783,2.4854,1.1677,2.5588,1.2238,2.6192,1.1499,2.6557,1.0894,1.7643,0.9892,1.7584,0.9202,1.9887,1.0415,2.1059,1.0804,2.2073,1.0991,2.2929,1.1091,2.3741,1.1149,2.4784,1.1134,0.494526693,0.185745013,0.110870916,0.075320449,0.062916453,0.062274553,0.087587442,0.134692576,0.114280095,0.11053841,0.082571726,0.076993117,0.073792412,1.271009559,0.20872628,0.246957992,0.191287009,0.069251787,0.105131014,0.089671512,0.083809844,0.197803059,0.200208117,0.196590386,0.197261349,0.208503453,0.244466051,0.411749366,0.067003657,0.067186308,0.913113317,0.138076971
PBX013V14,PBX,0,2.008523429,-0.041794122,0.017482017,-0.012782572,-0.00273173,-0.01065544,0.002469268,-0.010404013,0.004773876,-0.001536134,0.003424152,0.001710231,-0.005640626,-0.002851779,0.00231479,-0.000185447,0.003739594,-0.002871632,-0.000314883,0.004317376,0.002015957,-0.002153755,-0.000552428,0.003077793,0.004142557,0.002270894,0.006356223,0.000380731,-0.002410192,0.000904212,0.000489174,0.003131154,0.002058246,-0.001426309,0.000234343,-0.000843477,-0.00219914,-0.001691927,-0.000790846,0.000442079,0.001384069,0.000539558,0.000672259,-0.000506345,5.04E-05,-0.001951859,0.001864317,6.07E-05,4.30E-05,0.000646201,-9.28E-05,-0.000753483,-0.000190978,0.001141328,0.000778441,-0.000744067,-0.001055198,0.001815568,7.52E-06,0.000228223,9.42E-05,6.07E-05,0.00056988,-0.001014977,0.00089853,-0.000324426,0.00087283,0.000585678,0.000483309,1.4617,0.9881,1.4331,1.1904,1.6219,1.3004,1.8966,1.2638,2.0246,1.2825,2.1325,1.2983,2.2375,1.3198,2.3195,1.3314,2.4087,1.3342,2.482,1.327,2.5813,1.2947,2.6633,1.2292,2.7193,1.1415,2.0013,1.1383,2.0696,1.2001,2.1278,1.1893,2.1667,1.2411,2.2228,1.2163,2.254,1.2735,2.3134,1.2325,2.3457,1.2713,2.3932,1.2357,2.4234,1.2691,2.4845,1.2979,2.4817,1.2087,2.5503,1.2451,2.6036,1.1875,2.6467,1.13,1.7744,1.0153,1.7729,0.9538,1.9978,1.0712,2.1286,1.1113,2.2206,1.1318,2.3062,1.1415,2.39,1.147,2.479,1.1467,0.485530967,0.163439102,0.093886953,0.06664443,0.049152213,0.065562566,0.066739044,0.129358765,0.109050676,0.107178589,0.082816423,0.089243935,0.073652766,1.266921197,0.206189815,0.24692023,0.182753413,0.06151829,0.098762341,0.092036949,0.079864135,0.180324957,0.19741735,0.191077419,0.188371601,0.200313355,0.21756884,0.378064227,0.07350517,0.072821563,0.891388176,0.131958251
PBX013V15,PBX,0,1.940038011,-0.019964514,0.020821302,0.024605257,-0.00585586,-0.00718686,-0.003636086,-0.001032784,0.000540502,0.003726822,0.002154578,0.001588597,-0.005346112,0.002211196,0.003094613,0.003411874,-0.000938359,-0.004010134,-0.000206117,0.001563727,-0.000346177,-0.004376639,-0.003546014,-0.000332855,0.003388129,-0.005425522,0.000873557,0.000393977,0.004839751,0.001524973,0.000813077,-0.001498338,0.001375276,-0.000709271,0.002995197,-0.000470899,-0.002672157,0.001959158,-0.000908889,-0.000736182,-0.001485051,0.000734395,0.002192767,0.00320705,-0.000674186,0.000995554,0.000741447,0.000525989,0.001157733,-0.001691676,-0.000817152,0.001809544,0.001123355,0.000373621,0.001048436,0.000551282,0.000126527,0.001679185,-0.001318781,0.000494855,-0.000262679,0.001584043,0.000299295,-1.89E-05,-0.000675867,0.001175731,-0.00066557,-0.000138032,-0.000377451,1.493,0.931,1.4655,1.1645,1.6597,1.2994,1.8894,1.2778,2.021,1.2821,2.1268,1.294,2.2314,1.3123,2.3015,1.3177,2.3921,1.322,2.4569,1.3145,2.5647,1.2767,2.6467,1.2109,2.6985,1.1203,1.9948,1.1203,2.0638,1.1692,2.1156,1.1634,2.1566,1.2174,2.2105,1.2001,2.2415,1.2469,2.2947,1.2166,2.322,1.254,2.3652,1.2228,2.4008,1.2476,2.4558,1.2896,2.4569,1.1893,2.5248,1.2422,2.5939,1.1721,2.6338,1.1138,1.7898,0.9804,1.7862,0.9265,1.9912,1.0487,2.1041,1.0922,2.2044,1.1149,2.2886,1.1268,2.3608,1.13,2.4482,1.1321,0.467223084,0.189513614,0.120740424,0.082192457,0.066175298,0.066917412,0.074906942,0.131670232,0.106467131,0.106188747,0.070307681,0.090701985,0.065232584,1.220272404,0.205823711,0.251259945,0.191025129,0.054020089,0.101749201,0.085801457,0.070772099,0.182607366,0.196844558,0.194118752,0.19518855,0.207286324,0.250699122,0.393772345,0.065025687,0.065523126,0.868047839,0.129928596
PBX013V17,PBX,0,2.034414743,-0.016537183,-0.018644632,-0.011930613,0.001113592,0.009854408,0.008271042,-0.000995967,0.006138919,-0.005788279,0.005951327,0.008434663,0.001863719,-0.000498398,0.002827062,-0.000117661,-0.000632837,0.00166641,0.007126362,-0.000106526,0.004224418,-0.00350705,-0.008188157,0.001350042,-0.002940569,-0.004019057,-0.001295907,-0.001387308,0.000808313,9.06E-06,0.00075157,0.00077744,-0.000131137,0.000112258,0.000438575,-0.000281074,0.001097722,0.001528911,0.000505052,-0.003303041,-0.001193233,-0.002395784,0.000271122,-0.000773925,0.00089091,-0.001600912,-0.001008359,0.000814997,-0.0010048,-0.001696896,-0.001531701,-0.000409421,-0.001311414,0.0015794,-0.001262561,-0.000688202,-0.000617056,0.000805646,-0.000280515,-0.001001293,0.000376514,0.001381109,0.001037694,-0.000331224,7.50E-05,0.000260612,-5.21E-05,-0.000547936,2.19E-05,1.4552,1.028,1.4115,1.2098,1.5841,1.3177,1.856,1.2929,2.0038,1.3004,2.1095,1.3112,2.2087,1.3263,2.2961,1.3382,2.3738,1.3468,2.4428,1.3414,2.5626,1.308,2.6677,1.2341,2.7346,1.137,1.9725,1.1379,2.0458,1.1846,2.1048,1.1839,2.148,1.2335,2.2059,1.212,2.2422,1.2609,2.3019,1.2343,2.3184,1.2839,2.3738,1.2389,2.404,1.2691,2.4543,1.3141,2.468,1.2044,2.537,1.2724,2.619,1.194,2.6715,1.1264,1.7826,1.0178,1.7826,0.9682,1.9736,1.0696,2.1041,1.1143,2.2066,1.1365,2.2979,1.1472,2.3749,1.1516,2.4662,1.1516,0.499942497,0.193900103,0.12318133,0.086715281,0.073480678,0.058700767,0.083362642,0.147990169,0.106250318,0.100342663,0.088206406,0.078174484,0.069210982,1.284034797,0.242538657,0.274987854,0.201896459,0.0496,0.104932454,0.098556025,0.072046999,0.191237026,0.202556165,0.200083608,0.199871209,0.2114079,0.252374028,0.40193594,0.063984139,0.063084863,0.902867903,0.143859445
PBX013V18,PBX,0,1.962060473,-0.012423796,-0.007287548,0.008540528,-0.004442774,0.00157496,0.005576599,-0.003170293,-0.00453996,-0.00500726,0.009033551,-0.005525904,0.001969064,-0.001042224,0.00427217,0.00997029,-0.006278282,-0.000432699,0.001194237,8.26E-05,0.003670684,-0.001182828,-0.004223053,0.001148139,0.001374364,0.003301943,0.002281262,0.001065373,0.004834667,0.000471332,0.00065009,4.84E-05,-0.00236604,-0.001309796,0.003493517,-0.001865064,-0.000309839,0.005231872,0.003005955,-0.001356195,-0.000629488,0.000929513,-0.00012957,-0.001973394,0.001092277,0.002930947,-0.001294711,3.68E-05,-0.000952068,0.000999094,0.00230633,0.00024564,-0.000717598,-0.000265107,-0.001689733,-0.000571675,0.000149229,0.002568633,0.001745949,-2.17E-05,-9.38E-05,0.000485888,-0.000855644,-0.000730191,0.00059487,0.000187513,-0.000234628,-0.000436895,0.000367052,1.4995,0.9655,1.4482,1.2023,1.6413,1.3101,1.8765,1.2853,2.0243,1.2983,2.1365,1.3037,2.2238,1.3166,2.3015,1.3252,2.3835,1.3339,2.445,1.3328,2.5636,1.3047,2.6694,1.2303,2.7287,1.1397,1.9962,1.1354,2.0577,1.1855,2.1208,1.1839,2.1645,1.2255,2.2109,1.206,2.2465,1.2605,2.2994,1.2244,2.3202,1.2735,2.3785,1.2325,2.4047,1.2569,2.4547,1.3098,2.4658,1.2134,2.5309,1.267,2.6219,1.1947,2.6571,1.1321,1.8037,1.0156,1.8004,0.9698,1.9919,1.0696,2.1165,1.1111,2.2082,1.1311,2.2999,1.1429,2.3759,1.1489,2.4658,1.1476,0.47603378,0.191828309,0.117640979,0.083061664,0.060518592,0.054977996,0.079865136,0.148370617,0.112329871,0.088247946,0.078174484,0.082460233,0.061509837,1.241482291,0.233415959,0.273034979,0.204300196,0.045918733,0.092770793,0.090392533,0.079513647,0.186364374,0.19135582,0.189638867,0.186900107,0.208673621,0.244629618,0.375655294,0.072002222,0.059360003,0.871938174,0.136483149
PBX013V19,PBX,0,2.094997331,-0.036519997,-0.014442871,-0.00368159,-5.88E-05,-0.006750247,-0.004344852,-0.011995577,-0.000859079,0.001278732,0.004077226,-0.000714796,0.001277801,0.004459574,-0.002006446,0.005938161,-0.00183218,0.002612866,-0.003751811,0.001500786,0.002058569,0.003033315,-0.001845196,-0.004423708,0.001402449,0.001378687,0.002366627,0.00189929,0.001675594,0.000625842,-0.002712914,0.000638054,0.003052677,-0.001039262,0.001029006,-0.002010035,0.001353571,-0.002125949,-0.000623981,0.000188633,0.001358457,-0.000697759,-0.002587783,-0.002301378,0.001091434,-0.000778333,0.000594674,-0.000855152,0.000360166,0.00098598,-0.000553133,-0.002589589,0.000633027,0.000256059,0.002074387,-0.001691449,-0.001264264,-0.001184008,0.000447747,0.000261932,-0.000674117,3.14E-05,-0.000417142,0.000322134,-2.43E-06,-0.000192052,-0.00043576,-0.000721269,-3.59E-05,1.4714,0.9622,1.4094,1.1936,1.5809,1.3224,1.8743,1.2832,2.021,1.2918,2.1472,1.3037,2.24,1.3155,2.3296,1.3252,2.4072,1.3321,2.486,1.3317,2.6079,1.2936,2.6999,1.2224,2.7682,1.1239,1.998,1.1372,2.0714,1.1918,2.1354,1.1811,2.1807,1.2307,2.2447,1.2033,2.2713,1.2638,2.336,1.2217,2.3652,1.2724,2.4159,1.2292,2.4461,1.2551,2.4892,1.2988,2.5054,1.1969,2.569,1.2492,2.6359,1.178,2.6877,1.1149,1.7819,1.0124,1.7783,0.9525,1.9933,1.0638,2.1329,1.107,2.2416,1.1235,2.3371,1.1327,2.4153,1.1359,2.5032,1.1343,0.510900039,0.191357493,0.111982856,0.080319674,0.060436578,0.063680452,0.086268244,0.146951863,0.126759812,0.093547207,0.090123526,0.077906162,0.078801015,1.306842427,0.233439885,0.272750509,0.196164472,0.060008083,0.111531744,0.093135654,0.080251231,0.198147925,0.207795524,0.206988526,0.203429103,0.216038538,0.249594391,0.419276484,0.081001543,0.07789326,0.923786837,0.145403783
PBX013V21a,PBX,0,1.946687862,-0.02390778,0.009606952,0.00508056,0.000227697,0.009639094,0.001725177,-0.000162605,0.002161006,0.006812256,-0.001804455,0.002821492,-0.00435327,0.002300938,-0.00043531,0.003604915,-0.000150661,0.003099981,0.002192896,-0.002520458,0.004695379,0.001975842,-0.004131374,0.009638151,0.005971564,-0.000882138,-0.002267981,-0.002146179,0.001984613,-0.001698034,-0.001653786,-0.003307198,-0.002111868,0.001039532,0.004024049,0.003313953,-0.003355623,-0.002148513,0.000885431,-0.000935133,-0.000236275,0.000581094,0.000933361,-0.000612196,-0.000423819,0.001049554,0.001549395,-0.001932468,-0.001407176,0.000429985,0.000356459,0.000318782,0.001393196,-8.21E-05,0.000824651,0.000350009,0.000478345,0.001283329,0.001917085,-0.000325009,0.000705034,-0.001402764,0.000645486,0.000139888,9.20E-05,-0.000659722,-7.32E-05,-0.000186603,0.000167517,1.4919,0.9752,1.4511,1.1624,1.6194,1.3033,1.8808,1.2735,2.0264,1.2843,2.1246,1.2972,2.2087,1.3134,2.2832,1.3188,2.3695,1.3242,2.4493,1.3242,2.5435,1.294,2.6399,1.2235,2.6974,1.1329,1.9808,1.1293,2.044,1.1703,2.103,1.1688,2.1505,1.2149,2.2001,1.2019,2.2267,1.2515,2.2821,1.2195,2.3047,1.2648,2.3641,1.2282,2.3921,1.2648,2.4525,1.2929,2.4504,1.1936,2.5167,1.2519,2.5895,1.185,2.6316,1.1214,1.7776,0.9987,1.774,0.9362,1.9768,1.057,2.0994,1.098,2.1915,1.1181,2.2749,1.1311,2.3569,1.1397,2.4518,1.1411,0.473981698,0.175481167,0.115350596,0.086279198,0.064464021,0.058122715,0.063554071,0.146,0.099043677,0.085646074,0.074695448,0.08646878,0.0798,1.215771171,0.222796813,0.25434915,0.191844364,0.062603594,0.102586646,0.083867515,0.082460233,0.183117066,0.193671113,0.193947751,0.191186872,0.200091704,0.23682958,0.398325959,0.06679738,0.063422472,0.87736925,0.135553864
PBX013V22,PBX,0,1.967172365,-0.023701922,-0.011116648,-0.001794393,0.002106839,0.004580803,-0.001292196,-0.009187514,0.000289885,-0.003964728,0.009521745,0.000923638,0.000328058,-0.005720846,0.000908332,0.0063264,0.003668538,0.004100419,-0.005358382,-0.00256252,-0.001642119,-0.005049781,0.000202937,0.002450271,0.001157501,0.00103494,0.003369162,-0.002033859,-0.001986118,0.001510118,-0.002023554,0.000176748,-0.001500094,0.002785232,-0.000461723,-0.001425848,-0.001287291,0.003353209,-0.000842563,-0.003247123,-0.000684262,1.21E-05,-0.003971645,0.000656297,-0.000893198,7.03E-05,-0.002667332,0.001523823,0.000238633,-0.000876435,-0.001105318,-0.001980977,0.001467009,-0.001050074,-0.001481597,0.000886671,0.000397065,-0.000242528,-0.001244731,-0.000720149,0.00075424,-0.000103886,-0.000624937,-0.000125968,0.001066193,0.000210997,4.51E-05,-0.000198961,2.17E-05,1.5016,0.9773,1.4579,1.1872,1.6316,1.3015,1.8869,1.272,2.0423,1.2735,2.1419,1.2886,2.2379,1.2983,2.3101,1.3058,2.3889,1.3188,2.4612,1.3112,2.5712,1.2756,2.6737,1.2077,2.733,1.1192,2.0151,1.1208,2.0777,1.1694,2.1408,1.1704,2.171,1.2206,2.2271,1.1882,2.2573,1.2497,2.3177,1.2033,2.3511,1.2465,2.3943,1.212,2.4202,1.2476,2.4655,1.2896,2.4827,1.1807,2.5453,1.2368,2.6251,1.1661,2.671,1.1057,1.8067,1.0113,1.8024,0.9509,2.0146,1.0556,2.1408,1.0917,2.2276,1.1073,2.3161,1.1181,2.3937,1.1241,2.4784,1.1251,0.471421011,0.198233902,0.1099544,0.073964924,0.052328959,0.07209362,0.077776153,0.155407239,0.100738126,0.096488808,0.072588498,0.079865136,0.072698349,1.239548938,0.225033775,0.257744719,0.192898937,0.060552869,0.088116571,0.091849714,0.077092477,0.186893151,0.200009625,0.196436453,0.200534735,0.206769171,0.251269278,0.389991026,0.063452738,0.063972807,0.882286235,0.129601389
PBX013V23,PBX,0,1.951590015,-0.009387068,-0.010981018,-0.006086463,-0.008244388,0.00986716,-0.001289975,0.002189875,0.000523578,0.010378184,0.004570818,0.002352111,-0.006022507,-0.000927707,-0.005336076,0.010922799,0.000150091,0.009715767,-0.005171251,-0.00458137,0.006949356,0.006739227,-0.002348782,-0.00103028,0.000978651,0.001470309,-0.000796976,0.000287058,0.000933464,0.003095804,-0.00219404,-0.002819857,0.001555878,-0.002078829,-0.001500357,0.001244391,-0.004429991,4.78E-05,0.003105498,-0.000386819,-0.001449626,-0.000240902,-0.004910901,-0.000376366,-0.001823588,-0.002195218,0.001132008,-0.001162167,-0.001904525,-0.001119325,-0.000278267,0.000520931,0.000177211,-0.000250844,0.000991114,0.001668849,0.000748012,-0.001072866,3.73E-06,-0.000127533,-0.000271487,0.00014387,-0.000545945,-0.000117776,0.000552835,-0.000616428,0.000194728,-0.000373177,0.00010275,1.5102,0.9989,1.4482,1.1818,1.6223,1.3213,1.8528,1.2832,2.0178,1.2832,2.1149,1.2961,2.2001,1.3123,2.2767,1.3123,2.3497,1.3231,2.4374,1.3252,2.5511,1.2986,2.6647,1.2267,2.7165,1.1404,1.9779,1.13,2.0426,1.1861,2.1023,1.1789,2.1447,1.2292,2.2051,1.2084,2.2303,1.2522,2.2929,1.2228,2.3069,1.2735,2.3641,1.2303,2.3954,1.2648,2.4396,1.3015,2.4471,1.1969,2.5192,1.2584,2.5928,1.1893,2.6413,1.13,1.7767,1.0216,1.7718,0.9558,1.9736,1.0627,2.1017,1.1025,2.2023,1.1224,2.2913,1.1354,2.3608,1.1429,2.4439,1.144,0.473945408,0.197788397,0.100217015,0.073236944,0.067261059,0.049167876,0.074076852,0.165,0.097953152,0.086726467,0.0766,0.07379458,0.087725139,1.214570681,0.228876386,0.275260985,0.219631054,0.065982195,0.106949007,0.08897303,0.071593924,0.181316546,0.189127391,0.19902525,0.194449094,0.199227759,0.251421737,0.394893023,0.075915743,0.081045481,0.886778377,0.14128542
PX013xNP060-V2,Pinetum,0,1.918979854,-0.046181433,-0.006712151,0.027347119,0.000345765,-0.01055831,0.010755191,0.005003303,-0.00842503,0.001148593,-0.000820706,-0.002406125,0.011460614,-0.016463934,-0.001008715,-0.001923241,0.008201004,-0.003702896,-0.002171792,0.001712333,0.004791662,-0.00057529,-0.002355569,0.003416925,0.001907555,0.000485646,0.002557949,0.001729884,-0.004577633,-0.004669772,0.001824742,-0.00399194,0.000172331,0.003149731,0.00336927,0.001969787,0.000489063,-0.00054942,-0.001794761,-0.001262396,-0.003110947,-0.000505036,-0.002543022,-0.001174379,0.00193365,-0.001015305,3.54E-06,0.000751062,6.95E-05,-0.000565249,0.000163116,-0.0004532,0.001468928,-0.000575171,-0.001113985,-0.000971671,0.000902493,-5.87E-05,-0.000333364,0.001204133,0.000427356,4.16E-05,-0.000654031,-0.000929487,-0.000545087,-0.000716302,0.000708967,-0.000237439,-0.000334569,1.5102,0.9428,1.4687,1.1944,1.6269,1.3051,1.893,1.2763,2.0369,1.2835,2.1419,1.2965,2.2425,1.3037,2.3231,1.3152,2.3921,1.3166,2.473,1.3037,2.5633,1.2641,2.6561,1.1908,2.6931,1.1014,2.0214,1.1307,2.0721,1.1724,2.1271,1.1695,2.1692,1.221,2.222,1.1962,2.2497,1.2681,2.2986,1.2102,2.3231,1.2785,2.3792,1.2156,2.4,1.2724,2.473,1.2706,2.4666,1.1721,2.5383,1.2292,2.6014,1.1597,2.6386,1.0965,1.8243,1.0232,1.8229,0.9642,2.0189,1.0725,2.1246,1.1034,2.2202,1.1228,2.2958,1.13,2.3734,1.1314,2.463,1.125,0.447120789,0.194128617,0.116542911,0.08028412,0.036320793,0.0367,0.044900445,0.144080012,0.105801701,0.100857325,0.081416276,0.069014201,0.081922036,1.193484968,0.208132962,0.23727777,0.19042043,0.059016608,0.098584482,0.077868864,0.080780691,0.17897958,0.190558469,0.181693643,0.190532359,0.200317997,0.239552186,0.393228699,0.054719832,0.062922969,0.826359353,0.155462214
PX013xNP060-V4,Pinetum,0,1.878321224,-0.050804441,0.00604394,-0.005243829,-0.002808755,-0.006721352,0.009433154,0.002239861,-0.000824076,0.002950146,-0.005226429,-0.002025907,0.001808407,0.000121107,0.009761881,0.003976274,0.003939852,0.01162361,0.006258634,0.000399781,-0.004223078,0.000300098,0.003811605,0.004584082,0.003653482,-0.002466789,-0.004029786,-0.004205549,-0.002681047,-0.002917285,-0.003783853,-0.003304485,-0.00080856,-0.004332962,-0.000598412,-0.002151218,0.002816029,-0.002107781,-0.000441083,0.001805855,0.000394604,-0.00121728,0.002818461,0.000170891,0.00095879,0.000615285,7.44E-05,0.000302944,-0.001076427,0.000307065,-0.000853476,-7.04E-05,-0.002243011,2.66E-06,0.001420298,0.001178364,-0.000338659,-0.000531495,-0.000442712,0.000494492,-0.000594307,-0.000681024,0.000858857,0.000220743,0.000937555,0.000320608,0.000268268,0.000499879,-0.000128856,1.5577,1.0022,1.5194,1.1936,1.6704,1.2886,1.9466,1.2627,2.0825,1.2713,2.1926,1.2907,2.2627,1.3026,2.3468,1.308,2.4364,1.3069,2.4968,1.295,2.5831,1.2562,2.6704,1.1926,2.7222,1.1052,2.0458,1.1354,2.0955,1.1839,2.1462,1.1785,2.1969,1.2228,2.2508,1.2077,2.2886,1.2584,2.335,1.2217,2.3684,1.2465,2.4148,1.2292,2.4493,1.2454,2.4973,1.2578,2.4962,1.1796,2.5636,1.2109,2.6165,1.1548,2.658,1.096,1.8441,1.0361,1.8398,0.9655,2.0426,1.0712,2.1467,1.1046,2.2487,1.1224,2.329,1.1294,2.411,1.1316,2.4935,1.1289,0.452563587,0.161387515,0.08836153,0.06803602,0.051229386,0.065182897,0.062838364,0.13617184,0.111796109,0.071102883,0.084273187,0.089606752,0.061561108,1.169046299,0.205304189,0.237931419,0.174684401,0.070730828,0.108599263,0.085355961,0.080151669,0.166132778,0.187719472,0.185456006,0.177403777,0.178635187,0.214215429,0.364814981,0.06485584,0.065833502,0.828541785,0.122542931
PX013xNP060v4-2,Pinetum,0,1.933386573,-0.058395461,0.018964312,-0.005466971,-0.001764184,-0.00786238,-0.02591245,0.012632502,-0.002328077,-0.004692405,0.000568203,-0.014705067,-0.001231361,-0.009551421,0.003673535,0.002144901,0.003145845,-0.00098259,0.002208224,0.000868349,-0.002509697,-0.000405965,0.001437807,-0.003406922,-0.002447732,0.001005894,0.000335507,0.001302706,-0.006800954,-0.001522499,-0.001034018,-0.001850285,0.000730089,-0.004425522,-0.000160883,-0.001742981,-0.002024462,0.002506443,0.003448035,0.001407598,-0.000701864,-0.000602267,-0.000226172,-0.001928551,-0.000777543,-0.000958699,0.000741071,-0.000965952,-0.002453736,0.000479185,0.000684219,0.000847142,0.001478071,0.000548384,-0.000285825,1.21E-05,0.000539045,0.000755442,-0.000960708,0.000897888,-0.000726211,0.000247773,-0.00049617,0.000553034,-2.09E-05,0.001012832,-0.000245561,-0.000220326,-0.000436791,0.4476,0.6548,0.4187,0.8557,0.5869,0.9827,0.8824,0.9417,1.0168,0.9528,1.1258,0.9681,1.2142,0.975,1.298,0.979,1.3702,0.979,1.4361,0.9655,1.5361,0.9321,1.6171,0.8702,1.6603,0.7897,0.9827,0.8118,1.0292,0.8642,1.0885,0.8562,1.1381,0.9079,1.1885,0.8845,1.2202,0.9365,1.2746,0.896,1.3028,0.9179,1.3496,0.8972,1.3782,0.9187,1.4361,0.9385,1.3901,0.8591,1.5036,0.8964,1.556,0.8385,1.5984,0.7813,0.7456,0.7067,0.7456,0.6329,0.9845,0.7488,1.0893,0.7811,1.1909,0.7968,1.2778,0.8048,1.3492,0.8063,1.3893,0.806,0.410136624,0.164116117,0.089463512,0.061443714,0.038964728,0.061288253,0.060828365,0.134857592,0.11006857,0.088668878,0.083895411,0.0722,0.067268566,1.220180028,0.188953433,0.278970249,0.227271226,0.0738,0.10392733,0.086864607,0.075009599,0.166224216,0.180129759,0.181694799,0.183253104,0.186379022,0.218254026,0.384116818,0.062467351,0.068833858,0.865615619,0.120861574
PX013xNP086-1,Pinetum,0,1.927710274,-0.067895469,0.007214943,0.002825153,-0.004983015,0.000868112,0.009186511,0.000123522,0.001530478,0.007417623,-0.010432414,-0.006700928,-0.002106691,-0.0012491,0.008180387,0.000245463,0.002432546,-0.001286539,-0.001229764,0.007428059,-0.002481208,-0.002198259,0.002390232,0.000271296,0.001566205,0.003317798,-0.002731155,-0.002112487,-0.004907527,-0.001781266,0.000513546,-0.00234275,-0.000961485,0.000927217,-0.001428935,0.000240819,0.000866039,-0.002154022,-6.12E-05,-0.001796557,0.000899493,-0.00106334,0.002468206,0.000245701,0.00014917,0.001127581,0.000378519,0.000222887,-0.003367733,0.000707193,-0.000201706,0.000260748,0.000781667,0.000794711,-3.98E-05,-0.001540703,0.001011519,0.000806219,0.000635719,0.00079752,-0.000112931,-0.000236793,0.000116077,0.000628688,-0.000241358,-0.000761255,0.000517538,-0.000628629,0.000424609,1.527,0.9876,1.4838,1.1688,1.6316,1.2994,1.9434,1.267,2.0642,1.2735,2.1742,1.2864,2.2724,1.2961,2.3511,1.3058,2.431,1.3015,2.5004,1.2864,2.5939,1.2461,2.6697,1.1811,2.7104,1.0933,2.0351,1.1397,2.0836,1.1785,2.1451,1.1753,2.1904,1.226,2.2422,1.2012,2.2756,1.2573,2.322,1.2131,2.3544,1.2447,2.4026,1.2159,2.4356,1.2339,2.5011,1.2533,2.496,1.1735,2.5694,1.1994,2.6147,1.1419,2.6492,1.0872,1.82,1.0397,1.8186,0.9649,2.03,1.0699,2.1415,1.1023,2.2343,1.1174,2.3155,1.1224,2.3939,1.1253,2.4957,1.1192,0.462137696,0.156889069,0.096960611,0.06253479,0.038931735,0.061189051,0.067756328,0.120974749,0.110753826,0.09867791,0.079295523,0.080015623,0.071023728,1.188111127,0.192146012,0.228909152,0.173866184,0.0748131,0.100494875,0.080682402,0.080648621,0.167266046,0.18550496,0.178967315,0.179368364,0.187842301,0.215285787,0.383222194,0.061503252,0.067539914,0.839555627,0.125764105
PX013xNP097-1,Pinetum,0,1.876259342,-0.049517562,0.002663122,0.006950948,0.007832703,-0.005291991,0.000347324,-0.009506365,0.013130618,0.013275928,-0.005930293,5.35E-05,0.00298622,-0.009823644,-0.00601573,-0.001150381,-0.004994148,0.002846326,0.001957737,0.000913465,-0.002315138,-0.004006529,0.002705432,0.002190629,0.004296068,-0.002977408,-0.002925236,-0.002270814,-0.00757933,0.00814713,0.005826096,-0.001372565,-0.00102095,-0.001603438,-0.00019965,0.000615626,-0.000984845,-0.002132317,-0.0001248,-0.001946443,1.81E-05,0.001145103,0.001026826,-0.000675928,0.000549991,-0.003010908,0.000261179,-0.000123294,0.000569367,-0.000832534,-2.12E-05,-0.003970694,-0.001037833,-0.000514803,-0.000791759,-0.000461139,0.001172483,0.000374894,-0.000974971,0.000127224,0.000759975,0.001009758,-0.001331105,-8.35E-05,0.000484646,-0.00024314,-0.000191832,0.000126866,-0.000243264,0.4476,0.6444,0.4049,0.8271,0.5583,0.97,0.8194,0.9366,0.9676,0.9398,1.0689,0.9528,1.1687,0.9649,1.2374,0.9734,1.3112,0.9769,1.3843,0.9636,1.4731,0.9276,1.5419,0.8811,1.5983,0.8033,0.9456,0.7877,0.9964,0.8377,1.0448,0.8361,1.0933,0.8877,1.1488,0.8647,1.1742,0.9202,1.2218,0.8774,1.2472,0.9298,1.2964,0.8853,1.3276,0.9086,1.3896,0.9282,1.3933,0.8456,1.4496,0.8813,1.4988,0.8316,1.5488,0.7718,0.7361,0.6742,0.7337,0.6234,0.9464,0.7271,1.0456,0.7595,1.1508,0.7802,1.2242,0.7905,1.2985,0.794,1.3938,0.7925,0.45142851,0.195186193,0.106084165,0.069522442,0.045037096,0.044687806,0.07024137,0.148234544,0.10213075,0.100530841,0.06922384,0.073882948,0.074300067,1.16161943,0.17642429,0.209318633,0.152781576,0.050856661,0.107860836,0.074096491,0.075017131,0.171363532,0.189519313,0.183018059,0.191045466,0.196448696,0.244988265,0.38845427,0.058672822,0.06563429,0.828498986,0.14516656
PX013xPX012-1,Pinetum,0,1.841231564,-0.063017651,0.00774016,0.00595906,-0.000473609,0.011679412,-0.018444428,0.019298799,-0.001296237,0.002937706,-0.012016286,0.000623784,-0.00633893,-0.002487133,0.004867841,-0.00650303,0.002752567,-0.002112097,0.008485265,0.004275032,-0.004892432,-0.001041817,0.000332437,-4.58E-05,0.002771394,0.004372789,0.004728277,0.00064101,0.002121941,0.00096668,-0.0004257,0.000743192,0.000176142,0.000367245,-0.000425252,0.001731581,-0.001662295,-6.90E-05,0.000479137,0.000204387,-0.001465627,-0.001835371,0.001681593,0.001223329,0.002324844,0.000303736,-0.000659564,0.001853249,-0.000915919,0.000109733,0.0003814,-0.001388238,8.95E-05,-0.000501748,-0.000521036,0.000525373,0.001924157,-0.000271645,0.000194179,-0.001130504,-0.001148165,0.000975494,0.000196802,0.000504967,0.00035203,-0.001156922,-0.001127446,-0.000142393,0.000445527,0.4873,0.6659,0.4467,0.8139,0.5663,0.9734,0.8872,0.9446,0.993,0.9541,1.0999,0.9679,1.1898,0.9784,1.2604,0.9866,1.3388,0.9911,1.4044,0.9774,1.4951,0.9398,1.579,0.8798,1.62,0.7917,0.9731,0.8147,1.0194,0.8599,1.0718,0.8488,1.1155,0.906,1.1615,0.8782,1.1972,0.9337,1.2425,0.8925,1.2702,0.9345,1.3139,0.8996,1.3464,0.9258,1.4044,0.948,1.3679,0.8766,1.4718,0.9036,1.5218,0.8464,1.5639,0.7813,0.7639,0.6869,0.7607,0.6361,0.9718,0.7488,1.0702,0.7821,1.1544,0.7996,1.2401,0.8083,1.3147,0.8131,1.3687,0.8107,0.399623135,0.155733169,0.097829443,0.063835492,0.045308388,0.053013677,0.065740779,0.106225656,0.107787059,0.090511104,0.071074609,0.078529039,0.067015297,1.139664394,0.193735954,0.266012067,0.211124253,0.050900688,0.09439518,0.082252599,0.071752143,0.170479852,0.181798625,0.177381228,0.176904324,0.18853074,0.213295101,0.38931048,0.05705585,0.066237452,0.816218892,0.129298917
PX014xNP012-5,Pinetum,0,1.867085397,-0.05068927,-0.008090296,0.023772437,0.003589242,0.011109651,-0.000708834,-0.00679922,0.010211371,0.012880422,-0.009704413,0.004037076,0.001695325,-0.000977074,-0.008308701,-0.007325098,-0.006288876,-0.002748106,0.003216542,-0.00270735,0.003047219,-0.001021838,0.004725789,-3.41E-05,0.00167769,0.004376778,-0.006326362,0.001309835,-0.005446259,0.000976551,0.003095463,0.004811714,-0.000917737,-0.000338759,0.001064503,0.002938267,0.001155884,0.000353668,0.000601721,0.000553109,-0.002426192,-0.001117562,0.000247575,-0.002638094,0.002197491,0.002483793,0.002498624,0.001020373,0.000362518,-0.000278372,-0.00068679,-0.000423236,-0.000403215,0.000486502,-0.000245006,-0.001065864,-6.16E-05,0.000300006,-0.000460939,0.000597682,0.00035795,-0.000386728,4.21E-05,-0.000288669,8.58E-06,0.000406496,-8.24E-05,-0.000279972,-0.000292674,0.4413,0.6659,0.406,0.8353,0.5377,1.0131,0.8216,0.9747,0.9528,0.9716,1.0554,0.979,1.1496,0.9896,1.2216,0.9959,1.2933,0.9972,1.3663,0.9853,1.462,0.9459,1.534,0.8824,1.5865,0.7944,0.9263,0.8176,0.9795,0.8626,1.0377,0.8504,1.0795,0.8954,1.1253,0.879,1.1567,0.9356,1.2078,0.8896,1.2237,0.9602,1.2824,0.8967,1.3094,0.9147,1.3734,0.9422,1.3774,0.8599,1.443,0.9083,1.4896,0.8501,1.5333,0.7833,0.7313,0.7028,0.7313,0.652,0.9284,0.7499,1.0401,0.7832,1.1279,0.7975,1.2115,0.807,1.2845,0.8091,1.3792,0.807,0.453078911,0.188792214,0.112222502,0.087004425,0.054464759,0.035761711,0.084056291,0.131236618,0.102866515,0.094794515,0.072275099,0.071711784,0.073963572,1.15238678,0.19609309,0.219118826,0.158208122,0.0508,0.092150529,0.083178182,0.074937107,0.178766048,0.197105682,0.192806561,0.195444365,0.207643565,0.248880051,0.409724505,0.054345653,0.054905828,0.812676867,0.162873724
PX014xNP060v2-2,Pinetum,1,1.897763957,-0.046096482,-0.008448055,0.020030094,-0.019769741,-0.008420131,-0.027593226,0.010605731,0.000938352,-0.000304378,0.004688938,-0.004990726,-0.002689695,-0.003898734,-0.017884823,-0.00057598,-0.00378546,-0.002016238,0.003931381,-0.000214629,0.004019965,0.005408574,-0.001677962,0.005269788,0.001478877,-0.00055348,0.000678694,-0.004622455,0.002745569,0.003355062,0.002452113,0.001906719,-0.001448691,0.001085767,-0.000224985,0.004655428,0.00322982,-0.001320314,0.000730253,-0.000452042,-0.002600227,-0.000237695,-0.001423098,-0.00040406,0.000435966,-0.001675475,-0.00084832,-0.001193992,0.000757457,0.00076738,-4.54E-05,0.001881841,-0.00086929,-4.65E-05,0.000579948,0.000977381,0.000471253,-0.001098965,-0.000697663,0.000311796,-0.00018618,-0.000695578,0.000195223,0.000425204,-0.000238515,0.001045768,0.000686411,-0.000128958,0.000243093,0.5492,0.5627,0.4829,0.7567,0.656,0.9435,0.9046,0.9057,1.0443,0.9152,1.1512,0.9353,1.2369,0.944,1.3155,0.948,1.3917,0.956,1.4687,0.9533,1.571,0.9147,1.6544,0.8552,1.7044,0.771,1.0269,0.7636,1.093,0.8102,1.1485,0.8054,1.1909,0.8552,1.2438,0.8377,1.271,0.8888,1.3282,0.8544,1.3377,0.9147,1.4049,0.8671,1.4292,0.894,1.4851,0.9168,1.4385,0.8311,1.5483,0.8729,1.6086,0.8194,1.6599,0.7571,0.8313,0.6353,0.8313,0.6004,1.025,0.706,1.1468,0.7452,1.2425,0.7615,1.3242,0.7702,1.3992,0.7746,1.4353,0.775,0.417098082,0.187482533,0.115744071,0.089398546,0.064883357,0.040021619,0.072458609,0.140022641,0.10877325,0.086140467,0.078701715,0.076618797,0.077047323,1.1738296,0.196074603,0.272607447,0.217240926,0.0349,0.100624947,0.08603633,0.077744325,0.181401351,0.192544151,0.194493522,0.196321497,0.198510075,0.233187157,0.385289112,0.046620382,0.058131575,0.843286932,0.153004118
PX014xNP060-V4,Pinetum,0,1.903624965,-0.041191884,0.005982678,-0.003846799,-0.003220501,-0.011769151,0.018757303,0.001462242,0.004103845,-0.003446727,0.004440934,-0.001202314,-0.002117118,0.000281323,0.001850841,0.005590371,0.003300895,-0.00119118,-0.001269289,0.001414655,-0.00609642,7.10E-05,0.000241956,0.002468546,0.001463565,0.000709439,0.002524163,0.000155978,0.000710016,-0.001212238,-0.001087457,-0.001349823,-0.002247721,-0.00132638,0.000221912,-0.000355971,0.001214553,-0.004150302,-0.000249836,0.000543768,0.001489737,-0.000238917,-0.00121726,-0.002241144,0.000611972,-0.000848278,0.001265802,0.000614647,0.00151294,-0.000394417,-0.000744145,0.001737881,0.000704331,0.001128107,-0.000896274,-0.001383601,-0.000615907,-0.001899983,0.000531648,0.001116641,0.000569171,-0.000396534,-0.001345847,-7.62E-05,-0.000522418,0.000350618,-0.000163913,-0.000244101,7.67E-05,1.5255,0.9991,1.4953,1.2105,1.6737,1.2983,1.9326,1.2584,2.0577,1.2681,2.1731,1.2853,2.2562,1.2929,2.336,1.3004,2.4191,1.3004,2.4942,1.2929,2.596,1.2487,2.6726,1.1823,2.7147,1.1019,2.0261,1.1314,2.0922,1.1803,2.1498,1.176,2.1944,1.2206,2.2447,1.2005,2.2783,1.2524,2.3225,1.2174,2.3657,1.2433,2.4083,1.2141,2.4369,1.2422,2.4973,1.2605,2.4946,1.1807,2.5609,1.2082,2.6133,1.1505,2.6521,1.096,1.8393,1.0318,1.835,0.9666,2.021,1.0609,2.1419,1.0962,2.2382,1.1142,2.3159,1.1199,2.3964,1.1224,2.4903,1.1203,0.471086765,0.157706214,0.094334988,0.068115931,0.046137403,0.064362256,0.060861153,0.125475496,0.116674762,0.083446809,0.080151669,0.0831,0.075473572,1.193634986,0.188785407,0.233780773,0.178007191,0.065341641,0.09801153,0.079614383,0.085863438,0.172644056,0.187968508,0.183011175,0.183066163,0.191413819,0.216381168,0.368839504,0.06287742,0.067288409,0.827282763,0.124736923
PX014xNP060v4-2,Pinetum,0,1.898579386,-0.064458227,-0.01308232,0.026940517,-0.004342573,-0.004124287,-0.021013706,0.024145868,0.004503706,0.006503587,-0.009922467,-0.009359623,-0.011723347,0.006420127,-0.00360075,-0.004861169,0.000521401,0.000286114,0.000105514,0.001319733,0.000519728,-0.003275061,0.001937627,0.004239699,-0.001145395,-0.003530332,0.003319993,0.003808453,-0.002509688,-0.000723491,0.005815327,0.001410332,-0.000684684,0.001821445,-0.002612861,-1.92E-05,-0.002604365,-0.000457303,-0.001428291,-0.001493071,-0.000121572,-0.000939636,0.001487602,-0.000393473,-0.000243891,-0.000782298,-0.000883677,0.001167799,-0.00098241,-0.000762876,-0.002083667,-0.00070237,0.000348819,0.001148462,5.62E-05,0.000328855,-0.000819864,3.96E-05,0.000254987,-0.000895477,-0.00111775,-0.000590807,-0.000181737,0.000251893,-0.000161525,0.000694544,-0.000227563,0.000170875,-0.000291982,0.5056,0.6183,0.447,0.8067,0.5644,1.0025,0.8766,0.9623,0.9988,0.9607,1.1044,0.969,1.206,0.9798,1.2829,0.9845,1.3663,0.9917,1.4417,0.9766,1.529,0.9422,1.6062,0.8798,1.6517,0.7919,0.9821,0.806,1.0464,0.856,1.0869,0.8512,1.1377,0.9044,1.1853,0.879,1.2181,0.9321,1.2726,0.8933,1.2991,0.9231,1.3501,0.8972,1.3784,0.9197,1.4456,0.944,1.3925,0.8552,1.5149,0.9017,1.5557,0.8425,1.6022,0.7811,0.794,0.6861,0.7933,0.6377,0.9821,0.743,1.0848,0.7821,1.1837,0.7996,1.2687,0.8083,1.3448,0.8091,1.3933,0.8091,0.413338602,0.188573434,0.115012391,0.072677713,0.049210771,0.063501181,0.073009657,0.122210474,0.105925681,0.102172403,0.077043494,0.083710214,0.076897139,1.159173054,0.194024174,0.266817409,0.21511125,0.048405062,0.10225165,0.088463439,0.077598067,0.174352545,0.18600207,0.182602136,0.187042375,0.198227042,0.243357227,0.430667215,0.050664485,0.062781685,0.821512489,0.122818932
PX014xNP068v1-1,Pinetum,0,1.908212594,-0.062820015,-0.021211828,0.019064835,-0.000199146,-0.005901541,-0.019944746,0.018045445,7.39E-05,0.003680735,-0.008564771,-0.002891793,-0.008224323,0.004702218,-0.013314402,-0.006933349,-0.003021279,0.000511485,0.001530253,-0.002509844,-0.003844136,0.005606908,0.003156092,0.002841216,-0.001247419,-0.001258172,0.003887989,0.002167046,-0.004073495,-0.002392889,0.001483144,-0.001891924,-7.83E-05,-0.002575429,-0.000632677,-0.00156449,0.0007065,0.001163981,-0.000441581,-0.003368009,-0.001806845,-0.0011314,-0.003317718,-0.000587377,-0.000972558,-0.000973121,0.000288996,-0.000330997,0.000417072,0.000281267,-0.000475313,0.000500962,-0.000250266,0.000179331,-2.06E-05,-0.001415241,-8.94E-05,6.76E-05,0.000646535,0.000430352,-0.001253743,0.000365648,-0.000670332,-6.69E-05,-0.000277556,0.000912293,0.000105228,0.00011198,-4.64E-05,0.4975,0.6491,0.4361,0.8433,0.544,1.029,0.8663,0.9837,0.9821,0.9861,1.1078,0.9999,1.1813,1.0094,1.2655,1.0171,1.3451,1.0218,1.4298,1.0111,1.5258,0.9718,1.5964,0.9139,1.6472,0.8261,0.975,0.8271,1.0364,0.8843,1.0851,0.8779,1.1284,0.9329,1.1856,0.9075,1.2078,0.9647,1.2676,0.9213,1.2866,0.9694,1.3485,0.9266,1.3739,0.9525,1.4353,0.9782,1.3893,0.8901,1.4967,0.9332,1.552,0.8761,1.6022,0.8165,0.7845,0.7155,0.7845,0.6663,0.9742,0.7679,1.0853,0.8097,1.1893,0.8302,1.271,0.8377,1.3488,0.8393,1.3914,0.8393,0.419062633,0.190628566,0.115376471,0.070095364,0.051964796,0.052158413,0.075046186,0.115824868,0.126455249,0.074111403,0.084551345,0.079738636,0.085373181,1.163245069,0.189648227,0.26572243,0.208463066,0.0492,0.104768364,0.083153112,0.081073424,0.1760392,0.196345945,0.193718817,0.188256049,0.204370252,0.241271735,0.435191383,0.046012607,0.058311234,0.831380376,0.144204196
PX014xNP068-V1-2,Pinetum,0,1.87521591,-0.045483674,0.015410048,0.014910339,0.000227531,0.003752586,0.009069684,0.003303971,0.00128845,-0.0090723,-0.00249059,-0.003021004,0.005467494,-0.002055645,0.004611903,0.003476361,0.000946284,-0.000602,0.002749041,-0.002291343,-0.004440387,0.002172991,0.005287329,0.001589698,0.002581242,0.002776665,-0.000482343,-0.001370564,-0.002320731,-3.01E-06,-0.001225926,-0.00030091,0.00027597,-0.000946288,-0.001228992,-3.47E-05,-0.000292443,0.000479075,0.000338505,-0.000566166,-0.002758071,0.002427915,-0.000594431,0.00140336,-0.000272293,-0.000805953,0.000731267,-0.000983367,0.000917011,-0.000358111,0.001450592,-0.000585177,-0.000161902,-0.001783381,0.003770305,-0.001183186,-0.000296707,0.000672035,-0.001253709,0.000243444,0.000326318,3.06E-05,0.000170722,0.000364803,-0.000106786,-7.49E-05,-0.000572767,0.000246362,-0.000247981,1.5361,0.9989,1.5122,1.2051,1.6841,1.3224,1.9581,1.29,2.0847,1.2972,2.1922,1.3177,2.2713,1.3321,2.3418,1.3378,2.418,1.3364,2.4946,1.3252,2.5899,1.2882,2.6661,1.2206,2.715,1.1278,2.0448,1.1516,2.0976,1.2023,2.1526,1.198,2.1904,1.2465,2.2443,1.2249,2.2778,1.2821,2.3242,1.2346,2.3544,1.2799,2.3997,1.2443,2.4342,1.2659,2.4871,1.2907,2.4885,1.2091,2.559,1.2458,2.6158,1.1868,2.6546,1.1199,1.8513,1.0545,1.8456,0.9847,2.0405,1.0886,2.1469,1.1217,2.2361,1.1375,2.3216,1.1469,2.3997,1.1483,2.4838,1.1462,0.447410259,0.163313961,0.095772752,0.071222749,0.05042073,0.059255126,0.072337335,0.126804574,0.109437197,0.080400062,0.07073005,0.07621286,0.077414469,1.185925976,0.203416248,0.240648998,0.177971936,0.07003235,0.095564115,0.080486645,0.076120562,0.179325514,0.198148076,0.191909171,0.185470348,0.186196375,0.217604504,0.37433079,0.060914448,0.060601403,0.820219507,0.139178483
PX014xNP072-1,Pinetum,0,1.889705692,-0.048748106,-0.016435867,0.020626382,0.000126975,0.006070921,0.0162645,0.005769336,-0.012027953,-0.006680612,-0.009705758,-0.005021714,-0.007129756,0.002509926,-0.0070208,0.002106218,-0.002003229,0.006206285,-0.001949845,0.008640288,-0.002152778,-0.000329348,0.003755987,0.001401,0.002763377,0.001673642,-0.000632807,0.001315036,0.005515581,-0.000793126,-0.002118158,-0.001884788,0.000611518,-0.000278619,-0.003758625,-0.001037174,-0.000584651,-0.000636442,0.001438071,-0.003047578,-0.001302119,-0.001634743,-0.000692891,0.000340488,0.001072372,0.001985629,-0.003109476,0.001273048,0.001422354,-0.001095207,-0.003118923,-0.002186315,-0.000535893,0.001425311,-0.000334131,-0.001292979,-0.000880178,-0.000419628,-0.000191281,-0.001088524,0.000705971,-0.001522574,0.000928287,-0.00082251,-0.000558105,-0.000383365,0.000437867,0.000325671,-0.000794289,1.5739,0.9622,1.4978,1.1861,1.6402,1.3134,1.9595,1.2853,2.0566,1.2864,2.1656,1.2994,2.2454,1.3091,2.3231,1.3166,2.4105,1.3209,2.486,1.3112,2.5852,1.2735,2.6715,1.2087,2.7276,1.1181,2.0383,1.1408,2.0998,1.185,2.1472,1.1861,2.1915,1.2368,2.2368,1.2066,2.2745,1.2627,2.3242,1.2238,2.349,1.2778,2.3986,1.2325,2.4331,1.2519,2.486,1.2843,2.4914,1.1904,2.5604,1.2325,2.623,1.1731,2.6726,1.1084,1.8578,1.0358,1.8563,0.9811,2.0354,1.0764,2.144,1.1088,2.231,1.1239,2.3152,1.1354,2.3921,1.1343,2.4903,1.1354,0.455806724,0.164589459,0.110218873,0.067746365,0.054770156,0.046650295,0.072606887,0.09710623,0.109772492,0.080387375,0.07806113,0.087505714,0.076120562,1.164185767,0.210776944,0.247017671,0.181027346,0.054720563,0.091915233,0.089076372,0.074906942,0.17585258,0.194921241,0.187199706,0.187289642,0.197940698,0.222261153,0.396386806,0.055848814,0.060163195,0.826166436,0.149832773
PX014xNP072-2,Pinetum,0,1.903598304,-0.057274252,0.001858032,0.003946703,-0.003877348,0.001001928,0.014183269,0.003805488,0.001322541,-0.003796668,-0.002621038,-0.005472137,0.00424626,0.003680071,0.001298166,0.004021235,0.003479724,0.002660039,-0.00469586,-0.004765972,-0.00283013,-0.001144665,0.003204927,0.002709558,0.001332418,-0.001292142,-8.63E-06,0.00039253,0.001602927,0.000399533,0.002821782,0.001701694,-0.000588444,-0.000140706,0.001657979,-0.001465699,0.001914422,-0.003053167,0.001715618,-0.000219803,-0.001722342,0.000199446,-0.000212681,0.000272834,-0.001094814,-0.001157628,0.000958796,-0.000246641,0.001474495,6.07E-05,0.000562014,0.000401267,-0.000177289,0.001307167,-0.001441879,0.000530681,0.000388349,0.000540064,-0.001536235,0.000522877,-0.000456788,-1.82E-05,0.000130851,-0.000420961,0.000172206,-0.000288554,-0.000138332,5.87E-05,0.000385836,1.5241,0.9998,1.491,1.1969,1.6435,1.3134,1.9347,1.2799,2.0739,1.2853,2.1742,1.3037,2.2551,1.3123,2.3339,1.3188,2.4123,1.3191,2.4881,1.3069,2.5877,1.2663,2.6654,1.2008,2.7053,1.1124,2.0228,1.1534,2.0948,1.2023,2.1401,1.1936,2.1846,1.2375,2.2371,1.2159,2.2709,1.2699,2.3227,1.2303,2.3533,1.2616,2.4018,1.2314,2.4277,1.254,2.4908,1.2762,2.4903,1.1882,2.5554,1.2267,2.6122,1.1663,2.6496,1.103,1.8384,1.052,1.8341,0.9923,2.0182,1.075,2.1354,1.1095,2.2314,1.1284,2.3128,1.1348,2.3928,1.1368,2.4817,1.1321,0.468793441,0.154155311,0.085590946,0.067011939,0.045248204,0.060400331,0.066896711,0.139304702,0.101973771,0.081355823,0.079067629,0.078400574,0.076775517,1.186554761,0.193687816,0.2279707,0.175552756,0.059854657,0.099530347,0.086802765,0.079107648,0.174917123,0.191293518,0.186642814,0.184396123,0.186246852,0.221260616,0.373408048,0.056487609,0.063407334,0.822979186,0.130901833
PX014xNP072-36,Pinetum,0,1.893653009,-0.058247108,-0.001477766,0.001473298,-0.008249144,0.013317384,-0.018675283,0.024620234,0.009394986,-0.005499466,-0.007171048,-0.007714853,-0.005606074,-0.001886094,-0.007812147,-0.002776779,-0.001522659,-0.000206859,0.001889661,-0.000123048,0.000755984,-3.60E-05,0.002270062,0.000920708,-0.004395522,0.005029176,-0.001301107,0.00095313,0.001216614,0.000104736,0.001845689,0.000240456,-0.000599664,0.001031586,0.002772216,-0.001112559,-0.001332529,0.001981722,0.001325919,0.001703606,0.00063056,-0.000777036,-0.000843564,0.000418042,-0.000195282,0.000156217,-0.000874744,-9.55E-05,0.000230984,0.00011733,0.000249708,-0.001088386,-0.000126411,0.000193665,-0.001959465,-5.59E-05,0.000862214,0.000494529,0.001796396,-0.000609748,-6.92E-05,-0.000534078,-0.000623135,5.66E-05,0.000658677,9.28E-05,9.10E-05,-0.00042423,-0.000139844,0.4845,0.6655,0.4298,0.8052,0.571,0.9901,0.8813,0.9615,1.0028,0.9679,1.1052,0.9811,1.1919,0.9938,1.2708,1.0033,1.3488,1.0099,1.4206,1.0044,1.521,0.971,1.6028,0.9147,1.6528,0.8298,0.9742,0.8313,1.0295,0.8755,1.0829,0.8721,1.1274,0.9149,1.1782,0.8988,1.2041,0.9536,1.2599,0.9152,1.2829,0.9599,1.3369,0.9245,1.3636,0.9443,1.425,0.9782,1.3774,0.8909,1.4956,0.9353,1.5544,0.8837,1.6036,0.8163,0.7813,0.7123,0.7813,0.652,0.9742,0.7536,1.0853,0.7925,1.1806,0.8115,1.2635,0.8242,1.3385,0.831,1.3821,0.8329,0.407581158,0.159945147,0.096180299,0.069823205,0.042010475,0.045055188,0.067248792,0.121668443,0.103247276,0.087625225,0.079469869,0.078278733,0.072010346,1.17979633,0.19315455,0.282096384,0.226653039,0.0603,0.098969591,0.083329767,0.07755959,0.175768313,0.185123148,0.184094324,0.18560528,0.193833459,0.227712143,0.398167929,0.051018526,0.057476604,0.838553385,0.140380091
PX014xNP072-3A,Pinetum,0,1.919117462,-0.059735827,0.000783117,0.00293884,0.011045799,-0.019672274,3.58E-05,0.015397285,0.001783323,-0.012594095,0.002152429,-0.00725474,0.004564179,0.011164777,-0.001045394,0.008987283,-0.001742638,-0.000172178,0.002939234,-0.002864366,-0.002886577,0.001276832,-0.00041439,0.010232683,0.002422102,0.007598584,-0.002092194,0.001237169,-0.002290027,-0.00447029,-0.002628833,0.003056956,-0.000542786,-0.000972469,0.001696082,-0.00116891,0.000755877,-8.13E-05,0.000330614,0.000240696,0.000404631,0.001614564,0.002993556,-0.003066331,-0.002431766,-0.002117607,0.000941716,0.000718117,0.000626665,0.000157674,0.000459045,0.000350872,6.94E-05,-0.000643025,-0.001262551,-0.000701393,-0.000299906,-0.000207592,-0.000469219,0.000280521,0.00035451,-0.000396716,0.000916879,0.000794262,-0.001027139,3.66E-05,-0.000266956,-0.00014881,-0.000202223,1.5288,0.9689,1.4827,1.2091,1.6381,1.3069,1.9444,1.2573,2.0804,1.2681,2.1969,1.2896,2.2681,1.2918,2.3501,1.2983,2.4407,1.3004,2.5086,1.2875,2.5928,1.2497,2.665,1.1861,2.7179,1.0955,2.0232,1.1264,2.0965,1.1746,2.1591,1.176,2.1958,1.2077,2.2497,1.194,2.2807,1.2479,2.336,1.212,2.3706,1.235,2.4202,1.2084,2.4511,1.2321,2.5119,1.2481,2.4741,1.1803,2.5669,1.205,2.6127,1.1537,2.657,1.089,1.8501,1.028,1.8484,0.9617,2.0205,1.0518,2.1564,1.0955,2.2438,1.11,2.3312,1.1181,2.4159,1.1181,2.4698,1.116,0.454110141,0.152788252,0.094876024,0.081907387,0.045672421,0.066536757,0.069087264,0.13642815,0.118467295,0.071233981,0.082257219,0.090624334,0.069114543,1.195820375,0.19856397,0.258126868,0.190988089,0.066321791,0.092370775,0.088157189,0.084276924,0.175834269,0.19183764,0.184806115,0.185622655,0.188591516,0.219137993,0.404214213,0.061245898,0.06152276,0.818559253,0.125370252
PX014xNP072-4,Pinetum,0,1.83913224,-0.044056504,0.020602062,0.010168231,-0.006813359,0.009357329,-0.02600708,0.014218193,0.005750651,-5.71E-05,-0.005198469,0.000634147,-0.001163247,-0.002486114,-0.009577242,-0.0008748,0.000131166,0.002199269,0.006244341,-0.001169139,0.002445345,0.003020421,0.002146249,-0.003521042,-0.005466489,-0.002861227,0.00267887,-0.002093469,-0.000800738,0.001374014,-0.001609649,0.003796412,0.001869421,0.001508536,0.005618876,-0.000251582,0.002013879,0.000675762,0.000292271,-0.000468266,0.00105162,0.001175852,-0.000395838,-0.000510499,0.00050947,-0.00214281,0.002210747,0.001174002,0.000177009,0.000391941,0.001299196,-0.000225068,0.000244302,-0.000240575,0.000596654,0.000329679,-3.38E-05,-0.001493545,0.001251223,-0.000314187,-0.001313145,-0.001052359,-0.000683759,-0.001134605,-0.000155188,9.63E-05,5.34E-05,0.000255932,-0.000263544,0.4472,0.6872,0.4112,0.8411,0.5763,1.0221,0.844,0.9806,0.9639,0.9874,1.0667,1.0044,1.1512,1.0197,1.2242,1.029,1.2935,1.0332,1.3591,1.029,1.4607,0.9933,1.5398,0.9348,1.5861,0.8464,0.9316,0.8567,0.9866,0.898,1.0364,0.8906,1.0766,0.9393,1.1341,0.9222,1.1611,0.9754,1.2155,0.9372,1.2324,0.9858,1.289,0.9403,1.3091,0.9684,1.3611,0.9917,1.3287,0.9033,1.4321,0.9589,1.4909,0.8972,1.5373,0.8353,0.7282,0.7163,0.725,0.6599,0.929,0.7774,1.0358,0.8142,1.1351,0.8364,1.216,0.8475,1.288,0.8522,1.3313,0.8536,0.399824924,0.15173981,0.092236923,0.065848462,0.045392731,0.043971354,0.066651332,0.120092673,0.104196161,0.085873977,0.073590013,0.069427156,0.065734314,1.149972978,0.193144428,0.263614055,0.213437251,0.056490707,0.102683251,0.082770526,0.073565345,0.177589414,0.187959251,0.183988804,0.181390628,0.187530931,0.220261753,0.391536116,0.050046478,0.061684439,0.831021329,0.144707705
PX014xNP072-6,Pinetum,0,1.903115881,-0.043733803,-0.000447035,0.01355575,-0.003833703,-0.01545373,-0.000643548,0.023251098,0.000834187,-0.01613965,0.006021696,-0.011816753,-0.005752136,0.008548292,0.001256949,0.00541352,0.000935028,0.003859544,0.00099764,-0.001830665,-0.004396065,0.000495763,-0.000147625,0.001282985,0.001343557,-0.000261015,-0.000105939,-0.002144736,0.00295519,0.000271858,0.004115349,0.001311464,-0.000553935,0.000355612,-0.002135676,-0.001340076,0.00058635,-0.000745081,0.000420702,-0.003595588,-0.002978605,1.51E-05,0.001590189,-0.000342027,0.001344801,-0.001719873,-7.66E-05,0.00108145,0.001681923,0.000569941,-0.000880457,0.000721411,0.000148312,-0.001354121,-0.00037188,0.00021163,-0.001202065,0.000433426,0.001148711,-0.000217136,0.001350504,0.001536442,-0.000549484,-0.00035512,0.000958307,-0.000572718,-0.000143163,0.000390976,0.000127707,1.534,0.9676,1.4853,1.2062,1.6593,1.317,1.9347,1.2843,2.0631,1.2896,2.1645,1.3047,2.2497,1.3177,2.3317,1.3252,2.4162,1.3303,2.4874,1.3188,2.591,1.2792,2.6686,1.2123,2.7147,1.1278,2.0236,1.1415,2.0926,1.1918,2.1372,1.1904,2.1854,1.2393,2.2393,1.2149,2.2745,1.2638,2.3274,1.2346,2.363,1.254,2.404,1.2389,2.4353,1.254,2.4982,1.2807,2.452,1.2077,2.5601,1.2353,2.6169,1.1764,2.6593,1.1174,1.8535,1.0401,1.8463,0.9818,2.0174,1.0732,2.1318,1.1099,2.2314,1.1305,2.3209,1.1413,2.3981,1.1451,2.4482,1.1456,0.433484717,0.168211325,0.102152288,0.068658357,0.059331695,0.077776153,0.078654307,0.128509338,0.102518145,0.086186078,0.082342273,0.084653765,0.072122743,1.191518581,0.195508695,0.274582046,0.21664884,0.058742914,0.104998381,0.090275689,0.076720597,0.17758063,0.191950436,0.190227233,0.186604528,0.192384459,0.226721194,0.383833349,0.056367721,0.062942037,0.824230769,0.114416869
RX001v4,F1,0,2.01715979,-0.002456583,-0.016863915,0.013444152,-0.00038711,0.003418806,-0.00186036,-0.008740735,-0.007037436,0.01416267,-0.009414957,-0.009260196,-0.001110159,0.003163124,-0.00751753,0.005192823,0.003105013,0.002479697,-0.000623502,-0.001778528,0.000179341,0.001722326,0.002596556,0.003467566,-0.007875343,0.002723656,0.002107991,-0.000180367,0.002809502,0.004305183,-0.000961107,-0.001039445,-0.000710397,0.001079405,-0.000558935,-0.001629594,-0.001987444,0.001801948,-0.000375454,0.00078295,0.002624136,-0.002884375,0.001640135,0.002219544,0.000462541,-0.001390291,0.000708145,0.0012279,0.00028858,0.000230079,-0.000317045,-0.000297339,0.000401837,0.000291745,-0.000830076,-0.000330751,-0.000249305,-0.000356455,-0.000509225,0.000978334,-0.000581387,-0.000932857,0.000495089,0.000406088,0.000287654,0.000263998,-0.000785179,1.93E-05,-0.0001281,0.4706,0.6143,0.4218,0.8528,0.571,1.0115,0.821,0.9639,0.9655,0.9639,1.0893,0.9758,1.1901,0.9874,1.2589,0.998,1.3385,1.0075,1.4075,1.0123,1.5282,0.9806,1.6329,0.9142,1.7136,0.8134,0.9496,0.8004,1.0139,0.852,1.0734,0.8536,1.1198,0.898,1.1792,0.8829,1.2067,0.9335,1.2659,0.9004,1.2835,0.948,1.3427,0.9115,1.3607,0.9501,1.4173,0.9837,1.4438,0.8832,1.5155,0.9435,1.58,0.8769,1.6581,0.8022,0.7417,0.6734,0.7409,0.625,0.9512,0.7298,1.0755,0.7763,1.1821,0.798,1.2676,0.8112,1.3464,0.8176,1.4437,0.8222,0.501088296,0.208014927,0.121918702,0.083564885,0.056398316,0.055723963,0.061543481,0.1445,0.124370616,0.101465265,0.069611781,0.080164893,0.069166755,1.258844633,0.249657766,0.278682759,0.191624137,0.048406611,0.109782193,0.088448516,0.077598003,0.19351602,0.200500399,0.192490753,0.200560913,0.217471285,0.267870958,0.422194576,0.056618813,0.064727892,0.934160414,0.144777657
RX001-V5,F1,0,1.987235882,-0.017001912,0.011249334,-0.006734768,0.002774374,0.007291568,0.002956049,-0.001450069,-0.007107991,0.005688897,-0.002023148,-0.001040517,0.003060934,-0.000856799,0.005138804,0.00704798,0.001106399,-0.004694636,0.000350559,-0.000441835,0.002536325,0.007733334,-0.000959649,-0.002435671,-0.003847843,1.28E-05,-0.002925612,0.000445583,0.000775847,0.001649954,-0.002731804,-0.003641516,0.004261511,0.000809009,0.002262727,0.001942614,-0.001254092,7.41E-05,-0.000528106,-0.000620726,3.10E-05,-0.003127379,-0.00243844,-0.003674407,0.001304727,-0.001771865,-0.000640763,0.000392748,-0.001677161,0.00061888,-0.000246686,0.002940606,-0.002328598,0.00082465,1.40E-05,-0.00011009,-2.15E-05,-0.000139469,0.000917704,1.15E-06,8.94E-05,0.00104989,0.000843398,-0.000118365,7.80E-05,0.000592332,-0.000152025,-0.000275481,5.42E-05,1.48,0.9978,1.4572,1.2091,1.6255,1.3184,1.8916,1.2781,2.0311,1.2896,2.1526,1.2994,2.2379,1.3166,2.3123,1.3231,2.3792,1.3328,2.4597,1.3332,2.5728,1.294,2.6758,1.2195,2.7319,1.1268,1.989,1.1455,2.0466,1.1872,2.1156,1.1828,2.1588,1.2318,2.2202,1.2145,2.2576,1.262,2.3051,1.2296,2.3231,1.2771,2.3698,1.2353,2.4022,1.2648,2.4648,1.3015,2.472,1.2001,2.5421,1.2594,2.6095,1.1882,2.657,1.1262,1.7733,1.0225,1.7697,0.9491,1.9869,1.0678,2.1134,1.1095,2.2184,1.1318,2.2997,1.1397,2.3673,1.144,2.468,1.1447,0.48607629,0.164528174,0.103566452,0.067883724,0.058045241,0.04725082,0.071784399,0.139973212,0.121894586,0.087016837,0.074683398,0.067599556,0.080500994,1.258528748,0.230800022,0.270038701,0.204721274,0.07348823,0.109297987,0.086232361,0.064950597,0.188682644,0.18735477,0.187384231,0.180053881,0.198013383,0.230885643,0.396454449,0.074902403,0.073316983,0.90480147,0.140247103
RX001-V6,F1,0,1.942359309,0.00396189,0.011613622,0.016993425,0.013168059,0.002302734,-0.001367849,-0.002547931,-0.005178766,0.006261675,0.000728341,0.006407945,0.008755395,0.000164086,0.000870589,0.010649647,-0.001066868,-0.001754291,-0.000979127,0.002292155,0.002345594,0.001691249,-0.000666864,-9.53E-05,-0.001789716,0.001657762,-0.000186169,0.000495823,0.003261092,0.001615143,-0.0017228,-0.001449644,0.000315213,0.00020499,-0.001197925,-0.003129663,-0.001416963,-0.001438868,-0.000645167,-2.93E-05,0.001428645,-0.000464808,0.000849776,0.000278358,0.000193601,-0.002063749,-0.002956188,8.20E-05,-0.000373225,-0.000458185,-8.91E-06,-0.000340903,0.003219707,8.07E-05,0.000668901,0.000161622,0.000339039,-0.000127711,0.001738046,0.000596487,-0.000200066,-0.000291642,0.000997395,0.000123736,0.000418695,0.00072006,-0.000371267,0.000809576,0.000465962,1.4951,0.9752,1.4612,1.2238,1.6456,1.3339,1.8725,1.2954,2.0156,1.3012,2.1357,1.3091,2.23,1.3198,2.299,1.3306,2.3652,1.34,2.4299,1.3425,2.5415,1.3058,2.6478,1.2325,2.7071,1.1338,1.9811,1.1296,2.0509,1.1785,2.1055,1.1807,2.1501,1.2267,2.2026,1.2087,2.2335,1.2634,2.2846,1.2267,2.3055,1.2814,2.3558,1.2375,2.3817,1.2691,2.4299,1.3123,2.4522,1.203,2.52,1.2675,2.5825,1.1974,2.6386,1.1257,1.7783,1.0074,1.7718,0.9376,1.9763,1.0593,2.1003,1.1041,2.1985,1.1251,2.2789,1.1347,2.3508,1.1404,2.45,1.1462,0.476783777,0.198200908,0.127676858,0.08364879,0.056508495,0.049627513,0.072794643,0.143217492,0.120359545,0.094905111,0.069840103,0.066864041,0.064748282,1.222332999,0.238762141,0.264126201,0.197812057,0.070101997,0.101056469,0.083952367,0.072014443,0.197326379,0.197127573,0.191450307,0.194421809,0.214528553,0.257910159,0.4159088,0.068977243,0.074135686,0.886974549,0.148098244
RX001v7,F1,0,1.997778147,0.012342448,-0.008972689,0.025016742,0.012609979,-0.001180625,-0.003841897,-0.006838483,0.001779242,0.010153839,0.004209369,0.014807468,0.002179022,-0.007973059,0.000835061,0.007564696,0.004852439,-0.005298707,0.002977932,-0.009370172,-0.005158549,-0.001437693,-0.003688448,0.00065979,-0.0062068,0.00067064,-0.002312519,-0.001901415,0.000180285,-0.00314066,0.001821525,-0.001520843,0.003066903,0.003452291,-0.0001435,0.000265303,0.000722178,-0.001084992,-0.002876419,0.00059736,0.001536612,0.001310159,0.001983266,0.001790132,-8.42E-05,0.00113061,-0.000313225,-0.001961251,0.001809013,0.000563082,-0.00103613,-1.63E-05,0.001184296,0.000170643,0.001409897,0.001694948,-0.000240885,-0.000866513,0.000720426,0.001540945,1.00E-05,-0.000906161,0.001495039,-0.000643335,-0.000341963,-5.91E-05,0.000169521,0.000112807,-0.000195586,0.4187,0.6179,0.3954,0.8676,0.5639,0.9996,0.7655,0.9636,0.9358,0.9636,1.0544,0.9784,1.1528,0.9964,1.2247,1.0028,1.3009,1.0081,1.3671,1.0171,1.4933,0.9758,1.5917,0.9075,1.6663,0.8044,0.9266,0.7869,0.9919,0.8313,1.0512,0.8313,1.0909,0.8832,1.1472,0.8639,1.1697,0.9287,1.2329,0.8861,1.247,0.9435,1.3008,0.902,1.3171,0.9425,1.3734,0.9774,1.4028,0.879,1.4718,0.9417,1.5411,0.8679,1.6063,0.7909,0.7274,0.6496,0.7254,0.5706,0.9258,0.7139,1.0512,0.7647,1.1468,0.7889,1.231,0.8028,1.2996,0.8097,1.4008,0.8131,0.485024587,0.239115244,0.143702818,0.101957295,0.069777504,0.0633544,0.067570704,0.1703,0.119519873,0.100032795,0.072184278,0.076384095,0.066808981,1.261462647,0.243530203,0.27385655,0.19103785,0.079025312,0.10138422,0.088528696,0.069736791,0.206764818,0.207117406,0.208797031,0.210826967,0.229952973,0.296725766,0.458392027,0.0615,0.06425356,0.908029129,0.143767868
RX001-V8,F1,0,1.953653106,0.008058042,0.018350468,0.004284159,-0.002940024,0.003814104,0.007233744,0.003435998,-0.008688077,0.002156779,-0.005718522,0.00321639,0.001485319,-0.001119114,-0.005069838,0.005602183,-0.003130385,0.005009938,-0.000761499,0.00140843,0.000780014,0.000475693,0.003084201,-0.000170273,-0.00172374,0.001360456,0.001836671,-0.003736443,-5.54E-05,-0.003174358,0.000214965,-0.000347667,-0.000562224,-0.001994493,-0.001025513,0.002675123,0.000571701,0.002073222,-0.000921742,0.000672896,-0.000340657,0.000882379,0.002360623,0.000507289,0.000309602,-0.001676497,8.51E-05,-0.00214279,0.000831354,0.000163414,0.002647413,-0.001358164,-0.000817461,0.001267182,0.000652215,-0.001111274,-0.000347741,-0.000141387,0.001041191,-2.87E-05,-0.000552806,-0.000638171,-9.88E-05,0.001447242,-0.000474033,0.000252529,0.000491469,0.000338263,-0.000105831,1.5016,0.9838,1.4773,1.2141,1.6704,1.3134,1.8941,1.2789,2.0228,1.2882,2.1357,1.3019,2.23,1.3163,2.3015,1.3242,2.3781,1.3252,2.4471,1.3274,2.562,1.2929,2.6607,1.2249,2.7265,1.1354,1.9851,1.1246,2.0512,1.1821,2.1088,1.1757,2.1512,1.2303,2.2123,1.2051,2.2433,1.2684,2.2929,1.2246,2.3123,1.2843,2.3749,1.2318,2.3986,1.2634,2.4489,1.2965,2.4583,1.1951,2.5421,1.2594,2.6133,1.1942,2.6629,1.1181,1.7772,1.0102,1.7744,0.9391,1.9772,1.0527,2.1016,1.0987,2.2037,1.1188,2.2853,1.13,2.3673,1.1343,2.4579,1.1375,0.47842292,0.179135396,0.109835195,0.073258515,0.049712172,0.04133582,0.065111366,0.129035576,0.113728185,0.095393134,0.07193511,0.076606527,0.069035064,1.234245749,0.227742179,0.274764135,0.204582013,0.071155112,0.107594656,0.082925328,0.082315491,0.190206861,0.20097674,0.194334197,0.195319251,0.205230821,0.240981431,0.388479716,0.065910925,0.056473445,0.906351615,0.159765453
RX004-V1,F1,0,2.036980943,-0.004662616,0.007508933,0.004013377,-0.001191224,-0.006515383,-0.004538893,-0.0043995,9.34E-05,0.004998991,0.002213429,0.003621756,-0.000926122,0.001057768,-0.001178839,0.003812245,-0.000336028,-0.003149908,-0.005920411,-0.002153579,-0.002022579,0.001715552,0.005754204,-0.000877117,0.001102417,-0.002234916,-0.003237404,-0.00337319,-0.001014902,-0.000325153,-0.001471625,0.004840878,-0.002524853,-0.001655319,-0.000209378,0.00155439,-0.003278008,-0.00083386,-0.001538062,-0.00215243,0.002190265,-0.001824943,9.49E-05,0.003675444,0.000756321,-0.000292352,0.002464074,-0.001594773,-4.07E-05,0.000461363,0.000774995,0.001168987,0.000858637,0.000215659,0.000963413,0.000353446,-0.000845192,0.001014981,0.001264171,-0.000164896,0.001000615,-0.000169091,-4.34E-05,0.001062183,0.000189352,-0.000635831,-0.000618728,6.66E-05,-6.24E-05,1.4585,0.9579,1.445,1.1969,1.6251,1.3155,1.8581,1.2843,2.0038,1.2853,2.1268,1.2983,2.2314,1.3242,2.3004,1.3274,2.3803,1.3306,2.4558,1.3306,2.5766,1.2904,2.6694,1.2217,2.7395,1.1311,1.9797,1.1221,2.0502,1.1753,2.1149,1.1717,2.1566,1.2235,2.2192,1.2033,2.2465,1.2508,2.3026,1.2206,2.3274,1.267,2.3875,1.2285,2.4112,1.2558,2.4615,1.299,2.4666,1.189,2.5507,1.2451,2.6133,1.1846,2.665,1.1214,1.7616,1,1.7567,0.9272,1.9757,1.043,2.1106,1.0879,2.2098,1.1084,2.2961,1.1235,2.3824,1.1332,2.4662,1.1375,0.491474536,0.202720004,0.119385761,0.080517576,0.074937107,0.066160109,0.080931144,0.145703432,0.123685084,0.107758851,0.069074163,0.079964054,0.0755,1.292655886,0.227844026,0.278974587,0.2054194,0.072964718,0.108981879,0.085175407,0.085266758,0.193379859,0.210802372,0.210871003,0.207246254,0.224439301,0.268431462,0.409994451,0.075128823,0.067257862,0.928828579,0.144663195
RX005-V1,F1,0,1.923005547,-0.004071561,0.015628316,0.018302749,0.017147399,0.010758399,-0.01081231,0.000346301,0.002738979,0.001818375,0.003643494,0.012851606,0.004546344,-0.004993222,0.002031024,0.008599633,-5.00E-05,-0.004523319,-0.001308502,0.004875107,-0.004303057,-0.001135066,4.32E-07,-0.00633896,0.001877791,0.001936179,-0.001473619,0.002138406,0.003108189,0.003445147,0.002896536,-0.001481588,-0.000901168,-0.004426178,-0.003776628,-0.000173146,-0.001783116,0.00264513,0.002016381,-0.001837839,2.17E-05,-0.000759887,-0.001493006,-0.000405688,0.000412023,0.000476231,0.000928872,-0.003387846,0.000227928,0.000431945,0.00103319,0.000297523,0.000928432,0.001358703,-0.000709871,0.000388018,-0.000518078,0.000362888,-0.000273168,0.000893595,-0.000610001,-0.000621963,1.72E-05,-0.000182556,-0.000269718,0.001130168,-0.000144096,-0.000151669,-0.000812881,1.4887,0.9622,1.4543,1.1803,1.637,1.3069,1.8786,1.2853,2.0124,1.2868,2.1275,1.2968,2.2224,1.3141,2.2943,1.3184,2.3533,1.3227,2.4209,1.3267,2.5352,1.2936,2.6323,1.2224,2.6927,1.1303,1.9919,1.1052,2.0469,1.1677,2.1084,1.1602,2.1516,1.2206,2.198,1.1926,2.2303,1.2454,2.2799,1.212,2.2983,1.2638,2.3457,1.2217,2.3706,1.2487,2.418,1.2983,2.4364,1.198,2.5086,1.2551,2.5787,1.1872,2.6187,1.1187,1.7794,0.9829,1.7772,0.9103,1.9898,1.0356,2.103,1.0804,2.1963,1.1025,2.2767,1.1187,2.3382,1.1232,2.4328,1.1296,0.454083792,0.212774294,0.12399621,0.079920273,0.06915273,0.054746324,0.075995329,0.133808408,0.115533588,0.096463983,0.072028467,0.059156487,0.06771824,1.215678251,0.226876927,0.265090513,0.197413703,0.072633326,0.095278119,0.084166323,0.066511127,0.197458907,0.200075611,0.202804462,0.206121154,0.225409228,0.273341417,0.4206514,0.074903671,0.064124878,0.866921455,0.146151873
RX005-V2,F1,0,2.040354573,0.000192277,-0.004292069,-0.002263036,0.009721116,-0.004125732,-0.004997321,-0.002171254,-0.008108895,-0.004224855,0.001445506,0.007833573,-0.004182092,0.00333038,-0.0074903,0.008784072,-0.002698152,0.001931712,-0.003761178,0.001841317,-0.000134449,-0.000498198,0.003913847,-0.002619114,-0.003813495,9.18E-05,-0.002427585,0.00212036,0.00173575,-4.83E-05,0.001723853,-0.002481392,-0.000781197,-0.000852761,-0.000349507,0.003116787,0.002531138,-0.000875087,-2.13E-05,-0.000474065,0.001225395,-0.003953345,0.000711528,-0.00027969,0.00011591,-0.000521414,0.000726845,-0.000145974,4.92E-05,-0.000494435,-0.000580124,-0.001841327,0.001157715,0.001194941,0.002852514,0.000752278,0.001416901,0.000974308,0.000708347,-0.000659807,-0.000600206,0.00098633,-0.000114723,-9.43E-05,-0.000712772,-0.000321685,0.000219665,-5.47E-06,0.000577688,1.5007,0.9703,1.4619,1.2249,1.6359,1.3213,1.8981,1.2864,2.0307,1.2929,2.1505,1.2983,2.2454,1.3134,2.3263,1.3209,2.4029,1.3274,2.4779,1.3296,2.5992,1.3008,2.7028,1.2353,2.7754,1.1303,2.0067,1.1253,2.0807,1.1757,2.149,1.1706,2.1886,1.2296,2.2533,1.2066,2.2771,1.2605,2.336,1.221,2.3569,1.2727,2.4105,1.2346,2.4428,1.2508,2.4849,1.3004,2.493,1.1942,2.5787,1.2616,2.6462,1.1909,2.7093,1.1181,1.7963,0.9969,1.7927,0.9293,1.9991,1.043,2.1437,1.0883,2.2472,1.112,2.3292,1.1242,2.4061,1.1321,2.4903,1.1365,0.491156696,0.194286309,0.127419936,0.078557622,0.061670901,0.057092907,0.086368802,0.132759218,0.119921641,0.096093808,0.081246908,0.076875289,0.07503226,1.284702335,0.245187051,0.289539237,0.213787862,0.06769579,0.110338071,0.083944327,0.075731169,0.193497726,0.204971901,0.206927717,0.209901358,0.233730956,0.263523358,0.422196921,0.067216441,0.071936917,0.935842401,0.148959726
RX006-V1,F1,0,1.923805002,0.008884772,0.00644672,0.032551449,0.021023324,0.005409293,0.002958427,0.013303364,0.00423639,-0.005447513,0.003802881,0.000488484,-0.001278056,0.002418577,-0.004020278,0.00770767,-0.001716866,-0.005822537,-0.001684503,0.000606971,0.002403596,0.000432306,-0.004233325,-0.003975439,-2.60E-05,0.000795102,-0.00109581,0.000986554,0.002351755,-0.001522476,-0.001569564,-0.00116319,0.000772397,-0.002451073,-1.03E-05,-0.001173727,-0.002266891,-0.001404974,0.000304358,-0.001430266,0.001492839,-0.00459801,-0.003497151,0.000199603,-0.001926311,0.000719113,0.001467017,-0.002482646,0.000855443,0.001007209,-0.000658335,-0.000553877,-0.001467394,-0.000146151,-0.000252804,0.000204965,0.000186292,0.000864044,0.000417065,-0.000275015,0.001531956,-0.000897548,-0.000444165,0.000867532,-0.001357274,0.000251441,-0.000613171,-0.000219969,0.000576849,1.4995,0.9493,1.468,1.2084,1.6564,1.3364,1.8963,1.2875,2.0214,1.2832,2.1321,1.2918,2.2213,1.3091,2.3076,1.3076,2.3666,1.3119,2.4385,1.3166,2.5572,1.2821,2.6489,1.2077,2.7114,1.1192,1.9876,1.1073,2.0523,1.1526,2.1073,1.1494,2.1526,1.2023,2.2044,1.1818,2.2357,1.2335,2.2821,1.199,2.3101,1.2551,2.3544,1.212,2.3813,1.2465,2.4374,1.2925,2.4432,1.1789,2.528,1.247,2.5928,1.1785,2.6374,1.1081,1.8096,0.9898,1.8074,0.92,1.9851,1.0279,2.1016,1.0725,2.1972,1.0991,2.2785,1.1142,2.3484,1.1214,2.4391,1.1262,0.461191847,0.202009232,0.1342057,0.091817754,0.07695921,0.05255949,0.067031709,0.125173879,0.111033553,0.090862148,0.086313035,0.059156487,0.072053452,1.223751454,0.224307936,0.274764135,0.207706355,0.069834662,0.102362933,0.079580965,0.073459445,0.190400945,0.190617628,0.203120285,0.203399361,0.2254474,0.274367637,0.442933358,0.074827869,0.063244367,0.851047361,0.139077604
RX006-V2,F1,0,2.015778566,-0.004820297,-0.016569711,-0.025282803,0.003229891,-0.009637467,0.005321974,0.002251295,-0.006465778,-0.000841394,0.003408747,-0.000962426,-0.004141331,-0.003049562,-0.002598006,0.006647387,0.001307142,-0.002889369,0.000468583,-0.000113067,0.002711182,-0.000874392,-0.004147885,-0.003659291,-0.000588247,0.001472762,0.003378053,-0.001052523,0.000382548,-0.003092321,0.001602575,0.003157726,0.005338056,-0.002650712,0.003890845,-0.000150278,-0.003612585,-0.000931186,-0.002360033,-0.000795124,0.001380494,-0.00110506,0.002546397,0.002074503,-0.000904915,0.001831324,0.001246668,0.001682151,0.000395742,-5.72E-05,0.000288756,0.000230362,0.001056041,0.000606833,-0.000813732,0.00043461,-0.000255846,-0.000354663,-0.00078625,-5.86E-05,-0.001290558,-0.00063413,-0.000256681,0.001034377,-0.000438618,-0.000169354,0.000397395,5.87E-05,0.000334672,1.48,1.0097,1.4507,1.2415,1.609,1.3134,1.8657,1.2702,2.0081,1.2767,2.1214,1.2918,2.2292,1.3047,2.3047,1.3112,2.3943,1.3198,2.4579,1.317,2.5802,1.2875,2.6837,1.2213,2.7578,1.135,1.9829,1.1365,2.0642,1.1897,2.121,1.1695,2.167,1.2271,2.2289,1.2005,2.253,1.253,2.3141,1.2192,2.3339,1.2699,2.3925,1.2231,2.4148,1.263,2.4644,1.2931,2.4694,1.2023,2.5485,1.2461,2.6233,1.1814,2.6823,1.1282,1.7819,1.0214,1.7819,0.9581,1.9782,1.0581,2.1199,1.1048,2.2235,1.1264,2.3119,1.1368,2.3873,1.1429,2.4655,1.1456,0.490929618,0.177796316,0.103519129,0.079154596,0.056915112,0.050579937,0.060386174,0.142548273,0.114301794,0.108569102,0.075779285,0.090011777,0.063661605,1.283928709,0.234089748,0.296148358,0.215140628,0.0633,0.11226491,0.087228034,0.078496943,0.171568412,0.187477065,0.187162229,0.194374818,0.205058162,0.240088859,0.395136053,0.075805607,0.072389019,0.916326454,0.137769953
RX006-V3,F1,1,2.005808627,0.000996893,0.011457407,0.018084262,-0.000775526,-0.006307953,0.00103453,0.003453442,-0.004141693,-0.007063554,0.007262515,0.001479689,0.002677192,-0.010360706,0.003379909,0.009000961,-7.66E-05,-0.001523862,0.001986964,0.001609721,-0.002431755,-0.001339126,-0.002159705,-0.000561647,0.000344634,-0.003913022,-0.00039131,-0.003125033,0.001005115,-0.00028092,0.003176005,-0.00037985,0.000625553,0.001546549,-0.002193905,-0.001385654,0.000503853,0.001642543,0.000695775,6.00E-05,-0.00108722,-0.000742266,5.02E-05,-0.001511905,0.002932134,-0.001297136,0.002458568,0.00065603,0.001424526,-9.72E-05,0.000617606,0.000835873,0.000720545,0.001414725,-0.000559623,0.000581138,-0.000550599,1.41E-05,0.000525491,-0.00036108,-0.000328884,0.000155643,0.00060259,-5.79E-05,-0.00104826,-9.58E-05,-0.000519944,-3.99E-05,-0.000239866,1.4811,0.9461,1.4493,1.2105,1.6694,1.3069,1.8808,1.2839,2.0289,1.2911,2.144,1.304,2.2429,1.3206,2.3198,1.3285,2.3939,1.3342,2.464,1.3324,2.5859,1.2932,2.6845,1.2235,2.7478,1.1278,2.0076,1.1165,2.0669,1.1715,2.1251,1.1688,2.1737,1.2211,2.226,1.2023,2.262,1.2627,2.3166,1.2231,2.3389,1.272,2.3871,1.2274,2.4123,1.2627,2.4684,1.2965,2.4709,1.1951,2.5593,1.2551,2.6327,1.1834,2.6823,1.1165,1.7977,0.9919,1.7956,0.9288,2.0059,1.0491,2.1181,1.0917,2.2163,1.1165,2.3058,1.1311,2.3776,1.1359,2.4673,1.139,0.469920046,0.210002381,0.125491673,0.088059639,0.060969009,0.059641093,0.073829601,0.148274914,0.115820637,0.100283448,0.077304722,0.074318907,0.070123106,1.279665495,0.231449282,0.284961225,0.215479744,0.063134935,0.10631585,0.092956979,0.070631013,0.193428152,0.201086051,0.199666372,0.200956562,0.218442212,0.266047082,0.39860513,0.066467586,0.065507633,0.906348818,0.14149523
RX008V06,F1,0,1.964244862,0.006864235,-0.017355909,-0.003049546,-0.001089964,0.005030546,0.004195793,0.003399915,-0.003056086,0.005282713,0.00145352,0.007302053,-0.002213772,-0.00628888,-0.001051995,0.002518958,0.000610024,-0.004363952,-0.00286209,0.001806876,0.001218111,-0.003479323,0.005223827,-0.002065569,0.000521617,-0.002232433,0.00269554,0.002277481,-0.002028827,0.002257005,0.000831664,0.000895838,-0.002094686,-0.001917462,0.001175051,0.000710645,-0.001345222,0.000842001,-0.001607942,-0.000484212,-0.000838745,0.001505599,0.000570837,-0.000315611,-7.89E-05,-0.000775701,0.001775276,-0.000734167,0.001184832,0.000422251,-0.000459919,0.000730562,0.002230005,-0.002075004,-0.001463875,-0.001104256,0.0007414,0.000893113,-0.000777588,-0.000367968,0.000264569,-0.000268236,1.22E-05,8.30E-05,0.000199565,0.000359628,0.00048977,-0.000251924,1.96E-05,1.4951,0.9935,1.4752,1.2044,1.6284,1.3123,1.8592,1.2796,1.9944,1.2803,2.1138,1.294,2.2267,1.304,2.29,1.3098,2.3662,1.3188,2.4342,1.3177,2.5593,1.2932,2.6722,1.217,2.7384,1.13,1.9905,1.1134,2.0566,1.1739,2.1163,1.1667,2.1566,1.217,2.2149,1.1962,2.2371,1.2487,2.2947,1.2105,2.3148,1.2695,2.3716,1.2195,2.3968,1.2537,2.4471,1.2902,2.4579,1.1839,2.5327,1.249,2.6151,1.1778,2.6625,1.1174,1.7907,1.0038,1.7886,0.9493,1.9858,1.0502,2.1113,1.0912,2.2098,1.1117,2.2882,1.1224,2.3652,1.1294,2.4552,1.1316,0.472687011,0.211806822,0.123246907,0.08809563,0.056269441,0.047319446,0.071933094,0.135201812,0.120183402,0.113342005,0.063565163,0.076729655,0.068008896,1.250770618,0.242303632,0.285631686,0.216841186,0.054540444,0.102918463,0.081071142,0.077424867,0.187281099,0.195446156,0.191731088,0.206032255,0.222316036,0.262015114,0.396778326,0.076938742,0.069260739,0.889920682,0.148889791
RX008V07,F1,1,1.96948796,-0.002765914,-0.008561061,0.004584918,-0.007071396,0.00033489,0.006070604,0.004546927,-0.004153696,-0.003926417,0.002222529,0.00315177,-0.000745211,0.007606467,0.001069061,0.003533602,-0.002697303,-0.009085962,-0.000714488,0.005395116,0.000774578,-1.49E-05,-0.001924831,0.002949933,0.000157723,-0.001014497,-0.000437637,-0.001923941,0.000790677,0.001933231,-0.002489943,-0.000639128,0.000883274,0.000764605,0.001523546,-0.000143543,0.002145793,0.001160756,-0.002326855,-0.00012223,0.000329752,0.000981493,0.00199262,0.000771435,0.000357234,0.000754606,-0.001231028,0.000682657,0.000426946,-0.000740956,-2.79E-05,0.00014945,0.000848173,0.001136986,0.00032514,-3.85E-05,0.001328832,0.000446667,-0.000172902,0.001204238,-0.001221756,-1.45E-05,0.000354387,-0.000275131,0.000962959,8.87E-05,-0.000169513,0.000986929,-3.37E-06,1.5102,0.9709,1.472,1.1947,1.6424,1.3091,1.8862,1.2843,2.0049,1.2994,2.1311,1.3177,2.2314,1.3296,2.2994,1.3457,2.3867,1.3533,2.4525,1.3554,2.5728,1.3225,2.6769,1.2558,2.7431,1.1609,1.9898,1.1336,2.0631,1.1861,2.13,1.1868,2.1667,1.2307,2.2242,1.2184,2.2537,1.2695,2.3062,1.2393,2.3285,1.2889,2.3803,1.2522,2.4112,1.2774,2.4572,1.3263,2.4687,1.2184,2.5453,1.2794,2.6241,1.2114,2.6748,1.1505,1.8146,1.0138,1.8089,0.9628,1.9854,1.0667,2.1278,1.1199,2.2206,1.1419,2.3015,1.1537,2.3749,1.1591,2.4644,1.1645,0.486349925,0.182875504,0.127373977,0.094001915,0.064103822,0.063820451,0.079756254,0.119656592,0.12751992,0.101003465,0.069879969,0.087630189,0.065833502,1.247454372,0.234769355,0.280359787,0.211532503,0.051317541,0.099358945,0.084621569,0.075214493,0.191270541,0.20129533,0.18935369,0.197271108,0.217542318,0.239145144,0.384247238,0.069087264,0.068986955,0.886010214,0.137844115
RX008-V2,F1,0,1.911704418,0.010068869,-0.006722205,0.010936258,-0.002011026,0.009796696,0.014213648,0.016837198,0.006744878,-0.001116385,-0.004502601,0.007024445,0.004217193,0.002911364,-0.000339869,0.003982046,0.004744773,-0.000822688,-0.003462585,-0.002954093,-0.001746171,-0.001160679,-0.004376448,0.004734838,0.000661517,-0.002292041,-0.000540255,-0.001732824,-0.000481636,0.004414631,0.000603051,0.000668764,-0.000635732,0.000654185,-0.000952355,-0.000986965,0.00077067,-0.000108281,-0.001533835,0.001371521,0.001297623,-0.003091363,-0.00019155,0.001985954,0.000576841,-0.00189681,-0.001404702,-0.000683957,-0.00147443,0.000328727,0.001412881,0.000755413,-0.001134514,-0.001316214,-0.001034327,-0.00118124,-0.00039396,-0.00095816,0.000559545,0.001947701,0.000653604,6.62E-05,0.000347325,0.000778243,-0.001094556,0.000647821,0.000781857,-0.000169403,-7.70E-05,1.5092,0.9946,1.4845,1.1947,1.6543,1.3083,1.8711,1.2778,2.0124,1.2789,2.1214,1.2918,2.2174,1.3015,2.2918,1.3112,2.3619,1.3166,2.4338,1.3224,2.5547,1.2792,2.6481,1.2102,2.7136,1.1131,1.9768,1.1084,2.0458,1.1634,2.103,1.1624,2.1429,1.2066,2.2001,1.1861,2.2325,1.2411,2.2799,1.2055,2.3037,1.254,2.3533,1.2202,2.3806,1.2627,2.4367,1.2886,2.4432,1.1742,2.5309,1.2368,2.5971,1.1749,2.6467,1.1037,1.8089,1.0027,1.8089,0.9509,1.97,1.0358,2.0944,1.0818,2.1944,1.1055,2.2749,1.1163,2.3475,1.1217,2.4392,1.1253,0.471018683,0.199671856,0.120232317,0.087870871,0.062258895,0.058424738,0.057051731,0.141304282,0.109760694,0.096488808,0.075029661,0.070307681,0.072133557,1.210215522,0.229866091,0.277217189,0.208038482,0.0518,0.099950488,0.082124296,0.074857531,0.197173959,0.19751643,0.193920834,0.200091704,0.213476954,0.261429168,0.389404571,0.067557161,0.062024914,0.851620033,0.139361867
RX008-V3,F1,0,2.0114825,0.005385138,0.005618116,-0.006091637,0.007859014,0.00559364,0.00350034,-0.00168935,-0.012921422,-0.003481875,0.001241088,0.000295623,0.000206613,0.004864245,0.002304921,0.012155558,-0.000225993,-0.000987313,0.000713589,-0.001970772,-0.000611233,-0.006698673,0.00287343,0.004518809,0.000838352,-0.002136826,0.002837646,-0.001133014,-0.002519744,0.002244007,-0.00097341,0.00035722,0.003777549,-0.002426631,-0.000962444,-0.001624129,0.000671872,0.002667015,-0.000312586,0.002006153,-0.001252284,0.000297239,0.000245669,-0.000177586,0.001658006,0.001204556,-0.002539818,5.66E-05,0.00254339,0.000768995,-0.000104842,-0.000520951,0.002131167,0.001011576,-0.001918645,-0.000137612,0.000741762,-0.000848425,-0.001090139,-0.000917958,-0.000518796,0.000479329,0.000597769,0.000321069,-0.000296382,-0.000586397,-3.49E-05,-0.000614166,-0.000390235,1.4574,0.9709,1.4461,1.2156,1.6201,1.299,1.8732,1.2573,2.0156,1.2645,2.1278,1.2817,2.2195,1.2875,2.2907,1.295,2.3749,1.3047,2.4371,1.3012,2.5518,1.2684,2.6697,1.198,2.74,1.1003,1.9639,1.0965,2.0426,1.1624,2.1063,1.1548,2.1462,1.2044,2.2012,1.1753,2.2346,1.2379,2.2907,1.1947,2.3242,1.2357,2.3619,1.2055,2.391,1.2271,2.4417,1.2717,2.459,1.1641,2.5302,1.2274,2.6129,1.1598,2.6694,1.0906,1.7562,0.9806,1.754,0.9239,1.9599,1.0307,2.1009,1.0771,2.1931,1.0939,2.2826,1.1057,2.3565,1.1099,2.4551,1.1091,0.499693676,0.184616169,0.105609706,0.079459738,0.051847565,0.068108296,0.079252571,0.142581906,0.113510704,0.091883241,0.071593924,0.084756888,0.062298395,1.28911098,0.252342723,0.288151766,0.2134097,0.056742665,0.097088928,0.091578436,0.072014443,0.192941468,0.196447576,0.192439211,0.198828896,0.205900097,0.24261997,0.398282839,0.071263244,0.068450566,0.930454754,0.129880445
RX008-V4,F1,0,1.919977874,0.006800258,0.015909088,-0.018921895,0.000570311,-0.007767965,0.011416766,0.005688527,0.001372013,0.003879708,-0.002312217,0.002642805,-0.001700098,0.001003877,-0.000753141,0.003095423,0.003867278,-0.001456145,-0.006126842,-0.000880581,0.003153616,0.001520716,-0.000978159,0.002510393,-3.79E-05,-0.000574957,-0.002582429,0.000331744,-0.000324563,-0.001294306,-0.001054247,0.001946187,-0.001363196,-0.00164862,-0.00121125,0.001067466,-0.002411731,-0.000172803,-0.001031006,0.002504921,7.32E-05,-0.002884629,0.000866804,5.40E-05,0.002518031,0.00015033,-0.002524788,0.000677406,1.37E-05,-0.002334747,-0.000425943,-0.001351123,0.001849596,0.001401922,0.000934357,0.000432092,-0.000555102,-0.000962261,-0.000371709,0.000822583,-0.000481422,0.001049859,-0.001030091,-0.001078319,-0.000762687,0.000184708,0.000390151,0.000437952,0.000636151,1.5059,1.0194,1.4978,1.2325,1.6715,1.3047,1.8891,1.2745,2.0225,1.2857,2.1303,1.2965,2.2318,1.3109,2.3029,1.3231,2.3821,1.3346,2.4572,1.3328,2.5636,1.2972,2.6575,1.2389,2.7168,1.1548,1.9833,1.135,2.0581,1.1904,2.117,1.1854,2.1616,1.2321,2.2127,1.2163,2.2487,1.2623,2.2954,1.2379,2.3263,1.2796,2.3716,1.2494,2.3997,1.281,2.4543,1.3047,2.4579,1.2023,2.5421,1.2638,2.5971,1.2066,2.6467,1.1472,1.7891,1.0291,1.7853,0.9552,1.9793,1.0617,2.1127,1.103,2.2116,1.13,2.295,1.1419,2.3706,1.1505,2.4551,1.1544,0.479347943,0.168326736,0.101732247,0.071603422,0.051454543,0.049394433,0.056415601,0.133869339,0.108339651,0.102516389,0.072139102,0.080030557,0.075121568,1.21844654,0.209160226,0.263221314,0.202927869,0.073997635,0.100564904,0.085474265,0.077062896,0.178412359,0.1854024,0.180430707,0.185288802,0.20375311,0.231127411,0.367560458,0.070510779,0.06849416,0.882538362,0.136489194
RX009V01,F1,0,2.018225007,-0.000676548,-0.01913499,0.01227017,-0.010281021,0.00890535,0.004189124,0.003276052,-0.015865308,0.007092193,-0.003079189,0.005472222,-0.002345039,-0.003236603,0.001555485,-0.000319952,0.004138464,-0.006582451,-0.000899353,0.002024347,0.003823936,-0.001929631,-0.003002655,-0.001010806,0.001130625,-0.002651791,-0.001418545,0.001993778,0.001448923,-0.001690519,0.00119065,-0.000900316,-0.000874622,-0.000887995,0.001525011,-1.92E-05,-0.001548245,0.003592107,0.000403812,0.000436837,-0.001564264,-0.000848038,0.000446161,-0.000394435,0.00064647,-0.000368663,0.000968047,0.001084833,8.04E-05,-0.001425742,-0.000823401,-0.001743802,-0.00157543,-0.001887516,-0.000507208,0.001535683,-0.000807763,-0.000217289,7.47E-05,-0.001382452,8.48E-05,-0.001110263,0.000457827,0.000160967,0.000505514,-0.000495937,-0.000430971,-0.00034868,0.000323968,1.4973,0.9666,1.4666,1.1958,1.6165,1.3155,1.8686,1.2972,2.0023,1.3001,2.1174,1.3073,2.2285,1.3202,2.3012,1.3209,2.3817,1.3332,2.4565,1.3306,2.5795,1.2976,2.6974,1.2152,2.7629,1.1192,1.9915,1.1246,2.062,1.1793,2.1203,1.1778,2.1641,1.2181,2.221,1.2023,2.2526,1.254,2.3051,1.2174,2.3181,1.2843,2.3776,1.2249,2.4067,1.2691,2.4595,1.302,2.4752,1.1904,2.5566,1.2621,2.6424,1.178,2.6845,1.1095,1.7896,1.0011,1.7864,0.952,1.9898,1.0624,2.1188,1.1059,2.2152,1.1251,2.3015,1.1365,2.3743,1.1424,2.4709,1.1415,0.488155027,0.211884804,0.134746911,0.100685302,0.070450337,0.040313397,0.068802689,0.133731447,0.115324976,0.111846413,0.07270337,0.081434268,0.074845174,1.274766692,0.255855662,0.296379368,0.223579695,0.049204166,0.103637541,0.085444836,0.072886899,0.189647489,0.192888206,0.19767319,0.206788975,0.226463882,0.264235652,0.401245885,0.078997785,0.066399096,0.911805824,0.152623884
RX009-V4,F1,0,1.98479725,-0.018741898,-0.023133028,-0.000856581,-0.007811956,0.007230142,0.000278907,0.000458469,0.002562266,0.006187968,-0.00212055,-0.001444671,0.006847404,0.002982863,0.001665109,0.002387384,-0.006439004,-0.005148634,0.000346364,0.003842599,-0.003864155,4.29E-05,0.001492569,0.000619941,0.000631221,-0.003124117,0.000651334,-0.001094113,0.003603744,0.003846817,-0.001807574,0.00413731,-0.000147401,-0.002897551,-0.002581929,0.000878431,-0.002970031,0.001947223,0.000832797,0.000440083,0.000366977,-0.002256055,0.000937286,0.00180869,-0.002307426,-0.00036202,0.001338965,0.00176441,-0.000788792,0.000450556,0.001476856,-0.001109526,-0.000654797,0.000183543,-0.000160859,-0.00045559,-0.000815564,-0.000850331,0.000476095,0.003015417,8.98E-05,-0.000804561,0.000291626,-0.000984417,-1.07E-06,0.000390202,-0.000377164,0.000444478,-0.000245468,1.493,0.973,1.4493,1.1616,1.5974,1.2997,1.8571,1.2691,1.9951,1.281,2.1311,1.295,2.2325,1.3047,2.294,1.3101,2.3749,1.3101,2.441,1.3184,2.5626,1.2772,2.6597,1.2077,2.7344,1.1199,1.9833,1.1127,2.0523,1.1699,2.1117,1.1667,2.158,1.212,2.2098,1.1904,2.2497,1.2357,2.2994,1.2069,2.3166,1.2602,2.3756,1.2141,2.4079,1.2415,2.4446,1.2875,2.4633,1.1846,2.5361,1.2384,2.6063,1.1726,2.6656,1.1095,1.7923,1.0038,1.7886,0.9622,1.9808,1.048,2.1079,1.0893,2.2077,1.1111,2.2972,1.1235,2.3706,1.1278,2.4606,1.1316,0.485355138,0.200966166,0.124960194,0.087250272,0.071111462,0.054779284,0.076124635,0.138512129,0.136718689,0.101862898,0.061736618,0.0809,0.066619066,1.250061426,0.232934605,0.278713652,0.197753812,0.041764219,0.100922247,0.091106586,0.076539402,0.187825451,0.197739349,0.1924046,0.199215386,0.222424661,0.253351337,0.387896494,0.069581607,0.063902817,0.889284145,0.142988671
RX009-V9,F1,0,1.82666614,0.032980438,0.012801128,-0.003832529,-0.013780818,0.018108089,0.006800336,0.01715892,0.009175753,0.001666539,0.000824205,0.012570342,-0.00197067,-0.007159699,-0.002969354,0.019004998,-0.009814653,-0.002002196,-0.00047143,-0.001190784,-0.004377324,0.002762184,0.00465842,-0.000827072,0.002062349,9.49E-05,-0.004828129,0.002126485,0.001377104,-0.002051922,0.00146855,0.003492375,0.00080635,0.000464964,0.000171082,-0.000724111,0.001854748,0.000451484,0.001211876,0.000994316,0.001113979,-0.000816987,-0.000750194,-0.00034434,-0.003035761,-0.00096764,1.32E-05,0.000992895,-0.001576859,0.001094977,0.000558169,0.000370532,-0.000156547,-0.000800762,8.19E-05,-0.00037395,0.000497184,-0.000342978,-0.000392682,-0.00107354,-0.000339624,-0.000780949,0.0005249,-0.000543322,-0.000193858,-0.000211692,0.001279706,-0.0004116,-0.000512379,1.3894,0.9924,1.3666,1.1559,1.5723,1.2659,1.7276,1.2519,1.8625,1.254,1.9892,1.2718,2.0631,1.2799,2.1246,1.2832,2.1915,1.295,2.2609,1.3008,2.3857,1.281,2.4892,1.2192,2.5575,1.1336,1.838,1.0994,1.9049,1.1498,1.9603,1.149,1.9955,1.1922,2.048,1.1764,2.0782,1.2296,2.1293,1.1936,2.1386,1.2548,2.194,1.2073,2.2264,1.2303,2.2659,1.2735,2.2724,1.1771,2.363,1.2371,2.4342,1.1789,2.4817,1.1242,1.6643,0.9844,1.6622,0.911,1.8301,1.014,1.9552,1.0636,2.0394,1.0885,2.1187,1.1073,2.185,1.1176,2.2697,1.1251,0.44129429,0.188266858,0.112496222,0.07984892,0.052517616,0.031663228,0.073512584,0.134916344,0.127944246,0.074342585,0.061588473,0.067932687,0.069641941,1.176603183,0.226366959,0.28839948,0.220849836,0.073430035,0.091880629,0.083099519,0.06613456,0.175920238,0.176271155,0.181334277,0.190049809,0.211767443,0.259041811,0.366109301,0.076380626,0.068184236,0.846778891,0.144833698
RX010-V1,F1,0,1.954238027,0.013866678,0.001251664,0.032056471,0.007641007,-0.001124446,-0.001533792,0.007352368,0.001251649,0.000968784,0.000633503,0.009758594,-0.006723847,0.000855505,0.005336588,-0.002118865,-0.00094592,-0.000556885,-0.008819785,0.000616646,0.003840807,-0.000676433,0.003825787,-0.003244061,0.00521719,0.001149636,-0.006986239,-0.000764841,0.000478379,-0.000733006,-0.002250744,-0.000348352,0.002711554,-0.00094975,3.54E-05,5.95E-05,-0.001560418,-0.002213494,-0.002457422,-0.00095956,0.003059779,-0.002437995,0.000517154,-0.003018465,0.001563664,-0.00213596,0.000710037,1.64E-06,0.001117953,-0.001345177,0.00098572,0.002662159,0.000961469,-0.00014892,-0.000283723,0.000315739,0.000361582,0.001207069,0.000247103,8.27E-05,4.62E-05,0.000444932,-2.99E-05,-0.001050322,0.000424312,-0.000325406,-0.00118499,0.000546715,4.73E-05,1.5086,0.9358,1.4827,1.1926,1.6521,1.3166,1.8722,1.2918,2.0049,1.294,2.1109,1.2997,2.2159,1.317,2.3008,1.3285,2.3727,1.34,2.4417,1.3393,2.5647,1.302,2.6624,1.2287,2.7303,1.1338,1.9977,1.1106,2.0494,1.1595,2.1124,1.1552,2.1498,1.2041,2.2095,1.194,2.2389,1.2429,2.2922,1.212,2.3159,1.2673,2.3662,1.2184,2.3943,1.2508,2.4475,1.3033,2.4525,1.1825,2.5372,1.2557,2.5976,1.1926,2.6467,1.1224,1.8038,0.9876,1.7945,0.9114,1.9944,1.0365,2.1066,1.0782,2.2028,1.1057,2.2826,1.1197,2.3571,1.1273,2.4471,1.13,0.460448314,0.220417082,0.141670392,0.103211288,0.077587435,0.063035308,0.091777993,0.132718235,0.106153144,0.106415647,0.085675317,0.072813872,0.069003551,1.237640857,0.236039403,0.282036398,0.214924289,0.076765422,0.104565052,0.084636222,0.074276241,0.209369649,0.208928528,0.208269489,0.214666276,0.238563472,0.283038743,0.429493655,0.084373693,0.074177153,0.877932708,0.145936425
RX010-V2,F1,0,2.039210917,-0.010736853,-0.034506971,-0.015057479,-0.002409662,0.006558028,0.005073099,0.013510292,0.004794601,0.007420434,-0.007611077,0.006126089,-0.004070982,-0.011656335,0.003342491,0.004085864,-0.001378306,0.005816507,-0.003214926,-0.001619535,-0.002424921,0.002136392,0.002687946,-0.003554161,0.003674417,5.35E-05,-0.002314465,-0.004485065,0.005487136,-0.000180189,0.002159096,-0.004680443,0.002910975,0.000210845,-0.000702092,-0.000505428,-0.00529289,0.001062011,-9.35E-07,0.00078053,-0.001220141,0.000799353,0.001132391,-0.001645857,-0.001064199,0.001243889,-0.001374741,-0.000560098,0.001046528,0.000449148,0.002654752,1.72E-05,-0.000655793,7.04E-05,0.001610398,-0.000661797,-0.000452051,-0.000836461,-0.000604038,0.000523921,0.000867687,0.001171816,-0.000134007,-0.000730127,0.000297391,0.000800817,0.000306346,-0.000537991,0.000420908,1.5076,0.993,1.4471,1.1699,1.5744,1.2929,1.8376,1.2738,2.0031,1.2839,2.1196,1.2997,2.2217,1.3141,2.295,1.3227,2.3828,1.3342,2.4601,1.3393,2.5874,1.3069,2.6888,1.2476,2.7783,1.157,2.0049,1.1214,2.0577,1.1775,2.1149,1.1688,2.1656,1.2249,2.2249,1.2055,2.2551,1.2659,2.3155,1.2282,2.3252,1.2875,2.3857,1.24,2.418,1.2735,2.4662,1.3134,2.473,1.2141,2.5518,1.2616,2.6402,1.199,2.6953,1.1429,1.8038,1.0156,1.7995,0.938,1.9984,1.0534,2.1063,1.0901,2.2195,1.1203,2.3123,1.1343,2.3846,1.144,2.4687,1.1483,0.477190633,0.226307424,0.119591471,0.087812528,0.058641282,0.046379737,0.07016787,0.165807901,0.117566534,0.103110475,0.073802778,0.088549929,0.077468058,1.281239435,0.242719632,0.310593786,0.218384729,0.077719045,0.115960726,0.093400482,0.07118483,0.191193515,0.199904602,0.201336534,0.205339645,0.219564751,0.272823753,0.420266606,0.084189132,0.068730779,0.918935063,0.155308113
RX010-V3,F1,0,2.021892372,0.019552347,0.012617041,0.021562387,0.001057251,0.011741819,-0.0115602,0.004881495,0.005842434,0.00159839,0.002069611,0.004012413,-0.001595309,-0.004910478,0.00184944,0.006217809,0.000746641,0.003808083,-0.002017802,-0.004160343,0.002197857,0.004163983,0.00119456,-0.000390625,-0.005284083,0.000239076,-0.00361772,-0.000226608,0.004389607,0.003973542,0.000538643,-0.000164206,0.001457616,0.003260383,0.00311303,-0.002508172,-0.002538813,-0.000250726,-0.0036111,-0.001130829,-0.002334294,-0.000952498,0.003547895,-0.000514433,0.001335062,0.000229052,-0.000454497,0.000679592,0.002252128,0.000120244,0.000399862,-0.000940955,-0.000216555,0.000718396,-0.000702925,0.000578227,-0.000759159,-0.000543475,-0.001026759,0.000252717,0.000940766,0.000209974,-0.000327757,0.000982281,-0.000454688,-0.000338619,0.000698721,0.000231654,-0.000136426,1.4844,0.9622,1.4608,1.1893,1.6737,1.3382,1.8722,1.3001,2.0304,1.2929,2.1426,1.3015,2.2447,1.313,2.3123,1.3274,2.3885,1.3389,2.4604,1.3403,2.5856,1.3051,2.6899,1.2274,2.7632,1.1232,2.0016,1.1235,2.0631,1.1688,2.116,1.157,2.1602,1.2098,2.2238,1.1915,2.2584,1.2465,2.3091,1.2184,2.3328,1.2648,2.3813,1.2282,2.4051,1.2562,2.4666,1.3055,2.4666,1.1888,2.5593,1.2702,2.6327,1.1897,2.6909,1.1091,1.7812,0.9883,1.7783,0.9121,1.9977,1.0379,2.1127,1.0775,2.217,1.1034,2.3062,1.1188,2.3803,1.1241,2.4612,1.1284,0.469562658,0.218933597,0.128335887,0.093373712,0.067896539,0.065871162,0.08434957,0.158363758,0.112529107,0.102745608,0.069116713,0.077062896,0.071913629,1.288895046,0.254223071,0.303767872,0.226611672,0.076255164,0.113186086,0.089441042,0.072862061,0.21190151,0.214370917,0.2037054,0.21161042,0.230587185,0.290687272,0.43875092,0.073662066,0.068506423,0.93362078,0.14850165
RX011-V1,F1,0,1.976223915,-0.006523394,0.03153131,0.013261733,0.002368959,-0.006412237,-0.005423052,0.002554002,0.007648129,0.003069412,0.003472531,0.006290562,-0.00057704,0.001692537,0.004092039,-0.005942029,-7.30E-05,0.001053139,-0.000230194,0.002622824,1.49E-05,-0.002980653,0.002643068,-0.001013136,0.00429812,1.41E-05,0.000783484,-0.000775323,0.001089462,-0.00511242,1.86E-05,-0.002405956,-0.001359742,0.000113238,0.001219365,0.00183187,-0.003092118,0.001408041,-0.000303088,-0.001226105,0.002705412,0.000359705,0.000539362,0.000160113,0.001162843,-0.000409343,0.00119838,0.000844196,0.000784898,0.001169415,0.000255172,4.85E-05,0.000631016,0.000926109,0.001678475,-0.000902581,0.002368965,-0.001292912,0.001735507,0.001219094,5.90E-05,0.000582266,0.000535973,-0.001176634,1.61E-05,0.000545822,0.000209502,-8.77E-05,0.000484084,1.4617,0.9666,1.4547,1.1918,1.6532,1.3098,1.8819,1.2868,2.007,1.294,2.1192,1.3069,2.2249,1.322,2.3055,1.3321,2.3889,1.3328,2.4551,1.3357,2.555,1.2932,2.6478,1.2213,2.696,1.1365,1.9844,1.1224,2.0405,1.1728,2.1001,1.1699,2.1483,1.2253,2.2008,1.2073,2.2375,1.2634,2.2871,1.2202,2.3209,1.2691,2.3677,1.2253,2.395,1.2605,2.4547,1.3026,2.4428,1.1969,2.5284,1.2594,2.5867,1.1879,2.6327,1.1239,1.7654,0.9962,1.7589,0.9175,1.9775,1.0469,2.0912,1.0886,2.1963,1.1154,2.281,1.1251,2.3662,1.1343,2.445,1.1354,0.464414481,0.193735929,0.125744543,0.086633539,0.059939303,0.064854915,0.072556874,0.125307023,0.112939143,0.106773124,0.081230351,0.083402938,0.066263489,1.245938401,0.210798221,0.260304437,0.206446991,0.078967968,0.107420901,0.08725881,0.080761191,0.200554481,0.206904157,0.204735976,0.206438029,0.221988288,0.258246723,0.406290266,0.064541847,0.06963311,0.897845978,0.142208052
RX013xINV7-1-V17,LBX,0,1.983240937,0.009813855,0.006999554,-0.009340566,0.003542364,-0.005379681,0.01381432,0.003244946,0.00085509,0.00543593,-0.00701363,-0.010873804,-0.002593875,-0.001493572,0.003392583,0.004985349,-0.007022585,0.003338809,0.006662244,-0.001400595,-0.001542609,0.00145674,0.002152448,-0.008551643,0.005199553,-0.001211177,0.000444338,0.001825587,0.002125665,0.002107821,0.005726618,-0.00077397,0.001187715,-0.000441498,-0.002568699,-0.00123637,-0.002229724,-0.002614641,-0.000813055,-0.000689084,0.002592584,0.002817614,-0.001837498,-0.000532657,0.001054959,8.43E-05,-0.001678381,0.001058875,0.000329405,-9.48E-05,0.001159671,0.000817429,-0.000910892,-0.000630228,0.000637831,-0.001304646,-0.000757463,-0.000838544,-0.001012871,-0.000459538,-0.001445954,-0.000804886,3.81E-05,-0.000597729,-0.000350285,-0.001215532,0.000121386,-0.000377567,2.59E-05,1.4984,1.0356,1.4896,1.2713,1.6679,1.3519,1.8959,1.3184,2.0304,1.3177,2.1526,1.3292,2.2544,1.3375,2.3249,1.3411,2.3997,1.3519,2.4716,1.3533,2.5939,1.3242,2.6895,1.2638,2.7557,1.1724,1.9984,1.1607,2.0635,1.2156,2.1019,1.2039,2.1757,1.2602,2.2265,1.2389,2.2691,1.2882,2.3155,1.2503,2.3432,1.304,2.3894,1.2589,2.4234,1.2859,2.4765,1.322,2.4871,1.24,2.5636,1.2708,2.6289,1.2174,2.6866,1.1613,1.7952,1.0505,1.7934,0.9836,1.9962,1.0926,2.1012,1.1294,2.2222,1.1553,2.3141,1.1652,2.3878,1.1692,2.486,1.1667,0.495092092,0.188083864,0.107331356,0.072764071,0.051444922,0.041367862,0.070126243,0.134501822,0.122739928,0.102137799,0.070591855,0.075575657,0.071913629,1.264720337,0.221861398,0.276976028,0.203794504,0.066924211,0.129422409,0.089727142,0.074398723,0.187154802,0.183046497,0.182349609,0.187310891,0.2011704,0.247074341,0.389095284,0.069985856,0.076323784,0.910704963,0.141986619
RX013xINV7-1-V18,LBX,0,1.989023721,0.007428392,0.006947333,-0.027884995,-0.002569598,-0.005308351,0.003805149,0.002691196,0.014743106,0.004993195,-0.000456271,0.010723823,0.003507372,0.002924203,0.00774331,0.004047368,0.000511093,-0.001783754,0.003910205,0.001189591,-0.006762657,-0.00215654,-0.00084295,0.001924331,-0.005102743,0.006154017,-0.000482791,-0.001051951,-0.00019554,0.00279104,0.001467797,0.00281631,-0.004716444,0.000291995,-0.000107435,-0.004586425,-0.000326334,-0.000623738,0.002958776,0.002045686,-0.000951671,0.001265065,0.001777308,0.000629522,-0.000568928,0.000128126,-0.000426238,0.001302078,-0.002785323,-0.000648263,-0.000172369,0.001151347,0.000713699,-0.000636727,0.000502541,0.00033699,-0.000744859,-0.001078695,-5.63E-05,-0.001058934,0.00108996,-0.000583421,0.000576166,-0.000625203,0.000872669,0.000734012,0.00061589,-0.00127405,-1.38E-05,1.4466,1.0798,1.4417,1.2558,1.6294,1.3299,1.8355,1.2929,1.979,1.2945,2.1127,1.3091,2.2201,1.3155,2.294,1.3215,2.37,1.3312,2.4331,1.3263,2.5523,1.288,2.6408,1.2211,2.7047,1.1189,1.9439,1.1392,2.0264,1.1942,2.0858,1.1915,2.1375,1.2271,2.185,1.2174,2.2282,1.2638,2.2767,1.2325,2.3076,1.2597,2.3533,1.2364,2.3871,1.2576,2.4385,1.2954,2.4356,1.2113,2.5216,1.2454,2.5831,1.1785,2.6378,1.1138,1.7398,1.0397,1.7391,0.9693,1.9426,1.0649,2.085,1.1037,2.1869,1.1203,2.2754,1.13,2.3557,1.1381,2.4367,1.1386,0.496958047,0.188080435,0.110936243,0.085668197,0.052330679,0.063278748,0.075560373,0.14350892,0.134494795,0.10759052,0.074143172,0.076616513,0.063289968,1.25870744,0.227641319,0.284521651,0.205433882,0.07040348,0.102525363,0.092934923,0.076699218,0.18773452,0.193500517,0.193567404,0.20285729,0.218267359,0.251901588,0.376917033,0.067094113,0.071722033,0.910242792,0.130767618
RX013xINV7-1-V22,LBX,0,1.971843266,0.019845786,-0.001560176,0.015657463,-0.002018143,-0.018006205,0.013344233,0.00975691,-0.005145049,0.0028109,-0.007902408,-0.009773852,-0.003469741,0.005580789,0.006414608,-0.008896252,-0.003013322,0.006085383,-0.002135583,-0.000549885,0.003047513,0.001386141,0.00299772,-0.006891204,1.26E-05,-0.003883753,-0.000508266,-0.00147832,0.000757406,-0.001263876,0.001665449,-0.002178997,-0.003317257,0.00062308,0.001848379,0.000747873,-0.001325965,0.001148468,0.002671341,0.0005234,-0.000672543,0.000982092,-0.004075576,0.000203705,-0.000558886,0.001399352,-0.001589465,1.70E-06,0.001330976,-0.000288417,0.000818048,0.000881869,0.001446111,0.000706262,-0.001249513,0.001018712,0.001310429,-0.000622785,0.000254748,-3.41E-06,-0.00056382,0.000533191,0.000714567,0.000728815,-6.04E-05,0.000184383,-4.46E-05,-0.000308122,0.000351668,1.5302,0.9973,1.5237,1.281,1.6877,1.363,1.8999,1.326,2.0236,1.3332,2.1401,1.3461,2.2551,1.3565,2.3371,1.3592,2.4121,1.3679,2.4856,1.3666,2.6057,1.3274,2.7028,1.2681,2.756,1.167,2.0092,1.1624,2.0674,1.2098,2.1106,1.2073,2.1814,1.2562,2.2339,1.2443,2.2731,1.2925,2.3236,1.26,2.3538,1.3096,2.4029,1.2665,2.4304,1.2945,2.4892,1.3409,2.486,1.2287,2.5744,1.2929,2.6481,1.2249,2.696,1.1616,1.8182,1.0545,1.8177,0.9941,2.0102,1.0955,2.1091,1.1314,2.2352,1.1583,2.3228,1.1675,2.4053,1.1745,2.4862,1.1761,0.481387505,0.196752255,0.130942736,0.098932805,0.066483081,0.052335934,0.075646877,0.123909362,0.11721203,0.115469303,0.082044439,0.075502914,0.073511496,1.237490901,0.219814126,0.276960087,0.220351084,0.06040207,0.128731853,0.091063604,0.079565947,0.190500945,0.196889131,0.200759284,0.210506176,0.21916544,0.255531485,0.391135795,0.06024251,0.069701722,0.894129264,0.144583056
RX013xINV7-1-V23,LBX,0,1.955445355,0.02177419,-0.011802822,0.002803512,-0.007864462,-0.004462067,0.002443433,0.007464175,-0.003947531,-0.003782687,0.001268783,0.009600386,0.000696638,-0.005123927,0.002107864,-0.001363363,0.006494494,-0.002257008,0.004755929,-0.001255012,-0.003585516,0.001066326,0.001009051,-0.005487806,-0.001342848,-0.004053002,-0.001804645,-0.003008491,-0.005478308,0.002512928,-0.001126188,-0.000675926,-0.000645192,0.001400237,0.002245375,-0.002841726,-0.001465785,-0.002546142,0.002178515,0.000856285,-0.001338412,0.001880678,-0.002368363,-0.000916178,0.000179922,0.002387801,-0.002417767,0.002615323,-0.00201741,0.001334407,-0.000502155,-0.000801953,-0.001246973,0.000697085,0.000759129,-0.000228854,0.000980707,0.001259364,-0.000158525,0.000220616,-0.000822875,-0.000137203,-7.75E-05,-7.30E-05,-0.00084853,-0.000407395,-9.38E-05,0.000518886,-0.000322026,1.5615,1.0825,1.5644,1.3127,1.7427,1.3932,1.9398,1.3508,2.0721,1.358,2.1929,1.3652,2.301,1.3732,2.3727,1.3776,2.4455,1.3813,2.5167,1.3759,2.6453,1.3375,2.7496,1.2656,2.8132,1.1577,2.0574,1.1872,2.125,1.2346,2.1789,1.231,2.2357,1.2735,2.286,1.2562,2.3263,1.3116,2.3722,1.2675,2.3937,1.3231,2.4444,1.281,2.4725,1.3139,2.5234,1.3475,2.518,1.2361,2.6111,1.2907,2.6866,1.2114,2.7427,1.1534,1.8614,1.0836,1.8614,1.0221,2.0593,1.1192,2.1812,1.157,2.286,1.1775,2.3743,1.185,2.4466,1.185,2.5183,1.1834,0.463188482,0.201481314,0.134260828,0.101196492,0.066593168,0.058405907,0.072606887,0.132495774,0.121014379,0.108395618,0.07183488,0.072893964,0.071404482,1.253956909,0.24600498,0.305433462,0.233471219,0.0615,0.11002477,0.086937506,0.073451276,0.192506649,0.206290984,0.201970617,0.209520643,0.228700262,0.260612375,0.389621483,0.070631013,0.083106197,0.891027149,0.147885158
RX013xINV7-1-V24,LBX,0,2.004611825,0.031556534,-0.001243093,0.000559659,-0.0067294,-0.001397474,0.009720024,0.013193517,-0.006076641,-0.005295655,-0.005156954,0.001930129,0.003132626,0.003134414,0.00274559,0.001060646,-0.009049346,-0.001419445,0.003395874,0.000478343,-0.011002046,0.00740447,0.006180745,0.002540506,0.000669947,-0.002775911,-0.001563856,0.000573109,-0.002002197,0.004053526,-0.001724852,0.00153749,-0.000371617,0.002304741,0.000774974,-0.001486306,0.000251817,-0.002469971,-0.002153045,-0.000973624,-4.22E-05,2.07E-05,-0.001913553,0.000729087,0.000191877,-0.000487177,0.000775093,1.10E-05,-0.002112884,0.000335078,-0.001690948,-0.000542327,0.001031073,0.00046361,-0.000941794,-0.001220664,0.000895907,0.000195178,7.67E-06,0.00087093,0.00042715,0.000710301,-0.000477039,0.00073351,-4.06E-05,6.71E-05,0.000208155,0.000398597,-8.70E-05,1.5146,1.0334,1.5216,1.2799,1.7082,1.3468,1.9121,1.3112,2.0282,1.3116,2.1908,1.3245,2.2771,1.3288,2.3375,1.3375,2.4137,1.3403,2.4957,1.3389,2.6251,1.2983,2.7251,1.2271,2.797,1.1214,2.0085,1.1404,2.0789,1.1922,2.1365,1.1857,2.1947,1.2318,2.2487,1.2104,2.2875,1.2648,2.335,1.2282,2.363,1.281,2.4148,1.2346,2.4525,1.2605,2.5032,1.3069,2.4924,1.1936,2.5946,1.2497,2.6629,1.18,2.733,1.1084,1.8157,1.0343,1.8128,0.9804,2.0041,1.0674,2.1321,1.1063,2.2422,1.1268,2.329,1.1348,2.4072,1.137,2.4908,1.1392,0.486815622,0.19612649,0.129718349,0.092782003,0.064839494,0.061987902,0.088732632,0.116100689,0.163110913,0.08640706,0.061023356,0.076251426,0.08201195,1.285415793,0.246664185,0.313039934,0.235099,0.053977958,0.114886596,0.088116571,0.08005623,0.199760106,0.212269499,0.200822334,0.20427249,0.230094111,0.260580966,0.381038213,0.065306967,0.078020831,0.929059761,0.150630807
RX013xINV7-1-V26,LBX,0,2.027886335,0.00670965,2.20E-06,0.010057899,-0.013182021,-0.017659233,-0.007678863,0.005017973,-0.003486511,0.004959124,-0.00369407,0.002400596,0.008813048,-7.60E-06,0.003312967,0.008166881,-0.003177721,0.000361775,0.001069375,-0.001920217,-0.005037585,-0.002450522,0.002423397,-0.001021228,-0.00193897,-0.002874889,-0.00210691,0.000821464,-0.00228278,0.00160487,0.000626457,0.000248071,0.000491947,-0.000330305,-0.000412231,0.001547265,0.000108418,0.000900468,-0.000828183,-0.000623916,0.001323533,0.000445014,-0.000187774,-0.001418195,-0.001078615,-0.000289331,0.001681274,0.00056211,-0.002488922,-0.001534426,0.000743485,-0.000130259,0.000329105,-0.001330684,0.001290245,0.000887706,-0.000800134,-5.78E-05,0.000733638,-0.001238854,-0.000664541,0.000691769,-0.000328776,-5.87E-05,-0.000164298,-0.000196109,-0.000228209,8.02E-06,-8.65E-05,1.5,0.9595,1.4849,1.2174,1.6758,1.3145,1.8664,1.29,2.0254,1.2965,2.1634,1.3037,2.2702,1.3145,2.3425,1.3134,2.4169,1.322,2.4854,1.3182,2.609,1.2807,2.701,1.2145,2.7765,1.1055,2.0016,1.1192,2.0707,1.1753,2.1343,1.1721,2.1872,1.2228,2.2454,1.2023,2.281,1.2551,2.3339,1.2163,2.3576,1.2627,2.4105,1.2184,2.4482,1.2497,2.4903,1.2832,2.4806,1.1803,2.5787,1.2361,2.6464,1.167,2.7077,1.0965,1.7981,0.9991,1.7952,0.938,1.9995,1.0491,2.1327,1.0928,2.2429,1.1134,2.3324,1.1224,2.4087,1.1257,2.4813,1.1246,0.482881155,0.217834065,0.129389064,0.084328228,0.060373835,0.052900851,0.078784389,0.159132806,0.138187698,0.107344678,0.072308367,0.074895394,0.06860532,1.284822264,0.242386654,0.30520788,0.223037665,0.061168783,0.115131447,0.089600502,0.07662878,0.193643409,0.199031982,0.201918919,0.206238551,0.230232448,0.275224309,0.394979253,0.069386166,0.072369952,0.926163323,0.146219732
RX013xINV7-1-V27,LBX,0,2.011925826,0.001119918,-0.028008554,6.87E-06,0.001005726,-0.001875221,0.007260649,-0.002783535,0.005977451,-0.001324179,-0.001554941,0.002941791,0.010503735,0.002281275,-0.009198118,-0.00742789,-0.002673521,-0.008630425,0.00918348,0.002443279,-0.004647848,0.002153651,0.000833959,-0.000157497,0.001754428,0.003459373,0.004389937,-0.000978827,-0.00316563,-0.000419665,-0.001388311,0.000670769,-0.000998841,0.00012426,-0.000840897,-0.002275971,-0.001603923,-0.001350734,0.000225397,-0.001084475,-0.000752292,0.004251959,0.001980143,0.001376766,0.001301746,-0.002343921,-0.00164879,-0.00205831,0.000627381,0.000726919,-0.000579045,0.003822228,-0.000109558,0.000292411,0.000657977,-0.001344646,0.000980857,-0.001940612,0.000806705,8.32E-05,-0.001239478,0.000776815,-4.88E-07,0.000608484,-7.70E-05,0.000355531,0.000294846,-0.000868549,0.000771993,1.4622,0.9898,1.4471,1.2077,1.6068,1.3198,1.8571,1.2702,1.9736,1.2724,2.1224,1.2864,2.2271,1.2929,2.2968,1.2943,2.3738,1.3008,2.4407,1.3008,2.5669,1.2548,2.6625,1.19,2.7373,1.0879,1.9682,1.0883,2.048,1.1458,2.1041,1.1408,2.157,1.1866,2.2104,1.1699,2.2427,1.2303,2.2979,1.1843,2.3119,1.253,2.3806,1.1879,2.3986,1.2346,2.4565,1.2656,2.4637,1.1699,2.5352,1.2127,2.6043,1.1465,2.6776,1.0761,1.7855,1.002,1.7851,0.9549,1.9653,1.0397,2.1034,1.0825,2.2098,1.0962,2.3007,1.0974,2.3824,1.1001,2.4668,1.0963,0.502174083,0.213145068,0.146843182,0.105627648,0.064514494,0.043973856,0.070692857,0.116520771,0.149457151,0.104901573,0.069714059,0.077273864,0.0669,1.278868101,0.238519957,0.285623809,0.199813538,0.047101698,0.110211161,0.088676998,0.082778318,0.206158822,0.21222865,0.208895213,0.209319851,0.230021847,0.254632068,0.406131629,0.060854992,0.072660099,0.900691784,0.168370603
RX013xINV7-1-V28,LBX,0,1.943338809,0.009171036,0.007714662,0.01069113,-0.001422085,-0.008585634,0.004725684,0.003171398,-0.000421027,-0.001664852,0.000887285,-0.001648189,0.000140105,-0.000845557,-0.001262606,0.009268778,-0.002862268,-0.004533179,0.002156547,0.003408057,-0.002416891,-0.001659917,0.005890264,0.000350564,-0.002889128,-0.001408595,-0.002836545,-0.003928431,-0.001066213,0.005525184,-3.28E-05,-0.002691024,0.002430356,0.000875749,-0.001306919,0.000545073,-0.000714816,0.000305599,0.000138333,0.001917132,-0.001580817,0.003530675,-0.000861828,-0.000401513,-0.000749972,-0.000225183,-0.000920093,0.001294677,0.002209957,-0.000835062,-0.000244197,-0.000142131,-7.35E-05,-0.000172929,0.000346688,0.000267212,0.000359124,0.000266368,-0.000161092,-0.000317947,-0.000245083,-0.000830726,0.000859924,0.000287369,3.91E-06,2.80E-06,-0.001101326,-3.61E-05,0.00020331,1.5297,0.9849,1.5162,1.2346,1.7175,1.3339,1.9193,1.2835,2.0523,1.2893,2.1731,1.3029,2.2789,1.3137,2.3425,1.3166,2.4213,1.3209,2.4903,1.3173,2.6025,1.2807,2.6981,1.2174,2.7629,1.1203,2.0232,1.1241,2.0912,1.1742,2.1499,1.1775,2.199,1.219,2.254,1.206,2.2902,1.2567,2.336,1.2179,2.3657,1.2654,2.4035,1.2287,2.4412,1.246,2.4924,1.2843,2.4946,1.1893,2.573,1.2368,2.6435,1.1749,2.7017,1.1088,1.8301,1.02,1.8247,0.9542,2.0232,1.0566,2.1462,1.0987,2.247,1.1165,2.3285,1.1251,2.397,1.1289,2.4898,1.13,0.475887592,0.190272357,0.121495761,0.08780672,0.058109294,0.056211031,0.077498516,0.133126406,0.121563152,0.1063498,0.063666082,0.078917235,0.069093849,1.240610898,0.226839855,0.277030486,0.205430913,0.066021209,0.107930811,0.082858977,0.06835854,0.187300667,0.195452142,0.195013128,0.200514763,0.212474869,0.249557248,0.394542685,0.062271101,0.069191112,0.890522408,0.140042636
RX013xINV7-1-V31,LBX,0,1.965439204,0.021753788,-0.000959453,-0.013825029,-0.002177928,0.001364026,0.012384749,0.008892925,0.002370771,0.002183468,-0.00471305,0.002570131,-0.008068769,-0.002923622,0.001062414,0.000772088,-0.006040006,0.001837096,0.00778857,0.003078979,-0.000441089,0.001981204,0.000871011,-0.001427261,-0.000345941,-0.000702582,-0.005021684,-0.002840868,-0.000455606,0.000835642,-0.003906135,0.000501626,-0.000586399,0.000260292,-0.002036767,-0.000189307,-0.00053439,-0.000660278,-0.000728474,0.000272716,0.000712809,0.0020441,-0.000833088,-0.002039629,0.002049401,-0.000492875,2.78E-06,-0.000365195,0.001209289,-0.001547777,-0.001149976,0.000235289,0.000366822,0.002203747,-0.000982467,-0.001263982,-0.000662693,0.001574375,0.00087972,0.000363589,-0.00078883,0.000167223,-0.001237644,-0.000159955,-2.61E-05,-0.000880002,-0.000365824,-0.000146016,-0.000184872,1.5119,1.0584,1.5025,1.2634,1.6866,1.3418,1.9013,1.2968,2.0221,1.2983,2.1487,1.3029,2.2494,1.3145,2.3206,1.3216,2.3997,1.3231,2.4714,1.3204,2.5949,1.2859,2.6936,1.2201,2.7621,1.1268,1.9984,1.1365,2.0595,1.1832,2.1185,1.1803,2.176,1.2206,2.2271,1.2098,2.267,1.2519,2.3166,1.2282,2.3457,1.2799,2.3954,1.2314,2.4266,1.253,2.479,1.2902,2.4773,1.1936,2.5653,1.2411,2.6354,1.1791,2.6942,1.1149,1.7995,1.0351,1.7938,0.9675,1.9962,1.0707,2.116,1.1073,2.2206,1.1262,2.3112,1.1354,2.3846,1.137,2.4748,1.1347,0.482292048,0.187415314,0.121023841,0.086709746,0.065027071,0.048671347,0.075084086,0.120809313,0.126683543,0.101365921,0.071553127,0.079114221,0.071750819,1.252069726,0.230800022,0.29252911,0.217917278,0.067839885,0.112535372,0.091371823,0.078864948,0.185731123,0.195379528,0.189462529,0.190768184,0.212833761,0.245208524,0.389348597,0.068934897,0.071191573,0.912385291,0.148100034
RX013xINV7-1-V32,LBX,0,1.985162791,0.032982639,-0.030110072,-0.009527198,0.001891556,-0.011475258,0.005340172,3.47E-05,-0.010147134,0.001884204,-0.004865037,0.003465091,-0.004416199,0.009430825,-0.001268937,0.000509913,-0.003976296,-0.003103436,0.004256149,0.003213076,-0.000240165,-0.001210776,-0.003912551,-0.000270499,-0.001714416,-0.004257772,0.002442892,0.004515582,-0.006180955,-0.003307354,-0.000372375,0.001081969,0.002772594,-0.00225815,-0.000241091,-0.002217794,-0.002456319,-2.56E-05,-0.000391253,0.00030413,0.000850793,-5.59E-05,0.000422311,0.000805872,0.000880371,-0.001949639,0.002932648,-0.000905662,0.000102284,0.000609955,-0.000630116,-0.000613583,-0.001131001,-0.002222111,-0.001235774,0.001045886,-0.000929645,-0.00012777,-5.16E-05,-0.0006486,0.00107418,3.65E-05,0.000207024,-7.01E-05,0.000552043,0.000130935,0.000178013,-0.000312315,0.000179163,1.5286,1.0626,1.5119,1.3198,1.6586,1.3846,1.8797,1.3468,1.993,1.3457,2.1343,1.3565,2.2427,1.3679,2.3155,1.3662,2.3943,1.3754,2.4606,1.3797,2.5917,1.3522,2.6953,1.2875,2.7864,1.1812,1.9892,1.1672,2.0739,1.2314,2.1284,1.226,2.1812,1.2681,2.2395,1.2508,2.2675,1.2999,2.3269,1.2648,2.3447,1.3177,2.4002,1.2697,2.4256,1.3096,2.4741,1.3495,2.4833,1.2411,2.5631,1.3096,2.6408,1.2422,2.7093,1.1704,1.8089,1.0613,1.8089,1.0182,1.989,1.1131,2.1311,1.1607,2.2411,1.1823,2.3272,1.1929,2.4026,1.1983,2.4831,1.199,0.499595857,0.210348306,0.14003321,0.100070825,0.072381213,0.056611748,0.072865149,0.11330534,0.141712138,0.108997798,0.072819846,0.079335238,0.066439296,1.26337912,0.259131415,0.308962166,0.21701834,0.0431,0.113834309,0.08851418,0.073463596,0.182095415,0.189147614,0.194332833,0.204332768,0.230860586,0.257996473,0.396029102,0.077852746,0.07086847,0.913173039,0.132698041
RX013xINV7-1-V35,LBX,0,1.91338898,0.028460274,0.018385731,-0.005026177,-0.0028296,-0.009110953,0.011673632,-0.006503681,-0.000229706,0.005209657,-0.004343276,-0.012469481,0.003859432,0.01167001,-0.005440537,0.005285777,-0.000147323,-0.00016597,-0.005528694,0.001694949,0.002579112,-0.00042219,0.004123025,-0.002214024,0.003704352,0.004646499,0.000644571,-0.000879892,-0.001849843,0.004286993,-0.001782127,-0.001076174,0.002694402,0.004568385,0.004483089,-0.003033385,-0.00020923,0.001226892,0.004288721,-0.000659608,-0.001658136,-0.002153763,0.001378335,4.71E-05,0.002397023,-0.000140047,-0.000289673,-2.92E-05,-8.71E-05,-0.000730622,0.001547979,0.00046802,-0.001438835,-0.000138154,0.001522645,0.001132318,0.000464559,0.000152658,9.37E-05,-0.000443467,-0.000389224,0.000256701,-0.001340307,-0.000781333,-0.001131269,1.29E-05,7.84E-05,-0.000385031,7.33E-05,1.5102,1.0496,1.5155,1.2994,1.7125,1.3756,1.8995,1.3324,2.0203,1.3339,2.1386,1.3393,2.2418,1.3493,2.3159,1.3536,2.3835,1.3659,2.4525,1.3657,2.5642,1.3328,2.6597,1.2713,2.728,1.1818,1.9725,1.1818,2.0512,1.2238,2.1106,1.2206,2.157,1.2638,2.2131,1.2524,2.253,1.3047,2.301,1.2627,2.329,1.3047,2.37,1.2702,2.3937,1.3042,2.4543,1.335,2.4694,1.2386,2.5313,1.2902,2.5996,1.2292,2.6557,1.1674,1.7783,1.0809,1.7756,1.0254,1.9666,1.1041,2.1063,1.1401,2.2105,1.1616,2.3019,1.1731,2.3711,1.1769,2.4671,1.178,0.500135832,0.167359971,0.114353924,0.077709781,0.04598478,0.050624302,0.062537429,0.120809313,0.118423182,0.103683364,0.074224659,0.068709897,0.06900029,1.224954562,0.222781148,0.264764424,0.193089047,0.055565637,0.10731957,0.088501412,0.069406412,0.188266965,0.185121393,0.186167801,0.19169481,0.212024621,0.237956509,0.35583936,0.073720079,0.073378607,0.891481918,0.134555751
RX013xINV7-1-V36,LBX,0,1.932913374,0.022149928,-0.015257509,0.000857452,-0.003037908,-0.002326943,0.009224065,0.00980926,-0.008121495,-0.003155793,-0.008604645,-0.004492682,-0.005551275,0.007726046,-0.005412436,0.000565554,0.002084251,0.000751522,0.005241966,0.011735946,-0.002637309,-0.003388085,0.003345815,0.00119607,0.0020082,-0.002980763,0.00061822,-0.001101849,-0.002697208,0.001459566,-0.002630936,0.001390717,0.003003947,-0.000325664,0.000926965,-0.003743944,-0.000999611,-0.000790399,0.00063486,-0.001350561,-0.000623013,-0.003190739,-0.001195596,0.003866452,0.000394329,0.001521663,0.000706523,0.000591951,-0.000207218,-0.000309745,0.002540016,0.000356668,0.00099994,0.000813177,0.000640916,0.001519854,-0.000516987,-0.000544339,2.17E-05,-1.09E-05,0.002023341,-0.001272272,-0.000174115,-0.000847933,0.000638685,-0.00036857,-0.000295483,-0.000533599,-0.000569911,1.5286,1.0076,1.4986,1.2465,1.6611,1.3385,1.897,1.3026,1.9883,1.3069,2.1199,1.3213,2.2249,1.3328,2.3012,1.34,2.3759,1.3429,2.445,1.3443,2.5565,1.3184,2.6679,1.2551,2.7496,1.1566,1.9818,1.139,2.0566,1.1958,2.1095,1.189,2.158,1.2382,2.212,1.2224,2.2487,1.272,2.2997,1.2389,2.3225,1.2853,2.3727,1.2494,2.3981,1.2859,2.4466,1.3166,2.4536,1.2114,2.5356,1.2623,2.6154,1.2091,2.6863,1.1476,1.806,1.0311,1.8049,0.9862,1.9818,1.0778,2.1084,1.1154,2.2109,1.137,2.2972,1.154,2.3716,1.1621,2.4536,1.1686,0.477322742,0.184271539,0.130415106,0.091417832,0.065292266,0.058700767,0.061170581,0.091401203,0.132385498,0.105627885,0.076638959,0.074756271,0.069114181,1.230057722,0.251926279,0.301029965,0.218710265,0.044913472,0.107804499,0.089238669,0.073751271,0.175910346,0.191323208,0.192864538,0.205541942,0.226044819,0.240262523,0.380517713,0.063936609,0.069801504,0.896055757,0.132623716
RX013xINV7-1-V38,LBX,0,1.845275445,0.016536083,0.014258543,-0.018980781,0.029843956,-0.014774163,0.014780241,-0.005662666,0.027170692,-0.007858191,0.009232073,-0.00165947,0.005343322,0.004244046,-0.014214592,-0.009143619,0.003964638,0.001393502,0.002691981,0.003440178,-0.009228068,0.005527738,-0.000193548,0.011399732,-0.007403332,-0.005092805,-0.006833884,0.001592428,0.001972176,0.000939303,0.006119646,0.001454272,0.000404809,0.003765988,-0.001877607,0.003879317,-0.000489152,0.003735416,0.00168617,0.00237627,0.000765361,-0.004741337,-0.001467524,0.000307247,-0.004292529,0.002676489,0.00171119,0.000790482,0.001687179,0.0015894,0.000868141,0.000568033,0.000660121,-0.002297749,0.001288872,-0.000357409,0.000150474,0.000134333,-0.001097076,-0.000689493,-0.001068381,0.000295391,-0.000319926,0.000347401,0.000304115,-1.10E-05,-8.27E-05,0.000514895,-0.000381793,1.5318,1.0928,1.5334,1.3091,1.7244,1.3727,1.9326,1.3161,2.0397,1.331,2.1652,1.345,2.2551,1.3576,2.3231,1.3587,2.3975,1.3716,2.4745,1.3727,2.5604,1.3418,2.6273,1.2821,2.6888,1.2087,2.021,1.1753,2.0865,1.2228,2.1375,1.2184,2.1922,1.2609,2.2443,1.258,2.2771,1.2914,2.3281,1.2677,2.3526,1.3026,2.3871,1.2864,2.4123,1.3238,2.4781,1.3418,2.482,1.2476,2.5475,1.3073,2.5982,1.2638,2.674,1.1926,1.843,1.0836,1.8398,1.0146,2.0178,1.0894,2.1379,1.1329,2.244,1.1598,2.3332,1.1767,2.3925,1.1861,2.4831,1.1951,0.466635072,0.166250414,0.117887574,0.088327855,0.069759874,0.063383436,0.050038785,0.108131494,0.126278462,0.090778687,0.068008896,0.075510066,0.077007857,1.162790527,0.184938287,0.210426828,0.14933968,0.069074163,0.113905224,0.084359528,0.061892568,0.177808099,0.18602989,0.197039133,0.201267186,0.221103709,0.242181605,0.376234993,0.021868928,0.034375864,0.852979273,0.12314325
RX013xINV7-1-V39,LBX,0,1.895830402,0.03072447,0.001919493,-0.00362986,0.012816149,0.010188958,0.013429535,-0.00195084,-0.007017357,3.84E-05,-0.007344564,0.00626014,0.005314405,0.00139271,0.005417072,0.003926841,0.001953622,0.000158553,0.006498027,-0.003903619,-0.005999723,-0.00220299,0.000286334,-0.002088623,-0.003052477,-0.004544435,-0.002578708,0.004446926,-0.002159168,-0.004318292,-0.001983169,-0.000576604,0.003122787,0.001421002,0.001163859,0.000394746,0.000345893,-0.004801731,0.00072157,-0.000700893,-3.38E-05,-0.000112661,-0.000619876,0.000855655,-0.001893894,0.000999598,0.000393038,0.001401484,0.000510966,0.001044347,0.000647748,-0.00144234,-0.001019843,0.000303985,-0.001356396,-0.000177515,0.000561823,-7.42E-05,-0.000207481,0.000375996,-0.001023877,0.000124626,0.00054079,0.000413636,-0.000125864,0.001041428,-0.000895369,0.000509045,0.00072279,1.5102,1.0723,1.5227,1.2983,1.678,1.3601,1.897,1.3285,2.0189,1.3328,2.1429,1.3447,2.2314,1.3508,2.2983,1.3529,2.3623,1.3558,2.4284,1.3601,2.5521,1.3335,2.6543,1.2645,2.7262,1.158,1.9854,1.1731,2.0556,1.2152,2.1041,1.2087,2.1548,1.2584,2.2044,1.2368,2.2465,1.2907,2.2896,1.2519,2.3155,1.3026,2.3587,1.2605,2.3824,1.2983,2.4338,1.3314,2.4633,1.2249,2.5245,1.2947,2.5978,1.2249,2.6647,1.1487,1.7977,1.0588,1.7949,0.9883,1.9862,1.0919,2.1045,1.1386,2.2055,1.1634,2.2886,1.1699,2.3595,1.1748,2.4619,1.1771,0.480699126,0.178784004,0.123193547,0.087116589,0.061967895,0.053159477,0.060911904,0.121975817,0.124569699,0.088709977,0.066932952,0.064065669,0.066239716,1.219016198,0.247206513,0.271278492,0.195061939,0.070555581,0.104161893,0.086527741,0.06963311,0.18604099,0.188321666,0.189727831,0.191803154,0.21222865,0.252856086,0.389744596,0.062199196,0.068995725,0.884466054,0.135162273
