ID,species,centroid_size_bottom,Comp1,Comp2,Comp3,Comp4,Comp5,Comp6,Comp7,Comp8,Comp9,Comp10,Comp11,Comp12,Comp13,Comp14,Comp15,Comp16,Comp17,Comp18,Comp19,Comp20,Comp21,Comp22,Comp23,Comp24,Comp25,Comp26,Comp27,Comp28,Comp29,Comp30,X1,Y1,X2,Y2,X3,Y3,X4,Y4,X5,Y5,X6,Y6,X7,Y7,X8,Y8,X9,Y9,X10,Y10,X11,Y11,X12,Y12,X13,Y13,X14,Y14,X15,Y15,X16,Y16,X17,Y17,cut_edge_length_bot,noncut_edge_length_bot1,noncut_edge_length_bot2,distance_to_tip,inner_angle,left_width_sut8,left_width_sut7,right_width_sut8,right_width_sut7,bottom_width
FEB1xPBX012-1-V35,LBX,0.489603549,-0.246297577,-0.057350216,0.070050058,-0.041498267,-0.043712764,-0.030885209,-0.015843583,-0.022398053,0.012281192,0.019341606,-0.016906805,-0.008617217,-0.008563968,-0.010877368,-0.003150512,-0.005048471,-0.008497402,-0.004355425,-0.003155756,-0.003951131,-0.002058452,0.003763797,0.005264825,0.004653828,-0.001139831,0.00018304,-0.000472525,-0.002855397,0.001763924,-0.001595442,2.698,1.1597,2.4477,1.1483,2.3932,1.1419,2.335,1.1305,2.2681,1.1203,2.4693,1.2059,2.3993,1.19,2.3245,1.1868,2.4399,1.2091,2.3306,1.2116,2.3997,1.2149,2.4691,1.2164,2.6143,1.247,2.4439,1.2504,2.3885,1.2587,2.3314,1.2666,2.267,1.2727,0.233319802,0.148389353,0.150712342,0.120942052,27.24599009,0.056691181,0.074637926,0.063886227,0.08207131,0.102170691
FEB1xPBX013-1-V12,LBX,0.41939154,-0.056201135,0.00454289,-0.11543936,0.003613498,0.011138571,-0.011826697,-0.012300604,-0.007379157,0.002130425,-0.002474973,-0.010262844,-0.010432194,-0.007170685,-0.009959063,0.013904826,0.00700007,-0.001657985,0.016148701,0.007933319,0.000654141,-0.00477897,-0.004052934,-0.005357564,-0.00230152,0.005182428,-0.003939314,0.002787597,0.003758245,-0.007801083,0.001011657,2.7379,1.123,2.5507,1.1311,2.4968,1.1239,2.432,1.1203,2.3716,1.1124,2.5405,1.1893,2.5294,1.1769,2.4738,1.1764,2.4693,1.188,2.4825,1.199,2.5334,1.2044,2.5405,1.1908,2.6553,1.2487,2.5388,1.2487,2.4921,1.2533,2.4324,1.2576,2.377,1.2616,0.208236524,0.128574686,0.129257108,0.150410272,45.92348461,0.044627906,0.055142089,0.050510692,0.0573171,0.11820055
FEB1xPBX013-1-V18,LBX,0.535069495,-0.147105128,0.147229366,-0.073620079,-0.019910254,0.115310237,0.076040066,-0.027387732,-0.014594493,-0.035511723,0.013743598,-0.005069811,0.012258134,0.020802346,-0.02489829,0.007573755,0.005235897,-0.002237241,-0.000838193,-0.012757917,-8.08E-05,0.006249747,-0.005785133,0.000783855,-0.00548467,-0.002304043,-0.000396021,-0.001500242,0.003592872,0.004334721,8.05E-05,2.7044,1.1413,2.431,1.135,2.3716,1.1275,2.3053,1.1235,2.2306,1.1192,2.4878,1.1992,2.4635,1.1836,2.4162,1.18,2.4056,1.1895,2.4115,1.2044,2.4662,1.2051,2.4878,1.1996,2.6262,1.267,2.4331,1.2522,2.3641,1.2591,2.3015,1.2602,2.2314,1.2702,0.224205196,0.153939339,0.154114892,0.148039623,41.06549868,0.057567526,0.072379901,0.05846546,0.068886936,0.117218812
KMM20-V09,LBX,0.44755353,-0.033994336,0.039198745,-0.091013081,-0.012454914,0.033757546,0.012136114,0.005193506,0.018217339,0.014376888,-0.01824831,-0.015227219,-0.015763725,0.021363609,-0.011442742,-0.000731311,-0.008061507,-0.005821527,0.00241273,-0.001099392,0.007392761,-0.012780819,0.005786427,0.003550778,-0.001301999,-0.004859676,-0.001742247,0.001616067,-0.000255898,0.000368803,0.000930352,2.7087,1.0971,2.4935,1.1068,2.4401,1.1041,2.3781,1.0971,2.3004,1.0879,2.4935,1.1663,2.4863,1.1465,2.432,1.1447,2.4036,1.1674,2.4328,1.1807,2.4827,1.1791,2.4935,1.1668,2.6129,1.2246,2.496,1.2163,2.4421,1.2238,2.3731,1.2289,2.3096,1.2314,0.226052383,0.132654438,0.13287306,0.159480061,43.85087004,0.039506075,0.044091949,0.040347615,0.041400121,0.109528535
KMM20-V10,LBX,0.491238263,-0.08651087,-0.016215431,-0.051543314,-0.02233845,0.007256701,0.022444897,0.010326689,0.002579527,0.00408643,-0.005943308,0.003147019,-0.011124084,-0.001469477,-0.008152207,-0.007751295,-0.005250621,-0.000537524,-0.000199696,-0.001597907,5.92E-06,-0.003309642,-0.00199936,-0.004742006,-0.006376421,-0.005342945,-0.003609817,-0.005372256,-0.008485071,0.002633544,0.00063367,2.7152,1.0987,2.4784,1.1046,2.4186,1.1046,2.3501,1.0949,2.2745,1.0906,2.4714,1.1695,2.4488,1.1553,2.3878,1.1472,2.3964,1.1674,2.391,1.1839,2.4477,1.1828,2.4715,1.1715,2.6246,1.2389,2.4703,1.2292,2.4137,1.2287,2.3495,1.2357,2.2724,1.2411,0.253872173,0.167279317,0.168186206,0.166926331,40.5640517,0.051611239,0.050222804,0.058708177,0.052568051,0.124863005
KMM20-V29,LBX,0.458136462,-0.126165381,0.019225419,-0.091508154,-0.024759926,0.020461664,-0.034913682,0.019285983,-0.005723338,-0.016007176,0.011099068,-0.008309865,-0.010692575,0.011895264,-0.009462377,-0.007468654,0.004867143,0.000856338,-0.005529529,-0.004661248,0.003908496,-0.006855739,0.005127354,0.003249227,-0.005849415,0.000178083,-0.003316289,-0.000872972,-0.00249949,-0.005084998,0.000570454,2.6872,1.0798,2.4702,1.0908,2.413,1.0886,2.3515,1.0872,2.2799,1.08,2.4724,1.1638,2.4533,1.1505,2.3957,1.1487,2.4173,1.1677,2.3957,1.1739,2.4471,1.1749,2.4724,1.1659,2.5925,1.2087,2.4617,1.2131,2.4045,1.2206,2.3484,1.2284,2.2756,1.2341,0.230640499,0.127498431,0.128218641,0.159947804,41.85706648,0.040894987,0.04752189,0.062045951,0.062540387,0.122595024
KMM5-V11,LBX,0.512062177,-0.04432728,-0.039351258,-0.043336759,0.00182233,0.018581454,0.023341538,0.044616695,0.007030532,0.011527349,-0.005355587,0.002509835,0.012052336,-0.01379303,0.010348692,0.00779942,0.000591644,0.011201027,0.00665092,-0.005428453,0.002492797,-0.000801029,0.004318863,-0.001407657,6.62E-05,-0.001939276,0.002413173,-5.91E-05,-0.00136615,0.001032803,-0.001531825,2.7009,1.0933,2.4725,1.103,2.4045,1.1036,2.3328,1.0998,2.2619,1.099,2.454,1.1753,2.4338,1.1519,2.3706,1.1512,2.3511,1.176,2.3688,1.1972,2.4248,1.1972,2.4539,1.1842,2.6259,1.2469,2.4529,1.2371,2.3957,1.2415,2.3252,1.2472,2.2533,1.2494,0.260160739,0.183071817,0.186215386,0.170932618,40.98503413,0.048801844,0.051827599,0.062361046,0.058437745,0.135524795
LBX001V02,LBX,0.434510238,-0.005825722,0.021402022,-0.052885584,-0.029708699,0.042018594,0.018327179,0.010074748,0.01132074,0.023213897,-0.024080053,-0.009630558,-0.017981146,0.006081056,-0.004924048,-0.006191961,-0.021894082,-0.014319974,-0.001052743,0.003320578,0.015039865,0.00173851,0.000125213,0.002367432,0.005379011,-0.000253488,0.005982919,-0.004195097,0.002836245,-0.003681975,0.001205227,2.7961,1.1305,2.5852,1.1451,2.5332,1.1335,2.4788,1.126,2.395,1.1192,2.5771,1.1929,2.5728,1.1696,2.5165,1.1683,2.4819,1.1872,2.5191,1.2052,2.5701,1.2047,2.5772,1.1933,2.7071,1.2411,2.5809,1.2382,2.532,1.2429,2.4684,1.2479,2.4026,1.254,0.227716403,0.138415498,0.138647899,0.14196253,36.24715285,0.035197869,0.039845953,0.027459243,0.038599611,0.093199249
LBX001V06,LBX,0.435850761,-0.022772476,0.059332175,-0.004334734,0.00656462,0.022769485,0.017060833,-0.009909797,0.015137012,0.016408785,-0.015365036,0.012326426,-0.00782547,0.000921397,-0.003607065,-0.013656925,-0.005189078,-0.000888383,-0.004111255,0.00370002,0.000777401,0.002143796,0.001719705,0.005392579,-0.007119558,-0.001196094,-0.001968025,0.003322852,-0.002400059,0.001161645,0.00160797,2.7654,1.1127,2.5647,1.1099,2.5054,1.106,2.4446,1.0976,2.3713,1.0894,2.5726,1.1601,2.5421,1.1429,2.4892,1.1373,2.4564,1.154,2.4906,1.164,2.5396,1.1659,2.5726,1.1604,2.6859,1.2098,2.5577,1.2044,2.5062,1.2095,2.4471,1.2157,2.3716,1.2222,0.19854118,0.123601173,0.123721381,0.125493665,37.49733282,0.042542449,0.0481,0.039997,0.035243865,0.094758905
LBX001V07,LBX,0.484196884,-0.259266986,0.002709434,0.003869548,-0.055762715,-0.022082456,-0.015268659,-0.042333356,0.008299907,0.004786447,0.006015361,-0.004516008,0.005535883,-0.001713199,-0.019019777,-0.017927137,0.002808888,-0.003447388,-0.000361933,0.0125918,-0.001266596,0.006404056,0.008537383,0.007603909,0.00619022,-0.000936193,-0.000324591,0.002009594,-0.002796495,0.000286412,-0.001388376,2.7384,1.1041,2.4946,1.1012,2.4342,1.0948,2.3785,1.0825,2.3085,1.0712,2.5202,1.1518,2.4598,1.1365,2.4048,1.1338,2.5057,1.1556,2.4067,1.157,2.4601,1.1602,2.5203,1.1615,2.6537,1.199,2.4989,1.2055,2.4444,1.2147,2.3781,1.2244,2.3042,1.2292,0.223352927,0.138570596,0.14159834,0.127201022,31.80271409,0.059645033,0.068924451,0.049569446,0.048840147,0.104388601
LBX001V08,LBX,0.506182025,-0.231740742,-0.039799655,0.01705933,-0.049195349,-0.023860314,-0.001390952,0.008653684,-0.008397613,-0.014432746,0.010463569,0.006837371,0.004858944,-0.015132893,-0.001397413,-0.013207148,-0.013888154,-0.001234468,-0.001484986,-0.002299929,-0.007342411,-0.000629324,0.004611435,-0.000741283,0.00584908,-0.002746513,-0.005649064,0.005445698,0.002386283,-0.002332491,0.000929752,2.7843,1.1305,2.5363,1.1293,2.4802,1.1257,2.4148,1.1214,2.3396,1.1088,2.5464,1.19,2.4856,1.1782,2.429,1.1748,2.5219,1.1947,2.4265,1.1996,2.4876,1.2055,2.5467,1.2017,2.7093,1.2478,2.523,1.2433,2.4691,1.2519,2.4079,1.2548,2.3296,1.2591,0.245227772,0.169008787,0.172850369,0.139227476,33.57755737,0.05178803,0.067454058,0.070439336,0.070938354,0.114773211
LBX001V10,LBX,0.575660888,-0.323531157,0.09199321,0.044085276,-0.052014208,-0.004679795,-0.011645701,-0.015803489,-0.006352556,-0.009910908,0.009573424,-0.001028554,-0.013601061,-0.001252669,-0.00881748,-0.006514815,-0.011176528,0.002845249,-0.001264809,-0.006157741,0.005025442,0.000368891,-0.001010454,-0.009501741,0.003084002,0.003959788,-0.003975369,0.001704318,-0.001054953,-0.005497388,0.00181367,2.7713,1.1683,2.4863,1.1577,2.4191,1.1429,2.3474,1.1354,2.2573,1.1273,2.5523,1.2157,2.4515,1.199,2.3894,1.1936,2.5317,1.2175,2.3882,1.2235,2.4608,1.2314,2.5526,1.2226,2.6758,1.2566,2.4773,1.2638,2.4155,1.2717,2.3421,1.2767,2.2544,1.281,0.224070882,0.127805477,0.130096349,0.130065906,30.53616018,0.036359455,0.055394314,0.054006759,0.058758659,0.106481031
LBX001V12,LBX,0.481950122,-0.262581091,-0.015505084,0.022576103,-0.052016412,-0.008023711,-0.006563005,-0.056030832,0.05097001,-0.078790676,-0.095833118,0.047266618,0.018312704,0.017436916,0.031753033,0.005198623,0.005883131,0.000130742,-0.006579484,0.004233939,-0.002527883,0.001552032,-0.006297169,0.008306865,0.007222757,0.004815799,0.00024812,0.001475576,0.002216712,-0.00066675,0.001336503,2.7087,1.1715,2.4748,1.1559,2.4094,1.1462,2.3463,1.1348,2.2745,1.1251,2.4842,1.2069,2.3691,1.1832,2.4213,1.1868,2.4666,1.2077,2.3684,1.2044,2.4241,1.2113,2.4844,1.2141,2.6183,1.2609,2.4594,1.2537,2.4059,1.2581,2.3393,1.2663,2.2735,1.2774,0.227273866,0.141843047,0.144564207,0.127139766,30.8947162,0.055171098,0.065497634,0.109168585,0.042308037,0.09900505
LBX001V13,LBX,0.447976568,-0.035883096,0.01194856,-0.026030465,-0.000932297,0.023150912,-0.021352041,-0.05551755,-0.000389695,-0.001301751,0.008098078,0.001539611,1.40E-05,0.00050437,-0.00099343,-0.004207541,-0.004930761,0.000784404,0.000120189,0.004573881,0.008081493,0.002898619,-0.000349358,0.001880931,-0.003012383,-0.002384528,0.008993582,0.001084882,-0.002835315,-0.004248315,-0.000639639,2.742,1.1487,2.5316,1.1372,2.4712,1.1242,2.4141,1.1134,2.3396,1.1088,2.5324,1.1936,2.5058,1.1828,2.4518,1.1742,2.4324,1.1872,2.4561,1.1936,2.5036,1.1951,2.5324,1.1939,2.6586,1.2382,2.5205,1.2429,2.4734,1.2537,2.4173,1.2594,2.3479,1.2675,0.214355243,0.133749505,0.133849169,0.122334827,31.55480281,0.050699606,0.062540387,0.052392748,0.053631707,0.106281231
LBX001V15,LBX,0.470702401,0.011570224,-0.039139494,0.028600695,0.00893744,0.012816659,0.026334289,-0.039196364,0.002411301,0.011756646,-0.008318131,-0.003574174,-0.00758527,-0.001730523,-0.003508507,-0.005120157,0.000818531,-0.001585935,0.00253211,-0.00882386,-0.006961943,-0.006059188,-3.18E-05,-0.005121687,-6.58E-05,0.00090788,0.000741589,-0.001024572,0.001266382,0.004667414,0.000767674,2.7799,1.123,2.5475,1.1145,2.491,1.1106,2.4263,1.1027,2.3587,1.0998,2.5463,1.1659,2.5144,1.1562,2.4563,1.1559,2.4194,1.1656,2.4626,1.1785,2.518,1.1771,2.5465,1.1695,2.7017,1.2238,2.5514,1.2224,2.496,1.2296,2.4392,1.2382,2.3723,1.2461,0.237506568,0.164424846,0.165835973,0.127576957,30.84099178,0.05628188,0.061047277,0.053240023,0.057062948,0.107970459
LBX001V18,LBX,0.48981108,-0.26269726,0.04283195,-0.011032396,-0.034007881,-0.025274394,0.003076598,-0.031531428,0.003615824,0.013888803,0.005563386,-0.004718391,-0.024017553,0.004534534,0.013893889,0.003115427,0.005849434,0.010990406,-0.000457187,0.012210665,-0.0210267,0.000232523,0.001761164,-0.00259721,-0.002857279,-0.000623785,-0.006354347,0.003331022,-0.000800981,-0.004853838,-9.49E-05,2.7614,1.1584,2.5264,1.1516,2.4633,1.144,2.3857,1.1348,2.3274,1.1192,2.5577,1.2052,2.4881,1.1882,2.4335,1.1821,2.5316,1.2087,2.4396,1.217,2.4989,1.2256,2.5577,1.219,2.6758,1.2648,2.5213,1.2594,2.4682,1.2643,2.4099,1.2691,2.3274,1.2735,0.209007009,0.126669846,0.132286696,0.136558852,39.71725712,0.040548736,0.055274316,0.052975938,0.048369929,0.107920573
LBX001V27,LBX,0.48490973,-0.274411181,0.036436429,0.000941076,-0.032751576,-0.013528057,0.000951258,-0.034211647,-0.015765974,0.017618104,0.011783335,7.40E-05,-0.007598868,-0.004142164,0.000644867,0.017527803,-0.000301413,-0.001074085,-0.009014521,0.004015987,0.001790106,-0.004472569,0.007220072,0.004602337,0.004849452,-0.005751959,-0.000843263,0.000970493,0.001701307,-6.29E-05,-0.001374122,2.7573,1.1942,2.5248,1.1818,2.459,1.1728,2.3986,1.162,2.3279,1.1494,2.5569,1.2338,2.4914,1.2147,2.4293,1.2109,2.5334,1.2395,2.4331,1.246,2.4973,1.2481,2.5572,1.248,2.678,1.295,2.5111,1.2828,2.4594,1.2914,2.4011,1.2979,2.335,1.3051,0.204275109,0.12962114,0.13568585,0.128254162,37.98846384,0.037343406,0.052467609,0.046882513,0.048308384,0.101924923
LBX001V29,LBX,0.468422529,0.017189252,-0.055840967,0.012940664,-0.040021417,0.042220764,-0.00586248,-0.016339925,-0.012815372,-0.005751386,-0.002776411,-0.018634831,0.004064203,-0.00225529,-0.000979419,0.003679825,-0.001320379,-0.012401752,-0.009747367,0.003167233,-0.003473561,-0.004669134,0.002828322,0.001851386,0.000770983,-0.00454954,-0.002605368,-0.000836339,0.001062125,0.000780842,1.30E-06,2.7735,1.0933,2.5405,1.0992,2.4833,1.0955,2.4245,1.0883,2.3547,1.0778,2.5234,1.1566,2.5126,1.1455,2.454,1.144,2.4166,1.1602,2.4543,1.1688,2.5137,1.1656,2.5234,1.1569,2.6953,1.1864,2.5367,1.1994,2.4813,1.2123,2.427,1.2271,2.3644,1.2382,0.25798624,0.174412901,0.174463893,0.121584744,24.03808157,0.040883248,0.051198144,0.054056452,0.056663392,0.10027203
LBX001V30,LBX,0.448175869,0.06675707,-0.161741855,0.024927036,-0.02679338,0.069375096,-0.0159712,0.011011397,0.152637886,0.025574627,0.076499942,0.023594837,-0.002926709,0.015600748,0.008250669,-0.009782342,-0.004024123,-0.010541045,-0.007234292,-0.002847801,0.005908613,0.001708217,-0.001120189,0.001559951,0.001430783,0.009224436,-0.001871176,0.002331135,0.000372821,-0.000110532,-0.001200601,2.6828,1.1025,2.4615,1.1117,2.4083,1.1073,2.358,1.1001,2.294,1.0901,2.427,1.1721,2.4263,1.1505,2.3731,1.1512,2.3141,1.1706,2.4141,1.1879,2.3486,1.1872,2.4269,1.1723,2.6046,1.2012,2.4669,1.2091,2.4148,1.2141,2.3554,1.2289,2.3004,1.2411,0.265099604,0.180034719,0.179968247,0.125924303,24.52630312,0.120310016,0.026209349,0.052387785,0.056269441,0.097549577
LBX001V31,LBX,0.493844929,-0.260139399,-0.008111354,0.040734722,-0.048892446,-0.014296765,-0.030146313,-0.026818666,-0.010112068,0.010336225,0.010370091,-0.000580255,-0.005629116,-0.002445211,-0.009538226,0.003108714,-0.003706809,0.002868206,-0.015787086,0.003052503,-0.003611717,-0.001745124,0.003886794,0.00499979,0.002112561,-0.000184239,0.000831283,-0.005436438,-0.000305159,-0.000176019,-0.00069963,2.756,1.1472,2.5061,1.1408,2.4439,1.1325,2.3839,1.1232,2.3152,1.1134,2.5334,1.1954,2.4644,1.1785,2.4022,1.1778,2.5076,1.2001,2.4026,1.2069,2.4644,1.2059,2.5338,1.2059,2.6676,1.2357,2.495,1.24,2.4468,1.2479,2.3867,1.263,2.3155,1.2731,0.227758644,0.137078372,0.140120413,0.12508721,28.9326575,0.0458167,0.060287976,0.056215478,0.061570935,0.099819086
LBX002V02,LBX,0.479277671,-0.10253304,0.016385584,-0.025595104,-0.006583044,0.024528341,-0.008121482,0.002502965,-0.001810425,-0.011875808,0.006738257,-0.007366971,-0.004283313,-0.00749176,0.008911002,0.001412977,-0.005082797,0.003269246,-0.003881968,0.003226484,-0.00590835,0.004549599,-0.002294782,-0.012031148,-0.001451746,0.003824564,-0.007666378,0.004575415,0.00050153,-0.003126871,0.001830702,2.7713,1.1435,2.5453,1.1462,2.486,1.1408,2.4184,1.1357,2.3479,1.1257,2.5548,1.2096,2.5151,1.1985,2.4606,1.1942,2.4682,1.2064,2.4633,1.2206,2.5178,1.2292,2.5549,1.2151,2.6926,1.2584,2.5313,1.2627,2.4795,1.2681,2.4196,1.2762,2.3441,1.2816,0.226365766,0.144347428,0.146185772,0.139268446,36.47895684,0.036117863,0.050186552,0.060393129,0.05913307,0.117338186
LBX002V04,LBX,0.525142263,-0.015960855,-0.012927258,0.099976457,0.045176083,0.022643931,-0.045938754,-0.003209628,-0.017997908,-0.027895748,0.017449859,-0.00228184,-0.007788969,-0.002419454,0.004690175,0.0017624,-0.004537069,0.015353703,0.002396135,-0.006897686,-0.000224488,-0.001991723,0.001861638,-0.00610645,0.004364799,0.003526532,-0.002560719,-0.002741685,-0.002705756,0.000488021,-0.00016916,2.8188,1.1251,2.5701,1.1143,2.5005,1.1111,2.4326,1.1068,2.3598,1.1063,2.5895,1.1853,2.5181,1.185,2.4536,1.1818,2.4187,1.189,2.4533,1.1933,2.518,1.1922,2.5895,1.1923,2.733,1.2066,2.5471,1.2364,2.495,1.2469,2.4371,1.2558,2.3655,1.2612,0.237070728,0.144210749,0.145072189,0.118338033,23.15323504,0.052919278,0.067910603,0.087763831,0.084841617,0.124247374
LBX004V01,LBX,0.505922124,0.048711784,-0.060722069,0.027640246,-0.018647801,0.029680034,0.024596456,-0.000865184,0.003771582,0.002235205,-0.024037434,-0.010120961,-0.002601071,-0.016647525,0.009606186,-0.011577967,-0.002209616,0.003528684,-0.007298739,-0.003223614,0.000502636,0.006253619,-0.002572511,-0.007187461,-0.001370543,-0.004489906,-0.002009854,-0.000446421,0.002753054,0.003569936,0.001445901,2.8015,1.1079,2.5583,1.1041,2.4932,1.0998,2.4317,1.0937,2.3565,1.0868,2.5342,1.1638,2.5126,1.1483,2.4576,1.1437,2.3975,1.1559,2.4579,1.1789,2.5212,1.1782,2.5341,1.1639,2.7204,1.2145,2.5507,1.2159,2.4939,1.2224,2.4313,1.2318,2.3508,1.2397,0.273082588,0.193049346,0.192979092,0.13394316,27.04361937,0.047870032,0.056464591,0.063577748,0.056520527,0.112058021
LBX005V01,LBX,0.507877727,-0.006103433,-0.059564645,0.034756066,-0.022036737,0.011082006,-0.010576082,0.005860288,0.003388339,-0.009334431,-0.004421173,0.0201593,0.003801452,0.002425007,-0.010242427,0.007151352,-0.001829051,-0.002253784,0.008056498,-0.003607752,0.002937303,-0.002939834,-0.000661118,0.001095431,0.001363905,0.001147946,-0.004508451,0.003524725,0.001790687,-0.00200145,0.000151765,2.8312,1.1176,2.5922,1.1122,2.5216,1.1084,2.4511,1.1027,2.3749,1.094,2.5651,1.1758,2.5363,1.1641,2.4777,1.1602,2.4471,1.1724,2.472,1.1802,2.5262,1.1828,2.5653,1.1764,2.7376,1.2228,2.568,1.2271,2.5097,1.2352,2.4428,1.2427,2.3803,1.2497,0.272390253,0.178438365,0.178788283,0.140811931,27.57822614,0.060907553,0.066680507,0.076278568,0.067900295,0.117420824
LBX005V02,LBX,0.48654089,-0.055728404,0.000729542,0.001609373,0.004099609,0.015638275,0.039744564,-0.021210569,-0.001989826,0.031465772,-0.009653137,0.004871703,0.005232497,0.000161005,-0.00903317,0.00024066,-0.007260224,-0.005830244,-0.005064976,-0.001826159,0.002272159,-0.000949137,-0.006034357,-0.00398825,0.001960457,0.000144777,0.003366062,0.007080089,0.004366349,0.002453225,0.000140568,2.794,1.1224,2.5583,1.116,2.4962,1.1068,2.4347,1.0965,2.3581,1.089,2.566,1.1654,2.5356,1.1462,2.4698,1.144,2.4574,1.1575,2.4687,1.1748,2.5297,1.1802,2.5658,1.1698,2.7131,1.2406,2.5529,1.2206,2.4989,1.2276,2.4331,1.2309,2.3646,1.2411,0.232019396,0.163431729,0.165207294,0.143234249,37.75721786,0.046587552,0.060826639,0.037780021,0.045615787,0.104739295
LBX005V03,LBX,0.435073745,0.006834336,0.064136333,-0.027013324,-0.022088932,0.030545567,-0.051554248,0.012505585,-0.003643821,0.00514184,-0.000597835,-0.016479979,0.013555283,0.002688906,0.005812115,0.000836343,-0.003578951,-0.005809069,0.004094067,0.000668355,-0.001953461,-0.003580932,-0.000771001,0.005401926,0.000136188,-0.002629212,-0.002295852,0.002754529,-0.003192211,-0.001268213,0.000140942,2.7257,1.1065,2.5367,1.1095,2.4817,1.1057,2.4132,1.0987,2.3403,1.0895,2.5326,1.1697,2.523,1.1552,2.4604,1.1519,2.4202,1.171,2.4533,1.1775,2.5129,1.1778,2.5326,1.1697,2.6472,1.1877,2.5272,1.2082,2.472,1.2209,2.4086,1.2295,2.3418,1.2389,0.203179354,0.116005,0.116005,0.112941091,27.04924275,0.033595387,0.047257275,0.047709328,0.050873667,0.099156139
LBX005V07,LBX,0.350285552,-0.095443521,0.041034469,-0.14196458,-0.092542908,-0.011391868,-0.075558277,0.005153522,0.007628293,0.036329261,0.001724463,0.014020859,0.00178031,-0.007146398,0.009559014,0.001739572,-0.017057966,0.004510559,-0.000339198,-0.006355187,-0.006494036,0.006365989,-0.00138831,0.003087802,0.006931284,-0.004870079,-0.007300946,-0.00426341,-0.000957638,-0.00152436,-0.000492986,2.7524,1.1165,2.6095,1.1143,2.5658,1.1111,2.5038,1.1057,2.4364,1.0949,2.5823,1.1644,2.5946,1.1512,2.5396,1.1472,2.559,1.1652,2.5376,1.1779,2.5775,1.1797,2.5824,1.1721,2.6744,1.1965,2.5895,1.2069,2.5547,1.2105,2.5011,1.2177,2.436,1.2296,0.176715647,0.09518067,0.097533686,0.111731822,34.94236304,0.029729447,0.036812634,0.039794723,0.044605493,0.09473521
LBX005V09,LBX,0.463150171,-0.251571554,0.067339014,-0.01466795,-0.049991255,-0.007395389,-0.053270214,-0.025824116,-0.005964921,0.010409034,0.009032088,-0.002016055,0.010310997,-0.006028414,0.003437743,0.002730983,-0.002795563,0.000677005,0.000174018,-0.004523672,-0.002045436,0.000586606,0.006486439,-0.000719845,-0.000274078,-0.004280965,0.003724791,-0.002817535,-0.002672729,0.000168288,-0.001201943,2.7648,1.0949,2.5503,1.0861,2.4946,1.0782,2.4274,1.0678,2.3547,1.062,2.5785,1.1421,2.5245,1.1262,2.4671,1.1222,2.552,1.1446,2.4614,1.1545,2.5216,1.154,2.5789,1.151,2.6845,1.1739,2.5399,1.1864,2.4878,1.1987,2.4272,1.2104,2.3544,1.2168,0.192186186,0.108054477,0.110667249,0.112645861,30.9162537,0.037210886,0.051483978,0.047682806,0.051886896,0.100837741
LBX005V10,LBX,0.515012634,0.009315107,-0.09443267,0.055960439,-0.018867144,0.038586663,0.029121088,-0.007768651,0.008593668,-0.007355922,-0.004712362,-0.014386868,0.001209327,-0.00142416,0.004514415,0.000164406,-0.00037781,-0.007400975,-0.000387338,-0.000411337,-0.003579842,-0.003787042,0.003365221,-0.003893747,-0.001986814,0.001857313,0.002644668,-0.004642629,0.007169727,0.000820928,0.000439515,2.808,1.11,2.5435,1.1149,2.4831,1.107,2.4202,1.1014,2.3533,1.094,2.5303,1.1733,2.4986,1.1559,2.4453,1.158,2.4036,1.171,2.4482,1.1875,2.5,1.1839,2.5302,1.1736,2.7312,1.2181,2.5442,1.2217,2.4824,1.231,2.4241,1.2447,2.3594,1.2476,0.284823068,0.205867069,0.205834521,0.13260411,25.41190004,0.058159092,0.055334347,0.060803043,0.063481021,0.106802294
LBX005V11,LBX,0.47466217,-0.257139188,0.054027871,0.001744182,-0.037950712,-0.019290159,-0.015942045,-0.029651173,-0.005947085,-0.000466859,0.006707322,0.012926225,0.006637837,0.00209059,-0.013333645,-0.000586912,-0.004315117,-0.002787244,0.003143192,-0.00091001,0.000399736,-0.00457676,-0.000909255,-0.001899769,0.002986707,-0.006283139,-0.004881865,-0.003397109,-0.000490122,-0.000213028,-0.000788425,2.7789,1.1143,2.5534,1.1036,2.4941,1.096,2.4288,1.0863,2.3549,1.0761,2.5841,1.1553,2.521,1.1446,2.4671,1.1381,2.555,1.1577,2.4601,1.1629,2.521,1.1624,2.5841,1.1634,2.6974,1.2069,2.5431,1.2066,2.4896,1.2127,2.4256,1.2184,2.3576,1.2249,0.199067928,0.121363668,0.124496787,0.123357245,36.37154491,0.049417102,0.05788169,0.052256674,0.050014098,0.103513719
LBX005V12,LBX,0.472067864,-0.195815281,0.042677656,0.013976422,-0.079323146,-0.011907879,-0.045143189,0.003297131,-0.012100926,0.006071622,0.016854172,0.011681885,0.010421682,0.00647248,-0.015686658,-0.007772975,0.000176929,-0.003406981,-0.002372131,-0.002446503,-0.004379197,0.003748359,-0.001399674,0.005341049,-0.002433577,-0.004781339,0.001187109,-0.00362403,-0.003472782,0.004237355,-0.001916402,2.7763,1.1174,2.5545,1.1071,2.4921,1.1023,2.423,1.0894,2.3504,1.08,2.5604,1.1659,2.5262,1.151,2.456,1.144,2.524,1.1632,2.4461,1.1674,2.5081,1.1677,2.5603,1.1698,2.6866,1.1933,2.5378,1.203,2.4781,1.2113,2.4169,1.2195,2.3403,1.2287,0.221280501,0.128467661,0.129140234,0.117502766,24.91049989,0.046132201,0.05432504,0.052231217,0.055155235,0.097343207
LBX005V14,LBX,0.484627716,-0.178754271,0.025319117,0.004795173,-0.078941061,-0.034813573,-0.007225727,-0.005425314,0.012075215,-0.001696781,0.00673991,0.016990132,-0.005227869,-0.003449397,-0.013179094,-0.006666158,0.015872482,-0.00664457,-0.006824513,0.000211583,0.004038307,0.004214811,-0.000877818,0.005647793,0.002582448,-0.001383585,0.002792795,-0.008764123,-0.005989751,-0.001520156,-0.002024763,2.7864,1.1003,2.5651,1.0915,2.4889,1.0822,2.4227,1.0692,2.3472,1.0627,2.5565,1.1433,2.516,1.1309,2.4538,1.1232,2.5207,1.1438,2.4565,1.148,2.5117,1.148,2.557,1.1506,2.6961,1.1926,2.5529,1.1915,2.4833,1.1909,2.4175,1.2001,2.3387,1.2087,0.233886746,0.145302478,0.148049485,0.129125443,30.04484117,0.059914022,0.0505831,0.062953713,0.053972308,0.100741451
LBX007V01,LBX,0.480174661,0.021175338,-0.016693524,0.028361031,0.005775419,0.004834606,0.000672408,-0.029116607,0.000294395,-0.00686034,0.001238319,0.009654342,-0.00380455,-0.010184652,-0.016333286,-0.006337664,0.000647619,0.005358631,-0.001387455,0.005777114,0.002246671,-0.010751012,-0.003643057,-0.003641958,0.001181484,-0.004348463,0.001262521,0.003485292,-0.001905454,-5.62E-05,0.000135612,2.7745,1.1262,2.5536,1.116,2.4838,1.1102,2.4205,1.0994,2.3479,1.0944,2.5421,1.1691,2.5102,1.1675,2.4477,1.1607,2.408,1.1686,2.4547,1.1748,2.51,1.1729,2.5421,1.1691,2.6909,1.2231,2.5385,1.2231,2.4881,1.2332,2.422,1.2382,2.3515,1.2469,0.236326406,0.15829542,0.15829542,0.127978787,30.40480658,0.057725991,0.067276445,0.067348422,0.062076243,0.108159234
LBX007V02,LBX,0.486668539,0.017342905,0.001922254,0.0139972,0.060825969,0.042455635,-0.041194367,0.002976016,-0.005343895,0.006828715,0.004225509,-0.021951629,-0.008519826,-0.005235603,0.010018289,-0.000479566,0.003572293,-0.004501745,0.025936795,0.002831004,-0.009140979,0.021642369,0.005090532,0.010217698,0.005331967,-0.003209571,-0.000322144,0.004910566,0.003224341,-0.000766996,-0.001097722,2.7715,1.1001,2.5442,1.1059,2.4903,1.1023,2.4198,1.0994,2.3544,1.0901,2.5601,1.1749,2.518,1.1564,2.4509,1.1537,2.3991,1.1699,2.4601,1.1812,2.5156,1.185,2.5609,1.1866,2.685,1.2033,2.5383,1.2303,2.4795,1.2454,2.4229,1.246,2.3565,1.2508,0.224243172,0.125218609,0.128088134,0.134656934,32.29560256,0.05066932,0.067067131,0.056891915,0.06476357,0.124539833
LBX007V06,LBX,0.492008203,-0.01425743,-0.045276429,0.051704626,-0.024590889,-0.001141172,-0.022895321,-0.01732706,-0.005823739,-0.002169676,0.010445098,-0.003041814,-0.009126592,0.010283112,-0.013142194,0.008126524,0.011510613,-0.000609112,-0.009437759,0.003807087,0.004701733,-0.003645996,0.004929244,0.001403691,-0.004276282,-0.002114722,-0.001667813,0.001661287,0.000760859,0.000758564,-0.001396297,2.7875,1.0841,2.5518,1.0793,2.4741,1.0771,2.413,1.0692,2.3432,1.0606,2.5357,1.1425,2.5047,1.1347,2.4342,1.1311,2.4202,1.1429,2.4385,1.148,2.4978,1.1465,2.5356,1.1427,2.6945,1.1739,2.5403,1.1839,2.4799,1.1962,2.4195,1.212,2.3554,1.2192,0.258483655,0.161934092,0.161874643,0.129278923,24.24273506,0.056612808,0.063538964,0.072715679,0.067141716,0.105230271
LBX007V08,LBX,0.508954242,-0.065339198,-0.100836325,0.119266973,-0.013227838,-0.033680174,-0.060702589,0.027624723,-0.012394638,0.06645797,-0.010364839,0.028242676,0.078602856,0.086239648,-0.001131826,-0.025369535,-0.001647152,0.004954442,-0.001869849,-0.003131276,0.001365957,-0.008718475,-0.008060724,-0.015750076,0.00018996,-0.001592366,0.002165163,0.001312864,-0.001204495,0.000798293,-0.002738831,2.7886,1.0858,2.5437,1.0874,2.4736,1.0814,2.4126,1.0712,2.3452,1.0626,2.5374,1.144,2.5068,1.1246,2.4371,1.121,2.4238,1.1419,2.3565,1.1523,2.4374,1.1548,2.5375,1.1456,2.6942,1.1742,2.5396,1.1861,2.4777,1.1965,2.4175,1.2109,2.3506,1.2174,0.25785399,0.159288575,0.159681809,0.129328728,23.94637076,0.106885593,0.129008062,0.052397042,0.053855455,0.09878512
LBX008V01,LBX,0.474868418,-0.031001642,-0.046769094,0.076552883,-0.02977726,0.050272321,-0.023970688,-0.026706122,-0.015036135,-0.004679238,0.011248493,0.003847069,-0.021545692,0.000592288,-0.017387458,0.003625735,-0.007358954,0.005765564,-0.012241691,-0.00158548,-0.013815456,-0.00110354,-0.009219129,0.009312846,-0.00162247,-0.000270965,-0.002758637,-0.000364444,-0.005554145,0.00098124,0.000550695,2.8037,1.1386,2.5518,1.123,2.4957,1.1178,2.432,1.1084,2.3706,1.0987,2.5518,1.1803,2.517,1.1704,2.4529,1.1641,2.4389,1.1778,2.4608,1.1821,2.5108,1.1825,2.5518,1.1804,2.7064,1.2066,2.5316,1.2181,2.4892,1.2271,2.4374,1.2357,2.3711,1.2546,0.25532822,0.156804337,0.156821076,0.118706739,19.05413587,0.041231056,0.053212405,0.058803061,0.063051804,0.097221654
LBX008V02,LBX,0.44620982,0.013925433,0.060743318,-0.022301527,-0.007116568,0.020680785,-0.004658218,-0.048385696,0.003707433,0.004509921,-0.001002231,-0.011039456,-0.009792396,-0.010390305,-0.017243448,-0.00664847,0.000726134,-0.000677636,0.002494817,-9.28E-05,0.003383945,0.003049652,0.002179746,-0.002302309,3.92E-05,0.004578453,0.002583022,-0.00131273,-0.001744535,0.001926457,0.000852411,2.753,1.1262,2.5482,1.1178,2.4878,1.1106,2.4259,1.1005,2.3504,1.0983,2.5507,1.1683,2.5324,1.1602,2.4684,1.158,2.4318,1.1653,2.4822,1.1729,2.5356,1.1737,2.5507,1.1684,2.6708,1.2091,2.5475,1.2199,2.4953,1.2274,2.4299,1.2386,2.3594,1.2451,0.206634218,0.126808911,0.126841042,0.116744379,30.51933979,0.047707966,0.056052297,0.045248204,0.051216404,0.1021024
LBX008V04,LBX,0.459332712,-0.001677694,-0.02065724,0.017564033,-0.042352871,0.028177496,-0.02588539,0.000249235,-0.005109446,-0.015495966,0.016670755,0.004720475,-0.003336075,0.010696093,-0.014725852,-0.002362111,-0.003388682,-0.009488664,-0.009380693,0.001475899,-0.006312411,-0.001370182,-0.004607051,-0.004619139,-0.000390779,0.000707477,0.001733014,0.000763153,-0.000376692,-0.000838482,-0.000323745,2.7745,1.1138,2.5523,1.109,2.4924,1.1014,2.4283,1.0901,2.3581,1.0804,2.534,1.1654,2.5221,1.1607,2.4585,1.1543,2.4304,1.1597,2.4582,1.1664,2.507,1.1699,2.534,1.1656,2.6834,1.1988,2.5353,1.2042,2.4795,1.2128,2.4238,1.2217,2.3562,1.2307,0.24597319,0.153044438,0.153087949,0.124596188,24.71127774,0.044467741,0.051055362,0.059874285,0.062830088,0.096705946
LBX008V05,LBX,0.457919689,0.020498266,0.02486006,-0.025131576,-0.017355548,0.03184269,-0.006531691,-0.001952148,0.004736294,0.004189932,-0.015301468,0.000602887,-0.026327125,-0.003380075,-0.010950276,0.009489323,0.001632379,0.015808968,-0.006603109,-0.001487191,0.000110316,-0.023237695,0.001007284,-0.008311767,0.009324826,-0.005284656,-0.000613102,-5.74E-07,0.003477289,-0.000906544,0.00107559,2.7778,1.1154,2.5669,1.1127,2.5,1.1084,2.4324,1.1019,2.3612,1.0962,2.5512,1.1632,2.5367,1.1582,2.4776,1.1586,2.4331,1.1731,2.4838,1.1872,2.539,1.1812,2.5518,1.1683,2.6807,1.2157,2.5471,1.2152,2.5022,1.226,2.4338,1.2318,2.3655,1.2404,0.231586701,0.137338887,0.139737253,0.139601218,33.97949324,0.034951538,0.042941821,0.054610347,0.054970901,0.104394875
LBX008V06,LBX,0.441990677,0.021887987,0.006386219,-0.041462118,-0.011910323,0.033568763,-0.011018419,-0.007618573,0.013258791,-0.004736558,-0.009221747,-0.000500095,-0.004411137,0.0051367,-0.010951288,0.008671644,-0.005439118,-0.005474488,-0.000587789,2.81E-05,0.001921312,-0.003964966,0.003747394,-0.005952549,-0.004438074,-0.003847505,-0.000789516,-0.003690974,0.003511703,0.00232704,0.000477471,2.7519,1.1154,2.5469,1.1143,2.4898,1.11,2.4261,1.1014,2.3533,1.0933,2.532,1.1721,2.5216,1.1613,2.4698,1.1573,2.422,1.1667,2.4709,1.1818,2.5173,1.1793,2.532,1.1721,2.6629,1.2184,2.5349,1.2181,2.4845,1.2253,2.4202,1.2379,2.3598,1.24,0.227092272,0.138847038,0.138847038,0.136124943,33.93742093,0.042605164,0.045576419,0.053376868,0.051354552,0.104491339
LBX008V07,LBX,0.48968856,-0.013311816,-0.048440127,0.031164452,-0.020143999,0.040939683,-0.005764625,0.022265867,0.001270454,0.009159984,-0.004549433,-0.003770269,0.004739085,0.010125499,-0.009301265,-0.008726103,-0.010504096,0.005539961,0.011845701,-0.006031584,-0.000249136,-0.000643069,0.007549461,-0.003713345,0.00010123,0.007676438,0.001021317,-0.000851871,-0.003166892,-0.001345206,0.001043547,2.7783,1.1046,2.5307,1.1106,2.4752,1.1068,2.4099,1.1014,2.3393,1.0992,2.5235,1.1726,2.5035,1.1529,2.4396,1.1537,2.4067,1.1731,2.4323,1.1831,2.4857,1.1858,2.5236,1.173,2.6881,1.208,2.5212,1.2217,2.4687,1.2289,2.4054,1.2397,2.3378,1.2389,0.263717728,0.168182193,0.168363654,0.137213702,27.08015317,0.050488216,0.058502991,0.050290456,0.058880982,0.111505426
LBX008V08,LBX,0.468452197,-0.005488887,-0.051223101,0.003252476,-0.006657507,0.018184744,-0.007897982,-0.03298009,0.008472455,0.005648396,-0.005879841,0.006422655,-0.002787143,-0.019036417,0.001209697,0.005513619,-0.002299032,0.005916196,0.006471785,0.000533938,0.003666185,-0.000581498,-0.004222712,-0.007751834,0.001346357,0.00193005,-0.006096319,0.001438261,0.002790799,0.002018316,0.001440221,2.7747,1.1185,2.555,1.1095,2.4921,1.1045,2.4288,1.0973,2.3583,1.0908,2.5383,1.1664,2.5092,1.1548,2.455,1.1529,2.4285,1.1629,2.4631,1.1791,2.51,1.1796,2.5383,1.1668,2.6934,1.2163,2.5383,1.2246,2.4933,1.2311,2.431,1.24,2.3662,1.2494,0.241204001,0.162807432,0.162929494,0.127179126,29.28878066,0.053159101,0.060133518,0.064418398,0.060983358,0.116305202
LBX008V10,LBX,0.48680537,-0.080951499,-0.05945753,0.065502587,-0.00184742,0.049389816,-0.031146633,-0.037185431,0.008672017,-0.007823512,-0.006548971,-0.021681978,-0.003634638,-0.010537893,0.001767287,0.014512539,-0.000224175,0.002822318,0.008416688,-0.014568627,0.006582411,0.0040825,-0.004216321,-0.000799573,-0.00217187,-0.010746472,0.001911495,-0.005523507,-0.002745788,0.004464788,-0.000901909,2.7708,1.1375,2.5122,1.1232,2.4597,1.1167,2.4018,1.1091,2.3375,1.1077,2.5291,1.1886,2.468,1.1721,2.423,1.1649,2.4223,1.1828,2.4274,1.2041,2.4759,1.1954,2.5292,1.1887,2.683,1.2123,2.5076,1.2335,2.4579,1.2472,2.3964,1.258,2.345,1.2673,0.247042709,0.155600129,0.155714161,0.115342447,20.69218663,0.049563091,0.052800189,0.065915476,0.060581598,0.110395879
LBX008V13,LBX,0.469896521,-0.023032537,-0.100461265,-0.000247863,-0.023286474,-0.023037564,-0.010207455,-0.024337572,0.005831073,-0.001583768,-0.013467907,-0.000503714,-0.008868717,-0.014515734,0.012082669,-0.011447385,-0.000153848,-0.001025811,0.004766776,-0.008145329,-0.007625454,0.000379323,0.002659606,-0.004458426,0.000771976,0.00372969,-0.001436764,0.000200389,-0.003038323,0.001427446,0.000932054,2.7693,1.0998,2.5458,1.0933,2.4898,1.0912,2.4229,1.0836,2.3528,1.0798,2.5183,1.1548,2.4874,1.1447,2.4369,1.1426,2.4311,1.1553,2.441,1.1656,2.4964,1.1695,2.5185,1.16,2.6863,1.2077,2.5418,1.2139,2.4868,1.219,2.432,1.2284,2.3581,1.2352,0.256955249,0.174448073,0.176131797,0.136130122,29.83773062,0.063502126,0.070350551,0.077797943,0.073758864,0.120666317
LBX009V01,LBX,0.500347791,0.056933202,-0.003295209,0.029208429,-0.006149705,0.012614262,0.018051762,0.012517504,-0.000692057,0.009191617,-0.011364365,-0.022809125,0.003419214,-0.004270673,-0.001932973,0.005559356,-0.008811951,0.000739984,-0.000387918,-0.001014485,-0.002803027,-0.001429258,0.000652895,0.001814845,-0.002991123,-0.001500934,-0.002629287,0.003469943,-0.003023872,-0.001702203,0.000694796,2.7733,1.1027,2.5449,1.1052,2.4799,1.1027,2.4083,1.0976,2.3328,1.0901,2.5324,1.1672,2.5148,1.1521,2.4423,1.147,2.3813,1.1656,2.4439,1.1758,2.5156,1.178,2.5324,1.1673,2.698,1.2077,2.5421,1.212,2.4838,1.2201,2.4067,1.2325,2.3393,1.2368,0.249385364,0.170456798,0.170480527,0.129209481,28.73193246,0.043107424,0.059619628,0.05572809,0.058105507,0.106836698
LBX009V03,LBX,0.483194687,0.037451363,0.022699486,0.054945379,0.009962217,0.041873565,-0.023438684,-0.03585881,0.006559101,0.001257683,0.005231782,-0.009472827,0.008822187,-0.007383089,0.008660269,0.000803225,-0.001315398,0.015808572,-0.003863251,-0.010148662,0.010102418,-0.00887823,-0.002491192,0.002169965,0.006396484,-0.000319389,0.000244413,-0.000749123,-0.000597878,0.005338322,0.000387655,2.7896,1.1316,2.5672,1.107,2.4989,1.0998,2.4392,1.0912,2.3623,1.0876,2.5717,1.1667,2.5361,1.1553,2.4763,1.1537,2.4142,1.1667,2.4773,1.1775,2.5307,1.1721,2.5717,1.1669,2.7125,1.1947,2.555,1.2131,2.5049,1.2249,2.4385,1.2319,2.3689,1.2443,0.220708903,0.143518222,0.143557097,0.099629413,20.39808697,0.047660151,0.054849977,0.057446497,0.0584463,0.10679911
LBX009V05,LBX,0.472092258,0.054120446,0.020951482,0.042927262,0.020719034,0.041991965,-0.0196854,0.00355044,0.005497546,0.008725589,-0.001676594,-0.000894282,0.001368038,0.009221986,0.00035957,0.021999293,-0.006554611,-0.009984988,0.005906474,-0.007943955,0.004616236,0.004512222,-0.003951469,-0.002157329,-0.00284099,-0.003992689,2.80E-05,0.000399254,-0.001724792,0.000801946,-0.001056867,2.7778,1.1046,2.5626,1.1079,2.5005,1.1046,2.4315,1.0987,2.356,1.0965,2.5639,1.168,2.5359,1.1548,2.4722,1.1491,2.4024,1.164,2.4714,1.1777,2.5248,1.1758,2.564,1.1686,2.6967,1.1922,2.5514,1.2077,2.4942,1.2195,2.4299,1.2325,2.3765,1.2422,0.223098117,0.134782232,0.134986962,0.119377427,26.83745839,0.041535166,0.047613864,0.053967583,0.052736515,0.100426491
LBX009V06,LBX,0.438156431,0.098507487,0.017793883,-0.019847413,0.002916457,0.033108789,-0.007878645,-0.002070312,0.015683829,0.028583471,-0.025418756,0.011695942,-0.001470619,-0.003521794,0.004522695,0.003377094,-0.007347663,0.000319914,0.002827105,0.004528006,0.000952224,-0.007888145,0.009866298,-0.001580966,-0.003209371,-0.000307843,-0.002356474,-0.004008851,-0.002484618,-0.002542247,0.00092265,2.7411,1.0939,2.5534,1.0965,2.493,1.0928,2.4256,1.0852,2.3508,1.0789,2.5313,1.1458,2.5262,1.1307,2.4694,1.1278,2.3882,1.1487,2.4687,1.1602,2.5183,1.1573,2.5313,1.1465,2.6586,1.1893,2.5378,1.1947,2.4907,1.2005,2.4288,1.2159,2.3605,1.2195,0.216124154,0.134302383,0.134527098,0.126124581,32.76072714,0.042178312,0.045913941,0.043697597,0.042213268,0.099431383
LBX009V07,LBX,0.498313559,0.029660433,-0.039028256,0.042487025,-0.02823253,0.020691377,-0.005461981,0.024503517,-0.00662701,-0.009600373,0.003869613,-0.003571203,0.007147865,0.006540051,-0.001260854,0.002162607,0.002175698,0.003745386,0.002838292,0.002207593,-0.000764664,0.002768586,0.004522328,0.000195842,-0.003475142,-0.000626114,0.000683554,0.003106672,-0.003408572,0.000535414,-0.000990619,2.7907,1.109,2.5597,1.112,2.4878,1.112,2.4195,1.1048,2.3504,1.0998,2.5349,1.1793,2.5187,1.1667,2.4515,1.1616,2.404,1.1771,2.4455,1.1839,2.5076,1.1861,2.5349,1.1793,2.7096,1.2073,2.5435,1.2202,2.4824,1.231,2.4191,1.2418,2.3501,1.2447,0.265284244,0.176929619,0.176929619,0.127436651,24.47250581,0.049513836,0.059833268,0.068360003,0.061464217,0.109406033
LBX009V08,LBX,0.486100352,-0.003737293,0.07465326,0.102177498,0.033062407,0.033468435,-0.042507417,0.006052736,0.010389775,0.01466433,0.002151679,0.031142017,0.013263729,-0.009605523,-0.009944313,0.005380419,-0.00161651,3.23E-06,-0.001543606,0.000644928,-0.018665399,-0.009142574,0.003199135,-0.006266791,0.004161486,0.003177427,-0.003084904,-0.005285569,-0.002707719,-0.002644614,0.000371657,2.7875,1.1251,2.575,1.11,2.5119,1.1019,2.431,1.089,2.3619,1.0798,2.5949,1.1528,2.5378,1.1469,2.4712,1.1422,2.4216,1.1534,2.4651,1.1616,2.5165,1.1606,2.5953,1.1631,2.7039,1.1866,2.5453,1.1969,2.4919,1.2033,2.4256,1.2195,2.3533,1.2249,0.194581731,0.111113501,0.114120287,0.10378444,25.41246916,0.046337134,0.049569446,0.052397042,0.057276348,0.091835178
LBX009V09,LBX,0.516043689,0.066429512,-0.054584291,0.046126654,-0.021688617,0.006288111,0.009921046,0.00244965,-0.006902559,-0.004374706,-0.012137112,0.010398799,0.02134316,-0.005868407,0.008556827,-0.002197752,0.010823632,0.004416914,0.002676264,-0.0033181,-0.006953836,0.002676114,0.000639879,0.009817208,-0.005817514,-0.0017259,-0.004020458,0.000257007,0.00250039,-0.001824945,-0.000276569,2.7999,1.0983,2.5726,1.089,2.4964,1.0868,2.4216,1.0854,2.3526,1.0753,2.5348,1.1548,2.5173,1.1405,2.4566,1.1359,2.3885,1.1512,2.4446,1.1577,2.5144,1.158,2.5348,1.1549,2.7258,1.1969,2.5561,1.2041,2.4892,1.212,2.4274,1.2228,2.3511,1.2321,0.27105398,0.195563289,0.19558479,0.123340058,24.46158078,0.062161885,0.070268414,0.075566792,0.063204826,0.116276653
LBX009V10,LBX,0.49972278,0.001209412,0.02086405,0.004567315,0.019146903,0.048745492,-0.045410068,0.078740366,0.001969318,-0.007970356,-0.014241749,0.025985832,0.049179907,-0.006834544,-0.027003253,-0.021071869,0.001306027,0.001980134,0.005817268,-0.002430666,0.001787258,0.00329479,-0.004274033,-0.004670431,-0.003158014,-0.001618101,0.00044139,0.001673843,-0.000845853,0.001905763,0.000618333,2.7443,1.1208,2.527,1.1224,2.4655,1.1203,2.3975,1.1117,2.3242,1.1052,2.518,1.1916,2.4964,1.1753,2.4364,1.1699,2.3723,1.1789,2.4047,1.1926,2.463,1.1947,2.518,1.1901,2.6499,1.2357,2.4903,1.2379,2.431,1.2443,2.3554,1.2497,2.2799,1.2497,0.237116701,0.139559915,0.139077029,0.148705649,35.85982339,0.051103131,0.058005,0.061112765,0.057506261,0.121190511
LBX009V15,LBX,0.44238621,0.058946181,0.035527496,0.01326301,0.023647067,0.010907348,-0.008912608,0.000523362,-0.007943637,0.008454093,-0.004295658,-0.008013318,0.004183501,0.004862371,-0.000210486,-0.013878707,-0.005978879,0.000176952,-0.003840959,-0.00473169,0.015227013,-0.000555886,-0.001508794,0.007230573,0.003304706,0.002067551,-0.001141339,-0.004404568,-0.000454499,-0.004667699,0.000674894,2.754,1.109,2.5604,1.1073,2.4968,1.0987,2.4428,1.0965,2.363,1.0912,2.5579,1.1634,2.5381,1.1512,2.473,1.148,2.4112,1.1609,2.4694,1.1667,2.5327,1.1659,2.5578,1.1638,2.6793,1.1996,2.5545,1.2095,2.4995,1.2133,2.4388,1.2195,2.3695,1.2276,0.2035057,0.126664478,0.12668228,0.117424231,32.10845817,0.048746282,0.055475851,0.049239212,0.054744223,0.102370162
LBX009V17,LBX,0.490876241,-0.025493814,0.022006027,0.022423613,-0.025192107,0.014143413,0.020151054,0.00380591,-0.01100455,0.015568623,-0.015344679,0.008002367,0.004822253,0.006299032,0.003042511,-0.005291444,0.000621589,-0.002382289,-0.005002331,0.00269208,0.00177497,0.0011715,-0.001932677,0.00482925,-0.004876856,-0.003296649,0.001925198,-0.000699646,0.002907247,7.70E-05,-2.22E-05,2.8112,1.0982,2.5845,1.1005,2.5126,1.094,2.445,1.0876,2.368,1.0796,2.5785,1.1553,2.5531,1.1354,2.4892,1.1319,2.4617,1.1499,2.4784,1.1626,2.5507,1.1618,2.5785,1.1556,2.7309,1.2012,2.5734,1.1996,2.5108,1.2077,2.4504,1.2152,2.3711,1.2255,0.239603214,0.159075831,0.159162087,0.130602795,30.54816418,0.04409229,0.055531703,0.046946459,0.044541778,0.099719707
LBX009V21,LBX,0.487166909,0.0369658,-0.040780592,0.062849333,-0.02564927,0.021653312,-0.030484854,0.007627007,-0.010342312,0.008609095,-0.005543714,-0.006680068,-0.00088525,-0.001198542,-0.001801671,-0.00708022,-0.006250652,0.005295932,-0.000263776,0.001022087,-0.001235746,0.006681059,0.005158407,0.006349589,0.000595892,0.002690263,-0.006538531,-0.000307013,-0.000609109,-0.001489568,0.001567529,2.7799,1.1111,2.5478,1.1091,2.4824,1.1063,2.4184,1.1027,2.3447,1.0922,2.5291,1.1717,2.5079,1.1559,2.4374,1.1537,2.3927,1.171,2.4342,1.1769,2.4989,1.1785,2.5295,1.1722,2.6906,1.1893,2.5324,1.2138,2.4799,1.2224,2.4187,1.2361,2.3454,1.2433,0.258017441,0.162005,0.162456179,0.118700168,19.80328717,0.048665594,0.064488294,0.0615,0.065358703,0.105826509
LBX009V22,LBX,0.465608278,0.047019164,-0.004389114,0.011222309,0.00765097,0.004709815,-0.015044031,0.002211546,0.012387551,0.014834577,-0.024022197,0.007840812,-0.012340233,-0.015087665,-0.008119337,0.005082298,0.000108685,0.011632933,0.005508073,-0.00463303,0.007597003,0.00123511,-0.004972391,-0.002133259,-0.002638202,-0.007467457,-0.000665611,0.001194644,0.000402694,-0.003375002,0.000195459,2.7627,1.1143,2.5586,1.1109,2.4896,1.1066,2.422,1.1037,2.3486,1.1009,2.5386,1.1691,2.5121,1.1572,2.4509,1.1502,2.3991,1.165,2.4558,1.1818,2.5129,1.1785,2.5386,1.1692,2.6719,1.2131,2.5396,1.2188,2.4914,1.2274,2.4187,1.2353,2.3519,1.244,0.230702948,0.140342795,0.140374107,0.134186736,32.0082469,0.048342321,0.057850843,0.065619662,0.058297942,0.109560075
LBX009V23,LBX,0.452298778,0.015315948,0.020004014,0.030446066,0.018464279,0.027962126,-0.045979915,-0.006440479,-0.001180215,-0.00234714,-0.016706998,-0.004774135,-0.013867421,0.009464811,0.004000395,-0.013285126,0.008386199,-0.001375892,0.007469727,0.003558664,-0.009108139,0.00204568,0.001886149,-0.002841316,-0.006463424,0.001709821,0.001134066,-0.000494867,-0.001002445,0.000395188,0.00104477,2.7638,1.0663,2.5507,1.0793,2.4935,1.0782,2.4245,1.0739,2.3598,1.0717,2.5593,1.137,2.5194,1.1273,2.4676,1.1273,2.4196,1.1424,2.4633,1.1478,2.5221,1.1451,2.5593,1.1372,2.6742,1.1537,2.5491,1.1812,2.4924,1.1958,2.4417,1.2077,2.3673,1.2168,0.216376385,0.11607868,0.116107278,0.125167568,27.341034,0.04508004,0.056132076,0.05730349,0.055512341,0.101912561
LBX009V27,LBX,0.423943641,0.002154543,0.014897375,-0.072899679,0.030800966,0.022239619,0.001457337,-0.036720313,0.000422456,0.014563404,-0.013913601,-0.011945935,-0.012236386,-0.002168855,0.000302638,0.014738983,0.004215703,-0.009121442,0.003148953,-0.014742368,-0.001559043,-0.012362607,-0.007357818,-0.003681152,0.000642262,0.00552134,-0.00592387,0.001718099,-0.000532474,0.000733996,0.002335208,2.7228,1.0928,2.527,1.0879,2.4784,1.0836,2.4142,1.0782,2.3468,1.0734,2.5286,1.1435,2.5093,1.1318,2.4572,1.1329,2.4205,1.1447,2.4644,1.1577,2.5169,1.1606,2.5291,1.1462,2.6419,1.2055,2.5275,1.202,2.4755,1.2058,2.4188,1.2125,2.3643,1.2246,0.200709068,0.127437553,0.12915452,0.138730314,43.32003314,0.042735465,0.049364157,0.04733392,0.053664979,0.114101096
LBX010V01,LBX,0.515384722,0.036624623,-0.043477012,0.031925456,0.041825316,0.032949029,0.031854411,-0.008694703,-0.000641712,0.008218718,0.005002469,-0.02129641,-0.000187567,-0.00350921,0.000819355,-0.000682094,-0.007839823,0.001317069,-0.001897515,0.004359769,0.001651382,-0.005537465,-5.42E-05,0.007423807,-0.004736456,-0.003897759,-0.005409947,-0.001155656,0.003911132,-0.003115624,0.001492921,2.7767,1.1014,2.5266,1.1012,2.464,1.094,2.4029,1.0926,2.3317,1.0789,2.5316,1.1667,2.4978,1.1487,2.4281,1.1444,2.3684,1.1624,2.4382,1.1753,2.4964,1.1724,2.5316,1.1669,2.7028,1.2255,2.5254,1.2211,2.4709,1.2271,2.4051,1.2341,2.3387,1.2389,0.253649561,0.180951375,0.181016242,0.144436907,33.8737629,0.056680596,0.061257897,0.055548987,0.061878672,0.119906005
LBX010V02,LBX,0.503763479,0.072288934,-0.039631986,0.019262025,0.014166006,0.020513723,0.005123291,-0.005446122,-0.004026526,0.000308369,-0.001613206,0.004690644,0.003824085,-0.014685852,0.001416416,0.001552174,0.00772102,-0.0084296,0.009737809,0.010674547,0.004916008,0.000850125,-0.00124174,0.002683456,0.001779777,-0.001270309,-0.006493449,-0.004894341,0.001120441,0.003013941,-0.000250904,2.7843,1.103,2.5626,1.1095,2.4892,1.1084,2.4223,1.1009,2.3479,1.0933,2.5387,1.1704,2.5178,1.1591,2.4509,1.1575,2.3819,1.1699,2.4579,1.1807,2.5162,1.1758,2.5387,1.1711,2.7093,1.2152,2.5485,1.2303,2.486,1.2357,2.4256,1.2454,2.3576,1.2551,0.254680427,0.176207747,0.17638424,0.13495866,30.05968489,0.063352506,0.061762529,0.066837115,0.062271181,0.121620105
LBX010V03,LBX,0.457836842,-0.006274401,0.000771433,-0.005093534,0.00163565,0.024556243,-0.024503758,-0.044248746,-0.005201103,-0.010864108,0.0151553,-0.004175113,0.004126926,0.00041019,-0.00557951,0.004609566,0.008482675,-0.005118445,0.00724749,0.004981717,0.000470067,-0.004925379,0.00130175,-0.002038354,-0.000171325,0.005261982,0.004889975,0.000720783,0.000155254,0.006969394,-0.000591512,2.7573,1.103,2.5442,1.0965,2.4817,1.0922,2.418,1.0787,2.3506,1.0761,2.5421,1.1553,2.5167,1.1472,2.4579,1.1483,2.4272,1.1543,2.4633,1.1591,2.5132,1.1588,2.5421,1.1555,2.6784,1.1918,2.5367,1.2062,2.4813,1.2184,2.4256,1.2278,2.3634,1.2353,0.22146406,0.141050984,0.141102587,0.118788257,28.65133414,0.052905671,0.061971687,0.057677899,0.060939724,0.109956082
LBX010V04,LBX,0.470110663,0.039822916,-0.014612204,-0.008070101,-0.023385519,0.043361913,-0.026426028,0.001141573,0.003836214,0.003998969,-0.009886286,-0.017787525,-0.00530363,-0.003057432,0.014152525,0.020407361,-0.003961368,0.005470311,0.001903428,-0.002098747,0.00192686,-0.003892986,-0.001546994,-0.00410884,0.00116563,-0.001185012,0.001196176,0.002897696,0.000413135,0.001162231,4.02E-05,2.7713,1.1046,2.555,1.1009,2.4924,1.0955,2.4234,1.0868,2.3522,1.0804,2.5334,1.1649,2.5216,1.1476,2.464,1.1451,2.4088,1.1624,2.4644,1.1796,2.5205,1.1802,2.5334,1.1651,2.6837,1.1947,2.537,1.2077,2.4874,1.2199,2.4213,1.2292,2.3594,1.2371,0.245423104,0.153186977,0.153225748,0.125665309,25.43769382,0.032070235,0.046401401,0.057414719,0.057155227,0.108306233
LBX010V06,LBX,0.52009478,0.042621744,-0.119109364,0.052625656,-0.008452196,0.005637409,0.014529052,-0.011318276,0.008640607,-0.008154297,-0.009958475,-0.018484942,-0.00298106,-0.003176739,0.008453231,-0.010615559,0.000801577,0.003558182,-0.011296928,0.001754781,0.007724972,0.001678767,-0.003096978,0.001502607,0.001384106,-0.004482769,0.007842076,0.001251148,0.001300168,0.000430365,-0.000238838,2.8037,1.1079,2.5485,1.1052,2.4768,1.0971,2.4239,1.0895,2.3511,1.0847,2.5194,1.171,2.4876,1.1564,2.4326,1.1516,2.3835,1.165,2.4347,1.1791,2.4941,1.1775,2.5196,1.1715,2.7206,1.2195,2.5469,1.2195,2.4887,1.2298,2.4245,1.2368,2.3522,1.2454,0.291218303,0.206651881,0.206963016,0.139140828,26.06667262,0.067467325,0.074070844,0.079562868,0.070170435,0.114311198
LBX010V07,LBX,0.49869108,-0.159939221,-0.08405488,0.02611248,-0.071093565,-0.053617685,0.008070664,-0.028311265,0.006957861,0.013738644,0.018322872,0.002068504,-0.006922262,0.004158865,0.022432692,0.000859347,-0.002621665,0.002743313,0.0047755,-0.006139718,0.006008888,0.003215979,0.003570037,-0.001775326,-0.002388168,-0.004608647,-0.005366079,0.001115349,0.000610629,-0.003898555,-0.001722054,2.7853,1.0949,2.548,1.0906,2.4757,1.0858,2.4099,1.0836,2.3339,1.0755,2.5307,1.1537,2.4881,1.1394,2.4239,1.1324,2.4981,1.1521,2.4304,1.1672,2.4849,1.1688,2.5307,1.1595,2.7136,1.199,2.5475,1.2055,2.4865,1.2131,2.4304,1.2211,2.3571,1.2287,0.261301741,0.187116702,0.188426378,0.126402927,26.91534778,0.072564799,0.072484619,0.077262216,0.069676395,0.114901088
LBX010V09,LBX,0.503631281,0.051239019,-0.079981273,0.045730979,-0.001927492,0.0350065,-0.028247705,-0.017877103,-0.00849053,0.012822351,-0.011430233,-0.021168511,0.020400454,-0.009458811,0.017338098,-0.003399217,0.006657512,0.00064458,-0.003453009,-0.004268077,-4.61E-05,0.000711733,0.004875419,0.008526224,0.00013902,-6.95E-05,0.002967365,0.003408052,-0.004720527,0.002316643,-0.000537832,2.7961,1.1025,2.5554,1.089,2.4928,1.084,2.4331,1.0739,2.3641,1.0667,2.5369,1.1564,2.5129,1.1354,2.452,1.133,2.391,1.1562,2.4439,1.1649,2.5097,1.1663,2.5369,1.1575,2.7147,1.1875,2.5478,1.2041,2.4889,1.2177,2.432,1.23,2.3616,1.24,0.264744877,0.180313172,0.180499446,0.117690102,21.6686573,0.053669824,0.069374635,0.062922254,0.063762371,0.115350639
LBX010V12,LBX,0.539575851,0.117301359,-0.124615936,0.019621079,0.014812985,-0.007148135,0.033921927,-0.030445474,0.021425985,0.01688681,-0.023648275,-0.019088001,0.009367687,0.014496073,0.014345688,-0.025247701,-0.008048066,-0.000458022,0.010959607,0.003257828,0.004918271,0.006335937,0.005990634,0.001253471,0.002603978,-0.006967438,-0.001730611,-0.001021894,0.005052406,2.60E-05,0.000239697,2.8198,1.1025,2.5633,1.1012,2.4971,1.0948,2.4374,1.0904,2.3547,1.0782,2.5275,1.1663,2.5137,1.1487,2.4576,1.1422,2.3619,1.158,2.4518,1.1746,2.5129,1.1731,2.5275,1.1687,2.7362,1.2314,2.5809,1.2335,2.5183,1.24,2.4482,1.2465,2.3716,1.2454,0.299181767,0.217915075,0.218617703,0.153636487,29.63709761,0.090951416,0.093270628,0.068676124,0.061700972,0.133465539
LBX010V16,LBX,0.516397215,0.081917403,-0.024579697,0.046911372,0.047461397,0.021281006,-0.03047051,0.014706363,0.000342014,-0.001925676,0.001346127,-0.01338473,-0.000876602,0.001595166,0.00232443,-0.012400962,-0.004029388,-0.004909223,-0.008524739,-0.007656119,-0.002589062,-0.005383764,0.004876703,0.00205317,-0.005431197,0.001099188,-0.004426071,0.002543479,3.48E-05,-0.001868612,0.001945333,2.8091,1.1111,2.5723,1.1073,2.5108,1.1041,2.4439,1.1009,2.3641,1.0901,2.57,1.1804,2.5351,1.1694,2.4639,1.1656,2.3808,1.1791,2.4639,1.185,2.5259,1.1866,2.57,1.1812,2.7183,1.2177,2.5658,1.2264,2.5018,1.2364,2.4399,1.2487,2.363,1.253,0.248940354,0.152725702,0.152918867,0.140029283,30.28156764,0.056356455,0.063862117,0.072389571,0.077342485,0.11927724
LBX010V17,LBX,0.520843394,0.046080481,-0.044969842,0.066459699,0.021623379,0.033374972,-0.015191735,0.018778699,-0.009378305,0.001830591,-0.002847982,0.008855758,0.009316002,-0.008544296,0.005762443,0.004904415,-0.0063397,0.005882332,0.002126794,-0.003178569,-0.008371533,0.007702686,0.000810183,0.005041745,0.002797948,-0.004144624,-0.003467697,-0.005171134,-0.004957739,-0.00198709,-0.001319053,2.7983,1.11,2.5583,1.1041,2.4921,1.1012,2.4191,1.0962,2.3479,1.089,2.5457,1.1699,2.5101,1.1577,2.4432,1.149,2.3765,1.1667,2.4369,1.1785,2.5,1.178,2.5458,1.1791,2.7152,1.2093,2.5313,1.2222,2.4773,1.2271,2.4153,1.2379,2.3441,1.2465,0.259605027,0.172070916,0.174018993,0.129483976,26.42628255,0.054160225,0.063199051,0.072084672,0.06838165,0.121147059
LBX010V18,LBX,0.502098565,-0.191754493,-0.037315781,0.015847133,-0.066257088,-0.034822228,-0.01133419,-0.030408658,-0.009796037,0.018851717,0.004703,0.011178413,-0.007172923,-0.011189398,-0.014772588,-0.011885897,0.009517,-0.012465361,-0.002696369,-0.009257367,-0.002613387,0.004435149,0.000904224,-0.00221579,0.008575393,-0.000408284,-0.00204644,0.002800553,0.001498662,0.002261395,0.000281417,2.801,1.1127,2.5534,1.0987,2.4885,1.0922,2.4245,1.0814,2.3475,1.0721,2.5507,1.1494,2.5061,1.1379,2.4346,1.1357,2.521,1.1521,2.4399,1.1602,2.5032,1.1656,2.5518,1.1605,2.7063,1.2098,2.5475,1.2084,2.4813,1.2156,2.4245,1.2222,2.3463,1.2346,0.252976244,0.162175029,0.166911713,0.135633698,29.55645911,0.061598133,0.069160104,0.06143232,0.069263699,0.109858545
LBX010V22,LBX,0.548146981,0.057774415,-0.069298316,0.064362651,0.024465733,0.01918861,0.032523975,-0.004333609,-0.004617823,-0.003457687,-0.006677652,-0.002038898,-0.017000557,-0.018958176,-0.001845384,-0.005284389,-0.003029021,0.010598269,-0.008378355,0.006953142,0.000476861,-0.013807687,-0.002883924,-0.002719435,0.00298444,0.002134081,-0.005098619,0.004150121,0.003165378,-0.001131191,0.002504468,2.835,1.109,2.5744,1.1041,2.4978,1.0987,2.4331,1.0933,2.3587,1.0836,2.5583,1.1634,2.5158,1.1544,2.4471,1.1537,2.3824,1.1648,2.4606,1.1764,2.5254,1.1764,2.5583,1.1641,2.7503,1.2303,2.5561,1.2238,2.5043,1.2303,2.4374,1.2346,2.3587,1.2433,0.281996897,0.203092196,0.203321445,0.147945193,30.33290566,0.056473445,0.06938948,0.077227262,0.074803008,0.121090792
LBX010V24,LBX,0.496244883,0.010801258,0.004432949,0.035104716,0.024867395,0.019413187,0.009615351,-0.004108353,-7.72E-05,-0.00418721,-0.003690054,0.000170022,0.011700414,0.001734058,0.005651628,0.000312999,-0.004063584,0.001065342,0.002778741,-0.006740095,0.007582203,-0.003799188,-0.005396862,0.009313052,0.001402973,-0.002236326,-0.000809907,0.006842481,-0.001364648,0.002617498,0.00040936,2.7916,1.1206,2.5651,1.1106,2.4975,1.107,2.4335,1.1005,2.3551,1.0944,2.5674,1.1762,2.528,1.1602,2.4702,1.1555,2.4177,1.1706,2.464,1.1785,2.5262,1.18,2.5676,1.1768,2.7175,1.2242,2.555,1.2246,2.4953,1.2343,2.4284,1.2343,2.3619,1.2454,0.230991342,0.15721568,0.157588102,0.127372564,31.66154735,0.053090489,0.063979137,0.061940052,0.055655548,0.114446538
LBX010V26,LBX,0.444953075,0.042797616,-0.016957157,-0.036299523,-0.021980774,0.032236324,-0.046448784,0.022748182,-0.011465531,0.016911269,0.003129209,-0.008549348,0.01373083,0.003814098,0.015521894,0.011270476,-0.000709071,-0.001440807,0.003005096,-0.003210168,0.003127408,0.00143398,0.00606857,0.006772255,-0.001840013,-0.006690299,0.003114766,-0.005197827,0.009239376,0.004283742,-0.001756887,2.7456,1.0872,2.5529,1.0951,2.4924,1.0937,2.427,1.0915,2.3558,1.0843,2.527,1.1645,2.531,1.1424,2.4641,1.1454,2.4144,1.1641,2.4576,1.1793,2.5148,1.1718,2.527,1.1675,2.6677,1.1861,2.5367,1.2039,2.4831,1.2184,2.4284,1.23,2.3644,1.2386,0.231864723,0.141924099,0.14234834,0.125895274,28.20210381,0.038858976,0.046680403,0.052123891,0.058938782,0.109999455
LBX010V27,LBX,0.458655797,-0.039545083,-0.014012014,-0.038601569,-0.00777779,0.009032797,0.00881099,-0.006789944,-0.003113018,0.014128198,-0.009599811,-0.010971115,-0.005533471,-0.000620805,0.000451349,-0.008274344,0.013538357,-0.000693605,-0.000438202,0.007228517,-0.015317412,-0.002997668,-0.005252084,0.001051493,-0.010670827,0.000146447,9.76E-05,-0.002997703,0.001333376,0.004682624,0.000907319,2.753,1.0971,2.5356,1.1019,2.4784,1.0998,2.4078,1.0912,2.3506,1.0825,2.5298,1.162,2.5093,1.1437,2.4497,1.1437,2.4364,1.1584,2.4515,1.1728,2.5115,1.1724,2.5298,1.1629,2.6704,1.2174,2.5351,1.2147,2.4768,1.2195,2.4213,1.2276,2.3457,1.2362,0.232444079,0.150793269,0.151120879,0.145927551,37.71858822,0.048438105,0.053112899,0.049385524,0.052449023,0.112801108
LBX011V01,LBX,0.497644772,0.019476164,-0.033588681,0.009588019,0.019071517,0.018537295,-0.007660997,0.006601995,0.008797436,0.004155784,-0.017551033,0.008398556,2.11E-05,-0.005678718,-0.007415264,-0.00014345,-0.003249099,0.000127757,0.003138424,0.003038498,-0.00316799,-0.002264795,-0.007004047,0.009324547,0.001020822,-0.005358416,0.003506162,-0.004494905,0.000384656,-0.006228043,-0.001046529,2.7918,1.1068,2.5608,1.1142,2.4975,1.1063,2.4263,1.1027,2.3544,1.0962,2.5489,1.1749,2.5162,1.1598,2.4586,1.1552,2.4083,1.1739,2.4569,1.185,2.5137,1.1803,2.5487,1.1791,2.7006,1.2274,2.5457,1.2296,2.4928,1.2368,2.4223,1.2436,2.3544,1.2558,0.252265773,0.159394166,0.160527692,0.15120119,34.75109343,0.05877491,0.063024202,0.063784951,0.062485358,0.116383719
LBX011V02,LBX,0.50771517,0.05038506,-0.074221873,0.030524553,0.024418236,0.016274354,-0.009048551,-0.007592028,0.011878032,-0.008697006,-0.005969731,0.000378464,0.018995192,0.000216019,-0.008260799,-0.012684173,-0.001766747,0.003596851,0.004879269,0.009990974,0.002429624,0.00107395,-0.005380039,-0.005059131,0.006108255,-0.00057772,0.000791533,0.000978706,-0.000609943,-0.000641093,-0.000215234,2.7896,1.1111,2.5518,1.1117,2.4849,1.1052,2.4245,1.0958,2.3533,1.0894,2.5343,1.1731,2.5036,1.1656,2.4489,1.1606,2.3821,1.1685,2.4417,1.1785,2.4942,1.1793,2.5343,1.1753,2.7055,1.2249,2.5415,1.2335,2.4892,1.2406,2.4175,1.2476,2.3501,1.253,0.262720555,0.178240287,0.178864977,0.141503534,30.48436167,0.071936986,0.078183502,0.072308022,0.066069357,0.122234733
LBX011V03,LBX,0.475411843,0.069386008,-0.038694371,-0.02539266,0.020821276,0.004482445,-0.024028232,0.002725455,-0.003119485,-0.009600263,0.002100454,0.005911308,-0.002370305,-0.003079264,-0.000321138,0.009721198,0.013406686,-0.007053243,0.002920159,-0.002638976,-0.004234538,-0.008539325,-0.005082084,-0.005764459,-0.006676034,0.002929963,-0.00137779,-0.00659163,-0.001263069,-0.00263589,-0.00037042,2.7616,1.1014,2.5583,1.1019,2.4924,1.0976,2.418,1.0912,2.3511,1.0868,2.5284,1.1688,2.514,1.1634,2.4515,1.1598,2.3885,1.167,2.4543,1.1771,2.5097,1.1764,2.5283,1.1694,2.6744,1.2206,2.541,1.2249,2.4784,1.2278,2.4213,1.24,2.3569,1.2476,0.242744722,0.15481166,0.154916881,0.147690487,35.65487919,0.057722959,0.056136441,0.075794063,0.07444226,0.124210668
LBX011V04,LBX,0.511719703,0.051439122,-0.093594524,0.065902485,-0.000295374,0.015707321,0.004890127,-0.012804933,-0.007402086,-0.007332835,0.007151948,-0.014056801,0.016746704,0.004880346,0.000203889,0.004339327,-0.00462666,0.006751561,-0.001585498,-0.002109673,0.000639541,0.001870218,0.004513018,0.005743699,-0.001280119,0.00500265,-0.005908538,0.003683492,0.000428986,-0.001804564,0.00050739,2.8026,1.1278,2.5561,1.1181,2.4876,1.1149,2.4277,1.1127,2.3587,1.1025,2.5357,1.1878,2.5104,1.1749,2.4453,1.1721,2.3885,1.1854,2.4417,1.1879,2.5032,1.1929,2.5357,1.188,2.7292,1.2249,2.5485,1.2357,2.4941,1.2433,2.4293,1.2573,2.3689,1.2611,0.27356098,0.196986954,0.197024516,0.121720869,23.52333057,0.062321184,0.076255623,0.072902195,0.071141619,0.117845322
LBX012V01,LBX,0.505447019,0.102873397,-0.026808173,0.04290772,0.049538767,0.020377181,0.001732369,0.004373093,-0.005612952,0.000535867,-0.006004897,-0.011405152,-0.015476491,-0.0039151,0.005401907,-0.006029378,-0.001913516,-0.000536377,0.001741014,0.003927468,0.010252349,0.000720257,0.001425766,0.000169133,0.002011352,0.001912802,-0.003010435,-0.005461612,-0.000901511,-0.001771786,0.000954848,2.797,1.112,2.5698,1.1178,2.4986,1.1127,2.4382,1.1084,2.359,1.1041,2.5604,1.1812,2.528,1.1703,2.459,1.1674,2.3706,1.1803,2.4673,1.19,2.5316,1.1875,2.5605,1.1828,2.714,1.2231,2.5608,1.2368,2.5018,1.2404,2.4414,1.249,2.3695,1.254,0.246512069,0.158702048,0.159212342,0.138680244,31.56124604,0.057298604,0.061077082,0.067108047,0.067529623,0.119339851
LBX013V01,LBX,0.428310411,0.042852515,0.00484711,-0.020773603,-0.018615046,0.011469906,-0.013966584,-0.017620959,0.008263579,-0.00262796,-0.007222242,0.012650178,0.007168544,0.005860645,-0.009002388,0.008597635,-0.015836223,-0.009937539,-4.44E-05,0.013660873,-0.010397585,-0.00430019,0.001845191,0.001153572,-0.00268477,0.00410036,-0.002493532,0.004459355,-0.000400473,0.00089634,0.00103536,2.7249,1.1219,2.5352,1.1253,2.4791,1.1232,2.4099,1.1122,2.3382,1.1019,2.515,1.177,2.5059,1.1683,2.4531,1.1656,2.4029,1.1753,2.4504,1.1775,2.4995,1.1818,2.515,1.1772,2.6478,1.2163,2.5216,1.2201,2.4768,1.2282,2.4126,1.2422,2.3522,1.2487,0.217011567,0.138436448,0.138493068,0.121884248,31.1938859,0.044218774,0.057161613,0.052033547,0.049736908,0.095770559
LBX013V03,LBX,0.521058548,0.025090028,-0.014346883,0.060402288,-0.023285801,0.023101114,0.025219295,0.032900516,0.005639028,0.007743186,-0.004534442,0.010743259,-0.00254282,-0.000587643,-0.004579196,0.001928983,0.008999991,0.004253976,0.005038879,-0.0003342,-0.000507578,0.000396475,-0.000463985,0.008785196,-0.002479522,-0.00047384,0.000307165,-0.001134986,-0.003616486,-0.00299423,-0.001370157,2.8328,1.0496,2.5935,1.0638,2.5144,1.0645,2.4396,1.0631,2.3698,1.0617,2.5752,1.1242,2.5503,1.1066,2.4781,1.1052,2.4292,1.1293,2.4802,1.1372,2.5396,1.1332,2.5752,1.1252,2.7535,1.1575,2.5804,1.1694,2.5129,1.178,2.4455,1.1882,2.3722,1.1996,0.268184489,0.181202042,0.181382965,0.133906311,26.7297251,0.054544294,0.052286996,0.060811841,0.054536043,0.106409445
LBX013V04,LBX,0.499438224,0.062230721,-0.008985775,0.043740794,0.013784686,0.002405665,-0.009220186,0.017873634,0.003611312,0.000436426,-0.004617606,0.015625381,0.017120024,0.014383295,-0.004023167,0.001736752,0.009732673,0.000827582,0.007486156,-0.001849726,-0.001994576,-0.00529432,-2.03E-05,-0.001882511,0.000262017,0.000276949,-0.004260575,-0.002943194,0.001518414,-0.000685861,-0.000797909,2.7929,1.1262,2.578,1.1196,2.5025,1.116,2.4277,1.1095,2.3565,1.1009,2.5564,1.1802,2.5318,1.1718,2.4674,1.1672,2.3943,1.1757,2.4525,1.185,2.5151,1.185,2.5566,1.1835,2.7075,1.2271,2.5597,1.2321,2.4928,1.2361,2.4252,1.2454,2.3581,1.2481,0.242586582,0.157072499,0.158211314,0.132189145,30.10568922,0.064865785,0.065079183,0.069708536,0.062076163,0.113978682
LBX013V05,LBX,0.457954145,-0.045172898,-0.000407315,0.014939279,-0.02065271,0.008143058,-0.039075427,-0.020333323,-0.00514113,0.003002488,0.005225372,0.009126665,0.004072694,-0.003715195,-0.009661533,0.013299773,-0.005864005,-2.73E-05,0.004396301,-0.002543028,-0.006312699,-0.000911262,-0.007514884,0.005729948,-0.002729932,0.009125104,0.005108055,0.000340047,0.001232615,0.001490025,0.000232558,2.7648,1.1284,2.5529,1.1178,2.4939,1.1099,2.4213,1.0998,2.3529,1.0948,2.5456,1.1775,2.5165,1.1615,2.4536,1.1618,2.4461,1.1713,2.4533,1.1767,2.5081,1.1804,2.5456,1.1776,2.6785,1.2104,2.5324,1.2201,2.4844,1.2287,2.4202,1.2384,2.3587,1.2503,0.22463181,0.136887728,0.136911723,0.119044907,26.5299337,0.046546536,0.060590511,0.056873984,0.065709208,0.104333791
LBX013V07,LBX,0.423364697,0.050775437,0.044662091,-0.018857281,0.077617281,0.006985228,-0.006998044,-0.015524857,-0.015882684,0.000237625,0.006466497,-0.000888404,0.017309967,-0.010475281,0.000516321,-0.006976285,-0.00637835,0.004793144,0.020477177,0.006678855,-0.001120493,-0.004390013,-0.000975924,0.001040842,0.003048982,0.002864554,-0.005310888,-0.009106699,-0.007872857,0.006129117,0.000863712,2.6839,1.1413,2.5102,1.13,2.4569,1.1273,2.3937,1.1149,2.3279,1.11,2.5162,1.1866,2.4887,1.1796,2.4283,1.1737,2.3673,1.1791,2.4277,1.1866,2.4865,1.1872,2.5163,1.1911,2.6208,1.2411,2.4951,1.2476,2.4493,1.2449,2.391,1.2465,2.3285,1.2465,0.173710621,0.115845803,0.11794664,0.118074764,42.6372407,0.06100918,0.062172743,0.054059319,0.054506146,0.118565467
LBX013V08,LBX,0.467297172,0.031085662,0.05289677,0.010526984,0.046589736,0.019410044,-0.02050314,-0.028342807,-0.001588568,-0.000441224,0.007085846,0.000491062,-0.003805658,0.003831871,-0.005083741,0.002418458,-0.000817871,0.003760709,0.001056027,-0.00376204,0.011663101,-0.00501055,-0.000780635,0.00015421,-0.002693167,0.005035124,0.006665279,-0.004984083,-0.008840252,-0.003208997,-0.000386546,2.7496,1.1505,2.5442,1.1343,2.4773,1.1224,2.4148,1.1106,2.3371,1.1106,2.5523,1.1942,2.5169,1.185,2.4529,1.1767,2.3957,1.1864,2.4569,1.1926,2.5126,1.194,2.5523,1.1944,2.6634,1.2395,2.5291,1.2443,2.4752,1.2476,2.4121,1.2551,2.3452,1.2594,0.202081617,0.119905046,0.119980415,0.123900928,34.67155431,0.052937133,0.057964558,0.05758281,0.059530244,0.111031572
LBX013V09,LBX,0.531730382,0.002156954,-0.072366026,0.055078793,0.034668464,0.007975943,0.018808721,0.016029451,-0.010189694,-0.001733843,0.007975563,-0.003022466,0.011004643,0.005728586,0.008945586,-0.010697033,0.001967931,0.007666851,-0.004556015,0.004627386,-0.002272181,-0.002376401,-0.000404969,0.002706112,0.000616759,-0.002028346,-0.006649853,-0.000178123,0.000103813,-0.002611512,-0.000195448,2.7071,1.1009,2.4558,1.103,2.383,1.1003,2.3206,1.0987,2.253,1.0872,2.4515,1.1721,2.4078,1.1602,2.3409,1.1553,2.2988,1.1721,2.3339,1.1807,2.3997,1.1818,2.4515,1.1789,2.6341,1.2314,2.4457,1.2307,2.3846,1.2343,2.3263,1.2393,2.2501,1.2451,0.265331491,0.189997395,0.19198763,0.149530097,33.55711312,0.067135758,0.07377974,0.074671547,0.069263338,0.12809879
LBX013V10,LBX,0.500213848,0.054079185,-0.08807174,0.064432055,0.007139945,0.009799239,0.018810445,-0.001209833,-0.020130521,-0.015362899,0.005116081,0.005626048,-0.008997754,-0.011737672,-0.013559788,-0.006222144,-0.006797407,0.008770363,-0.003374839,-0.00022037,0.003323828,8.82E-05,0.000115065,-0.000688447,-0.001033651,0.000632254,0.003125898,-0.001803514,-0.002430534,0.001038848,0.000221669,2.7886,1.1079,2.5496,1.1081,2.4799,1.1066,2.4216,1.1016,2.3511,1.103,2.5268,1.1708,2.4986,1.1663,2.4295,1.1627,2.3799,1.1699,2.4374,1.1749,2.4998,1.173,2.5268,1.1713,2.7118,1.217,2.532,1.222,2.4831,1.2285,2.4256,1.2371,2.3565,1.2443,0.269250162,0.190560988,0.190681515,0.133420576,27.53147205,0.058633096,0.070437561,0.077383719,0.075414654,0.115251768
LBX013V11,LBX,0.498133822,0.010946432,-0.064871834,0.033182061,0.034157753,0.008884067,0.022683873,0.008131184,-0.008848085,-0.015522717,0.002276933,0.009976034,-0.005922621,-0.000888785,-0.001432979,0.001104397,-0.007271349,-0.003127591,-0.009674898,0.011558717,8.90E-05,0.001948593,0.003724674,-0.002191893,0.004750546,0.000920428,-0.001577924,2.59E-05,0.000234221,-0.001161403,-0.002011288,2.7691,1.1036,2.536,1.1145,2.4655,1.1124,2.4072,1.1059,2.3339,1.0994,2.5262,1.1742,2.4849,1.1688,2.4266,1.1652,2.3846,1.1742,2.4293,1.1812,2.4874,1.1841,2.5254,1.1841,2.6942,1.2368,2.5187,1.231,2.4662,1.2346,2.4094,1.244,2.3418,1.249,0.25295211,0.176835319,0.17928402,0.15281443,36.64310062,0.056385282,0.064908936,0.074563396,0.065582391,0.117777502
LBX013V14,LBX,0.433663589,0.043703816,0.000367051,-0.006953787,0.011496453,0.001732205,-0.027965425,0.014689187,0.017947459,0.005130638,-0.008944254,0.004820444,0.026966881,0.002042825,0.002652216,-0.018144701,0.001381126,0.016273215,3.02E-05,-9.91E-05,-0.005206378,-0.000367767,0.000659017,0.005107568,-0.008072496,-0.008452609,0.003305175,0.009409305,-0.000115914,0.003789507,0.000257236,2.7411,1.1187,2.5572,1.1131,2.4968,1.1145,2.4328,1.1088,2.3688,1.1023,2.5413,1.1777,2.5243,1.1645,2.4714,1.1588,2.414,1.1737,2.4587,1.1812,2.5094,1.181,2.5414,1.178,2.6679,1.2156,2.5467,1.2184,2.4975,1.2318,2.4313,1.2371,2.3576,1.2422,0.208329163,0.131969731,0.132151315,0.121440726,33.11764471,0.052820924,0.063763626,0.061027617,0.051065154,0.105822209
LBX013V16,LBX,0.471675076,0.053952795,-0.003082464,0.044160167,-0.018247537,0.019641533,0.005948768,0.020929706,-0.006046389,0.022580595,-0.006903632,0.007062777,0.011440044,0.011960547,0.002641886,0.008112032,0.003613447,0.003092467,0.009409056,0.003051137,-0.005899685,0.002378514,-0.004415111,0.001792882,-0.002898679,0.002161979,-0.002659342,-0.001868556,-0.003275263,3.56E-05,-0.000842221,2.6645,1.11,2.4547,1.1138,2.3853,1.112,2.3109,1.1055,2.2465,1.0998,2.4342,1.1692,2.4234,1.1519,2.3536,1.1487,2.2929,1.1663,2.3432,1.1771,2.4072,1.1782,2.4343,1.1696,2.5885,1.2006,2.4396,1.2131,2.3808,1.2179,2.3185,1.2282,2.253,1.2368,0.237787153,0.157285219,0.157462535,0.118255486,25.91871244,0.047621109,0.055483331,0.049308214,0.048495154,0.100441525
LBX013V18,LBX,0.451124751,-0.041901171,0.03698272,0.006912828,0.021054306,0.005876754,-0.020570305,0.001080479,-0.011373873,-0.008434278,0.007726027,0.001124494,0.00663826,0.00981542,0.00884055,-0.006536458,-0.005255028,0.000971831,-0.003575508,-0.003832379,0.006837526,-3.76E-05,0.000700018,-0.004545186,-0.006721392,0.004136134,-0.004388058,0.001305885,0.003573556,-0.000395714,0.002053338,2.7335,1.1392,2.5324,1.1321,2.4698,1.1257,2.4094,1.1214,2.3339,1.1127,2.5406,1.1965,2.5027,1.1842,2.4455,1.1802,2.423,1.1882,2.4369,1.1963,2.4978,1.2012,2.5407,1.1967,2.6583,1.2362,2.5186,1.24,2.4628,1.2454,2.4086,1.2522,2.3366,1.2546,0.201230465,0.124056479,0.124215055,0.122735651,35.18295311,0.04402363,0.055512341,0.059970826,0.059671936,0.108778904
LBX013V19,LBX,0.472593202,0.032136961,-0.085894565,0.021903576,-0.020194754,0.008797184,0.020095855,-0.011320476,0.00219175,0.000555196,-0.012710323,0.000738466,-0.011531649,0.00329233,-0.000239183,-0.002142912,-0.018899584,-0.000508767,-0.005815276,-0.000927888,0.003201229,0.004104522,-0.004099888,-0.002155715,-0.001264608,-0.006623808,-0.000264418,0.002305061,0.001813101,0.00138165,0.000718369,2.6548,1.1009,2.4229,1.1014,2.3625,1.0976,2.3042,1.0917,2.2276,1.0847,2.3968,1.1606,2.3781,1.1487,2.3231,1.1415,2.2821,1.1526,2.3245,1.1677,2.3799,1.1681,2.3968,1.1608,2.5717,1.2104,2.4142,1.2071,2.3679,1.2147,2.3069,1.2217,2.2411,1.2309,0.264817088,0.181797057,0.181851725,0.137462213,28.92213447,0.051937366,0.063973119,0.065148523,0.05898788,0.106057437
LBX014V01,LBX,0.467023961,-0.021356852,-0.082204659,0.071049548,-0.000435268,0.029558162,-0.020305054,-0.016761967,-0.019223112,0.020703466,-0.003145089,-0.019174956,0.002303295,0.002322308,0.010226956,0.007118363,0.013667138,-0.007105305,0.009052764,-0.005740845,0.010481635,0.004905051,0.005181256,-0.009696272,-0.000580963,0.003945087,-0.004022572,-0.000515558,8.40E-05,-0.002500606,-0.000424345,2.7433,1.1197,2.5081,1.1214,2.4461,1.1149,2.3937,1.1106,2.3317,1.1068,2.5065,1.1775,2.4687,1.1613,2.4061,1.1613,2.3883,1.178,2.404,1.1936,2.466,1.1947,2.5066,1.1781,2.6648,1.202,2.505,1.2264,2.445,1.2368,2.4008,1.2508,2.3457,1.2551,0.243752087,0.159995156,0.160184706,0.113734515,22.51481822,0.050258233,0.059558711,0.056074682,0.061261407,0.105045752
LBX014V02,LBX,0.471979322,-0.00978687,-0.015253227,-0.016757514,0.020085422,0.000520434,0.011737561,-0.012934284,0.017050792,0.01742358,-0.010011681,-0.006027997,-0.00527938,0.001852388,0.02116422,-0.012098918,0.008219662,0.006635561,-0.002533491,-0.001746343,0.006376263,0.004295076,-0.001616964,-0.004520006,0.000873609,-7.17E-05,-0.001292317,-0.000661998,-0.004579763,0.007777859,-0.000439487,2.7886,1.1133,2.5739,1.1138,2.5059,1.1143,2.4461,1.1052,2.3731,1.1041,2.5705,1.1764,2.537,1.1602,2.4831,1.158,2.45,1.1746,2.4853,1.1926,2.5385,1.1926,2.5705,1.1821,2.7125,1.2325,2.5766,1.2357,2.5173,1.2389,2.459,1.2454,2.3803,1.2551,0.227044533,0.150678997,0.15268009,0.141420826,37.69355622,0.05752582,0.056282235,0.059283809,0.049290263,0.121929898
LBX016V01,LBX,0.464881566,-0.015691066,0.021504467,-0.031335976,0.038760314,0.021469632,-0.008492318,-0.017067878,0.006324446,0.000311365,0.007232182,0.000734612,0.006037602,0.009608526,-0.014564747,-0.006665592,-0.000449927,0.003071123,-0.002529773,-0.007621628,-0.001198633,0.001393603,-0.006429065,0.001450994,-0.00980492,-0.001825023,-0.00544442,-0.003085262,0.01017147,-0.00092872,0.001851698,2.7713,1.1111,2.5547,1.1106,2.4971,1.1055,2.4331,1.1084,2.3626,1.0991,2.5669,1.1776,2.5381,1.1659,2.4784,1.1645,2.441,1.171,2.4791,1.1832,2.528,1.1803,2.5669,1.1779,2.6888,1.2298,2.5534,1.2303,2.5,1.2368,2.4369,1.2465,2.3689,1.2557,0.214945598,0.132488566,0.132606372,0.14455428,41.20347738,0.056081726,0.057530601,0.057737769,0.061892568,0.119707059
LBX016V02,LBX,0.429003791,0.045546374,-0.000801519,-0.04300775,-0.075707726,0.026329628,-0.023140802,-0.003089294,0.005559022,0.01905147,-0.005502076,0.005103259,0.001480091,0.006540433,0.014735867,0.020345848,-0.008020441,-0.001420633,0.002943417,-0.000100441,0.000400008,0.003590357,0.001543182,0.002738907,-0.00157782,-0.00115215,0.002830456,-0.001991493,-0.002513927,-0.000299588,-0.001360799,2.7276,1.1224,2.5413,1.1206,2.479,1.1154,2.4088,1.1057,2.3355,1.0992,2.5004,1.1767,2.5148,1.1586,2.4552,1.1537,2.4102,1.1726,2.4523,1.1858,2.5019,1.1869,2.5005,1.177,2.6456,1.2033,2.5212,1.2149,2.472,1.2231,2.4126,1.2353,2.3493,1.2451,0.233598652,0.147464233,0.147616395,0.115190321,23.82257715,0.034007205,0.042182698,0.046327638,0.045092461,0.096418359
LBX016V03,LBX,0.460900385,-0.064278796,-0.000679187,0.010287558,0.017494105,0.027594371,-0.02983832,-0.022468037,-0.007206261,0.02057763,-0.001018425,-0.014043806,-0.001575747,-0.006412315,-0.002743191,0.012000932,0.009659734,-0.007794594,-0.007605445,0.004036662,0.00422706,0.000418607,-0.010767631,0.00711271,-0.00411983,-0.006055232,-0.002588301,0.003428207,0.006873581,0.00472041,9.77E-05,2.7605,1.109,2.5392,1.1077,2.4777,1.1023,2.4198,1.0955,2.3547,1.0836,2.5525,1.1685,2.5108,1.1483,2.4475,1.148,2.4425,1.1627,2.4522,1.1796,2.5101,1.1764,2.5525,1.1687,2.6764,1.206,2.5313,1.2125,2.4779,1.2255,2.4196,1.2335,2.3603,1.2508,0.216342899,0.129392813,0.129450608,0.128381502,32.8027299,0.041864663,0.052605133,0.049547149,0.054777094,0.105097336
LBX016V04,LBX,0.472656778,0.086395862,0.020832247,0.021649738,0.040917929,0.060149955,-0.015274915,-0.002362301,0.002554113,0.029085681,-0.026063018,0.012297428,-0.005540972,0.00712745,0.007214297,0.013458743,0.007745248,-0.008552593,0.001651612,-0.008864056,-0.004374411,-0.005741817,0.014409258,-0.007392491,0.00769382,-0.00254372,0.001490386,0.004378017,0.005617327,-0.000800849,-0.001806794,2.7691,1.1176,2.5547,1.1199,2.4921,1.1167,2.4234,1.1113,2.3495,1.1068,2.5531,1.1672,2.528,1.1553,2.4709,1.1575,2.3767,1.1767,2.4655,1.1909,2.521,1.1893,2.5534,1.1789,2.6773,1.2138,2.5406,1.2195,2.4817,1.2361,2.4292,1.249,2.3652,1.2555,0.22162166,0.128721482,0.132654438,0.132972478,33.49876404,0.036002778,0.048015414,0.044340162,0.045979126,0.100593091
LBX016V06,LBX,0.471045939,-0.012993391,-0.04451111,0.06327751,0.009919179,0.018737951,-0.003398812,-0.050513521,0.008106114,0.010344057,0.011513034,-0.010829241,0.004193266,0.003475644,0.007179448,0.003020394,0.015252141,-0.003075451,-0.010790208,0.000122917,0.01236572,0.010420935,-0.010071361,-0.00142712,1.48E-05,-0.003155515,0.005359071,0.003898148,-0.00131223,-0.003343078,-0.002026311,2.7476,1.1381,2.5183,1.13,2.4461,1.1181,2.3975,1.1106,2.3317,1.1073,2.5216,1.1839,2.4784,1.1731,2.4202,1.1656,2.3943,1.1775,2.4266,1.1904,2.4741,1.1915,2.5218,1.1853,2.6744,1.2192,2.5198,1.2292,2.4608,1.2407,2.4069,1.2501,2.3457,1.2666,0.230594102,0.156320088,0.15682452,0.109249485,24.46442857,0.059243396,0.060825406,0.058733466,0.05410231,0.09921134
LBX016V08,LBX,0.369502666,-0.013173751,0.113395658,-0.082262778,-0.00954806,0.024231905,-0.056483705,-0.006908074,0.014590208,0.019018033,-0.005899682,0.005612008,0.006348574,-0.007418791,0.009745804,0.004122177,-0.009767124,-0.005639757,-0.008872631,0.012320466,-0.001721818,0.001568746,-0.005631851,0.002095831,-0.00697135,-0.003913133,-0.002238492,-0.00572179,0.000193139,0.005506135,0.001375901,2.6591,1.1143,2.5119,1.1181,2.4617,1.1149,2.4002,1.1052,2.3317,1.0965,2.5104,1.1681,2.5004,1.1534,2.4504,1.1505,2.4202,1.1638,2.4497,1.1767,2.4928,1.1735,2.5105,1.1683,2.5893,1.1939,2.4975,1.2044,2.4571,1.2106,2.4008,1.2231,2.335,1.235,0.158133267,0.082854089,0.083011144,0.105868787,37.99778764,0.0312554,0.034698271,0.037126002,0.037350368,0.087493143
LBX016V09,LBX,0.516361211,0.012078829,-0.060769673,0.073835505,-0.007052345,-0.013036037,-0.016441146,0.006365081,-0.002632338,-0.008425749,0.01189906,-0.002874454,0.007935189,0.000374888,0.012315384,-0.000554366,-0.005346679,0.002789488,-0.001478393,0.00905228,-0.004833667,-0.00299317,0.000971331,-0.004405377,-0.004177252,0.003719753,-0.001258298,0.00309448,-0.002025962,0.00506688,0.000534602,2.8069,1.1003,2.5734,1.1019,2.5,1.103,2.4277,1.0922,2.3554,1.0858,2.555,1.171,2.5156,1.1613,2.4471,1.1591,2.4153,1.1699,2.4439,1.1758,2.5081,1.178,2.5551,1.1713,2.7346,1.1985,2.5599,1.2147,2.5016,1.2249,2.438,1.2384,2.3635,1.2433,0.261633522,0.181549139,0.181693175,0.121944783,24.38307916,0.063483305,0.075763448,0.082880637,0.077107847,0.113604973
LBX016V10,LBX,0.470740187,-0.032790712,-0.058254937,-0.005776098,-0.023696514,0.025759166,0.003633765,0.001747906,-0.013882438,0.005273946,-0.011660149,0.005466397,-0.013814081,0.003360428,0.001426718,0.003885042,0.006338462,-0.009207647,-0.013246382,-1.87E-05,0.010998522,0.008639693,-0.003700623,-0.003499031,-0.006001532,-0.002885767,0.000457915,-0.003670527,0.006798419,-0.002802441,-0.00019918,2.7756,1.1133,2.5457,1.1174,2.4773,1.1079,2.4234,1.1041,2.3511,1.0955,2.5252,1.1771,2.504,1.1591,2.4475,1.1548,2.4317,1.167,2.4457,1.1868,2.505,1.1875,2.5251,1.1773,2.6828,1.2282,2.528,1.2233,2.4698,1.2282,2.4223,1.2384,2.3538,1.2487,0.258400077,0.165710893,0.165677307,0.147695125,32.25907361,0.042551616,0.047903758,0.058972706,0.055566627,0.10736899
LBX016V11,LBX,0.436898452,-0.062553153,0.027019006,0.006578651,-0.017332302,0.015950872,-0.056594927,-0.070068949,0.009378989,-0.014473439,0.012659692,-0.017543108,-0.002904883,7.37E-06,0.008832387,-0.001743429,0.023962863,0.029975864,-0.003727095,-0.005906603,-0.003865283,-0.005009817,-0.007864254,-0.008068953,0.002106556,0.001181116,0.007289021,-0.004379474,0.006182376,0.000284745,-0.000548839,2.7627,1.1435,2.5583,1.1145,2.4928,1.1009,2.431,1.0937,2.3763,1.0901,2.5633,1.1716,2.5232,1.1664,2.4768,1.1653,2.4706,1.1702,2.4792,1.1812,2.5264,1.178,2.5634,1.1748,2.678,1.1985,2.55,1.2184,2.5025,1.2307,2.445,1.2371,2.3731,1.2472,0.201370231,0.117024997,0.117812139,0.100990544,21.2202072,0.046788033,0.054709597,0.062654768,0.066357818,0.104230993
LL279xLL297-1,Lecontei,0.536849174,-0.098756549,-0.128304061,-0.056115372,0.051589212,0.00152551,0.018901264,0.011792039,-0.022295215,0.031617283,-0.008966795,0.008891879,0.011267953,-0.001639205,-0.006953199,0.005694601,0.006917685,-0.005637146,0.001487489,-0.005684761,-0.00477408,0.008563262,0.003610283,-0.000941301,0.008611736,0.009985426,0.008571309,0.002351013,0.003790316,0.002136953,-0.000980776,1.6938,0.7104,1.4308,0.7073,1.3713,0.7007,1.3099,0.6911,1.2446,0.6872,1.4196,0.7778,1.3869,0.7496,1.3179,0.7544,1.3329,0.7722,1.3095,0.7881,1.3746,0.8032,1.4194,0.7991,1.588,0.8975,1.4081,0.8604,1.3509,0.8583,1.2956,0.8615,1.2321,0.8647,0.282362179,0.195214036,0.206607478,0.214941969,49.21536104,0.066287933,0.081498466,0.060963104,0.075731433,0.154773706
LL280xLL283-1,Lecontei,0.554922058,-0.1184581,-0.119713802,-0.026879481,0.014446292,-0.000881525,-0.017210331,0.016363582,0.004970704,-0.003101419,0.014249498,-0.016406441,0.012977677,0.006110213,0.013794103,0.003682095,0.007952271,0.003650546,0.003434329,-0.014330321,0.011674839,-0.0004459,-0.00309948,0.006436053,0.000674308,0.003776627,-0.002894959,0.006158363,-0.007188843,-0.001821863,-0.00036307,1.6278,0.7683,1.357,0.7649,1.2903,0.7628,1.23,0.7597,1.1581,0.7544,1.3485,0.8602,1.303,0.8343,1.2427,0.8311,1.2713,0.8591,1.238,0.8702,1.2909,0.879,1.3491,0.8662,1.5356,0.929,1.3499,0.9263,1.2827,0.93,1.2176,0.9316,1.1544,0.9398,0.294030781,0.196789456,0.199348564,0.185270964,38.40248549,0.075619376,0.074660096,0.087933839,0.083250526,0.161556089
LL280xLL284-1,Lecontei,0.514123667,-0.095613659,-0.05093979,-0.029991669,0.016407549,-0.00592728,-0.007935299,-0.002816894,-0.012443664,-0.008031012,0.001214634,-0.012061321,0.003770332,-0.007459807,0.000242121,0.001009799,0.002678241,-0.000140939,0.001159125,-0.005476943,0.001055737,-0.008639636,-0.003595297,-0.002838214,-0.001571901,0.002177565,-0.001469261,0.000542847,-0.001112015,-2.51E-05,0.001277912,1.6738,0.6905,1.4298,0.6792,1.3689,0.6724,1.302,0.6636,1.2306,0.6552,1.4274,0.754,1.3841,0.7381,1.3234,0.7345,1.3381,0.7504,1.3214,0.7607,1.3889,0.7667,1.4277,0.7583,1.5821,0.829,1.4155,0.8175,1.356,0.82,1.2914,0.8229,1.2226,0.8263,0.254450801,0.169817108,0.171921755,0.16610581,40.31584364,0.057342829,0.068656027,0.074549983,0.076984804,0.139037333
LL280xLL285-1,Lecontei,0.54203002,-0.099141279,-0.108126197,-0.043987642,0.033400631,0.00549111,0.023341341,0.006733624,-0.015298993,0.001702494,0.008547661,-0.00612553,0.001746395,-0.003254688,-0.006148302,0.000194476,-0.008856065,-0.00777086,-0.007607877,0.004345299,-0.000325781,0.000867538,-0.002022063,-0.001731339,0.003562508,0.004340788,-0.005786155,-0.001701899,-0.001008998,6.04E-05,0.001748616,1.6484,0.7687,1.3774,0.7667,1.3187,0.7607,1.2603,0.7516,1.1865,0.7373,1.3722,0.8421,1.3351,0.8231,1.2681,0.8189,1.2861,0.8358,1.2708,0.8488,1.3311,0.8594,1.3726,0.8536,1.5512,0.9472,1.3597,0.9176,1.306,0.9111,1.2448,0.9155,1.1774,0.9187,0.285786634,0.201640571,0.207574107,0.203248838,45.30170391,0.064847513,0.071556481,0.0705,0.077120685,0.151934525
LL280xLL288-1,Lecontei,0.531181119,-0.117543578,-0.176176768,0.011420995,0.025715771,0.011396071,0.027248021,-0.00234088,-0.000559655,-0.025415784,-0.010086771,0.001812716,0.001883165,-0.025711272,-0.003831971,-0.006218363,0.014236567,0.014629266,0.009988757,0.004289295,-0.011158381,0.002661997,0.004873582,-0.005332479,-0.011149216,-0.007142063,4.80E-05,-0.003056518,-0.002676495,-0.004040116,-1.65E-05,1.5591,0.6857,1.2843,0.6763,1.2266,0.6731,1.1652,0.6687,1.1224,0.6642,1.2724,0.7496,1.2067,0.7337,1.1702,0.7247,1.1966,0.746,1.173,0.7603,1.2222,0.7609,1.2724,0.7565,1.4713,0.844,1.2639,0.8218,1.2142,0.8237,1.1609,0.8298,1.0943,0.8231,0.293734744,0.217295789,0.22016487,0.18101859,37.95427517,0.073808536,0.075610846,0.096522122,0.07644292,0.146923143
LL280xLL288-2,Lecontei,0.575976242,-0.091021732,-0.127756079,-0.038326098,0.052248746,-0.024057333,0.002472727,-0.007776101,-0.032331455,-0.011731235,0.013540836,-0.009370519,0.006831134,-0.002601726,-0.007767355,-0.000765816,0.003192926,0.002875919,0.004110097,0.004887356,-0.002234368,-0.002458891,0.004434568,-0.002193397,0.000403442,0.006846638,0.002478713,-0.000711648,0.004870923,0.004211159,0.000141137,2.842,1.0782,2.5658,1.0879,2.4973,1.0879,2.4315,1.0825,2.3625,1.0787,2.5609,1.177,2.5119,1.164,2.4391,1.1704,2.4639,1.1769,2.4401,1.185,2.5173,1.1899,2.5616,1.1893,2.7546,1.2713,2.5568,1.2605,2.4986,1.2648,2.4374,1.272,2.3677,1.272,0.297957463,0.209697401,0.215434863,0.211958416,45.32382312,0.080898764,0.098945894,0.093254598,0.100962815,0.172834487
LL280xLL297-1,Lecontei,0.528885048,-0.146681703,-0.037137727,-0.015055347,0.020039233,-0.006509068,0.029581951,0.009006814,0.009319001,0.010202873,-0.010156667,0.018574084,-0.015953444,0.005664253,-0.011940454,0.009015968,-0.000872007,0.011834636,0.009447555,-0.002724558,0.002312009,0.005374111,0.00468158,-0.002479522,-0.004049605,0.005951295,-0.000751875,0.009036845,-0.004908459,0.004641334,0.000700463,1.6103,0.7151,1.3524,0.7087,1.281,0.7107,1.2111,0.7,1.1401,0.6984,1.3591,0.781,1.3004,0.7556,1.2433,0.7522,1.2782,0.7742,1.2452,0.7861,1.2988,0.798,1.3595,0.7899,1.5067,0.871,1.3316,0.8456,1.2787,0.8462,1.2078,0.8483,1.1401,0.8464,0.259700308,0.168062637,0.172874984,0.187183787,46.07277332,0.057806574,0.068805959,0.070025781,0.056067281,0.138471116
LL280xLL298-1,Lecontei,0.546335742,-0.12122874,-0.084889372,0.007065567,0.018692316,0.011171809,0.007970176,0.008692445,0.003095138,0.004174297,-0.002147161,-0.00887751,-0.006109365,-0.020756518,0.003365236,0.00775797,0.006410612,-0.003169834,0.002049773,-0.00987386,-0.000121319,0.006211359,-0.006060855,0.002891748,0.006783671,-0.002083299,6.74E-05,0.000994861,-4.82E-05,-0.000534531,0.001233416,1.6612,0.679,1.3885,0.6698,1.3266,0.6623,1.2612,0.656,1.1925,0.6485,1.3909,0.7425,1.3308,0.7181,1.27,0.7144,1.2999,0.7369,1.2787,0.7575,1.3353,0.7623,1.3925,0.756,1.5665,0.8237,1.3734,0.8091,1.3107,0.8115,1.2451,0.8115,1.1792,0.8216,0.277658675,0.186706427,0.193465242,0.172934034,38.03694249,0.060347742,0.062769419,0.075247458,0.076928343,0.140116023
LL280xLX022-1,Lecontei,0.566559988,-0.137579096,-0.106120537,-0.007429829,0.03093512,0.016315113,0.035472293,0.018552905,-0.005524119,0.002289778,0.00307986,0.013787676,0.002992972,0.000262633,-0.011955487,0.00652493,0.000357076,-0.001020663,-0.004389224,0.001373864,-0.007418989,-0.001521662,0.004393205,0.000623247,4.21E-06,-0.002311018,-0.003103081,0.003552785,0.004742852,-0.001358965,0.000642432,1.675,0.7131,1.3857,0.7202,1.3206,0.719,1.2548,0.7163,1.1897,0.7044,1.3911,0.7935,1.3349,0.773,1.2742,0.7722,1.3056,0.794,1.2729,0.8083,1.3274,0.8131,1.3921,0.8089,1.5802,0.8984,1.3665,0.8647,1.3094,0.8684,1.248,0.8742,1.1819,0.8774,0.295065027,0.208307129,0.216247127,0.208142091,44.83060778,0.064740791,0.070315432,0.073269912,0.070591784,0.14576999
LL280xLX022-3,Lecontei,0.482368523,0.037679368,-0.182224763,-0.167601922,0.000845973,-0.031786645,0.008475207,-0.010805261,0.001018554,-0.005321892,0.02210094,-0.005779442,0.013404889,0.018348431,-0.009634282,-0.020511787,-0.00271105,0.020847607,0.008071899,0.002742375,0.003358614,-0.003594729,-0.004918688,0.003440879,0.002610268,-0.001611343,-0.002918898,-0.000963973,0.003430087,0.003177203,0.000483824,2.8198,1.0874,2.6057,1.0955,2.5457,1.0991,2.4896,1.0991,2.4241,1.0919,2.5429,1.1847,2.5752,1.1753,2.5119,1.1753,2.4809,1.1832,2.5135,1.1912,2.5549,1.1923,2.5435,1.189,2.7348,1.276,2.605,1.2652,2.5626,1.2645,2.4986,1.2627,2.431,1.2691,0.2934977,0.210153967,0.212511882,0.206869427,44.80462477,0.088455752,0.08822528,0.08543003,0.083359942,0.169701444
LL282xLL255v1-1,Lecontei,0.530543448,-0.118631112,-0.077621874,-0.02434159,-0.022534505,0.009095523,-0.011161848,0.044830357,-0.003019636,-0.011120849,0.008981778,-0.029494676,-0.007087633,0.009399283,0.018459536,0.003872454,0.001352405,0.011128447,-0.006663682,0.013652304,0.013169433,-0.00552996,0.003000121,-0.000653255,-0.001880354,-0.008676324,-0.000131466,0.003194828,-0.005024849,0.002335747,-0.00089261,1.673,0.7516,1.4163,0.7623,1.3409,0.7615,1.2837,0.7504,1.2139,0.7393,1.4015,0.8483,1.3663,0.8242,1.3052,0.8167,1.3333,0.8464,1.3009,0.8636,1.3639,0.8647,1.4017,0.8513,1.58,0.8999,1.398,0.8967,1.3401,0.9049,1.2742,0.9062,1.2012,0.9052,0.288206766,0.184804897,0.18580853,0.17504825,35.72763776,0.04676334,0.056941461,0.079571414,0.065738345,0.135640149
LL282xLL284-1,Lecontei,0.540667358,-0.109161942,-0.089153041,-0.001480017,0.033855435,0.017477743,0.041962154,-0.008585797,0.005198342,0.015303834,-0.011364183,0.007216831,0.003078771,-0.005477206,0.008516104,0.013043729,-0.000605614,-0.008438365,-0.011709001,-0.004560184,-0.003213744,0.006331387,-0.003700767,-0.003989301,0.001975438,-0.003935535,-0.001770756,-0.001568879,-0.004035296,0.003778087,0.00117351,1.7095,0.6984,1.4374,0.6861,1.375,0.6808,1.3136,0.6681,1.2427,0.6591,1.4425,0.7516,1.3853,0.7278,1.3353,0.7202,1.3451,0.7425,1.3324,0.7663,1.3874,0.7726,1.4438,0.7671,1.6187,0.8575,1.4229,0.821,1.3647,0.8168,1.3049,0.8247,1.2393,0.8337,0.272248489,0.196881106,0.205575412,0.183186926,42.27543401,0.060023412,0.059946142,0.06673305,0.055932549,0.135677043
LL282xLL287-1,Lecontei,0.511582483,-0.121330097,-0.043496808,-0.017745506,-0.013623231,0.005546158,-0.022143488,0.012389573,-0.00499016,-0.00103687,-0.010544129,-0.003660154,-0.017686937,0.008759602,-0.013611277,-0.001639035,0.007402927,0.000859258,0.000289807,-0.009959421,-0.002438289,0.001194066,0.002593412,0.004778817,0.001754543,0.010272035,0.000549282,-0.000917759,0.002594919,-0.002676189,0.000456197,1.7198,0.646,1.4612,0.6504,1.3993,0.6454,1.3313,0.6433,1.2607,0.6377,1.4614,0.7221,1.4187,0.7008,1.3587,0.706,1.3869,0.723,1.3567,0.7317,1.4194,0.7377,1.4616,0.7298,1.6083,0.7771,1.4516,0.779,1.3901,0.7837,1.3274,0.7925,1.2567,0.7988,0.26937292,0.154136887,0.156858567,0.172103051,36.93606515,0.05236917,0.061802589,0.065927308,0.072943266,0.128957823
LL282xLL427v1-1,Lecontei,0.54446067,-0.115178969,-0.150295313,-0.105047507,0.057840547,0.004015639,0.027840274,0.026433953,0.001462498,0.010268552,-0.002096002,-0.011280037,0.011307953,0.005585718,0.006868398,0.010612794,0.019953172,-0.004687403,0.003945263,0.004528168,0.003442315,-0.004710795,-0.010007073,-0.002115546,0.002084735,0.006514835,-0.001857504,-0.003738904,-0.002457428,-0.000843643,-0.000806655,1.5952,0.6571,1.3337,0.6813,1.271,0.679,1.2107,0.6738,1.1556,0.6687,1.322,0.7661,1.2872,0.7385,1.2343,0.7427,1.2524,0.7663,1.2306,0.7888,1.2829,0.7948,1.3226,0.7782,1.5057,0.8824,1.329,0.8554,1.2649,0.847,1.2046,0.8496,1.1493,0.857,0.294141531,0.210673325,0.217419824,0.242425947,54.08856541,0.076141776,0.067555385,0.07371628,0.073515849,0.174163429
LL283xLX024-1,Lecontei,0.536899631,-0.12828653,-0.061516582,0.008845706,0.039210915,0.017919775,-0.044550979,0.024807687,0.000499351,0.014188763,-0.004204086,0.009627468,-0.000460935,0.006471579,-0.009069113,-0.006255616,0.003315695,0.00043906,0.004015835,-0.001298233,0.003093544,-7.72E-05,-0.002494278,-0.000385344,0.008694809,-0.001230948,0.002475157,0.002136452,-0.003630619,0.000598096,-0.000872359,1.6984,0.7556,1.4303,0.7554,1.3679,0.7501,1.3049,0.7388,1.2329,0.7324,1.4437,0.8284,1.3813,0.806,1.319,0.8032,1.3393,0.827,1.3079,0.8405,1.3631,0.844,1.444,0.8411,1.5813,0.8948,1.4062,0.8922,1.3496,0.8991,1.2861,0.8992,1.2159,0.9067,0.264899849,0.147427881,0.152783245,0.181903958,41.71134914,0.064659493,0.071922528,0.070436922,0.07218601,0.138906623
LL285xLL279-1,Lecontei,0.534920966,-0.054413088,-0.08900066,-0.046907312,0.049878711,-0.002613595,-0.011531987,-0.006350716,-0.004840827,-0.029555375,0.009033754,-0.017223241,0.001634246,-0.000887417,0.000135098,-0.002703903,0.002226224,-0.003062926,-0.00570064,0.006596776,0.002665576,0.003305579,-0.00417053,0.004117866,-0.00567455,0.002825778,-0.002736552,-0.001954516,0.00181897,0.0027323,0.001214837,2.8285,1.096,2.5744,1.1063,2.5097,1.1052,2.4493,1.1009,2.377,1.0922,2.5724,1.1967,2.5254,1.1828,2.4709,1.1818,2.4617,1.1899,2.4752,1.199,2.5345,1.2017,2.5727,1.2005,2.7422,1.2654,2.5712,1.2632,2.5119,1.2659,2.4482,1.2751,2.3792,1.2816,0.275186664,0.181500028,0.183171313,0.190115886,43.49298163,0.071618014,0.076305308,0.0908474,0.085866175,0.156932629
LL285xLL286-1,Lecontei,0.50047709,-0.133304867,-0.135652603,0.050450837,0.029592408,-0.088731445,-0.028807407,0.031718538,0.014048695,0.021493008,-0.011374183,0.007280898,-0.036577416,-0.012423402,0.009294858,-0.013585906,0.000476647,-0.004733469,-0.002154286,0.001253323,0.007627948,-0.008857962,-0.010353511,-0.004004426,-0.00824818,0.009926505,0.004301095,0.000502873,0.000734938,0.00153795,0.002234231,1.825,0.721,1.5938,0.721,1.5282,0.7136,1.4647,0.702,1.3948,0.6967,1.5782,0.7907,1.4985,0.7618,1.434,0.7618,1.4975,0.7808,1.4425,0.7935,1.5017,0.7999,1.5782,0.792,1.7197,0.8615,1.5763,0.844,1.5187,0.8409,1.4599,0.8419,1.3853,0.8448,0.256453368,0.157646757,0.158224176,0.17558001,42.3517165,0.086660083,0.089739623,0.103666436,0.105815311,0.124238682
LL286xLL247-V1,Lecontei,0.559084823,-0.084721515,-0.122190777,-0.015430988,0.02751462,-0.012872344,-0.019242098,-0.012711179,-0.011628438,-0.008442373,0.013898113,-6.27E-05,0.006329078,-0.010195641,0.002175454,-0.004184688,0.003952399,-0.000729964,0.000143712,0.002445648,0.005743645,0.002550045,-0.00141325,0.002683295,-0.001643598,-0.001534732,0.005181159,-0.004305457,-0.000578858,0.000790407,0.00012227,2.8376,1.1095,2.5707,1.1046,2.5005,1.0971,2.4385,1.0879,2.3641,1.0825,2.5554,1.1888,2.5065,1.1721,2.4407,1.1672,2.4606,1.1823,2.4439,1.1936,2.5043,1.1942,2.5565,1.1962,2.7424,1.2666,2.5518,1.2602,2.4921,1.2645,2.4331,1.2702,2.359,1.2767,0.293130227,0.198783727,0.20253849,0.183693903,38.28510177,0.081315743,0.085732433,0.093155193,0.092141467,0.156743644
LL286xLL255-V2,Lecontei,0.512005655,0.003434942,-0.010330352,-0.034395135,0.097178038,0.020290158,-0.016896253,-0.012122975,-0.006644403,0.00386464,-0.002759075,-0.011771428,0.012517502,-0.00069845,-0.000385603,0.004531944,0.004990185,0.005575846,0.017033248,0.00358428,0.009212718,-0.002272366,-5.57E-05,0.005255419,-0.002698369,-0.000410412,-0.007395229,-0.002982235,0.002501719,0.002420305,0.001050486,2.7611,1.1117,2.5334,1.1063,2.4687,1.103,2.404,1.0987,2.3328,1.089,2.5475,1.1859,2.5016,1.1667,2.4401,1.1645,2.3846,1.178,2.438,1.1915,2.5011,1.1904,2.5477,1.1893,2.674,1.2544,2.5212,1.2573,2.4662,1.2602,2.3975,1.2638,2.3364,1.2645,0.226120764,0.142090464,0.143855831,0.167181638,47.59174894,0.069854277,0.074262575,0.068259798,0.067824848,0.151492046
LL286xLL288-1,Lecontei,0.558506443,-0.120151806,-0.109130807,-0.007783463,0.043641734,0.018014047,0.028713685,0.016769541,0.010881335,0.031077755,0.004420536,0.043317879,-0.003266457,-0.003477256,0.006243845,0.014761089,-0.002168953,0.013923258,0.000402152,0.000757367,-0.001948542,0.014221396,0.003487599,-0.003602331,-0.00070621,0.000371867,0.000951723,-0.007321299,0.000507806,0.001064206,0.000963426,1.7659,0.727,1.4964,0.7163,1.4218,0.7099,1.3528,0.7012,1.2861,0.6956,1.4861,0.7873,1.4333,0.7563,1.3722,0.75,1.3901,0.7754,1.3718,0.802,1.4083,0.8052,1.4874,0.8078,1.6599,0.902,1.4504,0.8631,1.4052,0.8552,1.3488,0.8623,1.2754,0.8639,0.286223916,0.19654488,0.208236716,0.204599609,45.58484019,0.071587848,0.062815603,0.074710173,0.063782208,0.153838357
LL286xLL288-2,Lecontei,0.509132086,-0.12584637,-0.043509915,-0.050582574,0.0304889,-0.001821491,0.049759506,0.002901841,-0.002591588,0.019387021,-0.01031323,0.005862221,-0.008733682,-0.00713724,-0.007312687,0.005423356,-0.001459437,-0.001559407,-0.002622947,-0.000182593,-7.95E-05,0.013581762,0.005837019,0.00611173,-0.006784846,0.001444004,0.000301352,-0.002743771,0.001228038,-0.002347159,0.001227434,1.6528,0.6853,1.4063,0.6825,1.3433,0.6758,1.2806,0.671,1.2103,0.6619,1.4104,0.7501,1.3679,0.7218,1.3067,0.7163,1.3321,0.7393,1.3131,0.7552,1.3718,0.7639,1.411,0.7623,1.5597,0.8528,1.3919,0.8168,1.3369,0.811,1.2742,0.8179,1.2044,0.8168,0.250911937,0.174074524,0.181211975,0.191634705,49.48989829,0.056589928,0.060663663,0.054945882,0.054587636,0.135069797
LL286xLX022-1,Lecontei,0.539263628,-0.101486895,-0.117208007,0.008419216,-0.003012828,0.024470208,0.017633027,0.014140345,-0.001769967,0.011499397,-0.006847422,-0.008083548,-0.003272801,-0.000974055,-0.00045073,0.000800139,0.000540266,-0.001340384,-0.001082792,-0.001493772,0.001455665,0.005008267,0.005610807,0.001398911,0.002159943,-0.000715625,-0.003891238,-0.003214399,-0.004796549,-0.004518121,-0.000189394,1.6159,0.7333,1.3335,0.7279,1.2721,0.7205,1.2139,0.7136,1.1464,0.702,1.325,0.7968,1.2837,0.7714,1.2238,0.7643,1.2406,0.7938,1.2218,0.8099,1.2782,0.816,1.3252,0.8069,1.5142,0.8776,1.3184,0.8618,1.2602,0.8597,1.2004,0.8676,1.1337,0.8679,0.297749996,0.201790708,0.205731087,0.176537192,35.43928015,0.06093997,0.06288561,0.066123294,0.065202224,0.134748729
LL287xLX022-1,Lecontei,0.509329118,-0.089193293,-0.018217603,-0.077008956,-0.013567315,0.012751398,0.055122558,0.000955666,0.012602584,0.015530562,-0.016183125,0.010837049,0.000324946,-0.003639975,-0.000856383,-0.003708392,-0.005561205,-0.002249616,-0.005754729,-0.001879005,0.011691121,8.03E-05,0.00589041,-0.003987813,-0.002242096,-0.002609096,0.005590921,0.005519912,-0.000249794,0.00547572,0.000627531,1.6659,0.773,1.4258,0.7668,1.3578,0.7615,1.2982,0.7478,1.2128,0.7414,1.4131,0.829,1.394,0.8046,1.3396,0.7999,1.3401,0.8216,1.3382,0.8417,1.3917,0.8475,1.4133,0.8343,1.5726,0.9306,1.4118,0.8927,1.3536,0.8948,1.2856,0.8962,1.2075,0.8959,0.258928253,0.186145588,0.189110576,0.183146526,44.98715884,0.049467666,0.055288064,0.049397166,0.042494706,0.126676004
LL288xLL022-1,Lecontei,0.521409228,-0.142695525,-0.099748199,-0.000560974,-0.013340396,-0.031824744,0.008156858,0.026257421,0.034594811,0.003017128,0.004075979,1.58E-05,-0.011166418,-0.023789169,-0.000911846,-0.004997944,-0.000962811,0.006173873,0.01289221,-0.009551037,6.98E-05,-0.002871637,-0.012313679,-0.01279418,0.003143836,-0.011981235,-0.004319338,0.000656689,-0.003304292,-0.00307939,-0.000204606,1.6075,0.675,1.3571,0.6734,1.2972,0.6694,1.225,0.6639,1.1573,0.6586,1.3437,0.7409,1.2885,0.7284,1.2292,0.7168,1.2841,0.7387,1.243,0.7644,1.2837,0.7627,1.344,0.7494,1.5179,0.8206,1.3464,0.8083,1.2893,0.8099,1.212,0.8062,1.1429,0.8111,0.271906694,0.187911282,0.191566516,0.17096058,38.61106874,0.077528382,0.064914867,0.087925878,0.082890048,0.135323686
LL288xLL255v2-1,Lecontei,0.558526127,-0.132191108,-0.093216722,0.017839262,-0.000990628,0.003829834,0.026379129,0.025024424,-0.002823997,0.000636542,0.007844464,-0.006871608,-0.009123629,-0.000353029,-0.003672048,-0.01019887,-0.00239345,-0.00226206,-0.006028106,0.004495964,0.0048598,-0.002057439,-0.000575817,0.001801166,0.002039208,0.00058891,-0.000864207,0.0019496,-0.003139941,-8.88E-05,7.08E-05,1.6478,0.7528,1.3607,0.7591,1.2925,0.7544,1.2345,0.7456,1.1607,0.7361,1.3628,0.8316,1.3094,0.8086,1.2411,0.8049,1.2813,0.8298,1.2454,0.8419,1.3046,0.847,1.3628,0.8387,1.5532,0.9111,1.3504,0.893,1.2877,0.8943,1.225,0.8952,1.1488,0.8993,0.295693152,0.203700565,0.206330827,0.184412716,38.11824113,0.064912557,0.06734278,0.071287727,0.072056991,0.13429557
LL288xLL287-1,Lecontei,0.559052706,0.013787475,-0.114998361,0.005490061,0.06235671,-0.001752348,0.00886186,-0.015653118,-0.000143954,-0.013158718,0.004637048,0.006630951,-0.005984615,0.0050928,-0.008365928,0.015491663,-0.003684249,0.003501772,0.012886896,0.006879806,-0.006791664,-0.002448043,-0.00567136,-0.003334066,0.002806432,0.006893631,0.004940201,-0.001407249,0.001151654,0.003257063,-0.000354253,2.8285,1.1003,2.5626,1.103,2.4935,1.0998,2.4169,1.089,2.3501,1.0879,2.5469,1.1796,2.4995,1.1694,2.4385,1.1699,2.3932,1.1731,2.445,1.1839,2.5,1.1877,2.5475,1.1888,2.733,1.2632,2.5453,1.2551,2.4941,1.2578,2.4234,1.2632,2.3668,1.2675,0.292552645,0.199863979,0.204015122,0.188829712,39.91810125,0.081208682,0.088724405,0.091600055,0.089101122,0.153080698
LL288xLX022-2,Lecontei,0.546342281,-0.11454219,-0.121724039,0.019531913,-0.006477446,0.008941768,0.014083602,0.008589586,-0.00491668,0.004294551,0.005456981,-0.027421675,-0.001000619,0.001182074,0.013935209,0.000707802,0.001747382,-0.002260967,-0.001684338,0.003098412,-0.002066865,-0.006143464,-0.006136673,0.00535273,0.001632063,0.00250159,-0.002517366,-0.003317273,2.98E-05,-0.000711926,0.000431709,1.6048,0.6627,1.321,0.6589,1.2607,0.6493,1.1983,0.6409,1.1358,0.6261,1.3171,0.7333,1.269,0.7044,1.2067,0.7032,1.2372,0.7298,1.206,0.7448,1.2687,0.7488,1.3172,0.7386,1.5151,0.804,1.3155,0.7935,1.2533,0.7933,1.1933,0.7952,1.1261,0.8015,0.296235801,0.208426414,0.210243882,0.167367201,33.43778015,0.064717308,0.067746144,0.069095948,0.076296854,0.134712323
LL289xLL286-1,Lecontei,0.511357591,-0.131137842,-0.068727644,-0.064938122,0.048091516,-0.002689067,-1.34E-05,0.013183938,-0.007175958,0.006979292,-0.00706531,-0.001212145,0.002904166,-0.00722118,-0.001074446,-0.012200502,0.000654086,0.007949034,-0.005566911,-0.002514175,-0.000877757,0.005607117,0.010644575,-0.004025706,-0.000504129,0.000879268,0.000120651,0.009978124,0.002511393,0.000465332,0.00157836,1.7208,0.6851,1.4755,0.6837,1.4163,0.6827,1.3591,0.6784,1.2888,0.67,1.4811,0.7612,1.4333,0.7405,1.3769,0.7393,1.402,0.7591,1.3732,0.7714,1.4329,0.7831,1.4815,0.7758,1.6245,0.8565,1.4599,0.8313,1.4083,0.8369,1.3488,0.8401,1.2708,0.8372,0.251490159,0.164199543,0.172179122,0.196600229,51.22061534,0.055247081,0.07431191,0.070760724,0.068963179,0.148422101
LL297xLL283-1,Lecontei,0.540179123,-0.113712745,-0.152452111,-0.001811097,0.013227091,0.01165512,0.030654257,0.006222765,-0.008830738,0.021930587,-0.016564413,-0.000352501,-0.000139106,-0.001486609,-0.015237153,-0.005999205,-0.005564803,-0.01627257,3.97E-05,5.18E-05,-0.005801516,0.002189744,-0.006596019,-0.001749781,0.001156152,0.003061419,0.005369416,-0.004694004,-0.000984588,0.003123218,0.000333494,1.6357,0.7294,1.3433,0.729,1.2951,0.721,1.2358,0.707,1.1702,0.6996,1.3383,0.7925,1.2959,0.7634,1.2351,0.7623,1.2626,0.7835,1.2298,0.802,1.2906,0.8083,1.3383,0.8008,1.5279,0.8956,1.3343,0.8634,1.2782,0.8597,1.22,0.8644,1.157,0.8702,0.304020345,0.211979244,0.215818836,0.198099167,40.51522851,0.070325671,0.075311686,0.058567226,0.072840167,0.134701002
LL298xLL247-V2A,Lecontei,0.456306954,0.00798841,-0.077224957,-0.087418317,0.024017343,0.007419278,-0.044192393,0.004385379,-0.002218473,-0.020464487,0.001542174,0.00502536,-0.004009512,-0.004132204,-0.007236654,-0.005624068,-0.007829296,0.008250355,0.000380296,0.0035672,-0.000652252,-0.001121579,-0.001074493,0.003281378,-0.007560231,-0.000648611,-0.005561288,-0.000288334,-0.000744828,-0.002222804,0.001562093,2.8306,1.0895,2.6251,1.0976,2.5701,1.0987,2.5076,1.0976,2.4385,1.0901,2.5996,1.1776,2.5863,1.1683,2.534,1.1645,2.5005,1.1764,2.5361,1.1818,2.5825,1.1828,2.5994,1.1782,2.7395,1.2307,2.6064,1.2357,2.5654,1.2407,2.5065,1.2494,2.4389,1.2566,0.247229873,0.149613703,0.149638297,0.168037645,41.66071461,0.058048428,0.065785257,0.080646947,0.075052315,0.139360324
LX024xLL247v1-1,Lecontei,0.515871687,-0.102357537,-0.063755375,-0.157732408,0.07066013,-0.002403764,0.045355742,0.037852951,-0.003332964,0.018000969,-0.006804793,0.003342363,-0.009748983,-0.000372592,0.013537324,0.011677082,-0.001809067,-0.001493736,-0.018571297,-0.002326402,-0.001693927,0.000252116,0.000495068,-0.002992735,0.002306186,0.00286774,0.000772738,0.000960637,-0.002517664,-0.000531018,-0.000895476,1.6358,0.6448,1.406,0.6619,1.3448,0.6615,1.2816,0.656,1.2079,0.65,1.3981,0.7417,1.3734,0.7187,1.3155,0.7179,1.321,0.7413,1.3179,0.7635,1.3742,0.7754,1.3975,0.7639,1.5409,0.8758,1.3874,0.8242,1.3337,0.8151,1.275,0.8175,1.202,0.823,0.256692228,0.181893293,0.195894487,0.249733878,65.37899497,0.050553734,0.053964803,0.065490457,0.063556668,0.163362327
LX025xLL247-V1,Lecontei,0.553256612,-0.083690058,-0.120101538,-0.028285754,0.029809504,-0.012085222,0.015773672,-0.007821656,-0.005565738,-0.026953218,0.009822197,0.001084217,-0.001519488,-0.001895042,-0.003738508,-0.004943085,0.004474569,-0.002074552,0.00818489,0.001461759,0.002191331,-0.000962733,0.003578341,-0.006232662,-0.003730969,-0.003410443,0.007651952,0.002632613,0.008060197,-0.00509578,-0.000774089,2.8134,1.0841,2.5442,1.0922,2.4763,1.0841,2.4115,1.0822,2.3409,1.0782,2.532,1.1713,2.4822,1.1618,2.4274,1.1584,2.4407,1.1667,2.4324,1.1785,2.4887,1.1807,2.5322,1.1791,2.7244,1.2605,2.5352,1.2433,2.472,1.254,2.413,1.2555,2.3432,1.2533,0.294601086,0.208726615,0.212071686,0.197580262,42.0903828,0.077980831,0.085254971,0.0932103,0.088947737,0.151367797
LX025xLL247v2-1,Lecontei,0.520692197,-0.129799794,-0.136693443,-0.041253556,0.014338646,0.015462574,0.021442863,0.043905551,0.001000824,0.004541556,0.001042077,0.007613721,-0.002634799,0.012825092,-0.002443213,-0.008385355,-0.012743423,-0.000329052,-0.002127101,0.000127909,-0.001797097,-0.001884633,-0.000973483,-0.000727579,0.004092862,-0.006528037,6.18E-05,-0.000467686,-0.000256037,-0.003297072,-0.000765978,1.6372,0.6295,1.3671,0.6472,1.3144,0.6446,1.2562,0.6414,1.1885,0.6319,1.3589,0.7208,1.3238,0.6996,1.2694,0.6952,1.2956,0.721,1.2615,0.7385,1.3083,0.7409,1.3589,0.734,1.5389,0.8139,1.3516,0.7877,1.3016,0.7889,1.2452,0.7873,1.1778,0.7913,0.292893462,0.196936563,0.20265145,0.20896471,45.51177172,0.063758372,0.064406289,0.067975363,0.067715286,0.141352397
LX028xLL255v2-1,Lecontei,0.462169049,-0.095414082,-0.014145206,-0.135325122,0.027257118,0.023239606,-0.032601237,0.064455845,-0.025396535,0.002937095,-0.015826584,-0.026560372,0.008483119,0.014232195,0.017964102,-0.013759059,0.018842105,-0.007090909,-0.007704427,0.004928234,-0.006319815,-0.009287219,0.005616789,0.002934276,-0.006269306,-0.000174595,0.001818834,0.004889133,-0.002342506,-0.003192354,0.000526161,1.7722,0.7032,1.5634,0.721,1.5119,0.719,1.45,0.7123,1.3901,0.6996,1.5594,0.8,1.5456,0.775,1.4925,0.775,1.4869,0.8024,1.4714,0.8127,1.5431,0.8218,1.5595,0.8073,1.6758,0.8687,1.552,0.8552,1.4861,0.8607,1.4393,0.8615,1.3615,0.8615,0.233782121,0.131512927,0.13516157,0.191528614,55.00954846,0.034565445,0.050200498,0.056858069,0.059265167,0.134683332
LX028xLL258v2-1,Lecontei,0.521411562,-0.115050703,-0.067617374,-0.086948274,0.043168497,0.030504507,0.002862344,0.020989826,-0.004010378,0.011015131,0.00044055,-0.021242247,3.79E-05,-0.000478501,0.006204625,0.009288773,0.001760622,0.001048547,-0.007728064,0.007215749,-0.002856346,0.002587643,0.001431367,-0.004795432,0.008738714,0.004898411,0.002502395,-0.000202008,0.002802911,3.79E-05,-7.46E-05,1.7492,0.7429,1.4935,0.7522,1.4358,0.7448,1.3761,0.7358,1.311,0.7253,1.4986,0.8274,1.4643,0.802,1.4048,0.8048,1.416,0.8255,1.4048,0.8468,1.4603,0.856,1.4988,0.8454,1.6504,0.9218,1.4778,0.9,1.4262,0.9,1.3627,0.9044,1.296,0.9063,0.264462871,0.169763129,0.178758496,0.204368907,50.50990769,0.047352402,0.057342829,0.057729369,0.067535176,0.148631524
LX037xLL255v2-1,Lecontei,0.488188914,-0.112585633,-0.049876201,-0.095223924,0.024542917,0.009806232,0.00427889,-0.001774251,-0.013754665,0.026433094,-0.005148429,-0.005840134,0.00034,-0.010719759,0.003431837,-0.003324078,0.003358905,0.001450161,-0.000909422,0.00088911,-0.005367557,0.005554366,0.000571063,-0.003927201,0.001239339,0.004919988,0.001208479,-0.00035749,0.000992108,0.001595853,0.001837478,1.65,0.754,1.4179,0.7515,1.3634,0.7451,1.3004,0.7356,1.2343,0.7271,1.4153,0.8192,1.3909,0.7956,1.3274,0.7954,1.3464,0.8149,1.3282,0.8329,1.3877,0.8425,1.416,0.8316,1.5549,0.9112,1.402,0.8917,1.3512,0.8906,1.2956,0.8943,1.2202,0.898,0.243588033,0.160091755,0.167188995,0.183727652,48.91128238,0.051236022,0.062115135,0.051708897,0.061855396,0.141098724
LX037xLL258v2-1,Lecontei,0.473861834,-0.1082356,-0.049530971,-0.127187104,0.04296592,0.004359813,-0.004645008,-0.013508039,-0.005739419,0.02248898,-0.01437429,-0.00362562,0.000298364,-0.004017571,0.007604477,0.016614617,-0.001000395,-0.001871173,0.010603756,-0.008477379,-0.010786991,0.004365689,0.004035082,-0.004353652,-0.002680018,0.004396587,0.005281744,0.006466228,-0.000230178,2.51E-05,0.000618259,1.7159,0.7183,1.4959,0.7089,1.4493,0.7036,1.3779,0.6925,1.3134,0.6861,1.4917,0.7808,1.4655,0.7567,1.4134,0.7544,1.4242,0.7745,1.4112,0.7909,1.4665,0.8052,1.4918,0.7947,1.6157,0.8787,1.4782,0.8522,1.4295,0.8549,1.3708,0.8575,1.3094,0.8575,0.232748555,0.14969038,0.157988639,0.189124827,53.8684811,0.048434389,0.066564931,0.056648036,0.062204903,0.144388988
NP068xPX013-1,Pinetum,0.506262166,0.031651472,-0.039429437,0.10689615,0.034350836,-0.113277417,0.044247835,-0.081960426,0.020696567,0.049923992,0.022015324,-0.040859001,-0.042528531,0.080332946,0.042381685,0.009213098,-0.018665082,0.026247068,-0.003451271,0.003002776,-0.004495769,-0.002319464,-0.00042997,0.00221576,-0.009257272,0.003205237,-0.000264874,-0.005009622,0.001397794,0.001226452,-0.001168422,2.7184,1.1241,2.4849,1.117,2.4008,1.1138,2.3263,1.1127,2.253,1.1063,2.4957,1.1807,2.4396,1.1694,2.3576,1.1656,2.3366,1.1791,2.3668,1.1855,2.4401,1.185,2.4964,1.1882,2.6483,1.2182,2.5278,1.222,2.472,1.2238,2.4037,1.2373,2.3335,1.2404,0.229780003,0.154834137,0.157140097,0.117340615,28.06632547,0.095185556,0.111955036,0.069266514,0.067449833,0.113425791
NP073xPX013-2,Pinetum,0.451748169,0.111223147,0.064743262,0.04847299,0.036015986,-0.019637456,0.033371576,0.020241692,0.003004187,-0.003450417,0.000870179,-0.001770716,0.001622461,-0.005420957,-0.000782392,-0.003090132,0.003823823,0.002346132,-0.012045039,0.001458291,-0.004059245,0.000500998,-0.005122273,-0.000120805,0.006960191,-0.000352534,0.00060682,0.002044179,-0.005918655,0.000344301,-0.00180012,2.6785,1.1359,2.503,1.1273,2.4291,1.123,2.3638,1.1127,2.2926,1.1076,2.4919,1.1751,2.4669,1.1748,2.3977,1.1652,2.3155,1.1667,2.4015,1.1753,2.4673,1.1812,2.4915,1.1839,2.6176,1.2287,2.493,1.2201,2.4315,1.2195,2.3619,1.2228,2.2907,1.2282,0.190673019,0.13382171,0.136650832,0.110998423,34.95788227,0.046622956,0.053419472,0.05966121,0.05260038,0.093337238
NP073xPX013-3,Pinetum,0.469582708,-0.014578497,0.169650617,-0.00191409,0.012151299,-0.023817024,-0.009289333,-0.008579697,0.024793055,-0.003420205,0.016747511,0.006482212,0.002379069,-0.010771309,0.002546773,-0.004141483,-0.00085672,0.006557782,0.02475117,-0.002462501,-0.005271104,-0.004203511,-0.005324052,0.00020196,-0.001848478,-2.87E-05,0.002449257,0.00410225,0.003709075,0.000941859,0.000224651,2.5998,1.1683,2.4259,1.157,2.3569,1.1505,2.2677,1.1426,2.1882,1.1386,2.4405,1.2122,2.4018,1.205,2.3317,1.2001,2.3004,1.2055,2.342,1.2131,2.3964,1.2131,2.4405,1.2145,2.5343,1.2478,2.4184,1.2591,2.3544,1.2699,2.2738,1.2677,2.194,1.2713,0.165238313,0.099535572,0.100328461,0.103007281,36.19047934,0.050990195,0.058137767,0.053710427,0.055634522,0.102375095
NP077xNP085-1,Pinetum,0.502652823,0.018743232,0.095560987,0.051774428,-0.014386996,-0.005980924,0.011286588,0.011139565,-0.003173005,-0.010150235,0.007927131,0.003666135,0.0045684,-0.010506981,-0.00645175,-0.006241396,0.006780906,0.004694322,0.003172289,0.001112701,0.000918131,-0.004888679,0.000651136,-0.001058678,-0.000276381,0.000859625,0.002487044,0.006379267,0.000781425,-0.000644845,-0.000130999,2.7003,1.1462,2.4953,1.1354,2.4133,1.1289,2.3364,1.1196,2.2566,1.1145,2.4915,1.1891,2.4597,1.1836,2.3828,1.1778,2.3385,1.1846,2.3857,1.189,2.4572,1.1922,2.4915,1.1896,2.6298,1.2264,2.4795,1.231,2.4097,1.2418,2.335,1.2447,2.2522,1.2476,0.213161558,0.143112299,0.143241684,0.106781506,26.70414674,0.044751871,0.057998621,0.059921615,0.057632109,0.096896852
NP078xNP060-V2,Pinetum,0.415033715,0.076247219,0.099216485,0.013167251,-0.016331446,-0.025765757,-0.019572724,0.030686569,0.001048187,-0.017363808,0.004022544,-0.017898803,-0.004406494,-0.002483806,0.006129923,-0.001309976,-0.001702144,-0.010984429,-0.005462073,-0.002945775,0.001907654,0.002359125,0.004013217,-0.005566867,-0.003940098,-8.07E-05,-0.005033832,0.004031276,0.000295303,0.005736023,0.000830316,2.6731,1.137,2.5151,1.1381,2.4504,1.1408,2.384,1.1343,2.3064,1.1289,2.5013,1.1954,2.4876,1.192,2.4213,1.1882,2.3668,1.192,2.4239,1.1974,2.4892,1.1996,2.5013,1.1955,2.6108,1.212,2.5108,1.2246,2.4466,1.2335,2.3824,1.2454,2.3134,1.2476,0.181454678,0.110736173,0.110751117,0.097500205,27.394744,0.033038765,0.042643874,0.060509999,0.055619871,0.086606813
NP078xNP060v4-1,Pinetum,0.487932777,-0.129220719,0.111373475,0.036455736,-0.017481147,0.02564919,0.027806032,0.064054542,0.004426829,-0.007863697,0.005687424,-0.006679137,0.005054703,-0.002578082,0.007472387,-0.004496214,0.002831102,0.006770146,-0.001817312,0.007149817,0.003070762,0.000202026,-0.004582478,0.002170395,-0.003490485,0.003020398,0.005952182,-0.000287135,-0.003076602,-0.000362781,-9.33E-05,1.6345,0.7901,1.4187,0.798,1.3472,0.7901,1.2782,0.7806,1.2099,0.7766,1.4443,0.8559,1.3944,0.831,1.3321,0.8274,1.3413,0.8488,1.3258,0.8611,1.3893,0.8643,1.4443,0.8579,1.5694,0.8925,1.4028,0.8885,1.3369,0.8917,1.2675,0.8913,1.1872,0.8922,0.20126023,0.129796649,0.130344045,0.121341543,35.39082359,0.027710828,0.032551037,0.040981581,0.040240527,0.091886125
NP078xPX013-1,Pinetum,0.520153028,-0.035549618,0.0733586,0.103900591,0.003302008,0.029787745,0.0371439,-0.001393621,-0.009446347,-0.003849221,0.004000455,0.005494809,0.009113745,0.008819457,0.00313566,-0.017057805,-0.007394457,0.010495352,0.009897674,0.006400828,-0.001021863,0.008791951,-0.004074119,-0.002421661,-0.000464848,0.002500302,-0.002007063,0.001402636,0.002986356,-0.001795266,0.001142285,2.699,1.1284,2.4547,1.1321,2.3803,1.1246,2.3101,1.1224,2.2346,1.1181,2.4858,1.1808,2.4293,1.1688,2.3641,1.165,2.3274,1.1758,2.3549,1.1839,2.4256,1.185,2.4858,1.1812,2.637,1.2073,2.4493,1.2267,2.3882,1.2361,2.3242,1.2389,2.2393,1.2454,0.219544984,0.153436143,0.15350469,0.100345453,23.74933016,0.047964362,0.061917122,0.044632387,0.043527003,0.094753997
NP081xNP060v4-1,Pinetum,0.448925857,-0.06441352,0.168300845,-0.016007433,-0.016877088,-0.02484352,-0.012207597,0.024627262,0.023362827,-0.00936767,-0.006673494,-0.009420487,-0.008423158,0.008446405,-0.00068758,-0.002172497,-0.000366,-0.003047142,0.01339634,0.00977971,0.002265865,-0.005636224,-0.011501342,0.0029464,0.010168019,-0.003948137,-0.000264689,0.004581282,-0.002574743,0.003540102,-0.001535391,1.6421,0.7754,1.4655,0.7827,1.3967,0.78,1.3194,0.7679,1.2401,0.7615,1.479,0.8339,1.4409,0.8246,1.3821,0.8202,1.3712,0.8319,1.3806,0.8401,1.4444,0.8405,1.4787,0.8382,1.5665,0.8636,1.4626,0.875,1.3983,0.8835,1.3147,0.8798,1.2433,0.8877,0.173273945,0.091400219,0.092403138,0.11616626,38.48035484,0.039006282,0.046870566,0.048587756,0.042769148,0.092345547
NP086xPX014-1,Pinetum,0.481174091,-0.104957301,0.08192871,0.046351602,-0.030706588,-0.015137273,0.044546983,0.026385469,-0.012228757,0.009002714,0.016283009,0.003619779,0.012602369,0.001178926,0.003308757,-0.004757588,-0.008837639,-0.005970084,-0.001247942,-0.01382387,0.016343258,0.002020544,0.009610787,-0.003263039,-0.001819947,0.006269976,0.000395702,-0.00346066,0.003081599,0.001338108,0.000203839,1.5913,0.7714,1.3813,0.762,1.3089,0.753,1.247,0.7472,1.1591,0.7425,1.3937,0.8157,1.3575,0.7968,1.2806,0.7933,1.2975,0.807,1.2763,0.8171,1.3472,0.8222,1.3937,0.8192,1.5337,0.8655,1.3724,0.8554,1.3015,0.8549,1.2385,0.8615,1.1631,0.8567,0.202504938,0.147457418,0.14859354,0.110329371,32.21741729,0.041680691,0.045429946,0.042160171,0.049244086,0.093823078
NP089xNP060v2-1,Pinetum,0.485176229,-0.103145233,0.127688277,-0.00106602,-0.041534245,-0.014722884,0.040938076,0.031057407,-0.005231335,0.012725928,-0.005789321,0.009849032,0.0093343,0.004650361,-0.008099479,-0.00306959,0.002184897,0.002074973,-0.000125888,-0.005746157,-0.005262653,-0.003586424,-0.001425843,0.002848916,-0.005929414,0.003498991,0.004176039,-0.000260247,0.005378275,-0.002109033,0.00049839,1.6107,0.779,1.4062,0.7718,1.3343,0.7612,1.2536,0.7536,1.1774,0.7448,1.4139,0.8231,1.3869,0.8028,1.3147,0.7992,1.3237,0.8151,1.304,0.8234,1.3806,0.8302,1.414,0.8265,1.5361,0.8817,1.394,0.8631,1.3242,0.8643,1.2501,0.866,1.1676,0.866,0.201680564,0.133997948,0.135524168,0.126934826,38.25015628,0.035524217,0.045616335,0.036516982,0.042756988,0.092111509
NP091xPX013-1,Pinetum,0.464227152,-0.02185277,0.077748743,0.006272772,-0.030545194,-0.013054708,0.042420058,0.034341296,0.013141345,-0.003826091,-0.013184282,0.005120992,-0.014666227,-0.009799535,-0.000133708,0.00632987,-0.005062886,-0.002408171,0.002309606,-0.005416197,0.000263891,0.001649649,0.004581029,0.000679196,0.000418981,-0.003361014,0.00300486,-0.000190474,-6.40E-05,-0.003207622,-2.35E-05,1.6317,0.7675,1.4361,0.762,1.3663,0.7544,1.2917,0.7456,1.2123,0.7385,1.4234,0.8118,1.397,0.7985,1.3353,0.7893,1.3127,0.8028,1.3401,0.8171,1.4033,0.8218,1.4237,0.8186,1.556,0.8694,1.4205,0.8536,1.3562,0.8546,1.2824,0.8565,1.2097,0.8538,0.212958634,0.141717783,0.144570121,0.126941325,35.48604221,0.036153561,0.040810048,0.053488877,0.046679867,0.092918889
NP096xNP060-V4,Pinetum,0.486981105,-0.037910507,0.099483691,0.079595881,0.028029427,-0.004608931,0.021064036,-0.002163311,0.00779604,-0.004997509,0.003922132,0.008110125,0.013907955,-0.006719993,0.002419527,-0.010783692,-0.004118852,0.002225968,0.004921623,-0.00633194,0.00464026,0.003494105,-0.007180139,-0.001321286,-0.005460919,-0.000501859,-0.002688894,-0.001077315,-0.001625097,-0.001836302,0.000934673,2.6726,1.1408,2.4644,1.1321,2.3943,1.1246,2.3242,1.1208,2.2449,1.1181,2.4933,1.1852,2.431,1.1758,2.3689,1.1672,2.3398,1.1764,2.3662,1.1855,2.4304,1.1855,2.4933,1.1853,2.6154,1.2228,2.4601,1.2292,2.3954,1.2335,2.3252,1.2389,2.2481,1.2449,0.184715592,0.127728853,0.127758248,0.099979198,31.02426916,0.052837297,0.056183983,0.055002273,0.049597581,0.097195164
NP096xNP081-1,Pinetum,0.45919509,-0.069792579,0.140197856,0.011175417,-0.030439795,0.008868002,0.022712896,0.024429256,0.018999703,0.017735286,-0.00913784,0.004411746,0.007013423,-0.007674566,0.012117792,-0.001531104,0.000659649,0.002997728,-0.004895847,-0.002963065,0.004109113,-5.99E-05,-0.000753045,-0.00118977,-0.006193938,0.000116499,-0.000412184,0.002637312,-0.001154476,-0.002010034,0.000654448,1.6373,0.8024,1.4488,0.7882,1.3787,0.7766,1.3075,0.7652,1.2298,0.7541,1.4577,0.8376,1.4254,0.8155,1.3647,0.8063,1.35,0.8258,1.3591,0.8413,1.419,0.8476,1.4576,0.8385,1.5676,0.8832,1.4337,0.8722,1.3698,0.8734,1.2983,0.8763,1.2167,0.8762,0.183016939,0.118735378,0.118984747,0.106708622,33.62357357,0.02865746,0.033836371,0.035956223,0.032834281,0.085346412
NP096xNP086-1,Pinetum,0.481815098,-0.100609332,0.140262443,0.025769407,0.002908516,0.00957115,0.024348796,0.037563713,0.017262027,0.002438782,-0.005438206,-0.008844138,-0.002869074,0.003174916,0.007627039,-0.005905989,-0.01057803,-0.009184051,-0.000589612,0.005838355,0.005198095,-0.006049517,0.002797453,-0.005421093,-0.000617962,3.13E-05,0.001894237,-0.000894167,-0.005010681,-0.00019668,0.00068927,1.6079,0.8095,1.3976,0.8143,1.3329,0.8056,1.2627,0.7913,1.179,0.7837,1.431,0.8649,1.3771,0.8456,1.3168,0.8385,1.3113,0.8585,1.3131,0.8718,1.377,0.875,1.431,0.8688,1.5369,0.9097,1.3929,0.9028,1.3258,0.9052,1.2517,0.9086,1.1734,0.9044,0.185371977,0.113523654,0.114986304,0.122804886,40.3193932,0.032025771,0.035733038,0.037415772,0.036628131,0.088624714
NP096xPX013-1,Pinetum,0.479505715,-0.105869085,0.126317982,0.058111259,-0.00696557,0.011443337,0.020378143,0.025029892,-0.000179305,0.01484406,-0.007675703,-0.003929921,-0.002488251,-0.015662925,-0.004743413,-0.006903927,0.003999695,0.000396528,-0.005059909,-0.012352461,0.000503443,0.002926106,-0.001767334,0.000331348,-0.006455802,0.003004765,-0.00023939,0.001471941,0.009476877,-0.004197771,0.001984554,1.6456,0.7845,1.4313,0.7778,1.3655,0.7663,1.2956,0.7663,1.221,0.7583,1.4642,0.8276,1.4087,0.8056,1.3389,0.8048,1.3462,0.8192,1.3401,0.8345,1.4103,0.8373,1.4642,0.8297,1.5747,0.8665,1.4242,0.8623,1.3571,0.869,1.2889,0.875,1.2083,0.879,0.186449913,0.116466691,0.117147172,0.108401153,32.75936452,0.02860437,0.038461019,0.035827364,0.046795406,0.084797759
NP097xNP060-V2,Pinetum,0.429258267,0.061562801,0.061203935,0.024533085,-0.040826773,-0.039337794,0.0046253,0.010963288,0.004466757,-0.009273365,-0.001880983,-0.003861322,-0.001432319,0.002021725,0.003624328,-0.015571075,0.007373728,-0.005316091,-0.015890214,-0.005877235,0.002550412,0.010159803,-0.000218775,-0.002166134,0.003302096,0.005762467,0.000630447,-0.002735369,0.007163139,-0.002192156,-0.000280127,2.6839,1.1348,2.5126,1.1329,2.4392,1.1264,2.3774,1.1242,2.299,1.1185,2.4881,1.1821,2.4763,1.1782,2.4119,1.1767,2.3662,1.1769,2.4112,1.1832,2.477,1.1868,2.4881,1.1864,2.6179,1.2109,2.5111,1.2181,2.4432,1.2217,2.381,1.2335,2.3026,1.2404,0.201432197,0.132091976,0.132956685,0.100733361,26.09103345,0.046287147,0.050062461,0.058049806,0.057230936,0.085213203
NP097xNP077-1,Pinetum,0.420812989,0.069120996,0.043162385,0.009234822,-0.024041604,-0.042474946,-0.029594868,0.016664836,0.018353948,-0.002908866,0.014337499,0.004589584,0.006253957,0.010901851,0.016121429,0.009663507,0.013432865,-0.00719173,0.004954233,-0.000526415,0.010922835,0.004515334,-0.00464533,-0.00569006,0.001847218,-0.002800388,0.000709825,0.004452502,-0.000242849,-0.003442921,-0.003277797,2.6764,1.1327,2.5221,1.1268,2.445,1.1203,2.3781,1.1117,2.3047,1.1052,2.4873,1.1815,2.4771,1.1777,2.4132,1.1677,2.3643,1.1726,2.4118,1.1823,2.4639,1.1869,2.4872,1.184,2.6079,1.2087,2.5081,1.2184,2.4407,1.2249,2.377,1.2298,2.3145,1.2346,0.195295289,0.12320138,0.123629285,0.102314466,27.180067,0.054276054,0.051477859,0.067939753,0.057078893,0.092663693
PBX002V01,PBX,0.422082964,0.090071954,0.065618557,0.018106162,0.00678546,-0.011904535,0.015654628,-0.014264226,0.032906341,0.020367891,-0.027085668,-0.005620918,0.007093177,-0.012548497,0.012199732,-0.003799175,0.008836377,-0.00430949,4.20E-05,0.005487042,-0.010146342,-0.009964205,0.000491574,0.003486032,-0.005351738,0.00012633,-0.003006125,-0.001785455,-0.006592036,0.002128372,0.00068943,2.6861,1.123,2.5173,1.1192,2.4558,1.1178,2.3842,1.1073,2.3181,1.1009,2.507,1.1625,2.4838,1.1513,2.4313,1.1476,2.3606,1.1648,2.4338,1.1724,2.4889,1.1703,2.507,1.163,2.6251,1.2028,2.5212,1.2062,2.4619,1.2102,2.3936,1.2242,2.3238,1.2307,0.183404089,0.124626041,0.124786618,0.100444213,31.27881988,0.048291821,0.047100425,0.046396767,0.038578362,0.08708737
PBX002V04,PBX,0.408993903,0.059064107,0.086179377,-0.087156614,0.01213925,-0.001458993,0.00474548,0.008756288,0.01291977,0.022779183,1.79E-05,-0.006781641,-0.014662767,-0.007920912,0.026143084,0.016874995,0.013534557,0.008853002,-0.02050921,0.006160325,0.008270707,0.005349041,-0.008072919,-0.001923351,0.006098107,0.001584863,0.002366631,-0.002813356,0.003143402,0.003524301,-0.001560691,2.6688,1.1305,2.5194,1.1311,2.445,1.1257,2.3849,1.1178,2.3152,1.1127,2.4984,1.1845,2.4957,1.1713,2.4339,1.1702,2.3795,1.1793,2.4443,1.1994,2.4957,1.2012,2.4985,1.1937,2.6007,1.2371,2.5036,1.2318,2.4515,1.2318,2.391,1.2379,2.3198,1.2508,0.178751671,0.111033328,0.115030648,0.126495731,44.79453119,0.031603323,0.03319036,0.046666155,0.045863493,0.101931987
PBX002V05,PBX,0.428993564,0.090565792,-0.004546941,-0.045987376,-0.005046874,0.012380575,0.014535278,0.005362503,0.010286642,0.02750747,0.002701114,0.000413322,0.005745039,-0.001587553,-0.000575937,-0.007355081,-0.009282298,-0.004472736,0.008237113,-0.000358299,0.00385632,-0.008021541,0.002782921,2.17E-05,0.000390472,0.003234979,-0.001066316,-0.006464485,0.003003045,-0.000961147,0.001118494,2.6839,1.1284,2.5005,1.1305,2.4444,1.1241,2.3808,1.1181,2.3069,1.1106,2.4732,1.1821,2.4836,1.1676,2.4146,1.167,2.3493,1.1793,2.4198,1.1926,2.4662,1.1908,2.4733,1.1824,2.6118,1.2357,2.4932,1.235,2.4414,1.2364,2.3803,1.2436,2.3141,1.2465,0.217435462,0.148401954,0.14860323,0.129273741,35.44097649,0.051794208,0.048836462,0.04076788,0.052234567,0.104754666
PBX002V06,PBX,0.499308179,-0.051366514,0.105429095,0.048473623,-0.03272109,-0.003935347,0.015262665,-0.020019577,-0.00191745,0.000572331,-0.007460585,-0.014348078,0.004094163,-0.012515083,0.00359469,-0.017206863,0.011441778,-0.001809075,0.000994459,0.003120231,-0.000137656,0.004493136,-0.005125888,0.004005125,7.22E-05,0.003793846,0.001090131,-0.00662679,-0.00112516,-0.001755867,0.000445382,2.6828,1.1284,2.4626,1.1253,2.3878,1.1145,2.3152,1.1073,2.2368,1.103,2.4791,1.1724,2.4342,1.1595,2.367,1.1573,2.3565,1.1703,2.3684,1.1782,2.4464,1.1764,2.4791,1.1727,2.6151,1.1997,2.468,1.2192,2.3946,1.2249,2.3245,1.2346,2.2357,1.2454,0.208397913,0.138654246,0.138712977,0.098320801,23.53928383,0.047941631,0.053547456,0.044454471,0.047586553,0.094055143
PBX002V07,PBX,0.425132774,0.130350625,0.02435272,-0.001762607,-0.030078975,0.009381876,0.010086829,-0.002259999,0.015954181,0.03600893,-0.008822123,0.024300482,0.016681648,-0.001706818,0.009120586,0.011353743,-0.006799193,0.000988593,0.005352266,0.004123346,0.013308463,-0.002508381,-0.0001757,-0.004458996,0.004419867,-0.006740003,0.001705497,-0.000918172,-0.001830136,0.000342362,-0.002119454,2.7023,1.1176,2.5383,1.1176,2.466,1.1138,2.4018,1.1046,2.3236,1.1025,2.4984,1.1607,2.5092,1.1499,2.4444,1.144,2.3611,1.1602,2.4417,1.1742,2.4903,1.1699,2.4984,1.1613,2.6381,1.1985,2.5194,1.205,2.4703,1.2125,2.4051,1.2228,2.3425,1.2325,0.208405422,0.144568081,0.144723633,0.103278507,27.0759181,0.045594079,0.047800105,0.04347528,0.037129503,0.089420188
PBX002V08,PBX,0.456315426,0.118069366,-0.038689353,0.068700652,-0.027487222,0.031228638,-0.002084295,0.031026899,-0.014854233,0.004878583,-0.006087891,-0.001091308,-0.015672428,-0.002722757,0.01046036,0.01679367,-0.014505579,-0.002006029,-0.003248009,0.005359628,-0.000290057,0.00645852,-0.003011826,0.000661745,0.005986398,0.000161497,-0.006157027,0.003820107,-0.000455146,0.002368328,-2.01E-05,2.7249,1.1187,2.5216,1.1235,2.4547,1.1235,2.3905,1.1165,2.3182,1.1079,2.486,1.1785,2.4795,1.1661,2.411,1.1624,2.3333,1.1748,2.4132,1.1861,2.4752,1.1893,2.486,1.1802,2.6489,1.1969,2.4957,1.2127,2.4475,1.2202,2.3907,1.2285,2.3299,1.2397,0.246270684,0.163753779,0.163935872,0.109046962,20.49757237,0.031109645,0.048366311,0.059892988,0.058505555,0.092884068
PBX002V10,PBX,0.424183384,0.058933009,-0.10372522,0.135846972,-0.011950101,-0.101670178,-0.052817633,0.027517722,-0.011668796,0.034987661,-0.045514926,0.021565874,-0.025842321,-0.039204545,0.015970187,0.011596525,-0.021087128,-0.003092198,0.010294387,0.000749296,-0.001653425,-0.010995525,-0.001785072,0.00584951,-0.003377513,-0.002085944,0.007826025,0.003370274,0.00451473,-0.001948328,0.000921284,2.6859,1.121,2.521,1.1192,2.459,1.1154,2.3857,1.1084,2.315,1.1052,2.4738,1.1659,2.4257,1.1501,2.3596,1.1489,2.3465,1.1634,2.3601,1.1724,2.4392,1.1703,2.4738,1.1662,2.61,1.1886,2.4896,1.1962,2.4489,1.208,2.3871,1.2163,2.3274,1.2235,0.216800415,0.138029707,0.138078709,0.101639412,21.41495223,0.056665422,0.095670267,0.10018433,0.104893327,0.083156238
PBX002V11,PBX,0.377590927,0.053075196,0.046714858,-0.03511045,-0.070491118,0.043692516,0.00299233,-0.023459537,0.031946812,0.005775386,-0.019603768,-0.012190336,-0.002933542,-0.006550486,0.007279127,-0.005465244,-0.017299115,-0.007028337,-0.010514781,0.006685148,-0.006129192,0.008526423,-0.008211014,-0.008328834,0.004095239,-0.000395123,0.006076348,-0.002699095,0.000331915,-0.004079196,0.00097731,2.6602,1.1327,2.4871,1.1361,2.4403,1.1246,2.3828,1.1152,2.3145,1.1088,2.4694,1.1725,2.4723,1.162,2.4302,1.157,2.3792,1.167,2.4335,1.1821,2.4723,1.1836,2.4694,1.1726,2.5922,1.1985,2.4854,1.2071,2.4439,1.2136,2.3835,1.2249,2.3181,1.2353,0.19490685,0.125501594,0.125522269,0.094623676,23.73716103,0.026904646,0.033172428,0.029830354,0.033937737,0.071020349
PBX002V14,PBX,0.466578443,-0.059635151,0.115777061,0.020317516,-0.020845638,-0.003670931,0.011036794,-0.030405198,-0.015676505,0.011860666,-0.004168004,-0.004465383,-0.000399907,-0.012910597,-0.002347417,-0.005261005,0.001167864,0.003197347,0.002752057,-0.000917682,-0.004733114,0.00111371,-0.004545567,0.002130824,-0.005209426,0.00051793,-0.00371531,-0.002310565,-0.001142607,-0.002000144,0.001229287,2.6537,1.1381,2.4504,1.1242,2.3842,1.1149,2.3101,1.1077,2.2353,1.0998,2.4669,1.1724,2.4302,1.1609,2.3603,1.1543,2.3554,1.1672,2.363,1.175,2.4388,1.1772,2.4669,1.1728,2.5836,1.2114,2.4444,1.219,2.3851,1.2238,2.3193,1.2309,2.2384,1.2395,0.189922958,0.122918062,0.12304426,0.101424356,28.88380804,0.042173451,0.053570981,0.041891885,0.046082209,0.094989684
PBX002V15,PBX,0.395375013,0.05748665,0.113932457,-0.026446357,-0.000403862,0.000509986,-0.014982141,-0.023707293,0.01040459,0.019502885,-0.016766683,-0.010945839,-0.01664972,-0.016826819,0.007406081,-0.013739348,0.003070964,0.006110266,0.013118842,0.025162341,0.003474748,0.008139518,-0.001523872,-0.004317955,0.004676771,0.003529539,-0.00799252,0.004791866,-0.003862151,-0.001443114,0.002066015,2.6591,1.13,2.5032,1.1289,2.4396,1.123,2.3781,1.1117,2.3094,1.1023,2.497,1.1694,2.4806,1.1602,2.4223,1.1545,2.3723,1.1649,2.4324,1.1739,2.4874,1.1793,2.4971,1.1697,2.5881,1.1994,2.4943,1.2179,2.4482,1.222,2.3854,1.2257,2.3109,1.23,0.166819573,0.09572403,0.095912512,0.099284238,31.88853647,0.03921186,0.050628549,0.038606347,0.035938002,0.089443893
PBX002V16,PBX,0.4526825,0.10496416,0.060514684,0.069730172,-0.014795864,0.007720212,-0.005115744,0.009398883,0.001217653,0.010560702,-0.026413521,-0.005438331,0.003272027,0.008594357,0.013191751,-0.01671628,0.010596869,-0.004762658,0.002932089,0.006419724,0.000907905,-0.002398716,0.011725585,0.001502793,0.00022611,-0.001117125,-0.000312911,0.003112706,0.002102926,-0.004712493,0.000120427,2.7228,1.137,2.5334,1.1343,2.4612,1.1273,2.3954,1.1203,2.3209,1.11,2.5182,1.1782,2.4978,1.1667,2.438,1.1624,2.3533,1.178,2.4261,1.1828,2.4978,1.1839,2.5182,1.1783,2.6472,1.199,2.528,1.2141,2.4595,1.226,2.4008,1.2352,2.322,1.2352,0.208706972,0.130650258,0.130666139,0.09777198,20.54486162,0.04270925,0.05460586,0.048136473,0.042074339,0.079982498
PBX002V17,PBX,0.491923544,-0.003071309,0.09870972,0.058335396,0.02502536,0.010036398,-0.010932473,-0.017954929,-0.013685049,0.0126267,-0.003711237,-0.005932628,0.007644694,-0.013272362,-0.004978311,-0.016384952,-0.004140946,0.000485275,-0.004587544,0.000531262,0.005946995,-0.002843368,-0.003265825,0.000914959,0.001970024,-0.001431151,0.000695356,0.003814296,0.003339845,8.13E-05,0.001514265,2.6683,1.1196,2.4536,1.1138,2.384,1.1052,2.3193,1.0992,2.2343,1.0937,2.4795,1.1637,2.4318,1.1543,2.3569,1.1526,2.317,1.1634,2.3562,1.1703,2.4331,1.1681,2.4795,1.1643,2.596,1.1958,2.4482,1.2098,2.3894,1.2238,2.3204,1.2303,2.2375,1.2422,0.193882052,0.12068347,0.120841466,0.105041563,28.5522767,0.044349746,0.062964196,0.045994456,0.054600092,0.096151755
PBX002V18,PBX,0.423639796,0.066866104,0.055890519,0.063740225,-0.009135919,0.042619521,-0.000108344,-0.017092716,-0.02322166,0.024933737,0.004164391,-0.022254504,-0.004635197,0.002796669,0.000720009,0.007219863,0.001159338,-0.000256442,-0.003724516,0.012334649,-0.010816383,0.00202684,-0.00359623,-0.001988815,-0.000935962,0.00374962,0.000375945,-0.000718085,-0.002185271,0.003968161,4.81E-05,2.6839,1.1316,2.4887,1.1289,2.4291,1.1232,2.366,1.1114,2.3074,1.1041,2.4921,1.171,2.4779,1.1591,2.4051,1.1575,2.3468,1.1683,2.4087,1.1771,2.4734,1.1785,2.4921,1.1712,2.616,1.1888,2.4817,1.2059,2.4323,1.2144,2.3794,1.2257,2.3155,1.2352,0.195805005,0.125143797,0.125172082,0.088782036,19.78376121,0.02862953,0.044138985,0.032073042,0.041862752,0.077317527
PBX002V19,PBX,0.457458413,0.152569389,-0.014797094,0.070455,0.012847699,0.017364557,0.020553201,0.004242223,0.014747133,0.014851063,-0.024518676,-0.026019769,-0.010647177,-0.002778932,0.01912656,-0.00306625,0.016218267,-0.015437359,0.001923241,-0.00600399,-0.007101022,-0.003000283,-0.007165858,0.003122341,0.000922713,-0.003684453,0.000850629,0.00829198,-0.003502155,-0.004880383,-0.000538124,2.7249,1.1165,2.5223,1.1199,2.4612,1.1149,2.3943,1.11,2.3306,1.1041,2.5047,1.1677,2.4838,1.1562,2.4248,1.1512,2.3242,1.1704,2.4302,1.1793,2.4914,1.1807,2.5047,1.168,2.6553,1.1972,2.5327,1.2062,2.4612,1.2188,2.4036,1.2238,2.3396,1.2368,0.226074059,0.153404694,0.15346208,0.106567584,24.17254397,0.048538026,0.05021205,0.052914459,0.051406712,0.086924392
PBX002V21,PBX,0.436442824,0.08362414,0.056318259,0.021733038,-0.034440802,0.008627786,-0.028559313,0.043898771,0.002114101,0.011239613,-0.01050794,0.006683058,-0.013439421,0.00218488,0.016993882,0.017423792,0.004730424,0.006294339,-0.006748994,0.009445002,0.004801096,0.009236959,0.001166406,0.00158869,-0.004843732,0.002527946,-0.000938284,0.002326499,-0.000864293,0.002539365,-0.000616999,2.7098,1.1025,2.5403,1.1095,2.4612,1.1113,2.3914,1.1045,2.3195,1.0998,2.5079,1.1687,2.5004,1.1516,2.4342,1.1494,2.3698,1.1652,2.4328,1.1757,2.4939,1.1775,2.5079,1.1687,2.6312,1.18,2.5129,1.1969,2.4576,1.2051,2.3964,1.2188,2.3252,1.2278,0.212475999,0.123816719,0.123816719,0.110382109,23.38987004,0.027154373,0.038462969,0.058003621,0.046697002,0.091594323
PBX002V22,PBX,0.46655395,-0.086017273,0.105079177,0.052791134,-0.043442009,0.004138457,0.003551359,-0.012236037,-0.010491371,0.0050599,0.00873295,-0.016422031,-0.003378823,-0.011234353,0.000274828,-0.020823498,-0.002551312,0.016085807,0.011879262,0.000698149,-0.001438386,1.97E-05,-0.001571735,-0.002685958,0.002032471,0.001921139,0.00226405,-0.003127704,0.003654627,0.003511295,0.001336745,2.6537,1.1262,2.4403,1.1235,2.3752,1.117,2.3051,1.112,2.2332,1.1106,2.4625,1.1707,2.4229,1.1588,2.3508,1.1609,2.3611,1.171,2.3553,1.1819,2.4252,1.1771,2.4625,1.1709,2.5881,1.1875,2.4399,1.2138,2.3842,1.2256,2.3181,1.2292,2.2325,1.2361,0.196310188,0.126692225,0.126718586,0.08978335,20.72035621,0.039534542,0.052391793,0.039355432,0.050225193,0.090300886
PBX002V24,PBX,0.461283535,0.033037675,0.022788938,0.021353475,-0.031590059,0.03480072,-0.006629809,0.016081021,0.000325434,-0.007673135,0.009912496,-0.009819825,0.012135034,0.001779073,0.012292884,-0.010546382,0.004327877,0.006220571,0.005703877,0.007579262,0.004493323,-0.005044815,0.013895272,0.001580356,0.00123007,0.001725357,0.00101494,0.001005886,0.003283486,-0.001233285,0.000160616,2.7377,1.1055,2.5334,1.11,2.4639,1.1063,2.4013,1.1014,2.3301,1.0944,2.5191,1.1676,2.5078,1.1537,2.4455,1.1548,2.3927,1.1726,2.4423,1.1769,2.4968,1.1748,2.5192,1.1678,2.6701,1.1879,2.5227,1.208,2.4628,1.2217,2.4051,1.2303,2.329,1.2303,0.227249576,0.152232782,0.152358426,0.106581049,23.51558516,0.0421076,0.049267535,0.050646323,0.051873018,0.098582402
PBX002V25,PBX,0.439398657,0.091661964,-0.000982704,0.073757245,0.001141855,0.005781933,0.006784966,-0.014618328,0.006665636,0.012516161,-0.007400125,-0.001376906,-0.008460658,-0.005039561,-0.001537014,0.011455851,-0.003837911,0.0039141,0.00123643,0.007631998,0.005602925,-0.000629829,-0.001207478,-0.011694698,0.002828993,0.003785719,-0.00028905,-0.001733628,0.003162934,0.001480771,0.000247364,2.7104,1.13,2.5178,1.1241,2.4482,1.117,2.3873,1.1073,2.3188,1.103,2.5005,1.1672,2.476,1.1597,2.4129,1.157,2.3474,1.1613,2.4191,1.1753,2.4746,1.1753,2.5005,1.1675,2.6392,1.2001,2.5038,1.2093,2.4563,1.2147,2.3916,1.2271,2.3328,1.2303,0.213170941,0.142479648,0.142548588,0.099917216,23.39410579,0.044817854,0.054186714,0.054905373,0.053348758,0.086342574
PBX002V26,PBX,0.468220798,0.059226358,-0.016615341,0.109572032,-0.003044984,-0.022901695,-0.005631855,0.003480231,-0.006062308,-0.006750102,0.009899313,-0.001616073,-0.002269158,0.002083608,0.001045936,0.007984285,-0.002181703,0.000765549,0.006877565,-0.00051454,-0.011603902,-0.003504734,0.000656027,0.001302975,-0.001923222,-0.002808931,0.001338776,0.004718868,0.004183063,-0.001262591,-0.000962505,2.7492,1.1467,2.5442,1.1408,2.4757,1.1381,2.4008,1.1338,2.336,1.1268,2.5291,1.1954,2.493,1.192,2.422,1.1875,2.3749,1.194,2.4238,1.1969,2.4892,1.197,2.5293,1.1986,2.6818,1.2179,2.5334,1.2298,2.4746,1.2438,2.4115,1.2519,2.3495,1.2562,0.225423379,0.153716427,0.154348761,0.098041828,20.85851619,0.055040712,0.069139352,0.072407734,0.072966088,0.089652886
PBX002V28,PBX,0.440491751,0.085764506,0.009648643,0.032098552,0.01395108,-0.005813239,-0.023262752,0.018278215,-0.006712915,-0.02618973,0.010583288,-0.005096656,0.004447429,-0.000461881,0.016401924,0.009520742,-0.00016653,-0.007741509,0.002209903,-0.000635152,0.001104627,0.002185415,-1.37E-05,-0.002957213,0.001390575,0.000394953,0.001502172,0.004436978,-0.000854163,-0.000922005,-0.001658335,2.7303,1.1348,2.5529,1.1318,2.4863,1.1282,2.4202,1.1206,2.3486,1.1156,2.5313,1.193,2.5089,1.1899,2.4496,1.1831,2.3824,1.1872,2.448,1.1923,2.508,1.1973,2.5311,1.1966,2.6656,1.2201,2.5361,1.2309,2.4752,1.24,2.418,1.246,2.3565,1.2497,0.207336056,0.136537541,0.137006934,0.107061571,27.71055933,0.043801484,0.054910199,0.072880793,0.066037111,0.100513929
PBX002V31,PBX,0.455660205,0.059543675,0.020417245,0.062816221,0.010147171,0.012017534,-0.022348061,-0.005392969,-0.008295332,-0.00180574,0.005110305,0.005246193,-0.008127027,0.005154412,-0.014568398,0.008954322,-0.001961786,-0.002977892,-0.004261814,0.002879188,0.000409528,-0.000110419,0.003024945,0.005870577,0.004150736,0.001381605,0.005955998,0.003382577,-0.000882415,0.002082394,-0.001492425,2.7314,1.1392,2.528,1.1294,2.459,1.1241,2.3959,1.1122,2.3236,1.1068,2.5189,1.1823,2.4914,1.1753,2.4221,1.171,2.3652,1.1771,2.4252,1.18,2.4842,1.1824,2.519,1.1866,2.6464,1.2131,2.5086,1.2195,2.4551,1.2303,2.3928,1.2386,2.3317,1.2454,0.216826797,0.1301269,0.131167412,0.112633077,25.04608564,0.044404617,0.05851581,0.058705792,0.059675958,0.092164907
PBX002V32,PBX,0.470386597,0.078864243,0.002582788,0.054513098,-0.006249375,-0.002288034,0.024769755,-0.000443756,0.018278709,-0.017952049,-0.00920021,0.006808844,-0.012145481,-0.001192834,-0.004255978,-0.017278519,-0.00239209,0.002016462,0.005463642,-0.000145623,0.000464794,0.000897032,0.007151334,0.005362414,-0.000328485,0.000915734,0.003544651,-0.001537779,-0.001255157,4.10E-05,0.00016928,2.7594,1.1208,2.5493,1.1181,2.4802,1.1152,2.4141,1.1088,2.3378,1.1066,2.5307,1.1715,2.5027,1.1645,2.4471,1.1599,2.3786,1.1688,2.4531,1.1718,2.5062,1.1704,2.5307,1.1726,2.6837,1.2102,2.5449,1.2159,2.4838,1.2224,2.4187,1.2292,2.3429,1.2303,0.234252385,0.157552404,0.157818535,0.117144569,26.69436287,0.059732236,0.05918488,0.065761083,0.055621039,0.097898927
PBX002V33,PBX,0.364428378,0.0401144,0.09477956,-0.065717071,-0.007652053,-0.016719889,-0.030334862,-0.027611124,0.004058975,-0.010339303,-0.000311841,-0.000525267,0.00701252,-0.009025395,0.010358758,0.004592473,-0.009274978,0.006058977,0.014729313,-0.005013317,-0.000691825,0.007842603,-0.005403089,-0.004113369,-0.004627795,0.002382959,-0.001794991,-0.002556666,0.001034585,-0.000927119,0.001073351,2.6375,1.1381,2.4993,1.13,2.4475,1.125,2.3824,1.121,2.3155,1.1181,2.4869,1.182,2.4781,1.1767,2.4295,1.1713,2.3892,1.1746,2.4306,1.1821,2.4809,1.1846,2.4869,1.1822,2.5787,1.2102,2.4896,1.2238,2.4464,1.2282,2.3875,1.2353,2.327,1.2404,0.156868002,0.095975205,0.096033744,0.093036821,33.32784903,0.040153829,0.048732433,0.051286743,0.049675849,0.094300212
PBX002V35,PBX,0.436095176,0.087158711,0.011862966,0.05503943,-0.040484212,-0.008903201,0.008157197,-0.013280182,0.01047294,-0.013769447,-0.006264105,0.005051135,-0.012110848,0.004435818,0.006784244,0.013628915,-0.005595557,-0.002420325,0.003117175,-0.016144725,0.003270501,0.001530347,0.000460298,0.004568735,0.000549806,-0.000886708,0.003164311,-0.000569141,-0.003948453,0.007247616,-0.001251603,2.6214,1.1478,2.4331,1.1305,2.3662,1.1294,2.2983,1.1192,2.2217,1.1187,2.4036,1.1847,2.3875,1.1775,2.3324,1.171,2.2716,1.1772,2.3353,1.185,2.391,1.185,2.4037,1.1851,2.5491,1.2109,2.423,1.2184,2.3641,1.2253,2.3015,1.2332,2.2418,1.2407,0.220903712,0.147671257,0.147840083,0.095963014,19.82361489,0.046255378,0.04953312,0.065485571,0.053600373,0.088478359
PBX002V36,PBX,0.434946459,0.104423348,-0.04456578,0.023017029,-0.01450778,-0.006718138,0.011757441,0.001269495,0.007154242,-0.013268212,-0.009998181,-0.00177904,0.004338248,-1.58E-05,0.001288251,0.006592394,-0.018288145,0.004559411,0.009641932,0.004028879,-0.002134708,0.004961114,0.003955866,0.000414183,0.0004776,-0.000821018,-0.005988477,0.001369398,-0.003893387,-0.000711452,0.000741467,2.712,1.1413,2.5232,1.137,2.4628,1.1365,2.3981,1.13,2.3279,1.1224,2.4878,1.1935,2.479,1.1872,2.4256,1.1785,2.356,1.1872,2.4245,1.1931,2.4795,1.1974,2.4881,1.1947,2.6446,1.2314,2.5102,1.2379,2.4649,1.2411,2.397,1.2508,2.3398,1.2503,0.230196612,0.160745575,0.161315374,0.112520087,26.69484443,0.050820665,0.062738824,0.066885574,0.056105615,0.101734016
PBX004V01,PBX,0.423027831,0.155063889,0.037586497,-0.08108174,-0.019264732,-0.019589357,0.032644028,0.002026365,0.00658166,0.011771058,-0.006513401,0.020003738,0.019906249,-0.009424796,0.000175055,-0.011754701,-0.004015117,0.011400201,-0.00149849,0.007076441,0.002514243,0.001418223,-0.014708971,-0.002705775,0.002363604,0.000998326,0.002316586,-0.002835137,-0.005221483,-0.004909715,-0.000210748,2.6737,1.1419,2.5248,1.1365,2.4547,1.1268,2.3878,1.117,2.3134,1.1117,2.473,1.1818,2.4989,1.1803,2.4349,1.1692,2.3447,1.1704,2.4326,1.1839,2.4881,1.1893,2.473,1.182,2.6082,1.2483,2.5043,1.2395,2.4563,1.2346,2.3867,1.2352,2.3098,1.2436,0.204627711,0.150581307,0.150669473,0.124944828,37.43494516,0.052749218,0.055965882,0.050884674,0.046795299,0.105020236
PBX004V05,PBX,0.450987573,0.119694498,-0.037310987,0.00714118,-0.068538139,-0.019919319,0.012894175,0.027673818,-0.004232902,0.001001917,-0.015413407,0.011854917,0.000450788,0.006238485,-0.002050614,0.012125299,0.002223794,-0.004066508,0.009016221,0.0007315,-0.003187832,0.015783991,-0.002192122,-0.009337008,-0.003061562,-0.000946578,-0.000843139,-0.002248625,0.008146208,0.00277588,-0.001195185,2.7077,1.1251,2.5237,1.1257,2.4497,1.1235,2.3756,1.117,2.3051,1.1099,2.4593,1.1799,2.4755,1.171,2.4094,1.1652,2.3411,1.1645,2.4029,1.1825,2.4687,1.1868,2.4594,1.1802,2.6287,1.2163,2.5029,1.2206,2.4417,1.2238,2.377,1.235,2.313,1.2368,0.254372955,0.173106037,0.173266615,0.120658361,24.56794691,0.048084093,0.056666833,0.066146277,0.057991206,0.097152715
PBX005V02,PBX,0.404900989,0.142336246,0.002505625,-0.079804709,-0.042430983,-0.010159178,0.003620516,-0.013144181,-0.009318246,-0.000834351,-0.002102917,0.007928322,-0.001266851,0.005312076,-0.001552578,0.005152614,-0.007387438,-0.013320493,0.005459668,0.00567081,0.003334331,-0.004416042,0.004356068,0.000260656,0.003642927,-0.001165347,-0.003438595,-0.004349486,-0.00206297,0.00152456,-0.000283683,2.7023,1.1273,2.5439,1.1275,2.4824,1.1257,2.4184,1.1156,2.3414,1.1081,2.4927,1.178,2.5198,1.1753,2.4576,1.1699,2.3839,1.176,2.4597,1.1811,2.5151,1.182,2.493,1.1788,2.63,1.2236,2.5307,1.2271,2.4784,1.2296,2.422,1.2382,2.3608,1.2436,0.215644731,0.144138961,0.144674289,0.120420015,31.97037388,0.047721798,0.051980189,0.053531766,0.050682147,0.100470891
PBX005V03,PBX,0.522838645,0.015738005,-0.002344704,0.069721799,-0.010846925,0.003906433,0.028285976,-0.005353395,-0.00485144,-0.007709197,0.002846039,-0.004808109,-0.002398833,-0.004502625,-0.001964882,0.003642556,0.002449841,-0.000662397,0.009131827,-0.005738292,0.006139788,-0.011210441,0.004910571,-0.001044806,0.003053971,0.005439935,-0.000395611,-0.000388855,-0.000171443,-0.000855229,0.000180775,2.7098,1.1327,2.4691,1.1214,2.3928,1.1142,2.3216,1.1063,2.2425,1.1027,2.4604,1.1775,2.423,1.1674,2.3519,1.1659,2.3116,1.1775,2.3569,1.1839,2.4259,1.1846,2.4605,1.178,2.6348,1.2249,2.4601,1.2292,2.391,1.2357,2.322,1.2422,2.2537,1.2429,0.253391792,0.180499584,0.180726644,0.118852177,25.38856916,0.056203203,0.06201653,0.065124573,0.065921924,0.108175043
PBX005V04,PBX,0.457195299,0.112294344,-0.065956043,0.014091671,-0.071278653,0.006984257,-0.009554445,0.034965397,-0.038463177,-0.020883217,0.009634295,0.000962879,0.00209799,-0.002437344,0.006581952,0.019702675,-0.006259086,0.017300123,0.003298952,0.00934087,-0.002401477,-0.002581808,-0.0021554,-0.00935572,0.002816175,0.00038627,0.005950406,-0.005065013,0.007769202,-0.00425835,-0.001190115,2.7346,1.1241,2.5453,1.1282,2.4698,1.1217,2.3986,1.1181,2.335,1.1138,2.4786,1.1885,2.4989,1.1839,2.4272,1.1818,2.363,1.1855,2.4207,1.1953,2.4922,1.1948,2.4787,1.1887,2.6629,1.2116,2.5065,1.2265,2.4615,1.2353,2.4033,1.2433,2.3393,1.2469,0.26397606,0.185618022,0.185742025,0.113124445,21.26461777,0.034776141,0.057137028,0.072494483,0.073666614,0.10568032
PBX005V07,PBX,0.489803187,0.039061976,-0.023757994,0.048771025,-0.032114142,0.002687528,0.01395751,0.013837702,-0.010718999,-0.004366165,0.002086728,-0.012436657,0.00284006,-0.006328685,0.001072434,0.002117794,0.022644647,0.012466484,0.003207662,0.005676475,0.012028317,0.004566899,0.007709333,0.005260292,9.57E-05,-0.000465739,-0.003850467,-0.000573635,-0.002435034,0.003600901,-0.001707349,2.7648,1.123,2.5496,1.1138,2.4622,1.1138,2.4029,1.1063,2.3371,1.1003,2.5178,1.177,2.5011,1.1634,2.4293,1.1591,2.3867,1.1737,2.4315,1.1823,2.5005,1.1823,2.5178,1.1772,2.6909,1.2109,2.5334,1.2231,2.4666,1.2282,2.4026,1.2368,2.3324,1.2375,0.252833938,0.176349936,0.176388265,0.114837363,23.41276686,0.052412308,0.057782523,0.069371536,0.055986606,0.110494027
PBX005V08,PBX,0.451650674,0.048051383,-0.02216961,0.041083672,-0.034799444,0.047032905,0.025575481,0.022300038,-0.002491588,-0.005206283,0.002326124,-0.015704747,0.000939648,0.002511853,0.001683965,0.004219026,0.002000753,0.002956383,0.002389089,0.01088741,-0.008835543,5.48E-05,0.002637685,-0.0016181,0.006852863,-0.003998802,0.000489048,-0.000631134,0.004889071,0.002596839,-0.001165871,2.7368,1.1219,2.5216,1.1278,2.459,1.1246,2.3964,1.117,2.3382,1.1073,2.5029,1.1773,2.4946,1.1656,2.4342,1.1645,2.3781,1.1764,2.4347,1.1899,2.4887,1.1882,2.5031,1.1821,2.6683,1.2093,2.5108,1.2174,2.4569,1.2271,2.3981,1.233,2.3355,1.2362,0.240371317,0.167424252,0.168467089,0.111045081,24.27489585,0.03662035,0.043320665,0.046452556,0.046979251,0.090248546
PBX006V02b,PBX,0.405910967,0.128198284,0.012222873,-0.051228026,-0.070510581,-0.005671324,-0.000210802,0.015445126,-0.004698893,0.014542472,-0.015039851,0.016039014,0.019324294,0.008542953,0.002345003,-0.006114875,-0.000364495,0.005298453,0.004188435,-0.007032568,0.000930337,0.00155816,0.008995057,0.006382816,0.002517537,0.00758651,-0.002971193,-0.003743522,0.000919985,0.003303303,-0.000104363,2.685,1.1359,2.527,1.13,2.4622,1.13,2.397,1.1246,2.3236,1.1187,2.4725,1.1823,2.5027,1.1699,2.4412,1.1704,2.3677,1.1807,2.4288,1.1857,2.4878,1.1886,2.4725,1.1831,2.6133,1.2184,2.5108,1.226,2.4569,1.2276,2.3981,1.2384,2.3285,1.2427,0.217506804,0.145157604,0.145354223,0.109302973,26.69779013,0.043906264,0.050450173,0.046717235,0.045531967,0.09735728
PBX006V03a,PBX,0.443603111,0.164072328,-0.009996582,-0.037828967,-0.06642787,-0.003725122,-0.025588966,0.033501776,-0.007177196,0.003033667,-0.000724819,0.007128608,0.00615081,-0.01711894,-0.001773372,0.007559905,0.000579843,-0.000758904,-0.008725429,-0.000816561,3.13E-05,0.002176999,0.001233169,0.006151327,0.004783153,0.00439097,-0.00210762,-0.001223542,0.006358609,0.004278316,-0.000168011,2.7217,1.123,2.5572,1.117,2.4844,1.1154,2.4148,1.1079,2.3371,1.0971,2.4854,1.1758,2.5194,1.1667,2.4428,1.1667,2.3592,1.1699,2.445,1.1802,2.5054,1.1828,2.4854,1.1769,2.6419,1.2087,2.5264,1.2163,2.4709,1.2206,2.4045,1.2319,2.3333,1.2411,0.242127095,0.159698121,0.159920793,0.117100512,24.46759221,0.039537956,0.04798927,0.062441413,0.066047332,0.103966966
PBX006V04b,PBX,0.398183242,0.136763189,0.035978054,-0.012839655,-0.043772974,-0.016936338,0.015265964,-0.021949767,-0.007047053,-0.003877768,0.009029168,-0.017395128,0.012625101,-0.007702803,0.015950617,0.00585163,-0.000953369,-0.004874916,0.003638174,0.009490063,-0.000875808,0.006511465,-0.001986456,-0.004375407,0.001793948,-0.000505383,0.006132358,0.004521559,0.001300705,0.000380111,-0.00146397,2.6625,1.1483,2.5115,1.1383,2.4468,1.1296,2.3842,1.1174,2.3166,1.1102,2.4727,1.1828,2.4849,1.1796,2.4216,1.1713,2.3522,1.1717,2.4259,1.1807,2.4856,1.1872,2.4727,1.1831,2.6111,1.2157,2.5032,1.2211,2.4488,1.2282,2.3894,1.233,2.3263,1.2362,0.192910057,0.142187623,0.142256705,0.084762728,23.67416429,0.038196466,0.052731964,0.049124841,0.048722993,0.083214963
PBX006V07,PBX,0.44587701,0.217897672,-0.045396255,-0.014578404,-0.105401971,-0.020818682,0.011729039,0.00599736,-0.012782067,-0.00037281,-0.000262462,-0.001537918,-0.010384211,-0.000846716,0.003867211,0.012672843,0.013320748,0.001199425,-8.49E-05,-0.003723564,0.001712855,-0.007283039,0.005662362,0.003797672,0.010192777,0.003758067,-0.003704135,-0.005556359,0.000518193,-0.003568276,-0.002199282,2.7303,1.1499,2.5626,1.1386,2.4817,1.1343,2.4115,1.1278,2.3382,1.1192,2.4703,1.1877,2.5187,1.1872,2.4414,1.1839,2.3468,1.1899,2.4477,1.1947,2.5129,1.1963,2.4703,1.1888,2.6526,1.2217,2.5421,1.2325,2.4784,1.2341,2.418,1.2443,2.3522,1.2513,0.262733401,0.185244973,0.185443495,0.105794754,18.8365834,0.046508924,0.049948473,0.065491755,0.063908137,0.096111706
PBX006V08,PBX,0.475408554,0.147482757,-0.083787264,-0.013191816,-0.061925063,-0.025453304,0.044120037,0.00199491,0.001844981,-0.008238671,-0.003929747,0.010595621,0.004446942,-0.006763016,0.011284749,0.001794707,-0.002839507,-0.003272565,0.010934123,0.007349267,-0.000567953,0.003637911,0.010340369,-0.001313464,-0.001275078,-0.003923935,-0.005750746,-0.002082464,0.004014209,-0.00048436,-0.000810011,2.7282,1.1359,2.5378,1.1318,2.4615,1.1303,2.39,1.1235,2.3134,1.1117,2.4595,1.1872,2.4822,1.1823,2.418,1.1737,2.3382,1.1796,2.4218,1.1909,2.4806,1.1931,2.4595,1.1882,2.6618,1.2443,2.5205,1.2416,2.459,1.2433,2.397,1.2524,2.3263,1.2497,0.273553249,0.209934514,0.210203949,0.127120101,26.57072825,0.062803344,0.064261964,0.075110652,0.06144762,0.111154532
PBX006V09,PBX,0.462697523,0.127064404,-0.059839302,-0.013194966,-0.069630486,-0.013073878,0.035549878,0.01632145,0.015554742,-0.001931663,-0.008373947,-0.035187518,-0.000569199,0.027095267,0.010045947,-0.027803625,-0.000200138,-0.010316493,0.006752787,-0.01655407,-0.010891554,0.006810562,-0.002354089,-0.002543544,0.003207043,0.001635294,-0.0045423,-0.003275593,-0.00018471,-0.000152585,0.000431941,2.7508,1.1165,2.536,1.1242,2.482,1.1228,2.413,1.1221,2.3396,1.1149,2.4899,1.1861,2.5137,1.1753,2.4504,1.1724,2.3738,1.1828,2.4461,1.1926,2.5072,1.1962,2.49,1.1869,2.6766,1.2188,2.5622,1.2303,2.4867,1.2332,2.4241,1.2404,2.3493,1.2454,0.270024017,0.189307079,0.189542027,0.126376145,24.87131838,0.064713291,0.057417071,0.055753924,0.058810883,0.109287007
PBX006V11,PBX,0.444061705,0.068426081,0.067323417,0.012038002,0.022040764,-0.019749049,-0.010060133,0.02842546,-0.006070244,-0.010258697,0.002229642,-0.007898973,-0.0111217,-0.008840621,0.01156563,-0.004812637,-0.014285295,-0.003040031,-0.004831885,-0.005016846,-0.000572925,0.005749436,0.004727005,0.000161318,0.00864209,-0.000208341,-0.003955414,0.004217319,0.000572981,0.002366529,0.000549535,2.7055,1.1068,2.5302,1.1134,2.4662,1.1163,2.3993,1.1142,2.3152,1.1113,2.5237,1.1726,2.4993,1.1699,2.4306,1.1685,2.3727,1.1764,2.436,1.1803,2.5036,1.1825,2.5245,1.1825,2.6424,1.2036,2.5227,1.2155,2.4655,1.2241,2.4013,1.2314,2.3269,1.2389,0.193341356,0.119773202,0.122681254,0.115550206,34.53361612,0.03812886,0.052808049,0.064397671,0.063183859,0.102375095
PBX006V13,PBX,0.42863465,0.068397109,-0.073255054,-0.038498158,-0.076432001,-0.029263619,-0.014935185,-0.027640632,0.010678712,-0.024485092,0.004718884,-0.008090669,0.003443125,-0.009109786,-0.001586577,-0.011605437,0.003639531,-0.002727104,-0.005973288,-0.005753842,0.002163428,0.007114985,-0.003164995,0.003250111,0.004368313,8.75E-05,-0.005264246,-0.00286126,0.001280945,0.00075149,-0.00012355,2.7055,1.1197,2.5191,1.1124,2.4558,1.1102,2.3979,1.1063,2.3245,1.0987,2.465,1.1739,2.4749,1.1718,2.4202,1.1677,2.3848,1.171,2.4266,1.1756,2.4755,1.1766,2.465,1.1742,2.6323,1.2069,2.5173,1.2206,2.4612,1.2249,2.4,1.2364,2.3324,1.2479,0.246531722,0.170465774,0.170523576,0.113851131,23.85859727,0.060689703,0.060229976,0.074040529,0.06762847,0.108214971
PBX006V14,PBX,0.480081889,0.054300351,-0.087385336,0.017399117,-0.005739732,-0.008807196,0.007988303,-0.016254665,-0.00747868,-0.012684364,0.000229491,0.000895833,0.00777094,-0.003840661,-0.009885537,0.004629039,-0.001742057,-0.005811259,0.001127153,0.007174338,-0.011100648,-0.012198235,-0.002856478,-0.001003363,-0.004243592,-0.003406077,0.004894008,-0.002867077,0.000806974,0.002476816,-0.000664495,2.7395,1.1117,2.5187,1.107,2.4569,1.1027,2.3864,1.0904,2.3224,1.0832,2.4852,1.1656,2.469,1.161,2.4079,1.1562,2.3603,1.1618,2.4083,1.1688,2.4691,1.1667,2.4852,1.166,2.6618,1.2238,2.5065,1.2174,2.4525,1.2249,2.3894,1.2346,2.3285,1.2395,0.259949418,0.185818191,0.185943002,0.136395381,30.20705116,0.063001984,0.071420235,0.073389986,0.07254826,0.111072049
PBX006V20,PBX,0.438005988,0.043850145,-0.034175359,0.001854101,-0.027696693,-0.007835518,0.005666162,-0.013918459,-0.000701376,-0.013314294,0.004184241,-0.010525006,0.015411859,-0.002065327,-0.002265373,-0.00906711,-0.002704294,0.001294454,-0.001097029,-0.002562676,-0.004865663,0.000285291,0.005688121,-0.000223222,-0.007693645,-0.00422648,0.011259136,-0.002558542,-0.008503512,0.000155137,-0.001449019,2.7055,1.1219,2.5079,1.117,2.4497,1.1134,2.3871,1.1034,2.3209,1.1041,2.4834,1.1754,2.4755,1.1699,2.4173,1.1613,2.3756,1.1728,2.4162,1.1764,2.473,1.176,2.4835,1.1758,2.6402,1.2145,2.5065,1.2174,2.4518,1.226,2.3914,1.2382,2.3238,1.2397,0.228452752,0.161408116,0.161601516,0.113308649,27.54537968,0.053256079,0.061053419,0.06203362,0.057828799,0.10040976
PBX006V21,PBX,0.405868025,0.010376566,0.040334124,-0.045724322,0.003582057,-0.041197361,-0.001035648,0.01678715,-0.003356909,-0.018977565,0.021748463,-0.008463889,0.001472398,-0.004169058,0.007663567,0.00507863,0.003480559,-0.006542272,-0.000122532,-0.007058653,-0.006566884,0.002160668,0.008546911,-0.005588479,-0.002957422,-0.006267506,0.003576023,0.004817693,0.001869889,0.004363515,-0.002414856,2.6634,1.11,2.5049,1.1117,2.445,1.1149,2.3786,1.11,2.3112,1.1079,2.49,1.1726,2.4765,1.1721,2.4134,1.1677,2.39,1.1713,2.4202,1.1782,2.4763,1.1803,2.4903,1.1818,2.6086,1.217,2.5014,1.2141,2.441,1.2242,2.3842,1.2314,2.3202,1.2321,0.18435379,0.123425808,0.126638541,0.120216638,40.37461549,0.042100475,0.050484057,0.066743689,0.061533731,0.102459797
PBX006V22,PBX,0.458157813,0.032978885,0.017953786,0.051748428,0.030285282,-0.018096938,-0.015124265,0.01995956,-0.019961082,-0.01807529,0.006869878,0.008029877,-0.01695859,0.007723044,-0.006382643,0.009862136,-0.004411728,-0.001935534,-0.009353759,-0.007047496,-0.004986526,0.01060879,0.008527036,-0.005913622,0.001339805,0.003625294,-0.000726128,-0.005113342,-0.002572035,-0.00512026,-0.000381358,2.7206,1.1251,2.5227,1.1242,2.4536,1.1214,2.3867,1.1185,2.3127,1.1163,2.5159,1.1831,2.4784,1.185,2.4101,1.1778,2.3673,1.1802,2.4112,1.1837,2.4795,1.1896,2.517,1.1955,2.6406,1.222,2.5036,1.2267,2.4457,1.2285,2.3894,1.2438,2.3236,1.2443,0.21275829,0.1264089,0.130626567,0.125656715,33.14486778,0.044240479,0.056544584,0.075227189,0.07122647,0.104264376
PBX008V01,PBX,0.408930905,0.284156585,-0.098192061,-0.05344843,-0.045672064,0.042904675,-0.024825459,0.008047502,0.171477319,0.005287471,0.098624075,0.042963234,-0.029760121,-0.021121408,-0.003659644,-0.008560026,0.016917894,-0.002145959,-0.002458964,0.003318652,-0.01250905,-0.001588485,0.002298355,0.000496908,-0.00389304,0.001944146,5.36E-06,0.003617131,0.004938258,-0.0032948,-0.002034941,2.7228,1.1219,2.5766,1.1206,2.5147,1.1199,2.4471,1.1142,2.3903,1.1041,2.4937,1.1748,2.5399,1.1742,2.4736,1.1704,2.3533,1.1753,2.5415,1.1861,2.4676,1.1812,2.4937,1.1751,2.6489,1.2055,2.5669,1.2109,2.5151,1.2184,2.4547,1.2309,2.3894,1.2422,0.235128093,0.158149297,0.158207238,0.11158033,24.19111294,0.103646418,0.041716304,0.064960373,0.065111136,0.090819491
PBX009V05,PBX,0.436438196,0.084856949,0.021198563,0.041925449,-0.008671106,-0.009433099,-0.031604498,0.011340334,0.000449032,-0.023517503,0.001219809,-0.017894499,-0.001768659,-0.004086184,0.002797343,-0.012233752,-0.002967486,-0.012621566,0.000562854,-0.005284589,-0.005567044,0.007836557,-7.12E-05,-0.008371837,-0.002272205,-0.002868011,0.000618307,0.003490107,0.002951714,0.004795812,0.0005542,2.699,1.11,2.5122,1.1127,2.4547,1.1127,2.3885,1.107,2.3145,1.1034,2.4982,1.1719,2.4777,1.1706,2.4162,1.1667,2.3552,1.168,2.4172,1.1745,2.4791,1.1749,2.4982,1.1723,2.6294,1.1847,2.5124,1.205,2.4498,1.219,2.39,1.23,2.3202,1.235,0.210124368,0.131784673,0.131822912,0.102099216,22.70499803,0.044887637,0.055163484,0.067399258,0.066319303,0.092300217
PBX009V07,PBX,0.447882797,0.086383342,-0.010373287,0.0184464,0.013035229,-0.013804223,0.006981074,-0.001733974,-0.009404622,-0.007331571,0.006937287,0.006207711,-0.004899455,-0.013537592,-0.001970822,-0.001365376,-0.00255872,-0.001110936,-0.002498159,0.002412637,-0.002233125,-0.002676777,-0.000148503,0.003316676,0.00159105,-0.003114234,-0.000350014,-0.005097726,0.002973457,0.000321229,-8.93E-05,2.7131,1.1262,2.5264,1.1224,2.4595,1.1187,2.3943,1.1133,2.3225,1.1068,2.5011,1.1771,2.4849,1.1744,2.4169,1.1699,2.3576,1.1742,2.4256,1.1812,2.4853,1.1785,2.5014,1.1819,2.6451,1.2249,2.5108,1.226,2.4569,1.2303,2.3981,1.2373,2.3296,1.2443,0.218024792,0.149995633,0.151726201,0.119856956,31.86414333,0.053911965,0.058228,0.066530068,0.066604805,0.104767934
PBX009V12,PBX,0.418372152,0.005533034,0.06045336,-0.027557232,-0.011783727,-0.015892459,-0.016443269,-0.002754606,0.010251442,-0.017387059,-0.002230651,0.003665425,0.012497382,-0.00477238,-0.002451732,-0.000490505,-0.003384914,-0.005612604,0.002543388,-0.006836098,0.00078348,-0.000689568,-0.008942168,0.000704968,-0.001238776,0.000311436,-0.005158132,-0.006043881,-0.003443185,0.000908347,0.000236343,2.6764,1.123,2.5047,1.1214,2.4464,1.1192,2.3788,1.1142,2.3047,1.1106,2.495,1.1782,2.4752,1.1735,2.423,1.1685,2.3896,1.1753,2.4202,1.1818,2.4752,1.1807,2.4949,1.1788,2.6106,1.2131,2.4989,1.2233,2.4428,1.2255,2.3759,1.2357,2.3123,1.2454,0.189612763,0.120677173,0.120753344,0.111569037,33.72422815,0.048748846,0.049198069,0.05987203,0.054571513,0.10206493
PBX009V14,PBX,0.439734361,0.050394267,0.035018217,-0.005531104,0.00370268,-0.036961993,-0.008909278,0.03635774,-0.015435833,-0.023266235,0.010146762,0.00233421,-0.008496633,-8.72E-05,0.000916728,0.006006395,-0.005374258,0.003265236,-0.002336948,0.006174775,0.00324453,-0.004430668,0.003998279,-0.01213583,0.003609332,-0.003717578,0.004048605,-0.000139627,0.000843615,0.000998567,0.000166066,2.6974,1.1073,2.528,1.117,2.4547,1.1181,2.3867,1.1117,2.3112,1.1117,2.5029,1.1764,2.4874,1.1794,2.4187,1.1753,2.3752,1.1778,2.4195,1.1839,2.4881,1.1834,2.5043,1.1834,2.6311,1.2157,2.5086,1.2195,2.4536,1.2276,2.3894,1.2352,2.3209,1.2357,0.206409932,0.130849264,0.134088516,0.127067895,36.60163505,0.041514576,0.055430136,0.074445416,0.067585797,0.104319749
PBX009V17,PBX,0.440675461,0.171740801,-0.038075442,-0.005106075,-0.056734785,-0.021606932,0.055598374,-0.002299418,-0.003967611,-0.013690153,-0.003219816,-0.012426313,-0.004344506,-0.008097671,-0.005459829,-0.008699758,-0.009255863,-0.00036465,-0.006686078,-0.002333604,-0.004630777,-0.006661319,0.01163791,0.001065037,-0.001040645,0.000352827,0.003681018,0.000446135,-0.005673305,-0.00166972,-4.69E-05,2.7001,1.13,2.5167,1.1241,2.452,1.1224,2.3883,1.1143,2.3139,1.1106,2.4597,1.1739,2.4827,1.1742,2.4148,1.167,2.331,1.1739,2.4245,1.1749,2.4874,1.1782,2.4597,1.1739,2.6384,1.2246,2.5144,1.2174,2.4579,1.221,2.3936,1.2318,2.3234,1.2307,0.244375469,0.185753008,0.185753008,0.112942685,26.18835784,0.047598739,0.056927761,0.060547585,0.058077534,0.093328345
PBX009V18,PBX,0.468702996,-0.018003456,0.041552645,0.048168229,0.079482774,-0.013073823,0.010285989,-0.010628352,-0.005169147,-0.004157622,0.003220416,0.021802644,0.002098079,-0.000510633,-0.015368425,0.003571292,-0.006365633,-0.003051823,-0.010860724,0.004726925,-0.004180589,0.001483196,0.004830823,-0.000254585,0.000452549,0.002218106,-0.001241239,-0.002391956,0.003150775,0.00121874,-0.000145299,2.7346,1.1262,2.5307,1.1246,2.4628,1.1219,2.3997,1.116,2.3258,1.1106,2.5529,1.1771,2.4914,1.1742,2.4299,1.1715,2.3957,1.1742,2.4313,1.1782,2.4921,1.1796,2.5532,1.1893,2.6647,1.24,2.5169,1.23,2.4651,1.2328,2.4022,1.2461,2.3367,1.2497,0.188694727,0.122485673,0.128279577,0.133553173,45.01188362,0.056171167,0.064215263,0.063282304,0.059519493,0.106299577
PBX009V19,PBX,0.449652041,-0.008448054,0.083130468,0.009628351,0.048733111,-0.004481209,-0.038112381,-0.012908323,0.007934021,-0.016250524,0.011598239,-0.01276093,-0.00320823,0.006641692,0.002257808,0.004146942,-0.002314858,0.00447373,0.005755593,0.006824643,-0.004089912,0.004302301,0.004078022,-0.008171641,0.007079385,-0.002285072,0.009405804,-0.003212538,-0.006925871,3.34E-05,-0.001612096,2.7077,1.1111,2.5173,1.1066,2.454,1.0998,2.3853,1.0861,2.3145,1.0858,2.5342,1.1631,2.4878,1.1627,2.4295,1.1541,2.3921,1.1602,2.432,1.1667,2.4885,1.1685,2.5352,1.1753,2.6309,1.1987,2.509,1.2116,2.4558,1.2199,2.3873,1.2276,2.3209,1.2265,0.181124957,0.098519287,0.103044893,0.116498927,36.89522395,0.047726932,0.058281043,0.063383436,0.059571302,0.105327537
PBX009V20,PBX,0.445946122,0.057110299,0.006923502,-0.032244089,0.001143998,-0.000896909,-0.005633905,-0.001665552,0.003153582,-0.028307331,0.004169018,-0.010089151,-0.002557782,0.003561038,-0.008919741,-0.012201717,-0.005843933,-0.00864691,0.002530334,0.00026114,0.003685145,0.000176632,-0.00228148,-0.002447956,0.000332759,-0.004260079,-0.005691686,-0.002077541,-0.003018723,-0.000900428,0.00061978,2.706,1.1181,2.5097,1.1232,2.4507,1.1217,2.3889,1.1167,2.3112,1.1106,2.4933,1.1858,2.4822,1.1855,2.4248,1.1777,2.3695,1.1834,2.4283,1.188,2.4831,1.1877,2.4933,1.1859,2.6305,1.2264,2.509,1.2357,2.4507,1.2407,2.3867,1.2479,2.3198,1.253,0.223214202,0.143052753,0.143081096,0.132019468,34.14013654,0.054541819,0.05726299,0.068099486,0.061699352,0.112502178
PBX009V21,PBX,0.434441799,0.041565471,-0.001179311,-0.010632498,-0.029076413,-0.032086743,-0.049362584,0.004463579,0.000849773,-0.006770473,-0.022486104,0.014830809,-0.040165691,0.025941485,-0.035528351,0.005082751,0.016575036,0.004062814,0.000944816,0.000288494,0.000906684,0.000350602,0.003062135,0.005931234,-0.005932196,-0.00200655,0.000308827,0.003633338,-0.00052624,-0.006630656,-0.001340855,2.7109,1.1133,2.5183,1.1138,2.4443,1.1131,2.3759,1.1095,2.3083,1.1037,2.4828,1.1742,2.4694,1.1703,2.4079,1.1641,2.3741,1.1728,2.4083,1.1724,2.4692,1.1747,2.4828,1.1744,2.5939,1.2069,2.5011,1.2134,2.445,1.2228,2.3799,1.2335,2.3177,1.2389,0.236089856,0.115756037,0.115812348,0.149833107,31.34932127,0.050152767,0.062346211,0.074722553,0.062657482,0.10107423
PBX009V24,PBX,0.451801771,0.067941842,-0.031400753,0.015370462,0.014453057,-0.010604672,0.024145435,-0.024605074,0.007973508,-0.019064906,0.000877053,0.016610352,0.015721277,-6.56E-05,-0.006585672,0.004466017,-0.006950955,-0.011726329,0.001403365,0.018294607,0.003673598,0.000548509,-0.007391733,0.005293415,0.002513767,0.001998526,-0.00013815,0.006434309,0.001074237,0.000520091,-0.00036826,2.719,1.1154,2.5264,1.1224,2.4569,1.1197,2.3964,1.1106,2.3231,1.1041,2.5036,1.1749,2.4809,1.1706,2.4297,1.1667,2.3679,1.171,2.4302,1.1706,2.4809,1.1737,2.5036,1.175,2.6597,1.2244,2.5173,1.2244,2.4655,1.2314,2.3997,1.2389,2.343,1.2497,0.223466798,0.163730174,0.163760374,0.124086623,33.03581535,0.06241354,0.070304552,0.066283407,0.054303223,0.102405127
PBX009V26,PBX,0.439002668,0.029046389,0.053840719,-0.029739195,0.017229093,-0.001456118,-0.006272453,0.013256712,0.003599294,-0.025980526,0.004275855,0.005379689,-0.005988541,0.006669615,-0.006582551,-0.006438293,0.007868949,0.000766704,-0.001102462,-0.005788235,0.00279743,-0.004512292,0.008307931,0.007981332,-0.00352584,0.000492798,0.0003104,-0.00022369,-0.000894708,0.005305917,-8.21E-05,2.6969,1.1154,2.5129,1.1138,2.4466,1.117,2.3824,1.1117,2.3091,1.109,2.5044,1.1795,2.4833,1.1731,2.4272,1.1715,2.3776,1.1796,2.4288,1.1807,2.4827,1.1796,2.5046,1.1828,2.6201,1.2231,2.504,1.2242,2.4421,1.231,2.3824,1.2375,2.3123,1.2404,0.202891745,0.122328819,0.123642428,0.13227823,39.06533628,0.049425196,0.052028646,0.06627707,0.057849892,0.11075816
PBX009V27,PBX,0.419196025,0.037267578,0.0594924,-0.067868305,0.023016864,-0.056252826,-0.012960259,-0.00706398,0.014833652,-0.012549194,0.010393481,0.008517221,0.002336744,0.000163645,0.006578327,-0.015309743,0.004470216,-0.008569497,1.18E-05,0.00745472,0.019284389,0.007831973,0.001030363,-0.001719932,-0.005211656,0.000102145,-0.001882359,-0.005839526,0.004152898,0.001311493,0.000840737,2.6755,1.1034,2.5243,1.1117,2.4515,1.1106,2.3932,1.1073,2.3101,1.1052,2.5065,1.1737,2.4899,1.1695,2.431,1.1661,2.3921,1.1683,2.4365,1.1742,2.4885,1.1721,2.507,1.1748,2.6143,1.2179,2.5232,1.2238,2.4612,1.2265,2.4002,1.2368,2.3263,1.2416,0.183038493,0.115632608,0.11650957,0.129829465,44.88069365,0.0622654,0.05783926,0.067262174,0.059165023,0.112105397
PBX009V28,PBX,0.433409793,0.03774987,0.000132587,0.017791823,-0.025100216,-0.005719993,-0.005617793,-0.016510715,-0.003824839,-0.013558406,0.012107179,-0.003788498,-0.005022861,0.006571185,0.011086983,0.002856407,-0.007354091,-0.000844546,0.002525431,-0.004007572,0.0010734,0.003035179,0.002348752,-0.003673754,-0.003612207,-0.003649383,-0.00506691,0.005061308,-0.000904652,-0.002361986,-3.51E-05,2.7066,1.1143,2.5151,1.1095,2.4518,1.1073,2.3878,1.1037,2.3145,1.0973,2.4968,1.1681,2.4809,1.1648,2.4215,1.1564,2.3821,1.1653,2.4245,1.1704,2.4796,1.1734,2.4968,1.1686,2.6392,1.1953,2.5081,1.2077,2.4536,1.2179,2.3986,1.226,2.3333,1.2319,0.216588273,0.144881503,0.144974481,0.10537438,25.1965862,0.044595291,0.055705116,0.065020997,0.05769662,0.098449175
PBX009V29,PBX,0.418041108,0.070529384,0.042663152,-0.014557697,0.012389941,-0.030019475,-0.026552964,-0.015586411,-0.001049566,-0.002834032,-0.000571209,0.026031862,0.010259426,0.011194472,0.004561809,0.014137028,-0.004983839,0.000817032,-0.011223228,-0.003526974,0.012162976,-0.002555114,-0.000228662,0.003625475,-0.005984485,-0.003775371,-0.010462943,0.000866649,0.002981721,-0.000121481,-0.000395179,2.7001,1.1273,2.5424,1.1181,2.4691,1.1181,2.4072,1.116,2.3267,1.1073,2.5186,1.1783,2.5032,1.1749,2.4466,1.168,2.3883,1.1748,2.4391,1.1783,2.497,1.178,2.5183,1.1789,2.6302,1.217,2.5227,1.2195,2.472,1.2246,2.4112,1.2379,2.3497,1.2479,0.188529175,0.118208375,0.118119643,0.113719391,34.82015016,0.048813318,0.056798768,0.069013622,0.054738104,0.103295934
PBX009V30,PBX,0.441484281,0.07532836,-0.018276266,-0.029896154,-0.04872743,-0.005899098,-0.020304514,0.011384652,-0.018717829,-0.015384065,0.004034688,0.002236314,-0.000827842,-0.008326594,-0.009158742,0.00637155,-0.00954974,0.009858805,-0.004271051,0.005177063,-0.012442146,0.008727744,-0.00659478,-0.001715417,-0.006923895,0.001903617,0.005620655,-0.005886718,0.000466083,-0.005761889,-0.000137217,2.7109,1.11,2.5254,1.1117,2.4617,1.1052,2.3878,1.1009,2.3215,1.0965,2.4799,1.1733,2.4902,1.1684,2.4218,1.1618,2.3732,1.1656,2.4229,1.1721,2.4863,1.1753,2.4799,1.1736,2.6321,1.2055,2.5005,1.2141,2.4558,1.2184,2.3916,1.2314,2.3209,1.2389,0.239515949,0.155507074,0.155568891,0.123813125,27.26991753,0.041316825,0.056798768,0.06673777,0.069250054,0.105383917
PBX009V32,PBX,0.44460525,0.102527075,-0.019290865,0.072368484,6.26E-05,-0.014346167,0.02349655,-0.014224141,-0.02133722,0.000764947,0.006096231,-5.78E-05,0.000882086,0.002655101,-0.008265084,0.026520758,0.01413,-0.013007067,0.006775131,0.002653169,-0.001391919,-0.011183811,-0.002521477,-0.00032649,-0.003597275,-0.005264695,-0.000167491,-0.003497736,-0.001522816,-0.002843973,-0.003090833,2.7111,1.125,2.5223,1.1214,2.45,1.1174,2.3817,1.1099,2.3213,1.1055,2.4965,1.1678,2.4802,1.1674,2.4083,1.1606,2.3457,1.1681,2.4126,1.1724,2.4806,1.1686,2.4964,1.1679,2.6489,1.206,2.5124,1.2093,2.4488,1.2168,2.3921,1.2282,2.3452,1.2346,0.218826415,0.15718734,0.157114608,0.102126588,25.35074492,0.051650073,0.057286997,0.062357117,0.060042735,0.088455752
PBX009V33,PBX,0.407175488,0.069660639,0.045462037,-0.066644896,-0.038053878,0.092378561,0.013466834,-0.009142528,-0.152084233,-0.000709542,0.064186131,0.109317827,-0.071980477,0.010480836,0.081074743,-0.044406111,0.011286609,-0.013740014,0.008497355,-0.002389044,-0.002248189,-0.00694535,-0.011081978,0.002743895,7.05E-05,-0.002498999,0.001931446,0.002316234,-0.000113721,0.00165676,0.000287947,2.671,1.1187,2.5093,1.1152,2.4417,1.1081,2.377,1.0994,2.3001,1.0965,2.4705,1.1602,2.5,1.1613,2.4234,1.1537,2.3681,1.1594,2.4258,1.1632,2.4876,1.1669,2.4705,1.1613,2.5976,1.2044,2.4434,1.2131,2.3813,1.2228,2.4371,1.19,2.3155,1.2249,0.204749847,0.134208867,0.134566155,0.112836386,30.8696049,0.063938095,0.074380172,0.047028715,0.049135018,0.118013643
PBX009V35,PBX,0.412154326,0.128465461,0.026624266,-0.027912783,-0.033429584,0.008578752,0.009107701,0.006392744,-0.010224749,-0.009143218,-0.013579892,0.009878085,-0.007460139,-0.012427281,-0.01330535,-0.006713747,-0.004971486,0.023049546,-0.014499177,-0.001943253,0.000387056,-0.003202274,-0.003158114,0.000205185,0.002905142,-0.00389843,-0.001751148,0.005725303,-0.00270365,0.003193336,0.000789852,2.6764,1.1197,2.5086,1.1111,2.4412,1.1127,2.3819,1.1073,2.3118,1.1041,2.4691,1.1634,2.4799,1.1627,2.4198,1.1573,2.3436,1.1631,2.4213,1.1688,2.4809,1.1699,2.469,1.1637,2.6021,1.2055,2.4863,1.2055,2.4461,1.212,2.3821,1.217,2.3094,1.2278,0.211856036,0.139509319,0.139504158,0.113499471,29.46871262,0.036007221,0.049812448,0.059044475,0.049468374,0.096998196
PBX009V36,PBX,0.454800526,0.100260384,-0.025193327,0.013248824,0.043111015,-0.014308444,0.0214366,-0.013110426,-0.00656976,-8.89E-05,-0.004488651,0.013726555,0.007294913,-0.003031009,0.00262515,0.007115242,0.002653448,8.57E-05,-0.012351833,0.000535077,-0.006747039,0.003334709,-0.000226314,0.008005442,-0.011402083,0.001351746,0.006895096,-0.001050618,-0.003004104,-0.000923041,-0.000284583,2.7131,1.1057,2.5252,1.1045,2.4561,1.103,2.39,1.0982,2.3236,1.0976,2.5036,1.1649,2.4824,1.157,2.422,1.1519,2.3465,1.1613,2.423,1.1634,2.4842,1.1649,2.5042,1.1686,2.6499,1.2206,2.5146,1.2114,2.4601,1.2157,2.4035,1.2303,2.3371,1.24,0.217703675,0.154701293,0.156544498,0.131134473,36.62215879,0.055555468,0.064122539,0.067735441,0.059615602,0.107424252
PBX010V02,PBX,0.460803287,0.011063347,-0.011639585,0.026101141,0.015475702,-0.019156585,0.007170792,-0.001720971,0.010621514,-0.017638913,0.017043565,0.003283632,-0.002067787,0.004796781,-0.000286236,0.01040705,-0.018046311,-0.011681446,0.000927838,-0.007736345,0.005429082,-0.011919866,0.006631784,0.003267737,0.004747782,-0.005641358,-0.004333826,-0.000145468,-0.000308846,0.001283227,-0.000659194,2.7163,1.1122,2.5122,1.1106,2.4504,1.1106,2.3857,1.1052,2.3026,1.0987,2.5047,1.1713,2.4709,1.1692,2.4097,1.1638,2.377,1.1739,2.4166,1.1778,2.4669,1.1749,2.5051,1.178,2.6499,1.2195,2.5065,1.2179,2.4493,1.2255,2.383,1.2335,2.3274,1.2368,0.219698361,0.150629645,0.152991111,0.126183398,33.96897026,0.05845648,0.057832344,0.071691352,0.066983058,0.107451291
PBX011V01,PBX,0.464660676,0.047689496,-0.020708831,0.029938354,-0.027842721,0.000515352,0.017215041,-0.012407411,-0.002917766,-0.012701428,-0.004318824,0.03354615,-0.005552546,-0.000442628,-0.003009783,0.018344672,0.00735445,0.004146049,-0.000823601,-0.004789587,0.006821897,-0.003892035,-0.002607465,0.009138121,-0.000892568,0.00340788,0.00206386,0.000734416,0.001987699,0.000429793,-0.001272031,2.7799,1.1219,2.5798,1.1109,2.4993,1.1073,2.4317,1.1016,2.359,1.0994,2.5426,1.1668,2.5243,1.1575,2.4687,1.1553,2.4186,1.1634,2.4693,1.1677,2.5243,1.1677,2.5426,1.1669,2.7017,1.2136,2.5523,1.2114,2.4957,1.2174,2.4369,1.2244,2.3749,1.2373,0.241510455,0.165812243,0.165840435,0.120516099,27.10587308,0.051900771,0.056276549,0.072469373,0.05692416,0.10419453
PBX011V03,PBX,0.429000703,0.161599877,0.022514147,-0.051802927,-0.027521275,0.019223977,-0.02486842,0.018278809,-0.023314439,-0.003742922,0.017105021,-0.004564209,0.002121067,0.003073892,-0.004841816,-0.003261992,-0.015857675,0.020176841,-0.015729755,0.005146492,-0.002219263,-0.001802091,-0.000950658,-0.00491161,0.001631963,0.001831685,0.00131807,-6.59E-06,0.004886678,0.006621072,0.001341189,2.698,1.1003,2.5291,1.1034,2.463,1.1055,2.3997,1.1012,2.3256,1.0976,2.4874,1.1681,2.5183,1.1631,2.4414,1.1652,2.3501,1.1695,2.4414,1.1731,2.5016,1.1718,2.4875,1.1683,2.6254,1.1934,2.5073,1.2066,2.4687,1.2155,2.4072,1.2265,2.3321,1.2371,0.221244661,0.140165688,0.1403,0.118060874,28.23416249,0.035263721,0.050428662,0.06066902,0.0634874,0.105477391
PBX011V05,PBX,0.505113732,0.033210807,0.039168851,0.083269051,0.09008861,-0.021846337,-0.024057137,0.004588919,-0.000453345,-0.001613495,0.004483411,-0.001777306,-0.00550826,0.00069444,0.002309033,-0.006284281,0.004437099,0.003398122,-0.010377818,-0.000387239,-0.008760657,-0.002836896,0.011629545,-0.002992275,0.003927073,-0.00166659,0.001018337,-0.005137823,0.00574984,-0.002230236,-0.001259538,2.7573,1.1219,2.5442,1.1127,2.4709,1.1063,2.4008,1.1019,2.3263,1.0933,2.5651,1.1713,2.4946,1.1703,2.4234,1.1667,2.3655,1.171,2.4248,1.1778,2.495,1.1764,2.5651,1.1886,2.6766,1.2217,2.534,1.2228,2.4703,1.2298,2.4056,1.2427,2.3274,1.24,0.19844697,0.116309329,0.1223618,0.128345354,38.73820349,0.0606132,0.069095948,0.076012631,0.076840159,0.11057147
PBX011V07,PBX,0.469760641,0.114548208,-0.049590899,0.045709891,-0.067338176,-0.043175583,-0.000780329,0.011914062,0.001698159,0.00603667,0.043548945,0.013135997,0.015863175,0.026496675,-0.002951184,0.029167455,0.02324754,-0.003718342,0.003275794,0.002585086,0.000926743,0.006771929,0.004923768,0.00322418,0.008282561,-0.010315735,0.010347165,-0.001423548,-0.005958612,-0.00078553,0.034215731,2.7443,1.1165,2.5626,1.1084,2.4698,1.107,2.3972,1.0958,2.3314,1.0912,2.4799,1.1663,2.5144,1.1663,2.4252,1.1559,2.3691,1.1624,2.4274,1.1659,2.4799,1.167,2.5086,1.1731,2.6751,1.1958,2.5442,1.203,2.4712,1.2113,2.4069,1.2231,2.3526,1.2289,0.269049066,0.168040293,0.197416539,0.105247945,19.26065917,0.073691858,0.063084071,0.07533691,0.066184364,0.096372818
PBX011V09,PBX,0.469711989,0.045111151,-0.009460681,0.050762349,-0.000296253,-0.007499328,0.019603403,-0.012414812,-0.002547749,-0.021355167,0.004236494,0.005446377,0.004063939,0.007524451,-0.010115097,0.007339876,-0.008304512,-0.005225366,-0.005475581,0.003695197,-0.000298317,-3.13E-05,0.002152232,0.000451115,-0.00350575,0.007401376,-0.002030477,-0.000649977,-0.001224252,0.001442271,0.000258405,2.7379,1.1187,2.527,1.116,2.4572,1.1138,2.3925,1.1059,2.3177,1.1009,2.5133,1.173,2.4845,1.1685,2.4248,1.1649,2.3732,1.1683,2.4247,1.1685,2.4853,1.1725,2.5132,1.1733,2.6694,1.2141,2.518,1.2159,2.4615,1.2192,2.3961,1.2346,2.335,1.2379,0.23107066,0.161440639,0.161420011,0.117445349,28.3420027,0.054340132,0.062647666,0.06754628,0.06050595,0.100304586
PBX011V11,PBX,0.569641273,-0.05085009,0.043144254,0.063453405,0.037417374,-0.006896022,-0.009739771,0.037288705,0.002167285,-0.029772122,0.011899327,-0.011961819,-0.002731251,0.001362338,0.001607771,-0.005887728,-0.015532393,-0.000282239,0.011039538,0.003949022,0.00132184,0.015267343,-0.010078496,0.016313468,0.003096949,0.005080558,0.003013182,-0.005507457,-5.14E-06,-0.000632527,-0.000603072,2.7398,1.0796,2.4853,1.1012,2.4119,1.0969,2.3314,1.0969,2.2436,1.0955,2.5151,1.1818,2.4396,1.165,2.3673,1.164,2.3479,1.1742,2.3689,1.1785,2.4428,1.178,2.5151,1.1882,2.6643,1.203,2.4806,1.2303,2.4115,1.2357,2.3263,1.2389,2.2476,1.2487,0.246850015,0.149932251,0.15069864,0.144664474,32.54448885,0.064530071,0.071320404,0.078478851,0.08057028,0.129185526
PBX011V12,PBX,0.419336427,0.085401125,0.087242246,-0.019788501,0.028373037,-0.005003653,-0.030535193,0.001165654,-0.001154538,-0.017043701,0.000708128,-0.004673232,-0.007179109,0.009707746,0.002894913,-0.004846429,-0.003654173,-0.004806164,0.004176751,0.004940979,-0.001720854,0.006364528,0.011641149,-0.004185961,-0.002159243,0.004141749,-0.000479976,-0.003143633,-0.004551959,0.003440153,0.000234337,2.6915,1.1143,2.5254,1.1143,2.4639,1.1143,2.3975,1.1046,2.322,1.1014,2.5189,1.1721,2.5016,1.1694,2.443,1.1643,2.3727,1.1688,2.4432,1.1706,2.502,1.1739,2.5192,1.1766,2.6172,1.2012,2.5173,1.2152,2.4608,1.2202,2.4024,1.2325,2.3323,1.2303,0.182020878,0.101040388,0.102516828,0.114333285,35.00505015,0.044042934,0.052630029,0.060020413,0.054192343,0.101224602
PBX011V14,PBX,0.434413442,0.040779229,0.101533229,0.021094084,0.051152705,-6.02E-05,-0.015986853,-0.024801704,0.001203513,0.00536522,0.00418917,0.010134754,0.001729561,-0.004120767,-0.00826311,-0.010896106,-0.002432871,-0.003381609,-0.012871228,-0.000605827,0.003812132,-0.001319825,0.00796261,-0.006900755,-0.001866167,-3.87E-05,-0.000538023,0.001741414,-0.002893596,-2.64E-06,0.001410068,2.7023,1.1284,2.5237,1.1214,2.4585,1.1176,2.3993,1.1095,2.3195,1.1066,2.5383,1.1691,2.5022,1.1695,2.4378,1.1638,2.3817,1.1699,2.4417,1.1731,2.4982,1.1739,2.539,1.1741,2.6323,1.2114,2.5167,1.2152,2.4628,1.2233,2.4035,1.2373,2.3292,1.2422,0.168974821,0.100479749,0.103079047,0.108577162,38.16530231,0.045254171,0.054454109,0.052686431,0.050625389,0.094060831
PBX011V16,PBX,0.461901274,0.049405835,0.083472453,0.108405725,0.111138269,-0.003064501,-0.020104643,-0.006403739,0.001800325,0.014386869,0.000911655,0.011571862,0.000443405,-0.012562248,-0.003120582,-0.003781875,0.016939724,0.001150714,-0.005356347,-0.000369856,-0.000147437,0.008978597,0.005752118,-0.000116432,0.001868036,0.002021858,0.001088046,-0.000413039,-0.005767076,0.005358021,-0.002438233,2.7087,1.1392,2.5227,1.1235,2.4493,1.1214,2.3889,1.11,2.3215,1.1095,2.5529,1.1733,2.4809,1.168,2.4126,1.1621,2.3457,1.1667,2.418,1.1742,2.4784,1.1758,2.5525,1.1855,2.6392,1.2144,2.5094,1.2206,2.4482,1.2249,2.39,1.2362,2.3198,1.24,0.159488087,0.091389824,0.095587133,0.102397705,37.8115897,0.054479721,0.059012965,0.061053174,0.054803102,0.098006632
PBX011V18,PBX,0.413343926,0.086943763,0.00735924,-0.097663237,-0.040067803,-0.008787604,0.015904585,-0.043453535,-0.014059509,0.014172411,0.005946275,-0.004101226,0.01322652,0.003038906,-0.01866288,-0.003530633,0.013260437,-0.000899935,-0.001168942,0.005079205,-0.000679362,0.005875379,0.005009574,-0.001963247,-0.004870928,0.001108537,-0.001134695,0.002410321,0.001143903,-0.00074372,-0.000859832,2.6861,1.1219,2.5151,1.1138,2.4498,1.1095,2.3905,1.1019,2.3242,1.0939,2.4757,1.1651,2.5032,1.1613,2.4338,1.1559,2.3824,1.1602,2.4385,1.1656,2.4953,1.1713,2.4757,1.1654,2.6133,1.222,2.5111,1.2192,2.4572,1.2235,2.399,1.235,2.3328,1.2393,0.214789199,0.148786155,0.148900537,0.123773382,34.06884377,0.050438577,0.060844885,0.048967949,0.049081157,0.105475874
PBX012V01,PBX,0.465945644,0.041687515,0.010459954,0.021618771,-0.003372066,7.17E-05,0.020487605,-0.037351148,-0.002540407,-0.001044581,0.00844172,0.008538767,0.013505173,-0.001249836,-0.012512728,-0.000555668,0.000387099,-0.007970627,-0.005110267,-0.002704838,0.013558352,0.001600344,0.007767587,0.001129967,-0.000329316,0.001928642,-0.002735017,0.002501038,-0.001649332,-0.002035834,-0.000550507,2.7433,1.1208,2.5378,1.1106,2.4644,1.1052,2.4088,1.0987,2.3263,1.0939,2.5254,1.1627,2.507,1.1586,2.4407,1.1526,2.3921,1.1607,2.445,1.1624,2.5016,1.165,2.5254,1.1634,2.6758,1.212,2.5324,1.2131,2.472,1.2195,2.4094,1.2335,2.3447,1.2389,0.221891911,0.158057331,0.158273971,0.113462284,29.03331029,0.05711611,0.063161776,0.057031921,0.052994811,0.102642145
PBX012V02,PBX,0.461171674,0.075616407,0.012226897,0.012465176,0.011109575,-0.002657156,0.010529721,-0.020445133,-0.00154529,-0.009711241,-0.008224721,0.007451477,0.007420427,-0.001057415,-0.019555239,0.0001458,0.002019474,4.97E-05,-0.002443889,0.001571513,0.002808741,-0.008327797,-0.004681669,-0.003195562,0.003138215,0.004905501,-0.000112776,-0.004025706,-0.000497634,0.006737603,0.000327785,2.7314,1.1176,2.5318,1.1138,2.4622,1.1127,2.3979,1.1027,2.3238,1.1019,2.5156,1.1668,2.497,1.1645,2.4366,1.165,2.3691,1.1667,2.4355,1.1713,2.4978,1.1688,2.5156,1.167,2.6568,1.2163,2.5237,1.2199,2.4691,1.2235,2.3993,1.2357,2.336,1.2443,0.22133748,0.149559119,0.149625165,0.123720855,32.16223779,0.057288917,0.062078982,0.061494146,0.058229288,0.10640874
PBX012V04,PBX,0.466350641,0.042629099,0.002813368,0.007814519,0.011333381,-0.024700553,-0.012320833,0.001942063,-0.003335767,-0.015214459,-0.004556405,0.002370041,-0.011934796,8.00E-05,-0.010738145,0.006966528,0.006584518,-0.013044768,0.004821268,0.00366143,0.006229198,0.000214636,0.005109775,-0.000794206,-0.00631515,0.003079482,0.002734767,-0.000393604,0.005840155,-0.004454599,-0.000223004,2.7282,1.1208,2.5309,1.1242,2.4583,1.1178,2.39,1.1127,2.3137,1.107,2.5095,1.1848,2.4817,1.1778,2.4173,1.1746,2.3738,1.1782,2.4227,1.1832,2.4871,1.1854,2.5095,1.1851,2.6435,1.2282,2.5183,1.2303,2.4531,1.2379,2.3889,1.2497,2.3258,1.2492,0.227872091,0.140760826,0.140852973,0.136780298,34.25763088,0.054675863,0.062579949,0.07275713,0.070051695,0.106845543
PBX012V05,PBX,0.470745753,0.089552588,-0.002359397,0.009304423,0.009899268,-0.029675203,0.002842482,0.009664665,-0.018097039,-0.007705696,-0.002035463,0.01101527,0.000411245,-0.006082315,-0.004781651,-0.000483409,-0.004428837,0.009009591,0.00069943,-0.006187125,0.010733472,0.002652545,-0.001096259,-0.000384244,-0.002695752,4.50E-05,0.005790907,0.007784285,0.001521012,0.000135331,-7.66E-05,2.7373,1.1224,2.5496,1.1214,2.472,1.1214,2.4061,1.1192,2.3252,1.1224,2.5177,1.1875,2.5047,1.1825,2.4324,1.1789,2.3688,1.1839,2.432,1.1872,2.5047,1.1897,2.5178,1.1877,2.6661,1.2314,2.5313,1.2335,2.4763,1.2443,2.4094,1.2497,2.3382,1.2573,0.229046218,0.154604592,0.154757132,0.130193855,32.99173772,0.051244512,0.072269634,0.075823611,0.069816975,0.11358389
PBX012V06,PBX,0.442735988,0.057302611,0.052296535,-0.01591361,0.031676291,-0.011616839,0.005825584,-0.02931135,-0.011537881,0.007283429,-0.01503795,0.020289731,-0.010082086,0.0016823,-0.01242975,-0.003142305,-0.000881419,0.001667744,0.007681618,0.002615807,0.003368811,0.010379005,0.009832546,0.000872548,0.005982807,0.001700171,0.004514172,0.001763315,-0.004780023,-0.003652971,-0.002096531,2.7184,1.1133,2.5338,1.1117,2.464,1.1081,2.4,1.1009,2.3216,1.1023,2.5251,1.1597,2.503,1.1572,2.4409,1.1513,2.3835,1.1598,2.4432,1.1609,2.5076,1.1656,2.5252,1.1695,2.6381,1.2147,2.5216,1.2179,2.4698,1.2238,2.4094,1.2319,2.3393,1.2362,0.198790971,0.121611883,0.125674182,0.129344695,39.45135108,0.054141389,0.068293265,0.054944426,0.048988264,0.106898456
PBX012V11,PBX,0.43164947,0.120987403,-0.024049451,-0.0384128,-0.056947062,-0.016297004,0.03165009,-0.0302276,0.00436845,-0.005501149,-0.006172505,0.000230783,0.008286914,-0.006953372,-0.000478489,-0.003888676,0.010705997,0.008052824,-0.006231956,0.003160704,-0.004584919,0.009418059,-0.000876031,-8.66E-05,-0.003731372,-0.002620797,0.003682158,0.006235112,-0.002924005,0.003201046,-0.001175949,2.6839,1.1327,2.5072,1.1242,2.4353,1.1242,2.372,1.1156,2.3058,1.1127,2.4547,1.1782,2.472,1.1746,2.4137,1.1674,2.3461,1.1731,2.418,1.1789,2.4741,1.1832,2.4548,1.1783,2.6194,1.2249,2.5022,1.2242,2.4475,1.2314,2.3849,1.2415,2.313,1.2508,0.233672613,0.171069343,0.171192815,0.112521509,27.05864876,0.049705231,0.060220428,0.061475198,0.048299068,0.100124922
PBX012V14,PBX,0.470185458,0.004172029,-0.017567913,0.032995991,-0.005458761,-0.010104127,0.023539517,-0.017267669,-0.010641141,-0.010528598,0.010413093,0.002301243,0.011072465,-0.003469762,-0.013493151,0.008017604,-0.001651579,-0.011844949,0.006937675,0.00960093,-0.001264999,-0.004484729,-0.000571037,0.000792889,-0.001117397,1.67E-06,-0.004258238,0.00290811,0.002504311,-0.000215552,-0.000325586,2.7217,1.1251,2.5097,1.1246,2.4423,1.1208,2.3759,1.1127,2.3058,1.103,2.4977,1.1776,2.4709,1.1726,2.4045,1.1683,2.3776,1.1742,2.4083,1.1775,2.4703,1.1796,2.4977,1.1782,2.6575,1.2274,2.5014,1.2274,2.4425,1.2346,2.3777,1.2433,2.3202,1.2476,0.230070098,0.167202512,0.167380047,0.120776364,30.4997103,0.057026748,0.066558621,0.061720661,0.060704942,0.103134524
PBX012V15,PBX,0.420408337,0.133975855,0.000719365,-0.046238574,-0.040702352,-0.011668047,-0.011420534,0.022450839,-0.022705057,0.00767892,0.008202143,0.004427192,-0.001653761,0.007327437,-0.013467314,0.004133752,-0.001781814,0.002483666,-0.002887111,0.003529802,0.006590466,0.012901211,-0.005261055,-0.008149363,-0.000109459,-0.001153916,0.003014702,0.003166287,0.000381538,0.002235281,-0.001563038,2.6882,1.1187,2.5234,1.1246,2.4522,1.1246,2.3903,1.1181,2.3177,1.1167,2.4725,1.1834,2.5008,1.1788,2.4221,1.1737,2.3536,1.1756,2.4226,1.1847,2.4854,1.1888,2.4725,1.1835,2.6117,1.2163,2.5038,1.2238,2.4531,1.2303,2.3927,1.2389,2.3274,1.2476,0.225194538,0.143012167,0.143035136,0.124008105,29.99466881,0.039541877,0.054859913,0.058723079,0.05759184,0.101117753
PBX012V18,PBX,0.45081222,0.020931628,0.009464624,0.032115123,-0.014586473,-0.030797973,-0.024513784,0.001775727,0.000560197,-0.026371253,0.013492094,-0.017783507,-0.008527839,0.016396171,0.007978394,0.017445603,-0.003592648,-0.01505754,0.001045268,-0.003557077,0.01149288,0.000665391,-0.007683377,-0.000792313,0.001209183,-0.000990048,0.00376287,0.002591702,-0.002353441,6.83E-05,-0.001960188,2.7131,1.1219,2.5198,1.1293,2.45,1.1268,2.3846,1.1203,2.3058,1.1203,2.5061,1.1944,2.4773,1.1908,2.4151,1.1857,2.3846,1.1915,2.4169,1.1958,2.4799,1.1963,2.5061,1.1945,2.6427,1.2101,2.5189,1.2273,2.4539,1.2395,2.3882,1.2487,2.3346,1.258,0.219329091,0.13748789,0.137499273,0.11285123,25.85884519,0.049819675,0.057259846,0.074756271,0.068463275,0.098004133
PBX012V19,PBX,0.418624771,0.099726566,0.007996889,-0.072330936,-0.070146111,-0.046975091,0.014192783,-0.023752369,-0.017319546,0.000639005,0.00253687,-0.001732102,0.000848004,0.004397469,-0.003519255,0.006797634,0.007583021,0.003621635,0.001989157,-0.002459348,-0.009355749,2.62E-05,-0.003345221,-0.001327889,-0.005818118,-0.005330716,-0.000764088,0.005360552,0.001478432,0.000830895,-0.001339413,2.6784,1.1289,2.5165,1.1188,2.4475,1.1181,2.3741,1.1117,2.3065,1.1045,2.4615,1.1746,2.4881,1.1742,2.418,1.1663,2.3709,1.1695,2.4202,1.1749,2.4881,1.1796,2.4615,1.1748,2.6084,1.2222,2.5084,1.2201,2.4515,1.2273,2.3894,1.2338,2.3215,1.2419,0.22166213,0.154357928,0.154419461,0.116640002,29.85185421,0.045302759,0.061036465,0.062255281,0.056510972,0.101623324
PBX012V20,PBX,0.448650002,0.093470754,-0.026203703,-0.011223287,-0.055048798,-0.04074204,0.016135333,0.017436296,-0.033134235,-0.015117156,0.007993698,0.001666364,-0.008448452,0.003740728,-0.00481057,0.013389126,0.018299865,0.01227752,-0.001289803,-0.000215641,0.011099794,0.013044774,0.001548135,-0.00598917,-0.004292821,0.0028242,-0.011236317,-0.004576467,-0.007139474,0.001836676,-0.00179299,2.7104,1.1187,2.5345,1.1127,2.4461,1.1176,2.383,1.1133,2.3145,1.1111,2.4738,1.1787,2.4876,1.1785,2.411,1.1694,2.3641,1.1721,2.413,1.1782,2.4887,1.1839,2.4738,1.1788,2.6381,1.217,2.5122,1.2264,2.4497,1.222,2.3914,1.235,2.3252,1.2379,0.244089246,0.168682335,0.168705009,0.122025325,27.35170484,0.04856439,0.057143066,0.080803775,0.062571959,0.115866216
PBX012V21,PBX,0.445042985,0.134654137,-0.004341653,-0.014413387,-0.057022214,0.000964461,0.011820459,0.019723449,-0.011899697,-0.01905497,0.003967888,0.007269979,0.001103704,0.007365468,-0.006066713,0.001297506,-0.00477774,-0.002214867,0.005238449,-0.013759897,-0.001235001,-0.001102344,-0.002178668,-0.008038284,0.001072908,-0.004073283,0.002631576,-0.004729392,-0.001597997,-0.001442264,-0.001457721,2.7195,1.1294,2.5351,1.1257,2.4698,1.1224,2.3981,1.117,2.322,1.116,2.4833,1.1818,2.5054,1.1834,2.438,1.1748,2.3576,1.1769,2.4347,1.1861,2.4962,1.1861,2.4833,1.1819,2.6446,1.2192,2.5194,1.2246,2.4586,1.2296,2.3979,1.2361,2.3314,1.2411,0.241942555,0.165556576,0.165579135,0.116936094,25.56252885,0.044949861,0.049633255,0.064895146,0.061294372,0.100138404
PBX012V23,PBX,0.464988572,0.041725992,-0.007028779,0.029260484,-0.019034609,0.004379206,0.012249272,0.010600776,0.002126097,-0.026069737,-0.000322508,-0.007939666,0.000249961,0.00536869,-0.019090604,0.000811871,0.004580856,0.009764196,0.010081073,0.000127252,0.00173047,0.006086507,-0.006060019,-0.004712905,0.003309451,0.002328645,0.000650686,0.004403464,-0.002084982,0.000206214,-0.000758126,2.7362,1.1289,2.5243,1.1224,2.4542,1.1187,2.3894,1.1111,2.3242,1.1084,2.5027,1.1814,2.4845,1.1771,2.4248,1.1703,2.3749,1.1721,2.4245,1.1796,2.4835,1.1857,2.5027,1.1815,2.6564,1.221,2.5126,1.2274,2.4558,1.2325,2.3824,1.2353,2.322,1.2368,0.239329271,0.158694486,0.158719407,0.121862422,27.11936827,0.050849779,0.061466251,0.067647099,0.059387878,0.105649846
PBX012V25,PBX,0.43786016,0.000334309,-0.000503261,0.021756155,-0.003709692,-0.003613428,-0.014967881,-0.009555327,-0.013819083,-0.005216535,-0.003652806,-0.007665085,0.00637352,0.003234774,-0.013839911,0.009432424,0.003706073,-0.004859218,-0.006645858,-0.000280712,0.003429727,0.002223981,0.000836241,-0.001155425,-0.004673358,-0.000879467,-0.004476829,0.002689358,0.0033178,-0.001873402,0.000324268,2.699,1.1111,2.5,1.1109,2.4353,1.1081,2.377,1.1052,2.3091,1.0976,2.4926,1.1681,2.4666,1.1613,2.4056,1.158,2.3786,1.1656,2.4024,1.1715,2.4676,1.1731,2.4928,1.1686,2.6246,1.2017,2.4924,1.2087,2.438,1.2179,2.3765,1.233,2.3198,1.2389,0.214126038,0.135892789,0.136209251,0.117233613,29.71926742,0.043386634,0.058483502,0.06046255,0.058069786,0.098094852
PBX013V02,PBX,0.47204353,0.106533157,-0.057023629,-0.012238789,0.013308359,-0.006856251,-0.033549396,0.00522902,0.004851176,-0.037302473,0.001872458,-0.017283744,0.017108171,-0.015663262,0.024013007,-0.006348032,0.006263659,0.007820237,-0.012382962,-0.019224086,0.006115778,-0.00602831,-0.001790684,0.00309009,0.000114771,0.008950339,0.003452735,0.003247837,-0.00295347,-0.003006031,0.001052383,2.724,1.0998,2.5313,1.0912,2.4651,1.0883,2.404,1.0883,2.3285,1.0897,2.4953,1.171,2.4795,1.1652,2.4292,1.1652,2.3493,1.1753,2.4263,1.1746,2.4847,1.1782,2.4953,1.1713,2.6579,1.2044,2.5241,1.2174,2.463,1.226,2.4011,1.2368,2.3292,1.2476,0.239526888,0.165934837,0.16599494,0.12373508,28.90044606,0.055578773,0.063157343,0.090328512,0.084867073,0.126405221
PBX013V03,PBX,0.431628701,0.103803291,0.046250964,-0.087742052,-0.027013572,-0.003329831,0.020743034,-0.055941957,-0.006416858,0.006539309,0.013053415,0.003396915,0.018148889,0.003104249,0.004138032,-0.010931318,0.005611695,0.015977276,-2.90E-05,-0.012853887,0.002928314,-0.0098236,0.002357687,0.008893489,0.007812432,0.003556172,0.001588645,0.00604593,0.001472341,-0.001453071,8.17E-05,2.706,1.1462,2.5372,1.117,2.4693,1.1079,2.4061,1.1014,2.3296,1.0933,2.5016,1.1696,2.5243,1.1677,2.459,1.1634,2.3878,1.1683,2.4606,1.171,2.5156,1.1769,2.5018,1.173,2.637,1.2346,2.528,1.2292,2.4741,1.2346,2.4137,1.2325,2.3376,1.2411,0.205735072,0.148571868,0.150193742,0.112140804,32.17462655,0.053749884,0.065016998,0.05231539,0.056447675,0.112576552
PBX013V06,PBX,0.46011512,0.121142707,-0.046763888,-0.060935524,-0.120555574,-0.082158609,0.005478249,0.035110239,-0.002663231,-0.009748866,0.001395777,-0.027833749,6.83E-05,-0.009110742,-0.00406673,-7.14E-05,0.011974931,0.012329067,-0.01050989,-0.000728469,-0.005478317,-0.00615537,-0.006472673,0.008907908,0.003014948,0.001020671,0.000553768,-0.002105066,0.002678474,0.000578558,-0.001195963,2.7184,1.1122,2.55,1.1073,2.4687,1.1066,2.3925,1.1016,2.322,1.0915,2.4565,1.1738,2.5004,1.1688,2.4169,1.1667,2.3763,1.1721,2.4223,1.1771,2.5,1.18,2.4565,1.1738,2.6428,1.2149,2.5406,1.2156,2.4755,1.2166,2.3921,1.2246,2.3166,1.2321,0.26904678,0.190779716,0.190779716,0.127525096,25.6764982,0.053997407,0.066260773,0.079008924,0.079342612,0.108707175
PBX013V09,PBX,0.430735437,0.174586644,-0.012104344,-0.038891536,-0.073146062,-0.004616367,-0.014137109,0.011161266,-0.008438114,-6.26E-05,0.002953274,-0.003043659,0.003162994,-0.002729754,-0.011516501,0.010216537,-0.016232633,0.008276444,-0.007531929,-0.005226687,-0.011049072,0.003716693,-0.006744243,0.005815242,0.004309268,0.006539042,0.001161292,0.003282661,-0.002777939,-0.00068256,-0.001084754,2.7098,1.1079,2.5388,1.1036,2.4763,1.1025,2.4035,1.0971,2.3301,1.0922,2.4763,1.1629,2.5146,1.1575,2.4391,1.1548,2.3547,1.1606,2.4417,1.1618,2.5016,1.1683,2.4757,1.1634,2.6332,1.1899,2.52,1.2001,2.4757,1.2055,2.404,1.2174,2.3393,1.2309,0.239890079,0.159713807,0.159206187,0.112212121,23.01825895,0.036739624,0.055368673,0.059083416,0.064180449,0.098314241
PBX013V11,PBX,0.391983843,0.139378269,0.066587822,-0.152220152,-0.033176263,-0.018728818,0.017415774,-0.02867225,-0.010442917,0.013791833,-0.007724524,-0.012616108,0.019115017,-0.002047294,0.011171017,0.003298972,-0.013480557,-0.00648659,-0.002717744,-0.003976871,-0.007657225,0.001816279,-0.00729209,-0.002838677,0.00082685,0.011653742,-0.002833398,0.011527662,-0.007647095,-0.003978494,0.001616142,2.6289,1.1208,2.4892,1.1185,2.4364,1.1149,2.368,1.1077,2.2918,1.1027,2.4497,1.1706,2.486,1.1649,2.4241,1.1606,2.349,1.1681,2.4234,1.1699,2.486,1.1846,2.4497,1.1713,2.5719,1.2242,2.4885,1.2217,2.4399,1.2235,2.3763,1.2314,2.3098,1.2429,0.185991075,0.13315874,0.133438375,0.118070149,39.2141744,0.037184136,0.056082172,0.046510214,0.047326314,0.103202374
PBX013V13,PBX,0.415092873,0.233847655,0.047051272,-0.064434856,-0.003048323,-0.014788262,0.034020369,-0.058130127,-0.01451523,0.029461769,-0.006376393,-0.014166414,0.013973137,-0.008131143,-0.012557754,-0.01853083,0.004247417,-0.003677551,0.004882134,0.005696926,0.005714716,-0.011722786,0.006176454,0.008405643,0.009652373,0.001397214,0.005190217,-0.003387457,0.002604108,-0.001567274,-0.000404347,2.6564,1.1472,2.5047,1.1329,2.4407,1.1221,2.3831,1.112,2.3069,1.1041,2.4636,1.1696,2.4981,1.1688,2.4213,1.1659,2.3099,1.1675,2.4296,1.1715,2.4957,1.1713,2.4636,1.1702,2.593,1.2295,2.507,1.2287,2.4528,1.2325,2.3894,1.2365,2.3204,1.2408,0.194096883,0.142340613,0.14259162,0.103888642,31.46674753,0.058501709,0.065262853,0.036501644,0.047904071,0.095827606
PBX013V14,PBX,0.432240087,0.167216641,-0.003969025,-0.048396881,-0.072526747,-0.026597126,0.005463707,0.010903158,-0.002962527,-0.016144796,-0.007686463,-0.000105035,-6.80E-05,0.001727849,0.000577828,0.003739763,-0.005759387,-0.008763006,0.005219307,-0.00810986,-0.011218188,-0.000489503,-0.000904192,0.002832309,0.001889601,0.000803342,0.005854162,0.006354579,-0.000473407,0.001488559,-0.001082769,2.7017,1.1102,2.5356,1.1081,2.473,1.1081,2.3954,1.1001,2.3191,1.0965,2.4705,1.1656,2.5018,1.1627,2.4371,1.1584,2.3536,1.162,2.4367,1.1641,2.5004,1.1699,2.4705,1.1663,2.6291,1.2012,2.5259,1.2044,2.4651,1.2138,2.399,1.2199,2.3321,1.2278,0.237744821,0.162394489,0.162546363,0.116412027,26.12626386,0.042901049,0.05724203,0.064215263,0.061797249,0.096787293
PBX013V15,PBX,0.449494,0.290198236,0.095989843,-0.009816107,0.000664637,-0.000731654,-0.044854452,0.025251731,-0.036354389,0.057226103,0.01712798,0.017646755,0.035247931,0.003107549,-0.019240612,0.016692339,0.007159062,0.012869208,-0.007545981,0.010012666,0.005467192,0.001694209,0.003062785,0.001479904,0.000412443,0.006090136,-0.002553394,0.000375895,0.003360332,-0.007709398,-0.001860277,2.6823,1.1321,2.5545,1.1262,2.4655,1.1214,2.3937,1.1187,2.3177,1.1106,2.4957,1.1764,2.5496,1.1715,2.4369,1.1699,2.2902,1.1775,2.4299,1.1764,2.5054,1.1791,2.4957,1.1765,2.6104,1.1987,2.5169,1.2159,2.4666,1.2224,2.3961,1.2425,2.3278,1.2519,0.19178647,0.116828635,0.116847679,0.098005969,24.35733567,0.038555026,0.058846325,0.04556424,0.056304618,0.09726176
PBX013V17,PBX,0.461578232,0.133301619,0.012903672,-0.00039984,-0.036262831,0.01318219,0.019673107,0.022888678,-0.01254984,-0.011147316,0.007631737,-0.0147197,0.004563966,0.009727983,-0.007470616,-0.016905447,-0.001854879,-0.009563905,-0.006887087,-0.007551937,-0.005374758,-0.003020628,-0.003227956,0.00092,0.002265916,-0.001976512,-0.002101778,-0.004920489,0.000987049,-0.005316971,9.92E-05,2.7303,1.1219,2.5297,1.1257,2.4676,1.1197,2.4008,1.1181,2.3242,1.1095,2.4968,1.1812,2.5146,1.1791,2.4396,1.1737,2.3522,1.1802,2.438,1.185,2.5042,1.1848,2.4968,1.1814,2.658,1.2168,2.5297,1.2233,2.4617,1.2279,2.401,1.2352,2.3263,1.2433,0.240912308,0.165041207,0.165084221,0.119303395,26.70318444,0.046179,0.049011223,0.055493874,0.060827625,0.0976
PBX013V18,PBX,0.437238322,0.087342626,0.050981799,0.111957098,0.004296378,0.019167108,-0.020853674,-0.030168971,0.006756784,-0.004539622,-0.004917814,-0.01387267,-0.010766997,0.007972647,0.000676814,0.006330837,-0.006727301,-0.008726476,-0.008449045,-0.005632269,-0.001532549,0.008775615,-0.001839407,-0.003159283,-0.002324402,-0.001658041,0.002755315,0.000127009,0.004316631,-0.000988068,4.51E-05,2.7141,1.137,2.514,1.1289,2.4525,1.1203,2.391,1.1149,2.3181,1.1099,2.5201,1.1746,2.4819,1.1702,2.4238,1.1645,2.3526,1.1688,2.4266,1.176,2.4846,1.175,2.5201,1.1746,2.6399,1.1807,2.5133,1.2008,2.4579,1.2145,2.3982,1.2303,2.3378,1.2389,0.197610121,0.1199552,0.1199552,0.08611231,13.88363524,0.038591839,0.04961794,0.052307743,0.05270038,0.071903407
PBX013V19,PBX,0.455560362,0.153785034,-0.008553102,-0.012851929,-0.058398179,0.001609069,-0.007818769,-0.014992439,-0.030899469,-0.000276976,-0.013038131,-0.004781789,0.008102983,-3.35E-05,-0.008495734,-0.006377305,0.012153088,-0.009239179,0.003367684,-0.004573442,-0.006042274,0.003161292,0.001128463,-0.009502244,0.002415309,-0.005087871,-0.000446172,0.001179307,-0.005144807,-0.003203154,-0.001677619,2.7346,1.1413,2.5442,1.1314,2.4766,1.1264,2.4069,1.1163,2.3335,1.1106,2.4908,1.1807,2.5162,1.1845,2.4439,1.1737,2.3576,1.178,2.4369,1.1845,2.5146,1.1893,2.4908,1.1809,2.6516,1.2174,2.5334,1.2303,2.4676,1.2389,2.411,1.2492,2.3387,1.2562,0.246963155,0.164890539,0.164934927,0.112606439,22.03669695,0.045104767,0.06246479,0.060030076,0.057502869,0.099487939
PBX013V21a,PBX,0.412126495,0.16783457,0.044143652,-0.074979683,-0.066874131,-0.021753584,0.004456204,-0.05743031,-0.010610418,0.012933921,-0.009222891,-0.004823014,0.016534649,-0.013764562,-0.004378789,-0.007958598,0.011890703,-0.010193239,-0.01774148,0.008540147,-0.001059664,0.001157125,0.002738563,-0.00602456,-6.88E-05,-0.006229128,-0.004348787,-0.002316194,-0.001701244,-0.00735818,-0.000793131,2.6668,1.1386,2.5156,1.1268,2.4455,1.1176,2.3846,1.1084,2.308,1.0965,2.4622,1.1656,2.496,1.1713,2.4283,1.1602,2.349,1.1645,2.4317,1.1699,2.4975,1.1725,2.4622,1.1657,2.6003,1.212,2.5111,1.2156,2.4536,1.2199,2.3932,1.2371,2.3177,1.2465,0.206373836,0.145654729,0.145686547,0.099044485,26.0893406,0.045194801,0.054585804,0.048625199,0.045941267,0.088913947
PBX013V22,PBX,0.444308902,0.145140371,-0.018368874,0.018288463,0.007619803,-0.038150146,0.006462517,-0.023033966,0.007763301,0.008301262,-0.016704399,0.022055355,0.001520921,-0.011223186,-0.003838213,-0.00752908,-0.001346269,-0.008735733,-0.003173568,0.007257737,0.002459793,-0.007115865,0.003400248,0.000546006,-0.002440501,-2.59E-06,0.002470591,-0.002601419,-0.00272584,1.73E-05,0.000236202,2.6938,1.1178,2.5205,1.117,2.4493,1.1149,2.3835,1.1052,2.3047,1.103,2.4805,1.1644,2.4702,1.1624,2.4079,1.158,2.3263,1.1659,2.4115,1.1674,2.4708,1.1647,2.4807,1.1645,2.6241,1.2134,2.5108,1.2141,2.4554,1.2192,2.3928,1.2339,2.3224,1.2415,0.218331056,0.151508317,0.151729892,0.118310819,31.16482196,0.063563826,0.067900295,0.067758763,0.059762614,0.097583298
PBX013V23,PBX,0.457892442,0.090694844,3.91E-05,0.082073545,0.009868802,0.013188385,0.00966219,-0.021243448,-0.006637968,-0.002561859,-0.004850824,-0.000895351,-0.006614547,-0.006546593,-0.007767075,-0.012576844,0.004527621,0.000259169,-0.005731596,-0.000697868,0.003390226,-0.002851771,-0.003565656,-0.004955674,0.002836879,0.001551378,0.0077012,-0.004758135,0.001104367,-0.003864071,3.17E-05,2.7077,1.1348,2.4989,1.1278,2.431,1.116,2.3732,1.109,2.3031,1.1084,2.4898,1.171,2.4606,1.1683,2.397,1.1645,2.3263,1.1683,2.4013,1.1758,2.4628,1.1731,2.4899,1.1713,2.6338,1.2066,2.4919,1.2152,2.4353,1.2228,2.3786,1.2314,2.308,1.2395,0.220886509,0.14816646,0.148335296,0.103036159,23.31882473,0.051178316,0.05800862,0.055741726,0.059230482,0.087679872
PX013xNP060-V2,Pinetum,0.537713472,-0.041995912,0.060270613,0.104885696,0.08372877,-0.020965607,0.028695227,-0.010034524,-0.008140667,0.001381738,0.021434311,-0.0015071,0.000927582,0.008527917,-0.009790274,-0.000672999,-0.00526091,-0.001165032,-0.011426608,-0.003593091,-0.007438138,-0.001219832,-0.006253113,-0.005476608,-0.002688905,-0.002375047,-0.002619242,0.00406623,-0.004521025,-0.005050037,4.77E-05,2.7055,1.1294,2.4626,1.1206,2.3892,1.1134,2.3173,1.1084,2.2411,1.1027,2.5129,1.1775,2.4285,1.1788,2.3471,1.1659,2.3242,1.1721,2.3519,1.1764,2.4263,1.1825,2.5135,1.1886,2.6397,1.2406,2.4644,1.2287,2.3981,1.233,2.3269,1.2406,2.254,1.247,0.198515415,0.13649337,0.1416328,0.129209442,40.47874559,0.059883637,0.073061618,0.067454058,0.067295319,0.108114985
PX013xNP060-V4,Pinetum,0.540672877,-0.043989159,0.064508932,0.108577017,0.098997322,-0.0380788,0.002536476,0.017915798,0.007268212,-0.008093392,0.014980437,-0.004151173,-0.005011906,0.012124966,0.004503976,0.002390088,0.019768034,-0.009868994,0.003051194,0.000870551,-0.003730604,0.00037629,0.003408968,0.000154222,-0.000514881,0.006399418,-0.003242905,-0.00094021,-0.000853484,0.000142526,-0.001112161,2.6888,1.1235,2.4612,1.1235,2.3781,1.1214,2.3015,1.1149,2.2303,1.1095,2.5062,1.1872,2.4056,1.1812,2.3323,1.1785,2.3083,1.1846,2.3357,1.1882,2.4076,1.1926,2.507,1.2015,2.6179,1.2379,2.464,1.24,2.377,1.2422,2.3094,1.2515,2.2389,1.2494,0.19339196,0.116720906,0.122667763,0.134588893,43.64435299,0.073673062,0.067983013,0.080128959,0.073198702,0.116533643
PX013xNP060v4-2,Pinetum,0.469502162,-0.07056507,0.124093519,-0.009608673,-0.022835185,0.006999877,-0.041163312,0.056888751,0.007187499,0.024424626,-0.03686213,-0.015825488,-0.07165479,0.030506923,-0.031737904,-0.005777366,0.016141861,-0.000257054,0.002968429,0.005296766,0.00974507,-0.002188856,-0.003240057,-0.002157251,0.005467631,0.004718146,-0.004663272,0.001984679,-0.002728134,0.000636428,0.001055565,1.6619,0.8,1.4403,0.8142,1.3673,0.8115,1.2978,0.8007,1.2213,0.7925,1.4512,0.869,1.4165,0.8484,1.3429,0.8484,1.3413,0.8663,1.3468,0.8813,1.4187,0.8857,1.4513,0.8704,1.5221,0.897,1.43,0.9086,1.3639,0.9123,1.2893,0.9134,1.2139,0.9171,0.221710374,0.075632004,0.076228669,0.170155928,39.6827527,0.025536249,0.035403531,0.041666293,0.044237654,0.094960255
PX013xNP086-1,Pinetum,0.425265843,0.140745968,0.030036303,-0.053937036,-0.089887346,-0.046905521,0.01001604,0.027208043,-0.00424415,-0.017005216,0.000843717,0.001168908,-0.003109704,-0.002546682,0.005008921,0.010182283,-0.010364601,0.001824335,-0.00297876,-0.010799268,-0.000601469,-0.005313686,0.003387321,0.000123944,0.000764929,0.00057726,-0.005646211,-0.003070887,-0.000768975,0.00647253,9.14E-05,2.6882,1.1327,2.5367,1.1257,2.466,1.13,2.3905,1.1235,2.308,1.1181,2.4692,1.1863,2.5011,1.1845,2.431,1.1802,2.3652,1.1836,2.4326,1.1893,2.4995,1.1909,2.4693,1.1866,2.6219,1.221,2.5201,1.2242,2.4615,1.2256,2.3914,1.2361,2.322,1.2404,0.225463877,0.156429281,0.156593039,0.110420016,26.55536965,0.039156736,0.046399353,0.068737181,0.061196732,0.099888988
PX013xNP097-1,Pinetum,0.490970892,-0.071599733,0.051971734,0.028888513,-0.032640976,-0.006082539,0.041986828,0.02334548,0.002951986,0.004645328,0.000921885,-0.013870366,0.021631084,-0.00828079,0.000881746,0.019197546,0.017226812,-0.005208903,0.008493521,-0.010192681,-0.000669429,-0.003365083,-0.010193398,0.008987356,0.000919363,0.000114094,-0.001678258,-0.001635212,0.003141101,0.001910818,-0.001764279,1.6254,0.7111,1.412,0.6996,1.3396,0.6922,1.2631,0.6853,1.198,0.6766,1.4106,0.7567,1.3786,0.7349,1.3099,0.7325,1.3091,0.7488,1.3063,0.7635,1.3774,0.7655,1.4106,0.7601,1.5647,0.8099,1.4067,0.8012,1.3298,0.802,1.252,0.8036,1.1929,0.8111,0.219586885,0.161947059,0.163024691,0.115956587,31.03164292,0.046184196,0.045105432,0.048596811,0.050061762,0.101738144
PX013xPX012-1,Pinetum,0.485984125,-0.098737151,0.107030103,0.016077994,-0.048076975,-0.011360629,0.050378076,0.030586024,0.021083801,-0.013044823,0.001850564,0.004873231,-0.011078125,0.001735845,-0.008707674,0.003102636,-0.000151211,0.003328084,0.010521996,-0.006382193,0.001997099,0.001805105,-0.00188499,0.002175466,0.002076688,-0.000989038,-0.002498534,-0.002570204,0.000658854,0.006253345,-0.00071705,1.6128,0.7467,1.4004,0.7435,1.3263,0.7425,1.2488,0.7343,1.1705,0.73,1.4063,0.7984,1.3687,0.7837,1.3062,0.7795,1.3163,0.7913,1.3115,0.8049,1.3702,0.8048,1.4063,0.8032,1.5409,0.8468,1.3937,0.8413,1.3242,0.8417,1.244,0.8417,1.171,0.8427,0.212873531,0.141485406,0.143037478,0.123246176,33.83359802,0.043410828,0.038929809,0.051195019,0.042107125,0.09802923
PX014xNP012-5,Pinetum,0.459219063,-0.083845334,0.13468849,-0.014421842,-0.025244603,-0.004615976,0.014487694,0.029561186,0.013865393,0.014382863,-0.003836823,-0.011172008,0.009671662,-0.010112123,-0.003890356,-0.002129641,0.01098311,0.00360827,-0.001727892,-0.000140115,-0.004000672,-0.0030829,-0.004350472,0.004715061,-0.002815283,-0.001550275,0.004319074,0.002501642,-0.000450893,0.001423859,-0.000109585,1.6254,0.719,1.4361,0.7115,1.3684,0.7038,1.2943,0.6922,1.2255,0.6837,1.4463,0.7646,1.4179,0.7448,1.3496,0.7397,1.3484,0.7579,1.3484,0.7702,1.4131,0.7738,1.4465,0.7683,1.5536,0.8123,1.4284,0.8033,1.3623,0.8075,1.2841,0.8087,1.2067,0.8115,0.184813879,0.115786053,0.117424784,0.117729053,38.25181646,0.033231611,0.039805778,0.037949045,0.040524684,0.092122364
PX014xNP060-V4,Pinetum,0.510075813,-0.05118048,0.090329129,0.024957401,0.067088351,-0.023130302,0.019507805,-0.018339454,-0.003399274,0.004398527,0.005206992,-0.011136649,0.004225862,-0.018307361,-0.013167987,0.008565674,0.002658443,0.005616261,0.004848686,4.11E-05,0.013317233,0.00661483,-0.006202402,0.00164429,0.0006579,0.002679976,-0.004125872,0.0024596,0.006206687,-0.004281896,0.00143641,2.6926,1.1348,2.4806,1.1271,2.4015,1.117,2.3353,1.117,2.2548,1.1113,2.5128,1.1877,2.4471,1.1764,2.3706,1.1726,2.3576,1.178,2.3835,1.1888,2.4579,1.1926,2.5135,1.1933,2.6268,1.2492,2.4752,1.247,2.4148,1.2503,2.3301,1.2557,2.2641,1.2602,0.187420516,0.126339622,0.129530884,0.131973482,44.74040957,0.057084586,0.069006811,0.059604866,0.063609512,0.12002154
PX014xNP060v2-2,Pinetum,0.440325316,-0.020560348,0.183641759,-0.030514742,0.011527557,-0.029496689,0.056369762,0.011949271,0.018027194,0.020237782,-0.009694808,0.003433226,-0.008608111,-0.01828106,-0.000324959,0.003866497,0.002373222,-3.26E-05,0.007118031,-0.016523044,0.004414417,-0.004931651,-0.000371952,-0.009991141,-0.012861864,0.000381747,0.004133463,-0.002630379,-0.00022489,-0.000545611,0.000953971,1.6731,0.7827,1.5112,0.7721,1.4446,0.7636,1.3663,0.7552,1.2869,0.7552,1.5225,0.8191,1.4937,0.806,1.425,0.7976,1.3985,0.8065,1.4356,0.8261,1.4996,0.8287,1.5225,0.8203,1.6115,0.8833,1.5071,0.8639,1.4405,0.8619,1.3655,0.8655,1.2901,0.8615,0.154936503,0.109041277,0.109738963,0.117961519,49.39252094,0.035990138,0.036133779,0.038150491,0.039244872,0.091891512
PX014xNP060v4-2,Pinetum,0.467714213,-0.064386986,0.15001843,-0.022968976,-0.006268451,-0.027137923,0.025317196,0.018526492,-0.007636853,-0.00385233,0.012109332,0.002732318,0.002530833,0.00014252,-0.01134682,0.006812959,0.00051463,-0.013542818,-0.003593607,0.015219381,-0.002283439,0.000536516,-0.010624704,0.002018314,-0.003061705,0.001122515,-0.001940179,0.003507463,-0.003120045,0.001259247,-0.000107577,1.6448,0.8194,1.4628,0.8216,1.3882,0.8152,1.3119,0.8,1.2337,0.7885,1.4718,0.8742,1.443,0.8652,1.3676,0.8554,1.3631,0.8626,1.3708,0.8679,1.443,0.8771,1.472,0.8772,1.5769,0.9282,1.4499,0.9165,1.3824,0.916,1.3071,0.9175,1.2333,0.9234,0.181471871,0.116640516,0.11816095,0.128249172,44.77021033,0.039999625,0.049478985,0.04788528,0.045170787,0.095772752
PX014xNP068-V1-2,Pinetum,0.456140521,0.035076655,0.212901581,-0.024598721,0.067822273,-0.030663533,0.01872381,0.013185164,0.02362698,0.00228864,-0.011034286,-0.011777004,0.004490799,0.024330209,0.014319265,-0.000733446,0.021790196,-0.007959378,-0.002638085,-0.003674401,-0.022455369,-0.005497548,-0.00122462,-0.007898223,0.015955564,-0.00079603,-0.002729634,-0.002955282,0.003405832,0.004985047,0.000890661,2.699,1.1359,2.5385,1.1368,2.4694,1.1361,2.3846,1.1278,2.3123,1.1203,2.5658,1.1807,2.5264,1.1828,2.4687,1.1828,2.3954,1.185,2.4601,1.1958,2.532,1.198,2.5687,1.203,2.6356,1.2404,2.5529,1.2361,2.4723,1.2382,2.3975,1.2433,2.3206,1.2476,0.140532132,0.076644439,0.091848408,0.122228515,59.13006182,0.043455955,0.04412029,0.047564798,0.046705246,0.100338676
PX014xNP068v1-1,Pinetum,0.491600729,-0.097820615,0.064153591,0.02516465,-0.034252389,-0.015200642,0.024908778,0.073036609,-0.006039334,-0.003496562,0.012549667,-0.010146158,0.013690777,-0.002878046,-0.004164009,-0.009101764,-0.001490406,-0.001954401,0.005232334,0.013408929,0.004899145,-0.005372751,-0.007269604,6.57E-06,0.000704669,-0.002154095,0.004573088,0.001038949,0.002022471,-0.001088406,-0.000640687,1.5897,0.8111,1.3795,0.8261,1.306,0.8184,1.2351,0.8089,1.1626,0.8004,1.3804,0.8833,1.3496,0.8647,1.2714,0.8603,1.2861,0.8766,1.2647,0.8877,1.3381,0.8897,1.3804,0.8842,1.5255,0.9266,1.3652,0.9213,1.2964,0.9261,1.2197,0.9224,1.1433,0.9218,0.221403094,0.151168019,0.151422918,0.132143445,35.64824148,0.041628956,0.049794076,0.048825915,0.054339396,0.096268011
PX014xNP072-1,Pinetum,0.543236638,-0.042189836,0.127889751,0.111168104,0.115177257,-0.00820162,0.026217983,0.013497679,0.004340747,0.005103971,0.000882987,0.027607395,-0.004015177,-0.015362804,-0.001714935,0.007803879,0.001634918,0.007180176,-0.013848956,-0.001855818,0.003149624,0.005975764,0.001137753,0.001173412,0.007052815,-0.002838318,0.00318894,0.000568567,-0.000175227,0.002952878,-0.000986759,2.7012,1.1262,2.4849,1.116,2.3954,1.1117,2.3252,1.1041,2.2407,1.1048,2.5414,1.1685,2.4342,1.1607,2.363,1.1543,2.3231,1.1613,2.3689,1.1737,2.4401,1.1737,2.5421,1.1899,2.6359,1.2362,2.4615,1.2199,2.3979,1.2235,2.3227,1.2292,2.2429,1.2364,0.165303751,0.104604637,0.116247753,0.127922203,50.4443718,0.050915616,0.057628465,0.067591272,0.053521211,0.106502441
PX014xNP072-2,Pinetum,0.513787636,-0.054233531,0.15326196,0.062723896,0.116833833,-0.009794037,0.007860777,0.011079674,0.003445537,-0.002664135,0.020452279,0.003035787,0.009741275,0.000549463,0.002633134,0.008850394,0.002281931,0.012381921,-0.003544337,-0.004442393,-0.010601587,-0.000571607,0.00050306,0.003924724,0.004565241,-0.007064257,-0.002931022,0.00014648,0.002623161,-0.00737332,0.000834528,2.6785,1.1262,2.4766,1.116,2.4018,1.1088,2.3227,1.1102,2.2508,1.1016,2.5374,1.1753,2.4497,1.1731,2.3777,1.1638,2.3425,1.1739,2.3792,1.1803,2.4475,1.1811,2.5396,1.1969,2.6194,1.2357,2.4662,1.2278,2.4029,1.2335,2.326,1.2364,2.2526,1.2393,0.149398862,0.088732632,0.101843802,0.124430945,55.56169926,0.050304871,0.058240278,0.063119094,0.060048397,0.112282679
PX014xNP072-36,Pinetum,0.468646893,-0.077616642,0.133112241,0.031781878,-0.041773621,-0.007783881,0.016653406,0.026900811,0.008679598,-0.003036769,0.011365606,-0.035036821,-0.013587298,-0.005958433,0.013257014,-0.011608943,-0.00433824,0.001379548,0.005312999,0.002266252,-0.009481436,-0.000920432,0.000545439,0.003972474,0.001892774,0.004295538,0.00019459,0.000801338,0.004342125,-0.004898031,0.001233581,1.6583,0.7313,1.4544,0.7361,1.3917,0.7266,1.3139,0.7234,1.2401,0.7131,1.4747,0.787,1.4369,0.771,1.3643,0.7706,1.3698,0.7857,1.3746,0.7944,1.4425,0.7976,1.4748,0.7914,1.5959,0.8086,1.4602,0.8216,1.3922,0.83,1.3194,0.8321,1.2353,0.8337,0.191863102,0.122315371,0.123109707,0.099343092,26.98162207,0.029820966,0.03971297,0.039041773,0.051833966,0.085696499
PX014xNP072-3A,Pinetum,0.486540337,0.000742606,0.110842846,-0.011946191,0.035572085,-0.020376676,0.032002876,-0.00564015,0.010484245,0.005895904,0.002874853,0.018403335,-0.000288389,0.012388734,-0.000835145,0.012527249,-0.008261362,-0.005949867,0.006706417,0.002098984,-0.007567115,-0.0015083,0.002098928,0.000802434,-0.002372392,0.005099565,-0.003606497,-0.003511597,-0.005266453,0.000724185,-0.001198439,2.6688,1.1165,2.4746,1.1208,2.4029,1.1208,2.3177,1.1127,2.2346,1.11,2.4863,1.1753,2.4504,1.1685,2.3828,1.1638,2.3376,1.1748,2.3851,1.1791,2.4477,1.1823,2.4863,1.1845,2.6014,1.2371,2.4698,1.2321,2.4058,1.2314,2.3317,1.2436,2.2605,1.2479,0.191738598,0.126549476,0.130641686,0.138156144,46.09095087,0.054483484,0.056247489,0.053487662,0.047465882,0.111403456
PX014xNP072-4,Pinetum,0.504444938,-0.079444346,0.039738513,0.050589394,-0.034121509,0.017779301,0.049134427,0.048264052,0.004798175,-0.007350521,0.016700507,-0.017217337,-0.007871344,0.005431436,-0.001265712,0.001909959,-0.005519694,0.001308558,-0.003578739,0.004961145,0.006045719,-0.002915977,-0.002095299,0.00247192,0.000553038,-1.51E-05,0.00257797,-0.003960458,0.00472436,-0.001525132,-0.000291549,1.6278,0.7897,1.3885,0.7962,1.3155,0.7861,1.2499,0.7803,1.1769,0.7708,1.3962,0.8538,1.3607,0.8327,1.2877,0.8295,1.2893,0.8459,1.293,0.8612,1.3538,0.8607,1.3962,0.856,1.5579,0.898,1.3798,0.8893,1.3136,0.8919,1.2414,0.893,1.17,0.8925,0.240306825,0.167065526,0.167632127,0.128898798,30.75860132,0.038651779,0.036970935,0.04588126,0.051540276,0.093505615
PX014xNP072-6,Pinetum,0.506122617,-0.013138677,0.055416341,0.06283741,0.00422472,-0.007206711,0.027611742,-0.011469043,-0.002434778,-0.004673769,0.011452724,0.003425141,-0.003755771,0.007397782,0.005473382,0.006262144,-0.011393399,0.000294617,0.010816399,0.0011887,-0.001860135,-0.003564108,-0.006694835,0.003211598,-0.00240398,0.000957213,-0.000191136,0.001951076,0.003391881,0.001549349,0.000343227,2.7044,1.1354,2.48,1.1327,2.4072,1.1273,2.3274,1.1214,2.2476,1.116,2.4907,1.19,2.4446,1.1789,2.3745,1.1753,2.3436,1.1839,2.3776,1.1909,2.445,1.1909,2.4907,1.1905,2.6386,1.2282,2.4736,1.2346,2.4115,1.2438,2.3414,1.246,2.2702,1.2544,0.220564843,0.152629289,0.15275356,0.113760626,28.81436916,0.052226909,0.062830088,0.058203093,0.058080031,0.102100784
RX001-V06,F1,0.504404435,0.073726882,-0.035922855,-0.012361594,0.044753543,0.010134546,0.008436565,0.041566688,-0.002711401,-0.033266693,0.005862179,0.000735958,-0.004951275,0.006991869,-0.010427322,-0.00360857,-1.97E-05,-0.001584756,-0.003539809,-0.000668338,-0.000913604,-0.004321437,0.00555852,0.003597755,0.002347688,-0.004949274,-0.002720925,0.002892827,0.000281601,0.00428928,-0.000958563,2.7454,1.0895,2.5234,1.0983,2.4543,1.1048,2.3889,1.1005,2.3134,1.094,2.5029,1.1753,2.482,1.1724,2.4191,1.1685,2.3407,1.1753,2.4202,1.18,2.4784,1.18,2.5029,1.1832,2.6611,1.2371,2.509,1.2296,2.4457,1.2364,2.3803,1.24,2.3123,1.2415,0.2572312,0.167130039,0.169842515,0.169977204,40.82235557,0.058279671,0.061896769,0.084880917,0.072778637,0.132087282
RX001-V5,F1,0.418228564,0.052870756,0.084470021,-0.094551639,0.109811419,-0.013499542,0.00716346,-0.027493923,-0.013242126,0.009007541,0.001830444,0.003210841,-0.003635638,0.023802406,0.012379793,0.004149737,-0.013110385,-7.81E-05,0.003069354,-0.00178894,-0.006309285,0.005384576,0.000678941,0.012366568,-0.000200124,-0.003635769,-0.003459904,0.0038167,0.005460079,0.000280996,0.000851227,2.6417,1.1217,2.4784,1.1181,2.4238,1.116,2.3583,1.1145,2.2843,1.1041,2.4905,1.1818,2.4679,1.1731,2.4113,1.1677,2.3441,1.1737,2.4099,1.1791,2.4703,1.185,2.4912,1.1944,2.5719,1.2521,2.4741,1.2395,2.4263,1.2429,2.3716,1.2415,2.3074,1.2481,0.162706638,0.099205746,0.10755487,0.147906051,62.49225025,0.054632316,0.065874122,0.055993303,0.053189661,0.121476129
RX001-V8,F1,0.478349669,0.033070704,-0.025228841,-0.020157545,0.032644942,-0.018124931,0.041636571,-0.019444806,0.007639266,-0.016476042,0.002679341,0.006113089,-0.013189718,-0.006357773,0.008927249,-0.008972126,-0.008415034,4.01E-05,0.00061327,0.003822301,0.002255977,0.003156156,0.007829542,0.00531567,0.000665047,0.005533252,0.007338047,0.002156237,-0.00484267,0.001965892,0.000282446,2.7271,1.1036,2.5178,1.1019,2.4498,1.0992,2.3867,1.089,2.3069,1.089,2.5023,1.1643,2.4716,1.1553,2.4164,1.151,2.37,1.1597,2.4299,1.1629,2.4824,1.1688,2.5027,1.1719,2.6575,1.2368,2.5119,1.2244,2.4558,1.2265,2.3959,1.2298,2.3198,1.2314,0.232850875,0.167854252,0.171298832,0.150287724,40.14964607,0.062941322,0.068671464,0.070611614,0.061634406,0.122641999
RX001v4,F1,0.45695385,0.020394394,0.060557986,-0.045076772,0.062836138,0.008915179,0.027930481,0.042964712,0.020340879,0.019256014,-0.001510995,-0.00618665,0.000527561,-0.002850186,0.015248719,0.004879791,-0.002039929,0.00399971,-0.011980291,0.005863512,-0.005328905,-0.004572696,0.000959968,0.006913144,-0.008090686,-0.000482309,0.005396428,-0.006017668,-0.007581961,0.003894192,-0.000917039,1.6437,0.7516,1.4583,0.7595,1.3952,0.7587,1.3254,0.748,1.2575,0.744,1.4628,0.8237,1.4366,0.8025,1.3731,0.798,1.3159,0.8183,1.3774,0.8345,1.4298,0.8341,1.4626,0.8321,1.5758,0.8917,1.4485,0.8721,1.3925,0.8694,1.3246,0.8774,1.2508,0.8798,0.194738851,0.127931232,0.131882523,0.155686929,52.76864731,0.042351978,0.03802657,0.048165236,0.045087692,0.113025661
RX001v7,F1,0.520986887,-0.027660403,-0.059318172,0.007260295,0.025500545,-0.010089735,0.047662834,0.011450573,0.003045406,0.000737219,0.00787731,0.015803602,-0.002602092,0.015483335,-0.018678911,-0.006138277,0.003478334,-0.001096602,0.012903231,0.003902055,-0.00085156,-0.003626015,-0.005144561,0.001468643,0.003022267,0.000722247,0.005183694,0.002010071,0.004206562,-0.001560842,-0.000794994,1.6278,0.8063,1.3795,0.8091,1.3079,0.802,1.2385,0.7948,1.1702,0.7893,1.3679,0.87,1.3353,0.857,1.2668,0.8536,1.2454,0.8618,1.2684,0.8718,1.3226,0.8753,1.3683,0.8771,1.5377,0.9591,1.3692,0.9358,1.3052,0.9377,1.2385,0.9321,1.1726,0.9345,0.267592414,0.188202976,0.191757268,0.177386161,41.45896385,0.076366288,0.075478805,0.065177067,0.065967947,0.127117977
RX004-V1,F1,0.443686195,0.032226005,0.024360571,-0.10544589,0.109739724,-0.023850237,-0.037159192,0.010656912,0.004396334,-0.018594302,0.01184383,-0.012541695,0.001581959,0.001539157,0.005036966,-0.008337318,-0.006937357,0.002605052,-0.012620077,-0.000770841,0.00017613,0.006628193,-0.012123445,-0.005064547,0.002823857,0.000642409,-0.000303612,-0.00438808,0.003493541,0.000998337,0.001303212,2.6926,1.0852,2.5194,1.094,2.4633,1.0912,2.4029,1.0897,2.3281,1.0854,2.5236,1.1704,2.4942,1.1681,2.4374,1.1652,2.3828,1.1638,2.4403,1.1753,2.4942,1.1782,2.5244,1.1822,2.6183,1.2371,2.5147,1.2328,2.4658,1.2321,2.4004,1.2371,2.3306,1.2458,0.189261829,0.108771412,0.115831688,0.169097901,61.91275722,0.058321608,0.062261465,0.078267809,0.078401594,0.138879552
RX005-V1,F1,0.444094887,0.024477458,-0.000842845,-0.088212408,0.049983793,-0.006282074,-0.02617476,0.01392857,0.005072221,-0.030694029,0.009571502,-0.007811514,-0.008364151,-0.007170995,-0.002127211,-0.001823383,-0.008899153,-0.003416068,0.004743622,-0.000528875,0.002188895,-0.001107296,0.008966853,-0.004947217,-0.003978878,0.000714161,0.005280801,-0.002470321,0.002047591,0.0029795,0.000193064,2.6828,1.0906,2.4975,1.1016,2.4428,1.1023,2.3781,1.0973,2.3026,1.0973,2.4871,1.1757,2.4669,1.1704,2.4115,1.1694,2.368,1.174,2.4211,1.1812,2.4696,1.1809,2.4872,1.1816,2.6068,1.23,2.4889,1.2303,2.4374,1.2375,2.3752,1.2465,2.3091,1.244,0.213402202,0.129022169,0.131440405,0.158771408,47.90244094,0.053036308,0.058612115,0.075298074,0.074041205,0.128987015
RX005-V2,F1,0.372469103,0.081199302,-0.108920975,-0.060448898,0.117749288,-0.097807888,-0.092350787,0.022038377,0.008792128,0.023928096,-0.030924522,0.014694157,-0.004147971,-0.019091519,0.001544752,-0.00784038,-0.011002643,-0.005775053,0.001899314,-0.006255281,-0.00267564,-0.000520228,-0.007660941,-0.00026838,-0.001425484,-0.00408659,-0.001158251,-0.001690718,-0.001932745,-0.000984473,0.000459616,2.6748,1.082,2.5399,1.0917,2.4968,1.0949,2.4391,1.0939,2.3754,1.0928,2.5138,1.1564,2.4819,1.1521,2.4307,1.1497,2.3916,1.1575,2.4293,1.1656,2.4822,1.165,2.5143,1.1656,2.5995,1.2125,2.5298,1.2113,2.4935,1.2131,2.4367,1.2231,2.3839,1.2318,0.177359409,0.097255591,0.102429,0.15066632,58.01133902,0.06640369,0.079861693,0.083738641,0.085861808,0.120025706
RX006-V1,F1,0.499537367,0.027298843,-0.042823536,-0.021071808,0.080934528,-0.020152045,0.016777301,-0.015017191,-0.000913681,-0.001178473,0.000904976,0.004307999,0.003561049,0.005637753,-0.005985086,0.003688631,-0.002071347,-0.002822654,-0.001211261,-0.009875623,0.000477769,-0.000458678,-0.004957453,0.000711978,0.003312099,-0.002650044,-0.001233636,-0.000646293,-0.000478605,-0.00388208,-0.001268296,2.7335,1.0906,2.5122,1.093,2.4475,1.0901,2.3821,1.0901,2.3058,1.0879,2.5115,1.1614,2.4722,1.1586,2.4097,1.1532,2.3581,1.1613,2.4121,1.1694,2.473,1.171,2.5119,1.1736,2.657,1.2438,2.5119,1.2314,2.4536,1.2335,2.3867,1.24,2.3258,1.2497,0.233016394,0.161189485,0.16721247,0.171238109,47.21234274,0.071842675,0.076361378,0.076833326,0.073555761,0.138400325
RX006-V2,F1,0.491155739,0.009686004,0.006337368,-0.024866211,0.085776453,-0.021931486,0.016931638,0.00181484,0.011130068,-0.010840257,-0.003494558,0.014585248,-0.01327685,0.013194401,-0.020262096,0.002355792,-0.007554034,0.01093266,0.003680644,0.005283184,0.00055093,-0.002685641,0.003037137,0.000760388,-0.00217945,-0.005954959,-0.000508284,0.00520321,-0.002092074,0.002831863,-0.000691831,2.753,1.0982,2.5394,1.103,2.4687,1.1079,2.4002,1.1022,2.3252,1.0998,2.5448,1.1731,2.4978,1.1699,2.4388,1.1626,2.3905,1.1704,2.4436,1.1758,2.4992,1.1769,2.545,1.1828,2.6654,1.2533,2.5288,1.2361,2.4799,1.2411,2.4036,1.2447,2.3389,1.2447,0.221262853,0.139522077,0.144832317,0.178128521,53.41044254,0.066187612,0.074711311,0.078779249,0.062338592,0.133521422
RX006-V3,F1,0.450140493,0.011138278,0.01585976,-0.112961531,0.117003369,-0.030642397,-0.023850873,0.009720459,0.007766511,-0.007109374,0.004703637,0.000789591,-0.0083458,-0.003077457,-0.001508369,-0.010538852,0.006966934,-0.009159186,0.007578258,0.003529146,0.006391913,-0.000277089,0.000116643,0.003443818,0.005250182,-0.006585332,-0.001030408,-0.006203199,0.00504908,0.00013517,-0.000439904,2.698,1.0647,2.5227,1.0814,2.4633,1.0814,2.4018,1.0804,2.3263,1.0761,2.5266,1.1526,2.4919,1.1483,2.4335,1.1472,2.391,1.1537,2.4432,1.1638,2.4939,1.1595,2.5277,1.1667,2.6205,1.231,2.5212,1.2249,2.4626,1.2274,2.4015,1.2285,2.3346,1.2335,0.192624946,0.112899646,0.122326489,0.183471905,67.00990484,0.070869246,0.066493007,0.073649508,0.07223351,0.14350784
RX008-V2,F1,0.51996139,0.073913208,-0.036758555,-0.010480872,0.062025251,-0.014449653,0.027045123,0.027976093,0.003615417,-0.00254494,0.008278157,-0.01553348,0.00737923,0.004826904,0.008248918,-0.00530055,0.002418997,-0.013345937,0.003443531,-0.006881108,-0.010513202,0.000492905,-0.005659772,0.004625175,0.000999899,-0.000723008,0.005212185,-0.006907053,-0.00157819,-0.002407362,-0.001115432,2.753,1.0949,2.5288,1.1023,2.4676,1.0965,2.3907,1.0915,2.3181,1.0865,2.516,1.1741,2.4928,1.1634,2.4195,1.1577,2.3439,1.1663,2.4223,1.1793,2.4871,1.1814,2.5166,1.1857,2.6802,1.2497,2.5334,1.2371,2.4572,1.2353,2.3903,1.2382,2.3198,1.2425,0.249883253,0.175672878,0.180767807,0.171063965,43.20046463,0.072430518,0.065984923,0.070916923,0.0778399,0.134878464
RX008-V3,F1,0.476228555,0.034371958,0.01394705,-0.066219915,0.083358594,-0.01606927,0.027568672,-0.000339578,0.000843395,-0.003906995,-0.00787976,-0.004341197,-0.00468725,0.009493436,-0.006830507,-0.005893202,0.004580592,0.011854401,0.00276747,-0.006759309,-0.006884755,0.008977722,0.01253592,-0.003923777,0.000259961,-0.003455394,0.00203662,-0.000621452,0.004078172,-0.001890278,-0.00124742,2.7184,1.0949,2.5151,1.0998,2.4504,1.1009,2.3835,1.103,2.3134,1.1019,2.5176,1.1677,2.4889,1.1641,2.4295,1.1606,2.3698,1.1674,2.432,1.1771,2.495,1.18,2.5183,1.185,2.641,1.2515,2.5176,1.2368,2.4604,1.2404,2.3939,1.2483,2.3216,1.244,0.213589513,0.139561958,0.149164339,0.174683485,54.10822991,0.061131007,0.069379031,0.069432917,0.063252668,0.137022808
RX008-V4,F1,0.454288416,0.014947129,0.023084639,-0.102411096,0.090521432,-0.018709603,0.025212509,-0.006119984,-0.002468413,-0.008923192,0.003756037,-0.001297493,-0.000483897,0.010765527,-0.006733639,0.004415734,0.002693223,0.003146804,-0.000146333,-0.001393653,-0.003044295,0.002882157,0.005221571,0.002928988,0.00178616,-0.005001577,-0.00106644,-0.00130005,0.002401232,0.0011857,-0.000638619,2.7001,1.096,2.5129,1.0987,2.4504,1.0998,2.3867,1.0976,2.3166,1.0922,2.5142,1.1677,2.4903,1.1638,2.4328,1.1591,2.384,1.1645,2.4369,1.1731,2.4946,1.1758,2.5151,1.1834,2.6259,1.2566,2.5097,1.2361,2.4551,1.2364,2.3907,1.24,2.3278,1.2407,0.199247836,0.132796385,0.142758888,0.176912408,59.60683425,0.062161885,0.065864482,0.06891132,0.061856689,0.137437258
RX008V06,F1,0.411638389,0.034908428,0.055688139,-0.043125134,-0.001901146,-0.003875318,-0.012024505,-0.031953303,0.00416991,-0.008208344,-0.0047836,0.010324046,-0.009071056,-0.002480792,-0.008691284,-0.013800081,-0.008900855,0.005077263,0.002722286,-0.009125883,0.009974282,-0.001874936,0.006402436,0.002783651,-0.001388665,0.002326881,-0.000312697,-0.002227118,0.000245988,-5.59E-05,0.001588306,2.6796,1.1208,2.5036,1.1131,2.4446,1.1095,2.3857,1.1059,2.3058,1.1045,2.4935,1.1679,2.4795,1.1624,2.4256,1.1597,2.3824,1.1672,2.4304,1.1699,2.4811,1.1688,2.4935,1.168,2.6028,1.2091,2.4964,1.2163,2.4486,1.2224,2.3894,1.2303,2.3188,1.2357,0.191967758,0.116772,0.116807234,0.117026194,34.85638051,0.049903307,0.055565187,0.054875313,0.05367532,0.103450858
RX008V07,F1,0.413754013,0.025824795,0.050739581,-0.054166631,0.001706833,0.002644712,-0.025779564,-0.017104312,0.012390091,-0.020334674,0.005547532,0.001282222,-0.002681307,0.008827079,0.002150697,0.002763488,-0.01271881,-0.006544463,0.005270273,0.003541861,0.006757776,-0.000833532,0.000648164,-0.006129164,-0.003053573,0.002129494,0.008507463,-0.001076154,-0.003103301,-0.005592672,-0.000238067,2.6958,1.1294,2.5216,1.13,2.4644,1.1203,2.4008,1.1106,2.3242,1.1084,2.5102,1.1859,2.4957,1.1807,2.4461,1.1731,2.4013,1.1796,2.4477,1.185,2.4935,1.1882,2.5102,1.1861,2.6197,1.2238,2.5108,1.2292,2.4612,1.2362,2.3997,1.2438,2.3371,1.2454,0.194009304,0.115808204,0.115873465,0.121254155,36.02289306,0.044500449,0.052949882,0.056932416,0.055881392,0.099786171
RX009-V4,F1,0.469314802,-0.000641044,-0.024776949,-0.035330765,0.032895829,-0.015738791,0.003837392,0.007160437,-0.003746012,-0.028870125,-0.005976026,0.005582347,0.001806408,0.027018845,-0.00182816,0.000682548,0.006513666,-0.001835795,-0.00652138,0.003206802,0.004659786,-0.001819176,-0.00421569,-0.004462791,-0.003186554,-0.002987181,0.00031887,0.001536909,-0.001811665,-0.003999796,-0.001024553,2.7303,1.0852,2.5227,1.0976,2.4515,1.0965,2.39,1.0933,2.3188,1.0901,2.5105,1.1667,2.4802,1.1645,2.4335,1.1573,2.3918,1.1652,2.4209,1.1699,2.4838,1.1728,2.5108,1.1713,2.6499,1.2271,2.5169,1.2206,2.4558,1.2256,2.3954,1.2328,2.3314,1.2386,0.234423314,0.149874781,0.151922744,0.163094359,43.77074459,0.058141637,0.06573051,0.079258186,0.063408517,0.123136672
RX009-V9,F1,0.427200176,0.086875876,-0.066639236,-0.047725503,0.109534343,0.001753904,-0.020940611,0.009112258,-0.008433834,-0.007907656,-0.009482855,0.010368359,-0.003229262,-0.007077943,0.003383221,0.00480876,0.001320373,-0.002265658,-0.006035793,-0.008251941,-0.007405571,0.004349398,-0.00048228,0.004775933,0.005891821,0.004509849,-0.002797854,-0.000732861,-0.005642266,-0.00558086,0.000593673,2.7206,1.1111,2.5406,1.1055,2.4889,1.1027,2.4313,1.0991,2.3688,1.0933,2.5239,1.1703,2.4957,1.1652,2.4468,1.1595,2.3727,1.1645,2.4475,1.1724,2.4978,1.1814,2.5243,1.1848,2.637,1.2458,2.5183,1.2335,2.4723,1.23,2.4227,1.235,2.3659,1.2415,0.205415506,0.128149483,0.135984779,0.158534066,50.4751303,0.055988034,0.06271204,0.074700067,0.070701132,0.129928019
RX009V01,F1,0.432541166,0.019912937,0.066294668,0.020343838,0.004428934,0.007161985,-0.044561992,-0.013581929,0.005673904,-0.005245017,-0.004640173,-0.013597243,-0.003285195,0.00794445,0.005878899,-0.00390994,0.007132345,-0.015861799,0.000688011,0.007472087,0.001281816,0.006792913,0.003164638,0.005546745,-0.004210428,-0.002352373,0.00034471,0.003007848,0.00226478,0.002561975,-0.000245207,2.7066,1.1046,2.5183,1.1109,2.4558,1.1088,2.3925,1.1016,2.3191,1.0944,2.5234,1.167,2.4907,1.1566,2.4346,1.1544,2.3914,1.1659,2.4342,1.1699,2.4924,1.1685,2.5234,1.1672,2.6294,1.1796,2.5194,1.2017,2.4569,1.2174,2.3997,1.2298,2.3323,1.2384,0.193535526,0.106722819,0.106746241,0.107632895,25.58824821,0.04279299,0.052645418,0.053387733,0.050287175,0.090806663
RX010-V1,F1,0.484171105,0.041332043,-0.012928481,-0.038185651,0.045594134,-0.008429648,0.013003771,-0.014793451,0.001852028,-0.006069619,-0.009269282,0.010230108,-0.004159349,0.019851741,-0.011335385,-0.000220048,-0.017163128,0.004916251,-0.003450632,-0.00594873,-0.010349838,0.002135203,-0.002474469,0.008676699,0.001516683,-0.000800125,-0.000828803,-0.001009223,0.004539814,-0.000118863,0.000229136,2.7767,1.1068,2.5572,1.1019,2.4975,1.0991,2.4256,1.0969,2.3472,1.0876,2.548,1.1699,2.5248,1.1618,2.4682,1.1575,2.4067,1.1624,2.4639,1.1688,2.5243,1.1726,2.548,1.1802,2.685,1.2443,2.5491,1.2298,2.5005,1.2319,2.4299,1.2368,2.3619,1.2443,0.237245232,0.151254124,0.155898557,0.165272926,43.92943675,0.062344847,0.07294635,0.068101175,0.065337968,0.128156233
RX010-V2,F1,0.509094675,-0.005697764,-0.030417897,-0.026833241,0.086778388,-0.005977344,0.01222691,-0.006901625,0.003898506,-0.011516722,0.010755077,-0.002633892,-0.011545723,0.006059627,-0.004170307,0.002800184,0.002310194,-0.004047296,-0.001556257,0.006461426,0.003588164,-0.000700703,-0.007778566,0.002732642,0.001543606,-0.009861343,-0.002964936,0.00016668,-0.00046413,0.001533336,1.64E-05,2.6521,1.1235,2.4218,1.1278,2.3528,1.1262,2.2902,1.1197,2.2168,1.1111,2.4286,1.2015,2.3797,1.1958,2.3182,1.1866,2.2789,1.1947,2.329,1.2077,2.383,1.2066,2.4297,1.2116,2.5665,1.2832,2.4155,1.2688,2.3565,1.2717,2.2911,1.2709,2.2271,1.2796,0.236719771,0.154404663,0.160285059,0.181194509,49.88361763,0.070178985,0.069658094,0.079977559,0.069608333,0.141140675
RX010-V3,F1,0.454600375,0.074316995,0.066712848,-0.075953968,0.146912141,0.010605003,-0.058126557,-0.004995063,-0.008364778,-0.008302994,-0.011651855,-0.01749802,-0.005896634,-0.005819397,-0.007243811,0.000315902,-0.004353249,-0.00561016,-0.006342549,-0.006815098,0.001452163,-0.00613565,0.002686004,0.002215989,-0.001247345,-0.001711568,0.010779294,0.003515385,0.002454592,-0.000344389,0.000677725,2.7001,1.1068,2.5183,1.1106,2.4676,1.1063,2.4051,1.1019,2.3274,1.1019,2.5418,1.1828,2.5,1.1771,2.4417,1.1767,2.3569,1.1832,2.445,1.1879,2.5093,1.1879,2.5422,1.1922,2.6122,1.2438,2.5124,1.2395,2.4628,1.2524,2.3975,1.2594,2.3339,1.2643,0.175598662,0.086962981,0.093151275,0.162774107,66.55389806,0.051693036,0.06691106,0.068972023,0.075013132,0.129034957
RX011-V1,F1,0.486220957,0.034453902,-0.004493971,-0.041880032,0.090281315,-0.025636101,0.012534021,-0.006314167,0.0052884,-0.017009005,0.00492165,0.013708771,0.008233915,0.005746536,0.004704665,0.004815555,0.009510339,0.002541446,-0.00267012,-0.002638694,0.002843019,-0.000775561,-0.003321583,0.003553702,0.005686953,-0.000799283,-0.002339154,0.001084175,-0.000791757,0.000644406,-0.000809194,2.7379,1.0895,2.5431,1.0836,2.4682,1.0825,2.4029,1.0777,2.3285,1.0728,2.5353,1.1544,2.4953,1.1519,2.4414,1.1462,2.3799,1.1498,2.4407,1.1566,2.4975,1.1609,2.536,1.1684,2.6633,1.24,2.5302,1.2238,2.4687,1.2228,2.4033,1.2242,2.3378,1.2314,0.212741087,0.146054271,0.153984934,0.167974433,51.53474043,0.070892172,0.071877952,0.083365041,0.069108104,0.140792223
RX013xINV7-1-V17,LBX,0.484877936,-0.131402759,-0.158515611,0.123716386,-0.053224121,-0.085441182,-0.051771753,0.016520614,-0.007635314,0.032761931,-0.020111255,0.01176939,-0.004059457,-0.015051982,-0.007486726,-0.017113792,0.008369759,-0.012768519,-0.00151735,0.004804506,0.001571749,-0.001261495,0.000983434,0.005283578,-0.001219841,0.005678792,-0.001050761,0.000470606,0.006840388,0.008892452,0.00073606,2.698,1.1629,2.4676,1.1532,2.4005,1.1502,2.3428,1.1367,2.2778,1.1235,2.4358,1.2073,2.3746,1.1807,2.3045,1.1847,2.3784,1.202,2.2964,1.2082,2.3692,1.2112,2.4359,1.2083,2.6019,1.2443,2.4504,1.2481,2.39,1.2535,2.3339,1.2648,2.2648,1.2697,0.265932698,0.169858765,0.17017112,0.125941137,22.16911036,0.089191087,0.103985816,0.096980668,0.102011029,0.096446099
RX013xINV7-1-V18,LBX,0.472702905,-0.180190001,0.0015425,-0.09507215,-0.014872883,-0.012223555,-0.020405831,0.007463399,0.001980327,-0.00421478,0.015140079,0.00845805,0.000790731,0.007863297,-0.004298693,0.009548877,5.91E-05,0.010169456,0.008272869,0.008988073,0.003844295,-0.001499997,-0.000616536,0.00986459,0.004942303,0.000542706,0.004072466,0.002199317,0.000911818,-0.0028446,-0.001746147,2.6915,1.151,2.4802,1.1534,2.4141,1.1469,2.3472,1.139,2.2789,1.1303,2.4759,1.2238,2.4457,1.2044,2.3889,1.2023,2.4398,1.2244,2.3876,1.2289,2.4364,1.2337,2.476,1.2342,2.5996,1.2907,2.4563,1.2821,2.408,1.2872,2.3403,1.2846,2.2749,1.2896,0.227559223,0.135901472,0.140631789,0.167217523,47.06350059,0.052331348,0.061766091,0.061573127,0.060862139,0.130900344
RX013xINV7-1-V22,LBX,0.453899633,-0.257237938,0.149093629,-0.000374938,0.001964474,-0.027535186,-0.001076544,-0.002349295,0.017344469,0.021604217,0.030076903,0.018244356,0.035109364,-0.028183542,0.031065685,0.006786362,-0.000646062,0.003393117,-0.003580699,-0.004658976,-0.007149838,-0.001373056,0.013824344,-0.001436416,0.000504962,-0.005102017,-0.001178724,-0.00450113,0.00426145,0.001101332,-0.000151242,2.688,1.1009,2.5167,1.0858,2.4542,1.0782,2.3819,1.0701,2.3101,1.0599,2.5593,1.1348,2.4903,1.117,2.4313,1.1131,2.5052,1.1383,2.4306,1.1494,2.4795,1.1483,2.5601,1.154,2.6494,1.1901,2.5016,1.1802,2.4434,1.185,2.3821,1.1944,2.3026,1.1936,0.133089819,0.096320818,0.105717075,0.097193621,46.29675128,0.038807474,0.037831204,0.040870527,0.041742305,0.095600052
RX013xINV7-1-V23,LBX,0.459444251,-0.266483438,0.03564919,-0.00658632,-0.042163692,0.027574109,-0.014183028,-0.013226855,0.046779667,-0.097554525,-0.097224897,0.042335393,0.021224774,0.024346814,0.047047878,0.008118808,0.006029892,0.004737461,-0.007241209,0.009466462,-0.0003127,-0.004167259,0.004461386,-0.00105407,0.001708701,0.004906441,0.00046023,-0.00365631,0.004365657,-0.003037174,0.001613033,2.7309,1.1165,2.5155,1.1203,2.4522,1.1131,2.3896,1.1059,2.3212,1.0987,2.5331,1.1742,2.4245,1.1537,2.4827,1.1559,2.5085,1.1769,2.4229,1.1812,2.4779,1.1839,2.5332,1.1804,2.6492,1.2145,2.4942,1.2145,2.4414,1.2206,2.3828,1.2332,2.3152,1.2346,0.206044,0.120908271,0.122895484,0.127588753,35.4050615,0.034670593,0.043527118,0.096935855,0.05255559,0.096578103
RX013xINV7-1-V24,LBX,0.510799492,-0.036013205,-0.08266547,-0.010086548,-0.023585662,0.00646855,0.008791065,-0.021787181,0.001322443,0.002665956,0.007501185,-0.000160726,0.013225679,0.009754312,-0.000292829,-0.001682861,0.000469823,-0.00971711,0.008559881,0.001280023,-0.003784767,0.0009008,0.000404185,-0.007592085,-0.00228221,0.00166133,0.006962522,-0.000714459,-0.002369892,0.002946459,-0.001489773,2.8037,1.1068,2.5536,1.1099,2.4917,1.1045,2.4223,1.0912,2.3511,1.089,2.5345,1.1737,2.5162,1.1602,2.4547,1.157,2.4425,1.1692,2.4515,1.1818,2.5049,1.1845,2.5346,1.1765,2.7211,1.2321,2.5525,1.2332,2.4896,1.2415,2.4302,1.2519,2.3626,1.2566,0.277388266,0.194611433,0.195525241,0.150076147,31.3345866,0.068098825,0.070821607,0.062680539,0.064228109,0.123304907
RX013xINV7-1-V26,LBX,0.498346569,0.047358568,-0.05136409,-0.020885748,0.01610603,-0.011603585,0.03233211,-0.020069902,0.006724729,-0.009895414,-0.001862074,0.011246645,-0.012298829,-0.015111147,0.011824236,0.007427096,0.023308292,0.003194482,0.002625156,0.002719462,0.004648038,-0.004804504,0.006055015,-0.006178676,0.001202748,-0.000751911,-0.007162576,0.001286709,-0.007376398,0.001493515,-0.001170093,2.778,1.1192,2.5674,1.1084,2.4838,1.1095,2.4169,1.0987,2.3465,1.0948,2.5309,1.1699,2.5054,1.1677,2.4489,1.1598,2.3978,1.1713,2.4631,1.1828,2.5165,1.1858,2.5311,1.1771,2.7001,1.2497,2.5507,1.2411,2.4844,1.2406,2.4272,1.2476,2.3549,1.2513,0.252247696,0.183934119,0.187073996,0.151982433,36.84505558,0.065020997,0.061599756,0.085793298,0.061221728,0.133746701
RX013xINV7-1-V27,LBX,0.480272063,-0.232225831,0.026481682,-0.026074805,-0.044486036,-0.010739685,0.007552086,0.011054659,0.009909103,-0.014700245,0.013545654,0.00038962,0.008557546,0.001008542,-0.013288161,4.76E-05,0.000797301,-0.00334335,-0.005851946,0.009124161,-0.00502559,-0.004291644,0.009191645,-0.008251417,0.000600272,0.000405098,-0.002513857,0.001266209,-0.001212774,0.005987968,-0.000737328,2.6516,1.0583,2.4239,1.0615,2.3617,1.0615,2.2977,1.0477,2.2298,1.0383,2.4408,1.1193,2.3916,1.1073,2.3382,1.1057,2.4142,1.1224,2.3364,1.13,2.3878,1.1339,2.4408,1.129,2.5755,1.1796,2.4159,1.1688,2.358,1.1735,2.2896,1.1845,2.2201,1.1812,0.219448491,0.14389041,0.147581096,0.143195321,40.25528233,0.044806473,0.048567582,0.056044001,0.050058865,0.107597816
RX013xINV7-1-V28,LBX,0.480158183,0.041941161,-0.036728394,0.040613053,0.041679427,0.013799437,0.026270298,0.014219775,-0.012218183,0.001514959,-0.001438571,0.009069888,0.00726185,-0.002468357,-0.004321299,-0.00057912,0.008627002,0.000839451,-0.006076041,-0.00328779,-0.005658888,0.001950502,0.0003949,0.002031285,-0.00203683,-0.000250949,-0.001695103,0.000328384,-0.006782456,-0.000207892,-0.000703277,2.7551,1.1251,2.5367,1.1224,2.4693,1.1224,2.4067,1.1165,2.3436,1.1133,2.5286,1.1818,2.4968,1.1737,2.4326,1.1672,2.3738,1.1796,2.4304,1.1872,2.4922,1.1907,2.529,1.1891,2.6834,1.2438,2.5232,1.2357,2.4633,1.2373,2.4083,1.246,2.3414,1.253,0.233489058,0.163803083,0.16675443,0.138674367,35.88102917,0.054644304,0.0599368,0.064989999,0.057913125,0.114101446
RX013xINV7-1-V31,LBX,0.428886914,-0.018312606,0.026074392,0.000363,-0.018880704,0.022385911,-0.028848949,-0.00942319,-0.003944273,-0.010521995,0.003949131,0.007739607,-0.001376368,0.000391462,-0.024326332,0.001970331,0.001988649,-0.007450827,0.001476635,-0.008467322,-0.009119796,-0.001179699,-0.003042352,0.001105655,-0.002656309,0.00529518,-0.003030155,0.003105202,0.002239301,0.006226752,0.000991701,2.7395,1.1111,2.5378,1.1079,2.4844,1.1084,2.4177,1.1019,2.3515,1.0969,2.5354,1.1645,2.5148,1.157,2.456,1.1586,2.4328,1.1629,2.4575,1.1675,2.5077,1.1691,2.5354,1.1646,2.6561,1.1951,2.528,1.2059,2.4748,1.2159,2.4166,1.2267,2.3562,1.2375,0.210970069,0.124493936,0.124518473,0.118370435,28.88796991,0.042027729,0.05139893,0.054220015,0.057676685,0.098488781
RX013xINV7-1-V32,LBX,0.4769448,-0.235788753,0.036549132,-0.04186886,-0.028271406,-0.007061556,0.017984039,-0.038828469,0.008223714,0.010260958,0.013132073,0.009991632,-0.001579162,0.010881802,-0.00901541,0.001838216,-0.000324803,-0.000187579,0.003383316,-0.002666098,-0.004003303,0.008500089,-0.000355251,0.002775143,0.011591401,-0.007086761,0.006298685,0.00138173,-0.003671135,-0.003582843,-0.003851175,2.7573,1.1165,2.5245,1.1097,2.4648,1.0998,2.401,1.0898,2.3303,1.0847,2.5512,1.1599,2.5023,1.1478,2.4482,1.1397,2.5234,1.1624,2.4506,1.1699,2.4981,1.1742,2.5512,1.1783,2.6742,1.2319,2.5227,1.2201,2.4682,1.2265,2.4051,1.226,2.3371,1.2357,0.210619966,0.134171383,0.142523682,0.142206786,42.23470902,0.052076578,0.059273265,0.044095918,0.043215391,0.110414673
RX013xINV7-1-V35,LBX,0.476081477,-0.193715809,-0.019584161,-0.03740504,-0.059190244,0.019646595,-0.008118459,0.004947889,-0.006530987,-0.001215585,0.009242336,-0.007604656,-0.008499847,0.011560381,-0.004892711,0.01026262,-0.006757031,-0.000716708,0.002480008,0.002295522,-0.002009871,-0.001805186,0.007104927,0.002875926,0.000758814,0.002917014,0.00239841,0.001048367,-0.002016187,-0.002096955,-0.001324366,2.7238,1.068,2.482,1.0796,2.4259,1.0753,2.3612,1.0681,2.2936,1.0617,2.4881,1.1424,2.4569,1.1219,2.3997,1.1224,2.4606,1.1451,2.3997,1.1548,2.4525,1.1586,2.4881,1.149,2.6356,1.1861,2.4723,1.1897,2.4213,1.199,2.3623,1.2077,2.299,1.212,0.24716361,0.152094247,0.153837382,0.147400305,34.02162655,0.036868008,0.049195528,0.04918638,0.05389666,0.110526467
RX013xINV7-1-V36,LBX,0.443871477,-0.06697022,0.028886495,-0.045920722,-0.044034649,0.019413596,0.029128319,0.004224137,0.000803105,0.021583877,-0.008392418,0.015962166,-0.002051794,0.006890354,-0.008165868,0.01221766,0.00331168,0.004884531,0.000751463,-0.006064198,0.00779859,-0.002504787,-0.000802412,0.003519035,-0.003964135,0.006183799,0.001940025,0.001337727,0.000779021,0.000900047,-0.000135955,2.7282,1.1143,2.5248,1.1106,2.4579,1.1052,2.3937,1.0982,2.3236,1.0944,2.511,1.1645,2.5027,1.1424,2.4428,1.1424,2.4373,1.1606,2.4404,1.1731,2.4933,1.1769,2.511,1.1648,2.6451,1.2233,2.5076,1.2116,2.4543,1.2141,2.3925,1.2199,2.3281,1.2274,0.222925728,0.146304682,0.146424895,0.137064255,36.69031068,0.037531054,0.043292147,0.038725315,0.040147852,0.102454087
RX013xINV7-1-V38,LBX,0.515703176,-0.241475346,-0.002881019,-0.009174522,0.023043884,-0.022458848,0.011725145,-0.009019916,-0.02311061,-0.010101286,0.056686913,-0.011859177,0.059886619,-0.029326693,0.038544499,0.01723834,-0.01680362,-0.01587889,-0.00070939,0.009023301,0.009301199,-0.010441264,0.002842035,-0.002170259,-0.002838437,0.006638518,0.000172079,0.003335984,-0.001553627,-0.004827543,-0.000638708,2.6478,1.0717,2.4337,1.0798,2.3727,1.069,2.3107,1.0615,2.2325,1.0545,2.4711,1.1481,2.4008,1.1314,2.3339,1.1307,2.4223,1.1508,2.3332,1.1573,2.3957,1.1638,2.4712,1.1561,2.6359,1.2098,2.4245,1.2066,2.3652,1.2141,2.308,1.2238,2.2454,1.2271,0.19250935,0.173233311,0.17597139,0.13861176,43.90782639,0.051587595,0.065193865,0.06119616,0.072885732,0.127133316
RX013xINV7-1-V39,LBX,0.426794903,-0.095801092,0.025592247,-0.047660507,-0.065493862,0.028720485,-0.045056799,0.02088747,0.004145225,0.005959131,1.57E-05,-0.026833357,-0.022153557,-0.001330385,0.006740667,0.008466081,-0.002220982,0.010410234,0.009194655,-0.000518856,0.00022473,-0.005914225,0.006515634,0.006066805,-0.003656893,-0.000241124,0.008272033,-0.004066745,-0.003124136,-0.001758554,-0.000443176,2.7249,1.11,2.5223,1.1156,2.4691,1.1099,2.4015,1.1027,2.3382,1.0991,2.5147,1.1785,2.5007,1.1552,2.4414,1.1552,2.4569,1.18,2.4477,1.1926,2.4984,1.1899,2.5147,1.179,2.6348,1.1974,2.5097,1.2141,2.4622,1.2256,2.4011,1.2328,2.335,1.2357,0.221079827,0.121501317,0.121578041,0.125525973,26.99298572,0.026708238,0.036045111,0.045107871,0.053097834,0.099302618
