group,angle,key,marked_tiff,txt,raw_image,raw_group,n_expected,n_found,landmark_source,image_width,image_height,landmarks_px_json,flags
g0_LEC,Saw,076_04_f2_l,,../g0/marked_images/SH/txt/076_04_F2_L_XY_SH.txt,images/076_04_f2_l.tif,g0_LEC,52,52,autolabel_v1.2,2560,1920,"[[6.9, 640.4], [2073.2, 694.2], [1688.2, 519.7], [1275.0, 577.8], [985.5, 609.1], [755.8, 636.1], [555.9, 637.6], [393.2, 634.6], [1560.0, 503.2], [1146.7, 571.9], [861.7, 616.7], [2052.2, 1213.5], [1676.3, 1222.3], [1280.9, 1159.6], [937.7, 1067.2], [664.8, 980.7], [455.9, 903.2], [298.0, 836.0], [2117.9, 1305.9], [1727.0, 1325.4], [1440.5, 1326.7], [1070.6, 1292.5], [708.1, 1205.9], [487.2, 1121.0], [315.7, 1049.2], [1623.3, 515.2], [1463.7, 598.8], [1328.9, 613.5], [1210.2, 573.5], [1079.2, 642.5], [983.5, 674.0], [923.5, 613.5], [807.0, 661.5], [745.8, 695.3], [684.7, 645.5], [616.0, 667.5], [551.8, 697.5], [502.2, 647.5], [447.3, 658.5], [395.3, 672.8], [332.6, 640.5], [275.3, 650.5], [224.5, 628.5], [166.0, 629.5], [108.8, 617.5], [49.5, 618.5], [1863.5, 1229.0], [1479.0, 1211.0], [1104.7, 1131.0], [795.5, 1038.5], [554.1, 955.1], [374.1, 880.1]]",
g0_LEC,Saw,076_04_f3_r,,../g0/marked_images/SH/txt/076_04_F3_R_XY_SH.txt,images/076_04_f3_r.tif,g0_LEC,52,52,autolabel_v1.2,2560,1920,"[[39.8, 601.8], [2125.3, 880.7], [1738.9, 667.4], [1330.1, 664.4], [1015.3, 670.5], [770.7, 669.0], [570.9, 651.0], [406.9, 628.5], [1610.6, 640.4], [1199.0, 652.5], [885.7, 665.9], [2020.9, 1401.4], [1656.8, 1364.1], [1269.0, 1261.2], [939.3, 1137.4], [667.9, 1012.1], [454.4, 910.5], [321.7, 831.4], [2082.1, 1502.8], [1697.2, 1473.0], [1415.3, 1425.2], [1030.4, 1355.2], [687.3, 1234.2], [455.9, 1125.3], [290.4, 1035.8], [1680.8, 646.3], [1533.4, 726.1], [1422.5, 714.0], [1263.2, 658.5], [1155.6, 719.5], [1071.6, 722.1], [948.0, 668.5], [860.5, 714.0], [803.3, 720.5], [713.5, 674.0], [658.7, 691.8], [605.0, 694.5], [526.0, 653.5], [482.0, 664.5], [440.3, 656.8], [351.9, 630.5], [299.9, 622.4], [248.7, 603.5], [194.1, 595.6], [139.7, 591.8], [86.7, 591.8], [1831.9, 1396.0], [1453.0, 1334.0], [1098.6, 1215.0], [793.2, 1089.0], [557.5, 976.0], [383.7, 877.7]]",
g0_LEC,Saw,102_04_f2_r,,../g0/marked_images/SH/txt/102_04_F2_R_XY_SH.txt,images/102_04_f2_r.tif,g0_LEC,52,52,autolabel_v1.2,2560,1920,"[[39.8, 606.3], [2146.0, 796.0], [1713.7, 609.1], [1312.2, 633.1], [1021.4, 651.0], [779.8, 658.4], [581.2, 652.5], [408.2, 628.5], [1589.8, 591.4], [1194.4, 633.1], [905.1, 674.8], [2114.9, 1331.2], [1682.3, 1305.9], [1289.9, 1208.9], [951.4, 1094.0], [667.9, 974.7], [468.0, 880.7], [314.2, 804.6], [2152.3, 1432.8], [1734.4, 1423.7], [1455.4, 1405.8], [1081.0, 1341.6], [700.7, 1243.3], [473.8, 1135.9], [300.8, 1040.4], [1652.3, 598.5], [1528.6, 685.9], [1411.4, 684.5], [1251.9, 637.5], [1157.5, 707.0], [1063.1, 713.5], [960.1, 668.4], [851.5, 722.0], [803.5, 728.3], [715.1, 676.4], [649.8, 699.5], [603.1, 703.6], [529.7, 662.5], [479.6, 674.5], [429.9, 666.5], [355.8, 639.5], [300.3, 633.8], [251.0, 607.5], [194.2, 605.7], [140.6, 588.9], [85.8, 595.5], [1891.6, 1358.0], [1482.2, 1267.0], [1114.1, 1153.0], [811.1, 1028.1], [562.9, 947.0], [384.8, 858.0]]",
g0_LEC,Saw,rb010_f1_l,,../g0/marked_images/SH/txt/RB010_F1_L_XY_SH.txt,images/rb010_f1_l.tif,g0_LEC,52,52,autolabel_v1.2,2560,1920,"[[178.5, 621.2], [1969.0, 751.1], [1612.1, 612.1], [1264.4, 630.1], [1019.9, 641.9], [818.5, 654.0], [646.9, 648.0], [503.7, 634.6], [1516.6, 597.2], [1163.1, 628.5], [920.0, 661.4], [1935.8, 1252.1], [1646.5, 1262.7], [1295.8, 1200.1], [991.5, 1088.1], [734.9, 979.2], [548.4, 891.1], [412.7, 813.5], [1973.2, 1349.1], [1665.9, 1292.5], [1389.8, 1270.1], [1055.7, 1225.3], [750.0, 1131.3], [560.5, 1058.3], [412.7, 989.6], [1563.7, 611.2], [1431.8, 660.7], [1333.1, 667.6], [1215.5, 627.5], [1103.4, 665.5], [1035.2, 681.3], [967.3, 649.2], [869.3, 677.5], [813.5, 691.5], [761.4, 656.9], [706.6, 668.5], [651.2, 683.5], [601.7, 651.5], [554.3, 654.5], [508.2, 660.7], [456.2, 636.7], [407.9, 639.5], [363.7, 624.5], [315.3, 619.5], [268.6, 608.5], [219.0, 604.5], [1790.2, 1264.0], [1456.1, 1254.0], [1139.7, 1158.0], [853.2, 1050.0], [663.7, 963.0], [471.7, 866.7]]",
g0_LEC,Saw,rb012_f1_r,,../g0/marked_images/SH/txt/RB012_F1_R_XY_SH.txt,images/rb012_f1_r.tif,g0_LEC,52,52,autolabel_v1.2,2560,1920,"[[132.2, 710.7], [2023.9, 786.9], [1636.1, 639.1], [1270.5, 655.6], [993.1, 694.2], [777.4, 706.6], [597.4, 710.4], [443.6, 702.4], [1513.6, 613.6], [1157.1, 652.5], [899.5, 712.6], [1985.0, 1323.9], [1636.1, 1332.7], [1289.9, 1264.0], [957.2, 1152.3], [697.7, 1038.9], [517.1, 953.7], [374.0, 882.2], [2047.7, 1417.9], [1668.9, 1377.4], [1392.8, 1356.7], [1057.2, 1316.3], [733.6, 1238.7], [517.1, 1153.8], [359.1, 1074.7], [1580.8, 620.5], [1458.0, 691.5], [1357.3, 686.5], [1212.2, 654.5], [1133.0, 719.5], [1055.4, 729.5], [943.8, 701.7], [857.9, 761.6], [818.5, 754.5], [728.0, 725.5], [677.9, 748.6], [633.5, 744.5], [557.6, 720.9], [516.2, 735.5], [476.9, 727.4], [400.8, 715.5], [354.4, 716.9], [310.5, 698.5], [261.2, 701.5], [215.6, 689.5], [168.0, 700.5], [1811.9, 1338.0], [1452.6, 1319.0], [1115.2, 1233.0], [817.7, 1118.0], [602.4, 1017.4], [448.1, 936.1]]",
g0_LEC,Saw,rb017_g0_f10_l,,../g0/marked_images/SH/txt/RB017_G0_F10_L_XY_SH.txt,images/rb017_g0_f10_l.tif,g0_LEC,52,52,autolabel_v1.2,2560,1920,"[[132.2, 731.6], [2003.0, 799.0], [1618.1, 648.0], [1269.0, 707.6], [1022.9, 730.1], [812.4, 739.0], [632.0, 737.4], [484.4, 724.1], [1516.6, 639.1], [1167.6, 698.8], [936.4, 735.9], [1979.2, 1283.5], [1616.6, 1270.1], [1275.0, 1208.9], [961.7, 1114.9], [730.5, 1038.9], [547.1, 961.3], [399.3, 901.7], [2029.8, 1383.5], [1676.3, 1386.5], [1412.2, 1370.1], [1095.9, 1334.2], [776.8, 1253.6], [563.3, 1182.1], [409.7, 1104.6], [1566.4, 648.5], [1442.4, 713.1], [1341.4, 732.5], [1220.1, 701.5], [1111.9, 754.6], [1036.4, 771.5], [979.9, 731.5], [868.3, 768.5], [803.8, 802.5], [750.6, 744.5], [690.4, 762.5], [632.0, 783.5], [577.7, 741.5], [525.6, 750.5], [474.0, 760.5], [429.1, 736.5], [373.0, 739.5], [330.6, 719.5], [273.7, 720.5], [220.6, 705.5], [165.3, 704.5], [1791.6, 1294.0], [1462.6, 1264.6], [1114.2, 1180.2], [841.9, 1092.9], [625.8, 1019.0], [452.4, 946.0]]",
g0_LEC,Saw,rb017_g0_f4_l,,../g0/marked_images/SH/txt/RB017_G0_F4_L_XY_SH.txt,images/rb017_g0_f4_l.tif,g0_LEC,52,52,autolabel_v1.2,2560,1920,"[[136.8, 676.3], [2055.0, 743.1], [1671.7, 607.8], [1316.7, 669.0], [1073.7, 697.3], [863.2, 707.6], [675.2, 697.3], [518.6, 682.4], [1571.9, 603.3], [1219.7, 661.4], [978.1, 704.6], [2029.8, 1246.3], [1646.5, 1238.7], [1285.4, 1174.6], [1000.4, 1097.0], [772.2, 1010.6], [563.3, 926.9], [424.6, 862.8], [2071.7, 1352.2], [1710.6, 1365.6], [1455.4, 1371.6], [1133.3, 1340.3], [799.0, 1255.2], [575.4, 1165.7], [403.8, 1083.6], [1621.7, 610.5], [1486.6, 675.5], [1380.3, 694.5], [1269.2, 662.5], [1162.3, 723.2], [1080.0, 736.5], [1027.7, 699.2], [914.9, 736.6], [847.3, 756.5], [791.4, 708.5], [722.4, 728.5], [659.8, 747.7], [619.9, 699.5], [565.9, 710.6], [512.3, 722.5], [459.5, 684.5], [398.7, 693.5], [351.5, 666.5], [289.0, 669.5], [235.5, 653.5], [175.5, 648.5], [1835.2, 1261.0], [1456.1, 1233.1], [1136.9, 1161.9], [876.9, 1076.0], [639.4, 992.4], [475.7, 917.0]]",
g0_LEC,Saw,rb017_g0_f6_r,,../g0/marked_images/SH/txt/RB017_G0_F6_R_XY_SH.txt,images/rb017_g0_f6_r.tif,g0_LEC,52,52,autolabel_v1.2,2560,1920,"[[108.5, 530.2], [1960.0, 764.0], [1619.7, 586.8], [1273.5, 589.9], [1008.0, 583.8], [797.5, 571.9], [614.1, 557.0], [466.5, 543.6], [1506.2, 561.6], [1163.1, 573.5], [924.3, 597.2], [1880.7, 1238.7], [1531.5, 1201.4], [1189.9, 1111.9], [907.9, 1012.1], [688.6, 912.0], [508.2, 819.6], [382.9, 746.5], [1946.4, 1347.6], [1610.6, 1326.7], [1352.6, 1267.0], [1030.4, 1201.4], [727.5, 1108.9], [511.2, 1016.4], [353.1, 940.3], [1564.3, 571.5], [1453.8, 633.7], [1361.5, 627.0], [1218.0, 581.5], [1139.9, 634.6], [1065.6, 625.5], [965.0, 586.5], [879.5, 620.5], [828.1, 613.6], [744.8, 578.5], [694.2, 596.5], [647.4, 593.1], [572.4, 564.1], [531.6, 575.9], [490.3, 568.8], [414.3, 552.5], [360.7, 548.5], [310.5, 534.5], [259.2, 522.5], [206.3, 518.2], [154.1, 521.4], [1696.4, 1240.0], [1348.2, 1184.0], [1042.6, 1085.6], [788.9, 987.9], [597.5, 870.5], [442.4, 790.4]]",
g0_LEC,Saw,rb022_f2_l,,../g0/marked_images/SH/txt/RB022_F2_L_XY_SH.txt,images/rb022_f2_l.tif,g0_LEC,52,52,autolabel_v1.2,2560,1920,"[[156.2, 616.7], [1990.0, 782.0], [1609.1, 621.2], [1293.0, 646.5], [1040.8, 659.9], [835.5, 648.4], [659.4, 636.5], [513.4, 624.4], [1501.7, 603.3], [1194.4, 634.6], [943.6, 668.5], [1985.0, 1276.1], [1627.0, 1265.5], [1254.1, 1194.0], [966.3, 1073.2], [737.9, 977.7], [559.0, 883.7], [418.7, 801.6], [2032.8, 1374.4], [1682.3, 1367.1], [1391.3, 1343.1], [1087.0, 1265.5], [782.6, 1173.0], [569.3, 1079.1], [411.2, 992.6], [1555.4, 612.5], [1425.0, 674.5], [1330.8, 690.5], [1243.8, 642.5], [1139.0, 701.5], [1053.7, 712.5], [991.6, 657.5], [885.7, 697.5], [819.3, 704.5], [775.0, 656.5], [714.8, 673.5], [655.0, 683.5], [610.1, 642.5], [561.5, 654.5], [512.1, 654.5], [459.7, 628.8], [405.0, 637.5], [357.4, 615.9], [302.6, 609.5], [250.9, 593.5], [197.1, 590.5], [1804.6, 1283.0], [1427.3, 1252.0], [1096.7, 1144.7], [846.8, 1038.8], [642.6, 947.6], [489.8, 864.8]]",
g0_LEC,Saw,rb075_f1_r,,../g0/marked_images/SH/txt/RB075_F1_R_XY_SH.txt,images/rb075_f1_r.tif,g0_LEC,52,52,autolabel_v1.2,2560,1920,"[[278.5, 674.8], [2009.0, 802.1], [1627.0, 648.0], [1286.9, 671.8], [1043.8, 686.9], [851.3, 688.2], [679.8, 680.8], [536.5, 665.9], [1519.6, 627.0], [1188.4, 665.9], [957.2, 686.9], [1967.1, 1295.3], [1604.8, 1259.7], [1272.0, 1182.1], [988.5, 1073.2], [782.6, 976.2], [605.2, 906.0], [479.9, 837.5], [2017.9, 1393.9], [1670.2, 1362.5], [1422.6, 1320.8], [1102.0, 1261.2], [802.1, 1170.0], [615.6, 1092.5], [475.4, 1020.9], [1580.3, 629.5], [1463.6, 706.5], [1371.9, 708.5], [1238.2, 664.5], [1160.3, 723.5], [1096.9, 725.4], [996.2, 688.5], [930.1, 726.4], [885.8, 725.3], [802.6, 694.9], [755.5, 715.5], [707.9, 711.4], [642.5, 686.5], [603.0, 695.5], [563.1, 687.5], [500.2, 671.5], [461.5, 672.0], [426.4, 657.5], [388.3, 658.5], [349.7, 656.5], [314.1, 669.5], [1780.9, 1296.0], [1432.6, 1237.6], [1124.6, 1144.6], [880.8, 1048.8], [716.8, 976.8], [536.5, 885.0]]",
g0_LEC,Saw,076_04_f1_l,,../g0/marked_images/SH/txt/076_04_F1_L_XY_SH.txt,images/076_04_f1_l.tif,g0_LEC,52,52,autolabel_v1.2,2560,1920,"[[21.0, 548.0], [2076.9, 793.0], [1682.3, 593.1], [1279.6, 597.4], [992.8, 597.4], [755.8, 606.1], [559.8, 593.1], [389.6, 571.5], [1548.8, 573.7], [1154.5, 591.0], [870.1, 608.2], [1992.8, 1295.6], [1628.5, 1265.5], [1234.2, 1159.9], [917.4, 1052.0], [641.7, 925.0], [445.5, 834.5], [301.2, 761.2], [2027.2, 1403.4], [1658.8, 1379.6], [1378.5, 1358.0], [1005.8, 1282.6], [673.9, 1162.0], [449.9, 1067.2], [288.2, 972.3], [1614.5, 578.5], [1459.6, 634.9], [1350.9, 637.5], [1213.9, 586.5], [1092.1, 625.4], [1013.3, 645.5], [920.5, 592.5], [819.3, 616.2], [763.4, 638.5], [698.7, 596.5], [641.7, 600.5], [584.3, 615.5], [515.3, 580.5], [469.2, 579.3], [422.0, 587.5], [332.7, 554.2], [275.6, 560.1], [221.5, 537.5], [162.9, 529.5], [103.7, 514.5], [45.1, 512.5], [1805.9, 1296.0], [1419.3, 1237.0], [1076.0, 1111.0], [779.2, 992.2], [546.4, 874.0], [376.5, 790.0]]",
g0_LEC,Saw,085_04_f1_r,,../g0/marked_images/SH/txt/085_04_F1_R_XY_SH.txt,images/085_04_f1_r.tif,g0_LEC,52,52,autolabel_v1.2,2560,1920,"[[102.8, 601.8], [2071.9, 778.1], [1676.1, 595.3], [1307.4, 603.9], [1025.3, 606.1], [794.7, 612.6], [598.5, 608.2], [441.2, 599.6], [1555.3, 573.7], [1178.2, 593.1], [895.8, 608.2], [2001.2, 1265.5], [1637.2, 1241.8], [1277.4, 1157.7], [962.8, 1041.2], [697.7, 942.3], [497.2, 856.1], [365.8, 782.8], [2050.9, 1373.1], [1671.7, 1345.3], [1423.9, 1330.1], [1066.1, 1278.3], [719.3, 1170.7], [501.5, 1084.5], [337.7, 996.1], [1628.1, 570.5], [1487.4, 641.5], [1397.0, 630.5], [1249.5, 594.0], [1145.9, 650.5], [1076.9, 646.5], [959.3, 606.5], [871.8, 653.7], [820.8, 658.3], [740.0, 620.5], [688.1, 643.5], [634.7, 650.2], [558.1, 616.5], [516.5, 631.0], [474.4, 626.9], [390.6, 605.5], [342.0, 596.5], [293.1, 583.5], [242.0, 582.5], [192.7, 574.5], [143.5, 588.0], [1811.8, 1264.0], [1452.2, 1219.2], [1092.6, 1128.0], [833.6, 994.0], [597.1, 899.1], [428.3, 821.3]]",
g0_LEC,Saw,085_04_f2_r,,../g0/marked_images/SH/txt/085_04_F2_R_XY_SH.txt,images/085_04_f2_r.tif,g0_LEC,52,52,autolabel_v1.2,2560,1920,"[[33.9, 560.7], [2133.0, 821.9], [1714.7, 591.0], [1309.6, 595.3], [1010.1, 599.6], [755.8, 599.6], [555.5, 586.6], [380.9, 571.5], [1583.4, 562.9], [1169.6, 586.6], [878.8, 595.3], [2046.6, 1321.5], [1665.3, 1297.7], [1290.2, 1202.9], [949.8, 1078.0], [661.0, 946.6], [452.0, 851.7], [294.7, 772.0], [2089.6, 1435.6], [1697.4, 1405.5], [1423.9, 1360.2], [1051.0, 1302.0], [684.7, 1196.4], [439.1, 1086.6], [271.0, 1000.4], [1656.9, 565.5], [1506.6, 640.5], [1404.2, 628.5], [1240.7, 586.5], [1133.2, 644.3], [1063.8, 638.5], [944.0, 598.5], [850.7, 642.5], [791.2, 647.5], [695.4, 607.5], [638.3, 629.2], [580.0, 628.5], [511.5, 596.5], [464.5, 605.0], [420.6, 593.5], [328.5, 573.5], [279.7, 558.5], [230.9, 543.4], [177.8, 538.5], [127.8, 530.7], [77.6, 538.5], [1852.6, 1323.0], [1475.0, 1258.0], [1112.9, 1144.9], [802.4, 1035.0], [559.8, 890.8], [366.4, 828.0]]",
g0_LEC,Saw,087_04_f1_r,,../g0/marked_images/SH/txt/087_04_F1_R_XY_SH.txt,images/087_04_f1_r.tif,g0_LEC,52,52,autolabel_v1.2,2560,1920,"[[197.7, 578.0], [2087.9, 742.0], [1710.4, 560.7], [1337.7, 556.6], [1057.4, 569.3], [826.9, 591.0], [652.3, 591.0], [505.8, 584.5], [1572.6, 526.3], [1210.4, 543.6], [945.5, 578.0], [2003.4, 1286.9], [1673.9, 1278.3], [1305.3, 1190.1], [977.7, 1045.6], [734.2, 942.3], [562.0, 853.9], [419.6, 767.7], [2057.4, 1388.3], [1688.8, 1340.9], [1434.7, 1332.3], [1070.4, 1261.2], [751.5, 1142.6], [533.9, 1039.1], [378.8, 963.7], [1655.1, 523.5], [1509.3, 593.5], [1421.4, 579.5], [1279.0, 536.5], [1176.0, 600.5], [1110.0, 599.5], [1000.5, 566.5], [915.4, 622.1], [862.8, 625.3], [775.8, 596.5], [729.7, 620.8], [681.6, 621.1], [614.4, 595.1], [575.3, 607.2], [535.1, 603.6], [463.7, 583.5], [417.4, 587.5], [376.5, 571.5], [330.7, 568.5], [284.9, 557.5], [238.8, 569.7], [1832.9, 1292.0], [1481.2, 1251.0], [1133.8, 1134.8], [848.3, 1008.3], [642.5, 907.5], [484.5, 821.0]]",
g0_LEC,Saw,088_04_f1_r,,../g0/marked_images/SH/txt/088_04_F1_R_XY_SH.txt,images/088_04_f1_r.tif,g0_LEC,52,52,autolabel_v1.2,2560,1920,"[[98.5, 575.8], [2009.9, 821.9], [1648.0, 625.5], [1285.8, 638.5], [1025.3, 659.9], [799.0, 651.2], [600.7, 644.8], [456.3, 623.4], [1533.7, 608.2], [1167.4, 627.7], [908.8, 653.4], [1966.9, 1291.2], [1611.2, 1274.0], [1262.3, 1183.6], [966.9, 1075.8], [708.5, 965.8], [516.6, 869.0], [370.1, 787.1], [2020.7, 1390.4], [1665.3, 1379.6], [1402.3, 1351.5], [1066.1, 1295.6], [729.9, 1205.0], [508.0, 1097.4], [344.2, 1002.6], [1596.2, 606.5], [1473.0, 689.5], [1375.7, 681.2], [1225.9, 631.5], [1143.8, 689.7], [1077.4, 695.5], [965.5, 656.0], [882.4, 696.5], [829.5, 692.5], [744.6, 654.5], [693.6, 676.5], [641.0, 676.5], [562.8, 646.5], [522.5, 654.5], [486.7, 641.2], [404.1, 619.4], [353.6, 600.1], [302.6, 582.5], [252.5, 566.0], [197.4, 562.5], [142.9, 565.6], [1784.1, 1298.0], [1424.0, 1248.0], [1105.2, 1147.2], [828.5, 1040.0], [600.2, 937.0], [466.1, 864.0]]",
g0_LEC,Saw,097_04_f3_l,,../g0/marked_images/SH/txt/097_04_F3_L_XY_SH.txt,images/097_04_f3_l.tif,g0_LEC,52,52,autolabel_v1.2,2560,1920,"[[208.5, 459.6], [1999.1, 825.8], [1680.2, 608.2], [1318.2, 584.5], [1074.7, 575.8], [855.0, 552.3], [667.4, 532.8], [516.6, 502.6], [1563.9, 580.1], [1212.6, 575.8], [960.6, 575.8], [1906.6, 1265.5], [1576.9, 1211.5], [1225.5, 1088.8], [949.8, 970.2], [712.8, 845.3], [527.4, 737.4], [402.5, 642.6], [1934.5, 1386.1], [1611.2, 1334.5], [1352.8, 1284.8], [1012.3, 1183.6], [708.5, 1049.9], [512.3, 938.0], [378.8, 840.9], [1621.7, 598.5], [1473.0, 633.5], [1373.2, 626.7], [1264.2, 579.5], [1151.1, 606.4], [1079.3, 610.5], [1010.8, 565.3], [910.2, 579.3], [846.2, 590.5], [795.5, 546.5], [736.2, 552.7], [678.7, 560.5], [625.2, 525.5], [582.3, 522.2], [539.5, 521.0], [468.2, 490.5], [418.6, 483.5], [374.4, 464.5], [327.6, 452.5], [279.6, 437.1], [229.0, 430.5], [1737.0, 1249.0], [1385.2, 1176.2], [1082.1, 1030.1], [826.7, 928.7], [613.6, 807.6], [460.2, 703.2]]",
g0_LEC,Saw,097_04_f5_r,,../g0/marked_images/SH/txt/097_04_F5_R_XY_SH.txt,images/097_04_f5_r.tif,g0_LEC,52,52,autolabel_v1.2,2560,1920,"[[161.2, 649.1], [2031.5, 879.6], [1665.3, 683.6], [1303.1, 690.1], [1023.1, 685.8], [807.5, 688.0], [615.8, 677.2], [460.7, 668.5], [1531.5, 657.7], [1178.2, 675.0], [911.0, 696.6], [1973.4, 1328.0], [1617.7, 1293.4], [1255.8, 1205.0], [939.0, 1097.4], [680.4, 996.1], [499.3, 903.4], [365.8, 819.3], [2007.7, 1437.7], [1639.3, 1403.4], [1380.7, 1386.1], [1018.8, 1306.4], [702.0, 1194.2], [477.9, 1093.1], [331.2, 1013.4], [1607.5, 660.5], [1478.5, 731.5], [1384.8, 719.5], [1245.0, 677.5], [1143.1, 732.4], [1068.3, 724.5], [966.5, 687.5], [878.4, 728.5], [826.9, 728.5], [752.6, 692.9], [698.5, 711.5], [648.5, 716.2], [574.3, 681.5], [533.4, 692.5], [493.5, 688.0], [420.8, 662.5], [374.6, 663.1], [333.4, 641.5], [286.5, 639.5], [242.2, 627.5], [197.0, 639.5], [1790.7, 1325.0], [1432.7, 1272.0], [1130.3, 1193.3], [801.1, 1072.0], [586.2, 970.2], [435.1, 883.0]]",
g0_LEC,Saw,097_04_f6_l,,../g0/marked_images/SH/txt/097_04_F6_L_XY_SH.txt,images/097_04_f6_l.tif,g0_LEC,52,52,autolabel_v1.2,2560,1920,"[[238.8, 532.8], [2050.9, 864.9], [1714.7, 657.7], [1357.1, 649.1], [1096.3, 646.9], [874.4, 629.8], [699.9, 601.8], [540.4, 575.8], [1598.3, 632.0], [1236.4, 636.3], [979.9, 642.6], [1977.7, 1325.8], [1628.5, 1267.7], [1262.3, 1146.9], [984.2, 1026.3], [740.7, 909.9], [562.0, 799.9], [441.2, 716.1], [2014.2, 1427.1], [1671.7, 1392.6], [1402.3, 1347.4], [1051.0, 1250.4], [740.7, 1125.3], [533.9, 1009.0], [400.4, 912.0], [1656.9, 643.5], [1507.4, 688.1], [1402.0, 680.5], [1296.4, 637.5], [1169.6, 678.5], [1084.2, 688.5], [1035.8, 636.5], [931.6, 649.9], [873.0, 661.5], [822.1, 617.5], [770.5, 620.5], [716.9, 626.5], [655.8, 593.5], [607.9, 593.5], [560.2, 596.7], [495.0, 561.5], [444.1, 561.6], [402.2, 539.7], [354.0, 525.5], [306.5, 511.5], [258.1, 505.4], [1796.3, 1313.0], [1434.6, 1234.6], [1117.5, 1084.0], [856.5, 981.5], [641.9, 869.9], [490.3, 769.3]]",
g0_LEC,Saw,102_04_f1_l,,../g0/marked_images/SH/txt/102_04_F1_L_XY_SH.txt,images/102_04_f1_l.tif,g0_LEC,52,52,autolabel_v1.2,2560,1920,"[[25.3, 554.4], [2125.9, 791.0], [1701.8, 593.1], [1294.5, 610.4], [1005.8, 614.7], [764.5, 612.6], [568.5, 601.8], [400.4, 580.1], [1561.8, 569.3], [1163.1, 603.9], [885.2, 614.7], [2048.8, 1323.6], [1645.8, 1284.8], [1247.2, 1181.5], [928.2, 1062.9], [652.3, 944.4], [436.9, 838.8], [290.4, 759.1], [2093.9, 1448.5], [1695.3, 1407.7], [1410.9, 1394.7], [1036.1, 1308.5], [686.9, 1198.5], [445.5, 1080.1], [266.6, 976.6], [1632.9, 580.5], [1468.7, 646.8], [1352.0, 644.5], [1228.8, 599.5], [1096.1, 648.4], [1007.5, 660.5], [942.7, 608.5], [829.5, 634.8], [765.4, 657.1], [703.4, 604.5], [639.9, 620.6], [577.5, 632.0], [519.4, 594.5], [467.8, 597.5], [415.2, 602.5], [341.5, 570.5], [280.0, 571.5], [227.6, 549.1], [166.4, 543.5], [107.4, 526.5], [47.2, 523.3], [1844.3, 1329.0], [1439.6, 1265.0], [1087.8, 1125.0], [787.1, 1008.0], [549.1, 918.1], [325.1, 800.0]]",
g0_LEC,Saw,102_04_f4_r,,../g0/marked_images/SH/txt/102_04_F4_R_XY_SH.txt,images/102_04_f4_r.tif,g0_LEC,52,52,autolabel_v1.2,2560,1920,"[[197.7, 664.2], [1910.9, 781.1], [1579.0, 636.3], [1251.5, 655.6], [1018.8, 666.4], [818.3, 664.2], [646.0, 668.5], [508.0, 655.6], [1458.3, 623.4], [1143.7, 649.1], [921.8, 675.0], [1872.0, 1226.6], [1553.1, 1213.7], [1223.4, 1136.1], [956.3, 1049.9], [734.2, 955.2], [549.0, 871.2], [423.9, 806.4], [1921.5, 1328.0], [1581.2, 1289.1], [1361.2, 1304.2], [1042.5, 1250.4], [766.6, 1159.9], [574.7, 1073.7], [432.6, 1000.4], [1526.3, 615.5], [1407.6, 689.9], [1326.2, 682.5], [1196.7, 649.5], [1119.3, 702.2], [1058.4, 706.5], [968.1, 669.4], [877.3, 712.2], [842.2, 714.7], [770.4, 677.1], [723.7, 695.8], [676.5, 706.0], [610.4, 667.5], [573.2, 679.3], [536.1, 677.6], [463.0, 659.5], [416.6, 660.1], [374.2, 640.5], [325.9, 641.5], [281.0, 632.5], [235.5, 644.0], [1710.6, 1231.0], [1389.2, 1178.2], [1089.7, 1097.7], [848.8, 1005.8], [640.3, 916.0], [485.3, 840.3]]",
g0_LEC,Saw,174_03a_f1_r,,../g0/marked_images/SH/txt/174_03A_F1_R_XY_SH.txt,images/174_03a_f1_r.tif,g0_LEC,52,52,autolabel_v1.2,2560,1920,"[[68.5, 560.7], [2049.0, 785.0], [1665.3, 642.6], [1296.6, 632.0], [1036.1, 638.5], [805.5, 616.9], [615.8, 606.1], [456.3, 588.8], [1540.1, 632.0], [1193.4, 623.4], [926.1, 625.5], [2007.7, 1336.6], [1622.0, 1321.5], [1268.8, 1226.6], [947.7, 1101.7], [689.0, 976.6], [505.8, 886.1], [355.0, 791.5], [2057.4, 1429.3], [1635.0, 1371.0], [1406.6, 1355.8], [1063.9, 1308.5], [742.8, 1207.2], [505.8, 1110.4], [320.6, 1015.5], [1609.7, 621.5], [1463.9, 690.5], [1378.1, 673.4], [1251.4, 618.1], [1156.9, 679.5], [1088.8, 673.3], [991.3, 620.2], [891.2, 666.3], [840.1, 657.6], [752.3, 620.2], [701.0, 641.5], [650.5, 643.3], [573.2, 609.3], [530.8, 619.5], [490.5, 611.5], [399.3, 589.8], [345.5, 572.0], [288.2, 557.5], [232.5, 539.5], [175.4, 534.9], [118.4, 541.1], [1811.1, 1343.0], [1444.9, 1281.0], [1105.3, 1171.3], [794.1, 1030.1], [585.7, 947.7], [422.2, 855.0]]",
g0_LEC,Saw,174_03a_f2_l,,../g0/marked_images/SH/txt/174_03A_F2_L_XY_SH.txt,images/174_03a_f2_l.tif,g0_LEC,52,52,autolabel_v1.2,2560,1920,"[[133.1, 364.7], [2039.9, 852.0], [1686.6, 644.8], [1337.7, 606.1], [1072.6, 569.3], [859.3, 528.5], [673.9, 481.0], [514.5, 435.8], [1563.9, 612.6], [1236.4, 573.7], [971.2, 539.3], [1938.8, 1364.5], [1574.7, 1349.6], [1229.9, 1209.3], [923.9, 1041.2], [702.0, 886.1], [505.8, 741.8], [374.4, 629.8], [1990.7, 1480.9], [1583.4, 1381.8], [1316.1, 1325.8], [1010.1, 1228.8], [702.0, 1103.9], [490.7, 976.6], [325.0, 840.9], [1625.7, 627.5], [1474.5, 655.5], [1380.2, 633.5], [1288.8, 586.5], [1170.6, 604.5], [1098.5, 600.5], [1026.1, 549.6], [918.9, 553.6], [861.8, 562.5], [803.5, 507.5], [744.9, 504.6], [682.8, 509.5], [628.3, 465.5], [581.4, 456.5], [532.4, 460.5], [455.4, 420.5], [392.9, 415.5], [341.0, 387.5], [281.6, 367.1], [222.5, 346.0], [162.2, 330.7], [1754.4, 1373.0], [1398.9, 1285.9], [1081.0, 1122.3], [816.8, 959.8], [590.8, 830.8], [429.9, 698.9]]",
g0_LEC,Saw,185_03_f1_l,,../g0/marked_images/SH/txt/185_03_F1_L_XY_SH.txt,images/185_03_f1_l.tif,g0_LEC,52,52,autolabel_v1.2,2560,1920,"[[139.6, 425.0], [2100.8, 852.0], [1759.9, 632.0], [1372.0, 616.9], [1087.7, 591.0], [857.1, 580.1], [665.3, 543.6], [512.3, 506.9], [1637.2, 595.3], [1234.2, 588.8], [960.6, 584.5], [1969.0, 1366.6], [1604.8, 1289.1], [1253.6, 1149.1], [969.1, 1000.4], [719.3, 862.6], [525.3, 743.9], [378.8, 653.4], [1988.5, 1487.4], [1606.9, 1399.1], [1365.6, 1353.7], [1023.1, 1241.8], [717.1, 1101.7], [503.7, 974.5], [352.8, 875.5], [1699.2, 614.5], [1537.6, 645.5], [1430.5, 655.0], [1302.7, 596.5], [1161.7, 623.2], [1077.5, 643.0], [1017.0, 579.5], [908.1, 594.4], [852.0, 616.5], [797.4, 561.9], [736.7, 562.8], [675.7, 574.8], [620.1, 532.5], [576.9, 525.5], [530.9, 526.5], [456.8, 483.5], [395.2, 475.5], [344.0, 442.5], [283.4, 429.9], [226.6, 402.1], [165.9, 390.5], [1780.1, 1345.0], [1401.8, 1239.0], [1109.6, 1077.6], [835.0, 960.0], [611.0, 793.0], [442.8, 718.0]]",
g0_LEC,Saw,196_04_f2_r,,../g0/marked_images/SH/txt/196_04_F2_R_XY_SH.txt,images/196_04_f2_r.tif,g0_LEC,52,52,autolabel_v1.2,2560,1920,"[[169.8, 608.2], [2057.0, 791.0], [1680.2, 642.6], [1313.9, 655.6], [1029.6, 657.7], [809.6, 653.4], [628.8, 642.6], [473.6, 623.4], [1563.9, 619.0], [1184.7, 649.1], [919.6, 651.2], [1984.2, 1272.0], [1637.2, 1265.5], [1262.3, 1183.6], [960.6, 1071.5], [710.7, 965.8], [529.6, 873.4], [398.2, 797.7], [2020.7, 1375.3], [1656.6, 1310.7], [1430.4, 1321.5], [1076.9, 1284.8], [751.5, 1198.5], [525.3, 1097.4], [352.8, 1004.7], [1629.3, 621.8], [1503.6, 697.5], [1405.2, 685.7], [1253.0, 645.5], [1153.4, 700.5], [1081.9, 692.5], [975.0, 653.5], [893.8, 692.5], [840.7, 691.2], [762.5, 652.5], [716.3, 672.2], [666.5, 671.2], [589.6, 640.5], [546.7, 652.5], [505.1, 639.6], [431.4, 618.1], [387.2, 607.7], [343.9, 590.5], [297.7, 590.2], [253.2, 581.3], [208.3, 590.5], [1809.1, 1283.0], [1432.7, 1245.0], [1103.2, 1152.2], [835.0, 1045.0], [598.6, 937.6], [483.2, 873.2]]",
g0_LEC,Saw,196_04_f8_l,,../g0/marked_images/SH/txt/196_04_F8_L_XY_SH.txt,images/196_04_f8_l.tif,g0_LEC,52,52,autolabel_v1.2,2560,1920,"[[87.9, 438.0], [2031.9, 791.0], [1658.8, 601.8], [1275.2, 593.1], [997.2, 580.1], [768.8, 543.6], [581.2, 517.7], [428.3, 487.5], [1540.1, 571.5], [1156.6, 573.7], [895.8, 556.6], [1928.0, 1261.2], [1557.4, 1228.8], [1199.8, 1123.1], [898.0, 985.3], [652.3, 860.4], [465.0, 752.6], [329.3, 666.4], [1953.9, 1375.3], [1615.6, 1319.3], [1346.3, 1274.0], [992.8, 1209.3], [671.8, 1101.7], [465.0, 989.6], [290.4, 877.5], [1598.2, 579.7], [1444.1, 631.5], [1325.2, 612.5], [1217.0, 579.5], [1098.4, 612.1], [1014.5, 603.5], [946.4, 566.5], [835.2, 583.5], [766.0, 587.5], [713.6, 537.5], [657.5, 546.5], [597.3, 551.5], [536.8, 507.5], [489.8, 509.5], [444.0, 514.5], [376.0, 477.5], [321.4, 478.5], [279.6, 448.5], [224.5, 440.5], [173.6, 418.5], [118.1, 411.5], [1738.5, 1259.0], [1371.2, 1192.0], [1056.4, 1050.0], [762.1, 943.1], [549.4, 824.4], [391.1, 720.0]]",
g0_LEC,Saw,ll015_f1_r,,../g0/marked_images/SH/txt/LL015_F1_R_XY_SH.txt,images/ll015_f1_r.tif,g0_LEC,52,52,autolabel_v1.2,2560,1920,"[[186.9, 481.0], [1993.0, 888.0], [1624.2, 649.1], [1285.8, 623.4], [1027.4, 601.8], [807.5, 575.8], [624.4, 541.5], [480.1, 511.2], [1522.9, 621.2], [1182.6, 601.8], [921.8, 588.8], [1885.0, 1308.5], [1546.6, 1272.0], [1208.3, 1153.4], [926.1, 1013.4], [691.2, 888.3], [518.8, 774.2], [389.6, 679.3], [1943.1, 1412.0], [1572.6, 1323.6], [1322.6, 1284.8], [997.2, 1181.5], [691.2, 1058.5], [499.3, 955.2], [355.0, 860.4], [1581.6, 626.5], [1458.0, 688.5], [1368.9, 663.5], [1238.8, 607.3], [1148.0, 652.5], [1082.4, 637.9], [975.8, 589.5], [888.2, 623.5], [837.8, 615.3], [756.7, 570.5], [707.8, 583.3], [661.5, 574.0], [587.1, 539.5], [549.0, 542.5], [513.6, 529.1], [438.2, 500.7], [394.5, 489.0], [355.7, 470.2], [311.9, 462.5], [268.2, 454.5], [224.1, 465.5], [1710.4, 1305.0], [1364.5, 1233.0], [1057.2, 1109.2], [797.5, 973.5], [628.8, 871.8], [443.8, 745.0]]",
g0_LEC,Saw,ll015_f2_r,,../g0/marked_images/SH/txt/LL015_F2_R_XY_SH.txt,images/ll015_f2_r.tif,g0_LEC,52,52,autolabel_v1.2,2560,1920,"[[217.2, 528.5], [2019.0, 875.1], [1676.1, 664.2], [1342.0, 662.0], [1081.2, 638.5], [865.8, 619.0], [684.7, 588.8], [538.2, 565.0], [1568.2, 636.3], [1232.0, 640.4], [988.5, 632.0], [1941.0, 1297.7], [1596.3, 1259.0], [1266.6, 1155.5], [986.4, 1026.3], [760.1, 914.2], [576.9, 825.8], [436.9, 737.4], [1988.5, 1409.9], [1632.8, 1323.6], [1398.0, 1308.5], [1070.4, 1228.8], [766.6, 1116.7], [574.7, 1022.0], [417.4, 918.5], [1631.5, 640.5], [1515.8, 707.7], [1424.2, 686.5], [1295.9, 641.5], [1197.8, 692.7], [1130.9, 674.4], [1038.1, 628.5], [949.3, 666.5], [896.0, 654.5], [816.5, 615.0], [766.9, 633.5], [717.4, 625.9], [644.5, 588.5], [605.6, 598.5], [570.0, 584.5], [496.0, 559.5], [448.4, 548.5], [405.2, 525.5], [354.9, 517.5], [306.8, 508.7], [258.0, 514.5], [1763.2, 1296.2], [1429.1, 1212.0], [1120.2, 1118.2], [883.0, 953.0], [665.2, 890.2], [502.0, 792.0]]",
g0_LEC,Saw,rb003_f1_r,,../g0/marked_images/SH/txt/RB003_F1_R_XY_SH.txt,images/rb003_f1_r.tif,g0_LEC,52,52,autolabel_v1.2,2560,1920,"[[307.7, 619.0], [2027.0, 805.9], [1673.9, 623.4], [1326.9, 640.4], [1081.2, 653.4], [891.5, 655.6], [725.8, 636.3], [579.1, 621.2], [1555.3, 601.8], [1229.9, 623.4], [997.2, 649.1], [1951.8, 1250.4], [1630.7, 1237.4], [1283.7, 1136.1], [1005.8, 1009.0], [796.9, 905.6], [633.1, 830.1], [510.1, 769.9], [1973.4, 1351.5], [1613.4, 1278.3], [1410.9, 1278.3], [1059.6, 1209.3], [811.8, 1118.8], [626.6, 1015.5], [488.8, 927.2], [1625.2, 596.5], [1500.2, 675.3], [1410.0, 670.5], [1287.1, 623.5], [1199.4, 681.5], [1137.4, 694.5], [1039.6, 649.5], [970.1, 682.5], [924.2, 683.7], [846.7, 653.5], [801.1, 667.4], [755.5, 665.8], [688.5, 635.5], [649.8, 640.5], [611.3, 638.8], [544.6, 614.9], [503.4, 615.5], [465.4, 599.5], [423.2, 599.5], [383.3, 595.2], [345.0, 610.5], [1791.9, 1260.9], [1452.2, 1198.0], [1137.6, 1081.0], [892.9, 969.9], [711.1, 874.1], [569.5, 812.0]]",
g0_PIN,Saw,rb007_g0_f10_l,,../g0/marked_images/SH/txt/RB007_G0_F10_L_XY_SH.txt,images/rb007_g0_f10_l.tif,g0_PIN,52,52,autolabel_v1.2,2560,1920,"[[525.3, 466.1], [1904.0, 843.1], [1548.8, 707.4], [1298.8, 662.0], [1120.1, 621.2], [958.5, 575.8], [820.4, 537.2], [704.2, 498.3], [1464.7, 670.7], [1219.1, 632.0], [1038.2, 603.9], [1908.8, 1220.1], [1557.4, 1151.2], [1245.0, 1022.0], [1005.8, 886.1], [826.9, 767.7], [695.5, 668.5], [615.8, 580.1], [1977.7, 1312.8], [1598.3, 1250.4], [1415.3, 1239.6], [1053.1, 1101.7], [826.9, 987.4], [682.6, 864.7], [585.5, 720.2], [1506.7, 689.2], [1400.1, 708.4], [1324.9, 708.5], [1258.1, 647.5], [1172.6, 643.9], [1126.8, 651.3], [1079.3, 608.8], [1003.9, 601.6], [962.6, 603.5], [918.0, 567.5], [875.5, 560.0], [832.5, 557.5], [787.6, 529.1], [753.9, 517.5], [718.6, 515.5], [681.1, 496.5], [656.5, 482.0], [628.0, 475.5], [602.4, 463.5], [574.3, 455.8], [545.7, 453.5], [1722.5, 1206.5], [1377.0, 1103.0], [1104.1, 969.1], [903.1, 846.0], [750.3, 732.3], [650.8, 629.8]]",
g0_PIN,Saw,rb007_g0_f3_r,,../g0/marked_images/SH/txt/RB007_G0_F3_R_XY_SH.txt,images/rb007_g0_f3_r.tif,g0_PIN,52,52,autolabel_v1.2,2560,1920,"[[486.6, 513.4], [1931.9, 878.1], [1546.6, 716.1], [1283.7, 670.7], [1085.5, 619.0], [928.2, 586.6], [777.4, 552.3], [661.0, 517.7], [1456.1, 677.2], [1193.4, 638.5], [1010.1, 608.2], [1900.1, 1250.4], [1559.6, 1200.7], [1229.9, 1065.0], [982.0, 920.7], [811.8, 808.5], [678.2, 709.6], [600.7, 632.0], [1945.3, 1328.0], [1673.9, 1297.7], [1389.3, 1226.6], [1051.0, 1110.4], [822.6, 1004.7], [673.9, 899.1], [559.8, 765.5], [1513.4, 683.9], [1409.5, 727.5], [1339.2, 701.7], [1247.4, 646.5], [1159.0, 665.5], [1119.4, 635.9], [1054.6, 602.5], [979.1, 610.6], [953.3, 593.5], [897.8, 573.5], [850.0, 573.5], [810.4, 553.9], [756.6, 536.5], [721.5, 532.5], [689.2, 521.7], [650.7, 503.2], [623.2, 496.5], [594.4, 493.9], [565.3, 491.2], [537.4, 502.1], [513.1, 520.4], [1724.2, 1241.2], [1386.5, 1156.0], [1090.6, 1011.0], [886.6, 885.6], [735.4, 773.4], [635.3, 675.3]]",
g0_PIN,Saw,rb007_g0_f4_r,,../g0/marked_images/SH/txt/RB007_G0_F4_R_XY_SH.txt,images/rb007_g0_f4_r.tif,g0_PIN,52,52,autolabel_v1.2,2560,1920,"[[441.2, 463.9], [1931.9, 800.1], [1535.8, 696.6], [1279.6, 659.9], [1070.4, 614.7], [898.0, 573.7], [747.2, 539.3], [633.1, 500.4], [1456.1, 664.2], [1189.0, 627.7], [997.2, 593.1], [1925.8, 1190.1], [1553.1, 1140.4], [1219.1, 1024.2], [969.1, 881.8], [773.1, 765.5], [637.4, 666.4], [549.0, 586.6], [1969.0, 1280.4], [1656.6, 1246.1], [1387.2, 1205.0], [1046.6, 1090.9], [801.2, 974.5], [626.6, 873.4], [516.6, 728.8], [1509.9, 667.4], [1407.8, 713.5], [1338.7, 691.2], [1242.3, 635.2], [1158.9, 660.4], [1112.2, 638.5], [1045.2, 594.5], [962.4, 599.5], [927.8, 581.5], [867.9, 558.5], [823.4, 559.5], [783.1, 548.5], [733.5, 522.0], [696.7, 515.5], [662.2, 503.7], [618.4, 478.5], [588.4, 469.5], [558.6, 463.1], [529.0, 454.5], [497.3, 459.5], [467.6, 469.5], [1733.0, 1187.0], [1379.8, 1099.0], [1087.1, 963.9], [876.3, 855.3], [696.6, 732.6], [586.3, 634.3]]",
g0_PIN,Saw,rb007_g0_f6_l,,../g0/marked_images/SH/txt/RB007_G0_F6_L_XY_SH.txt,images/rb007_g0_f6_l.tif,g0_PIN,52,52,autolabel_v1.2,2560,1920,"[[465.0, 556.6], [1872.0, 802.1], [1512.3, 705.3], [1260.1, 683.6], [1074.7, 651.2], [917.4, 625.5], [762.3, 593.1], [643.9, 571.5], [1430.4, 679.3], [1176.1, 655.6], [986.4, 644.8], [1906.6, 1194.2], [1557.4, 1155.5], [1225.5, 1045.6], [977.7, 918.5], [803.3, 830.1], [676.1, 750.4], [576.9, 672.8], [1949.6, 1278.3], [1613.4, 1248.2], [1415.3, 1235.3], [1066.1, 1149.1], [835.5, 1049.9], [678.2, 946.6], [559.8, 806.4], [1472.7, 692.2], [1365.6, 720.9], [1287.8, 722.5], [1218.3, 670.5], [1125.5, 674.5], [1074.7, 683.2], [1029.2, 644.5], [955.2, 643.3], [917.3, 646.8], [875.4, 617.5], [830.5, 612.5], [784.8, 615.5], [734.4, 588.9], [703.0, 581.5], [670.1, 579.5], [618.7, 562.5], [592.6, 549.5], [563.6, 547.5], [535.9, 538.5], [507.3, 535.5], [477.5, 537.5], [1727.4, 1193.0], [1378.7, 1115.0], [1085.5, 997.5], [869.7, 890.7], [734.6, 806.6], [630.3, 722.3]]",
g0_LEC,Saw,rb012_f2_r,,../g0/marked_images/SH/txt/RB012_F2_R_XY_SH.txt,images/rb012_f2_r.tif,g0_LEC,52,52,autolabel_v1.2,2560,1920,"[[167.7, 623.4], [2033.9, 796.0], [1656.6, 629.8], [1292.3, 632.0], [1040.4, 636.3], [829.1, 640.4], [650.2, 640.4], [499.3, 629.8], [1553.1, 603.9], [1191.2, 625.5], [934.7, 649.1], [1941.0, 1284.8], [1602.6, 1267.7], [1238.5, 1175.0], [956.3, 1071.5], [740.7, 978.8], [555.5, 896.9], [421.8, 832.3], [2001.2, 1392.6], [1635.0, 1340.9], [1391.5, 1310.7], [1074.7, 1254.7], [783.9, 1172.8], [579.1, 1086.6], [404.7, 1011.2], [1617.1, 599.5], [1481.6, 681.5], [1384.5, 672.1], [1247.0, 622.5], [1153.4, 677.1], [1088.1, 678.6], [987.2, 638.5], [901.2, 680.5], [858.5, 675.3], [781.9, 647.5], [735.5, 665.5], [689.6, 670.1], [610.4, 642.5], [572.0, 653.5], [533.6, 648.1], [447.2, 630.5], [400.0, 623.5], [352.8, 608.3], [302.9, 606.5], [253.5, 601.5], [204.8, 612.5], [1766.7, 1290.0], [1412.8, 1244.8], [1096.6, 1141.0], [866.9, 1053.9], [649.8, 961.0], [484.9, 875.9]]",
g0_LEC,Saw,rb017_g0_f2_r,,../g0/marked_images/SH/txt/RB017_G0_F2_R_XY_SH.txt,images/rb017_g0_f2_r.tif,g0_LEC,52,52,autolabel_v1.2,2560,1920,"[[163.3, 675.0], [2047.0, 781.1], [1656.6, 625.5], [1301.0, 653.4], [1053.1, 675.0], [833.4, 677.2], [654.5, 677.2], [501.5, 675.0], [1542.3, 603.9], [1210.4, 644.8], [960.6, 681.5], [2009.9, 1284.8], [1650.1, 1274.0], [1275.2, 1202.9], [1001.5, 1114.5], [764.5, 1024.2], [568.5, 942.3], [417.4, 860.4], [2031.5, 1388.3], [1710.4, 1375.3], [1419.6, 1349.6], [1109.3, 1289.1], [799.0, 1215.8], [587.7, 1133.9], [419.6, 1054.2], [1606.9, 604.5], [1486.3, 680.5], [1392.1, 674.6], [1262.8, 641.5], [1181.6, 704.9], [1114.6, 707.5], [1005.0, 673.5], [924.5, 717.0], [873.6, 714.5], [784.2, 683.5], [739.0, 705.5], [689.8, 707.3], [614.9, 682.5], [576.9, 695.6], [538.1, 690.5], [452.7, 675.5], [402.8, 667.5], [353.7, 655.5], [303.4, 646.5], [251.8, 646.5], [202.8, 656.7], [1827.0, 1298.0], [1457.4, 1261.0], [1134.2, 1174.0], [878.9, 1085.0], [661.6, 997.6], [486.2, 915.0]]",
g0_LEC,Saw,rb017_g0_f3_l,,../g0/marked_images/SH/txt/RB017_G0_F3_L_XY_SH.txt,images/rb017_g0_f3_l.tif,g0_LEC,52,52,autolabel_v1.2,2560,1920,"[[178.3, 528.5], [1993.0, 824.1], [1665.3, 651.2], [1313.9, 642.6], [1061.8, 636.3], [859.3, 619.0], [678.2, 597.4], [529.6, 569.3], [1553.1, 632.0], [1236.4, 634.2], [975.6, 634.2], [1951.8, 1312.8], [1600.4, 1269.8], [1253.6, 1166.3], [954.2, 1019.9], [732.0, 909.9], [559.8, 817.2], [432.6, 741.8], [1973.4, 1418.5], [1652.3, 1379.6], [1367.7, 1325.8], [1051.0, 1250.4], [742.8, 1142.6], [555.5, 1030.7], [398.2, 929.3], [1609.0, 643.5], [1470.0, 698.5], [1366.7, 691.5], [1273.7, 635.5], [1163.8, 678.5], [1073.1, 684.6], [1016.4, 628.5], [915.7, 650.8], [848.5, 665.5], [804.8, 613.7], [750.6, 621.5], [696.1, 632.5], [634.3, 587.5], [592.5, 588.5], [549.8, 593.5], [474.1, 556.4], [416.3, 554.5], [366.5, 529.0], [311.5, 515.5], [257.6, 499.5], [199.4, 494.5], [1768.4, 1311.0], [1374.7, 1230.7], [1097.4, 1117.0], [835.7, 987.0], [661.7, 894.7], [499.2, 774.2]]",
g0_LEC,Saw,rb017_g0_f3_r,,../g0/marked_images/SH/txt/RB017_G0_F3_R_XY_SH.txt,images/rb017_g0_f3_r.tif,g0_LEC,52,52,autolabel_v1.2,2560,1920,"[[152.5, 623.4], [2027.0, 761.0], [1652.3, 606.1], [1298.8, 640.4], [1038.2, 653.4], [842.0, 653.4], [665.3, 646.9], [520.9, 636.3], [1559.6, 588.8], [1210.4, 638.5], [962.8, 666.4], [2003.4, 1202.9], [1635.0, 1209.3], [1275.2, 1140.4], [988.5, 1047.7], [749.3, 963.7], [579.1, 896.9], [443.4, 830.1], [2044.5, 1310.7], [1676.1, 1286.9], [1430.4, 1280.4], [1094.2, 1237.4], [788.2, 1149.1], [594.2, 1075.8], [430.4, 1004.7], [1614.0, 588.5], [1494.2, 663.5], [1393.4, 664.5], [1256.7, 633.5], [1173.1, 694.4], [1099.9, 689.5], [998.2, 653.5], [919.8, 697.5], [869.5, 698.5], [796.0, 658.5], [750.3, 676.5], [703.9, 676.4], [626.9, 650.6], [589.9, 663.6], [553.1, 655.5], [466.0, 640.5], [413.6, 624.5], [359.0, 618.5], [306.9, 602.5], [251.5, 602.5], [198.7, 606.8], [1820.2, 1227.0], [1450.4, 1186.4], [1130.7, 1097.0], [868.4, 1007.4], [665.1, 928.1], [497.6, 872.6]]",
g0_LEC,Saw,rb017_g10_f9_r,,../g0/marked_images/SH/txt/RB017_G10_F9_R_XY_SH.txt,images/rb017_g10_f9_r.tif,g0_LEC,52,52,autolabel_v1.2,2560,1920,"[[471.5, 496.1], [1923.9, 886.1], [1525.0, 735.3], [1277.4, 700.9], [1079.1, 655.6], [919.6, 610.4], [762.3, 562.9], [648.0, 530.7], [1456.1, 713.9], [1199.8, 672.8], [995.0, 640.4], [1917.2, 1254.7], [1544.5, 1202.9], [1223.4, 1071.5], [962.8, 935.8], [786.1, 815.0], [656.6, 716.1], [568.5, 625.5], [1971.2, 1338.8], [1656.6, 1306.4], [1393.7, 1246.1], [1038.2, 1125.3], [794.7, 1017.7], [630.9, 905.6], [523.1, 772.0], [1499.8, 714.3], [1402.6, 765.9], [1335.5, 737.1], [1248.4, 674.5], [1160.2, 700.5], [1115.8, 678.3], [1044.5, 635.5], [967.7, 639.5], [943.2, 623.7], [883.3, 594.5], [836.6, 593.9], [796.4, 575.9], [736.6, 549.1], [704.3, 544.8], [674.4, 531.9], [643.8, 509.5], [616.3, 498.8], [586.6, 492.1], [557.7, 483.5], [528.1, 486.5], [499.8, 496.7], [1722.3, 1245.0], [1384.2, 1143.2], [1085.6, 1023.0], [864.0, 892.0], [724.6, 787.6], [609.0, 675.0]]",
g0_LEC,Saw,rb019_f1_r,,../g0/marked_images/SH/txt/RB019_F1_R_XY_SH.txt,images/rb019_f1_r.tif,g0_LEC,52,52,autolabel_v1.2,2560,1920,"[[107.2, 649.1], [1985.9, 802.1], [1606.9, 599.6], [1260.1, 625.5], [1008.0, 642.6], [799.0, 655.6], [626.6, 655.6], [477.9, 642.6], [1492.8, 586.6], [1163.1, 619.0], [911.0, 649.1], [1964.7, 1235.3], [1617.7, 1224.5], [1251.5, 1155.5], [962.8, 1060.7], [727.7, 972.3], [536.1, 894.7], [385.3, 825.8], [2025.0, 1330.1], [1637.2, 1302.0], [1398.0, 1302.0], [1066.1, 1252.6], [766.6, 1177.2], [559.8, 1090.9], [398.2, 1019.9], [1559.0, 579.5], [1437.5, 661.5], [1348.1, 655.6], [1214.3, 617.5], [1130.4, 676.5], [1063.6, 677.1], [958.3, 646.5], [881.9, 686.6], [834.0, 694.5], [748.2, 661.5], [701.6, 684.5], [659.5, 691.0], [585.7, 655.5], [545.2, 667.3], [505.8, 666.3], [424.2, 646.5], [369.2, 643.7], [318.1, 624.5], [261.5, 625.5], [207.0, 621.5], [154.4, 634.1], [1788.4, 1245.0], [1429.5, 1211.0], [1104.5, 1126.5], [838.4, 1030.0], [628.6, 949.0], [456.6, 868.6]]",
g0_LEC,Saw,rb020_f2_r,,../g0/marked_images/SH/txt/RB020_F2_R_XY_SH.txt,images/rb020_f2_r.tif,g0_LEC,52,52,autolabel_v1.2,2560,1920,"[[115.8, 616.9], [2036.0, 757.1], [1630.7, 608.2], [1279.6, 634.2], [1018.8, 649.1], [809.6, 653.4], [635.2, 644.8], [486.6, 634.2], [1499.3, 578.0], [1167.4, 632.0], [923.9, 653.4], [1999.1, 1231.0], [1630.7, 1231.0], [1262.3, 1153.4], [954.2, 1041.2], [721.5, 944.4], [540.4, 875.5], [396.1, 802.1], [2031.5, 1336.6], [1663.1, 1328.0], [1406.6, 1306.4], [1042.5, 1261.2], [753.7, 1179.3], [538.2, 1078.0], [376.6, 987.4], [1577.9, 579.5], [1447.6, 648.5], [1375.7, 623.5], [1227.0, 620.5], [1134.0, 685.5], [1072.1, 685.6], [970.0, 650.5], [888.2, 692.5], [839.7, 700.2], [756.7, 656.5], [709.3, 679.2], [662.2, 677.7], [597.0, 649.5], [557.9, 660.5], [518.4, 656.5], [433.1, 633.5], [378.1, 623.6], [327.7, 606.2], [273.5, 596.5], [219.0, 593.5], [165.4, 600.5], [1816.5, 1250.0], [1438.9, 1214.0], [1112.1, 1096.1], [837.5, 989.0], [625.9, 927.9], [465.7, 850.7]]",
g0_LEC,Saw,rb021_f1_l,,../g0/marked_images/SH/txt/RB021_F1_L_XY_SH.txt,images/rb021_f1_l.tif,g0_LEC,52,52,autolabel_v1.2,2560,1920,"[[348.5, 502.6], [1998.9, 864.9], [1680.2, 679.3], [1350.7, 657.7], [1122.3, 636.3], [934.7, 614.7], [779.6, 586.6], [641.7, 552.3], [1579.0, 642.6], [1251.5, 636.3], [1036.1, 625.5], [1917.2, 1323.6], [1579.0, 1267.7], [1268.8, 1136.1], [1016.6, 1009.0], [816.1, 886.1], [661.0, 776.3], [536.1, 690.1], [1953.9, 1416.3], [1602.6, 1323.6], [1372.0, 1289.1], [1063.9, 1196.4], [807.5, 1078.0], [630.9, 961.5], [495.0, 858.2], [1627.3, 664.8], [1497.5, 699.6], [1396.7, 698.5], [1301.7, 643.2], [1194.8, 665.5], [1130.3, 674.5], [1076.9, 627.5], [985.4, 636.5], [932.7, 654.8], [885.7, 605.2], [834.3, 605.5], [783.8, 615.5], [740.9, 579.4], [701.0, 570.5], [661.7, 572.5], [599.6, 539.1], [553.0, 532.5], [512.5, 511.5], [467.7, 500.5], [423.6, 484.1], [376.6, 480.5], [1742.3, 1310.0], [1405.2, 1217.2], [1137.3, 1086.3], [905.3, 953.3], [730.0, 840.0], [593.9, 747.9]]",
g0_LEC,Saw,rb022_f1_r,,../g0/marked_images/SH/txt/RB022_F1_R_XY_SH.txt,images/rb022_f1_r.tif,g0_LEC,52,52,autolabel_v1.2,2560,1920,"[[122.3, 703.1], [1984.0, 757.1], [1609.1, 593.1], [1273.1, 627.7], [1003.6, 649.1], [790.4, 664.2], [596.4, 659.9], [443.4, 675.0], [1510.1, 575.8], [1167.4, 629.8], [913.1, 657.7], [1984.2, 1211.5], [1630.7, 1267.7], [1236.4, 1192.3], [934.7, 1088.8], [704.2, 1004.7], [518.8, 922.8], [385.3, 871.2], [2044.5, 1321.5], [1654.4, 1291.2], [1385.0, 1297.7], [1029.6, 1256.9], [740.7, 1170.7], [546.9, 1108.2], [376.6, 1041.2], [1569.7, 571.5], [1454.8, 655.5], [1361.9, 656.5], [1224.3, 623.2], [1133.8, 687.7], [1061.1, 686.5], [956.8, 651.5], [852.6, 701.9], [812.3, 719.8], [736.4, 669.5], [686.9, 691.5], [632.9, 694.4], [557.5, 669.5], [518.6, 684.9], [478.4, 687.9], [400.5, 680.0], [352.0, 680.5], [304.1, 674.4], [254.2, 667.7], [205.5, 667.0], [157.9, 677.6], [1810.7, 1255.0], [1422.1, 1251.1], [1076.0, 1172.0], [813.1, 1073.1], [603.1, 988.1], [458.9, 920.9]]",
g0_UNK,Saw,rb029_f1_r,,../g0/marked_images/SH/txt/RB029_F1_R_XY_SH.txt,images/rb029_f1_r.tif,g0_UNK,52,52,autolabel_v1.2,2560,1920,"[[206.3, 550.1], [1858.9, 815.0], [1557.4, 677.2], [1266.6, 662.0], [1070.4, 636.3], [898.0, 599.6], [747.2, 575.8], [618.0, 552.3], [1456.1, 655.6], [1203.9, 640.4], [999.3, 616.9], [1878.5, 1226.6], [1617.7, 1192.3], [1313.9, 1114.5], [1057.4, 1013.4], [844.2, 914.2], [663.1, 832.3], [525.3, 756.9], [1895.8, 1325.8], [1643.6, 1293.4], [1458.3, 1272.0], [1195.5, 1215.8], [908.8, 1116.7], [742.8, 1045.6], [570.4, 976.6], [1509.7, 654.8], [1408.2, 716.3], [1336.5, 703.0], [1241.3, 645.8], [1171.1, 680.4], [1117.8, 665.3], [1040.4, 620.1], [970.6, 640.1], [931.5, 624.6], [859.1, 600.4], [818.0, 609.5], [779.5, 598.6], [711.1, 575.5], [672.7, 582.8], [639.8, 574.3], [560.5, 561.5], [501.9, 547.5], [441.8, 545.7], [382.0, 526.5], [321.6, 523.1], [258.6, 536.5], [1741.1, 1228.0], [1457.7, 1173.7], [1206.3, 1092.3], [952.0, 958.0], [752.1, 875.1], [593.7, 797.0]]",
g0_LEC,Saw,rb042_f1_r,,../g0/marked_images/SH/txt/RB042_F1_R_XY_SH.txt,images/rb042_f1_r.tif,g0_LEC,52,52,autolabel_v1.2,2560,1920,"[[305.5, 657.7], [2028.9, 729.0], [1656.6, 586.6], [1324.7, 623.4], [1081.2, 646.9], [876.6, 655.6], [712.8, 649.1], [572.6, 646.9], [1544.5, 575.8], [1210.4, 619.0], [979.9, 653.4], [2001.2, 1200.7], [1663.1, 1205.0], [1324.7, 1125.3], [1038.2, 1036.9], [816.1, 948.8], [633.1, 864.7], [499.3, 793.6], [2070.4, 1302.0], [1695.3, 1276.1], [1460.4, 1265.5], [1122.3, 1222.3], [844.2, 1157.7], [652.3, 1073.7], [492.9, 996.1], [1609.4, 569.5], [1495.2, 655.5], [1405.3, 654.8], [1272.5, 613.5], [1185.9, 674.6], [1133.2, 683.5], [1028.1, 649.4], [945.7, 691.8], [909.3, 693.8], [833.6, 655.5], [790.6, 670.9], [747.4, 678.9], [676.4, 654.1], [638.4, 661.5], [603.2, 658.7], [537.0, 639.5], [495.6, 640.1], [456.5, 628.5], [415.3, 630.5], [374.9, 632.5], [338.9, 651.6], [1833.6, 1221.0], [1485.3, 1186.0], [1200.1, 1107.1], [957.1, 1025.1], [726.2, 907.2], [563.9, 830.9]]",
g0_LEC,Saw,rb110_f1_r,,../g0/marked_images/SH/txt/RB110_F1_R_XY_SH.txt,images/rb110_f1_r.tif,g0_LEC,52,52,autolabel_v1.2,2560,1920,"[[118.0, 597.4], [2012.0, 829.9], [1624.2, 651.2], [1285.8, 646.9], [1014.4, 649.1], [790.4, 642.6], [609.3, 629.8], [454.2, 612.6], [1508.0, 623.4], [1176.1, 636.3], [919.6, 649.1], [1969.0, 1274.0], [1609.1, 1243.9], [1247.2, 1157.7], [962.8, 1056.4], [717.1, 955.2], [527.4, 866.9], [374.4, 793.6], [2003.4, 1373.1], [1632.8, 1315.0], [1402.3, 1297.7], [1063.9, 1231.0], [758.0, 1136.1], [540.4, 1047.7], [355.0, 959.4], [1578.4, 627.5], [1452.4, 691.9], [1363.7, 675.8], [1232.4, 635.9], [1139.7, 689.5], [1070.5, 682.5], [965.9, 644.6], [881.9, 693.5], [829.7, 679.5], [740.6, 651.9], [692.9, 672.5], [646.3, 664.8], [570.1, 637.4], [529.8, 649.5], [489.9, 634.4], [404.4, 621.9], [357.2, 606.7], [310.3, 591.5], [258.2, 585.7], [210.3, 577.5], [160.2, 578.5], [1783.7, 1273.0], [1417.7, 1217.0], [1092.7, 1127.0], [829.4, 1029.4], [614.2, 935.2], [444.3, 846.3]]",
g0_LEC,Saw,rb110_f2_r,,../g0/marked_images/SH/txt/RB110_F2_R_XY_SH.txt,images/rb110_f2_r.tif,g0_LEC,52,52,autolabel_v1.2,2560,1920,"[[115.8, 610.4], [2065.8, 793.0], [1673.9, 642.6], [1313.9, 646.9], [1046.6, 653.4], [826.9, 659.9], [639.6, 644.8], [482.3, 632.0], [1551.0, 623.4], [1202.0, 640.4], [939.0, 655.6], [2027.2, 1250.4], [1658.8, 1228.8], [1298.8, 1146.9], [990.7, 1052.0], [747.2, 961.5], [557.7, 888.3], [396.1, 821.5], [2053.1, 1343.1], [1701.8, 1308.5], [1447.5, 1302.0], [1102.8, 1246.1], [796.9, 1162.0], [566.3, 1075.8], [393.9, 987.4], [1613.4, 629.5], [1488.1, 690.4], [1395.8, 670.3], [1261.4, 640.5], [1168.9, 693.5], [1100.4, 687.5], [991.2, 655.5], [915.0, 698.5], [861.0, 699.5], [773.7, 668.5], [724.1, 691.5], [671.1, 684.6], [597.7, 654.5], [556.7, 670.5], [514.5, 659.7], [428.9, 645.6], [378.4, 626.5], [324.2, 621.5], [272.9, 603.5], [216.8, 603.7], [163.8, 603.7], [1837.1, 1252.0], [1456.0, 1211.0], [1131.3, 1122.3], [860.5, 1030.0], [653.9, 954.0], [477.3, 873.0]]",
g0_LEC,Saw,rb150_f1_r,,../g0/marked_images/SH/txt/RB150_F1_R_XY_SH.txt,images/rb150_f1_r.tif,g0_LEC,52,52,autolabel_v1.2,2560,1920,"[[146.1, 586.6], [2049.0, 765.1], [1616.4, 576.5], [1275.2, 610.4], [999.3, 610.4], [783.9, 608.2], [609.3, 599.6], [443.4, 586.6], [1490.5, 567.6], [1156.6, 597.4], [906.6, 610.4], [2012.0, 1286.9], [1619.9, 1246.1], [1242.8, 1157.7], [932.6, 1058.5], [673.9, 953.1], [492.9, 856.1], [368.0, 776.3], [2038.0, 1409.9], [1654.4, 1328.0], [1365.6, 1304.2], [1014.4, 1235.3], [699.9, 1136.1], [492.9, 1049.9], [325.0, 965.8], [1558.6, 562.5], [1446.5, 643.0], [1357.7, 632.5], [1223.4, 595.5], [1121.7, 650.5], [1048.8, 651.5], [956.1, 604.5], [863.5, 646.5], [812.8, 650.5], [739.3, 604.5], [692.9, 624.5], [642.4, 634.5], [565.4, 599.5], [522.1, 610.5], [480.2, 603.7], [399.3, 587.5], [354.3, 582.5], [313.5, 568.5], [267.7, 563.5], [223.0, 559.5], [181.8, 575.7], [1811.9, 1282.9], [1420.7, 1223.0], [1081.3, 1129.3], [797.9, 1022.0], [576.6, 917.0], [423.8, 831.0]]",
g0_LEC,Saw,rb150_f2_r,,../g0/marked_images/SH/txt/RB150_F2_R_XY_SH.txt,images/rb150_f2_r.tif,g0_LEC,52,52,autolabel_v1.2,2560,1920,"[[130.9, 556.6], [2063.9, 774.0], [1656.6, 588.8], [1301.0, 606.1], [1031.7, 597.4], [805.5, 584.5], [624.4, 569.3], [458.5, 558.8], [1544.5, 565.0], [1195.5, 595.3], [928.2, 597.4], [1992.8, 1254.7], [1615.6, 1237.4], [1268.8, 1166.3], [936.9, 1047.7], [676.1, 929.3], [501.5, 847.4], [368.0, 761.2], [2033.7, 1366.6], [1660.9, 1308.5], [1393.7, 1278.3], [1027.4, 1205.0], [712.8, 1103.9], [497.2, 1009.0], [350.7, 938.0], [1606.0, 570.5], [1489.1, 649.4], [1388.1, 635.5], [1256.3, 588.5], [1151.5, 647.5], [1080.3, 637.8], [981.9, 589.5], [886.3, 628.2], [832.3, 628.5], [759.5, 581.0], [710.1, 603.5], [656.5, 610.2], [579.2, 574.5], [535.6, 583.5], [492.6, 573.1], [412.9, 558.5], [365.6, 551.1], [318.8, 534.5], [267.4, 539.5], [220.4, 527.5], [173.4, 545.1], [1798.6, 1262.6], [1434.7, 1221.0], [1095.5, 1129.0], [797.7, 1006.0], [586.1, 903.0], [429.8, 811.8]]",
g0_LEC,Saw,rb151_f1_l,,../g0/marked_images/SH/txt/RB151_F1_L_XY_SH.txt,images/rb151_f1_l.tif,g0_LEC,52,52,autolabel_v1.2,2560,1920,"[[139.6, 610.4], [1976.0, 765.1], [1594.2, 578.0], [1255.8, 616.9], [1005.8, 625.5], [779.6, 619.0], [605.0, 608.2], [458.5, 599.6], [1475.5, 560.7], [1132.9, 603.9], [895.8, 616.9], [1925.8, 1246.1], [1579.0, 1226.6], [1225.5, 1136.1], [932.6, 1026.3], [702.0, 929.3], [512.3, 845.3], [368.0, 759.1], [1975.5, 1358.0], [1604.8, 1299.9], [1367.7, 1278.3], [1025.3, 1222.3], [727.7, 1133.9], [525.3, 1041.2], [372.3, 970.2], [1535.1, 570.6], [1395.6, 629.9], [1290.0, 638.5], [1193.5, 605.5], [1068.5, 651.7], [991.7, 672.5], [947.2, 615.5], [837.9, 638.5], [776.3, 663.2], [728.0, 608.5], [674.7, 622.5], [622.6, 635.5], [562.6, 604.1], [518.3, 606.5], [475.8, 616.5], [405.0, 591.5], [351.2, 595.5], [302.3, 577.8], [249.4, 575.5], [195.9, 564.5], [143.0, 575.5], [1746.5, 1250.0], [1393.9, 1204.9], [1072.7, 1104.0], [820.5, 995.0], [601.4, 898.4], [432.9, 813.9]]",
g0_LEC,Saw,rb151_f2_l,,../g0/marked_images/SH/txt/RB151_F2_L_XY_SH.txt,images/rb151_f2_l.tif,g0_LEC,52,52,autolabel_v1.2,2560,1920,"[[172.0, 431.5], [2050.9, 845.1], [1660.9, 606.1], [1294.5, 586.6], [1046.6, 567.2], [835.5, 535.0], [656.6, 506.9], [499.3, 466.1], [1555.3, 573.7], [1197.7, 565.0], [941.2, 550.1], [1951.8, 1323.6], [1579.0, 1248.2], [1219.1, 1112.5], [932.6, 961.5], [699.9, 836.6], [516.6, 716.1], [380.9, 619.0], [1962.6, 1435.6], [1619.9, 1340.9], [1339.9, 1282.6], [997.2, 1181.5], [686.9, 1049.9], [495.0, 938.0], [339.9, 823.7], [1607.4, 593.5], [1461.2, 637.3], [1348.9, 624.5], [1246.8, 577.5], [1131.2, 609.3], [1048.5, 607.5], [994.2, 554.5], [882.6, 565.5], [822.4, 579.5], [779.4, 523.5], [721.9, 530.6], [664.4, 537.5], [614.2, 494.5], [567.4, 491.1], [521.0, 492.5], [448.6, 454.5], [393.5, 451.5], [351.5, 425.0], [299.8, 417.5], [247.9, 402.4], [195.2, 397.3], [1761.9, 1303.9], [1383.1, 1205.1], [1037.3, 1051.3], [810.4, 930.4], [597.5, 800.5], [449.5, 689.5]]",
g0_LEC,Saw,rb156_f1_r,,../g0/marked_images/SH/txt/RB156_F1_R_XY_SH.txt,images/rb156_f1_r.tif,g0_LEC,52,52,autolabel_v1.2,2560,1920,"[[212.8, 509.1], [2015.9, 805.9], [1643.6, 591.0], [1307.4, 608.2], [1055.3, 603.9], [844.2, 591.0], [667.4, 567.2], [520.9, 548.0], [1531.5, 567.2], [1199.8, 588.8], [960.6, 597.4], [1941.0, 1263.4], [1589.8, 1222.3], [1245.0, 1125.3], [941.2, 998.2], [721.5, 888.3], [551.2, 791.5], [423.9, 709.6], [1986.3, 1375.3], [1622.0, 1289.1], [1380.7, 1272.0], [1042.5, 1185.8], [712.8, 1084.5], [518.8, 989.6], [385.3, 892.6], [1596.2, 569.5], [1482.7, 643.5], [1391.2, 631.5], [1262.6, 585.5], [1171.6, 640.5], [1105.9, 639.4], [1012.1, 593.4], [927.6, 626.9], [878.0, 627.5], [798.0, 588.5], [751.0, 600.5], [704.2, 597.7], [627.5, 568.5], [588.4, 575.5], [552.4, 562.9], [479.1, 540.5], [433.8, 529.5], [391.6, 510.5], [343.3, 503.5], [297.9, 493.5], [250.9, 503.6], [1755.3, 1262.0], [1406.8, 1195.0], [1077.1, 1080.0], [817.3, 964.3], [629.5, 859.5], [506.4, 784.4]]",
g0_LEC,Saw,rb156_f2_r,,../g0/marked_images/SH/txt/RB156_F2_R_XY_SH.txt,images/rb156_f2_r.tif,g0_LEC,52,52,autolabel_v1.2,2560,1920,"[[238.8, 606.1], [2022.8, 815.0], [1673.9, 638.5], [1335.5, 649.1], [1094.2, 651.2], [889.3, 644.8], [712.8, 634.2], [562.0, 616.9], [1563.9, 619.0], [1242.8, 640.4], [1018.8, 651.2], [1973.4, 1278.3], [1619.9, 1246.1], [1279.6, 1151.2], [992.8, 1043.4], [766.6, 933.6], [585.5, 847.4], [465.0, 772.0], [2018.5, 1392.6], [1637.2, 1336.6], [1404.5, 1308.5], [1068.3, 1239.6], [781.7, 1136.1], [598.5, 1036.9], [452.0, 953.1], [1624.4, 619.5], [1507.7, 693.8], [1412.5, 685.0], [1297.0, 637.5], [1203.5, 692.5], [1136.5, 693.0], [1058.1, 646.5], [972.5, 688.0], [913.3, 696.8], [838.7, 646.8], [791.0, 666.5], [741.4, 669.5], [672.9, 634.5], [633.4, 644.5], [592.7, 641.2], [513.2, 615.5], [466.1, 611.6], [422.8, 592.5], [373.4, 593.1], [327.7, 582.5], [280.6, 592.5], [1793.2, 1280.0], [1441.8, 1216.8], [1134.6, 1114.0], [871.2, 1002.2], [667.1, 910.0], [516.8, 823.8]]",
g0_LEC,Saw,ag008_f10_r,,../g0/marked_images/BH/txt/AG008_F10_R_MARK_RDR.txt,images/ag008_f10_r.tif,g0_LEC,52,52,autolabel_v1.2,2560,1920,"[[269.9, 463.9], [2025.9, 682.1], [1687.1, 503.9], [1328.4, 519.9], [1079.1, 522.5], [868.4, 510.6], [699.2, 493.3], [555.1, 474.5], [1560.5, 478.6], [1217.8, 511.9], [972.5, 527.9], [1964.5, 1153.2], [1605.8, 1102.6], [1277.8, 1019.9], [988.5, 913.1], [764.5, 801.2], [592.5, 709.1], [464.6, 635.9], [1988.5, 1249.1], [1657.7, 1219.9], [1403.2, 1171.7], [1071.1, 1098.5], [797.7, 993.3], [609.7, 899.9], [464.6, 815.9], [1633.5, 481.5], [1513.2, 558.5], [1415.7, 550.2], [1272.6, 512.5], [1191.6, 562.9], [1125.7, 562.5], [1025.5, 520.5], [936.0, 554.5], [893.6, 552.1], [821.5, 513.5], [776.4, 525.5], [732.4, 525.9], [660.4, 493.5], [621.9, 498.5], [585.4, 488.9], [519.7, 469.5], [476.3, 460.8], [435.3, 446.5], [391.5, 443.0], [348.0, 446.5], [305.5, 455.0], [1777.7, 1142.0], [1438.2, 1078.0], [1129.9, 972.9], [874.1, 862.0], [673.9, 763.0], [528.2, 673.2]]",
g0_UNK,Saw,ag021_l,,../g0/marked_images/BH/txt/AG021_L_MARK_RDR.txt,images/ag021_l.tif,g0_UNK,52,52,autolabel_v1.2,2560,1920,"[[525.1, 430.8], [1907.0, 692.1], [1551.8, 617.5], [1311.8, 594.8], [1119.9, 557.5], [965.2, 526.8], [819.8, 490.9], [698.6, 449.6], [1450.5, 585.6], [1209.1, 567.0], [1034.5, 545.6], [1922.4, 1105.4], [1553.1, 1044.3], [1249.1, 917.4], [1013.2, 805.5], [843.8, 702.9], [715.8, 617.5], [638.5, 554.9], [1942.5, 1189.5], [1602.4, 1134.8], [1398.4, 1122.9], [1070.4, 1017.5], [861.0, 908.1], [727.7, 801.6], [629.2, 670.9], [1499.0, 595.5], [1397.9, 615.6], [1337.1, 624.5], [1262.6, 578.5], [1166.4, 580.5], [1118.0, 584.5], [1073.7, 548.5], [998.8, 544.7], [958.7, 548.2], [925.6, 520.5], [884.6, 512.5], [841.5, 511.5], [796.3, 488.5], [758.1, 474.5], [717.9, 467.5], [676.5, 449.6], [650.6, 437.5], [622.7, 433.5], [596.4, 421.5], [568.1, 414.5], [540.5, 415.5], [1732.8, 1086.8], [1395.5, 991.0], [1132.1, 867.0], [923.9, 756.9], [778.6, 663.6], [678.5, 581.5]]",
g0_PIN,Saw,ag044_l,,../g0/marked_images/BH/txt/AG044_L_MARK_RDR.txt,images/ag044_l.tif,g0_PIN,52,52,autolabel_v1.2,2560,1920,"[[765.5, 364.5], [2054.0, 920.0], [1747.4, 764.5], [1507.5, 690.6], [1331.4, 630.5], [1181.5, 560.5], [1051.4, 490.5], [945.5, 424.6], [1655.5, 710.4], [1415.5, 646.5], [1253.4, 606.5], [1989.4, 1288.4], [1649.5, 1160.5], [1381.6, 988.5], [1183.4, 824.5], [1033.5, 700.5], [927.4, 586.6], [855.4, 508.6], [2017.4, 1382.4], [1677.4, 1256.4], [1501.5, 1232.5], [1199.4, 1032.6], [1009.5, 874.4], [887.4, 750.6], [823.4, 612.6], [1698.3, 739.8], [1592.9, 738.5], [1523.8, 728.5], [1459.0, 672.5], [1373.1, 663.5], [1325.3, 656.8], [1292.9, 618.4], [1209.9, 602.5], [1171.0, 584.5], [1141.2, 547.7], [1098.5, 536.0], [1057.1, 521.5], [1020.6, 483.1], [985.9, 468.4], [952.2, 451.7], [923.2, 421.7], [896.2, 402.5], [867.1, 388.5], [840.6, 371.1], [812.3, 356.5], [779.5, 351.5], [1815.0, 1234.0], [1512.0, 1082.0], [1279.2, 910.2], [1105.3, 769.3], [975.9, 646.9], [886.8, 551.8]]",
g0_PIN,Saw,ag061_f3_r,,../g0/marked_images/BH/txt/AG061_F3_R_MARK_RDR.txt,images/ag061_f3_r.tif,g0_PIN,52,52,autolabel_v1.2,2560,1920,"[[627.5, 409.5], [1898.0, 1015.1], [1571.5, 807.5], [1341.4, 725.6], [1159.4, 647.6], [1011.4, 581.4], [881.6, 505.6], [779.6, 453.5], [1487.4, 765.5], [1245.4, 683.4], [1091.4, 621.6], [1849.3, 1355.4], [1519.4, 1229.4], [1251.5, 1059.6], [1029.6, 891.5], [877.5, 751.5], [771.6, 637.6], [701.6, 547.5], [1855.4, 1423.5], [1561.5, 1331.4], [1357.6, 1271.6], [1051.4, 1073.4], [851.5, 915.5], [727.5, 787.6], [659.4, 649.5], [1546.7, 774.2], [1439.0, 788.5], [1388.5, 754.0], [1306.8, 690.5], [1217.4, 689.5], [1191.2, 659.7], [1138.2, 620.5], [1062.1, 608.6], [1036.2, 583.7], [994.2, 554.5], [951.7, 544.2], [914.6, 520.1], [867.2, 483.5], [834.3, 468.8], [803.2, 449.7], [780.0, 430.5], [756.9, 417.4], [731.4, 407.5], [706.4, 396.5], [679.2, 398.5], [652.6, 405.9], [1679.4, 1303.0], [1379.0, 1144.0], [1139.9, 973.9], [955.5, 821.5], [823.8, 694.8], [735.6, 593.6]]",
g0_PIN,Saw,ag066_f1_r,,../g0/marked_images/GK/txt/AG066_F1_R_MARK_RDR.txt,images/ag066_f1_r.tif,g0_PIN,52,52,autolabel_v1.2,2560,1920,"[[512.1, 507.6], [1899.9, 878.1], [1542.7, 747.6], [1289.5, 707.6], [1102.8, 669.0], [944.2, 624.9], [805.5, 584.9], [689.5, 535.6], [1437.5, 708.9], [1196.2, 679.5], [1014.9, 654.3], [1868.1, 1275.5], [1522.9, 1195.5], [1217.6, 1054.2], [988.1, 920.9], [813.5, 799.5], [693.6, 710.2], [612.1, 632.9], [1890.8, 1352.8], [1570.8, 1290.2], [1360.2, 1246.1], [1040.2, 1122.3], [818.9, 1003.4], [685.4, 886.1], [588.1, 754.3], [1503.1, 713.5], [1407.6, 758.5], [1344.2, 735.7], [1248.5, 685.5], [1173.3, 702.5], [1137.2, 684.7], [1066.3, 646.5], [991.7, 647.2], [968.1, 632.6], [924.4, 605.5], [881.2, 603.5], [840.9, 594.5], [793.4, 561.5], [756.1, 555.5], [720.9, 544.5], [676.9, 517.4], [649.3, 509.5], [621.0, 505.5], [593.5, 495.5], [564.5, 500.0], [538.6, 513.9], [1689.4, 1250.0], [1363.1, 1137.1], [1101.2, 995.2], [896.3, 866.3], [752.3, 761.3], [654.4, 671.4]]",
g0_PIN,Saw,ag071_f3_r,,../g0/marked_images/GK/txt/AG071_F3_R_MARK_RDR.txt,images/ag071_f3_r.tif,g0_PIN,52,52,autolabel_v1.2,2560,1920,"[[556.2, 617.5], [1961.9, 808.1], [1585.5, 739.0], [1334.9, 723.0], [1138.9, 704.2], [980.1, 681.5], [848.1, 653.6], [722.8, 624.2], [1477.5, 706.8], [1232.0, 700.3], [1054.9, 698.8], [1978.8, 1236.1], [1602.8, 1189.5], [1294.7, 1089.4], [1056.2, 973.6], [873.6, 872.3], [756.2, 800.1], [668.1, 734.9], [2001.5, 1314.8], [1657.5, 1274.8], [1444.2, 1280.2], [1110.8, 1158.8], [888.0, 1050.8], [754.7, 954.8], [653.4, 845.5], [1539.0, 709.5], [1452.6, 756.5], [1388.4, 747.5], [1288.0, 704.5], [1213.7, 726.8], [1175.0, 716.5], [1101.1, 688.6], [1030.9, 694.5], [1004.7, 685.5], [956.5, 665.5], [918.2, 663.5], [880.9, 659.4], [826.1, 635.6], [789.8, 631.5], [753.8, 624.5], [710.1, 608.5], [683.4, 602.9], [655.3, 602.5], [629.6, 600.5], [603.9, 608.5], [579.9, 620.6], [1784.0, 1222.0], [1446.5, 1145.0], [1175.2, 1032.2], [961.1, 926.1], [813.5, 840.0], [711.3, 769.3]]",
g0_PIN,Saw,ag074_f2_r,,../g0/marked_images/GK/txt/AG074_F2_R_MARK_RDR.txt,images/ag074_f2_r.tif,g0_PIN,52,52,autolabel_v1.2,2560,1920,"[[567.8, 465.8], [1947.0, 861.0], [1583.8, 742.9], [1331.9, 694.9], [1153.2, 649.5], [995.9, 601.5], [865.1, 561.8], [753.2, 508.6], [1486.6, 693.6], [1237.2, 665.5], [1058.5, 629.6], [1921.1, 1280.2], [1561.1, 1196.8], [1255.8, 1042.8], [1033.0, 906.8], [865.1, 785.8], [755.8, 687.1], [669.2, 603.3], [1941.2, 1364.9], [1589.2, 1276.8], [1383.7, 1255.6], [1070.2, 1110.0], [864.7, 983.1], [732.9, 857.8], [644.8, 728.6], [1546.3, 706.8], [1451.8, 753.7], [1384.6, 732.5], [1291.9, 672.5], [1217.3, 692.5], [1183.9, 671.4], [1114.4, 622.5], [1036.9, 624.4], [1016.6, 611.1], [974.0, 584.5], [933.5, 582.5], [895.5, 572.5], [849.7, 538.2], [812.4, 528.5], [777.5, 512.9], [750.2, 482.5], [719.0, 472.5], [687.3, 467.5], [654.9, 460.5], [622.9, 462.5], [592.2, 472.3], [1736.5, 1254.0], [1402.7, 1128.7], [1134.9, 976.0], [946.9, 847.9], [805.9, 741.9], [707.0, 652.6]]",
g0_LEC,Saw,ag181_f2_r,,../g0/marked_images/GK/txt/AG181_F2_R_MARK_RDR.txt,images/ag181_f2_r.tif,g0_LEC,52,52,autolabel_v1.2,2560,1920,"[[164.4, 402.1], [2001.9, 671.1], [1605.8, 474.3], [1260.6, 490.3], [1012.5, 497.0], [811.1, 478.2], [635.2, 454.2], [497.8, 428.9], [1504.5, 452.9], [1161.8, 483.6], [912.5, 490.3], [1916.5, 1115.6], [1563.1, 1063.5], [1220.4, 974.3], [936.4, 862.1], [703.1, 768.8], [515.1, 674.1], [385.9, 599.6], [1935.1, 1203.5], [1595.0, 1159.4], [1349.8, 1155.5], [1011.2, 1092.9], [708.5, 966.3], [504.5, 854.1], [347.2, 764.9], [1566.4, 455.5], [1455.4, 540.1], [1350.6, 532.5], [1214.4, 483.5], [1132.0, 540.5], [1065.1, 536.6], [966.2, 489.5], [886.6, 527.5], [835.8, 522.3], [762.8, 480.7], [716.5, 499.5], [668.9, 491.4], [597.4, 454.5], [561.0, 463.5], [526.5, 453.5], [446.8, 426.5], [399.2, 409.7], [352.3, 390.5], [302.5, 380.2], [253.3, 373.5], [203.8, 383.7], [1735.0, 1101.0], [1388.4, 1029.0], [1078.0, 918.0], [819.5, 813.5], [610.1, 719.0], [450.6, 636.6]]",
g0_LEC,Saw,nl072_f1_l,,../g0/marked_images/RR/txt/NL072_F1_L_MARK_RDR.txt,images/nl072_f1_l.tif,g0_LEC,52,52,autolabel_v1.2,2560,1920,"[[141.5, 568.5], [2065.8, 700.1], [1671.5, 514.5], [1303.6, 550.5], [1037.6, 572.6], [829.5, 584.5], [657.5, 584.5], [499.6, 570.6], [1551.4, 504.5], [1193.6, 548.6], [945.5, 580.6], [2017.4, 1194.4], [1647.5, 1160.5], [1285.4, 1080.6], [991.5, 976.4], [745.4, 874.4], [563.5, 798.6], [427.4, 734.6], [2051.4, 1296.4], [1697.4, 1264.4], [1421.5, 1254.5], [1083.4, 1200.5], [807.5, 1090.5], [607.6, 988.5], [443.6, 906.6], [1610.2, 506.5], [1472.0, 557.5], [1371.3, 574.5], [1247.1, 543.5], [1118.3, 588.5], [1040.8, 628.3], [983.1, 570.6], [877.1, 601.5], [816.0, 652.5], [766.5, 585.5], [704.9, 598.6], [648.1, 625.5], [608.8, 588.5], [558.1, 588.4], [508.9, 597.5], [443.5, 571.5], [385.3, 573.5], [330.0, 556.5], [271.5, 549.5], [215.0, 537.5], [158.6, 535.9], [1825.8, 1188.0], [1463.6, 1131.0], [1140.3, 1024.0], [865.7, 918.7], [659.1, 827.1], [491.5, 772.5]]",
g0_LEC,Saw,nl082_f5_l,,../g0/marked_images/RR/txt/NL082_F5_L_MARK_RDR.txt,images/nl082_f5_l.tif,g0_LEC,52,52,autolabel_v1.2,2560,1920,"[[245.5, 498.5], [2109.9, 802.1], [1731.4, 592.5], [1373.6, 608.5], [1121.4, 610.6], [901.4, 590.5], [729.5, 568.5], [573.4, 534.6], [1603.5, 576.5], [1259.5, 598.5], [1009.5, 596.6], [2035.4, 1278.5], [1667.4, 1236.6], [1321.5, 1142.6], [1019.4, 1014.5], [789.5, 900.6], [597.4, 790.6], [465.4, 698.6], [2075.4, 1368.6], [1723.4, 1336.6], [1437.5, 1288.4], [1093.5, 1202.4], [801.4, 1086.6], [607.6, 964.5], [441.4, 876.6], [1665.5, 582.5], [1522.3, 651.2], [1411.1, 653.6], [1315.8, 603.3], [1196.4, 647.1], [1115.8, 657.5], [1064.5, 601.5], [951.5, 624.0], [887.9, 644.4], [839.4, 582.9], [777.2, 593.5], [715.6, 608.5], [678.3, 560.5], [624.9, 560.5], [572.7, 571.5], [522.4, 527.5], [466.4, 525.5], [422.1, 502.6], [367.6, 491.1], [316.0, 474.5], [261.6, 468.5], [1846.2, 1259.2], [1490.1, 1197.1], [1169.0, 1081.0], [904.7, 957.0], [693.5, 844.0], [530.4, 746.4]]",
g0_LEC,Saw,nl089_f2_l,,../g0/marked_images/RR/txt/NL089_F2_L_MARK_RDR.txt,images/nl089_f2_l.tif,g0_LEC,52,52,autolabel_v1.2,2560,1920,"[[239.4, 374.5], [2068.0, 898.0], [1707.4, 634.6], [1343.5, 614.5], [1103.5, 580.6], [893.4, 546.4], [717.6, 496.5], [563.5, 448.6], [1591.4, 606.5], [1241.5, 596.6], [1007.5, 570.6], [1965.4, 1354.5], [1603.5, 1274.6], [1243.5, 1130.5], [965.4, 978.6], [729.5, 828.6], [559.4, 712.6], [431.5, 602.6], [1981.4, 1452.4], [1639.5, 1390.4], [1351.5, 1324.5], [1009.5, 1204.6], [717.6, 1056.6], [523.5, 910.5], [397.6, 808.5], [1648.9, 619.4], [1504.8, 648.7], [1407.9, 647.4], [1293.0, 601.5], [1181.2, 620.5], [1111.6, 610.5], [1052.5, 570.5], [952.4, 575.9], [891.5, 580.5], [836.1, 532.5], [774.1, 534.5], [714.2, 533.5], [669.5, 489.5], [620.3, 483.5], [569.8, 478.5], [513.6, 434.5], [459.9, 427.5], [419.7, 398.2], [368.0, 382.5], [318.4, 361.5], [266.6, 351.5], [1779.2, 1325.2], [1415.3, 1213.3], [1100.5, 1057.5], [845.2, 906.2], [642.9, 770.9], [494.7, 656.7]]",
g0_LEC,Saw,nl093_f1_l,,../g0/marked_images/RR/txt/NL093_F1_L_MARK_RDR.txt,images/nl093_f1_l.tif,g0_LEC,52,52,autolabel_v1.2,2560,1920,"[[205.5, 438.6], [2036.0, 722.1], [1663.5, 520.5], [1317.4, 534.6], [1067.4, 532.6], [851.5, 516.6], [675.4, 490.5], [521.6, 464.6], [1549.4, 498.5], [1215.4, 520.5], [971.5, 530.5], [1979.4, 1198.5], [1615.6, 1156.6], [1265.5, 1056.6], [979.4, 934.5], [741.6, 818.5], [553.6, 716.5], [415.5, 624.4], [2017.4, 1292.5], [1671.5, 1264.4], [1395.4, 1230.5], [1053.6, 1160.5], [755.4, 1040.6], [555.5, 922.6], [405.6, 822.6], [1606.5, 510.5], [1474.8, 571.7], [1373.0, 570.5], [1266.4, 527.5], [1154.0, 567.5], [1076.6, 577.5], [1014.6, 526.5], [921.3, 539.2], [859.6, 556.5], [793.0, 510.5], [731.1, 518.5], [670.9, 530.6], [628.0, 491.5], [578.4, 488.1], [530.8, 493.5], [472.0, 461.5], [418.8, 455.5], [373.4, 433.5], [321.8, 421.5], [270.9, 409.5], [218.1, 410.4], [1793.4, 1185.0], [1436.0, 1117.0], [1117.9, 1002.9], [857.7, 882.7], [643.4, 769.0], [482.3, 672.3]]",
g0_PIN,Saw,np045_f1_r,,../g0/marked_images/RR/txt/NP045_F1_R_MARK_RDR.txt,images/np045_f1_r.tif,g0_PIN,52,52,autolabel_v1.2,2560,1920,"[[535.4, 552.5], [1966.0, 940.1], [1611.5, 804.4], [1343.5, 768.6], [1129.4, 714.5], [971.5, 672.6], [823.4, 624.4], [697.5, 576.5], [1511.4, 764.5], [1245.4, 736.6], [1047.5, 688.6], [1941.4, 1316.5], [1591.4, 1234.6], [1279.6, 1110.6], [1035.4, 972.5], [851.5, 862.6], [715.4, 756.5], [623.6, 674.6], [1965.4, 1394.5], [1613.4, 1314.6], [1417.4, 1310.5], [1083.4, 1172.6], [847.4, 1036.5], [691.4, 916.6], [597.4, 782.6], [1576.0, 769.5], [1469.0, 809.5], [1402.2, 789.7], [1307.8, 736.5], [1205.0, 750.5], [1165.5, 724.0], [1099.7, 687.2], [1020.9, 689.5], [996.3, 677.8], [951.2, 647.5], [904.7, 641.5], [860.3, 632.5], [809.1, 599.5], [769.7, 588.5], [730.8, 578.3], [693.0, 557.5], [666.9, 547.4], [638.4, 543.5], [609.8, 539.5], [582.9, 545.6], [557.5, 555.0], [1762.3, 1285.0], [1431.2, 1176.2], [1154.8, 1044.0], [940.1, 919.0], [780.8, 814.8], [673.0, 714.0]]",
g0_UNK,Saw,np125_f3_l,,../g0/marked_images/RR/txt/NP125_F3_L_MARK_RDR.txt,images/np125_f3_l.tif,g0_UNK,52,52,autolabel_v1.2,2560,1920,"[[580.6, 373.6], [1996.9, 945.1], [1658.6, 795.6], [1408.6, 712.6], [1218.4, 635.5], [1057.4, 563.5], [912.5, 497.6], [785.4, 440.6], [1564.6, 742.6], [1329.5, 669.6], [1140.4, 603.5], [1918.5, 1319.5], [1569.5, 1217.6], [1299.4, 1071.5], [1078.4, 901.4], [903.4, 764.5], [781.5, 645.6], [696.4, 548.6], [1945.5, 1399.5], [1626.4, 1318.5], [1411.4, 1247.6], [1125.5, 1093.5], [902.5, 947.5], [751.5, 808.5], [668.5, 678.5], [1613.4, 767.5], [1495.0, 765.5], [1422.0, 756.5], [1369.9, 691.4], [1272.3, 683.5], [1212.3, 672.8], [1179.6, 617.5], [1095.3, 603.5], [1050.2, 592.7], [1013.5, 548.5], [967.3, 535.8], [920.1, 527.6], [876.7, 487.2], [839.6, 472.5], [800.2, 463.7], [757.6, 430.1], [727.5, 416.5], [698.0, 401.5], [668.7, 386.2], [639.4, 370.9], [606.5, 364.0], [1741.1, 1276.0], [1433.0, 1148.0], [1191.5, 982.5], [994.0, 828.0], [838.9, 705.9], [734.7, 598.7]]",
g0_PIN,Saw,np175_l,,../g0/marked_images/BH/txt/NP175_L_MARK_RDR.txt,images/np175_l.tif,g0_PIN,52,52,autolabel_v1.2,2560,1920,"[[474.1, 415.5], [1923.9, 785.0], [1571.5, 663.6], [1294.0, 608.9], [1090.1, 567.6], [912.9, 524.8], [762.1, 481.0], [643.5, 452.9], [1468.8, 618.2], [1204.8, 580.8], [1002.1, 550.1], [1899.5, 1151.4], [1555.5, 1079.5], [1242.2, 950.3], [1004.7, 826.3], [803.6, 718.2], [668.7, 615.6], [572.8, 536.9], [1907.5, 1228.8], [1570.2, 1158.1], [1379.4, 1151.4], [1056.8, 1024.8], [831.4, 888.9], [676.7, 776.8], [570.2, 646.3], [1521.3, 641.5], [1398.1, 664.5], [1313.0, 662.5], [1248.2, 599.5], [1151.7, 609.8], [1091.5, 609.0], [1045.7, 559.5], [956.5, 557.5], [912.2, 563.7], [866.5, 518.5], [816.9, 512.5], [766.9, 513.5], [732.1, 477.5], [700.5, 467.5], [667.7, 464.5], [627.9, 454.4], [605.4, 437.5], [578.6, 431.5], [553.1, 420.5], [525.7, 414.2], [498.7, 408.5], [1720.5, 1130.5], [1393.3, 1019.3], [1124.0, 886.0], [907.0, 764.0], [735.8, 670.0], [620.0, 577.9]]",
g0_LEC,Saw,rb396_l,,../g0/marked_images/BH/txt/RB396_L_MARK_RDR.txt,images/rb396_l.tif,g0_LEC,52,52,autolabel_v1.2,2560,1920,"[[197.5, 426.5], [2100.0, 768.1], [1723.4, 574.5], [1351.5, 562.4], [1079.5, 550.5], [867.5, 530.5], [693.6, 498.5], [553.6, 466.5], [1601.5, 550.5], [1231.4, 546.4], [967.6, 536.5], [2021.6, 1242.6], [1645.4, 1198.5], [1289.5, 1108.4], [969.5, 974.5], [737.4, 850.5], [565.5, 744.6], [437.5, 666.6], [2037.5, 1332.5], [1711.5, 1296.4], [1441.4, 1252.6], [1093.5, 1188.6], [773.5, 1082.5], [585.5, 982.5], [413.6, 856.5], [1661.0, 556.5], [1515.8, 592.7], [1411.1, 592.5], [1290.2, 548.5], [1168.3, 579.2], [1092.0, 585.5], [1020.7, 540.2], [911.4, 553.1], [853.5, 571.5], [807.8, 519.5], [747.9, 520.5], [688.9, 537.5], [649.8, 495.5], [604.0, 489.5], [557.6, 495.1], [499.3, 460.8], [441.5, 459.5], [392.4, 434.9], [336.5, 423.0], [284.3, 405.5], [227.2, 396.5], [1830.6, 1221.0], [1463.2, 1164.0], [1127.7, 1042.7], [853.4, 912.4], [650.0, 800.0], [501.1, 706.1]]",
g0_LEC,Saw,rb398_f4_l,,../g0/marked_images/RR/txt/RB398_F4_L_MARK_RDR.txt,images/rb398_f4_l.tif,g0_LEC,52,52,autolabel_v1.2,2560,1920,"[[185.4, 550.5], [2114.0, 794.1], [1749.5, 598.5], [1365.6, 594.6], [1079.5, 586.6], [857.6, 576.5], [673.5, 560.5], [521.6, 550.5], [1617.5, 568.5], [1231.4, 572.6], [963.5, 576.5], [2019.4, 1270.5], [1667.4, 1228.6], [1319.5, 1142.6], [1003.4, 1026.6], [763.4, 916.6], [577.6, 824.5], [435.4, 740.5], [2039.5, 1348.5], [1735.5, 1324.5], [1451.6, 1284.5], [1097.4, 1224.5], [791.5, 1130.5], [597.4, 1012.5], [429.5, 900.6], [1682.8, 579.5], [1526.3, 639.5], [1406.7, 633.5], [1299.9, 578.5], [1164.5, 624.5], [1078.9, 636.5], [1022.4, 578.9], [901.2, 611.3], [834.5, 629.0], [795.0, 570.5], [732.1, 579.4], [671.6, 603.1], [625.8, 561.5], [576.5, 564.5], [528.4, 578.5], [470.8, 548.5], [417.1, 548.5], [366.7, 534.5], [313.8, 526.5], [260.6, 517.9], [205.5, 518.5], [1837.0, 1257.0], [1490.3, 1196.0], [1159.0, 1090.0], [882.9, 967.0], [670.9, 869.9], [504.8, 783.8]]",
g0_LEC,Saw,rb399_f11_r,,../g0/marked_images/RR/txt/RB399_F11_R_MARK_RDR.txt,images/rb399_f11_r.tif,g0_LEC,52,52,autolabel_v1.2,2560,1920,"[[187.5, 372.5], [2006.0, 813.9], [1655.5, 600.5], [1287.6, 554.4], [1035.4, 520.5], [815.4, 482.5], [639.6, 440.6], [501.5, 404.5], [1517.5, 556.6], [1165.5, 522.5], [913.5, 496.5], [1867.5, 1276.5], [1533.4, 1212.6], [1199.4, 1090.5], [909.4, 944.4], [675.4, 806.6], [507.5, 686.5], [391.5, 594.6], [1873.5, 1360.6], [1573.4, 1306.6], [1315.4, 1212.6], [975.6, 1130.5], [689.5, 1000.6], [491.6, 878.5], [347.4, 756.5], [1596.3, 568.5], [1462.4, 624.5], [1371.1, 596.6], [1233.4, 531.5], [1141.6, 570.5], [1081.0, 559.5], [978.5, 501.5], [896.8, 529.7], [846.6, 522.1], [769.2, 471.5], [721.2, 484.5], [673.5, 477.0], [602.8, 434.5], [564.7, 438.5], [530.3, 426.8], [456.2, 392.7], [408.9, 382.5], [365.6, 360.5], [318.4, 353.9], [271.2, 345.5], [225.6, 361.9], [1697.5, 1251.0], [1361.9, 1161.9], [1052.1, 1022.1], [792.2, 875.2], [590.3, 749.3], [448.3, 644.0]]",
g0_LEC,Saw,rb421_f2_r,,../g0/marked_images/BH/txt/RB421_F2_R_MARK_RDR.txt,images/rb421_f2_r.tif,g0_LEC,52,52,autolabel_v1.2,2560,1920,"[[165.5, 408.6], [2057.9, 735.9], [1681.5, 541.9], [1321.5, 523.1], [1050.7, 513.8], [829.5, 500.6], [638.9, 475.1], [482.9, 448.6], [1553.5, 515.1], [1190.8, 509.9], [922.8, 504.5], [1929.5, 1217.8], [1598.7, 1183.2], [1253.4, 1081.9], [934.7, 946.0], [692.1, 817.8], [514.9, 715.2], [376.2, 626.0], [1958.7, 1307.2], [1661.4, 1268.5], [1390.8, 1212.6], [1042.8, 1148.4], [729.5, 1032.6], [500.2, 917.9], [340.1, 803.1], [1625.8, 518.3], [1502.8, 597.5], [1403.0, 583.5], [1259.9, 512.5], [1173.1, 572.4], [1097.1, 567.5], [983.9, 507.5], [907.8, 548.7], [851.3, 552.8], [777.3, 497.5], [724.7, 514.8], [670.6, 516.5], [597.4, 475.1], [553.9, 485.5], [514.0, 473.5], [439.4, 444.5], [391.3, 434.5], [349.6, 412.1], [300.6, 408.1], [256.5, 390.5], [207.7, 400.8], [1762.7, 1201.0], [1422.0, 1140.0], [1091.5, 1012.5], [814.0, 881.0], [602.6, 768.6], [445.2, 671.2]]",
g0_LEC,Saw,rb463_f6_r,,../g0/marked_images/GK/txt/RB463_F6_R_MARK_RDR.txt,images/rb463_f6_r.tif,g0_LEC,52,52,autolabel_v1.2,2560,1920,"[[273.5, 403.2], [2070.0, 791.0], [1738.7, 579.3], [1372.0, 532.6], [1116.2, 523.1], [908.1, 493.9], [741.6, 468.4], [614.7, 444.5], [1662.9, 551.2], [1280.2, 521.8], [1020.1, 509.9], [1965.4, 1232.5], [1634.8, 1180.6], [1280.2, 1072.6], [1014.9, 941.9], [802.9, 824.5], [640.2, 725.8], [514.9, 639.1], [1991.7, 1317.8], [1681.0, 1274.0], [1423.9, 1225.8], [1094.4, 1147.1], [822.6, 1021.8], [645.2, 905.8], [505.2, 804.4], [1713.7, 551.5], [1570.6, 608.5], [1463.5, 576.5], [1330.7, 520.8], [1246.6, 576.5], [1172.2, 565.7], [1070.8, 510.5], [994.1, 547.5], [942.9, 538.4], [862.7, 492.8], [818.7, 513.8], [774.3, 506.8], [708.0, 468.5], [672.2, 480.3], [638.3, 469.5], [563.9, 440.6], [515.1, 425.6], [467.1, 406.5], [418.8, 392.3], [366.5, 387.5], [316.3, 395.2], [1797.8, 1211.0], [1452.7, 1135.0], [1145.3, 1005.0], [907.8, 881.8], [722.4, 773.4], [578.6, 678.6]]",
g0_LEC,Saw,rb467_f2_l,,../g0/marked_images/GK/txt/RB467_F2_L_MARK_RDR.txt,images/rb467_f2_l.tif,g0_LEC,52,52,autolabel_v1.2,2560,1920,"[[185.2, 454.2], [2052.0, 781.1], [1701.1, 572.8], [1305.1, 566.1], [1042.5, 556.8], [826.5, 536.9], [653.2, 516.8], [498.5, 487.5], [1570.4, 548.8], [1195.7, 547.5], [934.5, 542.1], [1947.9, 1259.5], [1577.1, 1208.9], [1226.4, 1094.2], [923.9, 958.3], [693.2, 842.2], [519.9, 738.1], [393.2, 655.6], [1961.1, 1348.9], [1622.5, 1291.5], [1354.5, 1239.6], [1006.5, 1164.8], [713.2, 1052.9], [517.1, 940.8], [363.9, 840.9], [1636.2, 562.5], [1472.5, 620.0], [1354.3, 611.8], [1252.2, 555.5], [1125.1, 599.4], [1038.6, 610.9], [988.6, 547.1], [871.1, 572.4], [802.8, 598.3], [765.1, 528.5], [701.5, 543.5], [640.3, 564.5], [605.8, 512.5], [554.0, 511.5], [503.5, 521.5], [452.0, 476.5], [398.8, 477.5], [356.9, 454.4], [306.6, 440.5], [258.6, 427.1], [205.2, 420.5], [1759.5, 1240.0], [1397.9, 1159.0], [1073.9, 1024.0], [808.9, 898.9], [607.6, 787.6], [455.9, 698.0]]",
g0_LEC,Saw,rb468_f5_l,,../g0/marked_images/GK/txt/RB468_F5_L_MARK_RDR.txt,images/rb468_f5_l.tif,g0_LEC,52,52,autolabel_v1.2,2560,1920,"[[259.5, 328.9], [2030.8, 797.1], [1711.7, 552.3], [1345.0, 498.9], [1093.1, 465.6], [887.8, 436.2], [707.8, 405.6], [557.2, 369.5], [1611.9, 518.8], [1239.8, 476.2], [986.6, 454.8], [1909.8, 1224.9], [1565.9, 1150.1], [1221.9, 1019.4], [957.8, 867.1], [741.8, 741.8], [581.9, 629.8], [457.9, 536.5], [1912.4, 1307.2], [1624.4, 1251.3], [1349.8, 1167.2], [1009.9, 1065.9], [749.8, 940.6], [576.5, 808.5], [436.5, 693.8], [1662.5, 534.5], [1508.7, 575.5], [1394.4, 555.1], [1292.9, 488.4], [1168.7, 516.5], [1087.8, 522.5], [1037.5, 458.0], [928.4, 472.5], [864.8, 485.5], [827.9, 428.4], [767.6, 433.5], [708.7, 449.2], [662.7, 399.5], [614.8, 396.7], [567.6, 403.5], [512.1, 360.5], [464.5, 356.5], [420.6, 335.1], [374.4, 317.9], [327.0, 303.5], [278.2, 298.5], [1733.7, 1197.7], [1391.7, 1089.7], [1083.1, 947.1], [849.4, 804.4], [661.0, 687.0], [518.2, 586.2]]",
g0_LEC,Saw,rb470_f2_l,,../g0/marked_images/GK/txt/RB470_F2_L_MARK_RDR.txt,images/rb470_f2_l.tif,g0_LEC,52,52,autolabel_v1.2,2560,1920,"[[178.3, 409.2], [2065.0, 813.9], [1742.2, 589.2], [1338.1, 554.4], [1076.9, 530.5], [858.2, 505.2], [668.7, 475.8], [512.7, 443.8], [1619.4, 551.8], [1235.5, 535.9], [975.6, 516.0], [1955.4, 1295.8], [1600.9, 1226.4], [1239.4, 1099.8], [940.8, 950.5], [712.8, 827.8], [535.4, 714.5], [398.2, 621.2], [1964.7, 1379.8], [1639.5, 1319.8], [1367.5, 1253.2], [1030.2, 1173.3], [736.8, 1047.9], [527.4, 919.8], [370.1, 793.2], [1680.4, 572.9], [1515.1, 615.4], [1397.4, 601.9], [1286.0, 542.5], [1160.2, 581.3], [1070.7, 590.8], [1025.6, 520.1], [902.2, 542.5], [830.5, 572.9], [793.9, 492.5], [727.5, 502.5], [664.7, 521.8], [622.7, 469.5], [573.8, 467.5], [523.6, 474.5], [462.6, 431.5], [405.0, 431.5], [358.0, 405.5], [303.7, 393.5], [250.6, 380.5], [196.5, 379.0], [1776.4, 1265.0], [1416.2, 1172.2], [1090.0, 1023.0], [825.3, 887.0], [623.4, 772.4], [463.9, 671.9]]",
g0_LEC,Saw,rb471_f2_r,,../g0/marked_images/BH/txt/RB471_F2_R_MARK_RDR.txt,images/rb471_f2_r.tif,g0_LEC,52,52,autolabel_v1.2,2560,1920,"[[405.6, 365.6], [2124.0, 1020.9], [1797.5, 735.5], [1421.5, 649.5], [1179.5, 601.5], [971.5, 543.6], [815.4, 485.5], [681.5, 435.6], [1683.4, 685.6], [1313.5, 623.6], [1071.5, 575.6], [1949.4, 1439.5], [1617.5, 1327.5], [1287.6, 1167.4], [1017.5, 989.6], [811.6, 825.6], [663.6, 695.5], [545.6, 593.5], [1959.5, 1525.5], [1633.5, 1421.5], [1397.5, 1341.6], [1053.6, 1199.6], [775.5, 1033.5], [601.5, 869.5], [477.5, 749.5], [1754.5, 697.5], [1604.8, 756.5], [1499.5, 716.0], [1372.5, 629.5], [1279.8, 672.5], [1210.0, 658.5], [1126.3, 583.5], [1038.1, 608.5], [992.5, 591.4], [928.0, 530.5], [879.3, 540.5], [833.7, 526.2], [782.8, 476.5], [742.9, 476.5], [707.1, 464.6], [643.6, 419.5], [602.1, 407.5], [568.9, 378.4], [528.2, 364.7], [486.3, 353.5], [442.8, 360.5], [1779.9, 1392.0], [1452.0, 1248.0], [1153.3, 1076.3], [916.1, 907.1], [737.7, 761.7], [603.4, 647.4]]",
g0_PIN,Saw,rid_x058_f_r,,../g0/marked_images/BH/txt/RID_X058_F_R_MARK_RDR.txt,images/rid_x058_f_r.tif,g0_PIN,52,52,autolabel_v1.2,2560,1920,"[[605.4, 391.3], [1961.9, 890.0], [1593.5, 713.9], [1356.1, 663.1], [1170.9, 608.5], [1016.2, 547.3], [877.5, 489.8], [773.5, 438.0], [1512.1, 681.9], [1270.7, 636.5], [1089.4, 585.8], [1897.5, 1257.7], [1570.8, 1171.1], [1277.4, 1016.6], [1057.4, 868.6], [886.8, 728.6], [757.5, 618.0], [685.4, 524.6], [1908.1, 1336.6], [1606.7, 1266.0], [1413.5, 1208.5], [1082.7, 1063.3], [853.5, 923.3], [710.9, 793.8], [634.8, 659.2], [1559.8, 689.5], [1470.6, 726.1], [1408.0, 699.5], [1323.0, 638.5], [1235.8, 651.3], [1204.2, 622.7], [1142.0, 582.5], [1064.2, 572.7], [1038.6, 552.1], [993.3, 522.5], [948.4, 517.5], [909.6, 499.1], [865.7, 468.2], [832.2, 459.5], [800.9, 445.4], [766.9, 418.4], [740.6, 406.5], [712.3, 399.5], [686.2, 388.5], [657.3, 392.2], [630.6, 402.9], [1730.5, 1224.5], [1420.9, 1101.9], [1163.4, 950.4], [966.5, 805.5], [820.0, 679.0], [714.4, 574.4]]",
g0_PIN,Saw,rie_x072_f_l,,../g0/marked_images/BH/txt/RIE_X072_F_L_MARK_RDR.txt,images/rie_x072_f_l.tif,g0_PIN,52,52,autolabel_v1.2,2560,1920,"[[577.1, 471.9], [1925.0, 818.0], [1589.2, 705.3], [1341.1, 669.2], [1158.6, 627.9], [999.8, 581.2], [855.9, 535.9], [746.5, 497.2], [1495.9, 673.3], [1249.1, 645.2], [1078.4, 607.8], [1909.2, 1211.9], [1561.1, 1135.9], [1266.4, 1002.6], [1039.7, 874.4], [874.4, 761.2], [749.1, 665.3], [666.6, 587.9], [1929.1, 1286.5], [1591.8, 1215.8], [1401.2, 1202.4], [1101.1, 1073.2], [897.1, 953.1], [755.8, 827.8], [653.2, 694.5], [1542.7, 692.5], [1436.8, 705.7], [1371.1, 708.6], [1295.7, 658.2], [1203.3, 661.5], [1152.4, 657.9], [1117.6, 617.5], [1036.9, 607.5], [991.3, 604.8], [959.1, 572.6], [917.6, 560.1], [873.7, 559.5], [833.4, 532.9], [802.1, 518.6], [769.1, 510.5], [726.4, 495.5], [700.7, 480.5], [672.6, 473.5], [645.8, 461.3], [617.5, 455.0], [588.5, 455.0], [1730.6, 1184.6], [1410.2, 1077.0], [1152.3, 938.3], [953.4, 819.4], [809.9, 717.0], [708.3, 626.3]]",
g0_LEC,Saw,ag009_f3_r,,../g0/marked_images/RR/txt/AG009_F3_R_MARK_RDR.txt,images/ag009_f3_r.tif,g0_LEC,52,52,autolabel_v1.2,2560,1920,"[[401.5, 518.6], [2168.0, 882.0], [1827.5, 642.6], [1465.4, 620.6], [1203.5, 594.6], [1005.4, 584.5], [831.4, 562.4], [699.4, 538.4], [1705.4, 604.6], [1353.5, 598.5], [1101.5, 584.5], [2055.5, 1348.5], [1701.6, 1280.4], [1377.4, 1164.6], [1103.5, 1030.4], [877.5, 902.5], [713.5, 792.5], [589.4, 706.6], [2049.4, 1442.5], [1741.5, 1388.5], [1505.4, 1296.4], [1157.5, 1196.6], [893.4, 1078.6], [709.6, 968.4], [571.5, 878.5], [1774.2, 612.5], [1639.4, 667.1], [1547.7, 647.5], [1416.9, 601.4], [1317.2, 640.5], [1253.7, 632.2], [1152.1, 584.5], [1074.5, 618.0], [1030.2, 616.7], [960.7, 578.5], [915.3, 590.5], [869.6, 587.5], [797.4, 557.5], [761.7, 560.8], [727.5, 555.5], [655.6, 533.5], [611.9, 526.4], [571.8, 506.5], [525.9, 502.4], [482.2, 495.5], [439.2, 506.3], [1873.1, 1327.1], [1533.8, 1235.0], [1234.9, 1105.9], [987.0, 968.0], [795.1, 850.0], [649.0, 755.0]]",
g0_LEC,Saw,ag010_l,,../g0/marked_images/RR/txt/AG010_L_MARK_RDR.txt,images/ag010_l.tif,g0_LEC,52,52,autolabel_v1.2,2560,1920,"[[227.5, 428.5], [2068.0, 780.0], [1723.4, 522.5], [1371.4, 520.5], [1109.5, 512.5], [905.5, 496.5], [723.4, 470.6], [583.4, 450.5], [1611.5, 498.5], [1261.4, 510.6], [1009.5, 500.6], [1977.5, 1242.6], [1627.4, 1184.5], [1303.6, 1074.5], [1007.5, 932.6], [769.4, 810.5], [595.5, 712.6], [465.4, 626.6], [1979.4, 1336.6], [1661.4, 1282.6], [1395.4, 1202.4], [1059.4, 1118.6], [799.5, 1006.5], [599.4, 900.6], [453.5, 800.5], [1667.8, 511.5], [1525.8, 557.7], [1428.0, 556.5], [1312.4, 509.5], [1199.5, 542.0], [1121.5, 551.0], [1058.3, 500.2], [945.4, 524.1], [884.1, 557.6], [847.2, 488.5], [788.9, 496.5], [732.3, 510.5], [679.6, 467.5], [633.8, 468.5], [588.7, 475.5], [528.0, 444.5], [469.4, 442.5], [417.0, 419.5], [360.5, 408.5], [303.9, 395.5], [246.6, 394.5], [1798.0, 1224.0], [1463.6, 1134.0], [1154.8, 1006.8], [886.6, 872.6], [682.5, 761.0], [531.2, 667.2]]",
g0_LEC,Saw,ag024_f1_l,,../g0/marked_images/RR/txt/AG024_F1_L_MARK_RDR.txt,images/ag024_f1_l.tif,g0_LEC,52,52,autolabel_v1.2,2560,1920,"[[231.4, 572.6], [2119.9, 730.1], [1737.4, 538.4], [1351.5, 574.5], [1087.5, 594.6], [877.5, 598.5], [701.6, 588.6], [547.5, 576.5], [1599.4, 518.6], [1237.4, 572.6], [979.4, 602.6], [2079.5, 1226.4], [1717.5, 1194.4], [1347.4, 1104.6], [1037.6, 998.5], [785.4, 886.5], [593.5, 808.5], [459.6, 736.6], [2109.5, 1320.6], [1775.4, 1298.6], [1491.5, 1278.5], [1127.5, 1210.4], [835.5, 1102.6], [637.4, 1000.6], [477.5, 908.6], [1669.9, 524.5], [1506.4, 598.1], [1395.5, 634.0], [1294.6, 570.5], [1146.5, 626.5], [1070.9, 687.5], [1031.3, 594.5], [907.8, 632.5], [844.5, 669.5], [812.5, 603.5], [747.8, 616.5], [684.8, 635.5], [648.5, 594.5], [592.6, 598.5], [539.4, 611.1], [498.6, 579.5], [448.9, 579.5], [406.2, 573.7], [358.6, 562.1], [310.9, 555.5], [260.8, 548.5], [1889.9, 1219.9], [1527.3, 1161.0], [1192.8, 1050.8], [909.5, 943.0], [689.0, 847.0], [526.6, 776.0]]",
g0_LEC,Saw,ag028_r,,../g0/marked_images/RR/txt/AG028_R_MARK_RDR.txt,images/ag028_r.tif,g0_LEC,52,52,autolabel_v1.2,2560,1920,"[[205.5, 486.6], [2030.0, 820.0], [1659.4, 588.6], [1309.4, 560.5], [1041.5, 546.4], [839.4, 526.6], [669.4, 504.5], [519.4, 492.6], [1529.6, 556.6], [1183.4, 544.5], [925.4, 544.5], [1975.5, 1298.6], [1617.5, 1244.6], [1253.4, 1124.4], [963.5, 1000.6], [715.4, 862.6], [551.4, 766.6], [419.4, 682.6], [2007.5, 1398.4], [1683.4, 1350.4], [1405.5, 1284.5], [1041.5, 1180.6], [735.5, 1052.5], [545.6, 944.4], [395.4, 854.6], [1602.8, 565.5], [1482.0, 631.5], [1390.9, 604.4], [1247.4, 551.1], [1158.0, 601.5], [1087.4, 591.9], [982.7, 538.5], [898.2, 573.5], [860.8, 563.3], [785.6, 526.5], [735.5, 546.0], [686.4, 537.9], [628.2, 506.5], [587.2, 515.5], [546.8, 515.3], [474.0, 492.5], [426.4, 494.5], [383.5, 475.0], [335.8, 469.5], [289.4, 462.5], [243.9, 473.6], [1792.8, 1282.0], [1429.1, 1194.0], [1107.5, 1067.5], [835.7, 930.0], [633.0, 815.0], [484.6, 726.0]]",
g0_LEC,Saw,ag030_f1_l,,../g0/marked_images/RR/txt/AG030_F1_L_MARK_RDR.txt,images/ag030_f1_l.tif,g0_LEC,52,52,autolabel_v1.2,2560,1920,"[[151.5, 502.6], [1991.9, 852.0], [1621.4, 628.5], [1275.5, 624.4], [1021.6, 628.5], [815.4, 612.6], [637.4, 584.5], [483.6, 552.5], [1519.4, 608.5], [1157.5, 612.6], [899.5, 626.6], [1911.4, 1312.4], [1565.4, 1272.4], [1211.5, 1168.5], [915.5, 1048.6], [683.4, 910.5], [499.6, 808.5], [367.5, 708.5], [1933.4, 1424.6], [1597.4, 1388.5], [1333.4, 1350.4], [997.4, 1272.4], [679.5, 1136.5], [473.4, 1016.6], [327.6, 906.6], [1571.9, 620.4], [1431.5, 661.0], [1332.4, 668.5], [1218.3, 618.5], [1103.0, 652.5], [1035.7, 662.5], [958.4, 622.5], [847.3, 639.2], [788.9, 650.4], [754.3, 606.5], [691.2, 611.3], [628.7, 619.5], [587.4, 580.5], [535.8, 578.5], [484.7, 581.5], [430.5, 543.5], [374.7, 538.5], [339.8, 513.5], [284.8, 504.5], [233.6, 486.5], [179.8, 480.5], [1733.9, 1301.0], [1378.6, 1235.0], [1063.1, 1111.1], [799.8, 975.8], [590.8, 862.8], [432.8, 760.0]]",
g0_LEC,Saw,ag031_r,,../g0/marked_images/RR/txt/AG031_R_MARK_RDR.txt,images/ag031_r.tif,g0_LEC,52,52,autolabel_v1.2,2560,1920,"[[275.5, 474.5], [2049.9, 829.9], [1691.4, 630.5], [1343.5, 616.4], [1081.4, 606.5], [883.5, 582.5], [715.4, 552.5], [569.6, 512.5], [1567.4, 600.5], [1225.5, 598.5], [983.6, 602.6], [1955.4, 1320.6], [1587.5, 1268.5], [1235.5, 1148.4], [963.5, 1018.6], [743.5, 894.5], [579.5, 780.4], [453.5, 680.6], [1983.5, 1434.5], [1633.5, 1382.4], [1347.4, 1324.5], [1021.6, 1220.6], [723.4, 1090.5], [529.6, 976.4], [401.5, 872.5], [1633.7, 606.5], [1526.5, 676.0], [1427.8, 662.5], [1284.6, 604.5], [1199.4, 652.5], [1128.3, 648.5], [1031.1, 599.5], [950.4, 627.5], [904.5, 623.7], [838.9, 577.6], [792.0, 586.5], [745.2, 587.5], [677.8, 544.5], [637.1, 547.5], [600.0, 533.5], [527.1, 506.5], [483.9, 494.4], [445.2, 472.5], [399.9, 465.4], [356.1, 454.5], [312.8, 464.5], [1762.3, 1308.0], [1406.7, 1220.0], [1096.2, 1090.2], [852.7, 957.7], [659.7, 838.7], [511.7, 735.7]]",
g0_PIN,Saw,ag039_f1_r,,../g0/marked_images/RR/txt/AG039_F1_R_MARK_RDR.txt,images/ag039_f1_r.tif,g0_PIN,52,52,autolabel_v1.2,2560,1920,"[[651.5, 448.6], [2076.0, 836.0], [1723.4, 696.6], [1471.4, 664.6], [1285.4, 624.4], [1127.5, 586.6], [977.5, 540.6], [851.5, 488.5], [1649.5, 670.5], [1391.5, 638.5], [1207.4, 610.6], [2030.4, 1202.4], [1694.4, 1125.5], [1411.4, 1010.6], [1176.5, 872.5], [991.5, 749.5], [856.5, 660.5], [764.5, 589.4], [2050.5, 1280.4], [1735.5, 1212.6], [1540.4, 1191.6], [1224.5, 1062.4], [1009.5, 938.6], [856.5, 825.6], [751.5, 699.6], [1691.6, 682.5], [1617.0, 725.5], [1537.2, 705.7], [1434.5, 649.0], [1368.4, 672.5], [1325.5, 651.0], [1248.4, 611.5], [1180.8, 619.3], [1153.1, 602.6], [1092.6, 571.5], [1049.4, 572.5], [1011.1, 557.6], [953.9, 523.5], [916.5, 518.0], [881.5, 504.5], [829.1, 473.6], [798.0, 468.5], [770.8, 453.3], [740.0, 445.5], [708.3, 445.5], [678.8, 456.5], [1858.2, 1173.2], [1549.9, 1074.9], [1293.7, 942.0], [1082.6, 815.6], [926.8, 702.0], [807.9, 629.9]]",
g0_PIN,Saw,ag045_f2_l,,../g0/marked_images/RR/txt/AG045_F2_L_MARK_RDR.txt,images/ag045_f2_l.tif,g0_PIN,52,52,autolabel_v1.2,2560,1920,"[[751.5, 418.5], [2117.9, 842.0], [1762.5, 690.6], [1533.4, 664.6], [1343.5, 607.6], [1188.4, 557.5], [1049.5, 513.6], [932.6, 464.6], [1678.4, 656.6], [1443.6, 626.6], [1276.5, 588.6], [2066.5, 1234.6], [1726.4, 1144.5], [1446.4, 996.5], [1221.4, 860.6], [1054.4, 743.5], [945.5, 649.5], [859.5, 564.6], [2083.3, 1318.5], [1789.5, 1255.6], [1573.4, 1197.5], [1267.5, 1061.6], [1064.6, 923.5], [932.6, 811.6], [841.4, 691.6], [1721.7, 673.2], [1617.1, 688.4], [1550.9, 702.5], [1489.8, 644.5], [1393.6, 643.5], [1339.4, 643.9], [1310.1, 593.5], [1234.3, 589.5], [1188.4, 587.9], [1148.2, 546.5], [1104.4, 541.1], [1059.4, 537.9], [1015.9, 502.4], [980.6, 491.1], [942.9, 485.5], [908.5, 457.5], [882.5, 443.5], [854.3, 434.8], [829.9, 418.4], [802.7, 411.2], [773.7, 408.5], [1891.0, 1203.0], [1582.7, 1079.0], [1333.2, 928.2], [1137.3, 802.3], [998.8, 697.8], [900.9, 609.9]]",
g0_PIN,Saw,ag060_f5_r,,../g0/marked_images/RR/txt/AG060_F5_R_MARK_RDR.txt,images/ag060_f5_r.tif,g0_PIN,52,52,autolabel_v1.2,2560,1920,"[[485.7, 463.3], [1890.0, 854.1], [1531.5, 698.6], [1280.4, 673.5], [1083.4, 619.5], [927.4, 575.6], [777.9, 527.2], [667.2, 491.1], [1439.5, 670.5], [1184.5, 640.4], [1008.4, 599.6], [1894.1, 1194.2], [1536.7, 1131.6], [1231.4, 1011.4], [990.0, 878.1], [816.7, 770.3], [686.2, 674.1], [588.8, 595.5], [1904.9, 1270.3], [1611.5, 1234.2], [1383.5, 1203.5], [1042.1, 1078.2], [807.5, 947.5], [667.4, 839.4], [567.4, 715.6], [1492.0, 678.5], [1404.6, 714.5], [1336.3, 694.8], [1242.4, 647.5], [1158.4, 658.9], [1122.5, 634.2], [1057.6, 600.5], [981.4, 602.9], [953.0, 584.5], [895.2, 559.5], [849.1, 558.5], [809.1, 538.6], [755.1, 512.4], [721.2, 507.5], [690.8, 494.3], [653.2, 472.7], [624.3, 465.5], [596.1, 458.6], [568.5, 451.0], [539.7, 456.5], [512.1, 464.5], [1710.0, 1177.0], [1382.5, 1075.0], [1108.5, 945.0], [901.5, 828.5], [749.6, 726.6], [636.0, 637.6]]",
g0_PIN,Saw,ag064_l,,../g0/marked_images/RR/txt/AG064_L_MARK_RDR.txt,images/ag064_l.tif,g0_PIN,52,52,autolabel_v1.2,2560,1920,"[[562.4, 505.6], [1934.9, 699.0], [1591.4, 616.4], [1341.4, 620.6], [1144.5, 589.4], [979.4, 564.6], [838.6, 540.6], [720.4, 517.5], [1495.4, 592.5], [1247.4, 592.5], [1073.4, 569.6], [1950.5, 1076.5], [1612.5, 1007.5], [1320.4, 901.4], [1082.5, 798.6], [893.4, 716.5], [766.4, 652.5], [673.5, 603.5], [1978.3, 1158.6], [1642.3, 1076.5], [1467.5, 1112.5], [1136.5, 988.5], [915.5, 895.6], [788.4, 796.4], [684.5, 691.6], [1545.2, 600.5], [1443.5, 616.0], [1389.9, 631.5], [1297.1, 600.6], [1203.6, 602.5], [1159.1, 610.5], [1111.2, 575.5], [1030.1, 575.4], [989.4, 583.5], [943.5, 554.5], [901.3, 550.5], [859.3, 555.2], [815.4, 537.5], [781.2, 526.7], [743.7, 527.5], [702.0, 516.5], [678.2, 507.5], [652.0, 506.5], [628.3, 497.5], [602.5, 495.5], [577.5, 493.5], [1780.2, 1045.2], [1460.8, 955.8], [1201.8, 849.0], [993.0, 750.0], [829.4, 687.0], [720.9, 621.9]]",
g0_PIN,Saw,ag067_l,,../g0/marked_images/RR/txt/AG067_L_MARK_RDR.txt,images/ag067_l.tif,g0_PIN,52,52,autolabel_v1.2,2560,1920,"[[578.4, 520.5], [1955.0, 874.0], [1596.5, 762.5], [1359.5, 727.5], [1177.4, 684.5], [1017.5, 636.5], [878.5, 589.4], [755.4, 547.5], [1501.5, 726.4], [1259.5, 700.5], [1091.4, 666.6], [1935.3, 1276.5], [1587.5, 1187.5], [1292.5, 1044.5], [1069.5, 909.4], [898.4, 800.5], [780.4, 715.6], [690.6, 647.6], [1942.5, 1350.4], [1621.4, 1278.5], [1420.4, 1251.5], [1114.5, 1121.6], [897.6, 995.4], [778.5, 883.5], [684.5, 759.5], [1548.9, 744.4], [1440.5, 759.7], [1374.7, 769.5], [1308.0, 716.5], [1215.5, 715.0], [1169.3, 713.5], [1134.3, 674.5], [1049.4, 667.5], [1008.4, 665.9], [974.0, 630.5], [927.5, 622.5], [881.0, 616.5], [843.9, 587.5], [806.7, 575.5], [768.5, 571.0], [737.1, 552.6], [712.0, 539.5], [683.2, 535.5], [658.5, 521.5], [630.6, 515.1], [602.4, 511.5], [1757.3, 1241.3], [1436.3, 1122.0], [1164.2, 972.2], [982.2, 860.0], [837.1, 763.1], [732.4, 684.4]]",
g0_LEC,Saw,ag111_r,,../g0/marked_images/RR/txt/AG111_R_MARK_RDR.txt,images/ag111_r.tif,g0_LEC,52,52,autolabel_v1.2,2560,1920,"[[171.6, 533.3], [2119.9, 788.0], [1734.2, 607.8], [1364.7, 623.8], [1075.4, 610.6], [868.8, 603.9], [678.2, 581.2], [528.7, 562.4], [1614.0, 583.8], [1239.4, 599.8], [964.8, 605.2], [2051.4, 1274.6], [1683.4, 1255.8], [1326.0, 1166.6], [1018.1, 1055.9], [758.2, 939.9], [567.4, 839.9], [424.8, 754.5], [2071.5, 1366.4], [1714.1, 1347.8], [1483.5, 1302.5], [1124.9, 1245.2], [795.6, 1149.3], [570.2, 1038.4], [395.4, 931.9], [1675.6, 591.5], [1560.4, 670.1], [1456.8, 655.5], [1309.3, 604.5], [1208.9, 660.5], [1135.2, 645.7], [1021.2, 608.5], [948.1, 646.4], [895.4, 648.9], [816.6, 596.9], [764.5, 614.0], [711.5, 622.5], [637.7, 581.5], [597.9, 592.6], [558.7, 590.2], [475.6, 563.5], [423.5, 550.5], [374.2, 531.7], [321.0, 523.5], [268.9, 516.6], [216.4, 520.5], [1866.4, 1271.0], [1503.5, 1214.0], [1169.2, 1115.0], [878.8, 987.8], [660.5, 884.5], [497.4, 794.0]]",
g0_LEC,Saw,ag188_r,,../g0/marked_images/RR/txt/AG188_R_MARK_RDR.txt,images/ag188_r.tif,g0_LEC,52,52,autolabel_v1.2,2560,1920,"[[208.7, 403.0], [1996.9, 788.0], [1626.1, 553.8], [1290.2, 544.5], [1046.2, 531.1], [851.5, 519.2], [680.8, 492.6], [532.8, 456.6], [1527.4, 524.6], [1191.4, 533.9], [952.9, 529.8], [1900.8, 1258.8], [1562.2, 1205.5], [1231.4, 1089.4], [956.8, 968.2], [739.4, 832.3], [555.5, 714.8], [418.1, 618.8], [1920.9, 1350.9], [1614.0, 1298.8], [1343.5, 1223.0], [1015.5, 1128.1], [726.2, 1013.6], [524.8, 898.9], [375.5, 786.9], [1587.7, 532.5], [1471.6, 603.5], [1375.0, 586.5], [1243.2, 534.5], [1157.7, 589.8], [1084.3, 589.8], [999.7, 527.5], [913.6, 568.9], [871.5, 574.7], [804.3, 517.5], [758.2, 530.3], [710.3, 528.5], [641.1, 487.5], [599.7, 492.5], [562.0, 482.5], [484.7, 451.5], [437.9, 437.5], [395.1, 413.6], [345.0, 407.5], [299.5, 391.5], [250.6, 398.5], [1721.9, 1240.9], [1392.4, 1153.4], [1090.5, 1029.0], [848.2, 902.2], [643.6, 780.0], [483.4, 669.4]]",
g0_LEC,Saw,nl073_f2_l,,../g0/marked_images/RR/txt/NL073_F2_L_MARK_RDR.txt,images/nl073_f2_l.tif,g0_LEC,52,52,autolabel_v1.2,2560,1920,"[[145.4, 414.6], [2017.9, 704.0], [1641.5, 496.5], [1269.4, 506.5], [1011.4, 496.5], [803.6, 468.4], [623.6, 450.5], [479.5, 434.5], [1501.5, 474.5], [1151.4, 490.5], [909.4, 480.5], [1973.4, 1202.4], [1591.4, 1164.6], [1227.5, 1064.6], [941.4, 946.6], [685.4, 810.5], [501.5, 710.4], [373.6, 620.6], [2009.5, 1300.5], [1651.4, 1264.4], [1349.4, 1212.6], [1025.5, 1134.6], [723.4, 1002.6], [511.4, 900.6], [347.4, 798.6], [1572.4, 489.5], [1421.6, 540.9], [1320.8, 525.5], [1210.1, 495.6], [1081.3, 525.5], [1002.9, 545.6], [960.9, 489.5], [846.2, 510.3], [785.6, 526.5], [743.2, 464.7], [683.2, 479.5], [623.1, 494.5], [577.8, 452.5], [531.0, 458.5], [484.6, 463.5], [425.8, 431.5], [370.1, 434.5], [330.3, 408.5], [275.0, 404.5], [224.8, 385.5], [170.3, 383.5], [1777.9, 1193.0], [1403.6, 1125.0], [1082.9, 1008.9], [803.7, 875.7], [590.9, 764.9], [434.2, 670.0]]",
g0_LEC,Saw,nl074_f6_l,,../g0/marked_images/RR/txt/NL074_F6_L_MARK_RDR.txt,images/nl074_f6_l.tif,g0_LEC,52,52,autolabel_v1.2,2560,1920,"[[257.6, 448.6], [2023.9, 882.0], [1671.5, 636.5], [1339.4, 614.5], [1085.5, 590.5], [875.5, 564.6], [709.6, 536.5], [565.5, 498.5], [1567.4, 610.6], [1241.5, 594.6], [1001.5, 588.6], [1903.4, 1330.6], [1579.5, 1256.4], [1251.5, 1130.5], [979.4, 988.5], [757.5, 854.6], [575.4, 742.6], [461.5, 654.5], [1923.5, 1418.5], [1617.5, 1364.5], [1343.5, 1282.6], [1015.5, 1180.6], [763.4, 1044.5], [573.4, 930.6], [437.5, 826.5], [1620.1, 624.5], [1487.7, 657.8], [1398.1, 647.5], [1292.5, 604.0], [1174.0, 630.5], [1098.9, 628.6], [1040.7, 583.5], [915.9, 600.6], [857.0, 647.5], [815.5, 560.5], [752.3, 563.5], [694.0, 576.5], [663.2, 532.5], [617.4, 526.9], [571.0, 528.5], [516.4, 496.5], [466.0, 488.5], [420.9, 466.5], [371.4, 454.5], [324.9, 434.5], [274.4, 424.1], [1738.2, 1300.2], [1412.4, 1200.4], [1114.2, 1060.2], [868.4, 919.4], [666.1, 800.1], [517.7, 699.7]]",
g0_LEC,Saw,nl076_f1_r,,../g0/marked_images/BH/txt/NL076_F1_R_MARK_RDR.txt,images/nl076_f1_r.tif,g0_LEC,52,52,autolabel_v1.2,2560,1920,"[[288.5, 484.6], [2019.0, 811.1], [1688.4, 602.0], [1344.4, 585.8], [1089.9, 575.2], [889.8, 567.2], [720.4, 545.8], [572.6, 521.8], [1559.2, 573.9], [1229.9, 581.9], [988.5, 575.2], [1935.1, 1301.8], [1603.0, 1231.2], [1255.2, 1123.1], [988.5, 1004.5], [765.8, 881.8], [592.5, 771.2], [467.1, 680.6], [1944.4, 1380.9], [1633.7, 1323.4], [1379.2, 1258.2], [1068.5, 1166.1], [792.5, 1043.6], [600.5, 932.8], [455.5, 840.9], [1632.4, 578.5], [1507.2, 643.3], [1420.5, 625.0], [1291.0, 577.5], [1192.5, 623.0], [1131.3, 615.8], [1038.5, 573.5], [966.5, 610.0], [918.5, 608.0], [844.7, 569.5], [800.1, 582.5], [754.7, 577.2], [681.4, 542.5], [641.9, 548.5], [604.9, 536.5], [535.9, 512.5], [493.7, 503.2], [455.8, 481.5], [411.8, 476.5], [369.0, 468.5], [326.3, 476.5], [1768.0, 1269.0], [1428.6, 1176.0], [1120.1, 1066.0], [875.8, 947.0], [678.7, 827.0], [527.8, 728.0]]",
g0_LEC,Saw,nl086_f1_r,,../g0/marked_images/BH/txt/NL086_F1_R_MARK_RDR.txt,images/nl086_f1_r.tif,g0_LEC,52,52,autolabel_v1.2,2560,1920,"[[181.5, 490.5], [2047.9, 844.0], [1657.5, 626.6], [1307.4, 618.6], [1045.6, 596.6], [821.5, 572.6], [645.4, 540.6], [489.4, 516.6], [1529.6, 594.6], [1189.5, 602.6], [939.5, 596.6], [1959.5, 1342.4], [1583.4, 1272.4], [1229.4, 1160.5], [925.4, 1024.6], [687.5, 890.4], [501.5, 776.6], [369.5, 678.5], [1981.4, 1430.6], [1615.6, 1376.6], [1353.5, 1326.5], [995.4, 1210.4], [687.5, 1082.5], [483.6, 972.5], [347.4, 878.5], [1600.6, 601.9], [1485.4, 663.5], [1392.2, 649.5], [1248.2, 603.5], [1154.1, 647.5], [1085.4, 637.5], [992.3, 591.5], [896.3, 618.5], [846.1, 614.6], [767.3, 570.5], [713.6, 585.5], [661.9, 574.4], [604.4, 540.5], [561.4, 545.5], [520.7, 541.2], [444.7, 508.5], [397.6, 500.1], [357.0, 477.5], [309.4, 472.5], [263.4, 461.5], [218.1, 474.4], [1767.8, 1314.0], [1402.4, 1226.0], [1073.8, 1100.8], [804.6, 960.6], [593.9, 834.9], [433.8, 729.0]]",
g0_LEC,Saw,nl090_l,,../g0/marked_images/GK/txt/NL090_L_MARK_RDR.txt,images/nl090_l.tif,g0_LEC,52,52,autolabel_v1.2,2560,1920,"[[239.2, 365.6], [2112.9, 791.0], [1752.5, 534.8], [1384.4, 536.3], [1120.5, 508.2], [912.5, 486.8], [724.5, 453.5], [580.6, 414.9], [1623.1, 506.9], [1291.2, 520.3], [1011.2, 500.2], [1995.2, 1264.2], [1655.1, 1196.2], [1303.1, 1069.5], [1004.5, 916.1], [777.9, 780.2], [591.2, 662.9], [452.5, 573.5], [2014.2, 1357.6], [1684.7, 1305.5], [1414.8, 1249.5], [1076.0, 1141.5], [772.2, 994.8], [577.6, 866.9], [434.1, 755.2], [1687.4, 521.9], [1537.8, 582.7], [1428.9, 590.6], [1337.4, 523.5], [1236.5, 563.3], [1133.8, 576.3], [1067.1, 504.5], [944.9, 530.6], [885.3, 544.8], [851.4, 478.5], [789.2, 486.3], [726.0, 499.5], [676.8, 448.3], [625.7, 447.5], [577.6, 447.5], [529.6, 406.5], [472.4, 401.9], [427.3, 375.8], [372.1, 364.5], [320.0, 345.5], [265.4, 334.5], [1819.7, 1243.0], [1475.3, 1140.3], [1154.0, 993.0], [890.3, 846.3], [685.8, 715.8], [521.2, 620.2]]",
g0_LEC,Saw,nl095_f2_r,,../g0/marked_images/GK/txt/NL095_F2_R_MARK_RDR.txt,images/nl095_f2_r.tif,g0_LEC,52,52,autolabel_v1.2,2560,1920,"[[237.5, 399.9], [2062.0, 762.1], [1696.1, 498.5], [1338.8, 493.3], [1090.7, 483.8], [884.2, 465.2], [708.1, 443.8], [558.8, 421.1], [1580.1, 478.6], [1237.4, 479.9], [990.9, 481.2], [1982.9, 1207.8], [1633.5, 1167.9], [1296.2, 1065.2], [994.8, 926.5], [765.5, 806.6], [589.4, 693.2], [450.7, 602.6], [2018.7, 1293.2], [1666.8, 1257.1], [1418.7, 1189.3], [1084.2, 1105.2], [768.1, 977.3], [580.1, 870.5], [430.8, 783.9], [1639.2, 483.5], [1524.8, 551.5], [1425.9, 532.5], [1289.5, 484.5], [1206.7, 530.8], [1138.3, 529.5], [1039.2, 480.5], [958.0, 514.5], [908.2, 512.5], [833.2, 465.3], [785.4, 483.1], [734.9, 484.4], [667.5, 443.5], [627.6, 453.5], [587.2, 448.7], [509.1, 420.5], [461.1, 414.5], [419.8, 390.5], [370.6, 383.1], [322.0, 376.5], [274.8, 382.5], [1804.5, 1196.0], [1464.8, 1116.0], [1142.1, 1001.1], [880.5, 867.0], [674.1, 754.1], [518.2, 652.2]]",
g0_UNK,Saw,np085_f2_l,,../g0/marked_images/BH/txt/NP085_F2_L_MARK_RDR.txt,images/np085_f2_l.tif,g0_UNK,52,52,autolabel_v1.2,2560,1920,"[[275.5, 468.9], [2055.9, 738.1], [1695.5, 527.6], [1355.4, 527.6], [1111.5, 518.1], [907.5, 510.1], [730.1, 486.2], [579.5, 474.3], [1579.5, 499.6], [1254.1, 514.2], [1014.2, 511.4], [1978.1, 1175.4], [1639.5, 1128.8], [1296.9, 1028.9], [1011.4, 908.8], [784.8, 804.9], [618.2, 719.5], [484.9, 635.5], [1998.2, 1262.3], [1666.1, 1222.1], [1435.4, 1172.8], [1096.8, 1082.3], [812.9, 967.6], [624.9, 871.6], [486.2, 791.5], [1638.0, 515.5], [1501.7, 564.5], [1398.4, 558.5], [1306.2, 520.5], [1188.3, 553.5], [1111.3, 559.5], [1064.4, 514.5], [949.7, 534.8], [884.9, 560.4], [842.2, 506.5], [776.5, 512.0], [715.5, 528.5], [680.6, 490.5], [630.4, 490.5], [582.2, 499.5], [531.0, 473.5], [480.5, 470.5], [432.6, 457.1], [384.0, 447.5], [334.8, 437.3], [287.2, 437.5], [1806.9, 1157.0], [1466.1, 1085.1], [1150.6, 973.0], [897.6, 856.6], [701.7, 755.7], [553.9, 679.9]]",
g0_PIN,Saw,np145_f6_l,,../g0/marked_images/BH/txt/NP145_F6_L_MARK_RDR.txt,images/np145_f6_l.tif,g0_PIN,52,52,autolabel_v1.2,2560,1920,"[[474.5, 466.3], [1963.9, 869.0], [1589.2, 692.9], [1330.6, 653.0], [1117.1, 596.8], [933.2, 558.1], [777.2, 519.4], [655.8, 489.0], [1494.6, 661.0], [1229.2, 614.3], [1015.7, 568.9], [1926.5, 1242.2], [1565.2, 1151.4], [1266.4, 1023.5], [1013.2, 880.9], [810.5, 758.2], [679.8, 661.0], [579.7, 578.2], [1933.2, 1320.8], [1610.4, 1252.8], [1374.4, 1224.9], [1055.7, 1074.1], [830.6, 947.5], [682.6, 830.1], [563.7, 686.2], [1545.3, 675.8], [1428.7, 689.5], [1355.7, 690.5], [1281.5, 636.0], [1171.9, 635.5], [1106.6, 635.1], [1065.5, 585.5], [972.0, 580.5], [926.0, 584.5], [890.1, 547.6], [844.6, 539.9], [798.4, 540.5], [757.7, 520.2], [723.6, 506.5], [688.0, 498.5], [633.3, 484.8], [605.6, 470.5], [576.1, 464.5], [547.3, 452.8], [516.4, 447.9], [484.6, 447.5], [1740.5, 1208.0], [1413.2, 1094.0], [1138.2, 956.2], [904.9, 828.0], [743.2, 715.2], [628.1, 616.1]]",
g0_PIN,Saw,np173_l,,../g0/marked_images/BH/txt/NP173_L_MARK_RDR.txt,images/np173_l.tif,g0_PIN,52,52,autolabel_v1.2,2560,1920,"[[557.5, 440.1], [2003.0, 796.0], [1630.7, 661.6], [1370.7, 621.6], [1176.1, 583.0], [1006.9, 550.8], [858.9, 506.9], [724.1, 472.1], [1529.6, 621.6], [1278.7, 592.2], [1097.4, 569.6], [1977.5, 1137.6], [1644.1, 1086.8], [1332.1, 969.5], [1080.1, 846.8], [885.5, 734.9], [749.5, 634.8], [660.1, 561.6], [1989.4, 1216.3], [1686.9, 1172.2], [1457.4, 1146.9], [1140.2, 1041.5], [905.5, 922.8], [748.3, 804.2], [644.1, 664.2], [1581.3, 643.5], [1470.1, 654.4], [1402.9, 652.5], [1325.2, 609.7], [1234.9, 613.5], [1182.3, 616.5], [1134.3, 575.5], [1054.6, 572.5], [1011.1, 578.5], [960.6, 541.5], [911.8, 535.5], [863.0, 533.5], [821.5, 502.5], [782.5, 493.5], [742.2, 489.5], [702.7, 465.2], [677.5, 456.5], [651.1, 450.6], [627.7, 437.5], [601.3, 433.5], [574.6, 430.5], [1806.8, 1122.0], [1483.3, 1036.0], [1205.6, 909.6], [979.9, 796.9], [814.4, 689.0], [705.5, 596.5]]",
g0_PIN,Saw,np174_f2_r,,../g0/marked_images/BH/txt/NP174_F2_R_MARK_RDR.txt,images/np174_f2_r.tif,g0_PIN,52,52,autolabel_v1.2,2560,1920,"[[567.8, 474.3], [1952.8, 930.0], [1611.9, 763.2], [1353.0, 708.5], [1159.9, 653.8], [998.5, 608.9], [850.5, 555.5], [739.8, 510.1], [1509.0, 719.3], [1265.1, 673.9], [1073.2, 643.5], [1929.1, 1276.5], [1586.4, 1197.9], [1293.2, 1064.6], [1047.7, 913.8], [874.4, 795.1], [755.2, 689.9], [660.5, 599.2], [1943.8, 1352.0], [1626.4, 1283.9], [1422.4, 1251.9], [1090.5, 1110.6], [873.1, 977.3], [734.4, 852.0], [651.2, 707.6], [1575.3, 726.5], [1474.9, 772.5], [1408.8, 740.3], [1323.2, 680.5], [1241.1, 707.4], [1196.2, 681.7], [1124.1, 638.5], [1045.5, 634.5], [1021.5, 616.0], [968.9, 592.5], [921.4, 587.5], [882.5, 563.0], [831.3, 537.5], [796.9, 531.4], [766.5, 515.0], [732.0, 492.5], [703.8, 483.5], [675.7, 478.2], [648.7, 466.2], [619.6, 471.5], [591.8, 479.7], [1753.7, 1246.7], [1436.8, 1137.8], [1169.1, 993.1], [959.2, 855.2], [811.4, 747.4], [705.0, 649.7]]",
g0_UNK,Saw,np184_f1_l,,../g0/marked_images/BH/txt/NP184_F1_L_MARK_RDR.txt,images/np184_f1_l.tif,g0_UNK,52,52,autolabel_v1.2,2560,1920,"[[548.2, 378.1], [2068.0, 836.8], [1674.8, 679.5], [1409.4, 651.5], [1196.2, 607.6], [1026.8, 548.8], [868.2, 482.3], [744.1, 430.2], [1565.4, 647.6], [1308.1, 623.6], [1104.1, 583.6], [2024.1, 1198.1], [1657.5, 1104.8], [1326.9, 970.2], [1084.2, 826.3], [878.8, 703.5], [748.3, 604.8], [658.8, 515.5], [2049.4, 1278.3], [1674.8, 1182.1], [1481.4, 1222.1], [1145.4, 1102.2], [893.4, 947.5], [748.3, 800.8], [640.2, 626.2], [1621.0, 660.5], [1503.3, 693.2], [1427.0, 698.5], [1359.7, 639.5], [1254.3, 652.5], [1200.0, 641.5], [1149.5, 596.5], [1061.2, 590.3], [1015.5, 583.0], [978.1, 538.5], [925.0, 531.5], [874.9, 521.4], [832.3, 472.5], [793.3, 459.5], [752.3, 451.5], [717.7, 419.2], [689.2, 406.5], [658.3, 399.8], [633.2, 380.5], [602.9, 372.5], [571.7, 368.5], [1837.2, 1162.0], [1490.0, 1042.0], [1202.9, 904.0], [976.2, 772.0], [807.2, 662.2], [699.0, 566.0]]",
g0_PIN,Saw,np190_f4_l,,../g0/marked_images/BH/txt/NP190_F4_L_MARK_RDR.txt,images/np190_f4_l.tif,g0_PIN,52,52,autolabel_v1.2,2560,1920,"[[553.8, 462.2], [2025.0, 817.0], [1688.4, 700.9], [1440.5, 659.4], [1247.2, 614.3], [1085.8, 575.6], [933.9, 538.2], [808.5, 508.8], [1588.5, 667.4], [1341.8, 628.8], [1160.5, 596.8], [2007.1, 1183.4], [1663.1, 1119.5], [1359.1, 1012.9], [1125.7, 896.9], [941.8, 790.2], [803.1, 698.1], [708.5, 616.9], [2031.1, 1262.3], [1715.2, 1211.5], [1517.9, 1184.9], [1224.5, 1087.5], [972.5, 983.6], [803.1, 884.8], [691.2, 767.5], [1638.4, 685.9], [1527.4, 703.1], [1454.7, 701.5], [1390.5, 648.0], [1295.1, 647.5], [1240.3, 644.8], [1204.4, 603.5], [1115.5, 601.5], [1069.9, 598.4], [1038.0, 564.5], [988.6, 557.5], [937.2, 559.5], [899.0, 532.5], [863.3, 525.5], [826.4, 523.5], [772.2, 498.5], [732.7, 489.5], [695.5, 474.5], [656.8, 463.5], [619.1, 449.5], [577.1, 446.5], [1830.8, 1161.0], [1509.1, 1071.0], [1240.9, 957.9], [1031.2, 848.2], [870.3, 748.3], [749.3, 665.0]]",
g0_PIN,Saw,np192_f3_r,,../g0/marked_images/GK/txt/NP192_F3_R_MARK_RDR.txt,images/np192_f3_r.tif,g0_PIN,52,52,autolabel_v1.2,2560,1920,"[[593.5, 400.8], [2049.9, 793.0], [1712.1, 679.5], [1452.2, 623.6], [1249.5, 586.2], [1078.8, 542.1], [934.7, 495.5], [821.5, 455.5], [1612.1, 645.0], [1358.9, 600.9], [1158.8, 563.5], [2081.4, 1194.2], [1740.0, 1158.1], [1385.4, 1032.8], [1134.8, 890.2], [953.5, 762.3], [817.4, 654.3], [725.6, 564.8], [2112.1, 1259.5], [1818.9, 1242.2], [1498.9, 1167.4], [1212.2, 1088.8], [972.1, 950.3], [798.8, 833.0], [694.9, 716.9], [1669.5, 651.5], [1570.7, 692.5], [1505.1, 665.6], [1407.4, 608.5], [1333.2, 631.5], [1290.1, 608.6], [1211.7, 567.5], [1130.4, 567.5], [1102.3, 550.8], [1047.8, 527.5], [1004.6, 523.5], [967.2, 504.7], [915.2, 479.7], [881.6, 472.5], [849.7, 461.2], [805.3, 433.5], [770.3, 418.8], [733.7, 406.5], [697.0, 394.5], [659.0, 393.5], [622.7, 404.5], [1908.7, 1180.7], [1557.4, 1106.0], [1255.2, 972.2], [1042.5, 831.5], [881.9, 713.9], [772.2, 611.2]]",
g0_PIN,Saw,np193_f9_l,,../g0/marked_images/GK/txt/NP193_F9_L_MARK_RDR.txt,images/np193_f9_l.tif,g0_PIN,52,52,autolabel_v1.2,2560,1920,"[[452.9, 492.6], [1947.9, 786.9], [1563.5, 688.6], [1298.1, 661.8], [1088.8, 626.0], [918.1, 594.0], [771.6, 561.8], [644.8, 525.9], [1475.5, 659.2], [1211.5, 641.9], [1010.1, 612.6], [1954.1, 1200.5], [1574.1, 1155.1], [1252.8, 1041.9], [988.7, 920.5], [782.2, 801.8], [654.0, 707.2], [555.5, 636.5], [2055.5, 1279.1], [1647.5, 1245.9], [1400.8, 1211.3], [1075.4, 1108.4], [832.7, 988.5], [671.5, 885.9], [550.1, 760.6], [1518.8, 675.3], [1405.3, 703.5], [1320.8, 707.5], [1255.7, 653.2], [1153.0, 662.5], [1089.9, 663.5], [1049.5, 619.0], [964.9, 619.5], [919.4, 627.5], [875.9, 590.5], [829.2, 585.5], [783.7, 587.5], [747.5, 563.0], [702.2, 549.7], [652.8, 548.5], [619.3, 523.8], [592.1, 512.5], [561.8, 510.5], [536.2, 495.5], [507.4, 489.9], [478.6, 484.5], [1760.8, 1189.0], [1408.7, 1109.7], [1116.6, 983.0], [888.4, 856.4], [719.3, 750.0], [607.2, 668.2]]",
g0_PIN,Saw,np197_f6_r,,../g0/marked_images/GK/txt/NP197_F6_R_MARK_RDR.txt,images/np197_f6_r.tif,g0_PIN,52,52,autolabel_v1.2,2560,1920,"[[626.4, 373.6], [2071.9, 875.9], [1709.1, 706.8], [1441.2, 649.5], [1246.5, 591.0], [1073.2, 525.5], [922.4, 477.5], [811.8, 428.3], [1597.2, 657.5], [1335.7, 608.2], [1153.2, 561.6], [2043.8, 1236.1], [1687.7, 1146.9], [1363.8, 1006.9], [1126.4, 861.5], [941.2, 721.5], [811.8, 605.4], [721.2, 518.8], [2059.8, 1313.5], [1707.8, 1221.4], [1513.1, 1212.2], [1182.6, 1064.1], [933.2, 932.1], [783.9, 784.1], [691.9, 626.8], [1663.3, 672.5], [1562.1, 706.5], [1495.2, 690.5], [1395.9, 622.6], [1316.1, 640.5], [1277.5, 620.0], [1205.9, 567.5], [1124.3, 564.8], [1098.4, 542.9], [1037.4, 511.5], [994.1, 506.5], [956.1, 488.6], [903.0, 461.5], [871.0, 450.5], [840.9, 436.4], [805.6, 408.1], [775.2, 397.5], [744.1, 390.5], [714.7, 377.2], [681.8, 380.5], [649.5, 386.5], [1862.9, 1199.0], [1523.1, 1084.0], [1242.7, 939.0], [1033.4, 791.4], [871.9, 667.9], [769.9, 558.9]]",
g0_PIN,Saw,np198_f1_l,,../g0/marked_images/GK/txt/NP198_F1_L_MARK_RDR.txt,images/np198_f1_l.tif,g0_PIN,52,52,autolabel_v1.2,2560,1920,"[[443.6, 405.6], [1939.9, 836.0], [1570.2, 661.6], [1304.8, 608.2], [1094.2, 562.9], [918.1, 514.9], [758.2, 472.1], [632.9, 435.0], [1468.8, 612.1], [1212.8, 575.0], [1003.4, 541.5], [1907.5, 1157.5], [1539.5, 1076.2], [1228.8, 952.2], [972.7, 829.5], [782.2, 718.9], [639.6, 608.2], [548.8, 528.3], [1936.9, 1244.1], [1576.9, 1160.1], [1388.9, 1156.2], [1032.8, 1020.3], [790.2, 911.0], [634.2, 789.5], [530.2, 640.2], [1518.9, 636.5], [1404.2, 653.3], [1329.8, 655.3], [1257.7, 595.5], [1157.3, 601.2], [1092.8, 596.5], [1048.5, 552.5], [958.7, 544.5], [916.1, 541.6], [871.4, 504.5], [821.8, 499.5], [770.8, 499.5], [724.6, 466.5], [687.6, 459.5], [650.5, 454.5], [607.3, 430.8], [578.9, 420.5], [548.8, 414.3], [521.5, 401.5], [492.1, 395.6], [460.7, 394.5], [1716.5, 1129.5], [1380.4, 1024.0], [1097.8, 897.8], [874.9, 777.9], [708.2, 669.2], [593.0, 569.0]]",
g0_PIN,Saw,np199_r,,../g0/marked_images/GK/txt/NP199_R_MARK_RDR.txt,images/np199_r.tif,g0_PIN,52,52,autolabel_v1.2,2560,1920,"[[575.8, 212.8], [1901.0, 807.0], [1587.7, 627.5], [1339.9, 560.9], [1150.6, 490.3], [994.6, 411.6], [854.6, 335.6], [758.4, 284.8], [1493.0, 572.8], [1246.5, 510.1], [1059.8, 451.6], [1845.0, 1162.2], [1527.8, 1059.6], [1242.4, 904.9], [1011.9, 730.1], [853.0, 590.3], [731.8, 460.9], [651.9, 363.6], [1858.4, 1237.2], [1567.8, 1147.8], [1357.1, 1087.9], [1050.5, 919.8], [827.8, 763.8], [685.2, 618.6], [610.4, 473.2], [1552.3, 591.8], [1458.8, 618.5], [1395.0, 594.5], [1304.9, 528.5], [1225.8, 538.5], [1184.5, 515.8], [1120.5, 461.0], [1033.6, 447.1], [1015.2, 420.7], [969.6, 390.5], [923.2, 380.7], [886.5, 353.0], [842.0, 316.5], [811.0, 308.5], [783.1, 294.6], [754.3, 264.8], [726.0, 249.5], [696.7, 236.5], [669.7, 219.2], [637.6, 215.1], [606.0, 215.5], [1682.7, 1120.0], [1383.6, 986.0], [1129.6, 815.0], [932.6, 659.6], [791.3, 526.3], [690.7, 412.7]]",
g0_PIN,Saw,np200_f3_l,,../g0/marked_images/GK/txt/NP200_F3_L_MARK_RDR.txt,images/np200_f3_l.tif,g0_PIN,52,52,autolabel_v1.2,2560,1920,"[[509.5, 478.6], [1953.9, 777.0], [1569.5, 686.5], [1316.1, 669.2], [1125.5, 629.2], [973.4, 594.6], [825.4, 553.1], [709.6, 516.0], [1489.4, 657.3], [1229.4, 643.9], [1057.4, 618.6], [1924.1, 1188.0], [1554.8, 1109.1], [1261.4, 991.8], [1036.1, 871.8], [849.4, 770.5], [710.9, 683.9], [621.4, 614.5], [1952.2, 1255.8], [1577.5, 1181.3], [1425.4, 1205.2], [1110.8, 1079.9], [880.1, 959.8], [725.6, 849.2], [625.5, 727.9], [1529.8, 676.3], [1423.5, 701.0], [1344.0, 711.5], [1272.8, 656.3], [1179.6, 661.9], [1126.4, 664.9], [1091.6, 622.5], [1008.9, 622.5], [961.2, 619.7], [928.5, 584.5], [880.1, 581.4], [833.2, 581.5], [791.7, 546.2], [754.7, 540.5], [717.4, 535.5], [687.5, 516.5], [659.5, 501.5], [626.8, 499.3], [599.5, 483.0], [568.1, 475.5], [536.1, 469.5], [1736.5, 1155.0], [1396.5, 1048.5], [1147.1, 932.1], [937.2, 822.0], [779.7, 728.7], [661.5, 646.0]]",
g0_LEC,Saw,rb386_r,,../g0/marked_images/GK/txt/RB386_R_MARK_RDR.txt,images/rb386_r.tif,g0_LEC,52,52,autolabel_v1.2,2560,1920,"[[162.9, 236.6], [2068.0, 590.1], [1704.1, 344.6], [1330.8, 315.2], [1053.6, 300.6], [826.9, 290.0], [648.2, 271.2], [494.8, 260.6], [1598.7, 320.6], [1225.5, 306.0], [953.5, 300.6], [1986.8, 1021.8], [1634.8, 975.1], [1266.8, 875.3], [957.4, 748.5], [710.9, 629.8], [525.5, 525.9], [386.8, 438.0], [2001.5, 1104.6], [1672.2, 1068.5], [1410.7, 1001.9], [1057.4, 932.6], [744.1, 831.2], [520.1, 729.9], [358.9, 620.6], [1659.0, 324.5], [1530.6, 395.5], [1423.2, 372.5], [1279.9, 306.5], [1183.6, 359.9], [1106.9, 350.5], [1003.1, 297.5], [912.5, 338.5], [856.5, 343.4], [771.2, 291.3], [719.3, 315.2], [668.9, 315.5], [606.2, 272.5], [565.9, 285.5], [523.7, 289.2], [446.2, 256.5], [395.2, 255.5], [353.4, 230.1], [303.0, 226.5], [254.0, 214.5], [205.8, 220.5], [1809.2, 1003.0], [1446.2, 933.0], [1109.1, 818.1], [833.0, 692.0], [615.6, 579.6], [453.6, 486.0]]",
g0_LEC,Saw,rb397_f2_l,,../g0/marked_images/GK/txt/RB397_F2_L_MARK_RDR.txt,images/rb397_f2_l.tif,g0_LEC,52,52,autolabel_v1.2,2560,1920,"[[203.5, 585.1], [2141.9, 861.0], [1758.2, 645.2], [1379.4, 646.5], [1110.2, 634.6], [874.2, 622.5], [702.2, 603.9], [548.8, 589.2], [1638.0, 623.8], [1266.2, 633.3], [1004.7, 618.6], [2030.2, 1322.6], [1671.5, 1281.1], [1318.0, 1194.4], [1011.4, 1082.5], [763.4, 965.2], [587.5, 863.8], [440.8, 781.1], [2043.4, 1414.6], [1703.5, 1373.1], [1448.7, 1334.5], [1111.5, 1275.9], [796.9, 1181.3], [596.8, 1073.2], [428.9, 959.8], [1696.8, 635.5], [1546.8, 687.7], [1435.7, 678.5], [1322.9, 638.5], [1200.3, 674.5], [1120.7, 673.5], [1058.3, 627.5], [905.7, 658.8], [849.0, 710.5], [810.8, 611.5], [748.2, 627.3], [687.5, 648.0], [646.4, 600.9], [590.1, 610.5], [534.4, 624.5], [493.8, 587.5], [437.1, 590.5], [391.9, 571.5], [335.6, 563.5], [281.0, 553.5], [226.4, 553.5], [1847.5, 1310.5], [1490.3, 1244.0], [1160.9, 1142.0], [888.4, 1021.0], [674.7, 915.0], [512.5, 826.5]]",
g0_LEC,Saw,rb400_l,,../g0/marked_images/GK/txt/RB400_L_MARK_RDR.txt,images/rb400_l.tif,g0_LEC,52,52,autolabel_v1.2,2560,1920,"[[265.1, 118.0], [2041.0, 616.0], [1696.8, 366.5], [1342.2, 314.6], [1083.4, 267.9], [878.1, 228.0], [711.5, 197.3], [574.5, 164.6], [1572.8, 331.9], [1226.2, 286.5], [976.9, 243.9], [1890.2, 1038.4], [1559.4, 962.6], [1226.2, 818.5], [948.8, 669.2], [740.9, 532.0], [567.4, 419.8], [447.5, 331.9], [1896.9, 1124.9], [1591.4, 1054.2], [1340.7, 998.2], [1010.1, 888.9], [726.2, 743.5], [552.9, 608.9], [412.3, 488.5], [1633.5, 348.5], [1483.5, 390.0], [1382.6, 358.1], [1284.5, 300.5], [1158.7, 323.5], [1079.6, 315.5], [1030.1, 256.5], [915.8, 268.7], [852.9, 279.6], [820.6, 217.5], [761.2, 224.5], [701.7, 233.5], [665.7, 188.5], [618.2, 188.7], [571.5, 193.0], [525.8, 156.3], [476.2, 151.5], [434.7, 128.5], [385.3, 117.5], [337.9, 101.5], [288.4, 96.5], [1721.5, 1006.5], [1387.8, 899.0], [1086.2, 747.0], [844.9, 600.9], [655.1, 472.1], [508.1, 374.1]]",
g0_LEC,Saw,rb406_f6_r,,../g0/marked_images/GK/txt/RB406_F6_R_MARK_RDR.txt,images/rb406_f6_r.tif,g0_LEC,52,52,autolabel_v1.2,2560,1920,"[[124.9, 437.1], [2071.9, 654.0], [1668.7, 433.2], [1280.9, 462.6], [1024.8, 470.6], [794.1, 459.8], [604.8, 458.5], [444.9, 442.5], [1524.8, 423.9], [1160.7, 453.1], [903.4, 461.3], [1992.8, 1101.1], [1642.1, 1078.6], [1278.1, 1002.6], [959.6, 895.8], [700.7, 799.9], [504.7, 710.4], [356.7, 638.5], [2007.5, 1186.4], [1694.2, 1161.2], [1431.5, 1139.8], [1059.4, 1094.6], [747.4, 1005.2], [531.5, 915.9], [362.1, 815.9], [1596.9, 425.4], [1478.3, 508.5], [1374.4, 497.5], [1221.4, 455.5], [1139.4, 508.1], [1073.0, 509.5], [963.9, 461.5], [879.7, 500.5], [826.9, 498.5], [740.4, 456.5], [693.7, 480.8], [642.1, 492.5], [563.5, 451.5], [522.4, 465.1], [481.2, 466.3], [398.4, 440.5], [350.8, 440.3], [308.4, 419.9], [260.4, 420.5], [212.8, 412.5], [167.6, 426.5], [1815.3, 1099.0], [1458.3, 1045.0], [1116.3, 955.3], [828.3, 852.3], [602.1, 757.0], [430.6, 675.0]]",
g0_LEC,Saw,rb409_f1_r,,../g0/marked_images/GK/txt/RB409_F1_R_MARK_RDR.txt,images/rb409_f1_r.tif,g0_LEC,52,52,autolabel_v1.2,2560,1920,"[[164.9, 553.6], [2159.0, 966.1], [1749.1, 683.4], [1347.8, 666.1], [1069.1, 648.9], [847.9, 628.8], [657.1, 611.5], [502.6, 587.5], [1609.1, 646.3], [1218.4, 643.5], [947.9, 635.5], [2027.4, 1424.6], [1663.5, 1366.4], [1281.5, 1240.5], [961.5, 1098.5], [709.6, 962.6], [521.6, 854.6], [387.4, 770.5], [2043.4, 1512.5], [1739.4, 1470.6], [1447.5, 1392.6], [1063.5, 1310.5], [741.6, 1192.5], [531.5, 1068.5], [373.6, 968.4], [1682.9, 656.5], [1550.0, 728.5], [1444.1, 705.5], [1287.6, 648.5], [1195.3, 699.5], [1123.3, 693.8], [1007.2, 642.3], [927.3, 676.5], [871.1, 674.6], [793.4, 627.5], [743.7, 649.8], [689.3, 652.5], [614.9, 611.5], [572.3, 624.5], [529.5, 618.0], [453.1, 587.5], [402.4, 583.9], [358.6, 558.5], [306.1, 555.5], [256.8, 540.5], [206.5, 547.0], [1842.8, 1401.8], [1473.4, 1302.0], [1120.1, 1174.0], [834.8, 1034.0], [614.8, 911.8], [453.2, 816.2]]",
g0_LEC,Saw,rb413_f1_l,,../g0/marked_images/GK/txt/RB413_F1_L_MARK_RDR.txt,images/rb413_f1_l.tif,g0_LEC,52,52,autolabel_v1.2,2560,1920,"[[176.1, 501.3], [2151.8, 829.9], [1780.2, 585.1], [1365.6, 575.8], [1090.7, 566.5], [866.9, 545.1], [684.1, 526.6], [514.9, 511.9], [1633.5, 556.0], [1248.2, 558.5], [981.4, 548.0], [2042.7, 1301.2], [1700.0, 1255.8], [1330.8, 1153.2], [1010.8, 1019.9], [742.8, 889.1], [556.2, 789.3], [408.2, 698.6], [2052.0, 1390.4], [1744.1, 1352.0], [1466.9, 1297.3], [1102.8, 1217.1], [792.1, 1107.8], [584.3, 997.2], [412.3, 893.2], [1706.7, 566.2], [1542.9, 622.5], [1430.9, 610.5], [1308.1, 566.5], [1183.5, 602.5], [1105.1, 609.5], [1036.4, 557.5], [912.4, 581.1], [848.6, 610.1], [799.9, 535.5], [734.3, 553.2], [668.9, 575.5], [626.4, 524.5], [569.7, 529.8], [515.8, 549.3], [460.4, 503.5], [404.8, 506.5], [354.9, 488.5], [302.2, 480.5], [248.3, 465.5], [192.5, 466.0], [1871.8, 1278.0], [1512.3, 1212.3], [1164.8, 1087.8], [877.5, 953.5], [649.4, 839.0], [481.4, 745.4]]",
g0_LEC,Saw,rb415_f4_r,,../g0/marked_images/GK/txt/RB415_F4_R_MARK_RDR.txt,images/rb415_f4_r.tif,g0_LEC,52,52,autolabel_v1.2,2560,1920,"[[130.1, 310.5], [2130.0, 639.1], [1710.2, 408.2], [1326.0, 397.6], [1048.8, 374.9], [831.4, 360.0], [635.5, 335.8], [479.5, 323.9], [1574.1, 380.3], [1199.4, 373.6], [924.8, 362.8], [2036.7, 1118.6], [1668.7, 1078.6], [1276.8, 975.8], [950.1, 841.2], [698.1, 717.1], [512.7, 617.1], [374.2, 527.9], [2044.7, 1206.5], [1698.1, 1175.9], [1423.5, 1117.1], [1047.5, 1043.8], [738.1, 930.6], [522.2, 815.9], [355.4, 702.4], [1645.3, 389.5], [1516.8, 457.5], [1415.7, 428.5], [1267.3, 380.5], [1172.8, 432.5], [1098.1, 424.5], [985.7, 370.8], [908.8, 404.5], [855.1, 405.6], [773.3, 357.5], [720.8, 377.5], [664.1, 379.6], [593.3, 338.5], [551.6, 349.5], [510.5, 353.0], [427.0, 319.5], [374.9, 316.5], [329.0, 293.5], [275.2, 290.7], [223.6, 282.5], [173.1, 295.4], [1846.6, 1106.6], [1468.3, 1037.0], [1112.5, 911.0], [822.8, 782.0], [605.3, 667.3], [443.5, 572.5]]",
g0_LEC,Saw,rb416_f3_r,,../g0/marked_images/GK/txt/RB416_F3_R_MARK_RDR.txt,images/rb416_f3_r.tif,g0_LEC,52,52,autolabel_v1.2,2560,1920,"[[188.8, 233.8], [2055.0, 563.9], [1662.4, 372.3], [1287.8, 353.5], [1034.5, 330.8], [823.9, 302.9], [650.6, 272.3], [510.1, 245.9], [1529.1, 341.6], [1158.6, 332.3], [913.1, 314.8], [1929.5, 1081.9], [1570.8, 1015.1], [1225.5, 904.5], [929.5, 761.9], [701.6, 634.0], [525.5, 529.8], [394.8, 441.6], [1964.1, 1176.5], [1621.4, 1117.9], [1380.0, 1077.8], [1022.9, 1005.8], [722.8, 875.3], [516.2, 752.6], [346.8, 623.1], [1601.4, 353.5], [1470.4, 419.5], [1369.5, 391.5], [1227.0, 339.5], [1135.3, 380.5], [1074.3, 371.8], [974.6, 321.9], [893.5, 348.0], [848.4, 341.9], [774.9, 297.5], [726.2, 308.5], [676.6, 311.5], [611.6, 266.5], [572.5, 274.0], [535.0, 271.5], [463.8, 238.5], [415.4, 232.9], [371.1, 213.5], [322.9, 205.5], [275.6, 201.5], [228.6, 210.5], [1747.6, 1057.0], [1397.7, 961.0], [1073.7, 840.7], [811.1, 702.1], [612.4, 584.4], [460.2, 486.2]]",
g0_LEC,Saw,rb418_f9_r,,../g0/marked_images/GK/txt/RB418_F9_R_MARK_RDR.txt,images/rb418_f9_r.tif,g0_LEC,52,52,autolabel_v1.2,2560,1920,"[[215.9, 379.2], [2034.9, 764.0], [1677.1, 545.8], [1325.2, 520.5], [1058.5, 493.9], [841.2, 467.1], [661.2, 439.3], [517.1, 412.5], [1549.2, 519.2], [1198.5, 499.1], [934.5, 476.4], [1943.8, 1240.5], [1595.9, 1184.5], [1238.5, 1072.6], [939.9, 927.2], [713.2, 795.1], [527.9, 676.5], [406.4, 584.5], [1966.5, 1333.8], [1625.1, 1280.4], [1383.7, 1227.3], [1038.4, 1144.5], [734.4, 1020.5], [525.1, 903.2], [361.1, 780.4], [1615.0, 527.5], [1496.6, 589.5], [1409.0, 563.5], [1263.5, 507.5], [1170.7, 552.8], [1105.4, 538.5], [996.7, 484.5], [913.0, 514.5], [865.5, 509.7], [792.2, 460.5], [742.0, 471.5], [693.0, 475.5], [622.6, 436.5], [583.8, 442.5], [546.2, 435.7], [474.1, 405.4], [428.0, 399.5], [389.2, 375.5], [343.1, 369.5], [299.5, 357.5], [254.4, 368.1], [1767.4, 1218.4], [1413.7, 1127.7], [1084.4, 1001.4], [820.2, 865.2], [619.4, 738.4], [465.9, 632.9]]",
g0_LEC,Saw,rb472_f3_l,,../g0/marked_images/BH/txt/RB472_F3_L_MARK_RDR.txt,images/rb472_f3_l.tif,g0_LEC,52,52,autolabel_v1.2,2560,1920,"[[170.9, 291.9], [2068.0, 613.0], [1725.5, 397.1], [1328.2, 390.4], [1049.5, 376.0], [772.2, 357.2], [645.4, 344.0], [493.5, 321.3], [1612.1, 363.9], [1208.0, 368.0], [950.7, 365.2], [1981.4, 1075.8], [1610.8, 1025.3], [1249.5, 925.2], [944.2, 797.3], [712.2, 689.3], [525.5, 581.2], [390.9, 499.8], [1997.4, 1163.8], [1660.1, 1125.3], [1372.0, 1063.9], [1021.6, 1005.2], [729.5, 905.1], [534.8, 789.3], [374.9, 675.9], [1669.1, 376.6], [1508.2, 427.5], [1385.2, 433.5], [1269.3, 374.5], [1133.6, 422.9], [1050.7, 455.5], [999.3, 370.5], [876.2, 398.5], [806.0, 435.5], [723.5, 360.0], [675.9, 373.6], [632.0, 384.5], [594.6, 337.5], [542.9, 340.5], [493.3, 356.5], [446.9, 316.4], [395.9, 313.4], [349.8, 298.3], [299.1, 288.6], [249.4, 274.5], [198.3, 267.8], [1790.8, 1061.0], [1427.5, 984.0], [1091.8, 865.8], [828.4, 742.0], [619.2, 633.2], [457.4, 542.4]]",
g0_LEC,Saw,rib_x005_f_r,,../g0/marked_images/BH/txt/RIB_X005_F_R_MARK_RDR.txt,images/rib_x005_f_r.tif,g0_LEC,52,52,autolabel_v1.2,2560,1920,"[[230.8, 386.1], [2036.0, 638.1], [1650.8, 407.5], [1293.4, 423.5], [1024.2, 422.2], [817.4, 422.2], [645.4, 411.6], [502.8, 395.6], [1533.4, 390.2], [1188.2, 411.6], [926.7, 426.3], [1961.5, 1067.6], [1621.4, 1043.6], [1261.4, 958.3], [949.4, 840.9], [710.9, 722.1], [540.2, 630.3], [412.3, 555.5], [2000.2, 1158.1], [1669.4, 1137.0], [1412.2, 1098.3], [1041.5, 1039.5], [737.4, 923.5], [550.8, 811.6], [405.6, 730.1], [1596.5, 394.5], [1478.2, 466.5], [1381.1, 454.5], [1243.6, 414.5], [1152.0, 472.5], [1071.6, 464.9], [974.8, 422.5], [889.8, 465.5], [845.1, 471.6], [769.9, 424.5], [725.4, 440.5], [678.6, 444.1], [607.5, 415.5], [569.9, 422.5], [533.7, 412.2], [463.2, 394.5], [422.1, 390.6], [386.6, 370.1], [343.8, 372.3], [304.2, 364.5], [265.7, 378.8], [1786.5, 1068.0], [1439.8, 1003.8], [1106.1, 897.0], [831.2, 780.2], [625.0, 675.0], [475.6, 593.6]]",
g0_LEC,Saw,rid_x028_f_l,,../g0/marked_images/BH/txt/RID_X028_F_L_MARK_RDR.txt,images/rid_x028_f_l.tif,g0_LEC,52,52,autolabel_v1.2,2560,1920,"[[207.2, 186.5], [2004.9, 590.1], [1663.1, 338.6], [1308.5, 327.8], [1064.6, 319.8], [857.8, 290.6], [684.5, 254.5], [532.4, 220.0], [1552.5, 305.3], [1215.2, 311.8], [971.2, 313.3], [1904.4, 1019.9], [1548.4, 947.9], [1201.8, 822.6], [935.2, 691.9], [719.1, 567.8], [549.9, 463.9], [423.1, 368.0], [1932.5, 1109.1], [1591.1, 1049.2], [1327.1, 995.9], [992.4, 902.5], [725.8, 770.5], [552.5, 657.3], [395.2, 554.4], [1608.4, 321.5], [1462.3, 371.5], [1353.5, 359.0], [1263.6, 321.5], [1146.5, 355.0], [1064.7, 352.2], [1017.5, 312.5], [892.5, 332.0], [829.3, 355.8], [790.4, 288.5], [720.4, 293.5], [655.7, 303.2], [634.1, 252.5], [581.5, 252.5], [529.3, 249.8], [477.1, 211.6], [420.3, 210.5], [383.1, 187.6], [328.0, 178.5], [275.5, 161.0], [220.6, 155.9], [1722.7, 992.0], [1372.7, 891.0], [1069.9, 755.9], [829.9, 622.9], [638.4, 507.4], [487.9, 416.9]]",
g0_LEC,Saw,rid_x029_f_r,,../g0/marked_images/BH/txt/RID_X029_F_R_MARK_RDR.txt,images/rid_x029_f_r.tif,g0_LEC,52,52,autolabel_v1.2,2560,1920,"[[171.8, 352.2], [1995.8, 598.9], [1621.2, 397.6], [1283.9, 408.2], [1031.7, 395.0], [814.6, 384.2], [630.5, 369.5], [474.5, 349.6], [1518.5, 376.2], [1173.0, 397.6], [930.4, 398.9], [1926.5, 1070.8], [1570.4, 1024.2], [1245.2, 930.8], [946.4, 820.2], [709.1, 705.5], [518.6, 608.2], [378.6, 528.3], [1954.4, 1156.2], [1613.2, 1118.8], [1354.5, 1065.4], [1038.4, 997.6], [729.2, 887.0], [525.1, 780.2], [367.8, 696.2], [1575.0, 381.5], [1472.3, 457.2], [1371.3, 451.5], [1231.1, 398.5], [1141.7, 446.8], [1073.7, 438.5], [978.7, 394.5], [897.5, 431.0], [847.0, 424.5], [763.2, 392.3], [714.1, 409.5], [665.0, 405.5], [589.3, 371.5], [547.8, 381.5], [507.7, 374.2], [428.6, 352.5], [384.3, 351.5], [344.2, 329.7], [296.6, 330.5], [251.9, 320.5], [208.8, 336.7], [1744.9, 1055.0], [1405.7, 980.0], [1092.0, 876.0], [827.5, 762.5], [613.3, 658.3], [447.6, 570.6]]",
g0_PIN,Saw,rid_x055_f_l,,../g0/marked_images/BH/txt/RID_X055_F_L_MARK_RDR.txt,images/rid_x055_f_l.tif,g0_PIN,52,52,autolabel_v1.2,2560,1920,"[[544.1, 436.2], [1915.9, 856.1], [1565.4, 714.8], [1325.4, 664.2], [1134.8, 608.2], [989.4, 569.6], [840.1, 520.3], [725.6, 477.5], [1472.1, 677.6], [1240.0, 629.6], [1060.0, 583.0], [1881.5, 1232.2], [1518.8, 1128.1], [1241.5, 986.8], [1025.5, 842.9], [853.5, 732.3], [733.6, 644.1], [648.2, 572.2], [1902.7, 1313.5], [1544.0, 1201.6], [1357.6, 1220.1], [1052.0, 1072.1], [850.9, 928.2], [720.2, 801.6], [630.7, 673.5], [1519.9, 696.4], [1413.5, 701.5], [1349.7, 701.2], [1282.9, 650.4], [1190.2, 644.5], [1136.4, 642.5], [1097.8, 594.5], [1027.1, 585.4], [991.8, 585.5], [949.4, 552.9], [906.4, 543.5], [862.4, 538.5], [814.0, 513.5], [782.0, 499.5], [746.7, 493.2], [700.3, 469.5], [671.9, 457.5], [643.1, 446.6], [615.7, 432.5], [586.2, 423.5], [555.4, 421.5], [1694.1, 1188.1], [1379.8, 1058.8], [1135.4, 910.4], [939.7, 785.7], [794.4, 687.4], [691.4, 607.4]]",
g0_PIN,Saw,rid_x059_f_l,,../g0/marked_images/BH/txt/RID_X059_F_L_MARK_RDR.txt,images/rid_x059_f_l.tif,g0_PIN,52,52,autolabel_v1.2,2560,1920,"[[561.1, 461.3], [1955.0, 772.0], [1591.8, 637.2], [1335.7, 609.1], [1149.1, 578.6], [994.6, 545.1], [853.0, 514.5], [735.7, 481.2], [1501.0, 605.2], [1249.1, 586.6], [1066.5, 562.4], [1922.4, 1134.6], [1574.5, 1065.2], [1291.9, 943.8], [1053.1, 821.3], [878.5, 721.2], [755.8, 649.3], [665.1, 574.5], [1938.4, 1210.4], [1606.5, 1151.9], [1415.7, 1183.8], [1103.9, 1045.1], [895.8, 919.8], [755.8, 797.3], [665.1, 681.3], [1547.5, 621.0], [1441.8, 631.7], [1377.5, 633.5], [1293.3, 595.5], [1208.2, 599.3], [1164.9, 600.5], [1108.2, 564.7], [1039.1, 556.5], [1005.3, 560.5], [958.3, 535.8], [918.5, 527.5], [878.7, 527.5], [824.8, 506.5], [792.3, 496.8], [757.9, 493.6], [711.4, 479.5], [684.3, 469.5], [656.3, 461.8], [629.3, 451.5], [600.6, 445.5], [571.5, 446.5], [1745.6, 1107.0], [1431.6, 1009.6], [1173.6, 879.6], [965.9, 770.9], [819.1, 682.0], [712.3, 611.3]]",
g0_PIN,Saw,rie_x014_f_r,,../g0/marked_images/BH/txt/RIE_X014_F_R_MARK_RDR.txt,images/rie_x014_f_r.tif,g0_PIN,52,52,autolabel_v1.2,2560,1920,"[[540.8, 365.6], [1955.0, 762.9], [1582.7, 618.2], [1326.9, 583.6], [1144.1, 532.8], [981.4, 492.9], [839.4, 445.5], [726.2, 400.2], [1474.9, 576.9], [1234.8, 547.5], [1057.4, 511.4], [1902.7, 1121.8], [1564.1, 1052.5], [1260.1, 917.9], [1038.4, 794.3], [860.8, 678.2], [739.4, 592.9], [656.9, 514.2], [1925.4, 1217.8], [1581.4, 1135.2], [1416.1, 1143.2], [1085.5, 1012.5], [861.0, 895.2], [722.1, 782.2], [632.9, 648.9], [1543.1, 586.5], [1449.3, 628.5], [1385.9, 612.4], [1290.2, 556.5], [1214.2, 575.5], [1176.1, 560.6], [1106.4, 511.9], [1030.7, 513.5], [1004.6, 503.5], [951.9, 474.5], [909.6, 472.1], [871.4, 457.5], [819.7, 428.2], [786.3, 419.5], [754.2, 407.7], [711.8, 384.3], [683.9, 372.5], [654.3, 364.5], [624.8, 356.5], [594.0, 361.5], [566.4, 368.1], [1726.1, 1097.0], [1410.1, 992.0], [1147.3, 859.0], [945.8, 741.8], [797.4, 638.4], [700.4, 551.4]]",
g0_LEC,Saw,ag007_f1_r,,../g0/marked_images/RR/txt/AG007_F1_R_MARK_RDR.txt,images/ag007_f1_r.tif,g0_LEC,52,52,autolabel_v1.2,2560,1920,"[[212.2, 341.2], [2014.0, 633.1], [1650.8, 393.2], [1309.4, 399.9], [1050.7, 389.1], [842.9, 377.3], [665.5, 368.0], [524.2, 354.6], [1553.5, 371.9], [1196.2, 384.0], [942.7, 385.3], [1952.2, 1089.2], [1578.8, 1041.2], [1241.5, 949.2], [949.4, 830.6], [713.5, 717.1], [533.5, 614.5], [412.3, 533.3], [1968.2, 1174.6], [1597.4, 1135.9], [1370.7, 1081.2], [1044.1, 1002.6], [744.1, 903.8], [534.8, 803.8], [394.8, 709.1], [1610.7, 374.5], [1486.7, 442.5], [1393.3, 429.5], [1258.1, 385.5], [1161.5, 435.5], [1093.9, 431.4], [996.8, 383.7], [913.7, 421.5], [868.0, 421.5], [786.0, 378.5], [732.9, 402.5], [686.5, 418.0], [628.2, 369.5], [591.1, 376.5], [554.0, 373.5], [479.6, 350.5], [432.4, 343.9], [389.5, 325.0], [341.9, 320.5], [295.2, 316.5], [250.1, 324.4], [1763.0, 1071.0], [1407.4, 1002.4], [1093.4, 895.0], [831.3, 772.3], [621.8, 668.8], [471.8, 576.0]]",
g0_LEC,Saw,ag011_l,,../g0/marked_images/RR/txt/AG011_L_MARK_RDR.txt,images/ag011_l.tif,g0_LEC,52,52,autolabel_v1.2,2560,1920,"[[203.8, 307.9], [1979.0, 585.1], [1627.9, 361.3], [1278.5, 379.9], [987.9, 373.2], [833.2, 354.6], [667.9, 335.8], [521.2, 314.6], [1507.7, 339.9], [1171.7, 366.5], [930.4, 370.6], [1921.1, 1043.8], [1571.7, 982.5], [1226.4, 883.9], [942.5, 773.1], [726.4, 667.9], [550.5, 569.1], [413.1, 486.6], [1926.5, 1141.3], [1601.1, 1090.5], [1343.7, 1055.9], [1025.0, 970.6], [733.1, 862.6], [551.8, 759.9], [395.8, 667.9], [1565.8, 344.5], [1428.1, 391.4], [1334.7, 426.5], [1224.9, 371.5], [1108.7, 403.5], [1034.9, 419.6], [959.7, 370.5], [873.8, 388.7], [821.2, 404.7], [778.9, 357.5], [723.1, 362.5], [670.7, 377.5], [622.0, 341.5], [576.8, 337.5], [531.3, 342.5], [469.8, 311.5], [417.3, 308.8], [368.8, 289.5], [317.3, 278.5], [263.3, 269.5], [210.9, 274.5], [1740.6, 1024.0], [1397.7, 943.7], [1084.7, 826.7], [833.7, 720.0], [638.8, 617.8], [481.6, 529.0]]",
g0_PIN,Saw,ag039_f2_r,,../g0/marked_images/RR/txt/AG039_F2_R_MARK_RDR.txt,images/ag039_f2_r.tif,g0_PIN,52,52,autolabel_v1.2,2560,1920,"[[472.8, 386.1], [1835.5, 828.6], [1512.7, 676.9], [1263.4, 634.2], [1079.5, 588.8], [914.2, 532.8], [786.1, 481.0], [674.1, 436.9], [1428.9, 643.5], [1182.1, 606.3], [999.5, 558.1], [1834.2, 1202.2], [1487.4, 1124.9], [1190.1, 990.3], [962.2, 847.4], [783.5, 719.5], [662.3, 618.2], [571.5, 534.1], [1858.2, 1279.6], [1532.8, 1210.2], [1324.7, 1170.2], [1010.1, 1031.5], [787.6, 903.6], [643.5, 783.5], [546.2, 667.4], [1481.2, 652.5], [1395.7, 692.5], [1325.6, 666.5], [1231.2, 610.5], [1152.0, 629.5], [1113.2, 603.7], [1051.8, 563.5], [971.1, 565.6], [942.6, 538.1], [893.3, 514.5], [850.3, 512.5], [816.0, 492.5], [768.7, 461.5], [734.1, 452.6], [701.3, 439.8], [669.0, 413.5], [636.7, 398.5], [603.2, 386.7], [570.6, 372.5], [536.3, 370.5], [502.9, 382.6], [1656.7, 1171.0], [1336.2, 1063.2], [1071.4, 923.4], [871.1, 785.1], [721.6, 671.6], [612.9, 579.9]]",
g0_PIN,Saw,ag060_f1_l,,../g0/marked_images/RR/txt/AG060_F1_L_MARK_RDR.txt,images/ag060_f1_l.tif,g0_PIN,52,52,autolabel_v1.2,2560,1920,"[[469.5, 544.3], [1893.9, 812.0], [1538.9, 677.6], [1284.1, 657.5], [1080.1, 630.9], [913.5, 604.1], [774.8, 586.8], [641.5, 553.6], [1441.4, 654.9], [1186.9, 640.2], [1010.8, 624.2], [1920.2, 1149.5], [1573.4, 1117.5], [1252.1, 1017.5], [994.8, 908.1], [810.9, 814.8], [676.1, 731.0], [576.0, 660.1], [1940.1, 1232.2], [1634.8, 1200.3], [1409.4, 1186.9], [1066.7, 1092.2], [834.9, 985.5], [681.5, 895.0], [578.9, 782.8], [1489.7, 665.5], [1379.0, 689.5], [1307.2, 691.7], [1236.5, 648.0], [1140.3, 658.5], [1087.3, 663.5], [1044.6, 624.5], [970.0, 625.5], [923.5, 632.0], [870.9, 597.5], [824.6, 597.5], [779.5, 606.5], [738.9, 577.4], [701.2, 566.5], [661.2, 569.5], [624.3, 555.8], [598.6, 543.5], [568.7, 541.5], [542.9, 531.5], [513.8, 529.5], [485.5, 531.5], [1740.6, 1142.6], [1406.4, 1071.0], [1122.7, 964.7], [902.0, 864.0], [744.1, 773.0], [625.8, 696.0]]",
g0_PIN,Saw,ag060_f2_l,,../g0/marked_images/RR/txt/AG060_F2_L_MARK_RDR.txt,images/ag060_f2_l.tif,g0_PIN,52,52,autolabel_v1.2,2560,1920,"[[493.5, 503.2], [1934.0, 804.0], [1557.4, 641.9], [1298.8, 627.3], [1104.1, 595.3], [945.5, 564.6], [794.7, 536.5], [672.2, 511.2], [1465.4, 621.9], [1214.7, 610.0], [1022.9, 580.6], [1936.2, 1129.8], [1590.7, 1091.2], [1260.1, 995.2], [1012.1, 888.5], [836.2, 792.5], [700.1, 697.9], [604.1, 628.5], [1964.1, 1208.5], [1652.1, 1177.8], [1420.2, 1163.1], [1073.4, 1059.2], [846.8, 956.5], [696.2, 861.9], [596.1, 728.6], [1510.6, 636.1], [1402.0, 655.5], [1331.0, 662.5], [1256.8, 616.5], [1165.4, 623.5], [1113.9, 626.4], [1064.8, 586.5], [982.4, 585.1], [943.2, 590.5], [901.8, 560.5], [853.5, 558.0], [807.7, 559.5], [760.9, 533.5], [724.8, 528.7], [688.3, 529.8], [649.2, 508.5], [620.6, 503.5], [592.5, 501.0], [567.0, 488.5], [538.5, 487.0], [509.2, 487.5], [1756.0, 1119.0], [1416.8, 1049.8], [1135.2, 940.2], [922.9, 840.9], [768.3, 747.3], [656.2, 660.2]]",
g0_PIN,Saw,ag061_f1_l,,../g0/marked_images/RR/txt/AG061_F1_L_MARK_RDR.txt,images/ag061_f1_l.tif,g0_PIN,52,52,autolabel_v1.2,2560,1920,"[[543.8, 328.2], [1923.9, 792.1], [1566.5, 585.6], [1326.5, 540.2], [1142.4, 504.3], [990.5, 461.5], [847.9, 404.3], [731.8, 361.5], [1485.0, 560.3], [1241.1, 520.3], [1066.5, 486.8], [1915.7, 1105.4], [1555.7, 1022.9], [1274.4, 893.5], [1042.5, 768.1], [865.1, 649.5], [747.8, 546.9], [654.5, 462.8], [1942.5, 1174.8], [1606.5, 1112.1], [1418.5, 1094.8], [1087.7, 961.5], [866.4, 836.2], [733.1, 706.8], [638.5, 583.0], [1527.2, 574.7], [1422.3, 592.5], [1353.2, 581.7], [1284.7, 532.2], [1195.6, 542.9], [1144.3, 533.8], [1105.6, 492.5], [1024.1, 491.5], [978.2, 487.5], [947.6, 449.1], [900.6, 443.5], [854.1, 436.5], [813.6, 398.5], [774.5, 391.0], [735.1, 384.5], [705.6, 356.1], [677.1, 347.4], [646.8, 341.3], [623.1, 321.6], [593.2, 314.5], [561.5, 315.5], [1730.3, 1075.0], [1414.0, 960.0], [1159.0, 830.0], [955.2, 706.2], [809.5, 596.5], [699.2, 500.2]]",
g0_PIN,Saw,ag061_f2_r,,../g0/marked_images/RR/txt/AG061_F2_R_MARK_RDR.txt,images/ag061_f2_r.tif,g0_PIN,52,52,autolabel_v1.2,2560,1920,"[[604.1, 451.2], [1944.0, 936.0], [1596.1, 756.5], [1358.9, 712.6], [1174.8, 651.2], [1024.2, 603.3], [893.4, 548.6], [773.5, 493.9], [1509.5, 728.6], [1270.7, 677.8], [1097.4, 627.3], [1930.8, 1263.1], [1593.5, 1185.8], [1289.5, 1039.3], [1076.0, 908.6], [900.1, 784.6], [778.7, 679.1], [700.1, 600.5], [1944.2, 1343.1], [1641.5, 1275.2], [1426.7, 1257.7], [1101.5, 1091.2], [893.4, 956.5], [754.7, 831.2], [668.1, 699.2], [1562.0, 734.5], [1470.4, 763.9], [1410.8, 739.5], [1327.8, 684.5], [1240.9, 689.5], [1207.1, 662.6], [1150.8, 627.5], [1071.5, 624.9], [1047.4, 607.5], [1004.9, 579.5], [963.2, 573.5], [925.7, 557.5], [877.2, 524.7], [838.3, 513.8], [804.0, 493.5], [770.0, 473.5], [741.7, 463.5], [712.8, 455.3], [684.4, 445.5], [655.5, 453.0], [627.5, 460.5], [1757.1, 1238.1], [1440.5, 1116.0], [1180.1, 970.0], [988.9, 844.9], [840.3, 732.3], [739.7, 638.7]]",
g0_PIN,Saw,ag068_f2_r,,../g0/marked_images/RR/txt/AG068_F2_R_MARK_RDR.txt,images/ag068_f2_r.tif,g0_PIN,52,52,autolabel_v1.2,2560,1920,"[[505.4, 405.1], [1894.9, 678.0], [1554.8, 582.5], [1301.4, 546.4], [1105.4, 507.8], [941.4, 483.8], [789.5, 454.6], [664.2, 425.2], [1445.5, 543.9], [1198.8, 519.9], [1016.2, 497.2], [1902.7, 1093.1], [1570.8, 1038.4], [1256.2, 923.9], [1006.9, 795.8], [828.2, 691.9], [697.5, 605.2], [604.1, 530.5], [1932.1, 1169.2], [1614.7, 1125.3], [1401.4, 1110.6], [1056.2, 995.9], [846.8, 878.5], [704.2, 775.9], [598.7, 642.6], [1513.2, 548.7], [1408.7, 583.5], [1353.7, 564.5], [1260.0, 524.5], [1178.7, 544.5], [1139.6, 529.1], [1066.1, 491.5], [990.1, 500.5], [964.7, 491.5], [904.6, 470.5], [862.8, 470.7], [823.4, 460.5], [764.9, 438.5], [728.1, 433.5], [692.5, 423.5], [657.2, 406.5], [630.9, 402.5], [604.6, 402.5], [579.4, 395.9], [553.5, 402.0], [528.3, 410.5], [1733.0, 1075.0], [1410.2, 989.2], [1130.3, 863.0], [916.8, 745.8], [761.8, 649.8], [651.7, 563.7]]",
g0_PIN,Saw,ag070_f1_r,,../g0/marked_images/RR/txt/AG070_F1_R_MARK_RDR.txt,images/ag070_f1_r.tif,g0_PIN,52,52,autolabel_v1.2,2560,1920,"[[508.8, 355.9], [1898.0, 624.0], [1539.5, 522.5], [1300.7, 505.2], [1112.8, 478.6], [950.1, 443.8], [804.9, 414.6], [680.8, 370.6], [1446.2, 497.2], [1207.4, 485.3], [1023.5, 469.3], [1896.9, 1034.5], [1550.1, 978.6], [1258.2, 866.4], [1024.8, 747.8], [843.5, 643.9], [711.5, 557.2], [620.8, 485.3], [1919.3, 1110.6], [1610.2, 1059.8], [1404.9, 1051.8], [1076.9, 925.2], [866.2, 819.8], [714.1, 718.4], [611.5, 603.9], [1500.2, 502.3], [1423.2, 550.3], [1355.5, 535.4], [1259.7, 486.8], [1188.9, 514.4], [1150.3, 495.8], [1077.0, 463.5], [995.3, 467.5], [970.4, 452.5], [920.1, 432.5], [878.9, 434.5], [839.9, 423.4], [793.7, 394.5], [750.8, 390.5], [711.8, 378.3], [663.4, 354.5], [636.1, 352.5], [610.0, 345.5], [583.5, 339.5], [557.4, 346.5], [533.3, 358.2], [1719.4, 1017.0], [1402.7, 925.7], [1140.5, 807.5], [932.4, 697.4], [777.3, 602.0], [665.8, 522.8]]",
g0_PIN,Saw,ag073_f1_r,,../g0/marked_images/RR/txt/AG073_F1_R_MARK_RDR.txt,images/ag073_f1_r.tif,g0_PIN,52,52,autolabel_v1.2,2560,1920,"[[518.8, 312.4], [1926.0, 652.1], [1548.1, 524.6], [1292.1, 491.1], [1092.2, 452.5], [938.8, 415.3], [800.1, 380.5], [686.9, 340.5], [1441.4, 484.6], [1188.2, 462.0], [1006.9, 439.3], [1884.1, 1049.9], [1528.0, 969.9], [1233.5, 836.6], [998.9, 704.6], [813.5, 597.9], [696.2, 508.6], [617.5, 433.9], [1918.7, 1132.4], [1569.5, 1057.9], [1370.7, 1056.6], [1028.1, 908.6], [816.1, 782.0], [684.1, 668.5], [597.4, 548.6], [1506.0, 493.5], [1409.0, 537.5], [1344.2, 517.5], [1248.2, 468.7], [1164.9, 487.5], [1127.1, 467.6], [1056.6, 435.5], [983.0, 436.5], [960.5, 423.0], [913.7, 397.5], [872.5, 394.5], [833.6, 388.1], [785.9, 360.4], [751.3, 351.8], [715.0, 345.5], [674.0, 323.5], [647.9, 314.4], [620.4, 312.9], [593.3, 306.5], [566.0, 312.5], [540.5, 321.0], [1702.7, 1018.0], [1378.0, 910.0], [1103.4, 767.4], [906.5, 650.0], [756.3, 551.3], [656.9, 470.9]]",
g0_LEC,Saw,ag078_f1_l,,../g0/marked_images/RR/txt/AG078_F1_L_MARK_RDR.txt,images/ag078_f1_l.tif,g0_LEC,52,52,autolabel_v1.2,2560,1920,"[[123.6, 438.8], [2020.0, 770.1], [1628.7, 532.8], [1292.7, 534.1], [1039.5, 524.8], [818.0, 500.9], [630.1, 485.5], [467.6, 458.9], [1523.5, 508.8], [1180.8, 522.2], [930.2, 519.4], [1932.7, 1228.1], [1590.1, 1178.9], [1232.9, 1077.5], [932.8, 962.8], [679.5, 841.6], [495.4, 741.6], [351.5, 654.9], [1964.7, 1330.8], [1630.0, 1280.2], [1354.1, 1218.9], [1006.2, 1126.8], [714.1, 1014.9], [526.1, 917.4], [355.4, 830.8], [1575.8, 518.3], [1441.7, 568.8], [1342.5, 567.5], [1236.9, 529.4], [1113.5, 560.5], [1034.8, 567.7], [984.1, 522.5], [868.2, 533.5], [805.1, 548.6], [757.8, 501.5], [696.7, 507.5], [635.5, 517.5], [579.7, 484.5], [528.3, 483.2], [476.2, 484.5], [412.8, 456.5], [356.7, 454.5], [311.5, 433.5], [255.3, 425.8], [201.3, 412.5], [146.4, 411.5], [1758.1, 1212.0], [1409.0, 1134.0], [1079.4, 1017.0], [807.8, 896.0], [589.9, 791.9], [425.0, 696.0]]",
g0_LEC,Saw,ag078_f3_r,,../g0/marked_images/RR/txt/AG078_F3_R_MARK_RDR.txt,images/ag078_f3_r.tif,g0_LEC,52,52,autolabel_v1.2,2560,1920,"[[304.9, 599.6], [2181.0, 942.9], [1750.2, 650.2], [1414.2, 650.2], [1156.8, 650.2], [938.2, 643.5], [759.5, 632.9], [610.2, 612.8], [1652.7, 626.2], [1299.4, 638.3], [1051.4, 647.6], [2086.2, 1323.4], [1736.8, 1292.7], [1391.5, 1204.8], [1086.2, 1094.2], [847.4, 986.1], [656.9, 884.8], [519.4, 800.8], [2111.4, 1423.5], [1780.8, 1386.1], [1510.1, 1343.5], [1176.7, 1255.6], [888.9, 1138.3], [686.2, 1054.2], [518.1, 973.0], [1713.3, 626.5], [1591.8, 693.7], [1499.4, 675.5], [1359.1, 638.5], [1271.5, 686.0], [1206.0, 683.5], [1103.8, 645.7], [1022.3, 677.5], [971.8, 681.3], [892.9, 652.5], [846.1, 662.5], [798.5, 656.5], [720.0, 636.5], [679.8, 638.5], [642.1, 628.6], [564.0, 610.5], [520.8, 598.3], [478.3, 582.5], [432.9, 577.4], [387.4, 574.1], [343.4, 584.5], [1909.5, 1314.0], [1562.5, 1252.5], [1235.5, 1155.0], [965.6, 1043.0], [751.0, 938.0], [587.3, 844.3]]",
g0_LEC,Saw,ag078_f4_l,,../g0/marked_images/RR/txt/AG078_F4_L_MARK_RDR.txt,images/ag078_f4_l.tif,g0_LEC,52,52,autolabel_v1.2,2560,1920,"[[137.4, 324.1], [2003.0, 699.0], [1596.1, 384.2], [1272.2, 403.0], [1010.8, 393.5], [802.9, 392.2], [626.8, 369.5], [470.8, 342.9], [1509.5, 364.3], [1165.5, 384.2], [910.7, 389.6], [1920.2, 1059.0], [1573.4, 1024.2], [1226.8, 926.9], [928.2, 809.6], [694.9, 706.8], [510.8, 608.2], [366.9, 517.5], [1950.7, 1154.9], [1610.8, 1118.8], [1350.9, 1064.1], [1014.9, 981.6], [728.2, 884.2], [525.5, 796.2], [360.2, 712.2], [1553.9, 372.5], [1421.8, 426.7], [1310.5, 428.5], [1218.4, 394.5], [1094.1, 426.4], [1011.1, 438.5], [960.1, 395.5], [854.3, 410.5], [797.6, 432.5], [742.6, 389.9], [682.9, 397.5], [624.1, 407.4], [578.9, 370.5], [530.1, 368.6], [481.7, 371.5], [416.5, 339.5], [360.1, 339.5], [314.0, 315.5], [258.6, 309.1], [207.7, 292.5], [152.5, 291.5], [1743.3, 1049.0], [1397.6, 978.6], [1077.6, 868.0], [810.2, 758.2], [602.4, 659.0], [437.4, 565.4]]",
g0_LEC,Saw,ag078_f6_r,,../g0/marked_images/RR/txt/AG078_F6_R_MARK_RDR.txt,images/ag078_f6_r.tif,g0_LEC,52,52,autolabel_v1.2,2560,1920,"[[160.1, 476.4], [2057.9, 743.9], [1622.7, 483.1], [1278.7, 512.5], [1028.1, 519.2], [821.5, 519.2], [646.9, 503.2], [497.4, 477.9], [1540.1, 464.6], [1177.4, 505.8], [932.1, 521.8], [1978.8, 1144.5], [1616.2, 1104.6], [1256.2, 1015.1], [956.1, 911.2], [730.7, 817.8], [544.1, 739.2], [406.9, 665.9], [2021.6, 1241.8], [1661.4, 1204.6], [1385.4, 1193.8], [1037.6, 1116.4], [754.7, 1012.5], [564.2, 925.9], [396.1, 859.1], [1590.4, 466.5], [1478.5, 542.0], [1378.1, 536.5], [1233.6, 502.5], [1141.9, 551.5], [1078.2, 548.5], [979.5, 520.0], [897.7, 553.8], [849.7, 554.2], [776.2, 522.5], [729.1, 531.5], [683.7, 526.5], [609.4, 501.5], [569.1, 506.4], [530.7, 497.2], [447.6, 475.5], [397.2, 466.5], [350.1, 449.5], [299.6, 448.5], [250.0, 441.5], [200.8, 451.5], [1793.4, 1135.0], [1434.0, 1065.0], [1104.8, 966.0], [843.7, 864.0], [636.9, 780.0], [475.7, 702.7]]",
g0_LEC,Saw,ag078_f7_r,,../g0/marked_images/RR/txt/AG078_F7_R_MARK_RDR.txt,images/ag078_f7_r.tif,g0_LEC,52,52,autolabel_v1.2,2560,1920,"[[124.9, 346.6], [2031.9, 612.1], [1644.7, 379.9], [1298.1, 397.1], [1027.4, 386.6], [804.9, 386.6], [628.8, 376.0], [471.5, 355.9], [1544.7, 357.2], [1187.5, 376.0], [922.2, 390.4], [1964.7, 1062.4], [1604.8, 1021.1], [1258.2, 926.5], [950.1, 814.6], [714.1, 712.0], [531.5, 619.9], [384.8, 540.0], [1992.8, 1151.9], [1639.5, 1115.8], [1364.7, 1078.6], [1022.2, 994.6], [739.4, 895.8], [543.4, 810.5], [372.7, 738.5], [1603.4, 358.5], [1475.8, 427.7], [1377.8, 411.7], [1248.9, 382.5], [1147.1, 425.4], [1074.5, 423.0], [972.8, 387.5], [887.6, 424.5], [835.5, 430.4], [757.7, 389.5], [712.6, 405.5], [665.5, 401.4], [588.6, 378.5], [545.3, 386.5], [505.0, 372.5], [418.1, 359.5], [370.4, 337.9], [317.0, 331.5], [265.9, 317.5], [212.2, 319.5], [163.1, 324.4], [1783.4, 1045.0], [1431.3, 974.3], [1102.4, 875.0], [830.8, 762.8], [622.0, 668.0], [457.8, 582.0]]",
g0_PIN,Saw,ag101_l,,../g0/marked_images/RR/txt/AG101_L_MARK_RDR.txt,images/ag101_l.tif,g0_PIN,52,52,autolabel_v1.2,2560,1920,"[[483.8, 318.5], [1910.9, 668.1], [1538.4, 542.6], [1290.4, 517.3], [1098.5, 478.6], [933.2, 430.6], [757.1, 382.4], [659.9, 352.0], [1441.2, 514.5], [1198.5, 497.2], [1017.0, 466.5], [1911.8, 1042.5], [1531.7, 974.5], [1225.1, 846.6], [990.5, 722.5], [806.4, 607.8], [677.2, 513.2], [586.4, 443.8], [1943.8, 1123.8], [1581.2, 1065.2], [1357.1, 1042.5], [1058.5, 930.6], [845.0, 814.6], [699.9, 698.6], [586.4, 565.2], [1490.5, 527.5], [1380.7, 547.5], [1314.4, 557.5], [1245.4, 507.5], [1149.3, 511.2], [1095.6, 514.5], [1057.1, 469.5], [975.2, 467.5], [927.9, 464.5], [886.1, 421.6], [834.6, 417.5], [784.8, 413.3], [729.6, 377.1], [700.6, 371.1], [670.5, 367.5], [636.5, 343.0], [610.9, 331.5], [584.3, 327.8], [559.6, 314.1], [531.9, 309.5], [502.8, 306.5], [1711.6, 1022.0], [1377.5, 912.5], [1106.0, 778.0], [898.2, 665.2], [741.0, 562.0], [631.4, 479.4]]",
g0_LEC,Saw,ag177_f2_r,,../g0/marked_images/RR/txt/AG177_F2_R_MARK_RDR.txt,images/ag177_f2_r.tif,g0_LEC,52,52,autolabel_v1.2,2560,1920,"[[218.4, 261.4], [2011.0, 604.1], [1651.9, 389.6], [1294.5, 378.8], [1047.7, 364.3], [833.2, 342.9], [659.9, 318.9], [526.6, 289.5], [1531.7, 364.3], [1179.7, 362.8], [934.5, 356.3], [1917.2, 1052.5], [1565.2, 1000.6], [1238.5, 904.5], [945.1, 769.9], [731.8, 656.6], [554.4, 551.2], [422.4, 459.2], [1965.2, 1136.5], [1633.1, 1096.6], [1345.0, 1044.5], [1006.5, 938.0], [737.2, 817.8], [543.8, 720.6], [407.7, 616.4], [1601.1, 364.6], [1470.8, 431.5], [1383.9, 398.5], [1245.1, 363.5], [1153.0, 408.5], [1093.4, 403.5], [991.8, 353.5], [909.7, 389.8], [867.5, 379.0], [786.1, 345.5], [740.8, 358.7], [697.0, 346.5], [625.0, 318.5], [587.9, 320.5], [556.2, 307.7], [482.8, 278.5], [435.6, 271.1], [394.9, 247.4], [347.0, 243.5], [301.7, 235.5], [256.0, 244.5], [1738.3, 1031.0], [1400.0, 957.0], [1089.1, 841.0], [838.4, 713.4], [642.5, 605.0], [486.5, 508.5]]",
g0_LEC,Saw,ag178_l,,../g0/marked_images/RR/txt/AG178_L_MARK_RDR.txt,images/ag178_l.tif,g0_LEC,52,52,autolabel_v1.2,2560,1920,"[[173.9, 463.5], [2025.0, 655.1], [1639.1, 443.6], [1267.0, 468.9], [1004.5, 474.3], [773.7, 466.3], [611.0, 478.2], [469.7, 463.5], [1516.4, 420.9], [1156.4, 463.5], [908.6, 486.2], [1952.4, 1092.9], [1592.4, 1068.9], [1243.1, 995.4], [936.4, 892.8], [691.2, 792.8], [500.4, 696.8], [367.1, 624.9], [1972.5, 1184.9], [1639.1, 1163.5], [1376.4, 1123.6], [1020.5, 1068.9], [707.2, 994.1], [511.2, 890.2], [363.2, 812.9], [1577.3, 430.5], [1429.0, 483.5], [1324.0, 492.5], [1210.4, 460.5], [1086.6, 503.5], [1003.6, 529.9], [949.7, 475.5], [827.0, 515.5], [769.6, 552.1], [722.4, 486.5], [666.3, 493.2], [610.7, 509.5], [563.6, 480.5], [515.1, 477.6], [467.5, 488.5], [418.1, 460.5], [366.2, 456.5], [321.1, 441.5], [270.0, 433.5], [219.8, 423.3], [170.2, 431.3], [1769.5, 1087.0], [1414.4, 1039.4], [1086.6, 947.0], [813.6, 842.0], [594.7, 746.7], [431.7, 665.7]]",
g0_LEC,Saw,ag179_r,,../g0/marked_images/RR/txt/AG179_R_MARK_RDR.txt,images/ag179_r.tif,g0_LEC,52,52,autolabel_v1.2,2560,1920,"[[159.2, 341.0], [1996.9, 681.1], [1648.4, 432.8], [1311.1, 414.2], [1043.2, 388.9], [831.2, 386.1], [648.4, 372.9], [505.8, 358.2], [1531.1, 406.2], [1197.9, 394.1], [931.0, 391.5], [1927.1, 1094.2], [1573.9, 1050.1], [1236.6, 956.8], [948.5, 838.1], [724.5, 732.9], [537.8, 628.8], [400.6, 550.1], [1955.2, 1183.4], [1621.8, 1147.5], [1352.4, 1094.2], [1028.5, 998.2], [748.5, 900.8], [551.2, 810.3], [400.6, 726.2], [1599.6, 408.1], [1481.3, 473.5], [1393.3, 456.8], [1255.1, 397.5], [1160.1, 445.5], [1089.2, 432.7], [985.7, 386.8], [908.3, 424.5], [860.8, 419.3], [781.5, 387.5], [734.5, 404.0], [686.5, 403.0], [609.4, 375.5], [571.5, 384.0], [532.9, 378.4], [455.8, 356.5], [405.1, 347.6], [356.5, 329.5], [303.8, 323.5], [252.3, 316.5], [202.0, 320.5], [1748.0, 1074.0], [1401.4, 1013.0], [1089.3, 907.3], [835.0, 789.0], [629.5, 683.5], [466.7, 594.7]]",
g0_LEC,Saw,ag180_f5_r,,../g0/marked_images/RR/txt/AG180_F5_R_MARK_RDR.txt,images/ag180_f5_r.tif,g0_LEC,52,52,autolabel_v1.2,2560,1920,"[[279.6, 382.4], [1969.9, 661.0], [1643.4, 477.3], [1304.8, 467.8], [1063.5, 471.9], [871.4, 462.6], [708.7, 437.1], [575.4, 410.5], [1532.8, 451.8], [1196.8, 457.2], [972.7, 477.3], [1904.9, 1121.2], [1586.2, 1069.1], [1259.5, 973.2], [990.0, 858.4], [767.5, 746.5], [603.5, 646.5], [471.5, 561.1], [1928.9, 1207.8], [1634.1, 1165.3], [1347.4, 1105.2], [1051.4, 1034.5], [791.5, 915.9], [610.2, 822.6], [470.2, 739.8], [1596.9, 452.6], [1473.8, 513.5], [1384.7, 498.2], [1253.8, 458.7], [1172.7, 508.5], [1113.8, 508.3], [1017.7, 471.5], [941.6, 498.5], [901.8, 488.3], [827.9, 465.5], [783.9, 474.5], [742.8, 464.3], [672.4, 435.5], [636.8, 440.3], [602.8, 429.3], [534.3, 405.5], [490.2, 399.5], [451.1, 377.5], [405.7, 374.5], [363.7, 361.5], [319.2, 370.5], [1741.8, 1097.8], [1420.0, 1026.0], [1122.7, 920.0], [878.7, 801.7], [685.6, 695.0], [535.7, 607.0]]",
g0_LEC,Saw,nl070_f2_l,,../g0/marked_images/RR/txt/NL070_F2_L_MARK_RDR.txt,images/nl070_f2_l.tif,g0_LEC,52,52,autolabel_v1.2,2560,1920,"[[237.5, 498.5], [2122.0, 954.0], [1775.4, 734.6], [1397.5, 702.4], [1141.5, 680.6], [917.4, 656.6], [741.6, 616.4], [599.4, 572.6], [1639.5, 706.6], [1267.5, 694.5], [1011.4, 682.6], [2001.5, 1484.6], [1643.4, 1400.6], [1299.4, 1258.6], [1007.5, 1112.5], [771.6, 972.5], [585.5, 848.5], [453.5, 744.6], [2041.4, 1578.6], [1703.5, 1516.6], [1431.5, 1456.5], [1071.5, 1334.5], [775.5, 1176.5], [577.6, 1038.4], [423.5, 932.6], [1712.5, 712.5], [1572.4, 773.5], [1479.3, 740.8], [1335.6, 692.5], [1235.4, 736.5], [1176.6, 725.5], [1073.9, 678.6], [981.7, 707.5], [939.6, 694.1], [870.9, 652.5], [820.9, 663.5], [772.3, 654.8], [704.3, 610.5], [663.0, 614.5], [625.4, 601.5], [543.6, 564.5], [490.8, 547.3], [443.1, 520.5], [389.9, 505.4], [340.2, 483.5], [285.5, 484.0], [1818.3, 1450.0], [1467.5, 1338.5], [1151.9, 1189.9], [889.7, 1043.7], [679.0, 911.0], [519.8, 798.8]]",
g0_LEC,Saw,nl070_f3_l,,../g0/marked_images/RR/txt/NL070_F3_L_MARK_RDR.txt,images/nl070_f3_l.tif,g0_LEC,52,52,autolabel_v1.2,2560,1920,"[[167.9, 421.6], [2012.0, 829.9], [1694.2, 528.5], [1283.5, 545.8], [1051.4, 531.1], [839.4, 519.2], [654.0, 493.9], [502.1, 459.2], [1558.1, 509.9], [1179.5, 527.2], [928.9, 540.6], [1938.8, 1251.5], [1588.1, 1184.9], [1237.4, 1071.5], [942.7, 935.6], [694.9, 809.0], [517.5, 708.9], [385.5, 616.9], [1956.1, 1352.8], [1633.5, 1294.3], [1381.6, 1286.3], [1024.2, 1210.2], [693.6, 1063.5], [497.4, 940.8], [356.1, 833.0], [1625.1, 517.5], [1467.8, 575.7], [1358.1, 575.6], [1233.9, 531.4], [1117.5, 575.0], [1036.5, 588.0], [986.9, 532.5], [872.8, 558.7], [812.9, 569.4], [774.3, 521.5], [709.4, 530.1], [646.4, 541.5], [605.3, 492.5], [553.7, 492.5], [500.0, 493.5], [449.3, 453.8], [392.6, 449.5], [351.2, 424.5], [296.6, 413.1], [244.2, 396.5], [188.2, 392.3], [1760.4, 1226.0], [1410.4, 1133.4], [1090.7, 1000.0], [820.7, 868.7], [607.5, 755.5], [451.5, 662.5]]",
g0_LEC,Saw,nl074_f1_r,,../g0/marked_images/RR/txt/NL074_F1_R_MARK_RDR.txt,images/nl074_f1_r.tif,g0_LEC,52,52,autolabel_v1.2,2560,1920,"[[335.6, 427.6], [1971.9, 901.0], [1631.5, 645.6], [1311.5, 617.5], [1079.5, 573.5], [869.5, 539.5], [727.5, 517.5], [607.6, 477.5], [1527.4, 611.5], [1201.6, 583.6], [973.4, 567.6], [1865.5, 1341.6], [1545.5, 1271.6], [1217.6, 1135.4], [953.5, 973.6], [757.5, 839.4], [615.6, 729.5], [503.4, 637.6], [1889.5, 1417.4], [1587.5, 1369.5], [1323.4, 1273.5], [989.4, 1161.6], [761.4, 1023.5], [589.4, 895.6], [465.4, 791.5], [1591.3, 618.5], [1475.1, 670.5], [1388.5, 646.5], [1267.4, 591.5], [1172.5, 622.5], [1115.8, 609.5], [1028.5, 562.5], [939.1, 582.6], [901.0, 564.5], [831.9, 540.5], [794.4, 546.5], [757.8, 536.3], [700.3, 507.8], [664.6, 504.5], [634.3, 489.8], [575.3, 462.5], [535.5, 447.0], [498.8, 426.5], [457.9, 415.4], [415.3, 408.5], [372.3, 412.5], [1702.7, 1315.0], [1376.4, 1215.4], [1082.6, 1062.6], [851.6, 911.6], [685.2, 788.2], [557.0, 686.0]]",
g0_LEC,Saw,nl076_f2_r,,../g0/marked_images/RR/txt/NL076_F2_R_MARK_RDR.txt,images/nl076_f2_r.tif,g0_LEC,52,52,autolabel_v1.2,2560,1920,"[[284.6, 399.9], [1977.9, 714.1], [1613.8, 517.3], [1279.1, 514.5], [1029.8, 501.3], [831.2, 499.8], [672.4, 463.9], [543.2, 425.2], [1485.7, 494.6], [1161.8, 502.6], [933.9, 505.2], [1884.3, 1186.4], [1543.2, 1113.2], [1217.8, 1013.2], [952.4, 898.4], [747.2, 781.1], [585.8, 682.6], [459.1, 594.6], [1909.8, 1281.1], [1588.5, 1217.1], [1332.5, 1177.2], [1009.9, 1086.6], [749.8, 950.5], [580.6, 838.6], [445.8, 754.5], [1555.7, 497.5], [1438.3, 564.5], [1359.3, 547.8], [1222.7, 503.5], [1130.7, 549.8], [1073.0, 538.5], [980.9, 501.5], [905.5, 532.5], [863.3, 523.5], [789.3, 500.5], [745.6, 503.5], [706.0, 486.5], [639.2, 456.5], [603.5, 452.5], [571.7, 436.5], [511.7, 410.5], [473.0, 401.5], [438.3, 383.5], [397.1, 382.5], [357.6, 379.5], [317.7, 387.8], [1712.2, 1153.0], [1377.6, 1070.0], [1081.8, 962.8], [846.4, 845.4], [664.8, 736.8], [521.2, 642.2]]",
g0_LEC,Saw,nl078_f1_r,,../g0/marked_images/RR/txt/NL078_F1_R_MARK_RDR.txt,images/nl078_f1_r.tif,g0_LEC,52,52,autolabel_v1.2,2560,1920,"[[131.6, 452.5], [2286.0, 883.9], [1885.4, 606.5], [1485.5, 584.5], [1181.5, 570.6], [931.5, 562.4], [733.6, 540.6], [561.6, 512.5], [1775.4, 566.5], [1363.4, 564.6], [1047.5, 576.5], [2211.5, 1416.6], [1813.5, 1360.6], [1421.5, 1270.5], [1083.4, 1118.6], [799.5, 962.6], [575.4, 822.6], [427.4, 722.5], [2241.5, 1494.6], [1847.4, 1458.5], [1555.5, 1406.6], [1177.4, 1310.5], [825.4, 1172.6], [587.5, 1070.6], [409.5, 956.5], [1840.3, 571.5], [1692.7, 633.5], [1587.1, 599.5], [1430.8, 569.5], [1315.9, 622.5], [1236.0, 617.5], [1113.9, 571.5], [992.5, 653.3], [948.4, 652.9], [862.5, 575.5], [793.9, 593.5], [748.5, 605.9], [684.1, 545.5], [633.8, 554.7], [585.3, 555.8], [494.1, 512.5], [434.0, 496.5], [375.4, 470.5], [314.3, 449.8], [251.5, 431.0], [186.7, 425.8], [2015.7, 1360.0], [1625.6, 1297.6], [1256.2, 1186.2], [943.2, 1035.2], [689.0, 889.0], [500.2, 772.0]]",
g0_LEC,Saw,nl079_f1_l,,../g0/marked_images/RR/txt/NL079_F1_L_MARK_RDR.txt,images/nl079_f1_l.tif,g0_LEC,52,52,autolabel_v1.2,2560,1920,"[[155.6, 266.6], [2163.9, 824.1], [1793.4, 506.5], [1383.5, 484.6], [1109.5, 468.4], [879.4, 436.5], [691.4, 404.5], [541.5, 362.6], [1655.5, 470.6], [1253.4, 470.6], [987.4, 468.4], [2033.4, 1318.5], [1663.5, 1232.5], [1291.5, 1092.5], [967.6, 912.5], [717.6, 746.5], [537.6, 626.6], [403.4, 516.6], [2063.5, 1430.6], [1723.4, 1364.5], [1411.4, 1304.4], [1041.5, 1168.5], [715.4, 996.5], [519.4, 846.6], [357.6, 724.5], [1725.0, 485.5], [1566.5, 526.0], [1461.7, 517.2], [1319.1, 475.5], [1188.5, 512.0], [1107.3, 515.5], [1045.8, 465.5], [917.1, 484.4], [851.2, 502.7], [813.4, 436.5], [747.1, 442.5], [683.3, 454.5], [641.8, 400.5], [589.3, 396.5], [537.2, 393.5], [478.6, 348.5], [412.3, 338.5], [361.1, 304.6], [300.1, 283.6], [242.7, 253.2], [182.5, 234.5], [1845.1, 1276.1], [1471.8, 1169.8], [1129.1, 1003.1], [842.7, 831.0], [628.0, 687.0], [471.2, 570.2]]",
g0_LEC,Saw,nl079_f4_r,,../g0/marked_images/RR/txt/NL079_F4_R_MARK_RDR.txt,images/nl079_f4_r.tif,g0_LEC,52,52,autolabel_v1.2,2560,1920,"[[93.6, 555.5], [2176.0, 891.1], [1763.3, 635.5], [1355.4, 637.6], [1075.4, 647.6], [855.4, 651.5], [659.4, 633.5], [495.4, 601.5], [1617.5, 603.5], [1207.4, 639.6], [949.4, 657.5], [2091.3, 1405.5], [1719.5, 1359.5], [1325.4, 1255.6], [993.5, 1129.6], [729.5, 1001.5], [527.4, 891.5], [371.4, 795.6], [2135.4, 1511.4], [1791.4, 1479.4], [1485.5, 1439.5], [1097.4, 1361.5], [743.5, 1239.6], [519.4, 1123.6], [347.4, 1015.5], [1700.0, 606.5], [1559.6, 684.9], [1458.0, 664.5], [1281.7, 636.5], [1186.4, 694.5], [1120.4, 689.9], [1011.0, 653.5], [920.1, 697.5], [877.7, 695.5], [799.1, 655.4], [745.3, 676.2], [689.5, 680.5], [614.0, 637.5], [568.7, 645.5], [524.7, 634.2], [435.2, 603.5], [377.3, 585.8], [319.0, 569.5], [262.5, 548.5], [202.5, 540.5], [143.2, 540.3], [1903.2, 1387.2], [1517.4, 1319.4], [1155.4, 1198.0], [860.1, 1067.0], [625.5, 949.0], [446.6, 848.6]]",
g0_PIN,Saw,np190_f3_r,,../g0/marked_images/RR/txt/NP190_F3_R_MARK_RDR.txt,images/np190_f3_r.tif,g0_PIN,52,52,autolabel_v1.2,2560,1920,"[[471.9, 470.0], [1923.0, 912.0], [1578.4, 763.2], [1305.1, 713.9], [1113.2, 677.8], [950.5, 626.0], [813.1, 576.5], [691.9, 524.6], [1478.4, 729.9], [1209.1, 699.2], [1019.9, 657.9], [1922.4, 1299.2], [1535.8, 1216.5], [1223.8, 1085.8], [987.9, 944.4], [811.8, 824.5], [677.2, 716.5], [589.2, 631.1], [1946.4, 1377.9], [1571.7, 1308.5], [1369.2, 1309.8], [1045.1, 1155.1], [818.5, 1027.2], [655.8, 913.8], [550.5, 777.9], [1538.0, 735.5], [1430.0, 760.5], [1364.5, 741.0], [1266.7, 696.5], [1177.6, 711.1], [1142.9, 693.4], [1074.5, 654.5], [997.3, 647.8], [972.7, 633.2], [926.8, 605.5], [883.5, 602.0], [844.5, 592.0], [792.7, 553.5], [756.2, 545.5], [721.6, 533.1], [680.2, 504.7], [645.4, 492.5], [610.1, 481.5], [575.8, 468.3], [539.5, 467.5], [505.6, 475.9], [1726.3, 1264.0], [1376.9, 1155.9], [1104.7, 1018.0], [898.1, 889.1], [743.3, 773.3], [629.1, 678.1]]",
g0_PIN,Saw,np191_f1_l,,../g0/marked_images/RR/txt/NP191_F1_L_MARK_RDR.txt,images/np191_f1_l.tif,g0_PIN,52,52,autolabel_v1.2,2560,1920,"[[615.8, 439.9], [1985.0, 946.0], [1670.4, 830.6], [1410.5, 781.1], [1231.8, 714.5], [1077.1, 642.6], [941.2, 574.5], [823.9, 518.6], [1578.4, 799.9], [1327.8, 745.2], [1154.5, 691.9], [1943.8, 1338.6], [1586.4, 1258.6], [1287.8, 1103.9], [1067.8, 949.2], [897.1, 801.2], [794.5, 694.5], [714.5, 602.6], [1961.1, 1430.6], [1631.8, 1350.4], [1443.8, 1333.2], [1123.8, 1173.3], [891.7, 1033.2], [741.1, 897.1], [666.6, 762.5], [1625.5, 814.0], [1505.7, 830.8], [1429.0, 824.5], [1369.4, 762.9], [1276.0, 756.5], [1219.6, 753.5], [1194.4, 700.5], [1104.3, 682.8], [1056.7, 671.2], [1030.2, 628.5], [982.0, 615.5], [933.9, 602.4], [904.4, 564.5], [865.9, 554.4], [828.6, 541.1], [793.1, 504.6], [762.8, 487.5], [732.8, 471.3], [705.7, 449.5], [673.5, 437.0], [639.7, 428.5], [1759.2, 1315.0], [1433.7, 1187.7], [1175.5, 1032.5], [978.9, 881.0], [838.6, 752.6], [751.0, 653.0]]",
g0_PIN,Saw,np192_f2_l,,../g0/marked_images/RR/txt/NP192_F2_L_MARK_RDR.txt,images/np192_f2_l.tif,g0_PIN,52,52,autolabel_v1.2,2560,1920,"[[509.1, 536.3], [2007.9, 811.1], [1618.4, 729.5], [1353.0, 718.9], [1153.2, 685.6], [985.1, 642.8], [829.1, 601.5], [705.3, 561.6], [1526.5, 713.5], [1266.4, 693.6], [1073.2, 669.6], [2007.7, 1209.6], [1646.5, 1181.5], [1323.9, 1092.2], [1059.8, 974.9], [858.4, 853.5], [721.2, 756.2], [618.4, 680.2], [2033.0, 1292.1], [1693.1, 1258.8], [1489.2, 1256.2], [1161.2, 1165.5], [890.4, 1056.2], [715.8, 949.6], [599.8, 829.5], [1574.1, 723.5], [1463.1, 752.4], [1387.2, 748.5], [1309.9, 707.5], [1216.4, 716.5], [1161.6, 714.1], [1113.1, 676.6], [1025.1, 674.5], [977.8, 670.3], [936.3, 635.5], [883.8, 632.5], [832.1, 631.5], [791.9, 595.4], [753.3, 588.5], [715.1, 582.6], [678.1, 555.6], [648.6, 545.5], [616.9, 542.5], [589.9, 526.4], [558.6, 522.5], [526.1, 521.5], [1825.5, 1199.0], [1479.2, 1140.0], [1191.0, 1036.0], [955.7, 915.0], [786.6, 803.6], [667.6, 719.6]]",
g0_PIN,Saw,np193_f13_r,,../g0/marked_images/RR/txt/NP193_F13_R_MARK_RDR.txt,images/np193_f13_r.tif,g0_PIN,52,52,autolabel_v1.2,2560,1920,"[[791.5, 272.5], [2046.0, 982.0], [1717.5, 762.5], [1473.4, 668.5], [1291.5, 578.6], [1139.6, 500.6], [1027.4, 432.6], [949.4, 358.5], [1631.5, 714.5], [1393.4, 630.5], [1227.5, 558.5], [1951.5, 1342.4], [1615.6, 1180.6], [1343.5, 980.5], [1133.5, 786.5], [993.5, 640.4], [895.4, 524.6], [841.4, 428.5], [1977.5, 1432.5], [1655.5, 1298.6], [1435.4, 1214.5], [1129.4, 1012.5], [931.5, 850.5], [833.4, 692.5], [779.6, 532.6], [1690.4, 726.9], [1581.3, 749.5], [1522.8, 711.3], [1449.0, 637.5], [1355.7, 637.5], [1321.3, 604.5], [1267.4, 553.5], [1199.3, 539.5], [1168.4, 512.9], [1126.3, 477.5], [1089.2, 462.7], [1058.5, 436.3], [1034.8, 408.3], [1002.4, 388.9], [975.5, 362.6], [953.6, 336.1], [928.2, 316.5], [902.9, 298.4], [876.1, 283.5], [844.5, 281.0], [814.2, 283.5], [1780.5, 1271.0], [1478.2, 1085.2], [1234.1, 886.0], [1061.7, 714.7], [943.7, 582.7], [871.5, 475.5]]",
g0_PIN,Saw,np195_f1_l,,../g0/marked_images/RR/txt/NP195_F1_L_MARK_RDR.txt,images/np195_f1_l.tif,g0_PIN,52,52,autolabel_v1.2,2560,1920,"[[488.1, 416.2], [1971.9, 740.0], [1597.4, 654.9], [1346.8, 637.6], [1146.9, 597.4], [984.2, 561.6], [836.2, 518.8], [709.6, 476.2], [1510.8, 626.8], [1264.2, 614.9], [1065.4, 576.3], [1968.2, 1126.8], [1596.1, 1052.3], [1316.1, 950.9], [1080.1, 840.3], [884.2, 733.6], [740.0, 645.6], [634.8, 570.9], [1992.2, 1210.9], [1610.8, 1130.9], [1454.8, 1168.3], [1153.4, 1069.5], [914.8, 942.9], [732.0, 834.9], [625.5, 705.5], [1553.3, 638.8], [1450.0, 656.5], [1383.1, 665.5], [1306.1, 626.6], [1209.2, 626.5], [1153.6, 634.5], [1106.7, 588.2], [1026.7, 579.5], [988.0, 585.5], [941.9, 549.4], [897.6, 539.1], [851.5, 539.5], [803.5, 512.0], [767.7, 499.5], [730.4, 494.5], [683.3, 468.8], [650.7, 454.5], [616.3, 444.8], [585.8, 425.3], [551.6, 415.1], [517.1, 405.6], [1778.1, 1100.0], [1453.8, 1007.0], [1197.3, 897.0], [981.6, 789.0], [811.2, 691.2], [686.1, 612.1]]",
g0_PIN,Saw,np195_f6_r,,../g0/marked_images/RR/txt/NP195_F6_R_MARK_RDR.txt,images/np195_f6_r.tif,g0_PIN,52,52,autolabel_v1.2,2560,1920,"[[525.5, 359.5], [1918.1, 749.1], [1549.4, 628.8], [1296.2, 580.8], [1098.7, 528.9], [945.5, 479.5], [816.1, 439.5], [694.9, 390.2], [1453.5, 594.2], [1212.2, 554.2], [1020.1, 508.8], [1882.8, 1130.3], [1541.4, 1068.9], [1237.4, 936.9], [1020.1, 804.9], [837.5, 676.9], [716.1, 574.1], [632.2, 495.5], [1910.7, 1204.8], [1597.4, 1166.1], [1370.7, 1139.6], [1070.8, 1008.8], [833.4, 863.6], [685.4, 742.2], [605.4, 608.9], [1514.0, 600.5], [1408.7, 628.5], [1348.0, 606.5], [1264.7, 558.5], [1177.1, 568.6], [1134.8, 543.5], [1066.0, 511.5], [992.4, 505.5], [969.1, 487.6], [919.6, 463.5], [881.1, 457.6], [844.9, 444.5], [801.1, 416.5], [763.7, 405.5], [727.1, 392.5], [692.6, 372.5], [665.8, 360.5], [636.1, 355.6], [607.7, 349.5], [578.9, 352.6], [550.1, 359.5], [1703.1, 1108.0], [1386.5, 1010.0], [1125.2, 874.0], [927.4, 740.4], [775.5, 627.5], [673.4, 535.4]]",
g0_PIN,Saw,np195_f7_l,,../g0/marked_images/RR/txt/NP195_F7_L_MARK_RDR.txt,images/np195_f7_l.tif,g0_PIN,52,52,autolabel_v1.2,2560,1920,"[[482.9, 397.1], [1886.9, 725.1], [1532.2, 621.2], [1280.2, 591.8], [1094.8, 556.0], [921.5, 505.2], [788.2, 461.3], [672.2, 419.8], [1432.1, 598.5], [1194.9, 570.6], [1001.5, 532.0], [1860.1, 1087.9], [1512.1, 1034.5], [1226.8, 907.9], [998.9, 793.2], [816.1, 689.3], [686.9, 599.8], [598.7, 530.5], [1898.8, 1169.2], [1544.0, 1105.2], [1397.5, 1145.2], [1084.2, 1006.5], [854.8, 874.4], [704.2, 774.6], [593.5, 649.3], [1482.9, 615.4], [1367.3, 625.5], [1295.7, 633.2], [1237.4, 584.5], [1144.8, 583.7], [1094.9, 586.5], [1046.6, 546.1], [964.2, 539.3], [925.4, 533.9], [880.5, 499.5], [837.1, 492.4], [792.7, 488.2], [755.7, 459.5], [721.8, 447.5], [686.3, 439.5], [645.4, 418.5], [616.1, 405.5], [586.2, 393.7], [555.8, 385.3], [524.9, 376.4], [494.2, 376.3], [1679.6, 1072.0], [1366.1, 973.1], [1111.5, 847.5], [910.0, 739.0], [752.6, 642.6], [642.6, 563.6]]",
g0_PIN,Saw,np195_f_r,,../g0/marked_images/RR/txt/NP195_F_R_MARK_RDR.txt,images/np195_f_r.tif,g0_PIN,52,52,autolabel_v1.2,2560,1920,"[[531.5, 434.5], [1952.8, 901.0], [1599.4, 767.9], [1350.2, 699.9], [1143.4, 638.5], [980.7, 589.2], [843.5, 543.9], [730.1, 491.8], [1514.2, 726.4], [1266.2, 667.9], [1063.5, 617.1], [1913.5, 1279.6], [1561.5, 1191.6], [1289.5, 1079.5], [1057.4, 931.5], [877.5, 805.5], [749.5, 699.6], [659.4, 603.5], [1943.5, 1357.6], [1647.5, 1303.6], [1409.4, 1251.5], [1109.5, 1109.5], [877.5, 981.6], [723.4, 869.5], [631.6, 739.6], [1571.8, 738.5], [1470.3, 764.8], [1408.1, 734.6], [1317.2, 677.5], [1230.1, 687.6], [1184.6, 659.1], [1111.8, 619.5], [1032.2, 614.5], [1006.0, 593.5], [951.9, 573.5], [909.1, 566.5], [872.8, 547.3], [825.5, 522.0], [789.1, 509.5], [755.4, 491.9], [717.9, 468.4], [687.4, 455.5], [657.2, 441.7], [625.1, 432.5], [591.3, 433.5], [560.3, 441.2], [1733.9, 1245.9], [1397.4, 1130.4], [1170.6, 1010.6], [964.6, 872.6], [812.7, 755.0], [705.1, 652.1]]",
g0_PIN,Saw,np200_f4_l,,../g0/marked_images/RR/txt/NP200_F4_L_MARK_RDR.txt,images/np200_f4_l.tif,g0_PIN,52,52,autolabel_v1.2,2560,1920,"[[608.9, 426.5], [2012.0, 794.1], [1658.1, 651.9], [1398.2, 602.6], [1219.5, 565.2], [1056.8, 522.5], [915.5, 487.9], [795.6, 451.8], [1566.1, 619.9], [1316.7, 586.6], [1138.0, 556.0], [1954.1, 1145.2], [1608.9, 1078.6], [1314.1, 961.3], [1090.1, 837.3], [923.5, 729.2], [791.5, 629.2], [704.8, 546.4], [1948.7, 1215.8], [1648.8, 1158.6], [1454.2, 1134.6], [1156.8, 1033.2], [940.8, 915.9], [804.9, 805.3], [702.2, 669.2], [1611.6, 634.1], [1498.6, 655.9], [1420.2, 655.7], [1357.7, 593.2], [1270.4, 598.5], [1218.7, 600.2], [1177.5, 553.5], [1102.0, 552.5], [1058.9, 555.5], [1015.3, 515.5], [969.8, 513.5], [922.6, 513.5], [881.9, 479.5], [845.7, 473.5], [808.2, 472.3], [767.7, 447.5], [736.3, 440.5], [706.2, 431.7], [679.4, 416.5], [648.8, 407.5], [615.5, 410.0], [1777.7, 1121.0], [1458.2, 1027.2], [1198.4, 899.4], [1006.3, 783.3], [855.2, 679.2], [748.4, 584.4]]",
g0_PIN,Saw,np201_r,,../g0/marked_images/RR/txt/NP201_R_MARK_RDR.txt,images/np201_r.tif,g0_PIN,52,52,autolabel_v1.2,2560,1920,"[[531.7, 244.2], [1949.0, 751.1], [1582.5, 578.9], [1343.7, 521.6], [1137.2, 453.5], [978.4, 401.5], [822.6, 336.2], [710.4, 286.9], [1509.0, 544.3], [1258.4, 482.9], [1063.7, 445.5], [1922.4, 1113.6], [1566.5, 1025.5], [1261.2, 877.5], [1023.7, 725.6], [841.2, 585.6], [718.4, 468.2], [626.4, 381.6], [1935.8, 1192.3], [1641.1, 1130.9], [1398.4, 1064.1], [1075.8, 916.1], [831.9, 776.1], [679.8, 640.2], [582.5, 484.2], [1558.5, 554.5], [1463.7, 597.5], [1397.1, 565.6], [1314.2, 494.5], [1221.6, 511.5], [1178.1, 479.5], [1106.1, 437.5], [1033.2, 433.7], [1005.1, 412.6], [950.4, 380.1], [900.1, 375.5], [857.6, 352.1], [807.1, 316.6], [772.5, 311.0], [740.9, 296.4], [704.3, 269.8], [675.6, 259.1], [646.1, 254.5], [618.8, 240.5], [589.0, 244.5], [559.6, 249.5], [1740.3, 1079.3], [1410.1, 960.0], [1140.3, 803.3], [931.0, 660.0], [775.8, 531.8], [673.3, 422.3]]",
g0_LEC,Saw,rb402_r,,../g0/marked_images/RR/txt/RB402_R_MARK_RDR.txt,images/rb402_r.tif,g0_LEC,52,52,autolabel_v1.2,2560,1920,"[[181.5, 327.6], [2093.9, 549.0], [1699.4, 379.6], [1323.4, 373.6], [1049.5, 363.6], [827.5, 357.6], [643.5, 347.4], [495.4, 331.5], [1551.4, 357.6], [1193.6, 361.5], [925.4, 357.6], [2029.5, 1051.6], [1659.4, 1029.6], [1287.6, 931.5], [969.5, 811.6], [727.5, 707.6], [535.4, 611.5], [397.6, 531.5], [2065.4, 1147.5], [1753.4, 1123.6], [1463.4, 1087.5], [1091.4, 1029.6], [771.6, 943.6], [553.6, 845.5], [373.6, 733.6], [1633.0, 355.5], [1498.3, 426.5], [1407.0, 406.5], [1261.1, 363.5], [1163.4, 409.1], [1100.8, 401.3], [988.0, 360.5], [903.6, 397.5], [854.6, 396.1], [778.8, 358.5], [726.8, 371.7], [677.9, 382.5], [602.6, 349.5], [562.1, 358.4], [524.7, 354.5], [448.8, 329.5], [400.2, 326.5], [357.6, 307.1], [310.9, 305.5], [265.7, 296.8], [220.7, 308.5], [1841.6, 1047.0], [1471.0, 985.0], [1127.5, 873.0], [849.0, 760.0], [628.8, 654.8], [467.7, 570.7]]",
g0_LEC,Saw,rib_x001_f_l,,../g0/marked_images/RR/txt/RIB_X001_F_L_MARK_RDR.txt,images/rib_x001_f_l.tif,g0_LEC,52,52,autolabel_v1.2,2560,1920,"[[204.8, 642.6], [2044.9, 886.1], [1659.4, 669.2], [1307.4, 689.3], [1043.4, 682.6], [838.1, 681.3], [659.4, 667.9], [512.7, 647.8], [1544.7, 653.2], [1206.1, 680.0], [952.9, 689.3], [1966.0, 1335.7], [1606.0, 1295.8], [1266.2, 1205.2], [964.8, 1089.2], [735.5, 981.2], [558.1, 894.5], [418.1, 809.2], [1988.7, 1426.5], [1675.4, 1397.1], [1398.2, 1361.2], [1070.2, 1281.1], [763.4, 1167.9], [563.5, 1059.8], [415.5, 975.8], [1601.2, 663.5], [1463.4, 723.1], [1359.8, 726.5], [1257.3, 684.8], [1137.1, 728.5], [1049.1, 733.5], [994.9, 685.5], [891.3, 709.5], [824.5, 731.5], [778.9, 681.4], [720.7, 690.5], [661.7, 703.5], [613.2, 667.5], [564.5, 670.0], [515.7, 674.5], [467.0, 644.5], [416.0, 642.5], [370.6, 628.5], [322.0, 620.5], [272.7, 610.5], [222.5, 612.5], [1780.6, 1324.0], [1432.9, 1255.0], [1113.4, 1150.0], [852.9, 1029.0], [648.6, 937.6], [489.0, 850.0]]",
g0_LEC,Saw,rib_x027_f_l,,../g0/marked_images/RR/txt/RIB_X027_F_L_MARK_RDR.txt,images/rib_x027_f_l.tif,g0_LEC,52,52,autolabel_v1.2,2560,1920,"[[336.9, 567.0], [2179.9, 844.0], [1800.7, 600.2], [1432.8, 606.9], [1174.1, 609.5], [959.6, 608.2], [776.8, 593.5], [634.2, 564.2], [1682.1, 576.3], [1336.8, 601.5], [1086.2, 618.8], [2086.2, 1309.6], [1740.9, 1272.2], [1399.5, 1177.6], [1091.4, 1050.8], [843.5, 922.8], [664.8, 818.9], [523.5, 731.0], [2100.8, 1398.8], [1778.0, 1372.3], [1536.7, 1313.5], [1186.2, 1244.1], [874.2, 1121.6], [671.5, 1021.6], [515.5, 932.1], [1741.9, 586.5], [1595.4, 646.1], [1488.3, 638.8], [1384.5, 604.5], [1269.5, 652.5], [1180.7, 655.5], [1125.7, 611.2], [1027.4, 636.5], [957.0, 655.5], [899.8, 608.5], [842.7, 621.5], [782.5, 629.0], [726.8, 592.5], [676.1, 594.5], [625.5, 598.5], [585.4, 564.5], [531.3, 562.5], [490.2, 546.7], [438.6, 538.5], [389.7, 529.5], [338.6, 534.9], [1911.1, 1296.1], [1566.9, 1228.0], [1243.1, 1112.1], [969.0, 982.0], [754.7, 871.0], [592.6, 774.0]]",
g0_PIN,Saw,rib_x034_f_l,,../g0/marked_images/RR/txt/RIB_X034_F_L_MARK_RDR.txt,images/rib_x034_f_l.tif,g0_PIN,52,52,autolabel_v1.2,2560,1920,"[[479.5, 110.6], [1958.0, 694.0], [1581.4, 480.5], [1309.4, 400.6], [1103.5, 326.5], [925.4, 266.6], [757.5, 204.6], [647.6, 148.4], [1501.5, 434.5], [1227.5, 366.5], [1019.4, 314.6], [1881.5, 1026.6], [1529.6, 926.5], [1221.4, 764.5], [973.4, 602.6], [775.5, 442.5], [647.6, 322.6], [557.5, 232.5], [1883.5, 1098.5], [1583.4, 1030.4], [1343.5, 970.6], [1033.5, 818.5], [785.4, 656.6], [635.5, 514.5], [527.4, 344.6], [1542.0, 460.5], [1414.2, 478.3], [1324.3, 472.8], [1268.7, 387.2], [1164.9, 381.5], [1102.3, 373.8], [1059.2, 314.7], [970.9, 306.5], [916.9, 303.4], [876.7, 256.5], [825.9, 244.5], [773.5, 238.5], [724.3, 190.8], [689.6, 179.5], [652.3, 172.5], [627.1, 150.6], [602.6, 133.1], [573.9, 127.5], [548.4, 113.5], [521.1, 104.5], [492.4, 98.1], [1702.7, 985.0], [1372.8, 852.0], [1096.9, 683.9], [873.4, 524.4], [710.5, 383.5], [597.8, 282.8]]",
g0_PIN,Saw,rib_x036_f_l,,../g0/marked_images/RR/txt/RIB_X036_F_L_MARK_RDR.txt,images/rib_x036_f_l.tif,g0_PIN,52,52,autolabel_v1.2,2560,1920,"[[429.5, 272.5], [1920.0, 638.1], [1549.4, 516.6], [1295.6, 492.6], [1089.4, 458.5], [925.4, 424.6], [761.4, 368.6], [631.6, 324.5], [1451.6, 490.5], [1197.5, 466.5], [1005.4, 444.5], [1919.3, 1034.5], [1531.5, 950.5], [1223.4, 822.6], [979.4, 696.6], [787.6, 584.5], [647.6, 492.6], [553.6, 418.5], [1945.5, 1124.4], [1573.4, 1042.5], [1371.4, 1070.6], [1047.5, 934.5], [815.4, 808.5], [657.5, 694.5], [549.5, 560.5], [1502.5, 501.5], [1390.1, 521.4], [1322.0, 526.5], [1246.4, 479.5], [1151.7, 484.5], [1097.6, 490.5], [1047.5, 449.5], [963.7, 446.5], [921.3, 444.5], [877.3, 410.5], [826.6, 404.1], [774.0, 398.5], [727.1, 362.5], [690.2, 351.5], [651.3, 345.5], [606.8, 318.3], [578.2, 300.7], [545.7, 294.2], [517.3, 275.8], [486.3, 265.8], [453.4, 260.5], [1720.2, 1005.2], [1375.7, 891.0], [1101.2, 755.0], [884.6, 638.0], [721.2, 532.2], [602.4, 454.0]]",
g0_PIN,Saw,rib_x054_f_l,,../g0/marked_images/RR/txt/RIB_X054_F_L_MARK_RDR.txt,images/rib_x054_f_l.tif,g0_PIN,52,52,autolabel_v1.2,2560,1920,"[[485.1, 210.5], [1950.9, 690.1], [1591.8, 522.5], [1319.8, 470.6], [1106.5, 413.1], [945.1, 365.2], [794.5, 305.3], [674.6, 258.6], [1490.5, 479.9], [1222.5, 435.8], [1018.6, 397.1], [1910.5, 1059.8], [1545.1, 978.6], [1219.7, 827.8], [983.8, 675.9], [802.5, 540.0], [681.1, 441.2], [593.1, 354.6], [1919.8, 1138.5], [1594.4, 1071.9], [1370.5, 1045.1], [1027.8, 897.1], [821.1, 755.8], [679.8, 619.9], [569.1, 478.6], [1539.8, 503.5], [1420.1, 525.4], [1339.4, 522.5], [1270.8, 454.3], [1160.5, 464.0], [1092.1, 464.6], [1062.1, 403.5], [973.4, 399.5], [929.0, 391.5], [897.1, 351.5], [847.1, 342.5], [795.8, 336.3], [758.2, 295.7], [721.7, 283.2], [684.4, 276.5], [650.9, 250.4], [624.5, 236.5], [595.2, 228.7], [568.9, 212.4], [540.0, 204.5], [509.9, 201.5], [1723.6, 1029.0], [1380.3, 908.0], [1101.8, 749.8], [891.2, 612.2], [738.4, 491.4], [634.0, 400.0]]",
g0_LEC,Saw,rib_x055_f_l,,../g0/marked_images/RR/txt/RIB_X055_F_L_MARK_RDR.txt,images/rib_x055_f_l.tif,g0_LEC,52,52,autolabel_v1.2,2560,1920,"[[328.9, 532.8], [2155.9, 726.0], [1767.5, 532.8], [1404.9, 566.1], [1154.0, 587.5], [951.6, 583.6], [776.8, 567.6], [624.9, 543.6], [1632.8, 518.1], [1300.7, 564.8], [1058.1, 583.6], [2098.0, 1187.5], [1743.5, 1150.1], [1382.2, 1054.2], [1074.1, 947.5], [851.5, 851.5], [660.7, 770.3], [524.8, 696.8], [2123.5, 1280.9], [1798.1, 1248.9], [1523.5, 1251.5], [1184.7, 1172.8], [890.2, 1071.5], [690.1, 970.2], [534.1, 875.5], [1699.8, 522.5], [1562.7, 589.8], [1459.0, 599.5], [1352.4, 564.9], [1241.5, 614.0], [1162.1, 630.4], [1105.6, 588.5], [1001.5, 608.5], [943.1, 629.5], [891.0, 585.5], [831.3, 594.5], [771.2, 608.5], [729.0, 570.5], [677.0, 569.5], [627.3, 576.2], [578.4, 546.5], [530.0, 542.5], [488.7, 530.2], [440.7, 521.2], [393.9, 509.5], [345.0, 506.5], [1914.3, 1175.0], [1559.0, 1110.0], [1225.6, 1001.6], [966.5, 895.5], [759.9, 808.0], [594.5, 731.5]]",
g0_PIN,Saw,rid_x009_f_r,,../g0/marked_images/RR/txt/RID_X009_F_R_MARK_RDR.txt,images/rid_x009_f_r.tif,g0_PIN,52,52,autolabel_v1.2,2560,1920,"[[531.7, 394.5], [1926.9, 786.1], [1574.5, 658.6], [1337.0, 627.9], [1143.9, 574.5], [987.9, 522.5], [831.9, 474.5], [718.4, 430.6], [1475.8, 623.8], [1239.8, 595.9], [1062.4, 546.4], [1910.5, 1155.8], [1545.1, 1081.2], [1258.4, 965.2], [1022.4, 830.6], [839.9, 704.0], [722.5, 606.5], [627.9, 517.3], [1921.1, 1237.2], [1577.1, 1158.6], [1402.5, 1178.4], [1065.2, 1053.1], [838.6, 918.5], [698.6, 802.5], [613.2, 651.9], [1535.7, 631.5], [1446.4, 670.1], [1387.0, 649.5], [1297.7, 603.5], [1215.1, 621.5], [1174.4, 598.9], [1111.2, 553.5], [1039.9, 558.5], [1010.6, 543.1], [952.1, 509.5], [903.6, 508.5], [862.4, 485.9], [810.5, 455.5], [775.8, 447.5], [743.2, 436.7], [705.7, 412.5], [677.3, 400.8], [647.2, 395.5], [619.4, 384.5], [589.1, 389.5], [560.3, 400.2], [1723.5, 1128.5], [1398.4, 1030.4], [1136.4, 900.0], [930.1, 770.1], [777.1, 657.1], [676.5, 561.5]]",
g0_PIN,Saw,rid_x011_f_l,,../g0/marked_images/RR/txt/RID_X011_F_L_MARK_RDR.txt,images/rid_x011_f_l.tif,g0_PIN,52,52,autolabel_v1.2,2560,1920,"[[448.8, 230.1], [1937.9, 657.1], [1562.8, 505.0], [1302.9, 466.3], [1094.8, 415.5], [936.2, 367.5], [788.9, 326.3], [662.3, 275.5], [1472.1, 468.9], [1204.2, 434.3], [1009.5, 396.9], [1889.5, 1049.5], [1532.2, 973.6], [1208.0, 825.6], [976.2, 689.5], [796.2, 568.3], [658.8, 461.5], [569.6, 381.6], [1904.0, 1125.5], [1565.4, 1064.1], [1364.0, 1025.5], [1046.9, 895.0], [813.5, 772.2], [664.2, 664.2], [557.5, 526.8], [1518.0, 488.5], [1406.1, 507.4], [1327.3, 508.5], [1254.5, 451.0], [1151.4, 453.5], [1095.0, 450.5], [1052.8, 406.3], [964.3, 400.5], [921.2, 395.7], [889.7, 357.5], [839.1, 351.5], [789.5, 349.0], [751.5, 311.5], [711.4, 300.9], [669.1, 295.5], [631.3, 267.8], [598.4, 252.5], [563.6, 243.5], [532.4, 225.1], [498.7, 214.5], [460.2, 212.5], [1702.6, 1024.0], [1365.7, 909.7], [1089.6, 760.6], [879.7, 630.7], [724.1, 518.0], [612.0, 425.0]]",
g0_PIN,Saw,rid_x056_f_r,,../g0/marked_images/RR/txt/RID_X056_F_R_MARK_RDR.txt,images/rid_x056_f_r.tif,g0_PIN,52,52,autolabel_v1.2,2560,1920,"[[263.4, 602.8], [1641.9, 828.0], [1278.1, 731.0], [1028.7, 709.6], [832.7, 685.6], [663.6, 658.8], [519.4, 637.6], [416.8, 612.1], [1176.7, 698.8], [934.1, 684.3], [738.1, 672.2], [1656.8, 1169.6], [1319.5, 1146.9], [1016.8, 1057.4], [759.5, 946.8], [564.8, 852.2], [442.1, 776.1], [356.7, 714.8], [1686.2, 1246.9], [1359.5, 1217.6], [1178.2, 1204.2], [831.4, 1120.1], [598.1, 1025.5], [443.6, 924.1], [340.7, 808.1], [1235.5, 706.5], [1143.9, 744.6], [1081.7, 725.2], [986.5, 691.0], [913.5, 716.0], [870.5, 703.5], [790.8, 670.5], [712.0, 676.5], [687.1, 665.6], [631.5, 649.5], [590.0, 650.5], [551.5, 642.5], [500.4, 625.5], [469.7, 619.5], [439.3, 612.8], [407.0, 598.5], [382.6, 592.5], [357.2, 588.7], [332.9, 586.5], [308.9, 593.6], [286.6, 604.9], [1486.2, 1165.0], [1167.8, 1103.8], [886.5, 1005.5], [658.8, 904.8], [502.8, 815.8], [399.7, 744.7]]",
splits_LEC,Saw,nl23ky_x035_a21_r,,../splits/marked_images/GK/txt/NL23KY_X035_A21_R_XY_GK.txt,images/nl23ky_x035_a21_r.tif,splits_LEC,52,52,autolabel_v1.2,2560,1920,"[[315.5, 287.8], [1982.0, 758.0], [1651.4, 566.5], [1343.1, 546.9], [1105.8, 501.5], [919.2, 473.6], [751.5, 433.2], [604.8, 394.5], [1533.4, 534.6], [1241.8, 513.6], [1005.8, 489.6], [1912.4, 1203.1], [1568.5, 1131.1], [1253.4, 1032.6], [989.4, 896.5], [779.6, 772.5], [621.4, 658.6], [499.6, 544.5], [1942.0, 1279.6], [1587.5, 1228.8], [1345.5, 1159.4], [1053.6, 1037.6], [793.4, 903.6], [613.4, 779.6], [473.4, 681.5], [1603.0, 539.5], [1486.0, 602.5], [1404.9, 587.4], [1306.8, 520.3], [1202.6, 560.9], [1147.5, 545.3], [1058.3, 488.8], [979.0, 513.5], [948.6, 499.1], [884.8, 455.5], [835.0, 466.5], [788.2, 457.7], [722.8, 418.5], [676.6, 420.1], [636.2, 399.5], [568.4, 375.5], [530.5, 348.0], [489.2, 324.7], [448.2, 300.5], [404.5, 284.5], [357.4, 278.1], [1729.9, 1188.0], [1410.8, 1106.0], [1116.5, 973.0], [884.9, 833.0], [699.9, 717.0], [558.5, 603.5]]",
splits_LEC,Saw,nl23ky_x035_a24_r,,../splits/marked_images/GK/txt/NL23KY_X035_A24_R_XY_GK.txt,images/nl23ky_x035_a24_r.tif,splits_LEC,52,52,autolabel_v1.2,2560,1920,"[[123.6, 559.2], [1904.9, 674.1], [1563.1, 536.5], [1222.5, 558.5], [969.5, 569.6], [756.5, 578.6], [570.2, 569.8], [420.9, 569.8], [1431.5, 516.6], [1103.5, 551.6], [859.5, 576.5], [1907.5, 1170.5], [1573.4, 1166.6], [1207.4, 1108.4], [897.6, 1008.6], [669.4, 924.6], [483.6, 840.5], [347.2, 759.9], [1926.5, 1260.6], [1616.4, 1254.5], [1372.5, 1206.5], [982.5, 1156.2], [714.5, 1072.1], [501.1, 989.6], [333.4, 923.5], [1507.9, 516.5], [1388.1, 590.5], [1300.7, 593.2], [1164.5, 549.5], [1078.7, 605.5], [1017.4, 605.9], [913.4, 569.1], [831.1, 611.5], [787.0, 604.5], [707.1, 578.4], [660.0, 597.5], [610.8, 597.5], [532.6, 574.5], [493.4, 582.5], [453.3, 578.5], [378.5, 564.5], [334.6, 553.1], [291.7, 539.5], [247.4, 528.9], [202.8, 523.5], [158.2, 533.3], [1741.9, 1166.0], [1384.8, 1150.0], [1051.3, 1061.3], [781.6, 968.6], [574.0, 889.0], [414.5, 803.5]]",
splits_LEC,Saw,nl23ky_x035_b16_r,,../splits/marked_images/GK/txt/NL23KY_X035_B16_R_XY_GK.txt,images/nl23ky_x035_b16_r.tif,splits_LEC,52,52,autolabel_v1.2,2560,1920,"[[182.6, 446.2], [1906.0, 722.1], [1581.8, 548.6], [1255.8, 545.8], [1001.7, 536.5], [788.9, 528.1], [617.5, 512.5], [482.1, 492.0], [1448.5, 523.1], [1139.8, 532.0], [896.5, 534.6], [1867.5, 1164.6], [1521.6, 1150.6], [1192.5, 1065.4], [925.9, 945.5], [709.8, 842.9], [536.5, 752.6], [398.4, 658.6], [1900.6, 1255.6], [1611.0, 1237.4], [1315.2, 1177.8], [1010.6, 1098.5], [727.5, 1001.5], [520.5, 894.5], [365.6, 809.6], [1524.2, 523.5], [1405.5, 589.0], [1325.6, 577.5], [1205.6, 530.5], [1116.5, 584.0], [1049.2, 579.5], [952.6, 530.5], [871.0, 567.5], [823.0, 559.5], [746.1, 529.4], [698.9, 544.5], [651.1, 534.5], [582.2, 509.5], [544.0, 513.5], [508.6, 499.1], [442.6, 479.5], [401.9, 460.4], [358.4, 443.9], [313.7, 430.2], [268.3, 424.5], [222.9, 434.6], [1690.0, 1169.0], [1354.1, 1108.0], [1060.7, 998.7], [814.8, 891.8], [620.7, 800.7], [466.3, 709.0]]",
splits_LEC,Saw,nl23ky_x035_b17_l,,../splits/marked_images/GK/txt/NL23KY_X035_B17_L_XY_GK.txt,images/nl23ky_x035_b17_l.tif,splits_LEC,52,52,autolabel_v1.2,2560,1920,"[[319.8, 285.2], [1990.0, 690.1], [1689.9, 516.6], [1360.4, 493.5], [1110.4, 463.5], [903.4, 427.6], [743.5, 396.5], [607.8, 353.9], [1578.4, 480.5], [1239.4, 466.5], [1008.4, 458.5], [1930.4, 1149.3], [1563.7, 1087.9], [1245.2, 979.4], [973.2, 817.0], [770.5, 683.4], [627.5, 577.6], [508.4, 492.6], [1963.4, 1234.6], [1581.4, 1164.6], [1385.4, 1094.6], [1033.5, 984.6], [793.4, 842.5], [617.5, 728.6], [485.5, 626.6], [1634.2, 498.7], [1494.0, 523.5], [1401.7, 533.5], [1300.8, 478.5], [1173.2, 502.5], [1096.6, 514.5], [1053.0, 452.5], [955.3, 463.5], [895.6, 474.5], [852.5, 416.5], [800.3, 421.2], [746.6, 426.5], [701.6, 387.5], [659.7, 381.5], [616.2, 379.5], [564.0, 343.5], [518.3, 332.8], [476.6, 310.5], [433.1, 292.6], [390.6, 272.1], [345.9, 262.5], [1744.0, 1126.0], [1400.6, 1037.6], [1113.5, 886.5], [878.3, 740.3], [701.3, 625.0], [568.1, 534.1]]",
splits_LEC,Saw,nl23ky_x041_a3_l,,../splits/marked_images/GK/txt/NL23KY_X041_A3_L_XY_GK.txt,images/nl23ky_x041_a3_l.tif,splits_LEC,52,52,autolabel_v1.2,2560,1920,"[[308.8, 225.8], [2014.0, 740.0], [1696.8, 497.2], [1366.2, 473.6], [1112.5, 440.6], [907.1, 397.1], [723.2, 351.5], [584.5, 300.8], [1586.2, 465.8], [1266.8, 448.8], [1032.2, 423.3], [1910.5, 1178.4], [1562.4, 1104.6], [1242.4, 958.5], [967.6, 797.5], [756.9, 662.9], [588.8, 532.2], [474.5, 426.5], [1931.4, 1277.8], [1574.1, 1197.9], [1296.4, 1135.4], [980.1, 997.6], [740.5, 842.5], [553.6, 713.5], [429.5, 606.9], [1640.6, 484.1], [1499.1, 521.4], [1397.8, 523.3], [1316.6, 463.5], [1196.8, 482.7], [1118.7, 492.5], [1070.8, 431.3], [968.4, 433.1], [900.9, 446.5], [848.4, 387.5], [786.4, 387.5], [726.3, 390.8], [683.2, 344.5], [641.5, 333.5], [596.5, 328.5], [542.7, 286.5], [497.4, 274.9], [458.5, 250.7], [416.8, 229.5], [372.7, 211.2], [325.0, 203.5], [1730.9, 1153.9], [1396.5, 1042.5], [1101.0, 882.0], [862.0, 731.0], [673.4, 596.4], [528.0, 481.0]]",
splits_LEC,Saw,nl23ky_x041_a4_l,,../splits/marked_images/GK/txt/NL23KY_X041_A4_L_XY_GK.txt,images/nl23ky_x041_a4_l.tif,splits_LEC,52,52,autolabel_v1.2,2560,1920,"[[222.6, 216.5], [1891.9, 883.9], [1621.4, 712.6], [1331.2, 372.5], [1080.6, 349.8], [863.2, 332.5], [683.4, 307.3], [526.1, 274.0], [1565.4, 686.5], [1237.9, 361.9], [993.7, 356.5], [1882.4, 1120.5], [1580.6, 1066.5], [1266.4, 950.5], [934.5, 770.5], [706.5, 634.6], [543.4, 517.3], [415.5, 414.6], [1928.4, 1211.5], [1588.5, 1103.5], [1328.4, 1011.4], [1001.5, 897.6], [717.6, 788.2], [530.9, 690.8], [391.5, 598.5], [1593.3, 690.8], [1415.1, 640.5], [1325.4, 504.9], [1282.1, 366.6], [1165.7, 402.8], [1075.8, 406.7], [1030.4, 345.5], [938.2, 363.3], [862.9, 373.5], [802.4, 323.5], [741.3, 336.2], [677.9, 343.4], [636.6, 300.5], [587.1, 301.4], [537.6, 298.5], [481.2, 260.5], [430.8, 259.3], [393.6, 236.1], [349.0, 222.5], [303.9, 206.5], [256.4, 198.5], [1727.3, 1104.0], [1415.8, 1025.8], [1095.9, 865.9], [819.4, 707.0], [620.8, 579.8], [476.7, 465.7]]",
splits_LEC,Saw,nl23ky_x041_b10_l,,../splits/marked_images/GK/txt/NL23KY_X041_B10_L_XY_GK.txt,images/nl23ky_x041_b10_l.tif,splits_LEC,52,52,autolabel_v1.2,2560,1920,"[[194.2, 447.5], [1969.0, 719.1], [1621.8, 540.6], [1287.6, 554.4], [1035.4, 548.6], [825.4, 535.6], [656.4, 509.5], [506.5, 486.6], [1508.4, 516.6], [1180.4, 539.5], [937.5, 545.6], [1915.5, 1156.6], [1549.4, 1116.4], [1217.6, 1022.4], [941.4, 920.5], [701.6, 826.5], [521.6, 734.6], [393.5, 642.6], [1949.4, 1252.6], [1579.5, 1212.6], [1307.4, 1203.5], [1014.2, 1104.8], [720.8, 1006.2], [518.6, 920.2], [366.5, 838.8], [1563.7, 533.5], [1426.4, 576.1], [1330.2, 596.5], [1234.5, 549.0], [1115.1, 578.4], [1036.8, 597.7], [981.9, 544.5], [884.3, 558.5], [827.8, 581.5], [768.0, 527.5], [709.3, 535.5], [651.9, 548.6], [612.0, 507.5], [566.1, 505.5], [519.4, 509.5], [459.1, 480.5], [409.2, 476.5], [363.0, 457.5], [314.0, 445.5], [267.3, 427.8], [215.9, 423.6], [1728.5, 1145.0], [1380.6, 1075.0], [1077.0, 977.0], [818.6, 880.0], [610.6, 784.0], [455.6, 693.6]]",
splits_LEC,Saw,nl23ky_x041_b12_l,,../splits/marked_images/GK/txt/NL23KY_X041_B12_L_XY_GK.txt,images/nl23ky_x041_b12_l.tif,splits_LEC,52,52,autolabel_v1.2,2560,1920,"[[257.6, 462.6], [1966.9, 702.0], [1631.1, 515.1], [1304.2, 517.3], [1052.0, 514.5], [852.2, 517.3], [679.5, 500.6], [536.5, 498.5], [1507.1, 488.5], [1190.8, 511.9], [957.4, 521.2], [1927.3, 1136.5], [1577.5, 1120.5], [1243.5, 1020.5], [967.6, 912.5], [735.5, 816.5], [567.8, 721.9], [438.4, 632.4], [1952.4, 1241.8], [1640.4, 1219.3], [1325.2, 1159.4], [1017.0, 1080.8], [766.4, 981.0], [574.5, 895.8], [434.5, 818.5], [1569.2, 503.5], [1431.2, 552.3], [1333.2, 554.5], [1243.5, 511.5], [1134.1, 552.4], [1054.4, 562.1], [999.0, 513.5], [905.5, 537.5], [844.9, 562.5], [794.4, 509.5], [738.1, 522.5], [682.3, 538.5], [640.0, 499.5], [598.9, 500.5], [558.7, 507.5], [496.5, 488.0], [450.8, 486.5], [411.5, 468.0], [367.5, 456.5], [324.5, 444.5], [279.5, 439.5], [1750.4, 1138.0], [1400.8, 1079.0], [1104.3, 969.3], [851.3, 866.3], [650.9, 772.9], [500.1, 680.1]]",
splits_LEC,Saw,nl23ky_x045_a3_l,,../splits/marked_images/GK/txt/NL23KY_X045_A3_L_XY_GK.txt,images/nl23ky_x045_a3_l.tif,splits_LEC,52,52,autolabel_v1.2,2560,1920,"[[318.5, 261.4], [1974.9, 703.1], [1664.4, 519.2], [1354.5, 494.6], [1111.5, 460.4], [915.5, 417.4], [751.5, 372.5], [599.4, 321.5], [1556.4, 487.2], [1246.5, 472.5], [1030.4, 455.5], [1879.2, 1163.1], [1531.1, 1088.6], [1223.2, 944.4], [978.8, 772.9], [781.5, 645.0], [617.5, 534.1], [502.6, 452.5], [1895.4, 1245.9], [1562.2, 1187.1], [1315.4, 1108.4], [1023.5, 976.4], [793.4, 808.5], [629.4, 674.6], [494.2, 579.9], [1610.2, 503.7], [1477.4, 544.1], [1384.3, 537.5], [1300.6, 482.1], [1179.3, 512.2], [1096.6, 512.5], [1071.0, 455.5], [970.0, 460.5], [904.5, 469.3], [857.7, 410.5], [798.1, 417.5], [738.3, 412.8], [708.5, 362.5], [663.9, 358.5], [619.3, 356.5], [555.5, 304.5], [508.1, 298.5], [475.1, 266.5], [428.4, 254.9], [384.5, 236.5], [336.7, 231.5], [1701.1, 1135.0], [1369.3, 1025.3], [1092.8, 860.0], [879.3, 711.0], [701.0, 587.0], [561.7, 490.7]]",
splits_PIN,Saw,np23ky_x032_a7_l,,../splits/marked_images/GK/txt/NP23KY_X032_A7_L_XY_GK.txt,images/np23ky_x032_a7_l.tif,splits_PIN,52,52,autolabel_v1.2,2560,1920,"[[548.8, 307.3], [1888.9, 800.1], [1580.6, 623.1], [1345.5, 571.5], [1138.5, 501.5], [974.5, 452.5], [829.5, 399.3], [721.0, 360.6], [1499.1, 577.8], [1265.5, 528.5], [1067.2, 477.9], [1857.6, 1147.5], [1525.5, 1062.4], [1230.1, 909.2], [1013.4, 762.5], [838.6, 624.4], [719.5, 515.5], [632.4, 427.0], [1875.1, 1230.5], [1553.8, 1127.9], [1341.4, 1091.6], [1052.5, 953.5], [830.1, 821.3], [701.8, 693.8], [604.8, 542.6], [1539.3, 601.8], [1431.2, 623.3], [1351.3, 619.5], [1302.4, 551.5], [1203.4, 552.1], [1138.7, 546.2], [1102.2, 489.5], [1018.5, 481.5], [971.0, 480.5], [932.9, 438.4], [888.1, 429.5], [841.8, 426.5], [808.5, 394.0], [778.7, 380.2], [746.8, 371.5], [698.9, 348.4], [673.4, 329.9], [644.0, 321.5], [618.4, 306.9], [589.3, 295.8], [559.4, 288.5], [1687.0, 1116.0], [1371.8, 994.8], [1116.9, 833.9], [924.6, 695.6], [777.0, 573.0], [674.2, 473.2]]",
splits_PIN,Saw,np23ky_x032_b6_l,,../splits/marked_images/GK/txt/NP23KY_X032_B6_L_XY_GK.txt,images/np23ky_x032_b6_l.tif,splits_PIN,52,52,autolabel_v1.2,2560,1920,"[[706.5, 103.5], [1877.9, 797.1], [1562.4, 625.5], [1361.5, 527.6], [1195.5, 458.5], [1032.4, 381.6], [945.5, 295.6], [852.4, 190.6], [1472.5, 603.5], [1288.4, 480.5], [1118.4, 425.4], [1823.4, 1140.4], [1495.4, 988.5], [1235.5, 824.5], [1059.8, 651.9], [910.5, 485.3], [811.8, 344.0], [746.5, 239.6], [1839.2, 1232.5], [1535.2, 1091.2], [1338.1, 1051.6], [1063.5, 854.1], [903.4, 647.6], [792.5, 482.5], [719.5, 329.5], [1517.1, 606.5], [1415.4, 592.1], [1365.5, 566.1], [1325.8, 501.5], [1237.7, 492.5], [1187.5, 492.7], [1156.8, 440.3], [1085.6, 417.1], [1051.3, 408.8], [1009.4, 356.9], [974.7, 340.2], [941.5, 320.0], [926.2, 263.7], [892.6, 240.1], [857.5, 220.0], [838.5, 177.4], [817.2, 156.7], [791.7, 144.5], [775.5, 122.1], [751.2, 108.5], [725.5, 96.5], [1654.3, 1074.3], [1363.8, 903.8], [1144.9, 741.9], [981.0, 572.0], [858.8, 415.8], [781.0, 289.3]]",
splits_PIN,Saw,np23ky_x035_a1_r,,../splits/marked_images/GK/txt/NP23KY_X035_A1_R_XY_GK.txt,images/np23ky_x035_a1_r.tif,splits_PIN,52,52,autolabel_v1.2,2560,1920,"[[562.0, 356.5], [1845.0, 786.1], [1503.4, 644.5], [1279.6, 620.6], [1077.5, 559.6], [912.5, 509.5], [796.4, 461.5], [696.0, 404.1], [1421.5, 603.5], [1204.4, 594.6], [1003.4, 559.6], [1851.1, 1111.2], [1532.4, 1048.6], [1235.1, 938.0], [1014.2, 809.6], [840.7, 678.9], [719.5, 568.5], [635.5, 480.5], [1863.4, 1182.6], [1555.5, 1110.6], [1364.0, 1076.9], [1066.7, 954.2], [849.4, 828.6], [717.6, 697.5], [621.4, 570.6], [1479.2, 614.5], [1402.1, 664.4], [1331.8, 645.3], [1254.6, 591.1], [1159.0, 597.5], [1117.3, 567.8], [1042.7, 546.5], [980.0, 527.5], [944.0, 498.5], [887.7, 491.2], [851.4, 476.9], [820.3, 451.8], [780.5, 438.0], [745.4, 425.9], [720.1, 399.6], [696.5, 384.0], [674.0, 372.5], [651.7, 362.2], [630.2, 349.5], [604.9, 352.5], [581.2, 361.3], [1685.7, 1091.7], [1380.4, 1001.4], [1125.4, 871.4], [924.0, 746.0], [777.8, 626.8], [678.9, 521.9]]",
splits_PIN,Saw,np23ky_x035_b11_l,,../splits/marked_images/GK/txt/NP23KY_X035_B11_L_XY_GK.txt,images/np23ky_x035_b11_l.tif,splits_PIN,52,52,autolabel_v1.2,2560,1920,"[[480.5, 442.5], [1915.0, 788.0], [1564.6, 648.4], [1304.4, 627.3], [1103.0, 594.0], [940.6, 557.5], [777.4, 519.4], [656.4, 475.6], [1468.4, 616.4], [1215.2, 607.2], [1012.5, 587.3], [1907.0, 1139.1], [1569.7, 1094.0], [1256.4, 983.1], [1008.8, 861.9], [818.0, 748.5], [682.1, 649.9], [588.8, 567.2], [1930.4, 1239.6], [1675.4, 1225.8], [1436.9, 1169.8], [1066.7, 1059.2], [833.4, 936.4], [678.5, 828.6], [577.6, 697.5], [1516.0, 635.5], [1406.5, 661.0], [1331.4, 674.5], [1256.9, 615.5], [1165.7, 621.5], [1112.8, 625.5], [1050.9, 578.5], [977.6, 580.9], [937.2, 584.7], [898.7, 544.5], [854.1, 537.5], [809.3, 540.2], [744.3, 508.8], [709.9, 498.4], [673.7, 496.2], [634.4, 466.9], [606.5, 454.0], [577.2, 446.7], [550.2, 431.7], [520.0, 424.5], [490.5, 423.5], [1732.4, 1133.0], [1410.2, 1045.0], [1131.0, 925.0], [911.5, 809.5], [748.1, 704.1], [636.8, 605.8]]",
splits_PIN,Saw,np23ky_x042_a27_r,,../splits/marked_images/GK/txt/NP23KY_X042_A27_R_XY_GK.txt,images/np23ky_x042_a27_r.tif,splits_PIN,52,52,autolabel_v1.2,2560,1920,"[[522.5, 346.1], [1867.9, 740.0], [1538.4, 610.6], [1298.4, 567.6], [1101.5, 512.5], [930.4, 478.6], [783.5, 425.4], [668.5, 377.5], [1456.5, 575.6], [1218.4, 535.6], [1020.5, 507.6], [1872.5, 1099.6], [1541.4, 1050.5], [1241.1, 924.1], [998.5, 780.2], [806.4, 649.5], [678.2, 532.0], [598.1, 457.2], [1894.1, 1172.6], [1562.2, 1108.4], [1377.4, 1083.6], [1051.4, 959.6], [810.5, 829.5], [657.5, 703.5], [564.8, 567.2], [1504.9, 585.5], [1421.5, 631.0], [1356.2, 607.5], [1267.8, 543.5], [1188.1, 569.5], [1142.2, 546.5], [1063.6, 500.5], [985.1, 506.5], [956.0, 484.5], [902.7, 459.2], [855.7, 455.2], [815.3, 434.8], [768.0, 402.5], [731.2, 394.5], [696.6, 381.1], [668.1, 359.6], [644.2, 348.7], [617.1, 345.5], [593.2, 334.5], [568.4, 339.5], [543.5, 346.0], [1702.4, 1085.4], [1388.1, 995.0], [1117.2, 857.2], [901.4, 716.4], [740.8, 592.8], [636.5, 497.5]]",
splits_PIN,Saw,np23ky_x042_b32_l,,../splits/marked_images/GK/txt/NP23KY_X042_B32_L_XY_GK.txt,images/np23ky_x042_b32_l.tif,splits_PIN,52,52,autolabel_v1.2,2560,1920,"[[507.5, 454.6], [1888.0, 750.0], [1551.4, 656.6], [1308.5, 618.6], [1100.4, 576.5], [936.4, 546.2], [785.8, 513.0], [677.4, 487.0], [1465.4, 620.6], [1219.5, 593.5], [1030.4, 569.6], [1913.5, 1129.6], [1583.4, 1091.2], [1268.8, 980.5], [1002.1, 863.2], [809.4, 739.6], [681.5, 639.6], [592.5, 566.5], [1933.4, 1229.4], [1652.5, 1220.6], [1408.6, 1157.9], [1063.1, 1056.6], [828.4, 932.6], [667.4, 823.4], [567.4, 676.5], [1509.2, 638.5], [1398.3, 668.5], [1318.6, 666.5], [1264.7, 606.2], [1161.8, 623.5], [1101.5, 616.0], [1064.0, 569.5], [978.9, 572.6], [924.8, 579.5], [890.9, 533.5], [842.6, 532.5], [794.3, 539.5], [756.0, 504.5], [724.1, 499.5], [693.4, 499.5], [658.3, 491.8], [635.1, 473.5], [607.4, 463.5], [578.9, 457.4], [554.3, 444.5], [524.9, 438.6], [1745.5, 1118.0], [1421.8, 1047.0], [1133.1, 928.1], [899.2, 812.2], [745.4, 690.4], [638.4, 599.0]]",
splits_PIN,Saw,np23ky_x042_b42_r,,../splits/marked_images/GK/txt/NP23KY_X042_B42_R_XY_GK.txt,images/np23ky_x042_b42_r.tif,splits_PIN,52,52,autolabel_v1.2,2560,1920,"[[555.9, 427.0], [1936.9, 751.1], [1601.7, 635.2], [1346.5, 602.0], [1150.1, 568.9], [974.0, 536.3], [817.0, 501.1], [703.1, 453.5], [1521.8, 595.9], [1263.4, 573.5], [1077.5, 560.3], [1968.4, 1131.6], [1623.5, 1088.6], [1312.4, 976.4], [1053.6, 850.5], [858.4, 729.5], [727.5, 623.6], [633.5, 538.4], [1990.4, 1217.6], [1713.4, 1210.4], [1467.5, 1149.5], [1116.4, 1043.2], [881.1, 923.3], [714.5, 800.5], [609.7, 656.2], [1573.7, 606.5], [1485.3, 660.2], [1407.6, 646.1], [1309.8, 585.5], [1240.1, 614.5], [1191.2, 603.7], [1117.3, 555.5], [1039.6, 565.5], [1005.2, 549.7], [943.3, 519.5], [895.7, 520.5], [852.1, 505.6], [805.0, 479.5], [767.2, 472.5], [732.3, 459.8], [696.5, 437.0], [672.4, 427.5], [647.2, 424.7], [623.0, 417.5], [598.7, 418.5], [574.8, 428.5], [1792.5, 1119.0], [1465.3, 1039.0], [1182.3, 913.3], [951.4, 789.0], [789.4, 679.4], [680.4, 582.4]]",
splits_PIN,Saw,np23ky_x044_a12_l,,../splits/marked_images/GK/txt/NP23KY_X044_A12_L_XY_GK.txt,images/np23ky_x044_a12_l.tif,splits_PIN,52,52,autolabel_v1.2,2560,1920,"[[581.9, 261.4], [1926.0, 735.9], [1592.4, 580.1], [1349.8, 517.5], [1152.5, 457.6], [998.5, 406.6], [850.5, 360.0], [744.1, 321.9], [1512.5, 524.2], [1272.4, 482.9], [1075.4, 435.6], [1887.8, 1102.0], [1566.5, 1023.1], [1269.8, 869.9], [1033.9, 715.2], [854.6, 583.6], [732.5, 460.4], [651.5, 379.6], [1895.8, 1173.9], [1591.8, 1085.8], [1403.4, 1028.5], [1085.5, 889.1], [867.1, 761.2], [706.5, 632.4], [625.7, 491.6], [1549.7, 557.2], [1445.7, 563.8], [1367.2, 572.5], [1310.3, 500.5], [1219.8, 486.7], [1162.8, 493.5], [1113.1, 438.5], [1044.0, 425.5], [998.6, 428.1], [962.2, 390.7], [922.2, 378.5], [880.1, 375.5], [829.2, 343.7], [801.7, 332.2], [772.4, 324.9], [724.0, 301.5], [698.4, 286.5], [670.9, 276.5], [645.8, 260.5], [618.8, 249.3], [590.7, 242.5], [1723.4, 1072.0], [1415.1, 955.1], [1147.5, 798.5], [941.1, 653.0], [791.5, 520.5], [690.7, 420.7]]",
splits_PIN,Saw,np23ky_x044_a14_r,,../splits/marked_images/GK/txt/NP23KY_X044_A14_R_XY_GK.txt,images/np23ky_x044_a14_r.tif,splits_PIN,52,52,autolabel_v1.2,2560,1920,"[[460.4, 411.8], [1856.9, 776.1], [1512.5, 629.6], [1269.8, 600.5], [1067.2, 557.9], [903.4, 530.5], [743.5, 494.6], [623.6, 454.6], [1433.8, 599.2], [1176.5, 575.2], [988.5, 546.4], [1855.4, 1109.5], [1529.6, 1070.6], [1223.4, 978.6], [958.5, 839.4], [778.5, 733.6], [630.5, 619.5], [546.4, 539.5], [1884.3, 1204.6], [1569.5, 1166.6], [1386.1, 1136.5], [1033.5, 1023.5], [795.6, 922.6], [622.5, 801.2], [505.4, 661.2], [1481.7, 609.2], [1405.1, 660.5], [1331.8, 645.3], [1229.6, 578.5], [1153.7, 608.5], [1105.3, 586.8], [1032.3, 543.5], [961.6, 557.9], [930.0, 546.5], [873.1, 513.4], [825.6, 514.5], [779.3, 504.5], [726.9, 475.5], [688.5, 469.5], [653.1, 456.6], [624.8, 435.3], [597.3, 425.5], [568.5, 419.0], [543.4, 404.9], [514.6, 406.9], [485.3, 412.2], [1687.8, 1102.0], [1359.2, 1024.0], [1085.2, 910.2], [866.2, 792.0], [700.5, 682.5], [588.6, 579.6]]",
splits_PIN,Saw,np23ky_x044_a17_l,,../splits/marked_images/GK/txt/NP23KY_X044_A17_L_XY_GK.txt,images/np23ky_x044_a17_l.tif,splits_PIN,52,52,autolabel_v1.2,2560,1920,"[[632.0, 183.4], [1942.9, 811.1], [1613.4, 602.2], [1385.4, 519.4], [1196.4, 447.5], [1045.6, 384.6], [903.8, 318.9], [789.7, 256.9], [1532.2, 544.9], [1314.8, 482.3], [1120.5, 413.6], [1869.2, 1137.8], [1566.5, 1047.3], [1279.8, 879.2], [1055.7, 704.0], [885.2, 554.4], [765.5, 425.2], [690.8, 321.3], [1883.5, 1229.4], [1628.5, 1163.5], [1381.6, 1059.6], [1095.5, 902.5], [876.4, 749.5], [736.6, 608.5], [654.0, 451.8], [1574.2, 573.7], [1463.8, 581.7], [1388.6, 566.1], [1349.1, 502.6], [1254.1, 501.5], [1193.8, 487.3], [1160.2, 425.7], [1075.3, 418.5], [1031.6, 404.1], [1006.0, 360.5], [961.3, 348.5], [914.4, 343.5], [870.8, 300.5], [832.5, 288.0], [793.4, 276.9], [767.8, 242.3], [745.6, 227.1], [720.4, 221.5], [700.9, 204.4], [679.3, 189.5], [654.2, 181.5], [1712.5, 1105.5], [1420.7, 965.7], [1166.3, 796.3], [963.7, 636.7], [821.9, 491.9], [729.0, 374.3]]",
splits_PIN,Saw,np23ky_x044_b19_r,,../splits/marked_images/GK/txt/NP23KY_X044_B19_R_XY_GK.txt,images/np23ky_x044_b19_r.tif,splits_PIN,52,52,autolabel_v1.2,2560,1920,"[[523.5, 354.1], [1934.0, 778.9], [1574.5, 622.5], [1325.4, 573.5], [1124.9, 520.3], [956.8, 481.2], [796.2, 432.6], [679.5, 385.5], [1495.4, 587.5], [1239.4, 538.9], [1048.2, 494.8], [1917.8, 1129.8], [1577.7, 1077.8], [1269.4, 949.6], [1021.6, 809.6], [823.4, 678.5], [691.4, 559.6], [599.4, 476.4], [1926.5, 1233.5], [1637.4, 1177.6], [1412.4, 1128.5], [1077.8, 997.8], [835.1, 873.8], [662.5, 749.5], [565.5, 592.5], [1548.2, 592.5], [1450.1, 632.5], [1384.5, 605.0], [1297.6, 545.5], [1208.2, 566.7], [1165.6, 542.1], [1101.3, 495.5], [1014.5, 503.0], [983.3, 486.8], [937.9, 458.5], [884.2, 453.5], [834.1, 437.6], [780.5, 408.5], [740.3, 399.2], [705.2, 381.7], [679.9, 363.4], [654.7, 352.5], [626.7, 350.5], [603.0, 337.5], [574.9, 335.6], [548.1, 342.5], [1740.1, 1119.0], [1417.9, 1021.9], [1142.6, 885.6], [918.4, 752.4], [750.5, 624.5], [647.4, 514.4]]",
splits_PIN,Saw,np23ky_x044_b21_l,,../splits/marked_images/GK/txt/NP23KY_X044_B21_L_XY_GK.txt,images/np23ky_x044_b21_l.tif,splits_PIN,52,52,autolabel_v1.2,2560,1920,"[[720.2, 47.3], [1910.9, 839.0], [1633.5, 613.6], [1417.4, 496.5], [1239.4, 390.4], [1088.6, 307.5], [960.4, 232.5], [859.5, 134.6], [1560.5, 553.6], [1341.4, 438.6], [1167.4, 346.6], [1822.6, 1199.6], [1502.6, 1055.5], [1243.1, 832.5], [1051.2, 623.1], [909.4, 443.6], [811.6, 293.6], [751.7, 171.1], [1817.4, 1285.6], [1525.5, 1156.6], [1310.5, 1038.4], [1045.6, 824.5], [861.5, 628.5], [745.4, 459.6], [696.4, 284.6], [1596.5, 587.0], [1483.8, 574.5], [1412.5, 548.0], [1379.5, 469.0], [1286.3, 446.8], [1231.4, 429.9], [1204.5, 365.5], [1130.8, 338.5], [1089.2, 328.7], [1059.0, 282.5], [1024.9, 264.5], [989.6, 251.5], [943.1, 201.6], [912.8, 177.5], [880.6, 158.1], [842.7, 116.2], [823.6, 93.5], [797.9, 81.4], [780.5, 59.0], [756.2, 44.7], [730.3, 32.8], [1657.0, 1141.0], [1368.2, 947.2], [1142.3, 723.3], [975.0, 535.4], [861.0, 368.8], [781.7, 232.7]]",
splits_PIN,Saw,np23ky_x044_b23_r,,../splits/marked_images/GK/txt/NP23KY_X044_B23_R_XY_GK.txt,images/np23ky_x044_b23_r.tif,splits_PIN,52,52,autolabel_v1.2,2560,1920,"[[514.0, 284.6], [1888.9, 741.1], [1542.1, 584.9], [1294.5, 530.9], [1094.4, 473.6], [928.9, 419.8], [783.0, 367.1], [659.0, 315.0], [1458.0, 545.6], [1212.4, 498.9], [1001.1, 451.8], [1889.1, 1119.2], [1536.5, 1039.5], [1230.5, 888.5], [979.9, 733.6], [793.8, 602.8], [658.8, 483.8], [556.8, 373.2], [1905.7, 1199.2], [1579.0, 1131.8], [1353.5, 1074.5], [1031.5, 939.5], [799.5, 788.4], [642.4, 651.5], [539.1, 502.8], [1509.8, 557.3], [1412.0, 592.5], [1348.9, 563.4], [1265.6, 506.5], [1176.3, 528.2], [1133.1, 500.5], [1056.8, 450.5], [971.8, 444.3], [947.9, 422.4], [900.0, 397.5], [854.0, 393.5], [814.7, 376.2], [767.2, 343.5], [727.6, 332.1], [689.5, 317.0], [664.3, 295.5], [639.6, 285.5], [613.1, 281.5], [588.3, 273.8], [562.8, 267.5], [536.4, 273.5], [1706.3, 1092.0], [1377.3, 969.3], [1103.7, 815.7], [885.9, 669.9], [724.3, 540.3], [605.2, 431.2]]",
splits_PIN,Saw,np23ky_x047_b2_l,,../splits/marked_images/GK/txt/NP23KY_X047_B2_L_XY_GK.txt,images/np23ky_x047_b2_l.tif,splits_PIN,52,52,autolabel_v1.2,2560,1920,"[[509.5, 292.6], [1943.5, 774.6], [1569.5, 600.5], [1318.5, 546.4], [1114.5, 490.5], [937.5, 437.5], [788.4, 385.3], [671.8, 337.3], [1495.4, 558.5], [1232.5, 510.6], [1031.5, 466.5], [1886.1, 1110.0], [1532.8, 1011.2], [1243.5, 876.6], [995.4, 742.2], [808.1, 615.6], [675.4, 492.2], [579.5, 410.1], [1905.7, 1208.5], [1584.4, 1142.6], [1383.1, 1110.0], [1038.4, 961.5], [806.4, 827.6], [639.6, 695.5], [552.9, 537.2], [1530.4, 583.5], [1421.0, 611.5], [1330.5, 600.5], [1273.2, 531.7], [1169.6, 540.5], [1104.8, 527.3], [1073.0, 475.5], [984.6, 469.5], [936.9, 466.4], [892.1, 421.5], [843.4, 414.5], [794.5, 412.0], [755.3, 371.8], [720.9, 360.4], [684.2, 354.5], [650.3, 328.8], [625.6, 314.1], [597.3, 310.5], [575.9, 293.5], [548.6, 285.1], [521.4, 278.1], [1702.6, 1078.0], [1384.9, 948.0], [1118.9, 811.9], [897.9, 684.9], [735.7, 560.7], [625.8, 453.8]]",
splits_LEC,Saw,ne_x002_a15_r,,../splits/marked_images/BH/txt/NE_X002_A15_R_MARK_BH.txt,images/ne_x002_a15_r.tif,splits_LEC,52,52,autolabel_v1.2,2560,1920,"[[104.6, 492.6], [1934.9, 692.1], [1535.8, 501.3], [1191.8, 513.6], [931.9, 513.6], [715.2, 514.5], [563.1, 505.2], [412.5, 494.6], [1441.2, 475.8], [1099.8, 501.5], [851.7, 525.5], [1865.5, 1175.4], [1534.5, 1146.5], [1186.4, 1057.4], [880.5, 938.6], [635.5, 833.6], [457.4, 749.5], [324.5, 671.5], [1893.4, 1264.4], [1575.4, 1237.4], [1314.6, 1151.4], [974.5, 1086.6], [674.6, 1001.5], [472.5, 914.6], [315.5, 844.6], [1501.2, 476.7], [1379.7, 550.8], [1284.4, 535.5], [1155.1, 498.4], [1056.6, 551.9], [991.0, 543.5], [892.4, 511.1], [807.5, 548.5], [758.2, 540.5], [673.8, 516.5], [634.5, 529.5], [594.7, 525.5], [526.3, 502.5], [486.7, 506.5], [448.4, 503.5], [372.6, 489.1], [324.6, 486.5], [280.7, 470.2], [232.3, 470.5], [187.0, 465.5], [140.0, 470.5], [1698.6, 1165.0], [1355.8, 1113.0], [1029.2, 1003.2], [757.5, 888.5], [546.9, 789.9], [390.4, 712.4]]",
splits_LEC,Saw,ne_x006_b5_r,,../splits/marked_images/BH/txt/NE_X006_B5_R_MARK_BH.txt,images/ne_x006_b5_r.tif,splits_LEC,52,52,autolabel_v1.2,2560,1920,"[[216.9, 500.2], [1885.0, 664.0], [1514.2, 510.8], [1193.1, 527.2], [954.4, 541.9], [766.2, 544.3], [608.9, 537.6], [474.1, 518.8], [1416.8, 494.8], [1097.2, 517.9], [880.7, 546.9], [1847.4, 1104.1], [1515.5, 1081.4], [1183.4, 998.5], [913.5, 903.0], [682.8, 812.2], [510.1, 732.3], [384.8, 662.9], [1893.4, 1198.8], [1572.1, 1174.8], [1327.5, 1135.4], [996.7, 1088.8], [722.1, 985.5], [534.1, 897.6], [376.8, 829.5], [1476.9, 489.4], [1357.2, 556.5], [1272.8, 542.3], [1152.8, 509.5], [1067.7, 564.8], [1009.2, 557.7], [923.9, 530.5], [844.7, 573.5], [803.8, 565.5], [726.8, 544.5], [686.8, 559.5], [646.0, 553.5], [579.9, 530.6], [542.4, 539.5], [506.1, 531.6], [442.8, 511.5], [404.6, 509.5], [370.1, 492.6], [329.8, 489.5], [291.1, 484.5], [252.3, 489.8], [1679.1, 1098.0], [1345.8, 1045.0], [1045.2, 952.2], [796.5, 859.5], [596.4, 772.4], [444.9, 701.0]]",
splits_LEC,Saw,ne_x011_a13_l,,../splits/marked_images/BH/txt/NE_X011_A13_L_MARK_BH.txt,images/ne_x011_a13_l.tif,splits_LEC,52,52,autolabel_v1.2,2560,1920,"[[286.1, 432.1], [1993.5, 740.5], [1637.4, 549.9], [1306.1, 544.3], [1074.1, 532.2], [876.4, 521.8], [710.2, 495.2], [574.1, 467.6], [1534.7, 521.8], [1204.8, 529.6], [991.1, 528.5], [1918.1, 1189.5], [1568.5, 1122.5], [1245.4, 1006.5], [972.5, 877.5], [752.6, 773.5], [585.5, 683.4], [461.5, 599.6], [1953.5, 1288.4], [1621.4, 1231.6], [1371.4, 1190.5], [1037.6, 1104.6], [781.5, 978.6], [600.5, 870.5], [466.5, 765.5], [1587.9, 526.4], [1461.5, 553.4], [1381.2, 572.5], [1255.0, 525.5], [1152.6, 548.9], [1090.7, 565.5], [1030.7, 522.5], [947.2, 533.3], [889.6, 550.9], [827.5, 511.0], [777.5, 515.5], [727.8, 523.7], [671.4, 484.9], [630.0, 484.5], [590.0, 486.5], [531.1, 455.5], [485.7, 453.5], [444.8, 437.5], [401.0, 427.5], [357.2, 415.5], [313.9, 410.5], [1740.6, 1161.0], [1403.7, 1070.7], [1107.7, 944.7], [859.1, 828.1], [667.6, 731.6], [521.7, 642.7]]",
splits_LEC,Saw,ne_x012_a20_r,,../splits/marked_images/BH/txt/NE_X012_A20_R_MARK_BH.txt,images/ne_x012_a20_r.tif,splits_LEC,52,52,autolabel_v1.2,2560,1920,"[[128.6, 398.4], [1941.0, 724.1], [1559.8, 506.5], [1207.4, 487.9], [947.5, 467.8], [739.4, 454.6], [563.5, 441.6], [422.4, 423.5], [1462.4, 469.3], [1108.9, 461.3], [843.8, 461.3], [1848.5, 1162.9], [1508.4, 1120.1], [1175.2, 1022.9], [857.8, 884.6], [630.1, 777.9], [462.2, 684.5], [324.8, 603.3], [1900.8, 1255.8], [1552.9, 1218.4], [1302.0, 1139.8], [958.1, 1055.9], [684.7, 934.5], [488.8, 845.3], [322.2, 758.6], [1528.3, 474.5], [1384.1, 533.5], [1291.8, 501.5], [1176.7, 459.5], [1065.6, 508.9], [1001.4, 492.5], [903.9, 453.5], [813.2, 490.5], [769.1, 481.6], [699.4, 449.5], [651.2, 468.3], [601.8, 462.5], [532.1, 436.4], [493.0, 446.5], [453.8, 438.5], [385.4, 419.5], [340.6, 415.5], [301.3, 397.5], [256.0, 394.5], [212.1, 386.5], [167.2, 388.5], [1674.1, 1151.0], [1338.9, 1077.9], [1013.3, 961.3], [741.2, 835.2], [545.1, 733.1], [391.2, 648.2]]",
splits_LEC,Saw,ne_x012_a21_l,,../splits/marked_images/BH/txt/NE_X012_A21_L_MARK_BH.txt,images/ne_x012_a21_l.tif,splits_LEC,52,52,autolabel_v1.2,2560,1920,"[[168.5, 423.5], [1963.9, 700.1], [1584.4, 498.5], [1238.5, 508.6], [988.5, 510.6], [791.5, 497.6], [620.6, 481.6], [477.5, 452.5], [1483.5, 473.6], [1141.5, 495.5], [903.4, 508.6], [1890.4, 1144.5], [1540.4, 1093.5], [1189.5, 990.5], [901.4, 870.5], [676.5, 771.6], [501.5, 678.5], [375.5, 606.5], [1924.5, 1237.4], [1583.4, 1193.6], [1323.4, 1153.6], [984.4, 1074.5], [705.5, 975.6], [523.5, 875.5], [379.4, 793.6], [1533.8, 480.5], [1403.5, 518.0], [1313.6, 535.1], [1189.7, 493.5], [1081.6, 527.9], [1008.9, 539.5], [941.6, 501.5], [852.0, 523.5], [790.9, 534.5], [737.6, 492.5], [685.9, 502.5], [631.7, 508.5], [580.0, 472.5], [536.8, 472.5], [492.6, 473.1], [431.1, 444.4], [383.2, 441.5], [341.5, 425.5], [293.6, 418.5], [246.4, 405.5], [196.8, 400.5], [1707.8, 1124.0], [1357.0, 1046.0], [1045.2, 930.2], [789.7, 819.7], [588.5, 715.5], [434.3, 644.0]]",
splits_LEC,Saw,ne_x012_a3_r,,../splits/marked_images/BH/txt/NE_X012_A3_R_MARK_BH.txt,images/ne_x012_a3_r.tif,splits_LEC,52,52,autolabel_v1.2,2560,1920,"[[48.4, 449.6], [1947.0, 713.0], [1537.1, 507.6], [1174.8, 491.8], [912.9, 490.5], [700.7, 486.6], [519.4, 475.8], [366.2, 465.2], [1434.5, 475.6], [1073.4, 478.6], [820.8, 490.5], [1867.5, 1163.5], [1528.5, 1146.5], [1160.5, 1064.6], [843.5, 939.5], [603.5, 827.6], [420.5, 732.5], [278.5, 647.6], [1909.4, 1262.5], [1559.4, 1241.5], [1307.4, 1162.5], [949.4, 1084.5], [645.4, 1003.4], [435.4, 905.6], [274.4, 826.5], [1503.1, 476.5], [1357.6, 539.5], [1265.1, 506.5], [1133.6, 471.5], [1032.6, 525.5], [969.0, 513.5], [870.7, 478.8], [783.8, 517.7], [737.3, 512.8], [654.8, 483.5], [608.5, 501.5], [559.2, 500.5], [481.4, 472.5], [442.2, 482.7], [402.1, 475.5], [329.5, 457.0], [280.1, 452.6], [235.5, 435.5], [185.1, 434.5], [138.0, 427.5], [89.6, 431.5], [1692.1, 1165.0], [1343.7, 1113.0], [1002.1, 1003.0], [722.9, 885.0], [511.3, 778.3], [348.3, 693.0]]",
splits_LEC,Saw,ne_x012_b12_l,,../splits/marked_images/BH/txt/NE_X012_B12_L_MARK_BH.txt,images/ne_x012_b12_l.tif,splits_LEC,52,52,autolabel_v1.2,2560,1920,"[[383.5, 454.6], [2041.9, 757.1], [1711.5, 554.4], [1386.5, 545.6], [1154.5, 535.6], [960.4, 517.5], [796.4, 502.6], [659.4, 484.6], [1611.5, 526.6], [1289.5, 529.6], [1072.6, 535.6], [1961.5, 1157.5], [1659.4, 1114.5], [1344.4, 1011.4], [1073.4, 896.5], [865.6, 788.4], [696.4, 705.5], [578.4, 638.5], [2016.4, 1240.5], [1708.5, 1201.6], [1471.4, 1136.5], [1160.5, 1057.4], [909.4, 948.5], [723.4, 854.6], [576.5, 773.5], [1661.8, 532.5], [1529.8, 573.5], [1434.4, 568.5], [1340.1, 531.5], [1237.6, 560.9], [1171.0, 570.5], [1110.1, 527.5], [1021.9, 548.5], [959.9, 556.6], [908.4, 514.5], [857.0, 526.5], [804.4, 531.5], [756.1, 497.5], [714.4, 502.5], [672.8, 503.3], [619.6, 474.5], [575.6, 475.5], [537.9, 460.4], [495.7, 453.2], [454.8, 444.5], [412.8, 438.5], [1805.7, 1140.0], [1500.5, 1065.0], [1202.6, 954.6], [973.7, 839.7], [784.1, 739.0], [636.5, 672.5]]",
splits_LEC,Saw,nl22ne_x002_a17_l,,../splits/marked_images/BH/txt/NL22NE_X002_A17_L_MARK_BH.txt,images/nl22ne_x002_a17_l.tif,splits_LEC,52,52,autolabel_v1.2,2560,1920,"[[264.5, 380.5], [2089.0, 662.0], [1684.5, 430.6], [1332.5, 438.6], [1075.4, 436.5], [882.4, 427.6], [708.5, 411.6], [566.5, 400.6], [1589.4, 400.6], [1242.4, 428.5], [988.5, 443.6], [2013.3, 1110.6], [1664.4, 1081.4], [1303.6, 985.5], [1003.4, 851.5], [771.6, 739.6], [593.5, 646.5], [465.4, 569.6], [2046.4, 1200.5], [1695.5, 1170.5], [1429.5, 1103.5], [1085.5, 1032.6], [807.5, 922.6], [612.6, 832.5], [467.6, 750.6], [1637.1, 413.6], [1504.8, 459.7], [1404.8, 460.3], [1286.4, 428.5], [1176.9, 468.6], [1092.9, 469.5], [1028.2, 431.5], [938.4, 455.1], [875.6, 471.5], [827.3, 426.5], [772.1, 437.5], [715.8, 445.5], [666.3, 408.2], [623.9, 409.6], [582.1, 418.4], [521.3, 395.5], [473.3, 395.5], [432.8, 382.5], [384.8, 378.5], [340.7, 365.2], [293.8, 360.5], [1835.2, 1104.0], [1477.9, 1039.9], [1154.9, 915.9], [888.4, 794.0], [682.7, 690.0], [532.0, 607.0]]",
splits_LEC,Saw,nl22ne_x002_b11_r,,../splits/marked_images/BH/txt/NL22NE_X002_B11_R_MARK_BH.txt,images/nl22ne_x002_b11_r.tif,splits_LEC,52,52,autolabel_v1.2,2560,1920,"[[186.5, 509.5], [1920.0, 716.1], [1554.4, 507.6], [1205.5, 509.5], [949.4, 521.6], [746.5, 524.6], [572.6, 524.6], [434.5, 514.5], [1449.4, 475.6], [1098.5, 497.6], [853.5, 535.6], [1845.5, 1132.4], [1543.4, 1121.6], [1202.4, 1046.4], [892.4, 935.6], [663.6, 841.6], [485.5, 754.5], [356.5, 682.6], [1877.4, 1228.6], [1587.5, 1203.5], [1339.4, 1158.6], [985.5, 1098.5], [699.4, 1012.5], [490.5, 937.5], [337.5, 855.4], [1518.8, 479.5], [1385.3, 549.2], [1291.7, 528.5], [1159.4, 497.5], [1063.8, 550.5], [996.9, 547.5], [905.0, 516.5], [816.2, 558.3], [772.0, 553.5], [701.1, 528.4], [657.0, 549.5], [608.3, 547.8], [537.1, 524.5], [501.5, 536.0], [464.5, 529.0], [400.0, 514.5], [363.2, 512.7], [329.2, 499.5], [291.2, 504.5], [256.2, 494.5], [219.0, 501.5], [1683.6, 1128.0], [1370.9, 1087.9], [1046.2, 993.0], [779.9, 888.9], [573.9, 800.9], [420.8, 720.8]]",
splits_LEC,Saw,nl22ne_x002_b15_l,,../splits/marked_images/BH/txt/NL22NE_X002_B15_L_MARK_BH.txt,images/nl22ne_x002_b15_l.tif,splits_LEC,52,52,autolabel_v1.2,2560,1920,"[[358.5, 678.5], [2004.9, 753.0], [1702.4, 620.6], [1417.4, 608.5], [1165.5, 606.5], [951.6, 612.6], [784.6, 618.6], [638.5, 628.5], [1654.4, 618.6], [1326.5, 589.4], [1076.5, 609.5], [1982.4, 1126.6], [1700.5, 1099.6], [1408.6, 1048.6], [1146.5, 985.5], [910.5, 917.4], [724.5, 853.5], [588.6, 808.5], [2018.5, 1222.5], [1747.4, 1188.6], [1547.5, 1158.6], [1249.5, 1106.5], [989.4, 1029.6], [783.5, 975.6], [612.6, 950.5], [1679.3, 607.5], [1568.6, 639.5], [1476.5, 620.8], [1371.8, 591.5], [1266.4, 626.1], [1190.3, 627.5], [1116.5, 599.5], [1020.7, 631.5], [954.8, 652.5], [893.0, 609.5], [839.5, 631.5], [786.5, 654.5], [738.4, 618.5], [693.7, 631.5], [651.9, 651.6], [593.6, 629.5], [552.2, 644.3], [510.1, 641.5], [468.2, 647.3], [424.9, 649.4], [381.9, 654.5], [1840.0, 1116.0], [1553.1, 1078.0], [1277.5, 1014.0], [1027.3, 954.0], [818.5, 882.5], [657.0, 829.0]]",
splits_LEC,Saw,nl22ne_x006_b3_l,,../splits/marked_images/BH/txt/NL22NE_X006_B3_L_MARK_BH.txt,images/nl22ne_x006_b3_l.tif,splits_LEC,52,52,autolabel_v1.2,2560,1920,"[[340.5, 499.6], [1979.0, 711.1], [1629.4, 546.4], [1326.5, 561.6], [1096.6, 560.5], [902.5, 560.5], [744.6, 547.5], [614.5, 529.6], [1537.6, 525.5], [1234.4, 549.5], [1010.6, 565.5], [1932.5, 1142.6], [1612.5, 1129.6], [1267.5, 1084.5], [1015.5, 923.5], [802.5, 823.4], [637.4, 732.5], [515.5, 661.6], [1981.4, 1234.6], [1651.4, 1221.4], [1419.4, 1134.6], [1086.4, 1089.4], [839.4, 994.6], [656.4, 907.5], [511.4, 831.4], [1584.2, 530.5], [1470.0, 565.5], [1393.3, 591.8], [1281.9, 550.5], [1180.0, 584.5], [1112.5, 590.5], [1048.7, 553.5], [964.3, 576.5], [908.9, 590.5], [853.2, 555.3], [804.4, 568.5], [752.2, 575.5], [704.2, 541.5], [663.2, 545.5], [622.2, 549.3], [574.3, 517.5], [527.8, 518.5], [496.1, 501.6], [452.9, 492.5], [411.0, 486.5], [366.2, 481.5], [1768.7, 1141.0], [1437.6, 1107.6], [1155.6, 993.0], [910.8, 868.0], [724.3, 771.0], [576.1, 698.1]]",
splits_LEC,Saw,nl22ne_x011_b4,,../splits/marked_images/BH/txt/NL22NE_X011_B4_MARK_BH.txt,images/nl22ne_x011_b4.tif,splits_LEC,52,52,autolabel_v1.2,2560,1920,"[[250.2, 535.9], [1923.9, 684.1], [1578.8, 508.2], [1265.5, 525.5], [1014.9, 535.9], [824.1, 551.8], [659.4, 551.8], [519.4, 540.0], [1482.9, 489.6], [1154.9, 518.8], [921.5, 550.5], [1868.1, 1107.1], [1558.7, 1077.8], [1234.4, 1003.9], [959.1, 911.8], [734.4, 828.8], [558.5, 749.5], [430.4, 684.3], [1907.7, 1202.4], [1602.4, 1177.2], [1366.4, 1135.4], [1047.7, 1090.5], [782.4, 998.5], [592.9, 921.8], [428.9, 855.2], [1547.4, 478.9], [1421.3, 543.2], [1340.7, 531.2], [1221.6, 502.5], [1118.5, 559.0], [1064.9, 556.4], [967.6, 533.5], [893.0, 575.5], [856.4, 570.5], [783.0, 550.5], [742.6, 567.5], [699.3, 567.5], [626.2, 543.5], [589.9, 552.5], [555.2, 547.5], [493.4, 526.5], [450.1, 530.4], [410.9, 520.5], [369.4, 515.1], [328.8, 513.5], [287.9, 523.5], [1712.0, 1096.0], [1395.2, 1044.0], [1093.3, 962.3], [846.2, 871.0], [647.6, 786.6], [493.5, 719.5]]",
splits_LEC,Saw,nl22ne_x011_b5_l,,../splits/marked_images/BH/txt/NL22NE_X011_B5_L_MARK_BH.txt,images/nl22ne_x011_b5_l.tif,splits_LEC,52,52,autolabel_v1.2,2560,1920,"[[259.5, 532.6], [1935.8, 660.1], [1603.0, 494.6], [1273.7, 511.9], [1032.4, 532.0], [834.2, 546.4], [671.5, 548.0], [536.7, 534.6], [1492.4, 474.5], [1173.9, 507.8], [949.8, 542.6], [1900.6, 1084.5], [1593.5, 1073.4], [1258.4, 996.5], [976.4, 900.6], [750.4, 818.5], [575.4, 746.5], [446.4, 676.5], [1955.4, 1179.5], [1633.5, 1157.5], [1396.5, 1132.4], [1066.5, 1091.6], [784.6, 1021.6], [585.5, 944.4], [436.5, 858.4], [1550.2, 476.5], [1424.8, 522.7], [1342.8, 533.3], [1223.0, 501.5], [1123.6, 545.9], [1054.7, 554.5], [988.0, 527.5], [904.0, 556.5], [847.3, 573.5], [782.2, 547.5], [733.8, 564.5], [682.1, 571.5], [630.1, 546.5], [588.4, 555.5], [545.1, 558.5], [494.7, 533.5], [451.2, 539.5], [415.9, 525.4], [373.8, 517.5], [331.5, 514.5], [287.2, 514.5], [1741.9, 1081.0], [1424.5, 1038.5], [1114.7, 951.0], [861.1, 864.0], [661.1, 786.0], [507.8, 717.0]]",
splits_LEC,Saw,nl22ne_x012_a27_l,,../splits/marked_images/BH/txt/NL22NE_X012_A27_L_MARK_BH.txt,images/nl22ne_x012_a27_l.tif,splits_LEC,52,52,autolabel_v1.2,2560,1920,"[[282.4, 484.6], [2033.9, 686.0], [1672.4, 516.6], [1330.6, 518.6], [1091.4, 523.5], [897.6, 521.6], [737.4, 516.6], [593.5, 498.5], [1570.4, 489.6], [1236.6, 506.5], [1008.4, 523.5], [1967.5, 1124.4], [1621.4, 1092.5], [1291.5, 991.5], [1022.4, 889.6], [797.5, 788.4], [628.5, 712.6], [497.4, 640.4], [2012.5, 1212.6], [1658.6, 1169.6], [1424.5, 1121.6], [1115.6, 1060.5], [843.5, 983.6], [657.5, 893.5], [500.4, 819.6], [1622.5, 498.5], [1492.5, 542.3], [1401.6, 541.1], [1285.5, 505.5], [1182.0, 540.5], [1109.5, 545.5], [1047.6, 515.5], [962.6, 539.9], [904.8, 553.5], [844.6, 520.5], [796.1, 536.4], [744.9, 541.5], [694.7, 511.5], [650.9, 516.5], [607.5, 520.5], [546.7, 492.5], [496.9, 496.4], [456.1, 476.5], [405.4, 472.5], [357.2, 462.5], [306.7, 460.8], [1787.9, 1118.0], [1455.1, 1044.1], [1158.3, 935.0], [911.6, 836.6], [713.3, 751.0], [562.8, 677.0]]",
splits_LEC,Saw,ne_x002_a11_l,,../splits/marked_images/GK/txt/NE_X002_A11_L_MARK_GK.txt,images/ne_x002_a11_l.tif,splits_LEC,52,52,autolabel_v1.2,2560,1920,"[[232.1, 458.3], [2023.9, 640.0], [1649.5, 460.4], [1316.5, 478.2], [1051.2, 483.6], [856.5, 490.3], [687.5, 483.6], [534.6, 465.6], [1549.4, 438.6], [1213.9, 471.5], [964.5, 498.3], [1974.0, 1123.6], [1647.5, 1090.3], [1298.4, 1003.4], [994.6, 877.5], [768.6, 781.5], [580.6, 705.5], [456.6, 629.6], [1991.5, 1210.4], [1691.4, 1186.4], [1433.4, 1146.5], [1096.6, 1078.6], [792.5, 970.6], [604.6, 882.4], [452.5, 800.5], [1598.5, 446.5], [1475.8, 489.5], [1389.9, 503.5], [1261.0, 467.5], [1153.6, 508.9], [1071.0, 516.5], [999.3, 479.5], [916.8, 508.7], [858.9, 530.5], [800.6, 490.5], [745.3, 503.5], [689.5, 515.5], [644.2, 479.5], [600.8, 482.5], [556.1, 486.5], [486.6, 459.5], [438.6, 461.5], [398.6, 443.5], [349.4, 438.5], [300.6, 430.5], [250.9, 434.5], [1808.6, 1112.6], [1467.7, 1057.7], [1145.6, 943.0], [880.5, 833.0], [673.1, 748.0], [518.8, 668.0]]",
splits_LEC,Saw,ne_x002_a14_l,,../splits/marked_images/GK/txt/NE_X002_A14_L_MARK_GK.txt,images/ne_x002_a14_l.tif,splits_LEC,52,52,autolabel_v1.2,2560,1920,"[[178.5, 527.6], [2025.9, 707.0], [1627.4, 499.6], [1283.0, 519.2], [1019.2, 527.2], [815.9, 532.6], [638.5, 531.1], [493.5, 517.5], [1527.4, 469.5], [1175.2, 507.1], [932.6, 537.8], [1960.4, 1156.6], [1618.4, 1140.4], [1264.4, 1070.6], [958.5, 968.2], [722.5, 870.8], [537.2, 788.2], [399.7, 712.2], [1999.5, 1261.4], [1657.5, 1239.6], [1393.4, 1197.5], [1045.6, 1134.6], [747.4, 1052.5], [555.5, 980.5], [396.9, 893.9], [1578.8, 478.5], [1450.2, 522.5], [1358.7, 534.2], [1230.9, 507.6], [1115.5, 548.0], [1038.4, 554.5], [970.8, 521.5], [882.0, 550.5], [819.4, 567.5], [762.6, 529.9], [709.7, 545.5], [655.3, 557.5], [596.0, 527.5], [550.9, 533.6], [506.6, 541.5], [446.1, 512.5], [396.3, 520.5], [354.4, 505.5], [302.1, 505.5], [252.6, 496.5], [201.0, 500.5], [1787.3, 1158.0], [1438.3, 1117.0], [1110.4, 1021.0], [836.4, 918.0], [630.5, 828.5], [468.2, 750.0]]",
splits_LEC,Saw,ne_x002_b5_l,,../splits/marked_images/BH/txt/NE_X002_B5_L_MARK_BH.txt,images/ne_x002_b5_l.tif,splits_LEC,52,52,autolabel_v1.2,2560,1920,"[[313.1, 454.0], [2052.9, 748.0], [1691.8, 498.5], [1341.1, 501.3], [1082.5, 505.8], [891.7, 505.8], [722.5, 495.2], [578.4, 479.2], [1589.2, 470.6], [1243.7, 486.6], [1006.5, 513.8], [1978.3, 1142.1], [1654.4, 1114.3], [1317.2, 1028.3], [1019.2, 889.8], [795.1, 787.1], [614.7, 695.1], [492.2, 620.8], [2005.8, 1210.2], [1684.5, 1171.5], [1452.2, 1145.0], [1092.2, 1074.1], [817.8, 976.4], [632.4, 872.5], [489.8, 788.4], [1640.1, 478.5], [1501.0, 524.5], [1406.7, 520.5], [1293.8, 491.5], [1181.2, 530.3], [1111.5, 543.4], [1040.3, 503.5], [954.3, 527.2], [895.4, 544.5], [835.9, 505.6], [781.4, 519.5], [725.7, 530.5], [680.8, 494.5], [637.3, 500.2], [594.8, 506.5], [539.1, 473.5], [499.2, 474.5], [465.9, 462.4], [426.8, 455.5], [388.1, 449.5], [348.2, 444.5], [1811.1, 1135.1], [1481.2, 1079.0], [1165.5, 961.5], [906.4, 841.0], [701.9, 747.0], [551.9, 661.9]]",
splits_LEC,Saw,ne_x002_b6_l,,../splits/marked_images/BH/txt/NE_X002_B6_L_MARK_BH.txt,images/ne_x002_b6_l.tif,splits_LEC,52,52,autolabel_v1.2,2560,1920,"[[299.9, 516.0], [2025.0, 611.0], [1639.1, 431.9], [1298.8, 478.6], [1049.5, 502.6], [861.5, 524.0], [695.7, 526.6], [559.8, 517.3], [1541.9, 417.2], [1202.9, 473.2], [973.4, 519.9], [1982.0, 1089.2], [1646.5, 1079.9], [1299.9, 1010.1], [1009.0, 911.6], [777.2, 817.8], [602.2, 736.8], [476.9, 672.8], [2014.4, 1170.2], [1684.5, 1157.5], [1434.5, 1141.5], [1099.4, 1087.5], [815.4, 1009.5], [622.5, 933.4], [477.5, 858.4], [1589.1, 420.5], [1468.8, 486.7], [1367.8, 498.5], [1248.8, 469.5], [1148.8, 513.7], [1076.8, 533.5], [1002.1, 503.4], [922.0, 534.5], [865.0, 561.5], [808.1, 526.4], [757.0, 539.5], [706.7, 554.5], [655.1, 526.5], [614.2, 531.5], [572.6, 540.5], [521.5, 515.5], [481.9, 515.5], [445.9, 513.4], [406.8, 505.5], [367.9, 501.5], [326.6, 497.5], [1809.9, 1089.0], [1470.2, 1052.0], [1151.4, 962.4], [892.2, 867.2], [689.8, 776.8], [538.7, 707.0]]",
splits_LEC,Saw,ne_x002_b7_l,,../splits/marked_images/BH/txt/NE_X002_B7_L_MARK_BH.txt,images/ne_x002_b7_l.tif,splits_LEC,52,52,autolabel_v1.2,2560,1920,"[[286.1, 535.9], [2027.0, 640.0], [1647.7, 458.5], [1310.5, 489.2], [1065.2, 502.6], [858.4, 517.3], [695.5, 524.0], [554.2, 526.6], [1562.4, 435.8], [1226.4, 477.3], [995.9, 511.9], [1961.5, 1089.2], [1652.1, 1071.9], [1313.5, 1004.5], [1023.1, 908.1], [789.7, 818.9], [607.2, 741.6], [468.4, 677.6], [1990.4, 1166.1], [1686.4, 1132.9], [1452.4, 1119.5], [1119.2, 1075.6], [834.5, 1002.1], [633.1, 926.3], [480.5, 860.0], [1606.1, 443.5], [1480.2, 504.3], [1371.9, 505.5], [1269.0, 480.5], [1161.3, 519.5], [1090.1, 530.4], [1027.2, 500.5], [924.4, 537.5], [853.5, 579.5], [799.6, 521.5], [743.8, 539.5], [688.8, 559.5], [652.9, 525.5], [610.0, 533.5], [566.8, 542.7], [502.4, 525.1], [451.6, 533.5], [406.6, 520.5], [355.4, 516.5], [342.4, 471.9], [300.5, 496.9], [1804.0, 1090.0], [1479.4, 1046.4], [1163.8, 957.8], [906.6, 864.6], [696.5, 785.0], [535.2, 714.0]]",
splits_LEC,Saw,ne_x006_a26_l,,../splits/marked_images/GK/txt/NE_X006_A26_L_MARK_GK.txt,images/ne_x006_a26_l.tif,splits_LEC,52,52,autolabel_v1.2,2560,1920,"[[253.2, 394.5], [2079.9, 716.1], [1709.5, 510.6], [1357.6, 496.5], [1103.5, 492.6], [895.4, 486.6], [727.7, 461.3], [579.7, 435.8], [1611.5, 480.5], [1261.4, 480.5], [1013.4, 496.5], [1995.4, 1194.4], [1653.4, 1152.5], [1315.4, 1048.6], [1021.6, 912.5], [797.7, 788.4], [617.7, 691.2], [473.8, 597.9], [2028.5, 1303.1], [1675.2, 1256.4], [1443.6, 1183.4], [1109.5, 1094.6], [813.5, 978.6], [613.4, 862.6], [463.5, 778.5], [1661.2, 486.7], [1525.8, 526.7], [1427.1, 529.6], [1308.5, 481.5], [1203.1, 510.4], [1133.6, 519.5], [1051.7, 482.2], [962.2, 501.3], [905.5, 518.0], [840.8, 478.5], [787.2, 484.5], [735.0, 494.5], [685.6, 453.5], [643.5, 451.0], [599.0, 456.5], [529.4, 421.9], [476.9, 419.5], [431.6, 399.5], [380.6, 389.5], [330.9, 374.5], [277.4, 370.5], [1819.6, 1187.0], [1479.0, 1113.0], [1164.8, 988.8], [904.9, 856.0], [705.8, 746.0], [543.3, 651.3]]",
splits_LEC,Saw,ne_x006_a29_l,,../splits/marked_images/GK/txt/NE_X006_A29_L_MARK_GK.txt,images/ne_x006_a29_l.tif,splits_LEC,52,52,autolabel_v1.2,2560,1920,"[[211.5, 470.2], [2007.1, 688.6], [1628.5, 497.8], [1270.7, 509.3], [1026.8, 517.3], [822.6, 515.1], [653.8, 507.8], [513.8, 482.5], [1534.7, 475.8], [1172.2, 502.6], [939.9, 528.5], [1937.5, 1164.6], [1579.5, 1128.5], [1245.4, 1036.5], [953.5, 904.5], [723.4, 810.5], [557.5, 718.4], [419.4, 642.6], [1969.7, 1253.9], [1617.7, 1180.6], [1385.9, 1153.8], [1047.1, 1084.5], [783.9, 986.1], [581.2, 887.6], [422.4, 811.6], [1582.8, 479.5], [1444.6, 532.9], [1335.9, 524.5], [1221.3, 497.5], [1112.1, 546.4], [1032.3, 568.5], [977.2, 512.7], [885.9, 544.5], [824.6, 570.1], [767.5, 518.5], [715.4, 534.5], [661.5, 544.0], [611.4, 500.5], [567.3, 507.2], [522.9, 513.5], [467.8, 482.5], [420.5, 487.5], [385.6, 468.5], [338.8, 466.3], [293.1, 457.5], [245.0, 454.5], [1754.7, 1155.0], [1411.8, 1083.0], [1080.1, 964.1], [837.5, 859.5], [636.4, 765.0], [486.4, 684.4]]",
splits_LEC,Saw,ne_x006_a7_r,,../splits/marked_images/BH/txt/NE_X006_A7_R_MARK_BH.txt,images/ne_x006_a7_r.tif,splits_LEC,52,52,autolabel_v1.2,2560,1920,"[[94.2, 494.8], [1941.0, 694.0], [1538.9, 505.0], [1193.6, 510.1], [935.2, 524.6], [728.4, 528.5], [556.8, 525.5], [410.1, 512.3], [1438.8, 476.9], [1093.5, 510.1], [843.1, 535.2], [1887.4, 1140.4], [1529.8, 1129.8], [1188.4, 1053.8], [885.2, 951.8], [655.8, 861.3], [460.9, 769.9], [320.9, 688.6], [1932.7, 1238.1], [1574.1, 1194.2], [1315.9, 1165.5], [985.7, 1113.8], [691.2, 1036.5], [492.4, 951.1], [315.5, 863.6], [1506.5, 477.5], [1373.1, 547.4], [1282.4, 533.5], [1150.7, 500.5], [1053.4, 559.1], [988.5, 551.0], [890.2, 521.5], [807.4, 563.5], [761.5, 558.0], [682.8, 534.5], [639.9, 553.6], [592.5, 551.0], [521.0, 523.5], [482.1, 536.5], [441.5, 529.5], [365.8, 510.5], [319.4, 503.9], [276.2, 487.7], [228.6, 490.1], [183.9, 479.5], [136.8, 482.5], [1704.5, 1142.0], [1355.6, 1100.0], [1035.2, 1006.2], [769.9, 908.0], [558.0, 817.0], [387.4, 735.0]]",
splits_LEC,Saw,ne_x011_a10_l,,../splits/marked_images/BH/txt/NE_X011_A10_L_MARK_BH.txt,images/ne_x011_a10_l.tif,splits_LEC,52,52,autolabel_v1.2,2560,1920,"[[249.8, 507.8], [1990.9, 674.1], [1616.4, 508.6], [1283.0, 519.2], [1039.1, 534.8], [837.7, 541.5], [677.8, 532.0], [535.2, 518.6], [1515.1, 484.6], [1177.8, 512.5], [945.7, 541.5], [1932.7, 1138.5], [1590.1, 1113.2], [1254.1, 1033.9], [978.1, 934.9], [748.9, 834.9], [564.8, 749.5], [428.3, 671.8], [1968.2, 1229.4], [1648.2, 1190.8], [1405.1, 1173.9], [1092.2, 1127.2], [811.6, 1026.6], [603.5, 929.1], [448.8, 860.0], [1565.0, 489.5], [1442.4, 526.1], [1359.2, 538.7], [1227.3, 506.8], [1126.3, 539.2], [1066.0, 556.5], [986.4, 528.5], [898.5, 552.0], [843.4, 578.1], [783.0, 536.5], [730.3, 547.5], [678.0, 563.5], [634.1, 529.5], [591.1, 530.4], [548.5, 538.5], [493.2, 513.5], [449.2, 514.5], [408.1, 510.6], [365.7, 499.5], [323.4, 496.5], [278.9, 490.5], [1760.6, 1129.0], [1421.0, 1076.0], [1116.1, 980.1], [864.2, 883.2], [657.0, 792.0], [496.6, 711.0]]",
splits_LEC,Saw,ne_x011_a11_r,,../splits/marked_images/BH/txt/NE_X011_A11_R_MARK_BH.txt,images/ne_x011_a11_r.tif,splits_LEC,52,52,autolabel_v1.2,2560,1920,"[[216.9, 506.5], [2004.0, 663.1], [1621.2, 483.8], [1283.9, 509.3], [1037.1, 521.2], [829.1, 526.6], [663.6, 522.5], [519.4, 516.0], [1511.8, 462.6], [1171.7, 498.5], [942.5, 524.0], [1953.7, 1121.8], [1619.4, 1098.3], [1272.9, 1025.3], [982.0, 921.1], [747.4, 828.8], [566.1, 747.0], [428.9, 674.8], [1999.1, 1207.8], [1660.5, 1173.3], [1417.4, 1159.2], [1079.1, 1115.1], [785.8, 1013.8], [586.2, 921.1], [419.4, 834.5], [1579.7, 463.5], [1455.8, 533.7], [1368.7, 519.5], [1237.2, 491.5], [1142.0, 545.5], [1086.7, 543.5], [994.3, 513.2], [911.6, 555.5], [865.3, 554.5], [784.1, 524.5], [744.1, 548.4], [697.9, 549.5], [625.8, 523.5], [589.6, 536.9], [551.3, 533.8], [476.2, 514.5], [431.1, 516.6], [391.1, 498.5], [344.0, 503.5], [300.4, 489.9], [255.0, 494.5], [1781.0, 1115.0], [1442.1, 1069.1], [1125.1, 974.1], [864.3, 875.0], [656.2, 789.2], [495.1, 716.1]]",
splits_LEC,Saw,ne_x011_a20_r,,../splits/marked_images/GK/txt/NE_X011_A20_R_MARK_GK.txt,images/ne_x011_a20_r.tif,splits_LEC,52,52,autolabel_v1.2,2560,1920,"[[187.5, 411.2], [1941.4, 710.4], [1555.5, 528.5], [1217.6, 514.5], [977.5, 510.6], [770.1, 488.5], [610.2, 468.4], [476.9, 447.3], [1461.5, 500.6], [1115.6, 500.6], [875.5, 508.6], [1837.7, 1183.2], [1505.8, 1131.1], [1161.2, 1022.9], [879.8, 890.9], [673.5, 777.6], [503.4, 685.6], [377.5, 601.5], [1867.5, 1280.4], [1543.4, 1232.5], [1191.4, 1148.4], [982.5, 1090.5], [698.6, 962.6], [497.2, 860.0], [347.9, 763.8], [1522.9, 503.5], [1388.5, 563.5], [1295.2, 551.7], [1179.7, 496.5], [1078.3, 544.5], [1021.5, 540.0], [930.2, 496.5], [839.2, 529.5], [800.5, 515.8], [728.3, 487.2], [685.6, 498.5], [643.8, 491.3], [583.6, 458.9], [545.0, 465.5], [509.4, 457.9], [447.0, 431.5], [400.5, 427.5], [361.4, 404.9], [315.1, 402.5], [271.0, 392.5], [225.8, 395.5], [1669.2, 1164.0], [1329.5, 1084.0], [1014.8, 963.0], [772.1, 837.1], [585.9, 737.0], [438.6, 646.6]]",
splits_LEC,Saw,ne_x011_a7_l,,../splits/marked_images/GK/txt/NE_X011_A7_L_MARK_GK.txt,images/ne_x011_a7_l.tif,splits_LEC,52,52,autolabel_v1.2,2560,1920,"[[297.5, 487.5], [2045.8, 720.6], [1689.9, 515.1], [1355.4, 506.5], [1101.7, 504.3], [899.5, 507.1], [728.8, 490.5], [584.5, 481.6], [1593.7, 487.2], [1252.6, 494.6], [1007.8, 508.2], [1965.2, 1157.3], [1646.5, 1113.2], [1311.8, 1011.9], [1023.5, 902.5], [785.4, 800.5], [623.6, 716.5], [489.4, 636.5], [2005.8, 1260.6], [1659.2, 1211.3], [1428.4, 1168.5], [1121.8, 1091.2], [841.8, 985.9], [644.5, 893.9], [495.4, 810.5], [1643.3, 497.5], [1508.2, 535.3], [1409.7, 537.5], [1304.5, 494.5], [1188.1, 529.4], [1108.7, 538.8], [1047.3, 496.8], [953.9, 522.5], [899.2, 547.5], [846.3, 498.5], [793.4, 508.5], [739.6, 522.5], [689.5, 486.0], [648.5, 487.0], [608.0, 494.5], [541.1, 474.5], [495.1, 474.5], [452.8, 465.5], [406.4, 462.5], [360.8, 455.5], [314.4, 458.5], [1800.3, 1144.3], [1467.9, 1074.0], [1167.6, 964.0], [904.9, 851.0], [709.1, 748.1], [555.1, 679.1]]",
splits_LEC,Saw,ne_x011_a8_r,,../splits/marked_images/BH/txt/NE_X011_A8_R_MARK_BH.txt,images/ne_x011_a8_r.tif,splits_LEC,52,52,autolabel_v1.2,2560,1920,"[[142.2, 484.6], [1917.0, 671.1], [1536.0, 473.6], [1198.8, 491.8], [938.8, 506.9], [740.0, 525.5], [578.2, 516.6], [436.9, 500.6], [1437.5, 457.6], [1092.2, 483.8], [842.9, 522.9], [1869.2, 1121.8], [1544.7, 1108.4], [1208.7, 1043.2], [904.5, 938.2], [658.8, 827.6], [476.2, 738.1], [336.9, 658.6], [1912.2, 1208.5], [1574.7, 1165.9], [1348.5, 1151.9], [1003.2, 1094.6], [697.0, 1011.9], [498.3, 922.8], [339.4, 836.2], [1494.0, 455.5], [1374.0, 521.5], [1285.5, 505.0], [1154.0, 478.5], [1055.3, 534.5], [991.4, 525.5], [889.2, 507.5], [812.2, 554.3], [771.1, 549.6], [694.6, 525.9], [653.1, 545.4], [609.6, 543.1], [541.4, 515.1], [505.1, 526.5], [467.3, 522.8], [392.3, 499.5], [348.3, 500.5], [312.2, 479.5], [267.0, 485.5], [226.1, 470.5], [181.7, 476.5], [1704.0, 1127.0], [1374.8, 1082.0], [1054.1, 992.0], [781.9, 882.0], [564.4, 786.4], [404.8, 701.8]]",
splits_LEC,Saw,ne_x012_b5_l,,../splits/marked_images/GK/txt/NE_X012_B5_L_MARK_GK.txt,images/ne_x012_b5_l.tif,splits_LEC,52,52,autolabel_v1.2,2560,1920,"[[175.4, 561.6], [2014.0, 760.1], [1639.5, 554.4], [1287.6, 564.6], [1045.6, 570.6], [841.2, 573.9], [657.1, 565.9], [504.7, 559.0], [1535.4, 532.6], [1183.4, 558.5], [943.8, 568.5], [1943.5, 1188.6], [1623.5, 1164.6], [1265.5, 1086.6], [977.5, 972.5], [729.5, 892.6], [549.5, 816.5], [407.5, 738.5], [1969.5, 1279.6], [1653.4, 1257.5], [1429.5, 1227.5], [1078.2, 1157.5], [788.9, 1052.3], [606.1, 972.1], [433.4, 897.6], [1585.7, 537.5], [1456.1, 582.5], [1358.0, 578.5], [1233.6, 551.5], [1130.7, 589.8], [1059.8, 591.5], [995.4, 562.5], [892.0, 597.5], [829.3, 608.2], [780.9, 569.5], [722.8, 586.5], [662.6, 598.5], [607.9, 562.5], [558.9, 574.6], [509.3, 581.2], [455.6, 557.5], [406.8, 565.7], [361.3, 554.8], [310.9, 556.5], [263.3, 545.5], [214.5, 543.5], [1782.8, 1179.0], [1444.4, 1127.4], [1116.0, 1031.0], [853.8, 933.8], [642.5, 846.5], [479.5, 775.5]]",
splits_LEC,Saw,nl22ne_x012_b11_l,,../splits/marked_images/GK/txt/NL22NE_X012_B11_L_MARK_GK.txt,images/nl22ne_x012_b11_l.tif,splits_LEC,52,52,autolabel_v1.2,2560,1920,"[[268.1, 428.5], [2046.0, 699.0], [1681.9, 479.2], [1338.1, 474.5], [1082.1, 462.6], [874.9, 467.1], [709.6, 460.4], [574.7, 446.0], [1587.0, 459.2], [1238.1, 458.5], [999.5, 470.6], [1969.5, 1156.6], [1635.4, 1116.4], [1305.5, 1022.4], [1017.5, 890.4], [787.1, 785.6], [612.6, 694.9], [468.4, 610.8], [2011.4, 1253.4], [1670.4, 1216.5], [1423.9, 1157.3], [1098.5, 1061.1], [814.6, 960.4], [625.5, 866.4], [471.5, 785.6], [1632.6, 464.5], [1500.5, 507.5], [1395.8, 499.7], [1288.7, 456.5], [1175.0, 490.5], [1094.2, 495.5], [1034.8, 456.5], [951.1, 480.4], [891.3, 498.2], [820.9, 463.5], [769.6, 475.5], [718.4, 491.5], [671.6, 453.5], [632.7, 455.8], [593.7, 461.5], [527.7, 438.5], [479.9, 438.5], [434.9, 421.4], [385.3, 415.5], [337.1, 404.6], [287.5, 402.0], [1796.9, 1148.9], [1467.1, 1076.1], [1155.5, 962.0], [895.3, 841.3], [697.3, 747.0], [538.7, 656.7]]",
splits_LEC,Saw,nl22ne_x012_b4_r,,../splits/marked_images/GK/txt/NL22NE_X012_B4_R_MARK_GK.txt,images/nl22ne_x012_b4_r.tif,splits_LEC,52,52,autolabel_v1.2,2560,1920,"[[132.5, 474.5], [1928.9, 663.1], [1561.8, 471.3], [1225.8, 465.8], [963.2, 470.0], [756.2, 476.4], [579.1, 477.3], [431.1, 469.3], [1455.2, 440.6], [1108.4, 448.6], [858.9, 471.3], [1851.5, 1114.5], [1565.4, 1098.5], [1229.4, 1024.6], [905.8, 906.2], [663.1, 800.8], [472.5, 710.2], [344.4, 643.5], [1889.7, 1207.2], [1603.0, 1188.6], [1305.5, 1122.5], [1019.4, 1048.6], [705.5, 970.6], [503.4, 888.5], [335.6, 818.5], [1528.1, 440.6], [1393.5, 501.0], [1309.2, 472.5], [1174.3, 446.5], [1076.2, 496.5], [1020.6, 484.1], [919.9, 460.5], [833.3, 504.5], [790.4, 498.5], [711.0, 476.5], [666.6, 500.5], [616.5, 503.3], [542.9, 475.5], [504.1, 490.4], [463.4, 483.1], [389.0, 469.5], [344.9, 465.4], [302.1, 453.5], [255.9, 452.4], [212.1, 443.4], [168.2, 450.3], [1705.0, 1107.0], [1393.3, 1071.0], [1064.2, 970.2], [780.8, 859.8], [567.3, 757.0], [407.4, 679.0]]",
splits_LEC,Saw,nl23ky_x035_a22_r,,../splits/marked_images/GK/txt/NL23KY_X035_A22_R_XY_GK.txt,images/nl23ky_x035_a22_r.tif,splits_LEC,52,52,autolabel_v1.2,2560,1920,"[[283.5, 392.6], [1974.9, 739.0], [1654.4, 578.6], [1332.5, 560.5], [1080.6, 531.5], [870.1, 500.9], [707.8, 476.9], [569.1, 442.9], [1540.4, 549.5], [1231.8, 537.6], [979.2, 520.3], [1919.3, 1220.6], [1577.5, 1173.5], [1262.7, 1075.2], [983.6, 941.6], [763.4, 813.5], [600.5, 713.5], [473.8, 614.9], [1942.0, 1307.2], [1610.2, 1266.0], [1386.5, 1198.5], [1033.5, 1093.5], [775.0, 976.2], [574.5, 863.6], [433.4, 757.1], [1605.4, 554.5], [1486.8, 611.7], [1404.9, 597.4], [1290.8, 541.5], [1192.4, 582.5], [1129.2, 570.5], [1033.2, 519.5], [947.3, 549.5], [901.6, 536.1], [827.4, 501.5], [784.6, 512.5], [742.2, 502.7], [673.8, 470.5], [634.1, 473.5], [598.7, 458.2], [535.0, 429.5], [493.6, 413.1], [453.4, 390.5], [408.8, 378.3], [364.4, 367.1], [318.8, 372.7], [1746.4, 1202.0], [1419.1, 1125.0], [1128.3, 999.3], [870.6, 878.0], [679.6, 766.0], [534.8, 665.8]]",
splits_LEC,Saw,nl23ky_x035_a23_r,,../splits/marked_images/GK/txt/NL23KY_X035_A23_R_XY_GK.txt,images/nl23ky_x035_a23_r.tif,splits_LEC,52,52,autolabel_v1.2,2560,1920,"[[200.5, 517.5], [2038.8, 727.1], [1669.8, 557.9], [1324.5, 572.6], [1059.4, 565.5], [850.5, 557.5], [664.4, 542.8], [509.9, 529.6], [1545.5, 537.6], [1213.4, 557.5], [960.4, 567.6], [1981.8, 1187.1], [1628.5, 1161.8], [1261.8, 1073.9], [968.4, 976.4], [744.6, 885.9], [569.8, 800.5], [421.6, 719.5], [2005.8, 1281.9], [1639.1, 1249.8], [1407.7, 1224.9], [1070.2, 1156.2], [759.5, 1061.6], [560.5, 981.6], [397.1, 905.8], [1612.7, 537.5], [1492.1, 605.4], [1406.3, 603.5], [1271.4, 556.5], [1174.5, 607.5], [1106.4, 605.5], [1009.5, 562.5], [925.9, 599.5], [880.4, 591.9], [802.1, 558.4], [753.6, 575.5], [702.6, 572.1], [624.3, 545.5], [584.2, 554.5], [545.5, 548.0], [464.8, 527.5], [419.0, 522.5], [376.6, 505.5], [330.1, 504.5], [286.6, 495.5], [241.2, 503.5], [1801.6, 1185.6], [1441.1, 1129.0], [1114.6, 1025.6], [855.8, 933.0], [656.0, 847.0], [494.0, 765.0]]",
splits_LEC,Saw,nl23ky_x035_b18_r,,../splits/marked_images/GK/txt/NL23KY_X035_B18_R_XY_GK.txt,images/nl23ky_x035_b18_r.tif,splits_LEC,52,52,autolabel_v1.2,2560,1920,"[[173.5, 570.2], [1949.0, 683.0], [1583.1, 560.5], [1260.6, 594.6], [1000.4, 615.6], [787.6, 612.6], [615.6, 602.6], [480.5, 587.5], [1466.5, 554.4], [1145.4, 595.5], [901.4, 616.4], [1955.4, 1162.5], [1597.4, 1150.6], [1247.8, 1085.1], [953.1, 991.8], [723.8, 906.6], [547.1, 827.1], [403.4, 753.9], [1980.7, 1247.2], [1652.7, 1235.3], [1377.4, 1215.6], [1043.4, 1172.6], [752.8, 1075.2], [550.1, 981.8], [382.2, 907.3], [1530.7, 550.5], [1424.6, 627.9], [1340.0, 625.5], [1202.9, 591.5], [1119.9, 650.5], [1055.4, 648.5], [952.3, 610.5], [869.0, 650.5], [825.2, 641.7], [741.6, 616.5], [698.8, 635.5], [654.7, 627.5], [581.3, 600.2], [546.1, 607.5], [511.2, 601.5], [439.6, 576.5], [392.7, 572.5], [351.3, 554.5], [305.2, 554.3], [258.3, 548.5], [214.3, 561.5], [1770.0, 1161.0], [1419.6, 1125.6], [1097.4, 1040.0], [839.5, 947.0], [635.6, 867.0], [474.2, 792.2]]",
splits_LEC,Saw,nl23ky_x035_b19_l,,../splits/marked_images/GK/txt/NL23KY_X035_B19_L_XY_GK.txt,images/nl23ky_x035_b19_l.tif,splits_LEC,52,52,autolabel_v1.2,2560,1920,"[[335.6, 233.6], [1991.9, 706.1], [1699.4, 506.5], [1366.4, 464.6], [1121.4, 421.6], [926.5, 387.6], [759.5, 352.6], [617.5, 315.5], [1584.4, 469.5], [1267.0, 435.2], [1034.5, 402.5], [1907.0, 1165.3], [1555.1, 1085.1], [1265.7, 957.8], [1005.8, 812.4], [795.1, 681.9], [627.5, 558.5], [507.5, 454.6], [1943.8, 1257.7], [1613.2, 1188.6], [1362.8, 1114.9], [1030.9, 988.1], [800.8, 847.9], [616.2, 723.2], [480.5, 613.6], [1642.0, 488.5], [1500.0, 514.5], [1405.9, 519.5], [1317.0, 449.5], [1197.7, 467.5], [1122.2, 475.7], [1076.8, 409.3], [980.9, 412.5], [922.2, 425.7], [876.6, 376.5], [824.3, 375.5], [773.2, 381.5], [723.8, 344.5], [685.5, 334.5], [644.3, 333.5], [575.7, 294.2], [527.8, 281.3], [490.8, 250.3], [445.1, 231.6], [399.8, 212.3], [351.3, 206.5], [1726.1, 1137.1], [1409.0, 1020.0], [1134.5, 881.5], [900.8, 746.8], [710.1, 622.0], [567.0, 507.0]]",
splits_LEC,Saw,nl23ky_x041_a6_r,,../splits/marked_images/GK/txt/NL23KY_X041_A6_R_XY_GK.txt,images/nl23ky_x041_a6_r.tif,splits_LEC,52,52,autolabel_v1.2,2560,1920,"[[170.5, 487.2], [2001.0, 675.0], [1614.5, 516.6], [1278.5, 543.6], [1035.4, 548.6], [807.5, 539.5], [630.5, 526.6], [465.4, 499.6], [1501.5, 501.5], [1166.6, 540.6], [932.6, 549.5], [1972.5, 1143.2], [1615.1, 1123.1], [1244.6, 1044.5], [941.8, 940.6], [703.1, 847.2], [523.5, 757.5], [390.4, 673.5], [1995.4, 1231.6], [1631.5, 1207.6], [1376.4, 1176.5], [1042.5, 1113.6], [726.4, 1014.5], [515.5, 931.5], [363.4, 853.5], [1563.2, 503.5], [1457.1, 580.5], [1364.5, 576.5], [1224.0, 534.5], [1139.7, 590.8], [1073.9, 586.5], [983.4, 543.5], [894.8, 578.7], [844.8, 575.3], [760.2, 536.5], [714.9, 555.5], [667.6, 557.5], [588.3, 522.5], [545.0, 530.5], [502.8, 519.5], [425.0, 496.5], [379.7, 491.2], [339.2, 472.5], [294.1, 472.4], [249.2, 468.5], [207.5, 484.5], [1791.0, 1141.0], [1424.6, 1098.0], [1089.7, 999.0], [820.1, 900.0], [611.9, 805.9], [454.7, 719.7]]",
splits_LEC,Saw,nl23ky_x045_a2_r,,../splits/marked_images/GK/txt/NL23KY_X045_A2_R_XY_GK.txt,images/nl23ky_x045_a2_r.tif,splits_LEC,52,52,autolabel_v1.2,2560,1920,"[[184.1, 594.0], [2017.0, 686.0], [1622.0, 533.3], [1303.6, 566.5], [1050.5, 579.5], [829.5, 588.6], [652.5, 586.6], [493.1, 580.8], [1514.2, 522.5], [1198.1, 561.1], [946.4, 589.4], [1984.4, 1162.5], [1628.5, 1162.5], [1287.1, 1096.6], [981.8, 1009.9], [750.2, 926.9], [551.4, 842.9], [404.9, 768.1], [2012.7, 1257.5], [1656.8, 1240.2], [1406.8, 1226.8], [1056.2, 1181.5], [768.1, 1088.1], [566.1, 1011.9], [406.2, 937.1], [1572.5, 520.5], [1471.0, 597.5], [1385.3, 593.5], [1250.6, 560.5], [1174.4, 619.1], [1101.5, 619.5], [996.2, 581.5], [915.6, 626.5], [863.8, 629.3], [780.1, 594.5], [734.6, 616.5], [685.0, 614.5], [612.7, 593.5], [572.0, 605.5], [530.1, 600.5], [445.8, 586.5], [399.5, 579.5], [356.3, 562.5], [309.6, 566.5], [263.7, 556.5], [218.3, 569.5], [1806.5, 1168.0], [1454.7, 1136.0], [1133.7, 1058.7], [864.5, 972.0], [650.6, 884.6], [477.1, 808.1]]",
splits_PIN,Saw,np23kyx035_a2_r,,../splits/marked_images/GK/txt/NP23KYX035_A2_R_XY_GK.txt,images/np23kyx035_a2_r.tif,splits_PIN,52,52,autolabel_v1.2,2560,1920,"[[476.4, 510.1], [1828.0, 773.1], [1491.7, 664.8], [1243.1, 642.2], [1055.1, 621.6], [888.0, 592.5], [732.0, 558.5], [627.5, 528.5], [1411.2, 634.8], [1165.7, 624.2], [965.2, 614.3], [1852.2, 1119.9], [1522.9, 1085.1], [1240.0, 993.3], [979.4, 881.6], [793.4, 781.5], [660.5, 682.6], [565.5, 612.8], [1865.8, 1193.8], [1536.5, 1140.4], [1371.4, 1150.6], [1038.4, 1063.5], [815.9, 971.2], [646.5, 859.1], [540.4, 729.5], [1457.8, 643.7], [1375.6, 696.5], [1304.8, 677.3], [1211.2, 626.5], [1142.4, 661.5], [1096.7, 643.2], [1016.6, 606.5], [937.3, 614.8], [912.8, 599.3], [856.2, 579.5], [807.9, 580.5], [765.8, 560.5], [714.7, 543.5], [681.0, 539.5], [650.4, 527.9], [617.6, 512.5], [593.1, 506.6], [568.2, 505.5], [544.9, 496.5], [520.9, 501.6], [498.7, 511.8], [1683.2, 1113.0], [1379.0, 1045.0], [1108.2, 940.2], [884.8, 834.8], [723.3, 737.3], [612.2, 650.2]]",
splits_PIN,Saw,np23ky_x032_a10_l,,../splits/marked_images/GK/txt/NP23KY_X032_A10_L_XY_GK.txt,images/np23ky_x032_a10_l.tif,splits_PIN,52,52,autolabel_v1.2,2560,1920,"[[474.9, 401.2], [1888.9, 786.9], [1535.4, 636.5], [1283.5, 602.6], [1093.7, 562.2], [924.8, 520.5], [764.2, 475.1], [642.2, 431.3], [1462.4, 609.5], [1204.4, 575.6], [1015.1, 548.8], [1865.8, 1129.8], [1513.8, 1056.6], [1225.5, 938.6], [1001.5, 811.6], [795.8, 693.6], [668.5, 602.2], [571.9, 514.5], [1890.2, 1213.9], [1542.1, 1131.1], [1344.4, 1147.1], [1040.4, 1017.9], [815.2, 888.5], [663.6, 774.6], [550.5, 630.5], [1498.0, 629.5], [1391.2, 654.3], [1308.9, 663.5], [1243.1, 594.6], [1154.6, 600.9], [1094.2, 603.7], [1053.6, 557.1], [967.9, 551.5], [918.1, 549.6], [880.2, 511.5], [835.1, 500.5], [787.2, 498.5], [738.0, 465.5], [703.9, 451.5], [666.9, 446.5], [624.5, 431.0], [600.3, 415.5], [572.8, 408.5], [546.1, 397.6], [518.3, 389.5], [489.2, 388.5], [1683.9, 1107.9], [1366.1, 1007.1], [1111.3, 880.0], [895.1, 760.1], [731.5, 650.5], [617.2, 561.2]]",
splits_PIN,Saw,np23ky_x032_a11_r,,../splits/marked_images/GK/txt/NP23KY_X032_A11_R_XY_GK.txt,images/np23ky_x032_a11_r.tif,splits_PIN,52,52,autolabel_v1.2,2560,1920,"[[437.1, 518.1], [1872.9, 713.0], [1531.5, 624.4], [1266.4, 605.4], [1061.6, 587.5], [876.4, 564.6], [732.5, 544.3], [605.2, 522.2], [1434.5, 592.5], [1175.4, 588.6], [970.4, 577.6], [1915.0, 1086.2], [1569.7, 1054.2], [1259.0, 973.8], [985.7, 868.6], [796.4, 780.4], [642.4, 691.6], [544.5, 623.6], [1930.4, 1162.5], [1598.5, 1125.5], [1407.5, 1125.5], [1082.5, 1052.5], [823.4, 959.6], [660.5, 862.6], [528.7, 729.9], [1487.2, 604.5], [1408.2, 656.5], [1331.5, 644.0], [1220.9, 595.6], [1160.7, 627.8], [1107.6, 614.1], [1018.6, 577.5], [945.5, 594.5], [909.6, 577.1], [844.3, 559.5], [803.1, 565.5], [765.3, 555.5], [705.6, 531.9], [668.4, 531.5], [632.6, 526.5], [594.5, 507.0], [566.5, 504.0], [539.6, 504.5], [513.3, 495.5], [486.1, 500.5], [462.0, 513.5], [1740.8, 1074.0], [1410.8, 1023.0], [1119.6, 928.0], [888.8, 829.8], [718.5, 737.5], [593.8, 655.8]]",
splits_PIN,Saw,np23ky_x032_a9_l,,../splits/marked_images/GK/txt/NP23KY_X032_A9_L_XY_GK.txt,images/np23ky_x032_a9_l.tif,splits_PIN,52,52,autolabel_v1.2,2560,1920,"[[463.0, 494.6], [1896.9, 743.1], [1547.5, 636.5], [1287.6, 613.6], [1077.5, 585.6], [902.5, 561.6], [741.6, 540.6], [632.0, 523.1], [1455.4, 600.5], [1201.6, 587.5], [990.5, 574.5], [1917.4, 1103.5], [1570.4, 1080.6], [1246.5, 988.5], [987.4, 879.6], [789.5, 779.6], [646.5, 682.6], [549.0, 608.5], [1959.5, 1190.5], [1615.6, 1155.5], [1403.2, 1147.5], [1057.9, 1070.2], [821.5, 971.5], [660.5, 866.4], [539.5, 729.5], [1499.5, 625.5], [1391.7, 653.5], [1309.7, 657.5], [1243.3, 604.8], [1143.9, 620.5], [1078.1, 625.6], [1033.2, 580.5], [943.8, 585.5], [893.2, 596.5], [856.5, 558.5], [806.8, 557.5], [757.9, 564.5], [715.7, 541.2], [686.3, 535.5], [656.7, 532.5], [617.6, 530.5], [594.4, 514.9], [568.0, 505.5], [539.7, 502.5], [513.4, 492.9], [485.3, 487.8], [1741.0, 1101.0], [1406.6, 1038.0], [1114.1, 933.1], [887.2, 833.2], [715.3, 734.3], [597.4, 647.4]]",
splits_PIN,Saw,np23ky_x032_b10_r,,../splits/marked_images/GK/txt/NP23KY_X032_B10_R_XY_GK.txt,images/np23ky_x032_b10_r.tif,splits_PIN,52,52,autolabel_v1.2,2560,1920,"[[409.9, 447.5], [1880.0, 727.1], [1515.5, 621.9], [1253.4, 598.5], [1044.5, 565.5], [868.4, 530.5], [698.6, 490.5], [569.6, 453.1], [1414.4, 584.5], [1162.5, 570.6], [949.4, 551.6], [1903.8, 1118.6], [1545.1, 1062.4], [1228.1, 960.9], [954.8, 836.8], [761.4, 731.6], [606.7, 634.2], [510.6, 555.5], [1913.7, 1193.8], [1560.5, 1144.5], [1355.2, 1143.2], [1032.4, 1039.3], [781.7, 912.5], [608.5, 803.1], [480.5, 673.5], [1469.7, 598.5], [1389.5, 645.5], [1316.2, 638.5], [1210.1, 580.5], [1136.5, 612.5], [1087.2, 594.7], [1001.4, 551.5], [925.0, 562.5], [895.4, 541.9], [829.6, 519.5], [778.1, 522.5], [733.1, 501.6], [673.7, 477.5], [636.3, 477.5], [601.7, 464.2], [555.2, 441.5], [530.0, 440.5], [503.4, 438.9], [479.7, 428.2], [455.6, 436.5], [432.7, 447.8], [1721.9, 1096.9], [1382.2, 1018.2], [1089.1, 902.0], [857.6, 785.0], [683.7, 684.0], [558.6, 595.6]]",
splits_PIN,Saw,np23ky_x032_b7_l,,../splits/marked_images/GK/txt/NP23KY_X032_B7_L_XY_GK.txt,images/np23ky_x032_b7_l.tif,splits_PIN,52,52,autolabel_v1.2,2560,1920,"[[581.9, 157.3], [1894.9, 762.9], [1589.8, 571.3], [1344.4, 492.6], [1156.4, 423.5], [989.4, 348.5], [846.6, 282.6], [732.5, 219.3], [1512.5, 524.6], [1261.4, 447.5], [1066.5, 380.5], [1831.4, 1152.5], [1508.8, 1032.6], [1223.2, 852.6], [996.5, 673.9], [824.5, 512.5], [712.4, 378.6], [637.4, 285.6], [1841.8, 1240.5], [1519.2, 1112.5], [1328.4, 1064.6], [1008.4, 881.8], [798.4, 724.5], [666.6, 582.5], [596.1, 410.5], [1550.9, 552.4], [1435.9, 554.5], [1355.9, 550.4], [1301.6, 474.1], [1209.8, 462.5], [1150.7, 460.2], [1111.7, 401.2], [1027.9, 378.5], [987.5, 373.9], [948.9, 331.4], [905.9, 315.5], [861.0, 306.5], [817.3, 268.8], [787.5, 250.5], [754.2, 240.5], [711.2, 204.7], [689.3, 187.8], [664.1, 178.5], [642.5, 162.0], [617.5, 152.5], [592.8, 145.5], [1666.4, 1102.0], [1361.6, 953.0], [1105.5, 769.5], [908.1, 598.1], [766.0, 448.0], [673.7, 331.7]]",
splits_PIN,Saw,np23ky_x032_b9_r,,../splits/marked_images/GK/txt/NP23KY_X032_B9_R_XY_GK.txt,images/np23ky_x032_b9_r.tif,splits_PIN,52,52,autolabel_v1.2,2560,1920,"[[470.0, 407.9], [1877.9, 791.0], [1540.4, 641.5], [1285.4, 602.6], [1084.9, 557.5], [903.0, 516.6], [744.6, 469.5], [626.4, 423.5], [1457.4, 608.5], [1199.4, 573.5], [996.9, 539.1], [1873.5, 1160.5], [1525.9, 1088.8], [1225.8, 962.2], [975.1, 828.8], [779.6, 710.4], [646.5, 601.5], [544.5, 511.4], [1884.3, 1234.6], [1541.4, 1163.5], [1357.8, 1148.4], [1033.9, 1021.8], [796.9, 907.9], [631.6, 785.6], [532.4, 643.5], [1506.0, 616.5], [1418.6, 663.9], [1344.7, 642.2], [1251.5, 578.5], [1170.5, 607.0], [1124.0, 585.5], [1049.7, 537.5], [962.9, 543.4], [929.8, 518.3], [875.6, 496.5], [824.5, 495.5], [781.0, 471.5], [725.0, 449.5], [684.4, 443.5], [651.6, 423.1], [618.5, 404.0], [593.2, 397.7], [566.5, 394.5], [542.7, 382.5], [516.6, 386.9], [491.2, 395.3], [1697.7, 1131.0], [1373.3, 1032.0], [1098.4, 900.0], [877.1, 770.1], [712.2, 657.2], [598.5, 554.5]]",
splits_PIN,Saw,np23ky_x035_a7_r,,../splits/marked_images/GK/txt/NP23KY_X035_A7_R_XY_GK.txt,images/np23ky_x035_a7_r.tif,splits_PIN,52,52,autolabel_v1.2,2560,1920,"[[477.5, 583.6], [1824.9, 823.0], [1502.6, 705.0], [1248.0, 704.0], [1059.0, 682.1], [895.4, 657.5], [756.0, 629.6], [637.0, 599.6], [1415.9, 677.6], [1171.5, 684.5], [977.1, 684.9], [1874.4, 1147.8], [1563.7, 1140.9], [1233.8, 1031.1], [992.4, 931.3], [806.4, 834.2], [673.9, 751.5], [578.4, 684.9], [1887.4, 1216.5], [1620.5, 1199.6], [1377.4, 1183.8], [1069.5, 1108.4], [846.1, 1011.2], [681.5, 914.6], [565.5, 799.9], [1469.3, 681.5], [1394.8, 744.7], [1318.1, 732.6], [1215.3, 690.5], [1146.5, 717.5], [1100.0, 695.5], [1023.1, 672.5], [947.0, 677.5], [920.1, 659.6], [869.0, 643.5], [826.0, 646.5], [787.0, 631.5], [739.6, 607.5], [700.1, 603.5], [662.3, 595.5], [634.0, 577.5], [606.5, 571.5], [578.1, 567.5], [551.6, 561.1], [524.8, 565.7], [500.0, 578.5], [1717.6, 1149.0], [1394.3, 1097.3], [1112.1, 981.1], [897.2, 887.0], [736.0, 798.0], [624.7, 719.7]]",
splits_PIN,Saw,np23ky_x035_b10_l,,../splits/marked_images/GK/txt/NP23KY_X035_B10_L_XY_GK.txt,images/np23ky_x035_b10_l.tif,splits_PIN,52,52,autolabel_v1.2,2560,1920,"[[438.0, 398.0], [1885.0, 758.0], [1537.6, 619.5], [1276.5, 594.6], [1077.8, 560.3], [894.5, 514.9], [747.2, 473.2], [613.9, 430.0], [1451.6, 589.4], [1192.5, 568.5], [1011.9, 545.6], [1901.2, 1153.2], [1526.5, 1081.2], [1206.5, 966.5], [958.5, 841.6], [775.5, 725.6], [637.4, 609.5], [536.5, 524.6], [1909.2, 1225.8], [1562.4, 1155.1], [1353.5, 1151.4], [1035.4, 1039.5], [796.4, 911.6], [637.4, 794.5], [517.5, 665.9], [1493.8, 608.3], [1385.4, 641.1], [1302.7, 644.5], [1234.0, 585.5], [1143.4, 593.5], [1086.6, 594.5], [1045.4, 551.5], [965.2, 536.5], [918.5, 539.5], [849.4, 497.5], [798.2, 498.5], [747.0, 501.5], [709.1, 463.5], [670.7, 452.5], [630.7, 451.8], [596.3, 443.8], [571.9, 421.4], [540.9, 413.6], [515.1, 396.5], [484.6, 383.1], [451.8, 375.5], [1708.5, 1130.0], [1365.5, 1027.0], [1083.7, 902.7], [865.8, 785.8], [701.4, 671.4], [588.6, 570.6]]",
splits_PIN,Saw,np23ky_x042_b2_r,,../splits/marked_images/GK/txt/NP23KY_X042_B2_R_XY_GK.txt,images/np23ky_x042_b2_r.tif,splits_PIN,52,52,autolabel_v1.2,2560,1920,"[[523.8, 307.9], [1858.9, 738.1], [1537.8, 589.2], [1301.2, 538.4], [1094.8, 487.2], [933.4, 446.0], [784.1, 395.8], [677.4, 347.0], [1459.1, 551.2], [1222.7, 509.3], [1004.7, 479.9], [1876.4, 1129.8], [1544.5, 1057.9], [1239.2, 912.5], [985.7, 759.3], [794.5, 612.6], [668.5, 501.5], [580.6, 401.5], [1896.4, 1189.5], [1568.5, 1137.6], [1353.5, 1089.4], [1032.4, 946.6], [795.1, 805.5], [651.9, 669.6], [560.9, 517.9], [1507.7, 561.5], [1422.4, 606.5], [1354.8, 583.3], [1269.1, 518.5], [1189.1, 544.5], [1135.7, 519.2], [1049.8, 470.7], [978.8, 468.3], [956.1, 448.6], [908.3, 423.5], [859.3, 421.5], [817.1, 401.6], [773.1, 371.5], [739.8, 362.3], [706.4, 351.5], [677.6, 328.1], [651.7, 317.2], [624.5, 309.5], [598.7, 300.5], [570.9, 302.6], [545.3, 314.2], [1704.2, 1108.0], [1389.8, 989.0], [1111.4, 838.4], [888.2, 690.2], [728.2, 561.2], [620.5, 452.5]]",
splits_PIN,Saw,np23ky_x044_a13_r,,../splits/marked_images/GK/txt/NP23KY_X044_A13_R_XY_GK.txt,images/np23ky_x044_a13_r.tif,splits_PIN,52,52,autolabel_v1.2,2560,1920,"[[487.2, 458.9], [1909.0, 754.1], [1539.5, 622.5], [1294.5, 599.6], [1092.9, 559.6], [922.4, 534.8], [771.2, 500.2], [649.1, 464.8], [1458.5, 597.4], [1208.5, 574.5], [1008.8, 551.6], [1928.4, 1106.5], [1581.4, 1058.5], [1261.4, 956.5], [1008.4, 844.6], [809.8, 733.8], [668.7, 637.2], [571.5, 555.3], [1955.2, 1183.2], [1619.2, 1133.9], [1421.7, 1134.6], [1080.6, 1034.5], [831.4, 933.4], [658.6, 821.5], [546.2, 682.1], [1506.6, 602.9], [1426.0, 651.5], [1356.5, 631.0], [1261.7, 577.5], [1175.4, 607.1], [1131.5, 583.0], [1057.7, 545.5], [976.3, 555.8], [947.9, 538.5], [892.3, 522.5], [846.6, 523.5], [805.0, 510.5], [753.2, 482.5], [715.6, 478.5], [679.8, 474.3], [632.5, 454.5], [606.5, 452.5], [580.5, 450.5], [555.8, 443.5], [530.7, 449.5], [508.4, 459.1], [1745.2, 1091.0], [1418.9, 1011.0], [1134.4, 901.4], [908.5, 791.0], [737.0, 690.0], [619.4, 594.0]]",
splits_PIN,Saw,np23ky_x044_a6_l,,../splits/marked_images/GK/txt/NP23KY_X044_A6_L_XY_GK.txt,images/np23ky_x044_a6_l.tif,splits_PIN,52,52,autolabel_v1.2,2560,1920,"[[487.9, 374.5], [1933.0, 773.1], [1564.6, 630.5], [1309.4, 585.6], [1107.8, 549.9], [935.4, 503.0], [777.0, 450.5], [651.5, 407.1], [1477.5, 597.4], [1225.5, 568.5], [1036.9, 536.1], [1925.2, 1133.9], [1583.8, 1064.6], [1253.4, 930.6], [1000.4, 794.5], [802.9, 672.6], [668.7, 563.3], [580.1, 487.2], [1932.5, 1210.4], [1619.4, 1149.5], [1398.4, 1133.5], [1067.4, 1011.4], [827.5, 879.6], [662.5, 755.6], [555.1, 605.2], [1520.5, 620.0], [1407.8, 643.5], [1325.2, 641.7], [1266.6, 581.5], [1170.4, 587.1], [1111.3, 586.8], [1072.2, 540.7], [986.7, 534.5], [933.3, 533.5], [887.5, 490.0], [836.7, 483.5], [785.7, 479.5], [743.1, 440.5], [708.1, 427.5], [670.5, 422.5], [634.3, 406.8], [612.4, 387.9], [585.0, 381.5], [558.8, 372.3], [531.4, 363.9], [503.1, 357.5], [1746.0, 1109.0], [1410.9, 1001.0], [1125.7, 863.7], [900.9, 733.9], [733.0, 621.0], [623.2, 529.2]]",
splits_PIN,Saw,np23ky_x046_b6_r,,../splits/marked_images/GK/txt/NP23KY_X046_B6_R_XY_GK.txt,images/np23ky_x046_b6_r.tif,splits_PIN,52,52,autolabel_v1.2,2560,1920,"[[405.6, 428.5], [1899.0, 719.1], [1523.5, 611.5], [1268.5, 593.5], [1049.5, 556.0], [866.2, 522.5], [707.4, 485.9], [576.9, 453.1], [1433.4, 580.6], [1173.5, 567.6], [961.9, 543.6], [1900.6, 1154.5], [1543.4, 1094.6], [1206.5, 968.4], [956.5, 847.4], [755.2, 736.8], [595.9, 633.5], [501.1, 549.9], [1924.5, 1244.6], [1561.5, 1167.4], [1351.5, 1157.5], [1023.5, 1044.5], [777.4, 928.5], [602.4, 816.5], [479.2, 681.5], [1488.2, 586.5], [1399.8, 637.7], [1329.6, 624.5], [1230.2, 573.5], [1142.2, 603.5], [1092.7, 580.2], [1014.8, 539.5], [925.9, 549.5], [893.4, 531.5], [833.6, 508.5], [784.3, 510.5], [741.2, 493.7], [685.9, 466.5], [645.5, 462.5], [607.3, 452.8], [572.0, 432.5], [543.6, 424.5], [513.1, 423.5], [486.3, 411.5], [458.0, 413.5], [429.9, 418.5], [1718.9, 1132.0], [1372.7, 1037.0], [1076.7, 909.0], [849.9, 794.0], [673.8, 687.8], [550.7, 590.7]]",
splits_PIN,Saw,np23ky_x047_a8_l,,../splits/marked_images/GK/txt/NP23KY_X047_A8_L_XY_GK.txt,images/np23ky_x047_a8_l.tif,splits_PIN,52,52,autolabel_v1.2,2560,1920,"[[458.1, 490.0], [1909.0, 786.9], [1559.8, 662.9], [1290.4, 628.8], [1092.4, 597.0], [913.5, 561.8], [748.3, 525.9], [617.5, 499.6], [1479.9, 630.3], [1227.1, 609.1], [1012.5, 590.5], [1927.3, 1113.6], [1573.4, 1066.5], [1261.2, 954.0], [1007.8, 861.3], [806.4, 746.5], [653.2, 659.9], [562.2, 594.0], [1941.2, 1191.2], [1615.8, 1144.5], [1408.6, 1151.4], [1083.4, 1032.6], [855.2, 926.5], [683.9, 823.9], [551.8, 705.3], [1519.1, 653.5], [1407.4, 684.1], [1323.0, 686.5], [1257.9, 624.5], [1168.8, 636.7], [1106.0, 642.5], [1049.8, 589.5], [964.8, 593.5], [913.8, 595.3], [862.5, 553.5], [809.7, 552.8], [755.9, 557.4], [714.8, 520.5], [678.3, 512.8], [640.3, 516.2], [599.5, 499.0], [572.3, 487.5], [542.4, 484.5], [514.5, 474.5], [485.4, 467.5], [455.0, 469.5], [1747.2, 1097.0], [1415.2, 1015.2], [1131.7, 914.0], [908.1, 801.0], [728.2, 707.0], [607.1, 628.1]]",
splits_LEC,Saw,nl23ky_x035_a18_r,,../splits/marked_images/GK/txt/NL23KY_X035_A18_R_XY_GK.txt,images/nl23ky_x035_a18_r.tif,splits_LEC,52,52,autolabel_v1.2,2560,1920,"[[250.9, 350.5], [2022.0, 675.0], [1667.2, 500.2], [1329.7, 489.6], [1071.5, 467.6], [854.8, 448.6], [683.4, 420.5], [541.5, 392.6], [1549.9, 477.5], [1216.5, 471.5], [970.4, 466.5], [1942.5, 1147.8], [1581.2, 1110.6], [1246.5, 1008.6], [953.5, 873.6], [740.5, 759.3], [570.2, 653.6], [441.4, 553.6], [1975.5, 1243.5], [1670.4, 1214.5], [1361.5, 1146.5], [1027.4, 1040.6], [741.6, 927.6], [540.2, 816.5], [406.2, 725.1], [1614.5, 483.0], [1494.4, 545.1], [1407.1, 529.6], [1278.1, 477.5], [1181.8, 520.5], [1117.8, 512.5], [1019.6, 463.5], [933.2, 496.3], [888.9, 484.4], [808.3, 447.5], [763.5, 459.5], [719.9, 448.4], [645.1, 417.4], [606.2, 421.5], [572.8, 405.5], [503.9, 382.5], [461.5, 370.5], [424.8, 348.5], [379.1, 342.5], [334.6, 333.5], [290.6, 341.5], [1758.4, 1138.0], [1408.6, 1070.0], [1096.1, 942.0], [846.4, 818.0], [655.1, 705.1], [504.6, 606.0]]",
splits_LEC,Saw,nl23ky_x035_b20_r,,../splits/marked_images/GK/txt/NL23KY_X035_B20_R_XY_GK.txt,images/nl23ky_x035_b20_r.tif,splits_LEC,52,52,autolabel_v1.2,2560,1920,"[[278.1, 460.4], [1961.9, 726.0], [1647.1, 559.2], [1310.9, 554.9], [1063.7, 549.5], [856.5, 537.6], [692.1, 509.1], [552.5, 489.6], [1528.5, 529.8], [1212.8, 536.9], [969.1, 540.8], [1915.0, 1156.6], [1589.8, 1140.4], [1280.4, 1073.9], [985.7, 965.8], [761.9, 860.0], [596.6, 765.1], [469.7, 674.6], [1939.4, 1235.5], [1612.5, 1209.6], [1403.8, 1175.2], [1074.5, 1099.2], [777.9, 985.9], [584.5, 899.3], [436.5, 827.1], [1597.5, 536.0], [1476.2, 610.3], [1387.2, 601.7], [1271.2, 539.7], [1178.3, 593.2], [1115.9, 588.5], [1022.4, 539.5], [938.2, 575.3], [898.0, 567.5], [812.2, 531.5], [765.4, 545.5], [724.1, 531.6], [658.2, 504.5], [620.6, 512.5], [584.2, 501.7], [522.9, 479.5], [480.2, 476.7], [441.4, 460.5], [399.2, 454.5], [356.6, 447.5], [315.1, 455.4], [1751.0, 1152.0], [1429.6, 1112.6], [1132.4, 1025.0], [873.3, 916.3], [676.9, 816.9], [530.6, 722.6]]",
splits_LEC,Saw,nl23ky_x041_a5_r,,../splits/marked_images/GK/txt/NL23KY_X041_A5_R_XY_GK.txt,images/nl23ky_x041_a5_r.tif,splits_LEC,52,52,autolabel_v1.2,2560,1920,"[[202.5, 332.5], [1974.9, 723.0], [1630.5, 501.5], [1304.4, 493.5], [1053.6, 473.6], [842.5, 444.5], [659.4, 413.1], [500.2, 378.6], [1529.6, 474.5], [1199.4, 472.5], [962.4, 457.6], [1913.1, 1179.1], [1570.4, 1141.9], [1215.2, 1023.1], [928.5, 884.6], [716.5, 762.5], [533.5, 650.6], [393.5, 550.5], [1923.0, 1271.1], [1621.8, 1207.2], [1320.4, 1139.1], [976.4, 1031.1], [708.5, 919.2], [503.2, 819.1], [357.6, 731.0], [1585.9, 482.5], [1477.3, 549.5], [1386.0, 535.5], [1262.4, 475.5], [1171.5, 526.0], [1101.5, 515.5], [1012.1, 461.5], [930.8, 493.5], [877.5, 489.5], [790.6, 443.9], [740.0, 459.5], [693.2, 451.7], [615.3, 414.5], [570.6, 418.5], [532.9, 398.4], [456.6, 376.5], [415.3, 361.8], [374.7, 340.5], [328.2, 335.5], [285.4, 321.5], [241.0, 329.5], [1737.4, 1171.0], [1388.8, 1088.8], [1068.7, 955.7], [820.7, 827.0], [622.0, 713.0], [462.8, 600.8]]",
splits_LEC,Saw,nl23ky_x041_a8_l,,../splits/marked_images/GK/txt/NL23KY_X041_A8_L_XY_GK.txt,images/nl23ky_x041_a8_l.tif,splits_LEC,52,52,autolabel_v1.2,2560,1920,"[[261.4, 323.9], [1977.9, 719.1], [1667.2, 513.8], [1350.4, 496.5], [1101.5, 471.5], [890.4, 440.6], [716.5, 408.6], [561.6, 370.6], [1571.0, 491.1], [1250.4, 478.6], [1003.4, 462.6], [1907.5, 1179.1], [1559.4, 1119.2], [1229.4, 1000.6], [944.4, 850.5], [737.4, 728.6], [571.5, 615.6], [449.4, 522.5], [1921.5, 1277.6], [1577.5, 1215.6], [1332.5, 1143.9], [987.4, 1029.6], [739.4, 908.1], [554.2, 801.6], [402.5, 706.6], [1620.1, 504.6], [1485.9, 540.6], [1392.1, 533.6], [1300.8, 487.5], [1184.8, 513.5], [1103.6, 515.5], [1050.2, 465.5], [945.5, 476.5], [885.2, 485.5], [829.1, 435.5], [767.3, 439.2], [706.4, 447.9], [670.5, 405.5], [621.7, 400.5], [572.1, 399.5], [517.9, 362.5], [467.3, 356.5], [427.4, 332.5], [379.3, 320.5], [333.0, 305.5], [283.8, 300.7], [1730.7, 1154.7], [1390.2, 1071.0], [1085.0, 929.0], [837.9, 793.0], [653.7, 673.7], [509.4, 570.4]]",
splits_LEC,Saw,nl23ky_x041_b11_r,,../splits/marked_images/GK/txt/NL23KY_X041_B11_R_XY_GK.txt,images/nl23ky_x041_b11_r.tif,splits_LEC,52,52,autolabel_v1.2,2560,1920,"[[249.6, 431.5], [1974.0, 703.1], [1627.4, 501.5], [1291.5, 509.5], [1047.7, 509.5], [833.4, 513.6], [655.6, 496.5], [518.8, 471.5], [1517.5, 477.5], [1190.5, 490.3], [958.5, 509.5], [1947.0, 1132.4], [1593.7, 1103.3], [1245.4, 1013.6], [963.5, 897.6], [733.6, 790.6], [569.6, 700.5], [450.5, 625.5], [1996.7, 1207.2], [1631.5, 1180.6], [1362.5, 1136.5], [1002.6, 1058.5], [746.1, 936.2], [556.8, 844.2], [415.5, 773.5], [1576.4, 483.9], [1459.8, 559.5], [1362.8, 550.5], [1245.4, 496.5], [1168.2, 548.5], [1096.6, 549.1], [1005.2, 507.5], [924.7, 546.8], [874.1, 544.6], [789.5, 516.5], [740.3, 530.5], [693.7, 510.2], [621.5, 493.0], [581.3, 494.8], [547.7, 472.2], [485.8, 459.5], [445.3, 446.8], [407.9, 428.5], [364.7, 422.5], [323.1, 414.5], [284.5, 430.0], [1767.4, 1121.0], [1415.3, 1068.3], [1102.6, 958.6], [844.8, 847.8], [650.3, 750.0], [510.7, 663.0]]",
splits_LEC,Saw,nl23ky_x045_b2_r,,../splits/marked_images/GK/txt/NL23KY_X045_B2_R_XY_GK.txt,images/nl23ky_x045_b2_r.tif,splits_LEC,52,52,autolabel_v1.2,2560,1920,"[[217.8, 462.6], [1979.0, 686.0], [1610.4, 508.6], [1277.4, 522.5], [1031.5, 525.5], [825.4, 525.5], [660.5, 513.6], [512.5, 485.5], [1503.4, 494.6], [1182.6, 512.5], [945.5, 527.6], [1934.5, 1145.8], [1578.4, 1105.8], [1257.7, 1029.8], [969.7, 925.9], [729.9, 823.2], [553.8, 739.0], [431.1, 664.2], [1959.5, 1215.6], [1609.5, 1168.5], [1381.6, 1157.5], [1031.5, 1098.5], [751.7, 984.2], [558.5, 881.6], [394.5, 809.0], [1564.2, 491.5], [1445.9, 577.6], [1352.5, 564.8], [1232.8, 512.5], [1162.7, 577.8], [1090.9, 572.5], [990.8, 520.7], [913.1, 571.4], [862.3, 558.8], [780.1, 527.4], [738.5, 547.5], [696.8, 540.3], [622.7, 512.5], [581.6, 520.5], [545.0, 503.5], [471.8, 483.5], [428.0, 474.5], [391.7, 450.5], [344.6, 451.5], [300.0, 444.5], [255.8, 454.5], [1755.7, 1126.7], [1416.0, 1074.0], [1108.7, 975.7], [853.8, 875.0], [640.0, 784.0], [490.6, 704.6]]",
splits_PIN,Saw,np23ky_x032_b8_l,,../splits/marked_images/GK/txt/NP23KY_X032_B8_L_XY_GK.txt,images/np23ky_x032_b8_l.tif,splits_PIN,52,52,autolabel_v1.2,2560,1920,"[[481.4, 409.0], [1878.9, 751.1], [1551.2, 633.5], [1303.6, 606.5], [1103.5, 566.5], [935.4, 537.8], [791.5, 513.8], [664.8, 464.6], [1465.8, 594.8], [1216.5, 566.5], [1023.5, 537.6], [1891.0, 1116.4], [1564.6, 1049.9], [1259.0, 939.3], [1008.4, 827.1], [812.2, 707.2], [673.5, 603.9], [580.6, 526.1], [1911.1, 1185.8], [1593.7, 1121.8], [1397.1, 1094.8], [1070.8, 994.6], [840.1, 878.5], [682.6, 767.5], [589.4, 630.5], [1506.8, 619.5], [1407.5, 643.0], [1340.6, 663.1], [1256.9, 589.4], [1168.6, 593.9], [1117.6, 606.5], [1063.8, 553.5], [985.1, 545.5], [945.5, 556.5], [902.0, 525.5], [864.7, 518.5], [827.3, 517.5], [759.5, 494.0], [723.4, 483.5], [685.7, 477.2], [642.6, 452.5], [614.9, 442.5], [586.0, 435.5], [561.9, 418.4], [534.6, 407.5], [504.8, 402.5], [1724.2, 1092.2], [1407.1, 1002.1], [1131.5, 887.5], [908.6, 770.6], [741.6, 656.6], [628.9, 561.9]]",
splits_PIN,Saw,np23ky_x035_b13_l,,../splits/marked_images/GK/txt/NP23KY_X035_B13_L_XY_GK.txt,images/np23ky_x035_b13_l.tif,splits_PIN,52,52,autolabel_v1.2,2560,1920,"[[591.4, 360.6], [1987.8, 815.0], [1638.5, 655.1], [1381.1, 619.3], [1184.7, 568.3], [1022.9, 523.5], [883.9, 467.1], [765.5, 410.5], [1547.7, 615.2], [1294.5, 585.8], [1110.8, 552.3], [1966.5, 1201.6], [1616.4, 1101.5], [1318.0, 981.0], [1080.6, 831.4], [902.5, 705.5], [762.7, 587.9], [682.8, 489.8], [1976.4, 1274.6], [1651.4, 1180.6], [1443.6, 1160.5], [1112.5, 1021.6], [901.4, 886.5], [750.4, 756.5], [662.5, 618.6], [1591.7, 640.2], [1488.4, 648.1], [1431.1, 665.6], [1336.8, 600.5], [1246.5, 598.5], [1194.6, 605.1], [1147.0, 555.5], [1075.0, 547.5], [1034.5, 549.5], [984.9, 506.5], [939.3, 495.5], [892.0, 492.5], [852.5, 452.0], [819.1, 437.6], [783.0, 429.5], [745.4, 408.9], [719.6, 390.5], [691.2, 378.7], [664.9, 363.5], [636.8, 354.3], [607.5, 344.5], [1786.0, 1164.0], [1465.4, 1046.0], [1200.3, 903.3], [989.3, 771.0], [832.4, 648.4], [723.0, 538.7]]",
splits_PIN,Saw,np23ky_x042_a39_r,,../splits/marked_images/GK/txt/NP23KY_X042_A39_R_XY_GK.txt,images/np23ky_x042_a39_r.tif,splits_PIN,52,52,autolabel_v1.2,2560,1920,"[[520.1, 364.1], [1883.9, 753.0], [1538.4, 621.9], [1298.4, 594.0], [1101.5, 548.8], [925.9, 504.5], [779.1, 449.2], [665.5, 396.5], [1463.2, 584.5], [1223.4, 559.6], [1016.8, 531.5], [1880.5, 1111.5], [1558.5, 1044.5], [1253.2, 927.8], [998.5, 791.5], [809.4, 667.4], [679.1, 556.0], [589.9, 468.4], [1907.7, 1182.6], [1569.1, 1107.8], [1393.9, 1088.6], [1047.1, 972.5], [815.4, 838.6], [661.4, 713.5], [571.1, 557.5], [1512.1, 596.6], [1435.4, 652.1], [1365.5, 635.0], [1274.7, 569.2], [1193.3, 597.5], [1143.8, 576.3], [1071.2, 530.5], [980.7, 529.2], [951.8, 505.3], [901.9, 483.5], [853.2, 477.5], [812.7, 456.2], [764.5, 429.0], [728.7, 420.5], [694.3, 404.8], [665.6, 381.1], [641.3, 371.5], [616.4, 365.5], [592.3, 355.5], [566.9, 354.5], [542.9, 364.6], [1712.4, 1087.0], [1399.5, 991.0], [1126.9, 854.9], [900.0, 734.0], [741.0, 615.0], [631.4, 511.4]]",
splits_PIN,Saw,np23ky_x042_a7_r,,../splits/marked_images/GK/txt/NP23KY_X042_A7_R_XY_GK.txt,images/np23ky_x042_a7_r.tif,splits_PIN,52,52,autolabel_v1.2,2560,1920,"[[482.5, 524.8], [1885.9, 766.0], [1533.9, 671.1], [1288.4, 659.4], [1077.8, 637.0], [901.2, 606.9], [755.2, 572.8], [625.7, 540.8], [1455.9, 654.9], [1200.5, 647.6], [990.5, 634.8], [1952.4, 1142.6], [1589.4, 1088.6], [1271.8, 992.6], [1003.9, 889.8], [795.8, 784.6], [659.2, 700.5], [562.4, 633.3], [1975.1, 1206.5], [1613.8, 1161.2], [1434.7, 1181.5], [1072.1, 1105.4], [823.4, 990.5], [642.4, 877.5], [530.5, 737.4], [1496.9, 658.4], [1423.9, 714.6], [1347.6, 704.1], [1243.9, 652.5], [1178.3, 689.5], [1121.7, 669.5], [1031.5, 633.5], [961.8, 647.3], [931.2, 623.5], [867.3, 599.5], [825.2, 602.5], [786.8, 590.3], [725.8, 561.5], [686.7, 559.5], [651.1, 546.6], [616.0, 526.5], [592.6, 521.5], [569.1, 520.5], [547.8, 510.5], [524.5, 512.0], [501.7, 518.5], [1768.4, 1120.0], [1428.1, 1047.0], [1136.7, 942.7], [896.0, 837.0], [725.4, 748.0], [611.3, 665.0]]",
splits_PIN,Saw,np23ky_x042_b22_r,,../splits/marked_images/GK/txt/NP23KY_X042_B22_R_XY_GK.txt,images/np23ky_x042_b22_r.tif,splits_PIN,52,52,autolabel_v1.2,2560,1920,"[[504.7, 392.8], [1875.9, 782.0], [1527.8, 664.6], [1290.4, 619.3], [1088.6, 572.6], [915.5, 532.6], [760.8, 482.5], [666.1, 442.5], [1451.8, 615.2], [1207.8, 585.8], [1011.4, 557.5], [1863.4, 1171.1], [1538.2, 1087.3], [1230.5, 963.5], [991.5, 836.6], [803.6, 710.4], [670.2, 590.5], [579.5, 497.2], [1874.4, 1234.6], [1561.5, 1157.5], [1376.4, 1119.2], [1046.2, 995.2], [821.5, 867.5], [645.4, 751.5], [562.9, 600.9], [1501.1, 632.6], [1422.2, 682.3], [1350.1, 655.6], [1260.7, 591.8], [1172.5, 619.5], [1128.3, 590.5], [1057.6, 551.5], [972.9, 554.4], [940.7, 530.5], [885.3, 508.5], [833.4, 503.9], [791.9, 477.5], [748.3, 459.5], [716.0, 452.5], [685.5, 441.0], [665.4, 418.9], [638.9, 407.4], [611.2, 398.7], [583.8, 389.3], [555.7, 385.5], [529.0, 396.5], [1697.2, 1137.0], [1382.3, 1030.0], [1111.1, 901.1], [896.4, 777.4], [736.0, 653.0], [624.0, 545.1]]",
splits_PIN,Saw,np23ky_x046_a10_l,,../splits/marked_images/GK/txt/NP23KY_X046_A10_L_XY_GK.txt,images/np23ky_x046_a10_l.tif,splits_PIN,52,52,autolabel_v1.2,2560,1920,"[[571.9, 501.5], [1921.9, 818.0], [1587.5, 687.1], [1337.5, 661.6], [1137.4, 633.5], [965.8, 606.5], [833.2, 583.8], [715.8, 540.6], [1498.2, 649.9], [1259.5, 631.6], [1057.2, 623.8], [1895.4, 1153.6], [1575.4, 1092.5], [1283.5, 973.6], [1065.4, 857.6], [877.5, 754.5], [745.4, 666.6], [653.4, 596.6], [1907.0, 1229.9], [1620.5, 1169.8], [1414.4, 1133.5], [1124.4, 1015.5], [923.5, 893.5], [774.4, 778.5], [657.5, 672.6], [1543.3, 675.5], [1438.2, 699.3], [1361.1, 712.6], [1296.4, 649.5], [1207.5, 650.0], [1154.0, 664.5], [1096.8, 622.3], [1029.2, 618.5], [990.0, 624.5], [935.6, 595.5], [902.0, 588.5], [866.7, 589.5], [806.1, 567.5], [775.5, 557.5], [743.3, 551.5], [697.2, 531.5], [675.7, 521.2], [653.5, 512.5], [630.4, 505.9], [609.3, 494.5], [585.2, 490.5], [1731.5, 1129.5], [1426.9, 1036.9], [1176.6, 912.6], [972.0, 804.0], [810.2, 713.0], [696.7, 634.7]]",
splits_PIN,Saw,np23ky_x046_a4_l,,../splits/marked_images/GK/txt/NP23KY_X046_A4_L_XY_GK.txt,images/np23ky_x046_a4_l.tif,splits_PIN,52,52,autolabel_v1.2,2560,1920,"[[544.5, 496.5], [1906.0, 805.9], [1576.4, 693.6], [1326.5, 663.6], [1127.5, 645.6], [967.6, 611.5], [818.5, 567.6], [709.6, 529.6], [1493.5, 656.6], [1248.5, 638.5], [1071.5, 636.5], [1926.5, 1136.5], [1583.4, 1086.6], [1295.6, 995.4], [1057.4, 897.6], [863.4, 767.5], [727.5, 678.5], [635.5, 596.6], [1940.7, 1199.2], [1622.0, 1152.5], [1427.1, 1148.4], [1124.4, 1037.8], [900.6, 923.5], [735.5, 817.6], [633.5, 695.5], [1532.7, 682.2], [1426.7, 707.8], [1354.5, 721.8], [1287.3, 655.5], [1197.8, 662.7], [1145.5, 680.5], [1099.9, 642.4], [1023.1, 632.4], [970.4, 639.5], [926.3, 599.5], [883.3, 590.5], [840.0, 590.5], [793.8, 557.5], [763.4, 547.5], [732.7, 540.5], [689.9, 527.5], [664.5, 513.5], [637.0, 508.5], [611.4, 494.9], [584.2, 487.5], [557.5, 482.5], [1754.4, 1112.4], [1436.6, 1039.0], [1177.7, 944.7], [986.8, 834.8], [796.4, 720.4], [682.2, 635.2]]",
splits_PIN,Saw,np23ky_x046_b3_l,,../splits/marked_images/GK/txt/NP23KY_X046_B3_L_XY_GK.txt,images/np23ky_x046_b3_l.tif,splits_PIN,52,52,autolabel_v1.2,2560,1920,"[[436.2, 556.8], [1933.0, 740.0], [1567.8, 651.5], [1301.2, 640.9], [1081.2, 619.5], [905.5, 603.5], [732.5, 578.6], [600.9, 560.9], [1477.1, 626.2], [1214.5, 626.2], [994.6, 621.6], [1959.1, 1123.8], [1593.7, 1090.5], [1271.8, 999.1], [1002.6, 899.3], [795.6, 805.5], [641.5, 725.6], [537.6, 658.6], [1975.5, 1198.5], [1654.4, 1172.6], [1420.2, 1166.8], [1081.4, 1085.5], [837.5, 997.6], [662.5, 893.5], [535.4, 774.6], [1520.2, 645.7], [1412.0, 682.5], [1326.1, 698.5], [1258.6, 639.5], [1155.9, 653.5], [1092.5, 665.0], [1036.6, 616.5], [953.0, 625.5], [906.0, 634.5], [853.5, 598.5], [798.3, 599.5], [744.5, 609.0], [698.6, 576.5], [662.8, 568.5], [626.1, 570.5], [581.5, 559.0], [555.1, 549.5], [528.0, 547.5], [501.2, 542.5], [473.3, 538.5], [444.5, 538.5], [1773.6, 1113.0], [1429.0, 1053.0], [1138.2, 948.0], [898.8, 854.0], [717.6, 768.6], [588.7, 695.7]]",
splits_PIN,Saw,np23ky_x046_b5_l,,../splits/marked_images/GK/txt/NP23KY_X046_B5_L_XY_GK.txt,images/np23ky_x046_b5_l.tif,splits_PIN,52,52,autolabel_v1.2,2560,1920,"[[461.5, 474.9], [1915.0, 767.1], [1558.1, 646.3], [1297.5, 626.6], [1089.4, 588.6], [903.4, 552.5], [746.1, 514.5], [614.7, 482.5], [1469.5, 619.5], [1204.4, 598.5], [997.4, 575.6], [1922.2, 1148.4], [1550.1, 1088.6], [1239.4, 974.5], [981.4, 855.4], [784.1, 739.8], [648.2, 654.5], [549.9, 570.9], [1937.1, 1229.2], [1605.2, 1186.4], [1393.9, 1171.5], [1048.4, 1055.5], [812.4, 938.2], [656.4, 833.6], [543.4, 707.6], [1513.1, 636.6], [1402.2, 668.3], [1319.8, 670.5], [1250.7, 616.2], [1148.8, 621.5], [1088.3, 623.8], [1041.5, 578.5], [954.2, 575.5], [904.9, 580.5], [856.2, 542.5], [806.3, 537.5], [756.7, 539.5], [714.0, 506.5], [677.3, 494.5], [637.7, 493.5], [593.7, 477.2], [569.4, 465.5], [541.8, 465.5], [516.5, 456.0], [488.7, 452.5], [462.0, 452.5], [1732.1, 1128.0], [1391.3, 1039.0], [1108.6, 915.0], [882.9, 797.0], [715.4, 697.4], [600.4, 612.4]]",
splits_PIN,Saw,np23ky_x046_b8_r,,../splits/marked_images/GK/txt/NP23KY_X046_B8_R_XY_GK.txt,images/np23ky_x046_b8_r.tif,splits_PIN,52,52,autolabel_v1.2,2560,1920,"[[411.2, 553.8], [1904.9, 762.9], [1520.7, 647.1], [1260.6, 637.6], [1039.5, 622.5], [855.4, 603.5], [682.6, 579.9], [563.7, 556.6], [1419.4, 622.5], [1165.5, 621.6], [957.4, 618.8], [1919.3, 1121.8], [1579.5, 1108.4], [1228.4, 1012.5], [965.8, 917.9], [748.5, 813.9], [612.6, 731.6], [509.5, 659.4], [1924.1, 1206.5], [1622.7, 1186.4], [1395.4, 1170.5], [1050.5, 1091.6], [791.5, 1008.6], [605.4, 906.6], [488.5, 783.3], [1472.0, 632.5], [1398.1, 687.5], [1320.7, 674.5], [1214.6, 623.5], [1139.2, 663.5], [1084.2, 649.5], [1002.1, 614.5], [924.8, 635.7], [887.8, 621.3], [813.2, 599.3], [765.1, 606.5], [720.4, 592.9], [655.7, 572.5], [621.2, 572.5], [590.1, 564.5], [550.9, 545.5], [526.0, 541.5], [501.8, 545.5], [479.4, 535.5], [453.7, 535.8], [431.7, 546.8], [1741.0, 1120.0], [1402.0, 1064.0], [1096.6, 967.0], [857.2, 865.2], [678.3, 776.0], [561.6, 694.0]]",
splits_LEC,Saw,nl24ky_x166_af1_r,,../splits/marked_images/EH/txt/NL24KY_X166_AF1_R_XY_EH.txt,images/nl24ky_x166_af1_r.tif,splits_LEC,52,52,autolabel_v1.2,2560,1920,"[[265.6, 584.5], [1961.9, 821.9], [1603.5, 630.5], [1293.4, 648.4], [1055.5, 646.5], [851.5, 644.5], [677.4, 632.4], [537.6, 606.5], [1507.5, 612.6], [1189.5, 642.6], [969.5, 646.5], [1927.3, 1244.6], [1589.4, 1220.6], [1259.5, 1128.5], [977.5, 1016.6], [765.5, 920.5], [589.4, 840.5], [457.4, 752.6], [1947.4, 1326.5], [1615.6, 1314.6], [1381.6, 1252.6], [1065.4, 1172.6], [797.5, 1082.5], [623.6, 996.5], [471.5, 920.5], [1565.2, 605.5], [1450.5, 675.5], [1362.4, 666.5], [1252.3, 631.5], [1156.7, 683.8], [1091.0, 688.5], [1016.8, 634.7], [929.9, 677.5], [878.3, 688.8], [808.6, 637.5], [758.5, 655.0], [706.0, 656.5], [650.9, 618.5], [608.5, 627.5], [568.1, 621.6], [512.0, 593.5], [467.2, 598.7], [429.8, 574.3], [385.0, 571.5], [341.6, 560.5], [297.7, 573.5], [1755.8, 1247.0], [1417.6, 1193.6], [1116.4, 1079.0], [871.0, 971.0], [676.9, 881.9], [523.4, 792.4]]",
splits_LEC,Saw,nl24ky_x166_af2_l,,../splits/marked_images/EH/txt/NL24KY_X166_AF2_L_XY_EH.txt,images/nl24ky_x166_af2_l.tif,splits_LEC,52,52,autolabel_v1.2,2560,1920,"[[187.5, 530.5], [2028.0, 829.9], [1641.5, 630.5], [1299.4, 634.6], [1039.5, 626.6], [831.4, 614.5], [657.5, 584.5], [501.5, 554.4], [1535.4, 612.6], [1205.5, 624.4], [953.5, 616.4], [1945.5, 1288.4], [1587.5, 1250.6], [1233.5, 1150.6], [939.5, 1016.6], [709.6, 896.5], [529.6, 798.6], [393.5, 704.6], [1949.4, 1388.5], [1625.5, 1358.4], [1359.5, 1284.5], [1019.4, 1196.6], [731.4, 1086.6], [543.4, 988.5], [381.6, 902.5], [1588.1, 617.5], [1458.0, 665.5], [1361.6, 663.1], [1250.7, 627.5], [1141.5, 662.0], [1062.7, 666.2], [994.8, 618.5], [898.5, 635.5], [836.7, 647.8], [776.5, 599.5], [722.0, 606.5], [666.2, 612.5], [612.6, 578.5], [567.0, 575.5], [521.1, 579.5], [453.2, 544.3], [401.3, 538.8], [356.3, 515.5], [303.5, 505.5], [254.7, 491.5], [203.1, 496.6], [1762.1, 1281.0], [1407.6, 1210.0], [1081.8, 1089.0], [819.9, 964.9], [619.4, 852.0], [460.2, 755.2]]",
splits_LEC,Saw,nl24ky_x166_af3_r,,../splits/marked_images/EH/txt/NL24KY_X166_AF3_R_XY_EH.txt,images/nl24ky_x166_af3_r.tif,splits_LEC,52,52,autolabel_v1.2,2560,1920,"[[233.6, 584.5], [2041.9, 856.1], [1663.5, 640.4], [1327.5, 660.5], [1075.4, 672.6], [865.6, 666.6], [691.4, 636.5], [537.6, 604.6], [1561.5, 622.5], [1221.4, 656.6], [985.5, 660.5], [1989.4, 1288.4], [1623.5, 1248.5], [1277.4, 1146.5], [987.4, 1028.5], [751.5, 916.6], [571.5, 822.6], [435.4, 740.5], [2001.5, 1388.5], [1645.4, 1350.4], [1413.5, 1312.4], [1057.4, 1226.4], [767.5, 1134.6], [573.4, 1032.6], [429.5, 944.4], [1620.1, 620.5], [1505.6, 696.5], [1413.0, 687.5], [1274.6, 657.9], [1195.4, 705.5], [1131.5, 706.5], [1030.2, 664.5], [956.2, 699.3], [905.2, 694.7], [821.5, 659.5], [770.5, 671.0], [727.5, 668.6], [650.3, 628.5], [610.2, 634.7], [569.5, 627.5], [495.9, 596.6], [451.9, 590.4], [411.9, 567.5], [363.6, 566.5], [318.2, 556.5], [272.8, 568.7], [1802.7, 1278.0], [1446.3, 1206.0], [1128.6, 1094.6], [865.8, 978.0], [659.6, 874.6], [500.1, 789.0]]",
splits_LEC,Saw,nl24ky_x166_af5_l,,../splits/marked_images/EH/txt/NL24KY_X166_AF5_L_XY_EH.txt,images/nl24ky_x166_af5_l.tif,splits_LEC,52,52,autolabel_v1.2,2560,1920,"[[247.4, 454.6], [1974.0, 862.1], [1613.4, 632.4], [1283.5, 624.4], [1045.6, 592.5], [835.5, 570.6], [659.4, 538.4], [535.4, 502.6], [1507.5, 610.6], [1191.4, 600.5], [947.5, 582.5], [1887.4, 1304.4], [1557.4, 1248.5], [1237.4, 1126.6], [969.5, 984.6], [751.5, 852.6], [561.6, 740.5], [443.6, 650.6], [1897.5, 1398.4], [1567.4, 1346.6], [1319.5, 1244.6], [1015.5, 1128.5], [745.4, 1004.5], [571.5, 896.5], [427.4, 800.5], [1560.9, 620.5], [1429.1, 660.4], [1337.5, 657.0], [1237.1, 610.5], [1131.5, 633.0], [1061.2, 639.5], [996.0, 585.5], [898.0, 601.5], [844.8, 611.5], [787.2, 557.5], [736.0, 562.5], [687.5, 570.2], [624.1, 527.5], [586.5, 528.0], [549.7, 526.8], [493.4, 490.9], [447.8, 484.5], [408.7, 460.5], [364.5, 447.5], [320.1, 430.6], [274.4, 428.5], [1717.8, 1286.0], [1393.5, 1200.0], [1101.0, 1056.0], [854.7, 927.0], [656.4, 801.4], [500.2, 701.0]]",
splits_LEC,Saw,nl24ky_x166_af7_r,,../splits/marked_images/EH/txt/NL24KY_X166_AF7_R_XY_EH.txt,images/nl24ky_x166_af7_r.tif,splits_LEC,52,52,autolabel_v1.2,2560,1920,"[[275.5, 378.6], [2038.0, 848.1], [1653.4, 610.6], [1317.4, 586.6], [1059.4, 554.4], [859.5, 518.6], [701.6, 476.4], [551.4, 438.6], [1543.4, 582.5], [1219.5, 584.5], [973.4, 548.6], [1919.3, 1280.4], [1581.4, 1222.5], [1239.4, 1086.6], [963.5, 932.6], [739.4, 780.4], [579.5, 680.6], [457.4, 590.5], [1925.4, 1362.5], [1595.5, 1316.5], [1353.5, 1216.5], [1009.5, 1114.5], [751.5, 964.5], [571.5, 854.6], [427.4, 756.5], [1606.4, 587.9], [1485.5, 644.0], [1397.7, 618.5], [1270.4, 578.5], [1171.7, 618.5], [1103.4, 595.9], [1016.5, 551.5], [940.1, 573.4], [894.2, 550.7], [822.6, 513.9], [776.0, 522.5], [732.9, 510.4], [661.5, 471.0], [620.2, 468.5], [582.5, 448.9], [520.3, 422.5], [478.1, 412.5], [441.6, 388.1], [397.9, 382.4], [356.4, 370.5], [312.6, 377.9], [1744.8, 1261.0], [1406.1, 1161.0], [1097.1, 1019.0], [844.9, 867.0], [656.5, 737.5], [517.6, 637.0]]",
splits_LEC,Saw,nl24ky_x166_b2_l,,../splits/marked_images/EH/txt/NL24KY_X166_B2_L_XY_EH.txt,images/nl24ky_x166_b2_l.tif,splits_LEC,52,52,autolabel_v1.2,2560,1920,"[[295.6, 604.6], [1942.0, 858.0], [1603.5, 676.5], [1291.5, 678.5], [1055.5, 664.6], [859.5, 658.6], [693.6, 650.6], [567.4, 632.4], [1503.4, 658.6], [1201.6, 662.5], [975.6, 664.6], [1899.5, 1262.5], [1579.5, 1234.6], [1241.5, 1132.4], [985.5, 1036.5], [775.5, 942.5], [613.4, 852.6], [489.4, 770.5], [1925.4, 1358.4], [1609.5, 1332.5], [1351.5, 1262.5], [1063.5, 1192.5], [807.5, 1102.6], [637.4, 1012.5], [479.5, 942.5], [1552.2, 665.5], [1432.7, 703.5], [1345.8, 707.5], [1247.2, 669.5], [1139.4, 702.5], [1067.4, 702.1], [1014.4, 665.1], [925.5, 682.5], [870.8, 699.7], [810.9, 656.5], [759.7, 668.5], [710.5, 678.5], [657.9, 647.4], [622.1, 647.5], [583.2, 652.3], [527.9, 625.5], [485.7, 624.8], [448.4, 609.5], [404.6, 600.1], [361.5, 589.0], [319.6, 585.9], [1733.9, 1262.9], [1402.3, 1200.0], [1113.2, 1096.2], [878.3, 996.0], [690.9, 904.0], [546.1, 820.0]]",
splits_LEC,Saw,nl24ky_x166_bf3_l,,../splits/marked_images/EH/txt/NL24KY_X166_BF3_L_XY_EH.txt,images/nl24ky_x166_bf3_l.tif,splits_LEC,52,52,autolabel_v1.2,2560,1920,"[[333.4, 454.6], [1934.0, 820.0], [1621.4, 622.5], [1309.4, 604.6], [1081.4, 598.5], [879.4, 578.6], [723.4, 538.4], [593.5, 508.6], [1519.4, 592.5], [1219.5, 598.5], [1003.4, 582.5], [1845.5, 1214.5], [1535.4, 1168.5], [1233.5, 1050.5], [967.6, 920.5], [767.5, 802.5], [607.6, 708.5], [493.5, 622.5], [1837.5, 1308.5], [1549.4, 1256.4], [1347.4, 1180.6], [1029.6, 1088.6], [799.5, 974.5], [637.4, 866.4], [495.4, 788.4], [1567.3, 599.5], [1450.6, 638.5], [1360.9, 633.4], [1259.1, 590.5], [1170.1, 623.5], [1098.7, 623.2], [1039.5, 581.5], [950.5, 599.0], [892.9, 607.5], [834.6, 559.5], [784.4, 565.5], [733.5, 567.0], [688.9, 530.5], [650.5, 525.5], [613.5, 523.5], [568.2, 499.7], [528.1, 487.4], [486.9, 482.4], [451.2, 460.5], [409.4, 450.5], [369.2, 440.5], [1687.1, 1203.1], [1377.9, 1116.9], [1093.7, 979.7], [865.2, 853.2], [687.1, 757.1], [551.8, 663.0]]",
splits_LEC,Saw,nl24ky_x166_bf4_r,,../splits/marked_images/EH/txt/NL24KY_X166_BF4_R_XY_EH.txt,images/nl24ky_x166_bf4_r.tif,splits_LEC,52,52,autolabel_v1.2,2560,1920,"[[259.5, 536.5], [1944.0, 868.0], [1583.4, 664.6], [1273.5, 666.6], [1037.6, 648.4], [835.5, 626.6], [671.5, 602.6], [541.5, 568.5], [1481.4, 640.4], [1173.5, 646.5], [947.5, 638.5], [1867.5, 1310.5], [1539.5, 1248.5], [1217.6, 1146.5], [947.5, 1010.6], [729.5, 884.6], [573.4, 788.4], [439.5, 712.6], [1871.4, 1390.4], [1549.4, 1338.6], [1337.5, 1264.4], [1011.4, 1164.6], [749.5, 1062.4], [587.5, 944.4], [443.6, 874.4], [1534.6, 649.5], [1437.4, 712.1], [1350.3, 697.5], [1230.7, 652.5], [1153.9, 696.5], [1087.4, 685.5], [994.6, 642.5], [921.5, 670.5], [873.3, 658.8], [795.6, 623.5], [748.8, 636.3], [708.4, 621.5], [639.5, 596.5], [603.6, 598.5], [571.2, 585.7], [501.0, 561.5], [460.8, 551.5], [424.8, 531.5], [382.8, 530.5], [340.7, 517.5], [299.1, 531.4], [1700.1, 1286.0], [1372.7, 1205.0], [1082.5, 1078.5], [836.9, 952.9], [644.8, 842.8], [504.6, 755.0]]",
splits_LEC,Saw,nl24ky_x166_bf6_r,,../splits/marked_images/EH/txt/NL24KY_X166_BF6_R_XY_EH.txt,images/nl24ky_x166_bf6_r.tif,splits_LEC,52,52,autolabel_v1.2,2560,1920,"[[287.6, 520.5], [1937.9, 848.1], [1621.4, 658.6], [1317.4, 640.4], [1067.4, 616.4], [873.6, 608.5], [707.4, 582.5], [575.4, 558.5], [1507.5, 624.4], [1219.5, 622.5], [989.4, 608.5], [1865.5, 1268.5], [1551.4, 1236.6], [1231.4, 1124.4], [957.4, 1002.6], [753.4, 892.6], [595.5, 788.4], [473.4, 702.4], [1877.4, 1350.4], [1567.4, 1328.6], [1337.5, 1242.6], [1033.5, 1144.5], [787.6, 1038.4], [611.5, 946.6], [475.6, 848.5], [1568.0, 636.5], [1471.7, 692.5], [1388.4, 675.9], [1267.6, 629.5], [1182.7, 677.5], [1109.2, 662.7], [1025.0, 615.5], [934.8, 662.3], [913.5, 659.0], [832.0, 605.5], [785.3, 620.5], [739.6, 612.1], [675.8, 578.7], [640.0, 587.5], [604.0, 578.5], [533.0, 555.5], [493.3, 540.8], [455.1, 520.5], [411.2, 516.5], [369.8, 504.5], [327.1, 515.4], [1704.3, 1266.0], [1383.8, 1193.0], [1093.5, 1070.0], [853.3, 949.3], [672.4, 841.4], [533.6, 746.0]]",
splits_LEC,Saw,nl24ky_x166_bf7_r,,../splits/marked_images/EH/txt/NL24KY_X166_BF7_R_XY_EH.txt,images/nl24ky_x166_bf7_r.tif,splits_LEC,52,52,autolabel_v1.2,2560,1920,"[[281.5, 644.5], [1939.4, 820.6], [1599.4, 630.5], [1277.4, 638.5], [1045.6, 650.6], [839.4, 652.5], [669.4, 656.6], [531.5, 650.6], [1495.4, 610.6], [1183.4, 640.4], [959.6, 654.5], [1899.5, 1210.4], [1587.5, 1202.4], [1261.4, 1130.5], [983.6, 1026.6], [781.5, 948.5], [597.4, 864.5], [461.5, 786.5], [1919.3, 1296.4], [1601.5, 1286.5], [1379.4, 1234.6], [1069.5, 1166.6], [801.4, 1084.5], [619.5, 1004.5], [469.5, 944.4], [1555.6, 610.9], [1446.3, 684.5], [1356.6, 672.1], [1229.8, 639.5], [1163.0, 693.5], [1098.4, 687.9], [1000.4, 652.5], [933.9, 695.5], [878.0, 692.5], [794.0, 665.5], [752.7, 683.8], [708.1, 676.6], [631.8, 664.7], [593.6, 667.5], [559.8, 653.5], [501.1, 644.5], [462.5, 641.5], [430.0, 625.5], [389.0, 624.5], [350.8, 618.5], [313.9, 631.6], [1741.3, 1213.0], [1419.9, 1173.0], [1119.2, 1084.0], [876.5, 995.5], [685.8, 912.0], [526.3, 831.3]]",
splits_PIN,Saw,np24ky_x084_a11_l,,../splits/marked_images/EH/txt/NP24KY_X084_A11_L_XY_EH.txt,images/np24ky_x084_a11_l.tif,splits_PIN,52,52,autolabel_v1.2,2560,1920,"[[427.4, 546.4], [1885.9, 848.1], [1541.4, 724.5], [1273.5, 700.5], [1079.5, 682.6], [897.6, 646.5], [739.4, 600.5], [611.5, 576.5], [1447.5, 692.5], [1189.5, 682.6], [983.6, 666.6], [1905.5, 1224.5], [1547.5, 1174.6], [1241.5, 1070.6], [975.6, 944.4], [779.6, 836.6], [635.5, 738.5], [531.5, 662.5], [1919.3, 1300.5], [1585.5, 1258.6], [1405.5, 1250.6], [1061.6, 1148.4], [801.4, 1040.6], [643.5, 924.6], [521.6, 796.4], [1495.3, 709.8], [1384.8, 740.5], [1309.8, 749.3], [1231.8, 694.3], [1139.8, 704.7], [1089.8, 715.5], [1030.3, 669.5], [944.8, 668.5], [905.2, 673.7], [853.5, 633.0], [806.9, 627.4], [759.3, 626.5], [707.5, 595.5], [675.4, 585.5], [642.4, 583.5], [586.9, 560.5], [558.1, 550.5], [529.4, 545.5], [502.2, 540.7], [473.9, 533.4], [445.1, 537.5], [1720.9, 1211.9], [1389.0, 1133.0], [1105.2, 1012.2], [875.2, 896.0], [704.5, 794.5], [584.3, 705.3]]",
splits_PIN,Saw,np24ky_x084_a13_l,,../splits/marked_images/EH/txt/NP24KY_X084_A13_L_XY_EH.txt,images/np24ky_x084_a13_l.tif,splits_PIN,52,52,autolabel_v1.2,2560,1920,"[[477.5, 416.6], [1877.9, 804.0], [1557.4, 672.6], [1307.4, 624.4], [1109.5, 590.5], [931.5, 544.5], [781.5, 496.5], [675.4, 462.6], [1481.4, 632.4], [1223.4, 596.6], [1013.4, 578.6], [1873.5, 1180.6], [1557.4, 1120.5], [1259.5, 998.5], [1007.5, 858.4], [821.5, 734.6], [681.5, 628.5], [589.4, 546.4], [1891.5, 1286.5], [1585.5, 1212.6], [1411.4, 1176.5], [1081.4, 1044.5], [837.5, 920.5], [667.4, 794.5], [565.5, 664.6], [1514.9, 658.4], [1417.5, 680.2], [1338.6, 684.5], [1262.7, 613.2], [1174.5, 622.0], [1119.6, 628.5], [1060.8, 580.5], [977.6, 579.5], [941.0, 574.5], [891.5, 537.5], [848.8, 530.3], [805.1, 525.5], [754.8, 488.5], [726.8, 481.5], [697.2, 476.5], [649.3, 451.5], [620.6, 440.1], [590.1, 435.5], [563.6, 420.5], [535.6, 415.5], [506.3, 411.8], [1712.7, 1161.7], [1404.9, 1066.9], [1131.1, 933.0], [910.4, 803.0], [746.7, 688.7], [631.5, 591.0]]",
splits_PIN,Saw,np24ky_x084_a16_l,,../splits/marked_images/EH/txt/NP24KY_X084_A16_L_XY_EH.txt,images/np24ky_x084_a16_l.tif,splits_PIN,52,52,autolabel_v1.2,2560,1920,"[[489.4, 392.6], [1891.9, 868.0], [1563.5, 714.5], [1317.4, 648.4], [1109.5, 594.6], [943.6, 540.6], [799.5, 490.5], [679.5, 448.6], [1481.4, 668.5], [1239.4, 622.5], [1033.5, 578.6], [1863.4, 1238.5], [1519.4, 1144.5], [1233.5, 1006.5], [997.4, 854.6], [799.5, 706.6], [675.4, 598.5], [595.5, 520.5], [1871.4, 1326.5], [1547.5, 1242.6], [1371.4, 1186.4], [1053.6, 1040.6], [815.4, 904.5], [659.4, 770.5], [563.5, 632.4], [1517.9, 696.5], [1416.8, 714.7], [1337.0, 706.5], [1277.7, 641.5], [1185.6, 645.9], [1127.6, 641.5], [1070.9, 585.4], [989.6, 580.5], [946.7, 573.2], [903.5, 527.5], [859.0, 522.5], [814.6, 515.5], [773.0, 475.5], [741.8, 465.5], [709.9, 459.5], [657.5, 428.0], [629.2, 415.5], [599.0, 411.5], [576.5, 390.5], [545.9, 385.5], [515.2, 384.5], [1685.6, 1201.0], [1372.0, 1085.0], [1109.7, 939.7], [890.6, 791.6], [730.8, 660.8], [634.2, 559.2]]",
splits_PIN,Saw,np24ky_x084_a24_l,,../splits/marked_images/EH/txt/NP24KY_X084_A24_L_XY_EH.txt,images/np24ky_x084_a24_l.tif,splits_PIN,52,52,autolabel_v1.2,2560,1920,"[[459.6, 494.6], [1861.9, 804.0], [1545.5, 678.5], [1289.5, 662.5], [1091.4, 628.5], [919.4, 590.5], [761.4, 546.4], [653.4, 524.6], [1457.4, 644.5], [1201.6, 628.5], [1009.5, 616.4], [1901.4, 1168.5], [1543.4, 1112.5], [1239.4, 1002.6], [999.5, 892.6], [799.5, 776.6], [661.4, 684.5], [571.5, 608.5], [1921.5, 1258.6], [1571.5, 1198.5], [1403.4, 1194.4], [1077.5, 1076.5], [837.5, 972.5], [669.4, 850.5], [563.5, 716.5], [1496.6, 669.5], [1397.2, 701.3], [1319.0, 709.5], [1241.9, 651.5], [1158.0, 661.5], [1100.5, 666.0], [1051.2, 623.5], [963.7, 622.8], [915.7, 624.2], [874.1, 583.5], [824.8, 581.7], [776.5, 580.5], [733.4, 543.9], [703.6, 538.5], [673.2, 534.5], [636.3, 516.8], [607.6, 503.1], [577.8, 500.3], [548.2, 488.7], [516.9, 485.5], [486.7, 485.5], [1717.5, 1152.0], [1387.1, 1063.1], [1120.3, 950.0], [898.5, 837.5], [728.8, 733.8], [616.7, 646.7]]",
splits_PIN,Saw,np24ky_x084_a25_l,,../splits/marked_images/EH/txt/NP24KY_X084_A25_L_XY_EH.txt,images/np24ky_x084_a25_l.tif,splits_PIN,52,52,autolabel_v1.2,2560,1920,"[[615.6, 246.5], [1872.0, 870.1], [1547.5, 698.6], [1311.5, 610.6], [1143.4, 534.6], [993.5, 444.5], [877.5, 376.6], [789.5, 316.5], [1469.5, 642.6], [1233.5, 568.5], [1067.4, 514.5], [1847.4, 1214.5], [1527.4, 1108.4], [1267.5, 962.6], [1059.4, 794.5], [881.6, 636.5], [769.4, 488.5], [699.4, 398.4], [1857.6, 1286.5], [1547.5, 1202.4], [1383.5, 1136.5], [1073.4, 964.5], [857.6, 802.5], [717.6, 654.5], [643.5, 502.6], [1502.8, 676.3], [1413.5, 672.5], [1345.2, 666.7], [1270.1, 591.6], [1190.8, 582.7], [1145.5, 570.1], [1103.3, 520.8], [1035.9, 498.5], [997.5, 482.5], [961.0, 438.5], [924.5, 424.5], [888.6, 409.1], [851.5, 363.5], [822.3, 350.8], [791.7, 340.2], [771.5, 313.0], [747.2, 295.7], [719.3, 287.5], [696.5, 266.5], [669.8, 257.5], [641.0, 253.5], [1683.5, 1170.0], [1395.1, 1040.1], [1155.3, 886.3], [967.9, 723.9], [822.0, 564.4], [731.7, 444.7]]",
splits_PIN,Saw,np24ky_x084_b15_l,,../splits/marked_images/EH/txt/NP24KY_X084_B15_L_XY_EH.txt,images/np24ky_x084_b15_l.tif,splits_PIN,52,52,autolabel_v1.2,2560,1920,"[[457.4, 422.6], [1913.5, 864.5], [1577.5, 714.5], [1319.5, 668.5], [1101.5, 608.5], [929.5, 560.5], [775.5, 514.5], [651.5, 470.6], [1491.5, 672.6], [1223.4, 622.5], [1017.5, 592.5], [1899.5, 1254.5], [1545.5, 1176.5], [1233.5, 1024.6], [987.4, 882.4], [791.5, 748.5], [657.5, 632.4], [557.5, 552.5], [1915.5, 1346.6], [1571.5, 1258.6], [1393.4, 1232.5], [1069.5, 1088.6], [811.6, 956.5], [649.5, 818.5], [535.4, 674.6], [1533.6, 696.5], [1418.1, 716.4], [1336.5, 717.5], [1267.6, 647.5], [1172.5, 654.0], [1112.6, 653.1], [1058.1, 594.5], [978.5, 591.5], [932.2, 589.5], [885.7, 546.5], [838.3, 537.5], [789.6, 535.5], [746.0, 498.5], [713.7, 486.5], [679.2, 481.7], [628.8, 456.3], [600.3, 443.5], [570.1, 436.4], [541.5, 424.0], [512.3, 415.5], [483.2, 415.5], [1719.2, 1224.0], [1383.9, 1104.0], [1109.0, 956.0], [888.6, 816.0], [718.4, 694.4], [607.7, 590.7]]",
splits_PIN,Saw,np24ky_x084_b27_l,,../splits/marked_images/EH/txt/NP24KY_X084_B27_L_XY_EH.txt,images/np24ky_x084_b27_l.tif,splits_PIN,52,52,autolabel_v1.2,2560,1920,"[[463.5, 450.5], [1931.9, 894.1], [1603.5, 738.5], [1337.5, 686.5], [1131.6, 632.4], [951.6, 582.5], [785.4, 530.5], [659.4, 494.6], [1513.4, 694.5], [1253.4, 642.6], [1035.4, 612.6], [1901.4, 1276.5], [1551.4, 1174.6], [1255.4, 1036.5], [1021.6, 884.6], [819.6, 764.5], [677.4, 650.6], [585.5, 568.5], [1913.5, 1374.4], [1593.5, 1282.6], [1411.4, 1246.5], [1085.5, 1086.6], [847.4, 938.6], [677.4, 802.5], [567.4, 676.5], [1556.7, 722.5], [1446.7, 732.5], [1362.8, 733.5], [1288.9, 672.4], [1201.2, 667.3], [1137.6, 667.5], [1081.0, 617.5], [997.5, 607.5], [952.9, 608.6], [905.7, 566.2], [859.2, 552.5], [812.5, 554.3], [755.0, 520.5], [724.0, 507.5], [689.3, 502.5], [633.3, 477.8], [604.8, 464.5], [573.7, 458.5], [543.3, 446.8], [513.2, 438.5], [482.7, 434.8], [1721.0, 1238.0], [1398.3, 1111.0], [1137.1, 957.1], [917.6, 839.6], [745.9, 711.0], [626.4, 617.4]]",
splits_PIN,Saw,np24ky_x084_b30_r,,../splits/marked_images/EH/txt/NP24KY_X084_B30_R_XY_EH.txt,images/np24ky_x084_b30_r.tif,splits_PIN,52,52,autolabel_v1.2,2560,1920,"[[405.6, 516.6], [1877.9, 778.1], [1543.4, 680.6], [1281.5, 658.6], [1059.4, 630.5], [875.5, 598.5], [727.5, 566.5], [607.6, 538.4], [1467.5, 646.5], [1195.5, 632.4], [979.4, 618.6], [1933.4, 1190.5], [1575.4, 1142.6], [1247.4, 1046.4], [985.5, 930.6], [769.4, 814.6], [625.5, 712.6], [523.5, 642.6], [1957.4, 1270.5], [1607.6, 1224.5], [1445.5, 1214.5], [1095.5, 1124.4], [803.6, 1002.6], [623.6, 894.5], [507.5, 772.5], [1514.7, 655.5], [1425.7, 708.5], [1350.1, 694.4], [1241.9, 643.5], [1164.2, 673.5], [1109.8, 655.3], [1021.5, 624.5], [950.4, 632.9], [911.1, 612.6], [837.3, 593.5], [797.4, 594.9], [760.5, 579.0], [701.4, 556.1], [666.7, 555.8], [635.4, 547.5], [591.2, 523.7], [558.5, 518.5], [528.1, 513.6], [497.3, 503.8], [464.2, 509.5], [433.3, 521.2], [1744.1, 1180.0], [1406.1, 1105.0], [1113.8, 993.0], [874.1, 880.1], [692.0, 773.0], [572.9, 678.9]]",
splits_PIN,Saw,np24ky_x084_b9_l,,../splits/marked_images/EH/txt/NP24KY_X084_B9_L_XY_EH.txt,images/np24ky_x084_b9_l.tif,splits_PIN,52,52,autolabel_v1.2,2560,1920,"[[477.5, 496.5], [1918.1, 899.9], [1581.4, 734.6], [1319.5, 684.5], [1117.5, 634.6], [943.6, 600.5], [793.4, 566.5], [671.5, 532.6], [1501.5, 688.6], [1229.4, 648.4], [1037.6, 624.4], [1887.4, 1256.4], [1523.5, 1134.6], [1249.5, 990.5], [1013.4, 870.5], [819.6, 756.5], [687.5, 674.6], [575.4, 598.5], [1895.4, 1350.4], [1557.4, 1216.5], [1407.5, 1244.6], [1091.4, 1090.5], [861.5, 954.6], [685.4, 832.5], [565.5, 714.5], [1535.0, 719.5], [1434.0, 735.5], [1347.0, 741.5], [1269.7, 672.2], [1179.0, 680.5], [1118.6, 677.1], [1078.6, 632.5], [989.7, 628.5], [940.9, 630.4], [902.4, 595.5], [859.1, 586.5], [815.2, 584.7], [767.9, 561.5], [733.2, 547.5], [696.0, 541.5], [648.2, 525.7], [619.6, 513.1], [589.3, 508.5], [560.6, 498.1], [534.5, 490.0], [505.2, 487.5], [1704.3, 1199.0], [1380.3, 1071.3], [1131.6, 929.0], [918.1, 811.1], [750.6, 721.6], [630.7, 639.7]]",
splits_PIN,Saw,np24ky_x093_a11_l,,../splits/marked_images/EH/txt/NP24KY_X093_A11_L_XY_EH.txt,images/np24ky_x093_a11_l.tif,splits_PIN,52,52,autolabel_v1.2,2560,1920,"[[505.4, 392.6], [1901.8, 858.0], [1563.5, 726.4], [1313.5, 654.5], [1131.6, 596.6], [961.5, 546.4], [811.6, 498.5], [689.5, 448.6], [1485.5, 674.6], [1245.4, 618.6], [1055.5, 570.6], [1879.4, 1236.6], [1537.6, 1136.5], [1241.5, 992.6], [1011.4, 844.6], [813.5, 704.6], [691.4, 610.6], [599.4, 520.5], [1859.5, 1312.4], [1573.4, 1246.5], [1389.5, 1196.6], [1075.4, 1054.4], [837.5, 912.5], [673.5, 772.5], [575.4, 630.5], [1520.9, 704.4], [1421.1, 714.6], [1342.1, 711.5], [1275.7, 644.2], [1189.3, 642.5], [1126.4, 638.9], [1091.1, 588.6], [1012.4, 577.5], [966.5, 577.5], [918.6, 531.5], [874.6, 522.1], [829.7, 520.5], [778.0, 487.5], [745.7, 469.5], [709.4, 464.5], [665.8, 441.3], [641.0, 427.5], [613.3, 417.8], [586.3, 405.8], [560.2, 391.7], [532.6, 390.1], [1704.8, 1194.8], [1387.1, 1070.1], [1123.5, 920.5], [909.1, 781.1], [749.5, 663.5], [643.4, 566.4]]",
splits_PIN,Saw,np24ky_x093_a13_l,,../splits/marked_images/EH/txt/NP24KY_X093_A13_L_XY_EH.txt,images/np24ky_x093_a13_l.tif,splits_PIN,52,52,autolabel_v1.2,2560,1920,"[[487.5, 466.5], [1915.9, 832.1], [1563.5, 712.6], [1323.4, 672.6], [1123.6, 630.5], [947.5, 594.6], [793.4, 548.6], [677.4, 502.6], [1471.4, 668.5], [1235.5, 642.6], [1049.5, 622.5], [1915.5, 1212.6], [1561.5, 1142.6], [1259.5, 1018.6], [1011.4, 882.4], [819.6, 762.5], [681.5, 652.5], [591.4, 584.5], [1913.5, 1302.5], [1611.5, 1242.6], [1413.5, 1204.6], [1097.4, 1088.6], [853.5, 958.5], [681.5, 836.6], [569.6, 692.5], [1514.2, 694.7], [1416.2, 715.3], [1339.8, 721.5], [1277.0, 665.5], [1188.9, 665.5], [1129.6, 669.5], [1083.0, 624.5], [1006.4, 621.5], [958.7, 622.5], [904.6, 580.1], [860.8, 572.7], [814.9, 571.4], [762.8, 535.5], [729.9, 523.4], [696.0, 519.5], [652.5, 494.5], [624.2, 483.7], [594.5, 476.5], [566.3, 463.5], [536.0, 455.5], [505.4, 454.5], [1736.0, 1186.0], [1408.0, 1087.0], [1133.1, 953.0], [911.8, 827.8], [743.9, 711.9], [633.8, 623.8]]",
splits_PIN,Saw,np24ky_x093_a16_l,,../splits/marked_images/EH/txt/NP24KY_X093_A16_L_XY_EH.txt,images/np24ky_x093_a16_l.tif,splits_PIN,52,52,autolabel_v1.2,2560,1920,"[[519.4, 408.6], [1913.9, 872.1], [1573.4, 718.4], [1325.4, 668.5], [1127.5, 610.6], [965.4, 556.6], [815.4, 502.6], [695.5, 460.4], [1499.5, 676.5], [1247.4, 636.5], [1061.6, 590.5], [1895.4, 1242.6], [1565.4, 1162.5], [1259.5, 1016.6], [1011.4, 856.5], [827.5, 718.4], [701.6, 614.5], [617.5, 542.6], [1901.4, 1326.5], [1611.5, 1268.5], [1409.4, 1194.4], [1077.5, 1062.4], [833.4, 910.5], [677.4, 776.6], [581.4, 636.5], [1534.9, 700.4], [1433.2, 732.5], [1345.6, 727.5], [1283.6, 656.1], [1196.4, 661.5], [1137.2, 658.5], [1095.2, 601.7], [1012.4, 593.5], [962.7, 590.5], [921.3, 544.5], [875.3, 538.5], [829.4, 532.5], [785.1, 492.5], [752.1, 482.5], [718.8, 475.3], [677.1, 445.6], [652.2, 433.5], [624.0, 429.5], [600.3, 414.5], [572.6, 409.1], [546.8, 405.7], [1726.3, 1211.3], [1408.1, 1099.0], [1133.8, 939.8], [915.9, 791.9], [761.1, 673.1], [660.6, 577.6]]",
splits_PIN,Saw,np24ky_x093_a24_l,,../splits/marked_images/EH/txt/NP24KY_X093_A24_L_XY_EH.txt,images/np24ky_x093_a24_l.tif,splits_PIN,52,52,autolabel_v1.2,2560,1920,"[[473.4, 376.6], [1888.0, 868.0], [1541.4, 688.6], [1285.4, 620.6], [1105.4, 580.6], [937.5, 526.6], [791.5, 470.6], [667.4, 426.5], [1459.6, 636.5], [1209.6, 592.5], [1037.6, 562.4], [1885.4, 1206.5], [1543.4, 1110.6], [1237.4, 972.5], [999.5, 822.6], [817.4, 702.4], [685.4, 588.6], [587.5, 498.5], [1875.5, 1286.5], [1577.5, 1214.5], [1391.5, 1166.6], [1071.5, 1030.4], [819.6, 888.5], [663.6, 756.5], [561.6, 606.5], [1496.2, 666.5], [1399.0, 684.5], [1316.4, 678.5], [1246.0, 613.5], [1168.3, 619.2], [1112.5, 616.5], [1071.9, 571.4], [987.9, 561.5], [938.0, 558.5], [895.5, 509.0], [848.2, 502.5], [803.2, 496.5], [761.1, 457.6], [726.4, 446.9], [691.1, 441.5], [645.5, 412.5], [616.9, 398.5], [588.3, 391.5], [560.1, 376.5], [529.0, 368.5], [498.0, 364.5], [1709.5, 1171.0], [1386.7, 1049.7], [1116.9, 899.0], [907.3, 765.3], [747.9, 648.9], [636.9, 546.9]]",
splits_PIN,Saw,np24ky_x093_b17_l,,../splits/marked_images/EH/txt/NP24KY_X093_B17_L_XY_EH.txt,images/np24ky_x093_b17_l.tif,splits_PIN,52,52,autolabel_v1.2,2560,1920,"[[363.4, 626.6], [1921.9, 810.0], [1543.4, 740.5], [1279.6, 728.6], [1065.4, 706.6], [875.5, 678.5], [709.6, 652.5], [569.6, 632.4], [1455.4, 704.6], [1197.5, 704.6], [985.5, 690.6], [1963.4, 1200.5], [1591.4, 1162.5], [1259.5, 1076.5], [991.5, 974.5], [769.4, 878.5], [617.5, 798.6], [493.5, 720.6], [1957.4, 1280.4], [1609.5, 1244.6], [1455.4, 1256.4], [1101.5, 1176.5], [833.4, 1072.6], [643.5, 972.5], [503.4, 850.5], [1496.6, 724.5], [1398.5, 756.8], [1321.3, 767.5], [1237.9, 718.5], [1145.1, 738.4], [1083.8, 739.7], [1025.5, 696.5], [939.6, 701.9], [893.3, 704.5], [830.1, 667.5], [782.1, 668.5], [731.9, 671.4], [674.1, 647.5], [637.0, 638.5], [598.7, 640.5], [538.7, 621.2], [505.1, 613.5], [471.9, 611.4], [436.9, 605.5], [402.8, 603.5], [369.2, 611.3], [1773.3, 1193.0], [1420.1, 1125.0], [1123.7, 1026.0], [877.0, 929.0], [690.2, 844.2], [551.4, 768.4]]",
splits_PIN,Saw,np24ky_x101_a10_l,,../splits/marked_images/EH/txt/NP24KY_X101_A10_L_XY_EH.txt,images/np24ky_x101_a10_l.tif,splits_PIN,52,52,autolabel_v1.2,2560,1920,"[[475.6, 440.6], [1913.9, 866.0], [1577.5, 708.5], [1331.4, 700.5], [1113.4, 594.6], [935.4, 550.5], [795.6, 506.5], [669.4, 470.6], [1507.5, 662.5], [1261.4, 668.5], [1035.4, 576.5], [1871.4, 1210.4], [1537.6, 1136.5], [1245.4, 1002.6], [999.5, 868.6], [809.4, 742.6], [679.5, 624.4], [575.4, 550.5], [1883.5, 1312.4], [1573.4, 1232.5], [1393.4, 1182.6], [1061.6, 1064.6], [817.4, 934.5], [669.4, 810.5], [565.5, 672.6], [1536.1, 689.6], [1450.9, 698.6], [1391.0, 722.5], [1297.0, 681.5], [1194.4, 661.5], [1124.1, 644.5], [1074.0, 585.5], [987.0, 580.5], [937.5, 585.5], [888.9, 537.5], [839.3, 531.5], [789.2, 532.5], [763.7, 495.5], [731.0, 484.5], [696.4, 480.5], [646.0, 461.5], [617.0, 447.5], [585.5, 445.5], [556.5, 433.5], [525.0, 425.5], [494.8, 426.7], [1700.9, 1182.0], [1389.0, 1076.0], [1119.1, 936.1], [902.0, 812.0], [738.4, 690.4], [627.2, 588.2]]",
splits_PIN,Saw,np24ky_x101_a11_l,,../splits/marked_images/EH/txt/NP24KY_X101_A11_L_XY_EH.txt,images/np24ky_x101_a11_l.tif,splits_PIN,52,52,autolabel_v1.2,2560,1920,"[[455.5, 502.6], [1923.9, 875.9], [1561.5, 726.4], [1305.5, 692.5], [1091.4, 644.5], [921.5, 610.6], [771.6, 574.5], [649.5, 542.6], [1471.4, 688.6], [1211.5, 666.6], [1013.4, 630.5], [1903.4, 1232.5], [1549.4, 1172.6], [1253.4, 1058.5], [1001.5, 934.5], [795.6, 804.4], [655.6, 700.5], [557.5, 612.6], [1921.5, 1324.5], [1601.5, 1276.5], [1393.4, 1234.6], [1069.5, 1124.4], [817.4, 1010.6], [651.5, 882.4], [537.6, 744.6], [1514.3, 712.8], [1411.0, 743.5], [1329.3, 739.2], [1258.3, 680.8], [1160.3, 690.2], [1103.9, 686.4], [1053.1, 637.5], [968.9, 634.6], [923.9, 640.5], [878.6, 601.5], [834.0, 594.5], [788.6, 593.5], [747.0, 563.5], [714.4, 553.5], [679.8, 546.5], [625.2, 526.5], [596.2, 514.5], [566.6, 512.1], [539.4, 495.9], [508.9, 491.5], [478.3, 489.5], [1720.0, 1213.0], [1399.7, 1119.0], [1125.0, 1001.0], [893.5, 877.5], [721.4, 762.4], [606.7, 656.7]]",
splits_PIN,Saw,np24ky_x101_a4_r,,../splits/marked_images/EH/txt/NP24KY_X101_A4_R_XY_EH.txt,images/np24ky_x101_a4_r.tif,splits_PIN,52,52,autolabel_v1.2,2560,1920,"[[497.4, 480.5], [1918.1, 842.0], [1565.4, 726.4], [1303.6, 682.6], [1103.5, 638.5], [933.4, 596.6], [783.5, 554.4], [661.4, 516.6], [1473.4, 684.5], [1225.5, 656.6], [1021.6, 620.6], [1905.5, 1242.6], [1555.5, 1170.5], [1251.5, 1046.4], [997.4, 910.5], [801.4, 788.4], [671.5, 672.6], [577.6, 596.6], [1917.4, 1334.5], [1585.5, 1274.6], [1399.5, 1236.6], [1061.6, 1108.4], [817.4, 982.5], [655.6, 848.5], [553.6, 708.5], [1528.9, 697.4], [1433.4, 739.5], [1363.7, 720.2], [1271.0, 664.5], [1192.4, 691.9], [1144.9, 665.5], [1066.5, 624.5], [993.6, 632.5], [963.2, 611.7], [903.1, 580.5], [856.7, 580.5], [818.4, 567.9], [763.7, 536.5], [725.2, 532.5], [688.3, 520.8], [651.8, 497.3], [625.4, 488.5], [599.5, 488.0], [575.7, 475.5], [548.1, 481.5], [521.6, 490.5], [1726.1, 1217.0], [1400.3, 1113.3], [1122.3, 981.3], [896.9, 851.0], [733.4, 732.4], [625.9, 632.9]]",
splits_PIN,Saw,np24ky_x101_a5_l,,../splits/marked_images/EH/txt/NP24KY_X101_A5_L_XY_EH.txt,images/np24ky_x101_a5_l.tif,splits_PIN,52,52,autolabel_v1.2,2560,1920,"[[521.6, 346.6], [1942.0, 812.0], [1595.5, 662.5], [1335.5, 600.5], [1137.4, 556.6], [967.6, 500.6], [813.5, 450.5], [697.5, 404.5], [1513.4, 618.6], [1255.4, 572.6], [1051.4, 538.4], [1893.4, 1184.5], [1555.5, 1102.6], [1245.4, 940.6], [1017.5, 794.5], [813.5, 662.5], [685.4, 550.5], [599.4, 466.5], [1905.5, 1280.4], [1593.5, 1204.6], [1389.5, 1156.6], [1063.5, 1008.6], [829.5, 858.4], [673.5, 726.4], [577.6, 570.6], [1554.4, 643.5], [1444.5, 662.1], [1365.1, 661.6], [1294.8, 592.5], [1204.7, 596.8], [1145.8, 594.3], [1092.5, 541.5], [1011.6, 534.5], [967.5, 529.8], [920.2, 484.7], [872.5, 477.5], [823.1, 474.6], [782.7, 434.5], [750.2, 421.5], [715.7, 415.5], [677.6, 391.1], [652.5, 377.5], [625.3, 370.8], [600.8, 359.3], [573.3, 351.5], [547.3, 347.5], [1719.2, 1157.0], [1396.4, 1026.4], [1125.2, 869.0], [911.9, 730.9], [749.9, 606.9], [645.1, 506.1]]",
splits_PIN,Saw,np24ky_x101_a8_l,,../splits/marked_images/EH/txt/NP24KY_X101_A8_L_XY_EH.txt,images/np24ky_x101_a8_l.tif,splits_PIN,52,52,autolabel_v1.2,2560,1920,"[[459.6, 506.5], [1885.9, 846.1], [1541.4, 724.5], [1305.5, 696.6], [1089.4, 644.5], [925.4, 612.6], [765.5, 572.6], [661.4, 540.6], [1459.6, 688.6], [1217.6, 662.5], [1017.5, 632.4], [1879.4, 1236.6], [1543.4, 1170.5], [1247.4, 1050.5], [1003.4, 926.5], [809.4, 810.5], [663.6, 698.6], [571.5, 626.6], [1899.5, 1322.6], [1577.5, 1270.5], [1399.5, 1228.6], [1079.5, 1112.5], [827.5, 990.5], [663.6, 876.6], [549.5, 758.6], [1500.3, 702.5], [1401.5, 733.1], [1325.6, 734.1], [1260.2, 675.7], [1168.0, 675.5], [1114.3, 682.5], [1052.4, 633.5], [980.5, 629.5], [936.8, 637.5], [886.6, 593.5], [842.1, 586.5], [797.5, 589.5], [744.3, 557.8], [717.9, 545.5], [688.9, 541.5], [632.2, 528.7], [603.1, 511.6], [570.1, 504.5], [540.4, 492.5], [509.9, 485.4], [476.4, 487.5], [1704.2, 1215.0], [1391.5, 1119.0], [1125.0, 989.0], [905.7, 868.7], [736.5, 756.5], [617.9, 664.0]]",
splits_PIN,Saw,np24ky_x101_b24_l,,../splits/marked_images/EH/txt/NP24KY_X101_B24_L_XY_EH.txt,images/np24ky_x101_b24_l.tif,splits_PIN,52,52,autolabel_v1.2,2560,1920,"[[503.4, 404.5], [1901.8, 915.9], [1557.4, 756.5], [1305.5, 694.5], [1107.6, 620.6], [945.5, 564.6], [811.6, 510.6], [689.5, 460.4], [1471.4, 706.6], [1219.5, 652.5], [1015.5, 612.6], [1859.5, 1292.5], [1521.6, 1190.5], [1215.4, 1034.5], [991.5, 892.6], [815.4, 750.6], [691.4, 624.4], [597.4, 532.6], [1877.4, 1384.6], [1543.4, 1292.5], [1371.4, 1240.5], [1041.5, 1086.6], [819.6, 942.5], [653.4, 798.6], [561.6, 662.5], [1511.2, 736.7], [1408.6, 733.9], [1339.2, 742.5], [1261.4, 674.5], [1169.0, 665.5], [1117.6, 661.1], [1055.9, 608.5], [989.7, 601.2], [954.0, 592.5], [909.0, 547.5], [869.7, 539.5], [830.5, 533.0], [782.4, 497.9], [749.5, 485.5], [716.1, 474.5], [664.4, 448.5], [638.5, 435.5], [610.5, 429.9], [585.8, 415.5], [558.8, 407.3], [530.3, 400.5], [1685.8, 1252.0], [1364.6, 1123.6], [1103.3, 964.3], [904.2, 820.2], [745.2, 693.2], [641.1, 582.1]]",
splits_LEC,Saw,nex002_a12_l,,../splits/marked_images/BH/txt/NEX002_A12_L_MARK_BH.txt,images/nex002_a12_l.tif,splits_LEC,52,52,autolabel_v1.2,2560,1920,"[[232.1, 220.6], [2012.9, 613.0], [1660.5, 405.1], [1313.7, 385.3], [1057.9, 366.5], [851.1, 333.2], [683.2, 305.3], [532.8, 270.5], [1567.2, 368.0], [1223.2, 368.0], [975.1, 357.2], [1889.5, 1090.5], [1574.5, 1042.5], [1234.4, 930.6], [944.4, 765.5], [717.6, 624.4], [547.5, 510.6], [423.5, 425.4], [1915.5, 1183.4], [1595.5, 1124.4], [1336.4, 1056.6], [1013.4, 953.5], [735.5, 822.6], [551.4, 698.6], [403.4, 592.5], [1613.4, 386.9], [1475.2, 438.5], [1360.7, 433.5], [1268.0, 378.5], [1144.3, 422.5], [1047.8, 427.5], [1016.4, 361.5], [894.7, 387.8], [823.7, 402.8], [782.9, 339.6], [714.8, 353.5], [652.5, 352.4], [626.7, 306.5], [570.5, 312.5], [521.0, 308.5], [485.9, 271.6], [438.3, 276.5], [398.5, 263.0], [366.3, 244.5], [321.1, 233.6], [276.1, 224.5], [1728.8, 1076.0], [1397.9, 997.0], [1066.5, 837.5], [830.7, 695.7], [636.1, 560.1], [482.9, 471.9]]",
splits_LEC,Saw,nex006_a4_r,,../splits/marked_images/GK/txt/NEX006_A4_R_MARK_GK.txt,images/nex006_a4_r.tif,splits_LEC,52,52,autolabel_v1.2,2560,1920,"[[242.4, 275.5], [2038.0, 643.0], [1659.2, 423.3], [1306.4, 393.5], [1058.1, 376.6], [851.5, 357.8], [676.7, 332.5], [535.4, 306.0], [1571.0, 389.8], [1217.6, 379.6], [967.6, 381.8], [1941.8, 1124.4], [1599.1, 1063.3], [1256.4, 940.6], [964.5, 784.6], [745.9, 661.8], [571.1, 556.6], [439.1, 470.0], [1646.5, 1167.4], [1966.5, 1217.6], [1380.5, 1075.6], [1032.4, 973.6], [759.5, 839.4], [567.4, 723.6], [413.6, 631.6], [1627.8, 398.5], [1492.4, 463.1], [1396.8, 438.3], [1261.1, 386.5], [1176.0, 439.5], [1104.5, 427.5], [1016.0, 376.5], [927.5, 423.0], [875.9, 407.4], [803.7, 361.5], [754.9, 380.5], [710.5, 367.9], [640.5, 335.5], [600.1, 346.5], [564.7, 330.2], [492.5, 308.5], [451.2, 300.7], [411.8, 280.5], [368.1, 276.5], [325.8, 263.5], [282.2, 267.5], [1765.4, 1106.0], [1420.7, 1007.7], [1104.0, 865.0], [853.3, 725.0], [657.1, 612.1], [502.4, 519.4]]",
splits_PIN,Saw,np22ky_x014_b6_l,,../splits/marked_images/BH/txt/NP22KY_X014_B6_L_MARK_BH.txt,images/np22ky_x014_b6_l.tif,splits_PIN,52,52,autolabel_v1.2,2560,1920,"[[451.6, 419.6], [1888.9, 670.0], [1533.9, 538.4], [1270.5, 524.6], [1065.4, 506.5], [893.4, 481.6], [734.4, 453.5], [614.5, 430.6], [1437.5, 506.5], [1177.4, 503.4], [986.6, 492.6], [1875.5, 1008.6], [1546.4, 957.6], [1228.4, 856.5], [970.4, 747.6], [780.4, 656.6], [639.6, 576.5], [549.5, 516.6], [1946.4, 1082.5], [1645.4, 1080.6], [1425.4, 1036.5], [1079.5, 938.6], [832.5, 838.6], [678.5, 739.6], [565.5, 633.5], [1481.3, 530.5], [1372.5, 559.0], [1289.8, 568.7], [1221.2, 517.5], [1127.5, 534.5], [1065.9, 538.4], [1025.7, 497.5], [937.0, 508.5], [882.1, 515.5], [845.1, 473.5], [796.3, 475.2], [746.8, 479.5], [709.2, 454.7], [668.1, 447.5], [628.5, 450.5], [596.8, 441.3], [574.5, 428.5], [548.7, 428.2], [525.3, 421.8], [499.9, 418.5], [473.7, 417.2], [1707.4, 992.0], [1382.8, 911.8], [1099.2, 802.0], [874.4, 704.0], [708.1, 621.0], [592.8, 550.8]]",
splits_PIN,Saw,np22ky_x014_b9_r,,../splits/marked_images/GK/txt/NP22KY_X014_B9_R_MARK_GK.txt,images/np22ky_x014_b9_r.tif,splits_PIN,52,52,autolabel_v1.2,2560,1920,"[[514.5, 313.5], [1920.0, 672.0], [1566.1, 532.2], [1305.5, 490.5], [1101.5, 448.6], [935.4, 412.5], [780.4, 373.6], [660.5, 335.6], [1470.1, 500.2], [1216.5, 464.6], [1015.5, 431.5], [1908.5, 1032.6], [1568.5, 965.8], [1255.4, 863.6], [995.4, 725.6], [797.5, 593.5], [671.1, 491.6], [575.2, 400.8], [1916.5, 1115.1], [1607.1, 1061.8], [1411.8, 1038.9], [1059.8, 909.4], [826.5, 790.8], [674.1, 656.6], [568.9, 499.1], [1525.3, 508.8], [1433.5, 550.0], [1367.5, 529.0], [1262.9, 475.5], [1189.5, 500.5], [1139.5, 486.6], [1058.6, 437.1], [991.9, 446.5], [961.3, 433.5], [896.8, 400.5], [853.7, 403.5], [813.1, 395.6], [753.1, 362.5], [719.9, 358.5], [687.1, 353.5], [642.1, 328.5], [619.1, 325.5], [597.5, 323.5], [578.0, 313.5], [554.9, 316.6], [533.9, 326.6], [1734.7, 1008.0], [1409.8, 920.0], [1122.4, 800.4], [894.9, 663.9], [732.1, 546.1], [621.7, 445.7]]",
splits_PIN,Saw,np22ky_x017_a2_l,,../splits/marked_images/BH/txt/NP22KY_X017_A2_L_MARK_BH.txt,images/np22ky_x017_a2_l.tif,splits_PIN,52,52,autolabel_v1.2,2560,1920,"[[534.1, 397.1], [1918.9, 712.0], [1572.6, 580.1], [1313.7, 550.8], [1106.7, 517.3], [943.8, 483.8], [799.5, 449.2], [683.4, 415.9], [1484.4, 549.5], [1234.8, 526.6], [1033.0, 506.5], [1925.2, 1037.6], [1585.5, 1003.2], [1264.4, 889.1], [1014.2, 780.9], [822.8, 672.2], [697.5, 570.9], [614.7, 496.1], [1994.8, 1105.2], [1673.5, 1095.9], [1425.4, 1082.5], [1100.2, 980.5], [859.5, 877.2], [716.9, 755.8], [608.9, 621.2], [1528.3, 564.5], [1421.2, 604.5], [1330.6, 604.5], [1271.8, 541.5], [1179.9, 563.6], [1110.7, 566.2], [1070.2, 508.5], [982.2, 521.5], [931.5, 525.2], [889.8, 480.5], [833.8, 484.5], [784.5, 485.6], [758.5, 442.5], [716.0, 442.5], [674.5, 445.9], [662.7, 422.2], [642.7, 410.2], [618.2, 411.3], [601.5, 403.0], [580.7, 393.8], [557.5, 393.5], [1749.9, 1027.0], [1421.2, 955.2], [1138.3, 837.0], [918.1, 728.1], [758.3, 623.3], [656.1, 534.1]]",
splits_PIN,Saw,np22ky_x017_a7_l,,../splits/marked_images/GK/txt/NP22KY_X017_A7_L_MARK_GK.txt,images/np22ky_x017_a7_l.tif,splits_PIN,52,52,autolabel_v1.2,2560,1920,"[[533.5, 294.1], [1891.0, 684.1], [1566.5, 540.0], [1301.2, 490.5], [1106.5, 449.6], [940.6, 405.6], [855.4, 394.5], [792.5, 357.6], [1486.6, 503.9], [1221.4, 467.6], [1027.4, 434.5], [1871.2, 1040.6], [1545.8, 975.1], [1236.6, 844.6], [991.1, 708.5], [813.7, 592.5], [688.4, 477.9], [608.5, 392.0], [1884.8, 1115.1], [1588.8, 1060.5], [1399.7, 1039.5], [1062.4, 914.2], [830.6, 786.3], [695.5, 661.6], [604.6, 513.8], [1523.2, 525.5], [1411.6, 556.5], [1323.3, 550.5], [1259.3, 480.5], [1158.8, 504.5], [1100.5, 507.0], [1067.2, 439.5], [971.4, 444.5], [921.5, 441.0], [920.2, 399.5], [899.0, 395.5], [877.0, 393.5], [822.9, 393.5], [793.7, 396.5], [775.5, 375.0], [752.5, 349.5], [710.0, 347.5], [672.5, 342.8], [647.6, 311.5], [606.3, 306.8], [571.5, 288.5], [1706.4, 1013.4], [1385.8, 922.0], [1113.9, 778.9], [901.8, 651.8], [749.6, 536.6], [646.4, 433.4]]",
splits_PIN,Saw,np22ky_x017_b15_r,,../splits/marked_images/BH/txt/NP22KY_X017_B15_R_MARK_BH.txt,images/np22ky_x017_b15_r.tif,splits_PIN,52,52,autolabel_v1.2,2560,1920,"[[522.5, 390.4], [1952.8, 738.1], [1615.6, 603.3], [1336.4, 562.4], [1137.8, 530.5], [966.0, 496.5], [814.2, 452.5], [688.8, 417.9], [1551.4, 545.8], [1259.0, 535.9], [1055.1, 510.6], [1956.7, 1104.1], [1613.2, 1046.2], [1280.2, 922.6], [1029.6, 795.8], [834.9, 679.1], [705.5, 580.6], [616.2, 501.9], [1981.8, 1169.6], [1664.4, 1126.8], [1424.8, 1091.6], [1106.7, 982.9], [876.4, 873.6], [723.2, 761.4], [609.7, 622.9], [1602.7, 566.2], [1503.0, 619.5], [1414.3, 612.8], [1301.7, 550.2], [1232.4, 575.1], [1182.0, 561.5], [1095.7, 519.5], [1031.6, 529.1], [997.5, 514.4], [926.2, 485.5], [883.5, 489.5], [844.6, 476.1], [783.2, 443.5], [748.9, 441.5], [716.7, 432.2], [667.2, 406.5], [642.1, 403.5], [617.9, 398.4], [593.2, 390.5], [567.7, 394.5], [543.3, 403.2], [1781.8, 1080.8], [1444.6, 989.0], [1155.1, 859.1], [932.3, 738.3], [770.3, 629.3], [662.6, 540.6]]",
splits_PIN,Saw,np22ky_x017_b20_l,,../splits/marked_images/BH/txt/NP22KY_X017_B20_L_MARK_BH.txt,images/np22ky_x017_b20_l.tif,splits_PIN,52,52,autolabel_v1.2,2560,1920,"[[487.5, 442.5], [1934.0, 727.9], [1565.2, 607.2], [1303.8, 586.2], [1100.2, 558.1], [920.2, 527.6], [766.4, 490.5], [647.8, 463.9], [1479.9, 573.9], [1222.5, 556.8], [1024.2, 539.5], [1941.4, 1085.1], [1586.8, 1034.5], [1252.6, 929.1], [991.5, 815.2], [788.4, 698.1], [662.9, 613.6], [568.0, 541.5], [2014.9, 1150.8], [1674.8, 1154.9], [1411.4, 1120.1], [1082.7, 1022.4], [806.4, 932.8], [683.9, 798.2], [565.2, 651.5], [1521.8, 589.5], [1413.5, 629.3], [1328.5, 643.5], [1260.6, 573.5], [1170.0, 594.5], [1103.1, 601.6], [1060.9, 547.5], [976.6, 557.9], [922.2, 561.5], [869.0, 520.5], [815.2, 525.5], [762.8, 523.3], [733.4, 483.5], [697.5, 483.5], [662.0, 484.5], [637.1, 481.5], [623.0, 458.5], [596.0, 454.5], [567.3, 452.2], [543.3, 441.5], [514.8, 439.7], [1758.6, 1068.0], [1416.3, 991.0], [1119.6, 872.0], [890.4, 756.4], [722.8, 656.8], [617.4, 578.4]]",
splits_PIN,Saw,np22ky_x017_b21_l,,../splits/marked_images/BH/txt/NP22KY_X017_B21_L_MARK_BH.txt,images/np22ky_x017_b21_l.tif,splits_PIN,52,52,autolabel_v1.2,2560,1920,"[[465.2, 530.2], [1955.9, 740.0], [1586.4, 622.5], [1309.2, 613.6], [1102.4, 592.2], [918.5, 572.8], [757.1, 550.1], [646.5, 542.1], [1494.6, 595.9], [1221.2, 589.4], [1026.5, 586.8], [1976.8, 1103.3], [1636.7, 1071.3], [1291.9, 977.5], [1026.8, 874.4], [825.4, 780.2], [674.6, 690.8], [575.8, 632.2], [2054.2, 1172.6], [1692.7, 1156.6], [1463.2, 1145.2], [1132.4, 1071.9], [876.2, 977.3], [704.2, 875.9], [582.7, 759.9], [1539.1, 611.5], [1432.5, 652.8], [1344.1, 659.6], [1263.8, 601.5], [1172.3, 626.2], [1110.0, 636.5], [1064.0, 586.5], [979.9, 601.5], [929.2, 609.7], [866.5, 573.0], [815.2, 579.5], [764.5, 583.5], [725.4, 552.5], [690.6, 554.5], [656.6, 556.5], [623.3, 542.8], [596.0, 534.5], [566.5, 535.5], [541.2, 528.5], [512.9, 528.5], [484.3, 527.5], [1804.1, 1094.0], [1461.2, 1032.2], [1159.4, 926.4], [924.1, 831.0], [747.2, 742.2], [624.4, 664.4]]",
splits_LEC,Saw,nl22ne_x012_a9_r_v2,,../splits/marked_images/GK/txt/NL22NE_X012_A9_R_V2_XY_GK.txt,images/nl22ne_x012_a9_r_v2.tif,splits_LEC,52,52,autolabel_v1.2,2560,1920,"[[1.5, 386.6], [2060.0, 649.9], [1610.8, 433.9], [1226.4, 412.5], [947.0, 409.2], [711.1, 392.2], [513.2, 377.9], [352.4, 356.5], [1512.1, 403.8], [1131.8, 399.9], [849.8, 402.1], [1961.7, 1180.0], [1611.5, 1143.4], [1212.4, 1038.4], [878.5, 900.6], [613.4, 769.4], [405.6, 662.5], [248.5, 569.6], [1994.5, 1269.4], [1660.5, 1238.5], [1366.4, 1176.5], [947.5, 1068.5], [633.5, 947.5], [405.6, 838.6], [227.5, 747.6], [1569.3, 411.5], [1437.7, 485.5], [1327.0, 456.5], [1179.7, 406.8], [1093.8, 459.7], [1013.0, 455.5], [896.8, 403.7], [809.3, 443.5], [746.5, 439.0], [658.5, 396.5], [605.8, 416.5], [549.3, 413.5], [473.3, 380.2], [427.0, 388.5], [382.1, 382.6], [303.2, 360.5], [248.1, 360.6], [196.5, 340.5], [139.8, 338.5], [84.0, 334.5], [30.6, 348.5], [1783.6, 1163.0], [1410.1, 1094.0], [1043.0, 972.0], [737.6, 837.6], [508.4, 717.4], [327.0, 616.0]]",
splits_PIN,Saw,np22ky_x012_a2_l,,../splits/marked_images/GK/txt/NP22KY_X012_A2_L_MARK_GK.txt,images/np22ky_x012_a2_l.tif,splits_PIN,52,52,autolabel_v1.2,2560,1920,"[[444.5, 432.6], [1913.7, 728.6], [1551.2, 599.2], [1290.4, 575.8], [1093.5, 549.5], [917.4, 520.5], [750.4, 484.6], [615.6, 456.6], [1464.5, 569.8], [1207.8, 559.2], [1002.6, 552.5], [1921.7, 1043.2], [1561.8, 1013.8], [1253.4, 916.6], [983.6, 808.5], [783.5, 698.6], [649.5, 602.6], [547.5, 536.5], [1938.1, 1125.9], [1616.9, 1107.1], [1402.1, 1098.5], [1076.9, 1005.2], [832.7, 899.9], [662.3, 786.9], [534.1, 645.6], [1505.5, 589.5], [1401.8, 625.7], [1314.2, 632.7], [1247.0, 570.5], [1156.2, 590.3], [1096.0, 591.5], [1046.9, 544.6], [954.8, 555.5], [905.4, 550.9], [862.6, 514.5], [804.6, 515.5], [748.2, 512.7], [712.8, 479.5], [673.9, 474.5], [635.8, 475.5], [596.3, 457.8], [574.7, 443.5], [547.0, 443.5], [522.2, 432.7], [495.9, 427.5], [467.6, 429.1], [1731.9, 1041.0], [1402.1, 977.0], [1119.2, 865.0], [882.7, 756.0], [712.6, 657.6], [598.0, 571.0]]",
splits_PIN,Saw,np22ky_x012_b5_l,,../splits/marked_images/BH/txt/NP22KY_X012_B5_L_MARK_BH.txt,images/np22ky_x012_b5_l.tif,splits_PIN,52,52,autolabel_v1.2,2560,1920,"[[458.5, 341.2], [1909.8, 692.9], [1555.1, 548.6], [1290.4, 513.2], [1081.2, 478.6], [905.1, 447.9], [742.4, 406.6], [626.4, 377.3], [1463.2, 511.2], [1199.8, 482.5], [991.8, 459.8], [1939.0, 1048.6], [1577.1, 995.2], [1248.2, 886.5], [986.6, 755.8], [780.4, 634.0], [637.8, 534.6], [556.4, 457.2], [1970.8, 1119.2], [1641.5, 1085.8], [1382.8, 1050.1], [1052.9, 946.0], [812.9, 829.9], [639.6, 709.8], [524.8, 569.8], [1504.7, 535.5], [1396.9, 573.5], [1307.9, 562.4], [1238.3, 503.5], [1147.7, 521.8], [1081.6, 512.1], [1034.2, 472.5], [947.7, 478.5], [897.9, 480.4], [855.5, 439.5], [803.0, 441.5], [752.6, 444.5], [717.5, 412.7], [683.1, 399.5], [641.7, 396.5], [610.4, 386.9], [586.4, 371.5], [559.4, 365.5], [532.2, 359.7], [506.3, 350.5], [477.1, 349.5], [1753.5, 1034.0], [1409.9, 947.0], [1116.1, 825.1], [883.1, 696.1], [706.4, 589.4], [596.4, 497.4]]",
splits_PIN,Saw,np22ky_x014_a11_r,,../splits/marked_images/GK/txt/NP22KY_X014_A11_R_MARK_GK.txt,images/np22ky_x014_a11_r.tif,splits_PIN,52,52,autolabel_v1.2,2560,1920,"[[539.5, 412.5], [1894.9, 748.0], [1562.4, 602.6], [1296.4, 564.6], [1117.7, 532.6], [961.7, 499.1], [819.1, 463.3], [705.5, 431.5], [1470.4, 572.6], [1225.8, 541.9], [1039.1, 525.9], [1894.5, 1088.6], [1578.4, 1026.6], [1268.5, 910.5], [1034.1, 796.4], [855.4, 685.8], [718.2, 591.2], [620.8, 509.9], [1915.0, 1161.8], [1619.2, 1111.2], [1421.7, 1092.5], [1091.2, 970.8], [867.1, 850.9], [716.5, 739.0], [613.9, 610.8], [1516.0, 587.5], [1434.5, 630.5], [1359.2, 606.7], [1262.0, 555.5], [1206.4, 582.5], [1156.0, 567.5], [1079.8, 526.5], [1013.7, 536.5], [986.1, 519.6], [926.2, 491.5], [885.5, 493.5], [849.7, 481.2], [791.5, 453.5], [762.2, 449.5], [732.1, 443.5], [683.4, 420.9], [656.7, 418.2], [632.5, 413.5], [608.1, 405.5], [581.9, 409.5], [559.7, 422.8], [1732.4, 1068.0], [1418.7, 979.0], [1149.7, 857.7], [944.5, 741.0], [785.7, 640.7], [669.1, 550.1]]",
splits_PIN,Saw,np22ky_x014_a12_l,,../splits/marked_images/GK/txt/NP22KY_X014_A12_L_MARK_GK.txt,images/np22ky_x014_a12_l.tif,splits_PIN,52,52,autolabel_v1.2,2560,1920,"[[549.5, 362.6], [1920.9, 686.0], [1587.0, 563.9], [1337.5, 530.2], [1148.2, 492.9], [985.5, 448.8], [834.5, 406.6], [718.4, 377.5], [1489.8, 529.2], [1254.7, 505.0], [1060.0, 487.5], [1927.1, 1041.9], [1587.0, 968.4], [1282.8, 848.5], [1037.6, 720.6], [853.5, 615.2], [731.2, 529.8], [632.4, 440.6], [1931.4, 1117.5], [1613.4, 1049.5], [1411.4, 1071.5], [1101.5, 936.4], [889.6, 813.9], [740.0, 700.5], [632.2, 572.6], [1536.8, 549.3], [1423.7, 585.8], [1342.9, 585.4], [1291.2, 523.5], [1203.7, 539.5], [1142.4, 529.9], [1104.5, 485.5], [1006.8, 496.5], [966.8, 477.3], [931.9, 445.5], [876.2, 447.5], [829.5, 436.1], [797.3, 404.5], [758.1, 402.5], [719.5, 405.0], [698.9, 392.4], [679.7, 372.5], [652.3, 374.2], [627.7, 366.2], [602.9, 357.5], [574.3, 358.5], [1750.0, 1012.0], [1434.0, 910.0], [1155.8, 786.8], [944.2, 671.2], [791.9, 572.9], [678.6, 488.6]]",
splits_PIN,Saw,np22ky_x014_a6_r,,../splits/marked_images/BH/txt/NP22KY_X014_A6_R_MARK_BH.txt,images/np22ky_x014_a6_r.tif,splits_PIN,52,52,autolabel_v1.2,2560,1920,"[[496.5, 482.5], [1883.1, 706.1], [1530.9, 601.5], [1278.7, 583.0], [1079.7, 555.5], [914.8, 534.6], [774.8, 510.6], [659.9, 501.3], [1453.5, 572.2], [1195.5, 560.3], [999.8, 546.2], [1904.9, 1061.6], [1571.5, 1013.6], [1254.1, 911.8], [1011.9, 809.2], [818.0, 718.4], [681.1, 640.4], [586.4, 575.2], [1984.2, 1126.2], [1628.1, 1096.8], [1434.5, 1087.9], [1098.1, 984.8], [854.1, 890.4], [695.1, 793.6], [576.0, 675.9], [1492.9, 586.5], [1421.2, 636.5], [1341.9, 627.4], [1237.9, 572.5], [1177.0, 605.5], [1122.3, 592.5], [1038.4, 552.5], [983.5, 569.5], [944.1, 560.5], [878.7, 531.5], [840.0, 538.5], [803.0, 532.5], [749.1, 507.6], [717.2, 508.5], [684.8, 508.5], [639.5, 492.5], [613.7, 488.2], [588.6, 490.5], [564.3, 484.5], [539.7, 485.5], [516.2, 495.3], [1734.7, 1043.7], [1410.8, 967.0], [1149.0, 873.0], [913.6, 766.6], [748.2, 682.2], [631.3, 612.0]]",
splits_PIN,Saw,np22ky_x014_a7_r,,../splits/marked_images/GK/txt/NP22KY_X014_A7_R_MARK_GK.txt,images/np22ky_x014_a7_r.tif,splits_PIN,52,52,autolabel_v1.2,2560,1920,"[[550.5, 344.0], [1885.0, 721.0], [1561.8, 581.4], [1301.4, 539.5], [1111.5, 500.6], [949.2, 455.9], [823.2, 409.9], [708.5, 378.6], [1468.4, 546.9], [1232.5, 519.4], [1039.5, 485.5], [1883.5, 1071.3], [1550.1, 996.5], [1246.1, 871.2], [1014.2, 743.3], [835.5, 626.0], [716.9, 533.9], [625.5, 449.6], [1892.3, 1147.1], [1580.6, 1087.3], [1376.8, 1067.0], [1050.1, 937.5], [839.4, 817.6], [690.1, 705.5], [597.9, 557.2], [1513.3, 563.5], [1435.7, 605.5], [1361.8, 586.5], [1267.1, 529.6], [1202.0, 555.5], [1154.7, 534.2], [1072.8, 494.5], [1011.1, 499.5], [978.7, 477.2], [915.6, 448.5], [879.5, 448.0], [849.2, 432.5], [791.8, 401.5], [757.5, 396.5], [729.5, 385.1], [693.6, 364.5], [668.4, 358.5], [641.7, 356.2], [622.9, 340.4], [596.9, 340.5], [571.8, 346.5], [1712.4, 1039.0], [1394.4, 944.0], [1123.9, 813.9], [922.4, 689.4], [773.9, 585.9], [669.9, 493.9]]",
splits_PIN,Saw,np22ky_x014_b13_l,,../splits/marked_images/GK/txt/NP22KY_X014_B13_L_MARK_GK.txt,images/np22ky_x014_b13_l.tif,splits_PIN,52,52,autolabel_v1.2,2560,1920,"[[543.0, 395.6], [1907.9, 718.0], [1581.4, 567.6], [1323.4, 527.6], [1124.4, 490.5], [963.9, 466.5], [823.2, 438.6], [711.7, 415.3], [1493.5, 536.5], [1236.6, 507.6], [1038.4, 490.5], [1910.1, 1067.2], [1589.4, 1024.6], [1273.5, 898.4], [1021.6, 764.5], [837.5, 652.5], [715.4, 564.6], [634.4, 496.5], [1919.3, 1154.2], [1622.0, 1107.6], [1437.7, 1073.9], [1085.8, 965.8], [871.4, 855.4], [727.5, 750.6], [617.5, 612.6], [1538.4, 553.5], [1426.8, 583.5], [1344.1, 579.6], [1277.0, 519.5], [1188.0, 537.5], [1132.3, 535.8], [1081.2, 486.5], [996.2, 499.5], [955.0, 495.5], [917.1, 458.5], [868.4, 462.5], [819.8, 462.3], [792.3, 434.5], [759.1, 431.5], [726.8, 432.5], [696.2, 429.7], [679.9, 407.4], [651.1, 404.5], [621.9, 402.4], [597.0, 389.5], [569.1, 390.5], [1745.4, 1056.4], [1428.0, 970.0], [1146.8, 834.0], [928.6, 710.6], [776.3, 608.3], [676.0, 531.0]]",
splits_PIN,Saw,np22ky_x014_b18_l,,../splits/marked_images/BH/txt/NP22KY_X014_B18_L_MARK_BH.txt,images/np22ky_x014_b18_l.tif,splits_PIN,52,52,autolabel_v1.2,2560,1920,"[[565.9, 430.6], [1918.9, 750.0], [1570.4, 603.5], [1314.8, 574.1], [1123.6, 538.2], [963.2, 507.8], [823.2, 473.2], [712.4, 447.9], [1477.1, 571.5], [1222.7, 548.8], [1048.8, 523.5], [1908.5, 1098.5], [1571.0, 1034.5], [1260.6, 895.8], [1031.1, 772.2], [852.8, 674.8], [723.2, 588.1], [644.5, 525.5], [2018.5, 1165.3], [1655.7, 1137.2], [1417.2, 1094.6], [1088.1, 983.6], [878.8, 866.2], [743.7, 756.9], [639.8, 634.2], [1520.9, 594.5], [1414.3, 623.2], [1328.6, 627.1], [1265.5, 564.5], [1177.1, 580.4], [1117.9, 578.4], [1084.3, 531.5], [1006.7, 541.5], [959.5, 539.5], [916.0, 503.5], [865.1, 506.5], [818.4, 499.9], [790.2, 471.5], [756.2, 468.3], [721.0, 470.5], [700.9, 465.5], [684.2, 447.5], [658.9, 446.5], [634.4, 441.5], [611.2, 433.5], [585.9, 432.5], [1734.7, 1080.0], [1413.7, 971.0], [1142.8, 837.0], [940.1, 728.1], [785.5, 635.5], [682.0, 559.0]]",
splits_PIN,Saw,np22ky_x014_b7_r,,../splits/marked_images/GK/txt/NP22KY_X014_B7_R_MARK_GK.txt,images/np22ky_x014_b7_r.tif,splits_PIN,52,52,autolabel_v1.2,2560,1920,"[[602.4, 268.6], [1956.9, 743.9], [1600.4, 544.5], [1348.5, 485.9], [1169.8, 444.5], [997.4, 384.6], [852.4, 334.5], [747.2, 297.3], [1508.4, 500.6], [1253.9, 456.6], [1064.6, 415.5], [1929.7, 1072.6], [1587.0, 972.5], [1285.2, 817.2], [1057.2, 671.8], [869.2, 540.0], [745.2, 443.2], [657.1, 349.2], [1939.0, 1145.2], [1619.2, 1065.2], [1439.5, 1038.4], [1092.9, 878.5], [891.5, 742.6], [747.2, 611.3], [651.2, 473.8], [1554.2, 522.5], [1471.8, 553.7], [1400.8, 537.3], [1301.7, 471.5], [1241.6, 487.9], [1200.4, 472.9], [1122.1, 423.6], [1042.0, 420.5], [1018.4, 401.9], [960.7, 373.5], [918.7, 370.5], [882.1, 354.5], [827.3, 323.5], [798.0, 319.5], [770.9, 311.5], [734.6, 288.1], [711.2, 282.5], [687.0, 280.5], [667.3, 268.5], [643.6, 269.5], [621.1, 277.4], [1752.8, 1034.0], [1433.4, 899.4], [1168.9, 748.9], [960.6, 609.0], [804.8, 493.8], [700.2, 397.2]]",
splits_PIN,Saw,np22ky_x017_b9_l,,../splits/marked_images/GK/txt/NP22KY_X017_B9_L_MARK_GK.txt,images/np22ky_x017_b9_l.tif,splits_PIN,52,52,autolabel_v1.2,2560,1920,"[[493.1, 413.6], [1955.0, 712.0], [1592.4, 589.2], [1313.7, 555.3], [1117.7, 528.5], [934.5, 488.5], [762.5, 447.5], [648.4, 424.6], [1488.5, 558.5], [1233.8, 544.5], [1020.5, 517.9], [1955.4, 1084.5], [1599.4, 1016.6], [1267.5, 894.5], [1007.5, 778.5], [812.4, 669.8], [677.8, 581.9], [573.9, 505.8], [1972.7, 1156.6], [1636.7, 1100.4], [1436.4, 1104.6], [1098.5, 995.4], [846.6, 884.6], [683.4, 776.6], [575.4, 644.5], [1538.7, 578.5], [1426.8, 616.5], [1339.7, 618.2], [1274.6, 553.5], [1177.5, 579.0], [1110.1, 566.6], [1069.1, 519.5], [964.8, 531.7], [917.5, 518.0], [879.7, 483.5], [824.3, 487.8], [772.4, 487.9], [734.7, 449.5], [699.7, 444.5], [663.8, 447.3], [645.5, 450.5], [622.4, 431.9], [598.6, 417.5], [568.0, 417.5], [542.6, 404.1], [512.6, 402.5], [1773.5, 1053.0], [1428.9, 965.0], [1137.1, 838.1], [909.1, 727.0], [744.5, 627.5], [625.2, 543.2]]",
splits_PIN,Saw,np22ky_x012_a4_l,,../splits/marked_images/BH/txt/NP22KY_X012_A4_L_MARK_BH.txt,images/np22ky_x012_a4_l.tif,splits_PIN,52,52,autolabel_v1.2,2560,1920,"[[468.4, 346.6], [1864.0, 739.0], [1519.8, 584.3], [1278.1, 558.5], [1063.5, 496.5], [893.4, 462.6], [734.4, 419.6], [618.4, 378.6], [1442.5, 556.2], [1193.6, 522.5], [985.5, 481.6], [1870.5, 1083.6], [1530.4, 1023.5], [1217.6, 907.5], [963.5, 770.5], [761.4, 642.6], [631.6, 532.6], [550.5, 455.5], [1931.0, 1146.9], [1580.6, 1109.5], [1338.6, 1074.5], [1028.5, 960.4], [787.6, 833.6], [631.6, 707.6], [531.5, 560.5], [1474.9, 576.4], [1380.7, 609.5], [1295.6, 613.5], [1234.2, 541.5], [1140.7, 553.8], [1073.2, 546.7], [1023.0, 491.5], [941.1, 497.5], [888.1, 499.6], [845.9, 456.5], [798.0, 454.5], [749.7, 455.2], [706.2, 417.5], [665.4, 408.5], [623.5, 406.5], [600.0, 386.5], [579.3, 374.5], [555.2, 372.5], [533.3, 364.8], [511.7, 356.2], [487.6, 356.5], [1695.9, 1065.0], [1369.7, 973.7], [1087.9, 841.9], [862.3, 706.3], [694.5, 590.0], [592.8, 492.8]]",
