group,angle,key,marked_tiff,txt,raw_image,raw_group,n_expected,n_found,landmark_source,image_width,image_height,landmarks_px_json,flags
F1,Bottom,rx001-v06_b,Landmarked_F1/marked_tiff/Bottom/RX001-V06_B_MARK.tif,Landmarked_F1/txt/Bottom/RX001-V06_B.txt,Raw_Images/F1/RX001-V06_B.tif,F1,17,17,roi,3840,2160,"[[2545.0, 1010.0], [2339.166748046875, 1018.1666870117188], [2275.166748046875, 1024.1666259765625], [2214.5, 1020.1666870117188], [2144.5, 1014.1666870117188], [2320.166748046875, 1089.5], [2300.833251953125, 1086.8333740234375], [2242.5, 1083.1666259765625], [2169.833251953125, 1089.5], [2243.5, 1093.8333740234375], [2297.5, 1093.8333740234375], [2320.166748046875, 1096.8333740234375], [2466.833251953125, 1146.8333740234375], [2325.833251953125, 1139.8333740234375], [2267.166748046875, 1146.1666259765625], [2206.5, 1149.5], [2143.5, 1150.8333740234375]]",
F1,Bottom,rx001-v5_b,Landmarked_F1/marked_tiff/Bottom/RX001-V5_B_MARK.tif,Landmarked_F1/txt/Bottom/RX001-V5_B.txt,Raw_Images/F1/RX001-V5_B.tif,F1,17,17,roi,3840,2160,"[[2448.833251953125, 1039.8333740234375], [2297.5, 1036.5], [2246.833251953125, 1034.5], [2186.166748046875, 1033.1666259765625], [2117.5, 1023.5], [2308.666748046875, 1095.5], [2287.75, 1087.5], [2235.25, 1082.5], [2173.0, 1088.0], [2234.0, 1093.0], [2290.0, 1098.5], [2309.333251953125, 1107.1666259765625], [2384.166748046875, 1160.6666259765625], [2293.5, 1149.0], [2249.166748046875, 1152.1666259765625], [2198.5, 1150.8333740234375], [2139.0, 1157.0]]",
F1,Bottom,rx001-v8_b,Landmarked_F1/marked_tiff/Bottom/RX001-V8_B_MARK.tif,Landmarked_F1/txt/Bottom/RX001-V8_B.txt,Raw_Images/F1/RX001-V8_B.tif,F1,17,17,roi,3840,2160,"[[2528.0, 1023.0], [2334.0, 1021.5], [2271.0, 1019.0], [2212.5, 1009.5], [2138.5, 1009.5], [2319.666748046875, 1079.3333740234375], [2291.166748046875, 1071.0], [2240.0, 1067.0], [2197.0, 1075.0], [2252.5, 1078.0], [2301.166748046875, 1083.5], [2320.0, 1086.3333740234375], [2463.5, 1146.5], [2328.5, 1135.0], [2276.5, 1137.0], [2221.0, 1140.0], [2150.5, 1141.5]]",
F1,Bottom,rx001v4_b48,Landmarked_F1/marked_tiff/Bottom/RX001v4_B48_MARK.tif,Landmarked_F1/txt/Bottom/RX001v4_B48.txt,Raw_Images/F1/RX001v4_B48.tif,F1,17,17,roi,2560,1920,"[[2071.0, 947.0], [1837.5, 957.0], [1758.0, 956.0], [1670.0, 942.5], [1584.5, 937.5], [1843.1666259765625, 1037.8333740234375], [1810.1666259765625, 1011.1666870117188], [1730.1666259765625, 1005.5], [1658.0, 1031.0], [1735.5, 1051.5], [1801.5, 1051.0], [1842.8333740234375, 1048.5], [1985.5, 1123.5], [1825.1666259765625, 1098.8333740234375], [1754.5, 1095.5], [1669.0, 1105.5], [1576.0, 1108.5]]",
F1,Bottom,rx001v7_b32,Landmarked_F1/marked_tiff/Bottom/RX001v7_B32_MARK.tif,Landmarked_F1/txt/Bottom/RX001v7_B32.txt,Raw_Images/F1/RX001v7_B32.tif,F1,17,17,roi,2560,1920,"[[2051.0, 1016.0], [1738.1666259765625, 1019.5], [1648.0, 1010.5], [1560.5, 1001.5], [1474.5, 994.5], [1723.5, 1096.1666259765625], [1682.5, 1079.8333740234375], [1596.1666259765625, 1075.5], [1569.1666259765625, 1085.8333740234375], [1598.1666259765625, 1098.5], [1666.5, 1102.8333740234375], [1724.0, 1105.1666259765625], [1937.5, 1208.5], [1725.1666259765625, 1179.1666259765625], [1644.5, 1181.5], [1560.5, 1174.5], [1477.5, 1177.5]]",
F1,Bottom,rx004-v1_b,Landmarked_F1/marked_tiff/Bottom/RX004-V1_B_MARK.tif,Landmarked_F1/txt/Bottom/RX004-V1_B.txt,Raw_Images/F1/RX004-V1_B.tif,F1,17,17,roi,3840,2160,"[[2496.0, 1006.0], [2335.5, 1014.1666870117188], [2283.5, 1011.5], [2227.5, 1010.1666870117188], [2158.166748046875, 1006.1666870117188], [2339.375, 1085.0], [2312.166748046875, 1082.8333740234375], [2259.5, 1080.1666259765625], [2208.833251953125, 1078.8333740234375], [2262.166748046875, 1089.5], [2312.166748046875, 1092.1666259765625], [2340.125, 1095.875], [2427.166748046875, 1146.8333740234375], [2331.166748046875, 1142.8333740234375], [2285.833251953125, 1142.1666259765625], [2225.166748046875, 1146.8333740234375], [2160.5, 1154.8333740234375]]",
F1,Bottom,rx005-v1_b,Landmarked_F1/marked_tiff/Bottom/RX005-V1_B_MARK.tif,Landmarked_F1/txt/Bottom/RX005-V1_B.txt,Raw_Images/F1/RX005-V1_B.tif,F1,17,17,roi,3840,2160,"[[2487.0, 1011.0], [2315.166748046875, 1021.1666870117188], [2264.5, 1021.8333129882812], [2204.5, 1017.1666870117188], [2134.5, 1017.1666870117188], [2305.5, 1089.8333740234375], [2286.833251953125, 1085.0], [2235.5, 1084.0], [2195.166748046875, 1088.3333740234375], [2244.333251953125, 1095.0], [2289.333251953125, 1094.6666259765625], [2305.666748046875, 1095.3333740234375], [2416.5, 1140.1666259765625], [2307.166748046875, 1140.5], [2259.5, 1147.1666259765625], [2201.833251953125, 1155.5], [2140.5, 1153.1666259765625]]",
F1,Bottom,rx005-v2_b,Landmarked_F1/marked_tiff/Bottom/RX005-V2_B_MARK.tif,Landmarked_F1/txt/Bottom/RX005-V2_B.txt,Raw_Images/F1/RX005-V2_B.tif,F1,17,17,roi,3840,2160,"[[2479.5, 1003.0], [2354.5, 1012.0], [2314.5, 1015.0], [2261.0, 1014.0], [2202.0, 1013.0], [2330.25, 1072.0], [2300.75, 1068.0], [2253.25, 1065.75], [2217.0, 1073.0], [2252.0, 1080.5], [2301.0, 1080.0], [2330.75, 1080.5], [2409.75, 1124.0], [2345.166748046875, 1122.8333740234375], [2311.5, 1124.5], [2258.833251953125, 1133.8333740234375], [2209.833251953125, 1141.8333740234375]]",
F1,Bottom,rx006-v1_b,Landmarked_F1/marked_tiff/Bottom/RX006-V1_B_MARK.tif,Landmarked_F1/txt/Bottom/RX006-V1_B.txt,Raw_Images/F1/RX006-V1_B.tif,F1,17,17,roi,3840,2160,"[[2534.0, 1011.0], [2328.833251953125, 1013.1666870117188], [2268.833251953125, 1010.5], [2208.166748046875, 1010.5], [2137.5, 1008.5], [2328.125, 1076.625], [2291.75, 1074.0], [2233.75, 1069.0], [2186.0, 1076.5], [2236.0, 1084.0], [2292.5, 1085.5], [2328.5, 1087.9166259765625], [2463.0, 1153.0], [2328.5, 1141.5], [2274.5, 1143.5], [2212.5, 1149.5], [2156.0, 1158.5]]",
F1,Bottom,rx006-v2_b,Landmarked_F1/marked_tiff/Bottom/RX006-V2_B_MARK.tif,Landmarked_F1/txt/Bottom/RX006-V2_B.txt,Raw_Images/F1/RX006-V2_B.tif,F1,17,17,roi,3840,2160,"[[2552.0, 1018.0], [2354.0, 1022.5], [2288.5, 1027.0], [2225.0, 1021.75], [2155.5, 1019.5], [2359.0, 1087.5], [2315.5, 1084.5], [2260.75, 1077.75], [2216.0, 1085.0], [2265.25, 1090.0], [2316.75, 1091.0], [2359.25, 1096.5], [2470.833251953125, 1161.8333740234375], [2344.166748046875, 1145.8333740234375], [2298.833251953125, 1150.5], [2228.166748046875, 1153.8333740234375], [2168.166748046875, 1153.8333740234375]]",
F1,Bottom,rx006-v3_b,Landmarked_F1/marked_tiff/Bottom/RX006-V3_B_MARK.tif,Landmarked_F1/txt/Bottom/RX006-V3_B.txt,Raw_Images/F1/RX006-V3_B.tif,F1,17,17,roi,3840,2160,"[[2501.0, 987.0], [2338.5, 1002.5], [2283.5, 1002.5], [2226.5, 1001.5], [2156.5, 997.5], [2342.166748046875, 1068.5], [2310.0, 1064.5], [2255.833251953125, 1063.5], [2216.5, 1069.5], [2264.833251953125, 1078.8333740234375], [2311.833251953125, 1074.8333740234375], [2343.166748046875, 1081.5], [2429.166748046875, 1141.1666259765625], [2337.166748046875, 1135.5], [2282.833251953125, 1137.8333740234375], [2226.166748046875, 1138.8333740234375], [2164.166748046875, 1143.5]]",
F1,Bottom,rx008-v2_b,Landmarked_F1/marked_tiff/Bottom/RX008-V2_B_MARK.tif,Landmarked_F1/txt/Bottom/RX008-V2_B.txt,Raw_Images/F1/RX008-V2_B.tif,F1,17,17,roi,3840,2160,"[[2552.0, 1015.0], [2344.166748046875, 1021.8333129882812], [2287.5, 1016.5], [2216.166748046875, 1011.8333129882812], [2148.833251953125, 1007.1666870117188], [2332.375, 1088.375], [2310.833251953125, 1078.5], [2242.833251953125, 1073.1666259765625], [2172.833251953125, 1081.1666259765625], [2245.5, 1093.1666259765625], [2305.5, 1095.1666259765625], [2332.875, 1099.125], [2484.5, 1158.5], [2348.5, 1146.8333740234375], [2277.833251953125, 1145.1666259765625], [2215.833251953125, 1147.8333740234375], [2150.5, 1151.8333740234375]]",
F1,Bottom,rx008-v3_b,Landmarked_F1/marked_tiff/Bottom/RX008-V3_B_MARK.tif,Landmarked_F1/txt/Bottom/RX008-V3_B.txt,,,17,17,roi,3840,2160,"[[2520.0, 1015.0], [2331.5, 1019.5], [2271.5, 1020.5], [2209.5, 1022.5], [2144.5, 1021.5], [2333.833251953125, 1082.5], [2307.166748046875, 1079.1666259765625], [2252.166748046875, 1075.8333740234375], [2196.833251953125, 1082.1666259765625], [2254.5, 1091.1666259765625], [2312.833251953125, 1093.8333740234375], [2334.5, 1098.5], [2448.166748046875, 1160.1666259765625], [2333.833251953125, 1146.5], [2280.833251953125, 1149.8333740234375], [2219.166748046875, 1157.1666259765625], [2152.166748046875, 1153.1666259765625]]",no_raw_match
F1,Bottom,rx008-v4_b,Landmarked_F1/marked_tiff/Bottom/RX008-V4_B_MARK.tif,Landmarked_F1/txt/Bottom/RX008-V4_B.txt,Raw_Images/F1/RX008-V4_B.tif,F1,17,17,roi,3840,2160,"[[2503.0, 1016.0], [2329.5, 1018.5], [2271.5, 1019.5], [2212.5, 1017.5], [2147.5, 1012.5], [2330.666748046875, 1082.5], [2308.5, 1078.8333740234375], [2255.166748046875, 1074.5], [2210.0, 1079.5], [2259.0, 1087.5], [2312.5, 1090.0], [2331.5, 1097.0], [2434.166748046875, 1164.8333740234375], [2326.5, 1145.8333740234375], [2275.833251953125, 1146.1666259765625], [2216.166748046875, 1149.5], [2157.833251953125, 1150.1666259765625]]",
F1,Bottom,rx009-v4_b,Landmarked_F1/marked_tiff/Bottom/RX009-V4_B_MARK.tif,Landmarked_F1/txt/Bottom/RX009-V4_B.txt,Raw_Images/F1/RX009-V4_B.tif,F1,17,17,roi,3840,2160,"[[2531.0, 1006.0], [2338.5, 1017.5], [2272.5, 1016.5], [2215.5, 1013.5], [2149.5, 1010.5], [2327.25, 1081.5], [2299.166748046875, 1079.5], [2255.833251953125, 1072.8333740234375], [2217.166748046875, 1080.1666259765625], [2244.166748046875, 1084.5], [2302.5, 1087.1666259765625], [2327.5, 1085.75], [2456.5, 1137.5], [2333.166748046875, 1131.5], [2276.5, 1136.1666259765625], [2220.5, 1142.8333740234375], [2161.166748046875, 1148.1666259765625]]",
F1,Bottom,rx009-v9_b,Landmarked_F1/marked_tiff/Bottom/RX009-V9_B_MARK.tif,Landmarked_F1/txt/Bottom/RX009-V9_B.txt,Raw_Images/F1/RX009-V9_B.tif,F1,17,17,roi,3840,2160,"[[2522.0, 1030.0], [2355.166748046875, 1024.8333740234375], [2307.166748046875, 1022.1666870117188], [2253.833251953125, 1018.8333129882812], [2195.833251953125, 1013.5], [2339.666748046875, 1084.8333740234375], [2313.5, 1080.1666259765625], [2268.166748046875, 1074.8333740234375], [2199.5, 1079.5], [2268.833251953125, 1086.8333740234375], [2315.5, 1095.1666259765625], [2340.0, 1098.3333740234375], [2444.5, 1154.8333740234375], [2334.5, 1143.5], [2291.833251953125, 1140.1666259765625], [2245.833251953125, 1144.8333740234375], [2193.166748046875, 1150.8333740234375]]",
F1,Bottom,rx010-v1_b,Landmarked_F1/marked_tiff/Bottom/RX010-V1_B_MARK.tif,Landmarked_F1/txt/Bottom/RX010-V1_B.txt,Raw_Images/F1/RX010-V1_B.tif,F1,17,17,roi,3840,2160,"[[2574.0, 1026.0], [2370.5, 1021.5], [2315.166748046875, 1018.8333129882812], [2248.5, 1016.8333129882812], [2175.833251953125, 1008.1666870117188], [2362.0, 1084.5], [2340.5, 1077.0], [2288.0, 1073.0], [2231.0, 1077.5], [2284.0, 1083.5], [2340.0, 1087.0], [2362.0, 1094.0], [2489.0, 1153.5], [2363.0, 1140.0], [2318.0, 1142.0], [2252.5, 1146.5], [2189.5, 1153.5]]",
F1,Bottom,rx010-v2_b,Landmarked_F1/marked_tiff/Bottom/RX010-V2_B_MARK.tif,Landmarked_F1/txt/Bottom/RX010-V2_B.txt,Raw_Images/F1/RX010-V2_B.tif,F1,17,17,roi,3840,2160,"[[2458.5, 1041.5], [2245.0, 1045.5], [2181.0, 1044.0], [2123.0, 1038.0], [2055.0, 1030.0], [2251.333251953125, 1113.8333740234375], [2206.0, 1108.5], [2149.0, 1100.0], [2112.5, 1107.5], [2159.0, 1119.5], [2209.0, 1118.5], [2252.333251953125, 1123.1666259765625], [2379.166748046875, 1189.5], [2239.166748046875, 1176.1666259765625], [2184.5, 1178.8333740234375], [2123.833251953125, 1178.1666259765625], [2064.5, 1186.1666259765625]]",
F1,Bottom,rx010-v3_b,Landmarked_F1/marked_tiff/Bottom/RX010-V3_B_MARK.tif,Landmarked_F1/txt/Bottom/RX010-V3_B.txt,Raw_Images/F1/RX010-V3_B.tif,F1,17,17,roi,3840,2160,"[[2503.0, 1026.0], [2334.5, 1029.5], [2287.5, 1025.5], [2229.5, 1021.5], [2157.5, 1021.5], [2356.25, 1096.5], [2317.5, 1091.1666259765625], [2263.5, 1090.8333740234375], [2184.833251953125, 1096.8333740234375], [2266.5, 1101.1666259765625], [2326.166748046875, 1101.1666259765625], [2356.625, 1105.125], [2421.5, 1153.0], [2329.0, 1149.0], [2283.0, 1161.0], [2222.5, 1167.5], [2163.5, 1172.0]]",
F1,Bottom,rx011-v1_b,Landmarked_F1/marked_tiff/Bottom/RX011-V1_B_MARK.tif,Landmarked_F1/txt/Bottom/RX011-V1_B.txt,Raw_Images/F1/RX011-V1_B.tif,F1,17,17,roi,3840,2160,"[[2538.0, 1010.0], [2357.5, 1004.5], [2288.0, 1003.5], [2227.5, 999.0], [2158.5, 994.5], [2350.25, 1070.125], [2313.166748046875, 1067.8333740234375], [2263.166748046875, 1062.5], [2206.166748046875, 1065.8333740234375], [2262.5, 1072.1666259765625], [2315.166748046875, 1076.1666259765625], [2350.875, 1083.125], [2468.833251953125, 1149.5], [2345.5, 1134.5], [2288.5, 1133.5], [2227.833251953125, 1134.8333740234375], [2167.166748046875, 1141.5]]",
F1,Left,rx001-v5_l,Landmarked_F1/marked_tiff/Left/RX001-V5_L_MARK.tif,Landmarked_F1/txt/Left/RX001-V5_L.txt,Raw_Images/F1/RX001-V5_L.tif,F1,32,32,roi,3840,2160,"[[2431.0, 880.0], [2487.5, 1092.5], [2357.5, 1182.5], [2099.166748046875, 1157.1666259765625], [1977.8333740234375, 1170.5], [1868.5, 1189.8333740234375], [1777.8333740234375, 1195.1666259765625], [1712.5, 1204.5], [1641.5, 1213.5], [1575.5, 1212.5], [1491.5, 1176.8333740234375], [1368.8333740234375, 1039.5], [1423.5, 1108.8333740234375], [1982.166748046875, 1025.8333740234375], [1928.166748046875, 1075.1666259765625], [1866.1666259765625, 1073.8333740234375], [1831.5, 1122.5], [1774.1666259765625, 1100.5], [1755.5, 1149.1666259765625], [1698.1666259765625, 1116.5], [1684.1666259765625, 1165.8333740234375], [1624.8333740234375, 1129.1666259765625], [1597.5, 1148.5], [1547.5, 1092.5], [2153.166748046875, 929.1666870117188], [2151.166748046875, 888.5], [1979.5, 975.5], [1860.8333740234375, 1013.5], [1768.1666259765625, 1031.5], [1695.5, 1039.5], [1626.1666259765625, 1044.1666259765625], [1543.8333740234375, 1042.5]]",
F1,Left,rx001-v6_l,Landmarked_F1/marked_tiff/Left/RX001-V6_L_MARK.tif,Landmarked_F1/txt/Left/RX001-V6_L.txt,Raw_Images/F1/RX001-V6_L.tif,F1,32,32,roi,3840,2160,"[[2388.0, 892.0], [2480.5, 1098.5], [2373.5, 1190.5], [2114.166748046875, 1164.1666259765625], [1990.8333740234375, 1173.5], [1861.8333740234375, 1193.5], [1787.1666259765625, 1204.1666259765625], [1721.8333740234375, 1216.1666259765625], [1648.5, 1229.5], [1583.1666259765625, 1225.5], [1497.5, 1185.0], [1423.0, 1128.0], [1366.0, 1067.5], [1975.5, 1041.5], [1909.5, 1097.5], [1860.8333740234375, 1090.8333740234375], [1820.1666259765625, 1132.8333740234375], [1765.5, 1121.5], [1740.8333740234375, 1158.1666259765625], [1687.5, 1140.1666259765625], [1674.8333740234375, 1174.1666259765625], [1627.5, 1146.5], [1593.5, 1167.5], [1548.5, 1121.5], [2138.5, 948.0], [2137.0, 893.5], [1975.0, 979.5], [1859.0, 1016.0], [1762.5, 1036.5], [1683.5, 1047.5], [1623.0, 1056.5], [1544.5, 1064.5]]",
F1,Left,rx001-v8_l,Landmarked_F1/marked_tiff/Left/RX001-V8_L_MARK.tif,Landmarked_F1/txt/Left/RX001-V8_L.txt,Raw_Images/F1/RX001-V8_L.tif,F1,32,32,roi,3840,2160,"[[2414.0, 848.0], [2484.5, 1070.5], [2365.5, 1177.5], [2120.5, 1147.5], [1997.5, 1161.5], [1876.5, 1181.8333740234375], [1784.5, 1197.8333740234375], [1724.5, 1205.8333740234375], [1633.8333740234375, 1213.8333740234375], [1571.5, 1213.1666259765625], [1488.8333740234375, 1176.5], [1416.8333740234375, 1115.8333740234375], [1360.8333740234375, 1047.8333740234375], [2001.5, 1022.8333129882812], [1926.833251953125, 1075.5], [1872.8333740234375, 1074.1666259765625], [1833.5, 1119.5], [1774.8333740234375, 1103.5], [1762.1666259765625, 1159.5], [1694.8333740234375, 1120.8333740234375], [1692.8333740234375, 1175.5], [1628.8333740234375, 1132.1666259765625], [1608.1666259765625, 1162.8333740234375], [1545.5, 1098.5], [2155.0, 922.0], [2150.5, 871.5], [2000.0, 958.0], [1866.5, 1005.0], [1772.5, 1021.5], [1690.5, 1034.5], [1624.5, 1041.5], [1542.5, 1043.5]]",
F1,Left,rx001v4_l53,Landmarked_F1/marked_tiff/Left/RX001v4_L53_MARK.tif,Landmarked_F1/txt/Left/RX001v4_L53.txt,Raw_Images/F1/RX001v4_L53.tif,F1,32,32,roi,2560,1920,"[[1942.0, 841.0], [2017.5, 1098.5], [1853.5, 1274.5], [1517.5, 1224.5], [1331.5, 1237.5], [1181.5, 1267.5], [1062.5, 1288.5], [970.5, 1302.5], [870.5, 1324.5], [776.5, 1330.5], [657.5, 1277.5], [561.5, 1206.5], [475.5, 1114.5], [1361.5, 1061.5], [1270.5, 1130.5], [1197.5, 1131.5], [1133.5, 1187.5], [1053.833251953125, 1176.8333740234375], [1027.5, 1229.5], [941.1666259765625, 1200.8333740234375], [928.8333740234375, 1255.8333740234375], [847.8333740234375, 1218.1666259765625], [827.1666259765625, 1265.5], [734.5, 1192.5], [1596.5, 908.5], [1596.5, 831.5], [1360.5, 968.5], [1194.833251953125, 1030.5], [1048.833251953125, 1065.8333740234375], [933.1666259765625, 1085.1666259765625], [838.5, 1097.8333740234375], [734.5, 1106.5]]",
F1,Left,rx001v7_l36,Landmarked_F1/marked_tiff/Left/RX001v7_L36_MARK.tif,Landmarked_F1/txt/Left/RX001v7_L36.txt,Raw_Images/F1/RX001v7_L36.tif,F1,32,32,roi,2560,1920,"[[1962.0, 690.0], [2060.5, 902.5], [1970.5, 1160.5], [1574.5, 1117.5], [1384.5, 1123.5], [1222.5, 1161.5], [1116.5, 1176.5], [1024.5, 1186.5], [929.5, 1208.5], [842.5, 1215.5], [718.5, 1159.5], [617.5, 1076.5], [535.5, 979.1666259765625], [1415.5, 971.5], [1312.833251953125, 1036.8333740234375], [1244.833251953125, 1019.5], [1174.5, 1084.8333740234375], [1103.166748046875, 1062.1666259765625], [1079.166748046875, 1112.8333740234375], [989.8333740234375, 1086.8333740234375], [983.8333740234375, 1140.1666259765625], [898.1666259765625, 1105.1666259765625], [875.5, 1130.8333740234375], [795.5, 1069.5], [1630.5, 769.5], [1629.1666259765625, 684.1666870117188], [1412.5, 868.5], [1241.5, 923.5], [1102.833251953125, 952.1666259765625], [982.5, 968.1666259765625], [881.8333740234375, 978.1666259765625], [792.5, 986.5]]",
F1,Left,rx004-v1_l,Landmarked_F1/marked_tiff/Left/RX004-V1_L_MARK.tif,Landmarked_F1/txt/Left/RX004-V1_L.txt,Raw_Images/F1/RX004-V1_L.tif,F1,32,32,roi,3840,2160,"[[2429.0, 844.0], [2494.166748046875, 1090.1666259765625], [2371.5, 1198.1666259765625], [2137.5, 1177.5], [1991.5, 1181.5], [1887.5, 1193.5], [1791.5, 1213.5], [1719.5, 1221.5], [1648.5, 1224.5], [1577.5, 1228.5], [1508.1666259765625, 1193.5], [1436.1666259765625, 1133.5], [1376.1666259765625, 1058.8333740234375], [1992.166748046875, 1033.5], [1926.833251953125, 1084.1666259765625], [1869.5, 1081.5], [1834.8333740234375, 1132.1666259765625], [1777.5, 1109.5], [1754.8333740234375, 1153.5], [1700.1666259765625, 1129.5], [1681.5, 1171.0], [1634.0, 1138.0], [1611.0, 1171.5], [1561.0, 1101.5], [2175.833251953125, 924.8333129882812], [2174.5, 875.5], [1988.5, 971.5], [1866.5, 1013.5], [1775.1666259765625, 1033.5], [1697.1666259765625, 1042.8333740234375], [1630.5, 1050.5], [1556.5, 1053.5]]",
F1,Left,rx005-v1_l,Landmarked_F1/marked_tiff/Left/RX005-V1_L_MARK.tif,Landmarked_F1/txt/Left/RX005-V1_L.txt,Raw_Images/F1/RX005-V1_L.tif,F1,32,32,roi,3840,2160,"[[2452.0, 866.0], [2510.166748046875, 1094.8333740234375], [2387.5, 1196.1666259765625], [2095.833251953125, 1169.1666259765625], [1962.5, 1178.5], [1856.5, 1193.5], [1770.5, 1205.5], [1701.5, 1206.5], [1631.5, 1215.5], [1563.5, 1215.5], [1486.5, 1177.5], [1423.5, 1111.5], [1365.5, 1039.5], [1985.5, 1032.5], [1918.5, 1084.5], [1858.5, 1075.5], [1826.5, 1124.5], [1770.5, 1099.5], [1747.5, 1153.5], [1684.5, 1112.5], [1679.5, 1168.5], [1617.5, 1125.5], [1596.5, 1159.5], [1539.5, 1106.5], [2152.0, 928.0], [2150.5, 886.0], [1977.833251953125, 970.8333129882812], [1854.5, 1006.1666870117188], [1762.5, 1026.1666259765625], [1675.8333740234375, 1035.5], [1613.8333740234375, 1039.5], [1535.5, 1041.5]]",
F1,Left,rx005-v2_l,Landmarked_F1/marked_tiff/Left/RX005-V2_L_MARK.tif,Landmarked_F1/txt/Left/RX005-V2_L.txt,Raw_Images/F1/RX005-V2_L.tif,F1,32,32,roi,3840,2160,"[[2455.833251953125, 854.1666870117188], [2510.5, 1090.1666259765625], [2390.5, 1192.8333740234375], [2107.833251953125, 1185.1666259765625], [1973.1666259765625, 1197.1666259765625], [1882.5, 1205.1666259765625], [1787.8333740234375, 1225.1666259765625], [1715.5, 1236.5], [1645.5, 1234.5], [1573.5, 1244.5], [1490.8333740234375, 1216.5], [1424.8333740234375, 1154.5], [1366.1666259765625, 1080.5], [1995.5, 1018.1666870117188], [1921.5, 1105.1666259765625], [1863.5, 1096.8333740234375], [1842.8333740234375, 1132.1666259765625], [1781.5, 1112.8333740234375], [1768.1666259765625, 1174.1666259765625], [1712.1666259765625, 1133.5], [1700.1666259765625, 1192.1666259765625], [1640.1666259765625, 1146.8333740234375], [1615.5, 1183.5], [1552.8333740234375, 1118.8333740234375], [2161.5, 922.0], [2161.5, 867.0], [1994.0, 961.0], [1859.5, 1011.8333129882812], [1776.8333740234375, 1035.8333740234375], [1705.5, 1051.1666259765625], [1632.1666259765625, 1062.5], [1549.5, 1068.5]]",
F1,Left,rx006-v1_l,Landmarked_F1/marked_tiff/Left/RX006-V1_L_MARK.tif,Landmarked_F1/txt/Left/RX006-V1_L.txt,Raw_Images/F1/RX006-V1_L.tif,F1,32,32,roi,3840,2160,"[[2416.0, 888.0], [2502.166748046875, 1101.1666259765625], [2380.833251953125, 1190.5], [2116.5, 1160.5], [1983.5, 1172.5], [1878.5, 1184.5], [1790.5, 1198.5], [1715.5, 1212.5], [1648.5, 1224.5], [1579.8333740234375, 1227.1666259765625], [1498.5, 1202.5], [1431.1666259765625, 1144.5], [1365.1666259765625, 1069.1666259765625], [1979.5, 1027.5], [1914.5, 1079.0], [1862.0, 1073.0], [1823.5, 1124.0], [1770.5, 1106.5], [1750.1666259765625, 1151.8333740234375], [1698.1666259765625, 1124.1666259765625], [1686.5, 1174.5], [1625.5, 1138.0], [1623.0, 1194.5], [1552.0, 1111.0], [2134.0, 922.5], [2134.5, 868.0], [1972.5, 960.0], [1847.5, 1003.5], [1752.5, 1029.5], [1683.5, 1040.5], [1613.5, 1050.5], [1543.5, 1058.5]]",
F1,Left,rx006-v2_l,Landmarked_F1/marked_tiff/Left/RX006-V2_L_MARK.tif,Landmarked_F1/txt/Left/RX006-V2_L.txt,Raw_Images/F1/RX006-V2_L.tif,F1,32,32,roi,3840,2160,"[[2444.5, 865.5], [2491.5, 1070.5], [2372.5, 1175.5], [2111.5, 1150.1666259765625], [1990.8333740234375, 1161.5], [1873.5, 1177.5], [1781.5, 1198.5], [1713.5, 1208.5], [1624.0, 1221.0], [1562.5, 1221.0], [1478.5, 1196.0], [1410.5, 1136.5], [1354.0, 1071.5], [1979.166748046875, 1028.8333740234375], [1913.833251953125, 1081.5], [1862.5, 1076.1666259765625], [1819.1666259765625, 1122.1666259765625], [1765.1666259765625, 1106.8333740234375], [1743.8333740234375, 1151.5], [1683.8333740234375, 1131.5], [1680.1666259765625, 1177.1666259765625], [1623.8333740234375, 1139.5], [1607.8333740234375, 1187.1666259765625], [1541.5, 1115.5], [2153.5, 922.5], [2150.0, 854.5], [1976.5, 959.0], [1859.5, 1000.5], [1759.8333740234375, 1024.1666259765625], [1677.8333740234375, 1040.5], [1615.8333740234375, 1048.8333740234375], [1540.1666259765625, 1057.5]]",
F1,Left,rx006-v3_l,Landmarked_F1/marked_tiff/Left/RX006-V3_L_MARK.tif,Landmarked_F1/txt/Left/RX006-V3_L.txt,Raw_Images/F1/RX006-V3_L.tif,F1,32,32,roi,3840,2160,"[[2428.0, 918.0], [2506.5, 1119.5], [2363.5, 1249.5], [2107.5, 1217.5], [1971.5, 1233.8333740234375], [1864.8333740234375, 1252.5], [1774.8333740234375, 1267.1666259765625], [1696.8333740234375, 1274.5], [1631.5, 1284.5], [1567.5, 1284.5], [1488.5, 1253.5], [1420.5, 1192.5], [1358.5, 1118.5], [1974.5, 1086.5], [1911.5, 1139.5], [1858.5, 1136.5], [1816.5, 1179.5], [1760.5, 1167.5], [1741.5, 1215.5], [1687.5, 1187.5], [1671.5, 1233.5], [1613.5, 1196.5], [1603.5, 1238.8333740234375], [1563.1666259765625, 1166.1666259765625], [2144.0, 973.0], [2144.0, 929.0], [1971.5, 1024.0], [1857.0, 1067.0], [1755.5, 1091.0], [1679.75, 1103.0], [1609.5, 1108.5], [1558.8333740234375, 1111.1666259765625]]",
F1,Left,rx008-v2_l,Landmarked_F1/marked_tiff/Left/RX008-V2_L_MARK.tif,Landmarked_F1/txt/Left/RX008-V2_L.txt,Raw_Images/F1/RX008-V2_L.tif,F1,32,32,roi,3840,2160,"[[2420.5, 936.5], [2456.5, 1102.5], [2349.5, 1196.5], [2115.833251953125, 1163.8333740234375], [1983.8333740234375, 1169.8333740234375], [1866.5, 1184.5], [1776.5, 1196.5], [1721.8333740234375, 1203.8333740234375], [1643.5, 1211.5], [1580.5, 1213.5], [1499.1666259765625, 1179.5], [1421.1666259765625, 1114.1666259765625], [1361.8333740234375, 1040.8333740234375], [1987.833251953125, 1034.8333740234375], [1913.166748046875, 1085.5], [1861.1666259765625, 1078.8333740234375], [1827.0, 1128.5], [1772.0, 1107.0], [1746.0, 1147.5], [1692.0, 1122.5], [1671.0, 1156.5], [1621.0, 1130.0], [1599.5, 1162.0], [1550.5, 1089.5], [2136.5, 946.5], [2133.0, 896.5], [1985.0, 970.0], [1855.5, 1010.5], [1763.8333740234375, 1026.5], [1687.8333740234375, 1036.5], [1613.1666259765625, 1042.8333740234375], [1546.1666259765625, 1041.8333740234375]]",
F1,Left,rx008-v3_l,Landmarked_F1/marked_tiff/Left/RX008-V3_L_MARK.tif,Landmarked_F1/txt/Left/RX008-V3_L_MARK.txt,Raw_Images/F1/RX008-V3_L.tif,F1,32,32,roi,3840,2160,"[[2444.0, 861.0], [2496.5, 1094.5], [2383.5, 1184.5], [2122.833251953125, 1156.8333740234375], [1990.8333740234375, 1172.8333740234375], [1882.8333740234375, 1190.1666259765625], [1795.5, 1197.5], [1727.5, 1212.1666259765625], [1666.1666259765625, 1224.8333740234375], [1591.5, 1225.5], [1507.5, 1196.5], [1428.5, 1125.5], [1372.5, 1050.5], [2002.5, 1018.5], [1930.5, 1083.1666259765625], [1879.1666259765625, 1073.8333740234375], [1846.5, 1123.1666259765625], [1792.5, 1103.1666259765625], [1769.1666259765625, 1157.1666259765625], [1712.5, 1127.1666259765625], [1703.1666259765625, 1173.1666259765625], [1644.1666259765625, 1132.1666259765625], [1626.5, 1175.1666259765625], [1555.8333740234375, 1102.5], [2180.166748046875, 912.1666870117188], [2178.166748046875, 858.8333129882812], [1996.833251953125, 963.5], [1870.1666259765625, 1009.5], [1783.5, 1027.5], [1700.1666259765625, 1038.8333740234375], [1635.5, 1045.5], [1552.8333740234375, 1049.5]]",
F1,Left,rx008-v4_l,Landmarked_F1/marked_tiff/Left/RX008-V4_L_MARK.tif,Landmarked_F1/txt/Left/RX008-V4_L.txt,Raw_Images/F1/RX008-V4_L.tif,F1,32,32,roi,3840,2160,"[[2437.0, 905.0], [2471.5, 1079.5], [2350.166748046875, 1182.1666259765625], [2105.5, 1154.5], [1989.5, 1169.5], [1894.8333740234375, 1182.1666259765625], [1794.8333740234375, 1200.8333740234375], [1722.1666259765625, 1215.5], [1653.5, 1224.1666259765625], [1590.1666259765625, 1228.8333740234375], [1506.0, 1192.5], [1448.5, 1135.5], [1392.5, 1063.5], [2009.833251953125, 1032.1666259765625], [1943.833251953125, 1083.5], [1884.5, 1078.1666259765625], [1852.5, 1124.8333740234375], [1797.8333740234375, 1109.5], [1772.5, 1156.1666259765625], [1719.1666259765625, 1132.1666259765625], [1698.5, 1172.1666259765625], [1644.5, 1142.1666259765625], [1617.1666259765625, 1164.1666259765625], [1569.1666259765625, 1109.5], [2171.166748046875, 934.8333129882812], [2173.0, 867.0], [2007.5, 969.5], [1883.0, 1008.5], [1795.5, 1033.0], [1711.0, 1047.5], [1640.1666259765625, 1054.1666259765625], [1568.8333740234375, 1057.5]]",
F1,Left,rx009-v4_l,Landmarked_F1/marked_tiff/Left/RX009-V4_L_MARK.tif,Landmarked_F1/txt/Left/RX009-V4_L.txt,Raw_Images/F1/RX009-V4_L.tif,F1,32,32,roi,3840,2160,"[[2461.0, 908.0], [2502.166748046875, 1079.5], [2391.5, 1183.5], [2109.833251953125, 1163.5], [1975.1666259765625, 1172.8333740234375], [1871.1666259765625, 1190.1666259765625], [1784.5, 1200.5], [1722.5, 1208.5], [1650.1666259765625, 1217.1666259765625], [1585.5, 1219.8333740234375], [1502.5, 1187.5], [1430.5, 1121.5], [1372.5, 1054.5], [1984.5, 1032.5], [1920.5, 1085.8333740234375], [1865.8333740234375, 1082.5], [1831.1666259765625, 1125.8333740234375], [1778.5, 1109.1666259765625], [1750.5, 1144.5], [1694.5, 1123.5], [1684.5, 1168.5], [1632.5, 1137.5], [1611.5, 1164.5], [1568.5, 1097.5], [2161.833251953125, 928.5], [2158.166748046875, 880.8333129882812], [1978.5, 970.5], [1859.5, 1008.5], [1769.5, 1027.0], [1681.5, 1041.5], [1621.5, 1046.5], [1565.5, 1049.5]]",
F1,Left,rx009-v9_l,Landmarked_F1/marked_tiff/Left/RX009-V9_L_MARK.tif,Landmarked_F1/txt/Left/RX009-V9_L.txt,Raw_Images/F1/RX009-V9_L.tif,F1,32,32,roi,3840,2160,"[[2363.0, 930.0], [2425.5, 1114.1666259765625], [2296.166748046875, 1211.5], [2123.5, 1189.5], [1997.5, 1191.5], [1901.5, 1203.5], [1814.5, 1211.5], [1751.5, 1215.5], [1694.5, 1221.5], [1630.5, 1227.5], [1541.8333740234375, 1205.1666259765625], [1468.5, 1148.5], [1402.5, 1073.1666259765625], [1977.5, 1027.5], [1927.5, 1085.5], [1875.5, 1078.5], [1842.5, 1117.5], [1800.5, 1106.5], [1780.5, 1151.5], [1733.5, 1125.5], [1724.5, 1170.5], [1664.5, 1133.5], [1663.5, 1180.5], [1564.1666259765625, 1114.5], [2121.5, 939.0], [2120.0, 892.0], [1975.5, 971.8333129882812], [1867.5, 1011.1666870117188], [1790.0, 1031.0], [1724.0, 1042.5], [1654.5, 1052.0], [1558.8333740234375, 1062.5]]",
F1,Left,rx010-v1_l,Landmarked_F1/marked_tiff/Left/RX010-V1_L_MARK.tif,Landmarked_F1/txt/Left/RX010-V1_L.txt,Raw_Images/F1/RX010-V1_L.tif,F1,32,32,roi,3840,2160,"[[2422.0, 865.0], [2470.833251953125, 1081.1666259765625], [2304.166748046875, 1198.5], [2091.833251953125, 1176.5], [1971.8333740234375, 1189.1666259765625], [1859.8333740234375, 1201.8333740234375], [1764.5, 1213.1666259765625], [1674.5, 1227.5], [1598.5, 1239.5], [1532.5, 1236.5], [1450.5, 1193.5], [1392.0, 1131.0], [1336.5, 1064.5], [1964.5, 1024.5], [1907.833251953125, 1079.8333740234375], [1843.1666259765625, 1081.8333740234375], [1803.8333740234375, 1125.1666259765625], [1747.8333740234375, 1110.5], [1727.1666259765625, 1159.1666259765625], [1663.1666259765625, 1132.5], [1649.8333740234375, 1183.1666259765625], [1592.5, 1145.1666259765625], [1559.8333740234375, 1171.1666259765625], [1523.8333740234375, 1118.5], [2129.833251953125, 918.1666870117188], [2129.166748046875, 869.5], [1961.166748046875, 965.5], [1835.1666259765625, 1013.5], [1740.5, 1036.1666259765625], [1654.5, 1048.1666259765625], [1581.1666259765625, 1056.8333740234375], [1520.5, 1058.8333740234375]]",
F1,Left,rx010-v2_l,Landmarked_F1/marked_tiff/Left/RX010-V2_L_MARK.tif,Landmarked_F1/txt/Left/RX010-V2_L.txt,Raw_Images/F1/RX010-V2_L.tif,F1,32,32,roi,3840,2160,"[[2427.5, 986.1666870117188], [2479.5, 1135.5], [2348.833251953125, 1268.8333740234375], [2106.833251953125, 1231.8333740234375], [1985.5, 1237.1666259765625], [1865.1666259765625, 1240.1666259765625], [1768.1666259765625, 1250.8333740234375], [1688.8333740234375, 1257.5], [1624.1666259765625, 1263.5], [1547.5, 1262.8333740234375], [1467.5, 1223.5], [1404.5, 1154.5], [1353.5, 1075.5], [1975.5, 1072.5], [1921.5, 1125.5], [1867.5, 1120.5], [1826.5, 1159.5], [1778.5, 1144.5], [1746.5, 1195.5], [1698.5, 1158.5], [1679.5, 1212.5], [1625.5, 1170.5], [1597.5, 1192.5], [1538.5, 1137.5], [2128.5, 994.1666870117188], [2127.166748046875, 936.8333129882812], [1969.5, 1014.5], [1857.0, 1049.0], [1769.8333740234375, 1065.8333740234375], [1689.1666259765625, 1075.8333740234375], [1616.5, 1078.5], [1531.1666259765625, 1079.1666259765625]]",
F1,Left,rx010-v3_l,Landmarked_F1/marked_tiff/Left/RX010-V3_L_MARK.tif,Landmarked_F1/txt/Left/RX010-V3_L.txt,Raw_Images/F1/RX010-V3_L.tif,F1,32,32,roi,3840,2160,"[[2466.0, 912.0], [2512.5, 1115.5], [2390.5, 1204.5], [2128.5, 1171.5], [1991.5, 1172.5], [1874.5, 1179.5], [1773.5, 1197.5], [1698.5, 1209.5], [1626.5, 1218.8333740234375], [1547.8333740234375, 1216.1666259765625], [1458.0, 1185.0], [1389.5, 1110.0], [1337.5, 1036.0], [1975.166748046875, 1018.1666870117188], [1924.5, 1078.1666259765625], [1863.833251953125, 1064.8333740234375], [1822.5, 1116.8333740234375], [1759.1666259765625, 1098.1666259765625], [1741.1666259765625, 1148.8333740234375], [1683.5, 1120.5], [1665.5, 1166.5], [1602.5, 1125.5], [1585.5, 1161.5], [1535.5, 1098.5], [2181.5, 920.5], [2175.5, 861.1666870117188], [1973.5, 965.1666870117188], [1860.166748046875, 999.1666870117188], [1755.5, 1021.1666870117188], [1677.5, 1031.8333740234375], [1595.5, 1039.8333740234375], [1532.5, 1039.5]]",
F1,Left,rx011-v1_l,Landmarked_F1/marked_tiff/Left/RX011-V1_L_MARK.tif,Landmarked_F1/txt/Left/RX011-V1_L.txt,Raw_Images/F1/RX011-V1_L.tif,F1,32,32,roi,3840,2160,"[[2425.5, 870.5], [2474.5, 1099.5], [2336.5, 1200.5], [2080.5, 1173.5], [1947.1666259765625, 1181.5], [1837.5, 1196.5], [1738.5, 1209.1666259765625], [1655.1666259765625, 1220.5], [1578.5, 1226.5], [1515.1666259765625, 1223.1666259765625], [1446.5, 1184.5], [1387.0, 1119.5], [1337.0, 1045.0], [1956.5, 1020.1666870117188], [1891.833251953125, 1076.1666259765625], [1828.5, 1074.8333740234375], [1799.1666259765625, 1121.5], [1740.5, 1103.5], [1715.1666259765625, 1158.1666259765625], [1649.1666259765625, 1124.8333740234375], [1634.5, 1177.5], [1585.5, 1137.5], [1546.5, 1153.5], [1511.5, 1105.5], [2144.5, 913.5], [2141.5, 857.5], [1951.833251953125, 963.5], [1826.5, 1002.8333129882812], [1735.5, 1023.5], [1638.0, 1036.5], [1576.5, 1041.5], [1510.0, 1043.0]]",
F1,Right,rx001-v5_r,Landmarked_F1/marked_tiff/Right/RX001-V5_R_MARK.tif,Landmarked_F1/txt/Right/RX001-V5_R.txt,Raw_Images/F1/RX001-V5_R.tif,F1,36,36,roi,3840,2160,"[[1372.0, 925.0], [1350.8333740234375, 1120.8333740234375], [1506.8333740234375, 1222.1666259765625], [1753.5, 1184.8333740234375], [1882.833251953125, 1195.5], [1995.5, 1204.5], [2074.5, 1220.5], [2143.5, 1226.5], [2205.5, 1235.5], [2280.166748046875, 1235.8333740234375], [2385.0, 1199.5], [2480.5, 1130.5], [2532.5, 1044.5], [1843.8333740234375, 1061.8333740234375], [1897.166748046875, 1100.5], [1961.166748046875, 1096.5], [2001.166748046875, 1141.8333740234375], [2058.166748046875, 1125.8333740234375], [2092.833251953125, 1169.8333740234375], [2136.833251953125, 1139.8333740234375], [2153.5, 1183.8333740234375], [2196.833251953125, 1145.1666259765625], [2226.833251953125, 1172.5], [2284.833251953125, 1206.5], [2291.5, 1112.5], [2356.5, 1167.5], [2419.0, 1101.5], [2463.0, 1044.0], [1643.8333740234375, 947.8333129882812], [1640.5, 879.8333129882812], [1841.8333740234375, 989.8333129882812], [1959.166748046875, 1028.5], [2056.5, 1049.1666259765625], [2131.833251953125, 1056.5], [2194.5, 1060.5], [2287.833251953125, 1061.1666259765625]]",duplicate_txt_identical
F1,Right,rx001-v6_r,Landmarked_F1/marked_tiff/Right/RX001-V6_R_MARK.tif,Landmarked_F1/txt/Right/RX001-V6_R.txt,Raw_Images/F1/RX001-V6_R.tif,F1,36,36,roi,3840,2160,"[[1386.0, 904.0], [1354.5, 1134.5], [1525.5, 1236.5], [1735.8333740234375, 1200.8333740234375], [1868.5, 1206.1666259765625], [1979.833251953125, 1213.5], [2067.166748046875, 1223.5], [2131.166748046875, 1233.5], [2192.5, 1242.1666259765625], [2252.5, 1244.5], [2356.0, 1210.5], [2454.5, 1142.5], [2509.5, 1051.0], [1836.5, 1047.1666259765625], [1901.166748046875, 1092.5], [1951.833251953125, 1094.5], [1993.166748046875, 1137.1666259765625], [2041.833251953125, 1120.5], [2070.5, 1171.1666259765625], [2117.833251953125, 1137.1666259765625], [2137.166748046875, 1187.8333740234375], [2183.833251953125, 1147.1666259765625], [2207.833251953125, 1176.5], [2252.5, 1216.5], [2273.166748046875, 1115.1666259765625], [2336.0, 1175.0], [2394.0, 1110.0], [2446.0, 1043.5], [1648.5, 933.8333129882812], [1642.5, 869.1666870117188], [1832.0, 982.0], [1947.0, 1023.5], [2038.0, 1043.0], [2112.5, 1051.8333740234375], [2179.166748046875, 1057.1666259765625], [2271.166748046875, 1062.5]]",duplicate_txt_identical
F1,Right,rx001-v8_r,Landmarked_F1/marked_tiff/Right/RX001-V8_R_MARK.tif,Landmarked_F1/txt/Right/RX001-V8_R.txt,Raw_Images/F1/RX001-V8_R.tif,F1,36,36,roi,3840,2160,"[[1392.0, 912.0], [1369.5, 1125.5], [1548.5, 1217.5], [1755.8333740234375, 1185.5], [1875.1666259765625, 1194.1666259765625], [1979.833251953125, 1206.8333740234375], [2067.166748046875, 1220.1666259765625], [2133.5, 1227.5], [2204.5, 1228.5], [2268.5, 1230.5], [2375.0, 1198.5], [2466.5, 1135.5], [2527.5, 1052.5], [1840.1666259765625, 1042.5], [1901.5, 1095.8333740234375], [1954.833251953125, 1089.8333740234375], [1994.166748046875, 1140.5], [2050.833251953125, 1117.1666259765625], [2079.5, 1175.8333740234375], [2125.5, 1135.1666259765625], [2143.5, 1190.5], [2201.5, 1141.8333740234375], [2223.5, 1171.1666259765625], [2270.166748046875, 1201.8333740234375], [2278.833251953125, 1107.8333740234375], [2356.5, 1167.5], [2422.5, 1107.0], [2468.5, 1036.5], [1647.5, 936.5], [1644.8333740234375, 870.5], [1832.8333740234375, 975.8333129882812], [1948.166748046875, 1018.5], [2042.833251953125, 1037.1666259765625], [2118.5, 1047.5], [2194.5, 1051.5], [2278.5, 1054.5]]",duplicate_txt_identical
F1,Right,rx001v4_r51,Landmarked_F1/marked_tiff/Right/RX001v4_R51_MARK.tif,Landmarked_F1/txt/Right/RX001v4_R51.txt,Raw_Images/F1/RX001v4_R51.tif,F1,36,36,roi,2560,1920,"[[593.0, 774.0], [531.5, 1074.5], [719.5, 1274.5], [1034.5, 1214.5], [1216.5, 1214.5], [1372.5, 1229.5], [1499.5, 1244.1666259765625], [1586.1666259765625, 1257.5], [1686.5, 1269.5], [1773.5, 1275.5], [1925.5, 1235.5], [2057.5, 1151.8333740234375], [2159.16650390625, 1024.8333740234375], [1196.5, 1008.5], [1277.5, 1073.5], [1352.5, 1075.5], [1411.0, 1131.5], [1485.833251953125, 1112.5], [1520.5, 1176.1666259765625], [1595.0, 1134.5], [1617.1666259765625, 1194.5], [1691.8333740234375, 1148.5], [1714.5, 1197.1666259765625], [1785.8333740234375, 1239.5], [1819.1666259765625, 1112.8333740234375], [1909.5, 1188.8333740234375], [1990.8333740234375, 1104.8333740234375], [2089.16650390625, 1010.8333129882812], [934.5, 848.5], [933.5, 787.5], [1198.5, 919.5], [1355.166748046875, 978.1666870117188], [1489.5, 1005.5], [1597.1666259765625, 1022.1666870117188], [1696.5, 1030.1666259765625], [1819.0, 1036.0]]",
F1,Right,rx001v7_r33,Landmarked_F1/marked_tiff/Right/RX001v7_R33_MARK.tif,Landmarked_F1/txt/Right/RX001v7_R33.txt,Raw_Images/F1/RX001v7_R33.tif,F1,36,36,roi,2560,1920,"[[527.5, 778.5], [498.1666564941406, 1093.1666259765625], [710.5, 1259.5], [964.5, 1214.1666259765625], [1179.1666259765625, 1214.1666259765625], [1328.5, 1232.8333740234375], [1452.5, 1255.5], [1543.1666259765625, 1263.5], [1639.1666259765625, 1270.1666259765625], [1722.5, 1281.5], [1881.5, 1229.5], [2005.5, 1143.5], [2099.5, 1013.5], [1167.5, 991.5], [1249.8333740234375, 1047.5], [1324.5, 1047.5], [1374.5, 1112.8333740234375], [1445.5, 1088.5], [1473.8333740234375, 1170.1666259765625], [1553.5, 1116.5], [1571.1666259765625, 1188.8333740234375], [1639.0, 1136.5], [1659.5, 1187.5], [1730.5, 1231.5], [1767.5, 1107.5], [1854.5, 1186.5], [1941.833251953125, 1093.5], [2024.0, 996.5], [916.5, 818.5], [914.0, 719.0], [1166.5, 899.5], [1324.5, 963.5], [1445.0, 994.0], [1551.0, 1011.5], [1637.5, 1020.1666259765625], [1765.0, 1024.5]]",
F1,Right,rx004-v1_r,Landmarked_F1/marked_tiff/Right/RX004-V1_R_MARK.tif,Landmarked_F1/txt/Right/RX004-V1_R.txt,Raw_Images/F1/RX004-V1_R.tif,F1,36,36,roi,3840,2160,"[[1352.0, 888.0], [1339.5, 1109.5], [1506.5, 1219.5], [1722.5, 1190.5], [1857.5, 1191.5], [1971.5, 1203.5], [2068.5, 1227.5], [2132.5, 1230.5], [2206.5, 1233.5], [2276.5, 1233.5], [2388.5, 1196.1666259765625], [2474.5, 1132.5], [2539.5, 1048.5], [1835.1666259765625, 1040.1666259765625], [1900.5, 1089.5], [1960.5, 1086.1666259765625], [1999.166748046875, 1134.1666259765625], [2057.166748046875, 1115.5], [2082.5, 1159.5], [2134.5, 1131.5], [2157.5, 1174.5], [2213.166748046875, 1138.8333740234375], [2235.166748046875, 1164.1666259765625], [2281.833251953125, 1204.1666259765625], [2286.5, 1102.1666259765625], [2364.5, 1154.1666259765625], [2422.5, 1098.1666259765625], [2470.5, 1039.5], [1633.0, 927.0], [1628.5, 859.5], [1831.5, 966.8333129882812], [1956.5, 1008.5], [2048.5, 1027.5], [2128.5, 1041.5], [2208.5, 1050.5], [2286.166748046875, 1054.5]]",duplicate_txt_identical
F1,Right,rx005-v1_r,Landmarked_F1/marked_tiff/Right/RX005-V1_R_MARK.tif,Landmarked_F1/txt/Right/RX005-V1_R.txt,Raw_Images/F1/RX005-V1_R.tif,F1,36,36,roi,3840,2160,"[[1380.0, 892.0], [1348.1666259765625, 1094.1666259765625], [1517.5, 1211.5], [1741.5, 1191.5], [1865.5, 1192.8333740234375], [1972.166748046875, 1202.1666259765625], [2060.166748046875, 1218.1666259765625], [2126.833251953125, 1222.1666259765625], [2181.5, 1226.1666259765625], [2244.166748046875, 1229.8333740234375], [2350.166748046875, 1199.1666259765625], [2440.16650390625, 1133.1666259765625], [2496.16650390625, 1047.8333740234375], [1846.5, 1024.5], [1897.5, 1082.5], [1954.5, 1075.5], [1994.5, 1131.5], [2037.5, 1105.5], [2067.5, 1154.5], [2113.5, 1123.5], [2130.5, 1171.5], [2174.5, 1132.5], [2197.5, 1157.5], [2241.5, 1203.5], [2258.5, 1110.5], [2325.5, 1163.5], [2390.5, 1100.5], [2427.5, 1037.0], [1649.5, 911.1666870117188], [1647.5, 843.8333129882812], [1844.5, 960.0], [1949.5, 1001.5], [2036.0, 1022.0], [2110.5, 1037.0], [2167.5, 1041.1666259765625], [2255.166748046875, 1047.1666259765625]]",duplicate_txt_identical
F1,Right,rx005-v2_r,Landmarked_F1/marked_tiff/Right/RX005-V2_R_MARK.tif,Landmarked_F1/txt/Right/RX005-V2_R.txt,Raw_Images/F1/RX005-V2_R.tif,F1,36,36,roi,3840,2160,"[[1391.1666259765625, 899.5], [1355.1666259765625, 1135.5], [1516.5, 1224.8333740234375], [1759.5, 1192.5], [1882.5, 1198.5], [1993.5, 1203.5], [2081.5, 1217.5], [2156.5, 1224.5], [2227.5, 1230.5], [2297.0, 1232.5], [2409.5, 1205.8333740234375], [2505.5, 1145.1666259765625], [2572.83349609375, 1047.8333740234375], [1860.1666259765625, 1043.1666259765625], [1928.833251953125, 1089.8333740234375], [1992.166748046875, 1085.1666259765625], [2028.833251953125, 1139.8333740234375], [2088.833251953125, 1118.5], [2110.833251953125, 1168.5], [2165.5, 1131.8333740234375], [2184.833251953125, 1179.8333740234375], [2234.5, 1144.5], [2264.5, 1159.5], [2303.5, 1205.5], [2311.0, 1107.0], [2390.5, 1169.5], [2453.0, 1104.0], [2511.5, 1036.5], [1665.1666259765625, 924.1666870117188], [1661.8333740234375, 861.5], [1853.1666259765625, 966.8333129882812], [1987.166748046875, 1008.8333129882812], [2083.166748046875, 1030.8333740234375], [2159.166748046875, 1042.1666259765625], [2230.5, 1049.5], [2308.5, 1053.5]]",duplicate_txt_identical
F1,Right,rx006-v1_r,Landmarked_F1/marked_tiff/Right/RX006-V1_R_MARK.tif,Landmarked_F1/txt/Right/RX006-V1_R.txt,Raw_Images/F1/RX006-V1_R.tif,F1,36,36,roi,3840,2160,"[[1390.0, 880.0], [1360.8333740234375, 1120.1666259765625], [1535.5, 1238.8333740234375], [1757.8333740234375, 1193.5], [1873.833251953125, 1189.5], [1976.5, 1197.5], [2059.166748046875, 1213.5], [2139.166748046875, 1212.1666259765625], [2193.833251953125, 1216.1666259765625], [2260.5, 1220.5], [2370.5, 1188.5], [2455.5, 1119.5], [2513.5, 1037.5], [1842.5, 1026.5], [1902.5, 1068.5], [1953.5, 1065.5], [1995.5, 1114.5], [2043.5, 1095.5], [2072.5, 1143.5], [2115.5, 1111.5], [2141.5, 1163.5], [2182.5, 1123.5], [2207.5, 1155.5], [2259.5, 1198.1666259765625], [2264.833251953125, 1092.8333740234375], [2343.5, 1156.0], [2403.5, 1092.5], [2444.83349609375, 1027.1666259765625], [1677.5, 917.5], [1675.5, 852.8333129882812], [1840.1666259765625, 952.8333129882812], [1948.166748046875, 994.1666870117188], [2036.833251953125, 1018.8333129882812], [2112.166748046875, 1032.8333740234375], [2177.0, 1039.5], [2261.0, 1044.0]]",duplicate_txt_identical
F1,Right,rx006-v2_r,Landmarked_F1/marked_tiff/Right/RX006-V2_R_MARK.tif,Landmarked_F1/txt/Right/RX006-V2_R.txt,Raw_Images/F1/RX006-V2_R.tif,F1,36,36,roi,3840,2160,"[[1372.0, 936.0], [1344.8333740234375, 1150.8333740234375], [1491.5, 1217.5], [1729.5, 1177.5], [1861.5, 1183.5], [1966.5, 1197.5], [2066.5, 1209.5], [2136.5, 1215.5], [2219.5, 1223.5], [2278.5, 1220.8333740234375], [2391.83349609375, 1193.5], [2487.83349609375, 1132.1666259765625], [2556.5, 1052.1666259765625], [1838.1666259765625, 1053.5], [1913.5, 1102.8333740234375], [1966.166748046875, 1084.1666259765625], [2008.833251953125, 1137.5], [2066.166748046875, 1112.8333740234375], [2088.5, 1161.5], [2145.166748046875, 1130.1666259765625], [2163.5, 1177.1666259765625], [2217.833251953125, 1133.8333740234375], [2238.5, 1170.8333740234375], [2284.5, 1198.75], [2289.166748046875, 1114.5], [2362.5, 1155.1666259765625], [2431.83349609375, 1095.1666259765625], [2486.5, 1045.8333740234375], [1651.8333740234375, 946.8333129882812], [1651.8333740234375, 888.1666870117188], [1833.8333740234375, 980.8333129882812], [1965.166748046875, 1024.1666259765625], [2061.166748046875, 1044.1666259765625], [2143.166748046875, 1053.8333740234375], [2213.0, 1059.5], [2285.5, 1062.0]]",duplicate_txt_identical
F1,Right,rx006-v3_r,Landmarked_F1/marked_tiff/Right/RX006-V3_R_MARK.tif,Landmarked_F1/txt/Right/RX006-V3_R.txt,Raw_Images/F1/RX006-V3_R.tif,F1,36,36,roi,3840,2160,"[[1373.0, 877.0], [1343.5, 1122.1666259765625], [1547.5, 1211.5], [1743.5, 1190.1666259765625], [1880.833251953125, 1196.8333740234375], [1987.5, 1208.8333740234375], [2079.166748046875, 1224.1666259765625], [2150.5, 1231.5], [2219.166748046875, 1236.8333740234375], [2284.166748046875, 1235.1666259765625], [2397.16650390625, 1198.8333740234375], [2488.5, 1134.1666259765625], [2547.16650390625, 1045.5], [1861.0, 1035.0], [1916.0, 1086.0], [1970.0, 1083.5], [2015.0, 1132.0], [2063.5, 1114.5], [2096.833251953125, 1170.5], [2147.5, 1133.8333740234375], [2168.166748046875, 1179.1666259765625], [2212.833251953125, 1137.8333740234375], [2236.166748046875, 1170.5], [2288.166748046875, 1201.8333740234375], [2290.5, 1107.8333740234375], [2372.5, 1163.5], [2440.5, 1097.0], [2486.5, 1035.0], [1666.5, 919.5], [1664.5, 861.0], [1859.5, 972.5], [1963.5, 1012.0], [2054.5, 1035.0], [2137.5, 1048.5], [2204.0, 1053.0], [2287.166748046875, 1055.8333740234375]]",duplicate_txt_identical
F1,Right,rx008-v2_r,Landmarked_F1/marked_tiff/Right/RX008-V2_R_MARK.tif,Landmarked_F1/txt/Right/RX008-V2_R.txt,Raw_Images/F1/RX008-V2_R.tif,F1,36,36,roi,3840,2160,"[[1399.0, 922.0], [1376.1666259765625, 1107.5], [1533.5, 1212.8333740234375], [1734.5, 1184.5], [1865.5, 1185.5], [1966.5, 1197.5], [2055.5, 1206.5], [2124.5, 1215.5], [2189.5, 1220.5], [2256.166748046875, 1225.8333740234375], [2368.166748046875, 1185.8333740234375], [2454.83349609375, 1121.8333740234375], [2515.5, 1031.8333740234375], [1832.5, 1027.5], [1896.5, 1078.5], [1949.5, 1077.5], [1986.5, 1118.5], [2039.5, 1099.5], [2069.5, 1150.5], [2113.5, 1117.5], [2135.5, 1162.5], [2181.5, 1131.1666259765625], [2206.833251953125, 1170.5], [2258.833251953125, 1194.5], [2264.833251953125, 1088.5], [2346.166748046875, 1146.5], [2407.5, 1089.1666259765625], [2453.5, 1023.1666870117188], [1676.8333740234375, 929.5], [1676.8333740234375, 881.5], [1826.1666259765625, 960.1666870117188], [1941.5, 1002.8333129882812], [2034.166748046875, 1024.8333740234375], [2108.833251953125, 1034.8333740234375], [2176.166748046875, 1039.8333740234375], [2261.166748046875, 1043.1666259765625]]",duplicate_txt_identical
F1,Right,rx008-v3_r,Landmarked_F1/marked_tiff/Right/RX008-V3_R_MARK.tif,Landmarked_F1/txt/Right/RX008-V3_R.txt,Raw_Images/F1/RX008-V3_R.tif,F1,36,36,roi,3840,2160,"[[1351.0, 900.0], [1340.5, 1126.8333740234375], [1501.8333740234375, 1204.1666259765625], [1736.5, 1165.5], [1868.5, 1172.1666259765625], [1972.5, 1188.1666259765625], [2057.5, 1193.5], [2123.5, 1200.5], [2201.5, 1209.5], [2259.166748046875, 1206.1666259765625], [2365.5, 1175.8333740234375], [2474.83349609375, 1110.5], [2540.0, 1020.0], [1820.5, 1016.5], [1893.5, 1077.5], [1952.5, 1070.5], [1989.5, 1116.5], [2040.5, 1089.5], [2071.5, 1147.5], [2123.5, 1107.5], [2154.5, 1145.5], [2189.5, 1117.5], [2216.5, 1137.5], [2263.5, 1178.8333740234375], [2279.5, 1079.1666259765625], [2345.5, 1137.8333740234375], [2422.16650390625, 1075.1666259765625], [2474.5, 1011.0], [1628.0, 909.0], [1626.0, 856.5], [1816.8333740234375, 955.5], [1947.5, 998.5], [2033.0, 1014.0], [2116.0, 1025.0], [2184.5, 1028.8333740234375], [2275.833251953125, 1028.1666259765625]]",duplicate_txt_identical
F1,Right,rx008-v4_r,Landmarked_F1/marked_tiff/Right/RX008-V4_R_MARK.tif,Landmarked_F1/txt/Right/RX008-V4_R.txt,Raw_Images/F1/RX008-V4_R.tif,F1,36,36,roi,3840,2160,"[[1396.0, 945.0], [1388.5, 1142.5], [1549.5, 1209.5], [1751.1666259765625, 1181.5], [1874.8333740234375, 1191.8333740234375], [1974.833251953125, 1201.8333740234375], [2068.833251953125, 1215.1666259765625], [2134.833251953125, 1226.5], [2208.166748046875, 1237.1666259765625], [2277.833251953125, 1235.5], [2376.5, 1202.5], [2463.5, 1148.5], [2518.5, 1070.5], [1838.5, 1052.1666259765625], [1907.833251953125, 1103.5], [1962.5, 1098.8333740234375], [2003.833251953125, 1142.1666259765625], [2051.166748046875, 1127.5], [2084.5, 1170.1666259765625], [2127.833251953125, 1147.5], [2156.5, 1186.1666259765625], [2198.5, 1158.1666259765625], [2224.5, 1187.5], [2275.166748046875, 1209.5], [2278.5, 1114.5], [2356.5, 1171.5], [2407.5, 1118.5], [2453.5, 1063.5], [1658.5, 954.0], [1655.0, 885.5], [1834.8333740234375, 984.1666870117188], [1958.5, 1022.5], [2050.166748046875, 1047.5], [2127.5, 1058.5], [2197.5, 1066.5], [2275.833251953125, 1070.1666259765625]]",duplicate_txt_identical
F1,Right,rx009-v4_r,Landmarked_F1/marked_tiff/Right/RX009-V4_R_MARK.tif,Landmarked_F1/txt/Right/RX009-V4_R.txt,Raw_Images/F1/RX009-V4_R.tif,F1,36,36,roi,3840,2160,"[[1384.0, 902.0], [1343.5, 1076.8333740234375], [1480.8333740234375, 1204.8333740234375], [1721.5, 1176.5], [1849.5, 1187.5], [1975.5, 1200.5], [2069.5, 1209.5], [2126.5, 1214.5], [2201.5, 1214.5], [2262.833251953125, 1222.1666259765625], [2375.5, 1184.0], [2465.5, 1119.5], [2534.83349609375, 1038.1666259765625], [1838.5, 1031.5], [1902.5, 1084.5], [1957.5, 1081.5], [2000.5, 1123.5], [2048.5, 1103.5], [2085.5, 1145.5], [2131.5, 1118.8333740234375], [2147.5, 1168.1666259765625], [2202.166748046875, 1125.5], [2232.166748046875, 1150.8333740234375], [2266.166748046875, 1193.5], [2283.5, 1098.1666259765625], [2351.0, 1148.0], [2416.0, 1087.0], [2471.0, 1028.5], [1661.5, 930.5], [1658.0, 892.0], [1836.1666259765625, 971.5], [1954.0, 1009.75], [2046.5, 1030.0], [2129.5, 1041.5], [2197.5, 1045.5], [2281.0, 1049.0]]",duplicate_txt_identical
F1,Right,rx009-v9_r,Landmarked_F1/marked_tiff/Right/RX009-V9_R_MARK.tif,Landmarked_F1/txt/Right/RX009-V9_R.txt,Raw_Images/F1/RX009-V9_R.tif,F1,36,36,roi,3840,2160,"[[1288.0, 920.0], [1266.8333740234375, 1071.5], [1457.5, 1173.5], [1601.5, 1160.5], [1726.5, 1162.5], [1844.0, 1179.0], [1912.5, 1186.5], [1969.5, 1189.5], [2031.5, 1200.5], [2095.833251953125, 1205.8333740234375], [2211.5, 1187.5], [2307.5, 1130.1666259765625], [2370.83349609375, 1050.8333740234375], [1703.8333740234375, 1019.1666870117188], [1765.8333740234375, 1065.8333740234375], [1817.166748046875, 1065.1666259765625], [1849.833251953125, 1105.1666259765625], [1898.5, 1090.5], [1926.5, 1139.8333740234375], [1973.833251953125, 1106.5], [1982.5, 1163.1666259765625], [2033.833251953125, 1119.1666259765625], [2063.833251953125, 1140.5], [2100.5, 1180.5], [2106.5, 1091.1666259765625], [2190.5, 1146.8333740234375], [2256.5, 1092.8333740234375], [2300.5, 1042.1666259765625], [1542.8333740234375, 912.5], [1540.8333740234375, 844.5], [1696.5, 940.0], [1812.5, 986.0], [1890.5, 1009.0], [1964.0, 1026.5], [2025.5, 1036.0], [2104.0, 1043.0]]",duplicate_txt_identical
F1,Right,rx010-v1_r,Landmarked_F1/marked_tiff/Right/RX010-V1_R_MARK.tif,Landmarked_F1/txt/Right/RX010-V1_R.txt,Raw_Images/F1/RX010-V1_R.tif,F1,36,36,roi,3840,2160,"[[1398.5, 867.5], [1374.5, 1105.5], [1531.5, 1220.5], [1735.5, 1197.5], [1858.5, 1199.5], [1956.833251953125, 1204.8333740234375], [2054.166748046875, 1220.8333740234375], [2132.833251953125, 1231.5], [2199.5, 1242.1666259765625], [2263.5, 1241.5], [2377.5, 1207.0], [2468.0, 1139.0], [2531.0, 1051.0], [1851.8333740234375, 1029.5], [1899.833251953125, 1074.8333740234375], [1958.166748046875, 1070.8333740234375], [1992.833251953125, 1116.1666259765625], [2048.166748046875, 1106.8333740234375], [2075.5, 1152.1666259765625], [2124.833251953125, 1123.5], [2146.833251953125, 1174.8333740234375], [2193.5, 1129.5], [2219.5, 1159.5], [2268.833251953125, 1208.1666259765625], [2273.5, 1096.1666259765625], [2352.0, 1164.0], [2408.0, 1105.5], [2453.5, 1040.5], [1672.1666259765625, 915.5], [1663.5, 844.8333129882812], [1848.8333740234375, 960.8333129882812], [1952.833251953125, 999.5], [2042.0, 1025.0], [2116.0, 1038.0], [2185.0, 1045.0], [2268.5, 1047.5]]",duplicate_txt_identical
F1,Right,rx010-v2_r,Landmarked_F1/marked_tiff/Right/RX010-V2_R_MARK.tif,Landmarked_F1/txt/Right/RX010-V2_R.txt,Raw_Images/F1/RX010-V2_R.tif,F1,36,36,roi,3840,2160,"[[1397.5, 920.5], [1341.5, 1084.5], [1459.5, 1198.5], [1703.5, 1180.8333740234375], [1856.833251953125, 1190.1666259765625], [1964.833251953125, 1204.8333740234375], [2059.5, 1218.1666259765625], [2127.5, 1226.1666259765625], [2208.833251953125, 1236.8333740234375], [2280.5, 1241.5], [2398.5, 1211.5], [2492.5, 1156.5], [2575.5, 1072.5], [1858.5, 1039.5], [1907.5, 1091.5], [1960.5, 1083.5], [2007.5, 1135.5], [2062.5, 1117.5], [2090.5, 1173.5], [2146.5, 1138.5], [2155.5, 1193.5], [2211.5, 1149.5], [2241.5, 1180.5], [2286.166748046875, 1217.5], [2292.5, 1125.5], [2365.5, 1169.5], [2447.5, 1111.5], [2498.5, 1059.5], [1672.1666259765625, 941.5], [1668.1666259765625, 869.5], [1852.5, 976.5], [1952.5, 1010.5], [2057.5, 1038.5], [2143.5, 1051.5], [2210.5, 1060.5], [2288.5, 1064.5]]",duplicate_txt_identical
F1,Right,rx010-v3_r,Landmarked_F1/marked_tiff/Right/RX010-V3_R_MARK.tif,Landmarked_F1/txt/Right/RX010-V3_R.txt,Raw_Images/F1/RX010-V3_R.tif,F1,36,36,roi,3840,2160,"[[1376.0, 892.0], [1354.1666259765625, 1102.5], [1551.5, 1240.5], [1735.5, 1205.1666259765625], [1882.166748046875, 1198.5], [1986.166748046875, 1206.5], [2080.833251953125, 1217.1666259765625], [2143.5, 1230.5], [2214.166748046875, 1241.1666259765625], [2280.833251953125, 1242.5], [2396.83349609375, 1209.8333740234375], [2493.5, 1137.8333740234375], [2561.5, 1041.1666259765625], [1855.5, 1041.5], [1912.5, 1083.5], [1961.5, 1072.5], [2002.5, 1121.5], [2061.5, 1104.5], [2093.5, 1155.5], [2140.5, 1129.5], [2162.5, 1172.5], [2207.5, 1138.5], [2229.5, 1164.5], [2286.5, 1210.1666259765625], [2286.5, 1102.0], [2372.5, 1177.5], [2440.5, 1102.8333740234375], [2494.5, 1028.1666259765625], [1651.1666259765625, 916.1666870117188], [1648.5, 845.5], [1851.8333740234375, 962.1666870117188], [1958.5, 998.8333129882812], [2055.166748046875, 1022.8333129882812], [2137.833251953125, 1037.1666259765625], [2206.5, 1042.0], [2281.5, 1046.0]]",duplicate_txt_identical
F1,Right,rx011-v1_r,Landmarked_F1/marked_tiff/Right/RX011-V1_R_MARK.tif,Landmarked_F1/txt/Right/RX011-V1_R.txt,Raw_Images/F1/RX011-V1_R.tif,F1,36,36,roi,3840,2160,"[[1355.0, 896.0], [1348.5, 1104.8333740234375], [1532.5, 1214.1666259765625], [1744.5, 1192.8333740234375], [1860.5, 1199.5], [1964.5, 1211.5], [2062.5, 1225.5], [2137.166748046875, 1234.8333740234375], [2214.5, 1235.5], [2275.833251953125, 1238.1666259765625], [2368.5, 1198.8333740234375], [2454.5, 1132.1666259765625], [2499.16650390625, 1053.5], [1839.5, 1040.5], [1891.5, 1087.1666259765625], [1946.833251953125, 1084.5], [1991.5, 1135.8333740234375], [2040.166748046875, 1119.1666259765625], [2074.166748046875, 1171.1666259765625], [2120.166748046875, 1131.1666259765625], [2151.5, 1176.5], [2194.833251953125, 1135.8333740234375], [2220.166748046875, 1168.5], [2275.5, 1207.5], [2264.5, 1109.5], [2343.833251953125, 1167.5], [2397.83349609375, 1101.1666259765625], [2440.5, 1041.8333740234375], [1636.5, 923.5], [1630.5, 850.5], [1833.1666259765625, 970.5], [1938.5, 1009.1666870117188], [2036.0, 1034.0], [2114.5, 1043.0], [2193.5, 1051.5], [2266.5, 1052.5]]",duplicate_txt_identical
LBX,Bottom,feb1xpbx012-1-v35_b,Landmarked_LBX/marked_tiff/Bottom/FEB1xPBX012-1-V35_B_MARK.tif,Landmarked_LBX/txt/Bottom/FEB1xPBX012-1-V35_B.txt,Raw_Images/LBX/FEB1xPBX012-1-V35_B.tif,LBX,17,17,roi,3840,2160,"[[2501.0, 1075.0], [2269.0, 1064.5], [2218.5, 1058.5], [2164.5, 1048.0], [2102.5, 1038.5], [2289.0, 1117.875], [2224.166748046875, 1103.1666259765625], [2154.833251953125, 1100.1666259765625], [2261.833251953125, 1120.8333740234375], [2160.5, 1123.1666259765625], [2224.5, 1126.1666259765625], [2288.875, 1127.625], [2423.5, 1156.0], [2265.5, 1159.1666259765625], [2214.166748046875, 1166.8333740234375], [2161.166748046875, 1174.1666259765625], [2101.5, 1179.8333740234375]]",
LBX,Bottom,feb1xpbx013-1-v12_b,Landmarked_LBX/marked_tiff/Bottom/FEB1xPBX013-1-V12_B_MARK.tif,Landmarked_LBX/txt/Bottom/FEB1xPBX013-1-V12_B.txt,Raw_Images/LBX/FEB1xPBX013-1-V12_B.tif,LBX,17,17,roi,3840,2160,"[[2538.0, 1041.0], [2364.5, 1048.5], [2314.5, 1041.8333740234375], [2254.5, 1038.5], [2198.5, 1031.1666259765625], [2355.0, 1102.5], [2344.75, 1091.0], [2293.25, 1090.5], [2289.0, 1101.25], [2301.25, 1111.5], [2348.5, 1116.5], [2355.0, 1103.875], [2461.5, 1157.5], [2353.5, 1157.5], [2310.166748046875, 1161.8333740234375], [2254.833251953125, 1165.8333740234375], [2203.5, 1169.5]]",
LBX,Bottom,feb1xpbx013-1-v18_b,Landmarked_LBX/marked_tiff/Bottom/FEB1xPBX013-1-V18_B_MARK.tif,Landmarked_LBX/txt/Bottom/FEB1xPBX013-1-V18_B.txt,Raw_Images/LBX/FEB1xPBX013-1-V18_B.tif,LBX,17,17,roi,3840,2160,"[[2507.0, 1058.0], [2253.5, 1052.1666259765625], [2198.5, 1045.1666259765625], [2137.0, 1041.5], [2067.75, 1037.5], [2306.166748046875, 1111.6666259765625], [2283.666748046875, 1097.1666259765625], [2239.833251953125, 1093.8333740234375], [2230.0, 1102.6666259765625], [2235.5, 1116.5], [2286.166748046875, 1117.1666259765625], [2306.15625, 1112.03125], [2434.5, 1174.5], [2255.5, 1160.8333740234375], [2191.5, 1167.1666259765625], [2133.5, 1168.1666259765625], [2068.5, 1177.5]]",
LBX,Bottom,kmm20-v09_b,Landmarked_LBX/marked_tiff/Bottom/KMM20-V09_B_MARK.tif,Landmarked_LBX/txt/Bottom/KMM20-V09_B.txt,Raw_Images/LBX/KMM20-V09_B.tif,LBX,17,17,roi,3840,2160,"[[2511.0, 1017.0], [2311.5, 1026.0], [2262.0, 1023.5], [2204.5, 1017.0], [2132.5, 1008.5], [2311.5, 1081.1666259765625], [2304.833251953125, 1062.8333740234375], [2254.5, 1061.1666259765625], [2228.166748046875, 1082.1666259765625], [2255.25, 1094.5], [2301.5, 1093.0], [2311.5, 1081.625], [2422.166748046875, 1135.1666259765625], [2313.833251953125, 1127.5], [2263.833251953125, 1134.5], [2199.833251953125, 1139.1666259765625], [2141.0, 1141.5]]",
LBX,Bottom,kmm20-v10_b,Landmarked_LBX/marked_tiff/Bottom/KMM20-V10_B_MARK.tif,Landmarked_LBX/txt/Bottom/KMM20-V10_B.txt,Raw_Images/LBX/KMM20-V10_B.tif,LBX,17,17,roi,3840,2160,"[[2517.0, 1018.5], [2297.5, 1024.0], [2242.0, 1024.0], [2178.5, 1015.0], [2108.5, 1011.0], [2291.0, 1084.1666259765625], [2270.0, 1071.0], [2213.5, 1063.5], [2221.5, 1082.1666259765625], [2216.5, 1097.5], [2269.0, 1096.5], [2291.083251953125, 1086.0], [2433.0, 1148.5], [2290.0, 1139.5], [2237.5, 1139.0], [2178.0, 1145.5], [2106.5, 1150.5]]",
LBX,Bottom,kmm20-v29_b,Landmarked_LBX/marked_tiff/Bottom/KMM20-V29_B_MARK.tif,Landmarked_LBX/txt/Bottom/KMM20-V29_B.txt,Raw_Images/LBX/KMM20-V29_B.tif,LBX,17,17,roi,3840,2160,"[[2491.0, 1001.0], [2289.833251953125, 1011.1666870117188], [2236.833251953125, 1009.1666870117188], [2179.833251953125, 1007.8333129882812], [2113.5, 1001.1666870117188], [2291.875, 1078.875], [2274.166748046875, 1066.5], [2220.833251953125, 1064.8333740234375], [2240.833251953125, 1082.5], [2220.833251953125, 1088.1666259765625], [2268.5, 1089.1666259765625], [2291.916748046875, 1080.75], [2403.25, 1120.5], [2282.0, 1124.5], [2229.0, 1131.5], [2177.0, 1138.75], [2109.5, 1144.0]]",
LBX,Bottom,kmm5-v11_b,Landmarked_LBX/marked_tiff/Bottom/KMM5-V11_B_MARK.tif,Landmarked_LBX/txt/Bottom/KMM5-V11_B.txt,Raw_Images/LBX/KMM5-V11_B.tif,LBX,17,17,roi,3840,2160,"[[2503.75, 1013.5], [2292.0, 1022.5], [2229.0, 1023.0], [2162.5, 1019.5], [2096.75, 1018.75], [2274.833251953125, 1089.5], [2256.166748046875, 1067.8333740234375], [2197.5, 1067.1666259765625], [2179.5, 1090.1666259765625], [2195.833251953125, 1109.8333740234375], [2247.833251953125, 1109.8333740234375], [2274.75, 1097.75], [2434.166748046875, 1155.8333740234375], [2273.833251953125, 1146.8333740234375], [2220.833251953125, 1150.8333740234375], [2155.5, 1156.1666259765625], [2088.833251953125, 1158.1666259765625]]",
LBX,Bottom,lbx001v02_b,Landmarked_LBX/marked_tiff/Bottom/LBX001V02_B_MARK.tif,Landmarked_LBX/txt/Bottom/LBX001V02_B.txt,Raw_Images/LBX/LBX001V02_B.tif,LBX,17,17,roi,3840,2160,"[[2592.0, 1048.0], [2396.5, 1061.5], [2348.25, 1050.75], [2297.833251953125, 1043.8333740234375], [2220.166748046875, 1037.5], [2389.0, 1105.84375], [2385.0, 1084.25], [2332.75, 1083.0], [2300.75, 1100.5], [2335.25, 1117.25], [2382.5, 1116.75], [2389.03125, 1106.21875], [2509.5, 1150.5], [2392.5, 1147.8333740234375], [2347.166748046875, 1152.1666259765625], [2288.166748046875, 1156.8333740234375], [2227.166748046875, 1162.5]]",
LBX,Bottom,lbx001v06_b,Landmarked_LBX/marked_tiff/Bottom/LBX001V06_B_MARK.tif,Landmarked_LBX/txt/Bottom/LBX001V06_B.txt,Raw_Images/LBX/LBX001V06_B.tif,LBX,17,17,roi,3840,2160,"[[2563.5, 1031.5], [2377.5, 1028.8333740234375], [2322.5, 1025.25], [2266.166748046875, 1017.5], [2198.166748046875, 1009.8333129882812], [2396.25, 1076.5], [2356.5, 1059.5], [2307.5, 1054.25], [2380.75, 1077.5], [2308.75, 1079.0], [2354.25, 1080.75], [2396.5, 1081.25], [2489.833251953125, 1121.5], [2371.0, 1116.5], [2323.25, 1121.25], [2268.5, 1127.0], [2198.5, 1133.0]]",
LBX,Bottom,lbx001v07_b,Landmarked_LBX/marked_tiff/Bottom/LBX001V07_B_MARK.tif,Landmarked_LBX/txt/Bottom/LBX001V07_B.txt,Raw_Images/LBX/LBX001V07_B.tif,LBX,17,17,roi,3840,2160,"[[2538.5, 1023.5], [2312.5, 1020.8333129882812], [2256.5, 1014.8333129882812], [2204.833251953125, 1003.5], [2140.0, 993.0], [2336.25, 1067.75], [2280.25, 1053.5], [2229.25, 1051.0], [2322.75, 1071.25], [2231.0, 1072.5], [2280.5, 1075.5], [2336.333251953125, 1076.75], [2460.0, 1111.5], [2316.5, 1117.5], [2266.0, 1126.0], [2204.5, 1135.0], [2136.0, 1139.5]]",
LBX,Bottom,lbx001v08_b,Landmarked_LBX/marked_tiff/Bottom/LBX001V08_B_MARK.tif,Landmarked_LBX/txt/Bottom/LBX001V08_B.txt,Raw_Images/LBX/LBX001V08_B.tif,LBX,17,17,roi,3840,2160,"[[2581.0, 1048.0], [2351.166748046875, 1046.8333740234375], [2299.166748046875, 1043.5], [2238.5, 1039.5], [2168.833251953125, 1027.8333740234375], [2360.5, 1103.1666259765625], [2304.166748046875, 1092.1666259765625], [2251.666748046875, 1089.0], [2337.833251953125, 1107.5], [2249.333251953125, 1112.0], [2306.0, 1117.5], [2360.833251953125, 1114.0], [2511.5, 1156.75], [2338.833251953125, 1152.5], [2288.833251953125, 1160.5], [2232.166748046875, 1163.1666259765625], [2159.5, 1167.1666259765625]]",
LBX,Bottom,lbx001v10_b,Landmarked_LBX/marked_tiff/Bottom/LBX001V10_B_MARK.tif,Landmarked_LBX/txt/Bottom/LBX001V10_B.txt,Raw_Images/LBX/LBX001V10_B.tif,LBX,17,17,roi,3840,2160,"[[2569.0, 1083.0], [2304.833251953125, 1073.1666259765625], [2242.5, 1059.5], [2176.0, 1052.5], [2092.5, 1045.0], [2366.0, 1127.0], [2272.5, 1111.5], [2215.0, 1106.5], [2346.875, 1128.625], [2213.833251953125, 1134.1666259765625], [2281.166748046875, 1141.5], [2366.25, 1133.3125], [2480.5, 1164.8333740234375], [2296.5, 1171.5], [2239.166748046875, 1178.8333740234375], [2171.166748046875, 1183.5], [2089.833251953125, 1187.5]]",
LBX,Bottom,lbx001v12_b,Landmarked_LBX/marked_tiff/Bottom/LBX001V12_B_MARK.tif,Landmarked_LBX/txt/Bottom/LBX001V12_B.txt,Raw_Images/LBX/LBX001V12_B.tif,LBX,17,17,roi,3840,2160,"[[2511.0, 1086.0], [2294.166748046875, 1071.5], [2233.5, 1062.5], [2175.0, 1052.0], [2108.5, 1043.0], [2302.833251953125, 1118.75], [2196.166748046875, 1096.8333740234375], [2244.5, 1100.1666259765625], [2286.5, 1119.5], [2195.5, 1116.5], [2247.166748046875, 1122.8333740234375], [2303.0, 1125.5], [2427.166748046875, 1168.8333740234375], [2279.833251953125, 1162.1666259765625], [2230.25, 1166.25], [2168.5, 1173.8333740234375], [2107.5, 1184.1666259765625]]",
LBX,Bottom,lbx001v13_b,Landmarked_LBX/marked_tiff/Bottom/LBX001V13_B_MARK.tif,Landmarked_LBX/txt/Bottom/LBX001V13_B.txt,Raw_Images/LBX/LBX001V13_B.tif,LBX,17,17,roi,3840,2160,"[[2541.833251953125, 1064.8333740234375], [2346.833251953125, 1054.1666259765625], [2290.833251953125, 1042.1666259765625], [2237.833251953125, 1032.1666259765625], [2168.833251953125, 1027.8333740234375], [2347.5, 1106.5], [2322.833251953125, 1096.5], [2272.833251953125, 1088.5], [2254.833251953125, 1100.5], [2276.833251953125, 1106.5], [2320.833251953125, 1107.8333740234375], [2347.5, 1106.75], [2464.5, 1147.8333740234375], [2336.5, 1152.1666259765625], [2292.833251953125, 1162.1666259765625], [2240.833251953125, 1167.5], [2176.5, 1175.0]]",
LBX,Bottom,lbx001v15_b,Landmarked_LBX/marked_tiff/Bottom/LBX001V15_B_MARK.tif,Landmarked_LBX/txt/Bottom/LBX001V15_B.txt,Raw_Images/LBX/LBX001V15_B.tif,LBX,17,17,roi,3840,2160,"[[2577.0, 1041.0], [2361.5, 1033.1666259765625], [2309.166748046875, 1029.5], [2249.166748046875, 1022.1666870117188], [2186.5, 1019.5], [2360.416748046875, 1080.75], [2330.833251953125, 1071.8333740234375], [2277.0, 1071.5], [2242.75, 1080.5], [2282.833251953125, 1092.5], [2334.166748046875, 1091.1666259765625], [2360.583251953125, 1084.0833740234375], [2504.5, 1134.5], [2365.166748046875, 1133.1666259765625], [2313.833251953125, 1139.8333740234375], [2261.166748046875, 1147.8333740234375], [2199.166748046875, 1155.1666259765625]]",
LBX,Bottom,lbx001v18_b,Landmarked_LBX/marked_tiff/Bottom/LBX001V18_B_MARK.tif,Landmarked_LBX/txt/Bottom/LBX001V18_B.txt,Raw_Images/LBX/LBX001V18_B.tif,LBX,17,17,roi,3840,2160,"[[2559.833251953125, 1073.8333740234375], [2342.0, 1067.5], [2283.5, 1060.5], [2211.5, 1052.0], [2157.5, 1037.5], [2371.0, 1117.25], [2306.5, 1101.5], [2255.833251953125, 1095.8333740234375], [2346.833251953125, 1120.5], [2261.5, 1128.1666259765625], [2316.5, 1136.1666259765625], [2371.0, 1130.0], [2480.5, 1172.5], [2337.25, 1167.5], [2288.0, 1172.0], [2234.0, 1176.5], [2157.5, 1180.5]]",
LBX,Bottom,lbx001v27_b,Landmarked_LBX/marked_tiff/Bottom/LBX001V27_B_MARK.tif,Landmarked_LBX/txt/Bottom/LBX001V27_B.txt,Raw_Images/LBX/LBX001V27_B.tif,LBX,17,17,roi,3840,2160,"[[2556.0, 1107.0], [2340.5, 1095.5], [2279.5, 1087.1666259765625], [2223.5, 1077.1666259765625], [2158.0, 1065.5], [2370.25, 1143.75], [2309.5, 1126.0], [2252.0, 1122.5], [2348.5, 1149.0], [2255.5, 1155.0], [2315.0, 1157.0], [2370.5, 1156.9166259765625], [2482.5, 1200.5], [2327.833251953125, 1189.1666259765625], [2279.833251953125, 1197.1666259765625], [2225.833251953125, 1203.1666259765625], [2164.5, 1209.8333740234375]]",
LBX,Bottom,lbx001v29_b,Landmarked_LBX/marked_tiff/Bottom/LBX001V29_B_MARK.tif,Landmarked_LBX/txt/Bottom/LBX001V29_B.txt,Raw_Images/LBX/LBX001V29_B.tif,LBX,17,17,roi,3840,2160,"[[2571.0, 1013.5], [2355.0, 1019.0], [2302.0, 1015.5], [2247.5, 1008.8333129882812], [2182.833251953125, 999.1666870117188], [2339.166748046875, 1072.1666259765625], [2329.166748046875, 1061.8333740234375], [2274.833251953125, 1060.5], [2240.166748046875, 1075.5], [2275.166748046875, 1083.5], [2330.166748046875, 1080.5], [2339.166748046875, 1072.4166259765625], [2498.5, 1099.8333740234375], [2351.5, 1111.8333740234375], [2300.166748046875, 1123.8333740234375], [2249.833251953125, 1137.5], [2191.833251953125, 1147.8333740234375]]",
LBX,Bottom,lbx001v30_b,Landmarked_LBX/marked_tiff/Bottom/LBX001V30_B_MARK.tif,Landmarked_LBX/txt/Bottom/LBX001V30_B.txt,Raw_Images/LBX/LBX001V30_B.tif,LBX,17,17,roi,3840,2160,"[[2487.0, 1022.0], [2281.833251953125, 1030.5], [2232.5, 1026.5], [2185.833251953125, 1019.8333129882812], [2126.5, 1010.5], [2249.833251953125, 1086.5], [2249.166748046875, 1066.5], [2199.833251953125, 1067.1666259765625], [2145.166748046875, 1085.1666259765625], [2237.833251953125, 1101.1666259765625], [2177.166748046875, 1100.5], [2249.75, 1086.75], [2414.5, 1113.5], [2286.833251953125, 1120.8333740234375], [2238.5, 1125.5], [2183.5, 1139.1666259765625], [2132.5, 1150.5]]",
LBX,Bottom,lbx001v31_b,Landmarked_LBX/marked_tiff/Bottom/LBX001V31_B_MARK.tif,Landmarked_LBX/txt/Bottom/LBX001V31_B.txt,Raw_Images/LBX/LBX001V31_B.tif,LBX,17,17,roi,3840,2160,"[[2554.833251953125, 1063.5], [2323.166748046875, 1057.5], [2265.5, 1049.8333740234375], [2209.833251953125, 1041.1666259765625], [2146.166748046875, 1032.1666259765625], [2348.5, 1108.1666259765625], [2284.5, 1092.5], [2226.833251953125, 1091.8333740234375], [2324.5, 1112.5], [2227.166748046875, 1118.8333740234375], [2284.5, 1117.8333740234375], [2348.833251953125, 1117.8333740234375], [2472.833251953125, 1145.5], [2312.833251953125, 1149.5], [2268.166748046875, 1156.8333740234375], [2212.5, 1170.8333740234375], [2146.5, 1180.1666259765625]]",
LBX,Bottom,lbx002v02_b,Landmarked_LBX/marked_tiff/Bottom/LBX002V02_B_MARK.tif,Landmarked_LBX/txt/Bottom/LBX002V02_B.txt,Raw_Images/LBX/LBX002V02_B.tif,LBX,17,17,roi,3840,2160,"[[2569.0, 1060.0], [2359.5, 1062.5], [2304.5, 1057.5], [2241.833251953125, 1052.8333740234375], [2176.5, 1043.5], [2368.333251953125, 1121.3333740234375], [2331.5, 1111.0], [2281.0, 1107.0], [2288.0, 1118.375], [2283.5, 1131.5], [2334.0, 1139.5], [2368.375, 1126.4375], [2496.0, 1166.5], [2346.5, 1170.5], [2298.5, 1175.5], [2243.0, 1183.0], [2173.0, 1188.0]]",
LBX,Bottom,lbx002v04_b,Landmarked_LBX/marked_tiff/Bottom/LBX002V04_B_MARK.tif,Landmarked_LBX/txt/Bottom/LBX002V04_B.txt,Raw_Images/LBX/LBX002V04_B.tif,LBX,17,17,roi,3840,2160,"[[2613.0, 1043.0], [2382.5, 1033.0], [2318.0, 1030.0], [2255.0, 1026.0], [2187.5, 1025.5], [2400.5, 1098.75], [2334.25, 1098.5], [2274.5, 1095.5], [2242.166748046875, 1102.1666259765625], [2274.166748046875, 1106.1666259765625], [2334.166748046875, 1105.1666259765625], [2400.5, 1105.25], [2533.5, 1118.5], [2361.166748046875, 1146.1666259765625], [2312.833251953125, 1155.8333740234375], [2259.166748046875, 1164.1666259765625], [2192.833251953125, 1169.1666259765625]]",
LBX,Bottom,lbx004v01_b,Landmarked_LBX/marked_tiff/Bottom/LBX004V01_B_MARK.tif,Landmarked_LBX/txt/Bottom/LBX004V01_B.txt,Raw_Images/LBX/LBX004V01_B.tif,LBX,17,17,roi,3840,2160,"[[2597.0, 1027.0], [2371.5, 1023.5], [2311.166748046875, 1019.5], [2254.166748046875, 1013.8333129882812], [2184.5, 1007.5], [2349.166748046875, 1078.8333740234375], [2329.166748046875, 1064.5], [2278.166748046875, 1060.1666259765625], [2222.5, 1071.5], [2278.5, 1092.8333740234375], [2337.166748046875, 1092.1666259765625], [2349.15625, 1078.90625], [2521.833251953125, 1125.8333740234375], [2364.5, 1127.1666259765625], [2311.833251953125, 1133.1666259765625], [2253.833251953125, 1141.8333740234375], [2179.166748046875, 1149.1666259765625]]",
LBX,Bottom,lbx005v01_b,Landmarked_LBX/marked_tiff/Bottom/LBX005V01_B_MARK.tif,Landmarked_LBX/txt/Bottom/LBX005V01_B.txt,Raw_Images/LBX/LBX005V01_B.tif,LBX,17,17,roi,3840,2160,"[[2624.5, 1036.0], [2403.0, 1031.0], [2337.5, 1027.5], [2272.166748046875, 1022.1666870117188], [2201.5, 1014.1666870117188], [2377.875, 1090.0], [2351.166748046875, 1079.1666259765625], [2296.833251953125, 1075.5], [2268.5, 1086.8333740234375], [2291.5, 1094.0], [2341.833251953125, 1096.5], [2378.0, 1090.5], [2537.75, 1133.5], [2380.5, 1137.5], [2326.5, 1145.0], [2264.5, 1152.0], [2206.5, 1158.5]]",
LBX,Bottom,lbx005v02_b,Landmarked_LBX/marked_tiff/Bottom/LBX005V02_B_MARK.tif,Landmarked_LBX/txt/Bottom/LBX005V02_B.txt,Raw_Images/LBX/LBX005V02_B.tif,LBX,17,17,roi,3840,2160,"[[2590.0, 1040.5], [2371.5, 1034.5], [2314.0, 1026.0], [2257.0, 1016.5], [2186.0, 1009.5], [2378.666748046875, 1080.3333740234375], [2350.5, 1062.5], [2289.5, 1060.5], [2279.833251953125, 1073.8333740234375], [2288.5, 1089.0], [2345.0, 1094.0], [2378.5, 1084.375], [2513.5, 1151.0], [2366.5, 1131.5], [2316.5, 1138.0], [2255.5, 1141.0], [2191.5, 1150.0]]",
LBX,Bottom,lbx005v03_b,Landmarked_LBX/marked_tiff/Bottom/LBX005V03_B_MARK.tif,Landmarked_LBX/txt/Bottom/LBX005V03_B.txt,Raw_Images/LBX/LBX005V03_B.tif,LBX,17,17,roi,3840,2160,"[[2526.75, 1025.75], [2351.5, 1028.5], [2300.5, 1025.0], [2237.0, 1018.5], [2169.5, 1010.0], [2367.5, 1084.0], [2338.833251953125, 1070.8333740234375], [2280.833251953125, 1067.8333740234375], [2348.5, 1084.8333740234375], [2274.166748046875, 1091.5], [2329.5, 1091.8333740234375], [2367.833251953125, 1088.0833740234375], [2454.0, 1101.0], [2342.75, 1120.0], [2291.5, 1131.75], [2232.75, 1139.75], [2170.833251953125, 1148.5]]",
LBX,Bottom,lbx005v07_b,Landmarked_LBX/marked_tiff/Bottom/LBX005V07_B._MARK.tif,Landmarked_LBX/txt/Bottom/LBX005V07_B.txt,Raw_Images/LBX/LBX005V07_B.tif,LBX,17,17,roi,3840,2160,"[[2551.5, 1035.0], [2419.0, 1033.0], [2378.5, 1030.0], [2321.0, 1025.0], [2258.5, 1015.0], [2393.75, 1079.375], [2405.166748046875, 1067.1666259765625], [2354.166748046875, 1063.5], [2372.166748046875, 1080.1666259765625], [2352.375, 1091.875], [2389.375, 1093.625], [2393.875, 1086.5], [2479.166748046875, 1109.1666259765625], [2400.5, 1118.8333740234375], [2368.166748046875, 1122.1666259765625], [2318.5, 1128.8333740234375], [2258.166748046875, 1139.8333740234375]]",
LBX,Bottom,lbx005v09_b,Landmarked_LBX/marked_tiff/Bottom/LBX005V09_B_MARK.tif,Landmarked_LBX/txt/Bottom/LBX005V09_B.txt,Raw_Images/LBX/LBX005V09_B.tif,LBX,17,17,roi,3840,2160,"[[2563.0, 1015.0], [2364.166748046875, 1006.8333129882812], [2312.5, 999.5], [2250.166748046875, 989.8333129882812], [2182.833251953125, 984.5], [2390.25, 1058.75], [2340.25, 1044.0], [2287.0, 1040.25], [2365.75, 1061.0], [2281.75, 1070.25], [2337.5, 1069.75], [2390.666748046875, 1067.0], [2488.5, 1088.1666259765625], [2354.5, 1099.8333740234375], [2306.166748046875, 1111.1666259765625], [2250.0, 1122.0], [2182.5, 1128.0]]",
LBX,Bottom,lbx005v10_b,Landmarked_LBX/marked_tiff/Bottom/LBX005V10_B_MARK.tif,Landmarked_LBX/txt/Bottom/LBX005V10_B.txt,Raw_Images/LBX/LBX005V10_B.tif,LBX,17,17,roi,3840,2160,"[[2603.0, 1029.0], [2357.833251953125, 1033.5], [2301.833251953125, 1026.1666259765625], [2243.5, 1021.0], [2181.5, 1014.1666870117188], [2345.583251953125, 1087.6666259765625], [2316.166748046875, 1071.5], [2266.833251953125, 1073.5], [2228.166748046875, 1085.5], [2269.5, 1100.8333740234375], [2317.5, 1097.5], [2345.5, 1087.9166259765625], [2531.833251953125, 1129.1666259765625], [2358.5, 1132.5], [2301.166748046875, 1141.1666259765625], [2247.166748046875, 1153.8333740234375], [2187.166748046875, 1156.5]]",
LBX,Bottom,lbx005v11_b,Landmarked_LBX/marked_tiff/Bottom/LBX005V11_B_MARK.tif,Landmarked_LBX/txt/Bottom/LBX005V11_B.txt,Raw_Images/LBX/LBX005V11_B.tif,LBX,17,17,roi,3840,2160,"[[2576.0, 1033.0], [2367.0, 1023.0], [2312.0, 1016.0], [2251.5, 1007.0], [2183.0, 997.5], [2395.5, 1071.0], [2337.0, 1061.0], [2287.0, 1055.0], [2368.5, 1073.1666259765625], [2280.5, 1078.0], [2337.0, 1077.5], [2395.5, 1078.5], [2500.5, 1118.8333740234375], [2357.5, 1118.5], [2307.833251953125, 1124.1666259765625], [2248.5, 1129.5], [2185.5, 1135.5]]",
LBX,Bottom,lbx005v12_b,Landmarked_LBX/marked_tiff/Bottom/LBX005V12_B_MARK.tif,Landmarked_LBX/txt/Bottom/LBX005V12_B.txt,Raw_Images/LBX/LBX005V12_B.tif,LBX,17,17,roi,3840,2160,"[[2573.666748046875, 1035.8333740234375], [2368.0, 1026.25], [2310.166748046875, 1021.8333129882812], [2246.166748046875, 1009.8333129882812], [2178.833251953125, 1001.1666870117188], [2373.5, 1080.75], [2341.75, 1067.0], [2276.666748046875, 1060.5], [2339.75, 1078.25], [2267.5, 1082.1666259765625], [2325.0, 1082.5], [2373.4375, 1084.4375], [2490.5, 1106.1666259765625], [2352.5, 1115.1666259765625], [2297.166748046875, 1122.8333740234375], [2240.5, 1130.5], [2169.5, 1139.0]]",
LBX,Bottom,lbx005v14_b,Landmarked_LBX/marked_tiff/Bottom/LBX005V14_B_MARK.tif,Landmarked_LBX/txt/Bottom/LBX005V14_B.txt,Raw_Images/LBX/LBX005V14_B.tif,LBX,17,17,roi,3840,2160,"[[2583.0, 1020.0], [2377.833251953125, 1011.8333129882812], [2307.166748046875, 1003.1666870117188], [2245.833251953125, 991.1666870117188], [2175.833251953125, 985.1666870117188], [2369.833251953125, 1059.8333740234375], [2332.333251953125, 1048.3333740234375], [2274.666748046875, 1041.1666259765625], [2336.666748046875, 1060.3333740234375], [2277.166748046875, 1064.1666259765625], [2328.333251953125, 1064.1666259765625], [2370.375, 1066.5625], [2499.25, 1105.5], [2366.5, 1104.5], [2302.0, 1104.0], [2241.0, 1112.5], [2168.0, 1120.5]]",
LBX,Bottom,lbx007v01_b,Landmarked_LBX/marked_tiff/Bottom/LBX007V01_B_MARK.tif,Landmarked_LBX/txt/Bottom/LBX007V01_B.txt,Raw_Images/LBX/LBX007V01_B.tif,LBX,17,17,roi,3840,2160,"[[2572.0, 1044.0], [2367.166748046875, 1034.5], [2302.5, 1029.1666259765625], [2243.833251953125, 1019.1666870117188], [2176.5, 1014.5], [2356.5, 1083.75], [2327.0, 1082.25], [2269.0, 1076.0], [2232.25, 1083.25], [2275.5, 1089.0], [2326.75, 1087.25], [2356.5, 1083.75], [2494.5, 1133.8333740234375], [2353.166748046875, 1133.8333740234375], [2306.5, 1143.1666259765625], [2245.166748046875, 1147.8333740234375], [2179.833251953125, 1155.8333740234375]]",
LBX,Bottom,lbx007v02_b,Landmarked_LBX/marked_tiff/Bottom/LBX007V02_B_MARK.tif,Landmarked_LBX/txt/Bottom/LBX007V02_B.txt,Raw_Images/LBX/LBX007V02_B.tif,LBX,17,17,roi,3840,2160,"[[2569.166748046875, 1019.8333129882812], [2358.5, 1025.1666259765625], [2308.5, 1021.8333129882812], [2243.166748046875, 1019.1666870117188], [2182.5, 1010.5], [2373.166748046875, 1089.1666259765625], [2334.166748046875, 1072.0], [2272.0, 1069.5], [2224.0, 1084.5], [2280.5, 1095.0], [2332.0, 1098.5], [2374.0, 1100.0], [2489.0, 1115.5], [2353.0, 1140.5], [2298.5, 1154.5], [2246.0, 1155.0], [2184.5, 1159.5]]",
LBX,Bottom,lbx007v06_b,Landmarked_LBX/marked_tiff/Bottom/LBX007V06_B_MARK.tif,Landmarked_LBX/txt/Bottom/LBX007V06_B.txt,Raw_Images/LBX/LBX007V06_B.tif,LBX,17,17,roi,3840,2160,"[[2584.0, 1005.0], [2365.5, 1000.5], [2293.5, 998.5], [2236.833251953125, 991.1666870117188], [2172.166748046875, 983.1666870117188], [2350.583251953125, 1059.0833740234375], [2321.833251953125, 1051.8333740234375], [2256.5, 1048.5], [2243.5, 1059.5], [2260.5, 1064.1666259765625], [2315.5, 1062.8333740234375], [2350.541748046875, 1059.25], [2497.833251953125, 1088.1666259765625], [2354.833251953125, 1097.5], [2298.833251953125, 1108.8333740234375], [2242.833251953125, 1123.5], [2183.5, 1130.1666259765625]]",
LBX,Bottom,lbx007v08_b,Landmarked_LBX/marked_tiff/Bottom/LBX007V08_B_MARK.tif,Landmarked_LBX/txt/Bottom/LBX007V08_B.txt,Raw_Images/LBX/LBX007V08_B.tif,LBX,17,17,roi,3840,2160,"[[2585.0, 1006.5], [2358.0, 1008.0], [2293.0, 1002.5], [2236.5, 993.0], [2174.0, 985.0], [2352.166748046875, 1060.5], [2323.833251953125, 1042.5], [2259.166748046875, 1039.1666259765625], [2246.833251953125, 1058.5], [2184.5, 1068.1666259765625], [2259.5, 1070.5], [2352.25, 1062.0], [2497.5, 1088.5], [2354.166748046875, 1099.5], [2296.833251953125, 1109.1666259765625], [2241.0, 1122.5], [2179.0, 1128.5]]",
LBX,Bottom,lbx008v01_b,Landmarked_LBX/marked_tiff/Bottom/LBX008V01_B_MARK.tif,Landmarked_LBX/txt/Bottom/LBX008V01_B.txt,Raw_Images/LBX/LBX008V01_B.tif,LBX,17,17,roi,3840,2160,"[[2599.0, 1055.5], [2365.5, 1041.0], [2313.5, 1036.1666259765625], [2254.5, 1027.5], [2197.5, 1018.5], [2365.5, 1094.1666259765625], [2333.25, 1085.0], [2273.833251953125, 1079.1666259765625], [2260.833251953125, 1091.8333740234375], [2281.166748046875, 1095.8333740234375], [2327.5, 1096.1666259765625], [2365.5, 1094.25], [2508.833251953125, 1118.5], [2346.833251953125, 1129.1666259765625], [2307.5, 1137.5], [2259.5, 1145.5], [2198.0, 1163.0]]",
LBX,Bottom,lbx008v02_b,Landmarked_LBX/marked_tiff/Bottom/LBX008V02_B_MARK.tif,Landmarked_LBX/txt/Bottom/LBX008V02_B.txt,Raw_Images/LBX/LBX008V02_B.tif,LBX,17,17,roi,3840,2160,"[[2552.0, 1044.0], [2362.166748046875, 1036.1666259765625], [2306.166748046875, 1029.5], [2248.833251953125, 1020.1666870117188], [2178.833251953125, 1018.1666870117188], [2364.5, 1083.0], [2347.5, 1075.5], [2288.166748046875, 1073.5], [2254.25, 1080.25], [2301.0, 1087.25], [2350.5, 1088.0], [2364.5, 1083.125], [2475.833251953125, 1120.8333740234375], [2361.5, 1130.8333740234375], [2313.166748046875, 1137.8333740234375], [2252.5, 1148.1666259765625], [2187.166748046875, 1154.1666259765625]]",
LBX,Bottom,lbx008v04_b,Landmarked_LBX/marked_tiff/Bottom/LBX008V04_B_MARK.tif,Landmarked_LBX/txt/Bottom/LBX008V04_B.txt,Raw_Images/LBX/LBX008V04_B.tif,LBX,17,17,roi,3840,2160,"[[2572.0, 1032.5], [2366.0, 1028.0], [2310.5, 1021.0], [2251.0, 1010.5], [2186.0, 1001.5], [2349.0, 1080.3333740234375], [2338.0, 1076.0], [2279.0, 1070.0], [2253.0, 1075.0], [2278.75, 1081.25], [2324.0, 1084.5], [2349.0, 1080.5], [2487.5, 1111.25], [2350.25, 1116.25], [2298.5, 1124.25], [2246.833251953125, 1132.5], [2184.166748046875, 1140.8333740234375]]",
LBX,Bottom,lbx008v05_b,Landmarked_LBX/marked_tiff/Bottom/LBX008V05_B_MARK.tif,Landmarked_LBX/txt/Bottom/LBX008V05_B.txt,Raw_Images/LBX/LBX008V05_B.tif,LBX,17,17,roi,3840,2160,"[[2575.0, 1034.0], [2379.5, 1031.5], [2317.5, 1027.5], [2254.833251953125, 1021.5], [2188.833251953125, 1016.1666870117188], [2365.0, 1078.25], [2351.5, 1073.6666259765625], [2296.75, 1074.0], [2255.5, 1087.5], [2302.5, 1100.5], [2353.666748046875, 1095.0], [2365.5, 1083.0], [2485.0, 1127.0], [2361.166748046875, 1126.5], [2319.5, 1136.5], [2256.166748046875, 1141.8333740234375], [2192.833251953125, 1149.8333740234375]]",
LBX,Bottom,lbx008v06_b,Landmarked_LBX/marked_tiff/Bottom/LBX008V06_B_MARK.tif,Landmarked_LBX/txt/Bottom/LBX008V06_B.txt,Raw_Images/LBX/LBX008V06_B.tif,LBX,17,17,roi,3840,2160,"[[2551.0, 1034.0], [2361.0, 1033.0], [2308.0, 1029.0], [2249.0, 1021.0], [2181.5, 1013.5], [2347.166748046875, 1086.5], [2337.5, 1076.5], [2289.5, 1072.8333740234375], [2245.166748046875, 1081.5], [2290.5, 1095.5], [2333.5, 1093.1666259765625], [2347.15625, 1086.5625], [2468.5, 1129.5], [2349.833251953125, 1129.1666259765625], [2303.166748046875, 1135.8333740234375], [2243.5, 1147.5], [2187.5, 1149.5]]",
LBX,Bottom,lbx008v07_b,Landmarked_LBX/marked_tiff/Bottom/LBX008V07_B_MARK.tif,Landmarked_LBX/txt/Bottom/LBX008V07_B.txt,Raw_Images/LBX/LBX008V07_B.tif,LBX,17,17,roi,3840,2160,"[[2575.5, 1024.0], [2346.0, 1029.5], [2294.5, 1026.0], [2234.0, 1021.0], [2168.5, 1019.0], [2339.25, 1087.0], [2320.75, 1068.75], [2261.5, 1069.5], [2231.0, 1087.5], [2254.75, 1096.75], [2304.25, 1099.25], [2339.333251953125, 1087.4166259765625], [2491.833251953125, 1119.8333740234375], [2337.166748046875, 1132.5], [2288.5, 1139.1666259765625], [2229.833251953125, 1149.1666259765625], [2167.166748046875, 1148.5]]",
LBX,Bottom,lbx008v08_b,Landmarked_LBX/marked_tiff/Bottom/LBX008V08_B_MARK.tif,Landmarked_LBX/txt/Bottom/LBX008V08_B.txt,Raw_Images/LBX/LBX008V08_B.tif,LBX,17,17,roi,3840,2160,"[[2572.166748046875, 1036.8333740234375], [2368.5, 1028.5], [2310.166748046875, 1023.8333129882812], [2251.5, 1017.1666870117188], [2186.166748046875, 1011.1666870117188], [2353.0, 1081.25], [2326.0, 1070.5], [2275.75, 1068.75], [2251.25, 1078.0], [2283.25, 1093.0], [2326.75, 1093.5], [2353.0, 1081.5833740234375], [2496.75, 1127.5], [2353.0, 1135.25], [2311.25, 1141.25], [2253.5, 1149.5], [2193.5, 1158.1666259765625]]",
LBX,Bottom,lbx008v10_b,Landmarked_LBX/marked_tiff/Bottom/LBX008V10_B_MARK.tif,Landmarked_LBX/txt/Bottom/LBX008V10_B.txt,Raw_Images/LBX/LBX008V10_B.tif,LBX,17,17,roi,3840,2160,"[[2568.5, 1054.5], [2328.833251953125, 1041.1666259765625], [2280.166748046875, 1035.1666259765625], [2226.5, 1028.1666259765625], [2166.833251953125, 1026.8333740234375], [2344.5, 1101.8333740234375], [2287.833251953125, 1086.5], [2246.166748046875, 1079.8333740234375], [2245.5, 1096.5], [2250.166748046875, 1116.1666259765625], [2295.166748046875, 1108.1666259765625], [2344.541748046875, 1101.9166259765625], [2487.166748046875, 1123.8333740234375], [2324.5, 1143.5], [2278.5, 1156.1666259765625], [2221.5, 1166.1666259765625], [2173.833251953125, 1174.8333740234375]]",
LBX,Bottom,lbx008v13_b,Landmarked_LBX/marked_tiff/Bottom/LBX008V13_B_MARK.tif,Landmarked_LBX/txt/Bottom/LBX008V13_B.txt,Raw_Images/LBX/LBX008V13_B.tif,LBX,17,17,roi,3840,2160,"[[2567.166748046875, 1019.5], [2360.0, 1013.5], [2308.0, 1011.5], [2246.0, 1004.5], [2181.0, 1001.0], [2334.5, 1070.5], [2305.833251953125, 1061.1666259765625], [2259.0, 1059.1666259765625], [2253.666748046875, 1071.0], [2262.833251953125, 1080.5], [2314.166748046875, 1084.1666259765625], [2334.666748046875, 1075.3333740234375], [2490.166748046875, 1119.5], [2356.25, 1125.25], [2305.25, 1130.0], [2254.5, 1138.75], [2186.0, 1145.0]]",
LBX,Bottom,lbx009v01_b,Landmarked_LBX/marked_tiff/Bottom/LBX009V01_B_MARK.tif,Landmarked_LBX/txt/Bottom/LBX009V01_B.txt,Raw_Images/LBX/LBX009V01_B.tif,LBX,17,17,roi,3840,2160,"[[2570.833251953125, 1022.1666870117188], [2359.166748046875, 1024.5], [2298.833251953125, 1022.1666870117188], [2232.5, 1017.5], [2162.5, 1010.5], [2347.5, 1082.0], [2331.25, 1068.0], [2264.0, 1063.25], [2207.5, 1080.5], [2265.5, 1090.0], [2332.0, 1092.0], [2347.5, 1082.09375], [2501.0, 1119.5], [2356.5, 1123.5], [2302.5, 1131.0], [2231.0, 1142.5], [2168.5, 1146.5]]",
LBX,Bottom,lbx009v03_b,Landmarked_LBX/marked_tiff/Bottom/LBX009V03_B_MARK.tif,Landmarked_LBX/txt/Bottom/LBX009V03_B.txt,Raw_Images/LBX/LBX009V03_B.tif,LBX,17,17,roi,3840,2160,"[[2586.0, 1049.0], [2379.833251953125, 1026.1666259765625], [2316.5, 1019.5], [2261.166748046875, 1011.5], [2189.833251953125, 1008.1666870117188], [2384.0, 1081.5], [2351.0, 1071.0], [2295.5, 1069.5], [2238.0, 1081.5], [2296.5, 1091.5], [2346.0, 1086.5], [2384.0, 1081.6875], [2514.5, 1107.5], [2368.5, 1124.5], [2322.0, 1135.5], [2260.5, 1142.0], [2196.0, 1153.5]]",
LBX,Bottom,lbx009v05_b,Landmarked_LBX/marked_tiff/Bottom/LBX009V05_B_MARK.tif,Landmarked_LBX/txt/Bottom/LBX009V05_B.txt,Raw_Images/LBX/LBX009V05_B.tif,LBX,17,17,roi,3840,2160,"[[2575.0, 1024.0], [2375.5, 1027.0], [2318.0, 1024.0], [2254.0, 1018.5], [2184.0, 1016.5], [2376.75, 1082.75], [2350.75, 1070.5], [2291.75, 1065.25], [2227.0, 1079.0], [2291.0, 1091.75], [2340.5, 1090.0], [2376.833251953125, 1083.25], [2499.833251953125, 1105.1666259765625], [2365.166748046875, 1119.5], [2312.166748046875, 1130.5], [2252.5, 1142.5], [2203.0, 1151.5]]",
LBX,Bottom,lbx009v06_b,Landmarked_LBX/marked_tiff/Bottom/LBX009V06_B_MARK.tif,Landmarked_LBX/txt/Bottom/LBX009V06_B.txt,Raw_Images/LBX/LBX009V06_B.tif,LBX,17,17,roi,3840,2160,"[[2541.0, 1014.0], [2367.0, 1016.5], [2311.0, 1013.0], [2248.5, 1006.0], [2179.166748046875, 1000.1666870117188], [2346.5, 1062.1666259765625], [2341.833251953125, 1048.1666259765625], [2289.166748046875, 1045.5], [2213.833251953125, 1064.8333740234375], [2288.5, 1075.5], [2334.5, 1072.8333740234375], [2346.5, 1062.8125], [2464.5, 1102.5], [2352.5, 1107.5], [2308.833251953125, 1112.8333740234375], [2251.5, 1127.1666259765625], [2188.166748046875, 1130.5]]",
LBX,Bottom,lbx009v07_b,Landmarked_LBX/marked_tiff/Bottom/LBX009V07_B_MARK.tif,Landmarked_LBX/txt/Bottom/LBX009V07_B.txt,Raw_Images/LBX/LBX009V07_B.tif,LBX,17,17,roi,3840,2160,"[[2587.0, 1028.0], [2372.833251953125, 1030.8333740234375], [2306.166748046875, 1030.8333740234375], [2242.833251953125, 1024.1666259765625], [2178.833251953125, 1019.5], [2349.833251953125, 1093.1666259765625], [2334.833251953125, 1081.5], [2272.5, 1076.8333740234375], [2228.5, 1091.1666259765625], [2267.0, 1097.5], [2324.5, 1099.5], [2349.8125, 1093.25], [2511.833251953125, 1119.1666259765625], [2357.833251953125, 1131.1666259765625], [2301.166748046875, 1141.1666259765625], [2242.5, 1151.1666259765625], [2178.5, 1153.8333740234375]]",
LBX,Bottom,lbx009v08_b,Landmarked_LBX/marked_tiff/Bottom/LBX009V08_B_MARK.tif,Landmarked_LBX/txt/Bottom/LBX009V08_B.txt,Raw_Images/LBX/LBX009V08_B.tif,LBX,17,17,roi,3840,2160,"[[2584.0, 1043.0], [2387.0, 1029.0], [2328.5, 1021.5], [2253.5, 1009.5], [2189.5, 1001.0], [2405.5, 1068.6666259765625], [2352.5, 1063.1666259765625], [2290.833251953125, 1058.8333740234375], [2244.833251953125, 1069.1666259765625], [2285.166748046875, 1076.8333740234375], [2332.833251953125, 1075.8333740234375], [2405.833251953125, 1078.1666259765625], [2506.5, 1100.0], [2359.5, 1109.5], [2310.0, 1115.5], [2248.5, 1130.5], [2181.5, 1135.5]]",
LBX,Bottom,lbx009v09_b,Landmarked_LBX/marked_tiff/Bottom/LBX009V09_B_MARK.tif,Landmarked_LBX/txt/Bottom/LBX009V09_B.txt,Raw_Images/LBX/LBX009V09_B.tif,LBX,17,17,roi,3840,2160,"[[2595.5, 1018.1666870117188], [2384.833251953125, 1009.5], [2314.166748046875, 1007.5], [2244.833251953125, 1006.1666870117188], [2180.833251953125, 996.8333129882812], [2349.75, 1070.5], [2333.5, 1057.25], [2277.25, 1053.0], [2214.166748046875, 1067.1666259765625], [2266.166748046875, 1073.1666259765625], [2330.833251953125, 1073.5], [2349.75, 1070.59375], [2526.833251953125, 1109.5], [2369.5, 1116.1666259765625], [2307.5, 1123.5], [2250.166748046875, 1133.5], [2179.5, 1142.1666259765625]]",
LBX,Bottom,lbx009v10_b,Landmarked_LBX/marked_tiff/Bottom/LBX009V10_B_MARK.tif,Landmarked_LBX/txt/Bottom/LBX009V10_B.txt,Raw_Images/LBX/LBX009V10_B.tif,LBX,17,17,roi,3840,2160,"[[2544.0, 1039.0], [2342.5, 1040.5], [2285.5, 1038.5], [2222.5, 1030.5], [2154.5, 1024.5], [2334.166748046875, 1104.5833740234375], [2314.166748046875, 1089.5], [2258.5, 1084.5], [2199.166748046875, 1092.8333740234375], [2229.166748046875, 1105.5], [2283.166748046875, 1107.5], [2334.166748046875, 1103.25], [2456.5, 1145.5], [2308.5, 1147.5], [2253.5, 1153.5], [2183.5, 1158.5], [2113.5, 1158.5]]",
LBX,Bottom,lbx009v15_b,Landmarked_LBX/marked_tiff/Bottom/LBX009V15_B_MARK.tif,Landmarked_LBX/txt/Bottom/LBX009V15_B.txt,Raw_Images/LBX/LBX009V15_B.tif,LBX,17,17,roi,3840,2160,"[[2553.0, 1028.0], [2373.5, 1026.5], [2314.5, 1018.5], [2264.5, 1016.5], [2190.5, 1011.5], [2371.166748046875, 1078.5], [2352.833251953125, 1067.1666259765625], [2292.5, 1064.1666259765625], [2235.166748046875, 1076.1666259765625], [2289.166748046875, 1081.5], [2347.833251953125, 1080.8333740234375], [2371.125, 1078.8125], [2483.75, 1112.0], [2368.0, 1121.25], [2317.0, 1124.75], [2260.75, 1130.5], [2196.5, 1138.0]]",
LBX,Bottom,lbx009v17_b,Landmarked_LBX/marked_tiff/Bottom/LBX009V17_B_MARK.tif,Landmarked_LBX/txt/Bottom/LBX009V17_B.txt,Raw_Images/LBX/LBX009V17_B.tif,LBX,17,17,roi,3840,2160,"[[2606.0, 1018.0], [2395.833251953125, 1020.1666870117188], [2329.166748046875, 1014.1666870117188], [2266.5, 1008.1666870117188], [2195.166748046875, 1000.8333129882812], [2390.25, 1071.0], [2366.75, 1052.5], [2307.5, 1049.25], [2282.0, 1066.0], [2297.5, 1077.75], [2364.5, 1077.0], [2390.25, 1071.2083740234375], [2531.5, 1113.5], [2385.5, 1112.0], [2327.5, 1119.5], [2271.5, 1126.5], [2198.0, 1136.0]]",
LBX,Bottom,lbx009v21_b,Landmarked_LBX/marked_tiff/Bottom/LBX009V21_B_MARK.tif,Landmarked_LBX/txt/Bottom/LBX009V21_B.txt,Raw_Images/LBX/LBX009V21_B.tif,LBX,17,17,roi,3840,2160,"[[2577.0, 1030.0], [2361.833251953125, 1028.1666259765625], [2301.166748046875, 1025.5], [2241.833251953125, 1022.1666870117188], [2173.5, 1012.5], [2344.5, 1086.1666259765625], [2324.833251953125, 1071.5], [2259.5, 1069.5], [2218.0, 1085.5], [2256.5, 1091.0], [2316.5, 1092.5], [2344.833251953125, 1086.6666259765625], [2494.166748046875, 1102.5], [2347.5, 1125.1666259765625], [2298.833251953125, 1133.1666259765625], [2242.166748046875, 1145.8333740234375], [2174.166748046875, 1152.5]]",
LBX,Bottom,lbx009v22_b,Landmarked_LBX/marked_tiff/Bottom/LBX009V22_B_MARK.tif,Landmarked_LBX/txt/Bottom/LBX009V22_B.txt,Raw_Images/LBX/LBX009V22_B.tif,LBX,17,17,roi,3840,2160,"[[2561.0, 1033.0], [2371.833251953125, 1029.8333740234375], [2307.833251953125, 1025.8333740234375], [2245.166748046875, 1023.1666870117188], [2177.166748046875, 1020.5], [2353.25, 1083.75], [2328.75, 1072.75], [2272.0, 1066.25], [2224.0, 1080.0], [2276.5, 1095.5], [2329.5, 1092.5], [2353.3125, 1083.875], [2476.833251953125, 1124.5], [2354.166748046875, 1129.8333740234375], [2309.5, 1137.8333740234375], [2242.166748046875, 1145.1666259765625], [2180.166748046875, 1153.1666259765625]]",
LBX,Bottom,lbx009v23_b,Landmarked_LBX/marked_tiff/Bottom/LBX009V23_B_MARK.tif,Landmarked_LBX/txt/Bottom/LBX009V23_B.txt,Raw_Images/LBX/LBX009V23_B.tif,LBX,17,17,roi,3840,2160,"[[2562.0, 988.5], [2364.5, 1000.5], [2311.5, 999.5], [2247.5, 995.5], [2187.5, 993.5], [2372.5, 1054.0], [2335.5, 1045.0], [2287.5, 1045.0], [2243.0, 1059.0], [2283.5, 1064.0], [2338.0, 1061.5], [2372.5, 1054.15625], [2479.0, 1069.5], [2363.0, 1095.0], [2310.5, 1108.5], [2263.5, 1119.5], [2194.5, 1128.0]]",
LBX,Bottom,lbx009v27_b,Landmarked_LBX/marked_tiff/Bottom/LBX009V27_B_MARK.tif,Landmarked_LBX/txt/Bottom/LBX009V27_B.txt,Raw_Images/LBX/LBX009V27_B.tif,LBX,17,17,roi,3840,2160,"[[2524.0, 1013.0], [2342.5, 1008.5], [2297.5, 1004.5], [2238.0, 999.5], [2175.5, 995.0], [2344.0, 1060.0], [2326.166748046875, 1049.1666259765625], [2277.833251953125, 1050.1666259765625], [2243.833251953125, 1061.1666259765625], [2284.5, 1073.1666259765625], [2333.166748046875, 1075.8333740234375], [2344.5, 1062.5], [2449.0, 1117.5], [2343.0, 1114.25], [2294.75, 1117.75], [2242.25, 1124.0], [2191.75, 1135.25]]",
LBX,Bottom,lbx010v01_b,Landmarked_LBX/marked_tiff/Bottom/LBX010V01_B_MARK.tif,Landmarked_LBX/txt/Bottom/LBX010V01_B.txt,Raw_Images/LBX/LBX010V01_B.tif,LBX,17,17,roi,3840,2160,"[[2574.0, 1021.0], [2342.166748046875, 1020.8333129882812], [2284.166748046875, 1014.1666870117188], [2227.5, 1012.8333129882812], [2161.5, 1000.1666870117188], [2346.833251953125, 1081.5], [2315.5, 1064.8333740234375], [2250.833251953125, 1060.8333740234375], [2195.5, 1077.5], [2260.166748046875, 1089.5], [2314.166748046875, 1086.8333740234375], [2346.833251953125, 1081.75], [2505.5, 1136.0], [2341.0, 1132.0], [2290.5, 1137.5], [2229.5, 1144.0], [2168.0, 1148.5]]",
LBX,Bottom,lbx010v02_b,Landmarked_LBX/marked_tiff/Bottom/LBX010V02_B_MARK.tif,Landmarked_LBX/txt/Bottom/LBX010V02_B.txt,Raw_Images/LBX/LBX010V02_B.tif,LBX,17,17,roi,3840,2160,"[[2581.0, 1022.5], [2375.5, 1028.5], [2307.5, 1027.5], [2245.5, 1020.5], [2176.5, 1013.5], [2353.333251953125, 1085.0], [2334.0, 1074.5], [2272.0, 1073.0], [2208.0, 1084.5], [2278.5, 1094.5], [2332.5, 1090.0], [2353.416748046875, 1085.5833740234375], [2511.5, 1126.5], [2362.5, 1140.5], [2304.5, 1145.5], [2248.5, 1154.5], [2185.5, 1163.5]]",
LBX,Bottom,lbx010v03_b,Landmarked_LBX/marked_tiff/Bottom/LBX010V03_B_MARK.tif,Landmarked_LBX/txt/Bottom/LBX010V03_B.txt,Raw_Images/LBX/LBX010V03_B.tif,LBX,17,17,roi,3840,2160,"[[2556.0, 1022.5], [2358.5, 1016.5], [2300.5, 1012.5], [2241.5, 1000.0], [2179.0, 997.5], [2356.5, 1070.9375], [2333.0, 1063.5], [2278.5, 1064.5], [2250.0, 1070.0], [2283.5, 1074.5], [2329.75, 1074.25], [2356.5, 1071.1875], [2482.833251953125, 1104.8333740234375], [2351.5, 1118.1666259765625], [2300.166748046875, 1129.5], [2248.5, 1138.1666259765625], [2190.833251953125, 1145.1666259765625]]",
LBX,Bottom,lbx010v04_b,Landmarked_LBX/marked_tiff/Bottom/LBX010V04_B_MARK.tif,Landmarked_LBX/txt/Bottom/LBX010V04_B.txt,Raw_Images/LBX/LBX010V04_B.tif,LBX,17,17,roi,3840,2160,"[[2569.0, 1024.0], [2368.5, 1020.5], [2310.5, 1015.5], [2246.5, 1007.5], [2180.5, 1001.5], [2348.5, 1079.8333740234375], [2337.5, 1063.8333740234375], [2284.166748046875, 1061.5], [2233.0, 1077.5], [2284.5, 1093.5], [2336.5, 1094.0], [2348.5, 1080.03125], [2487.833251953125, 1107.5], [2351.833251953125, 1119.5], [2305.833251953125, 1130.8333740234375], [2244.5, 1139.5], [2187.166748046875, 1146.8333740234375]]",
LBX,Bottom,lbx010v06_b,Landmarked_LBX/marked_tiff/Bottom/LBX010V06_B_MARK.tif,Landmarked_LBX/txt/Bottom/LBX010V06_B.txt,Raw_Images/LBX/LBX010V06_B.tif,LBX,17,17,roi,3840,2160,"[[2599.0, 1027.0], [2362.5, 1024.5], [2296.0, 1017.0], [2247.0, 1010.0], [2179.5, 1005.5], [2335.5, 1085.5], [2306.0, 1072.0], [2255.0, 1067.5], [2209.5, 1080.0], [2257.0, 1093.0], [2312.0, 1091.5], [2335.625, 1086.0], [2522.0, 1130.5], [2361.0, 1130.5], [2307.0, 1140.0], [2247.5, 1146.5], [2180.5, 1154.5]]",
LBX,Bottom,lbx010v07_b,Landmarked_LBX/marked_tiff/Bottom/LBX010V07_B_MARK.tif,Landmarked_LBX/txt/Bottom/LBX010V07_B.txt,Raw_Images/LBX/LBX010V07_B.tif,LBX,17,17,roi,3840,2160,"[[2582.0, 1015.0], [2362.0, 1011.0], [2295.0, 1006.5], [2234.0, 1004.5], [2163.5, 997.0], [2346.0, 1069.5], [2306.5, 1056.25], [2247.0, 1049.75], [2315.75, 1068.0], [2253.0, 1082.0], [2303.5, 1083.5], [2346.0, 1074.875], [2515.5, 1111.5], [2361.5, 1117.5], [2305.0, 1124.5], [2253.0, 1132.0], [2185.0, 1139.0]]",
LBX,Bottom,lbx010v09_b,Landmarked_LBX/marked_tiff/Bottom/LBX010V09_B_MARK.tif,Landmarked_LBX/txt/Bottom/LBX010V09_B.txt,Raw_Images/LBX/LBX010V09_B.tif,LBX,17,17,roi,3840,2160,"[[2592.0, 1022.0], [2368.833251953125, 1009.5], [2310.833251953125, 1004.8333129882812], [2255.5, 995.5], [2191.5, 988.8333129882812], [2351.75, 1072.0], [2329.5, 1052.5], [2273.0, 1050.25], [2216.5, 1071.8333740234375], [2265.5, 1079.8333740234375], [2326.5, 1081.1666259765625], [2351.75, 1073.0], [2516.5, 1100.8333740234375], [2361.833251953125, 1116.1666259765625], [2307.166748046875, 1128.8333740234375], [2254.5, 1140.1666259765625], [2189.166748046875, 1149.5]]",
LBX,Bottom,lbx010v12_b,Landmarked_LBX/marked_tiff/Bottom/LBX010V12_B_MARK.tif,Landmarked_LBX/txt/Bottom/LBX010V12_B.txt,Raw_Images/LBX/LBX010V12_B.tif,LBX,17,17,roi,3840,2160,"[[2614.0, 1022.0], [2376.166748046875, 1020.8333129882812], [2314.833251953125, 1014.8333129882812], [2259.5, 1010.8333129882812], [2182.833251953125, 999.5], [2343.0, 1081.125], [2330.166748046875, 1064.8333740234375], [2278.166748046875, 1058.8333740234375], [2189.5, 1073.5], [2272.833251953125, 1088.8333740234375], [2329.5, 1087.5], [2343.0, 1083.375], [2536.5, 1141.5], [2392.5, 1143.5], [2334.5, 1149.5], [2269.5, 1155.5], [2198.5, 1154.5]]",
LBX,Bottom,lbx010v16_b,Landmarked_LBX/marked_tiff/Bottom/LBX010V16_B_MARK.tif,Landmarked_LBX/txt/Bottom/LBX010V16_B.txt,Raw_Images/LBX/LBX010V16_B.tif,LBX,17,17,roi,3840,2160,"[[2604.0, 1030.0], [2384.5, 1026.5], [2327.5, 1023.5], [2265.5, 1020.5], [2191.5, 1010.5], [2382.375, 1094.25], [2350.0, 1084.0], [2284.0, 1080.5], [2207.0, 1093.0], [2284.0, 1098.5], [2341.5, 1100.0], [2382.375, 1095.0], [2519.833251953125, 1128.8333740234375], [2378.5, 1136.8333740234375], [2319.166748046875, 1146.1666259765625], [2261.833251953125, 1157.5], [2190.5, 1161.5]]",
LBX,Bottom,lbx010v17_b,Landmarked_LBX/marked_tiff/Bottom/LBX010V17_B_MARK.tif,Landmarked_LBX/txt/Bottom/LBX010V17_B.txt,Raw_Images/LBX/LBX010V17_B.tif,LBX,17,17,roi,3840,2160,"[[2594.0, 1029.0], [2371.5, 1023.5], [2310.166748046875, 1020.8333129882812], [2242.5, 1016.1666870117188], [2176.5, 1009.5], [2359.833251953125, 1084.5], [2326.833251953125, 1073.1666259765625], [2264.833251953125, 1065.1666259765625], [2203.0, 1081.5], [2259.0, 1092.5], [2317.5, 1092.0], [2360.0, 1093.0], [2517.0, 1121.0], [2346.5, 1133.0], [2296.5, 1137.5], [2239.0, 1147.5], [2173.0, 1155.5]]",
LBX,Bottom,lbx010v18_b,Landmarked_LBX/marked_tiff/Bottom/LBX010V18_B_MARK.tif,Landmarked_LBX/txt/Bottom/LBX010V18_B.txt,Raw_Images/LBX/LBX010V18_B.tif,LBX,17,17,roi,3840,2160,"[[2596.5, 1031.5], [2367.0, 1018.5], [2306.833251953125, 1012.5], [2247.5, 1002.5], [2176.166748046875, 993.8333129882812], [2364.5, 1065.5], [2323.166748046875, 1054.8333740234375], [2256.833251953125, 1052.8333740234375], [2337.0, 1068.0], [2261.833251953125, 1075.5], [2320.5, 1080.5], [2365.5, 1075.75], [2508.75, 1121.5], [2361.5, 1120.1666259765625], [2300.166748046875, 1126.8333740234375], [2247.5, 1133.0], [2175.0, 1144.5]]",
LBX,Bottom,lbx010v22_b,Landmarked_LBX/marked_tiff/Bottom/LBX010V22_B_MARK.tif,Landmarked_LBX/txt/Bottom/LBX010V22_B.txt,Raw_Images/LBX/LBX010V22_B.tif,LBX,17,17,roi,3840,2160,"[[2628.0, 1028.0], [2386.5, 1023.5], [2315.5, 1018.5], [2255.5, 1013.5], [2186.5, 1004.5], [2371.5, 1078.5], [2332.166748046875, 1070.1666259765625], [2268.5, 1069.5], [2208.5, 1079.75], [2281.0, 1090.5], [2341.0, 1090.5], [2371.5, 1079.1666259765625], [2549.5, 1140.5], [2369.5, 1134.5], [2321.5, 1140.5], [2259.5, 1144.5], [2186.5, 1152.5]]",
LBX,Bottom,lbx010v24_b,Landmarked_LBX/marked_tiff/Bottom/LBX010V24_B_MARK.tif,Landmarked_LBX/txt/Bottom/LBX010V24_B.txt,Raw_Images/LBX/LBX010V24_B.tif,LBX,17,17,roi,3840,2160,"[[2587.833251953125, 1038.8333740234375], [2377.833251953125, 1029.5], [2315.166748046875, 1026.1666259765625], [2255.833251953125, 1020.1666870117188], [2183.166748046875, 1014.5], [2380.0, 1090.375], [2343.5, 1075.5], [2289.833251953125, 1071.1666259765625], [2241.166748046875, 1085.1666259765625], [2284.166748046875, 1092.5], [2341.833251953125, 1093.8333740234375], [2380.125, 1090.875], [2519.166748046875, 1134.8333740234375], [2368.5, 1135.1666259765625], [2313.166748046875, 1144.1666259765625], [2251.166748046875, 1144.1666259765625], [2189.5, 1154.5]]",
LBX,Bottom,lbx010v26_b,Landmarked_LBX/marked_tiff/Bottom/LBX010V26_B_MARK.tif,Landmarked_LBX/txt/Bottom/LBX010V26_B.txt,Raw_Images/LBX/LBX010V26_B.tif,LBX,17,17,roi,3840,2160,"[[2545.166748046875, 1007.8333129882812], [2366.5, 1015.1666870117188], [2310.5, 1013.8333129882812], [2249.833251953125, 1011.8333129882812], [2183.833251953125, 1005.1666870117188], [2342.5, 1079.5], [2346.25, 1059.0], [2284.25, 1061.75], [2238.166748046875, 1079.1666259765625], [2278.166748046875, 1093.1666259765625], [2331.25, 1086.25], [2342.5, 1082.25], [2473.0, 1099.5], [2351.5, 1116.0], [2301.833251953125, 1129.5], [2251.166748046875, 1140.1666259765625], [2191.833251953125, 1148.1666259765625]]",
LBX,Bottom,lbx010v27_b,Landmarked_LBX/marked_tiff/Bottom/LBX010V27_B_MARK.tif,Landmarked_LBX/txt/Bottom/LBX010V27_B.txt,Raw_Images/LBX/LBX010V27_B.tif,LBX,17,17,roi,3840,2160,"[[2552.0, 1017.0], [2350.5, 1021.5], [2297.5, 1019.5], [2232.0, 1011.5], [2179.0, 1003.5], [2345.166748046875, 1077.1666259765625], [2326.166748046875, 1060.1666259765625], [2270.833251953125, 1060.1666259765625], [2258.5, 1073.8333740234375], [2272.5, 1087.1666259765625], [2328.166748046875, 1086.8333740234375], [2345.166748046875, 1078.0], [2475.5, 1128.5], [2350.0, 1126.0], [2296.0, 1130.5], [2244.5, 1138.0], [2174.5, 1146.0]]",
LBX,Bottom,lbx011v01_b,Landmarked_LBX/marked_tiff/Bottom/LBX011V01_B_ MARK.tif,Landmarked_LBX/txt/Bottom/LBX011V01_B.txt,Raw_Images/LBX/LBX011V01_B.tif,LBX,17,17,roi,3840,2160,"[[2588.0, 1026.0], [2373.833251953125, 1032.8333740234375], [2315.166748046875, 1025.5], [2249.166748046875, 1022.1666870117188], [2182.5, 1016.1666870117188], [2362.833251953125, 1089.1666259765625], [2332.5, 1075.1666259765625], [2279.166748046875, 1070.8333740234375], [2232.5, 1088.1666259765625], [2277.5, 1098.5], [2330.166748046875, 1094.1666259765625], [2362.6875, 1093.0], [2503.5, 1137.8333740234375], [2359.833251953125, 1139.8333740234375], [2310.833251953125, 1146.5], [2245.5, 1152.8333740234375], [2182.5, 1164.1666259765625]]",
LBX,Bottom,lbx011v02_b,Landmarked_LBX/marked_tiff/Bottom/LBX011V02_B_MARK.tif,Landmarked_LBX/txt/Bottom/LBX011V02_B.txt,Raw_Images/LBX/LBX011V02_B.tif,LBX,17,17,roi,3840,2160,"[[2586.0, 1030.0], [2365.5, 1030.5], [2303.5, 1024.5], [2247.5, 1015.8333129882812], [2181.5, 1009.8333129882812], [2349.25, 1087.5], [2320.833251953125, 1080.5], [2270.166748046875, 1075.8333740234375], [2208.166748046875, 1083.1666259765625], [2263.5, 1092.5], [2312.166748046875, 1093.1666259765625], [2349.25, 1089.5], [2508.0, 1135.5], [2356.0, 1143.5], [2307.5, 1150.0], [2241.0, 1156.5], [2178.5, 1161.5]]",
LBX,Bottom,lbx011v03_b,Landmarked_LBX/marked_tiff/Bottom/LBX011V03_B_MARK.tif,Landmarked_LBX/txt/Bottom/LBX011V03_B.txt,Raw_Images/LBX/LBX011V03_B.tif,LBX,17,17,roi,3840,2160,"[[2560.0, 1021.0], [2371.5, 1021.5], [2310.5, 1017.5], [2241.5, 1011.5], [2179.5, 1007.5], [2343.833251953125, 1083.5], [2330.5, 1078.5], [2272.5, 1075.1666259765625], [2214.166748046875, 1081.8333740234375], [2275.166748046875, 1091.1666259765625], [2326.5, 1090.5], [2343.75, 1084.0], [2479.166748046875, 1131.5], [2355.5, 1135.5], [2297.5, 1138.1666259765625], [2244.5, 1149.5], [2184.833251953125, 1156.5]]",
LBX,Bottom,lbx011v04_b,Landmarked_LBX/marked_tiff/Bottom/LBX011V04_B_MARK.tif,Landmarked_LBX/txt/Bottom/LBX011V04_B.txt,Raw_Images/LBX/LBX011V04_B.tif,LBX,17,17,roi,3840,2160,"[[2598.0, 1045.5], [2369.5, 1036.5], [2306.0, 1033.5], [2250.5, 1031.5], [2186.5, 1022.0], [2350.625, 1101.125], [2327.166748046875, 1089.1666259765625], [2266.833251953125, 1086.5], [2214.166748046875, 1098.8333740234375], [2263.5, 1101.1666259765625], [2320.5, 1105.8333740234375], [2350.625, 1101.25], [2530.0, 1135.5], [2362.5, 1145.5], [2312.0, 1152.5], [2252.0, 1165.5], [2196.0, 1169.0]]",
LBX,Bottom,lbx012v01_b,Landmarked_LBX/marked_tiff/Bottom/LBX012V01_B_MARK.tif,Landmarked_LBX/txt/Bottom/LBX012V01_B.txt,Raw_Images/LBX/LBX012V01_B.tif,LBX,17,17,roi,3840,2160,"[[2592.833251953125, 1030.8333740234375], [2382.166748046875, 1036.1666259765625], [2316.166748046875, 1031.5], [2260.166748046875, 1027.5], [2186.833251953125, 1023.5], [2373.5, 1095.0], [2343.5, 1084.8333740234375], [2279.5, 1082.1666259765625], [2197.5, 1094.1666259765625], [2287.166748046875, 1103.1666259765625], [2346.833251953125, 1100.8333740234375], [2373.583251953125, 1096.4166259765625], [2515.833251953125, 1133.8333740234375], [2373.833251953125, 1146.5], [2319.166748046875, 1149.8333740234375], [2263.166748046875, 1157.8333740234375], [2196.5, 1162.5]]",
LBX,Bottom,lbx013v01_b,Landmarked_LBX/marked_tiff/Bottom/LBX013V01_B_MARK.tif,Landmarked_LBX/txt/Bottom/LBX013V01_B.txt,Raw_Images/LBX/LBX013V01_B.tif,LBX,17,17,roi,3840,2160,"[[2526.0, 1040.0], [2350.166748046875, 1043.1666259765625], [2298.166748046875, 1041.1666259765625], [2234.0, 1031.0], [2167.5, 1021.5], [2331.4375, 1091.0625], [2323.0, 1083.0], [2274.0, 1080.5], [2227.5, 1089.5], [2271.5, 1091.5], [2317.0, 1095.5], [2331.4375, 1091.25], [2454.5, 1127.5], [2337.5, 1131.0], [2296.0, 1138.5], [2236.5, 1151.5], [2180.5, 1157.5]]",
LBX,Bottom,lbx013v03_b,Landmarked_LBX/marked_tiff/Bottom/LBX013V03_B_MARK.tif,Landmarked_LBX/txt/Bottom/LBX013V03_B.txt,Raw_Images/LBX/LBX013V03_B.tif,LBX,17,17,roi,3840,2160,"[[2626.0, 973.0], [2404.166748046875, 986.1666870117188], [2330.833251953125, 986.8333129882812], [2261.5, 985.5], [2196.833251953125, 984.1666870117188], [2387.166748046875, 1042.1666259765625], [2364.166748046875, 1025.8333740234375], [2297.166748046875, 1024.5], [2251.833251953125, 1046.8333740234375], [2299.166748046875, 1054.1666259765625], [2354.166748046875, 1050.5], [2387.25, 1043.0833740234375], [2552.5, 1073.0], [2392.0, 1084.0], [2329.5, 1092.0], [2267.0, 1101.5], [2199.0, 1112.0]]",
LBX,Bottom,lbx013v04_b,Landmarked_LBX/marked_tiff/Bottom/LBX013V04_B_MARK.tif,Landmarked_LBX/txt/Bottom/LBX013V04_B.txt,Raw_Images/LBX/LBX013V04_B.tif,LBX,17,17,roi,3840,2160,"[[2589.0, 1044.0], [2389.833251953125, 1037.8333740234375], [2319.833251953125, 1034.5], [2250.5, 1028.5], [2184.5, 1020.5], [2369.75, 1094.0], [2347.0, 1086.25], [2287.25, 1082.0], [2219.5, 1089.8333740234375], [2273.5, 1098.5], [2331.5, 1098.5], [2370.0, 1097.125], [2509.833251953125, 1137.5], [2372.833251953125, 1142.1666259765625], [2310.833251953125, 1145.8333740234375], [2248.166748046875, 1154.5], [2186.0, 1157.0]]",
LBX,Bottom,lbx013v05_b,Landmarked_LBX/marked_tiff/Bottom/LBX013V05_B_MARK.tif,Landmarked_LBX/txt/Bottom/LBX013V05_B.txt,Raw_Images/LBX/LBX013V05_B.tif,LBX,17,17,roi,3840,2160,"[[2563.0, 1046.0], [2366.5, 1036.1666259765625], [2311.833251953125, 1028.8333740234375], [2244.5, 1019.5], [2181.166748046875, 1014.8333129882812], [2359.791748046875, 1091.5], [2331.666748046875, 1081.1666259765625], [2272.833251953125, 1078.8333740234375], [2238.5, 1084.5], [2274.0, 1091.5], [2322.5, 1092.0], [2359.791748046875, 1091.6666259765625], [2483.0, 1122.0], [2347.5, 1131.0], [2303.0, 1139.0], [2243.5, 1148.0], [2186.5, 1159.0]]",
LBX,Bottom,lbx013v07_b,Landmarked_LBX/marked_tiff/Bottom/LBX013V07_B_MARK.tif,Landmarked_LBX/txt/Bottom/LBX013V07_B.txt,Raw_Images/LBX/LBX013V07_B.tif,LBX,17,17,roi,3840,2160,"[[2488.0, 1058.0], [2327.0, 1047.5], [2277.5, 1045.0], [2219.0, 1033.5], [2158.0, 1029.0], [2332.5, 1100.0], [2307.0, 1093.5], [2251.0, 1088.0], [2194.5, 1093.0], [2250.5, 1100.0], [2305.0, 1100.5], [2332.625, 1104.125], [2429.5, 1150.5], [2313.0, 1156.5], [2270.5, 1154.0], [2216.5, 1155.5], [2158.5, 1155.5]]",
LBX,Bottom,lbx013v08_b,Landmarked_LBX/marked_tiff/Bottom/LBX013V08_B_MARK.tif,Landmarked_LBX/txt/Bottom/LBX013V08_B.txt,Raw_Images/LBX/LBX013V08_B.tif,LBX,17,17,roi,3840,2160,"[[2548.833251953125, 1066.5], [2358.5, 1051.5], [2296.5, 1040.5], [2238.5, 1029.5], [2166.5, 1029.5], [2365.9375, 1107.0625], [2333.166748046875, 1098.5], [2273.833251953125, 1090.8333740234375], [2220.833251953125, 1099.8333740234375], [2277.5, 1105.5], [2329.166748046875, 1106.8333740234375], [2365.9375, 1107.25], [2469.0, 1149.0], [2344.5, 1153.5], [2294.5, 1156.5], [2236.0, 1163.5], [2174.0, 1167.5]]",
LBX,Bottom,lbx013v09_b,Landmarked_LBX/marked_tiff/Bottom/LBX013V09_B_MARK.tif,Landmarked_LBX/txt/Bottom/LBX013V09_B.txt,Raw_Images/LBX/LBX013V09_B.tif,LBX,17,17,roi,3840,2160,"[[2509.5, 1020.5], [2276.5, 1022.5], [2209.0, 1020.0], [2151.166748046875, 1018.5], [2088.5, 1007.8333129882812], [2272.5, 1086.5], [2232.0, 1075.5], [2170.0, 1071.0], [2131.0, 1086.5], [2163.5, 1094.5], [2224.5, 1095.5], [2272.5, 1092.875], [2441.833251953125, 1141.5], [2267.166748046875, 1140.8333740234375], [2210.5, 1144.1666259765625], [2156.5, 1148.8333740234375], [2085.833251953125, 1154.1666259765625]]",
LBX,Bottom,lbx013v10_b,Landmarked_LBX/marked_tiff/Bottom/LBX013V10_B_MARK.tif,Landmarked_LBX/txt/Bottom/LBX013V10_B.txt,Raw_Images/LBX/LBX013V10_B.tif,LBX,17,17,roi,3840,2160,"[[2585.0, 1027.0], [2363.5, 1027.1666259765625], [2298.833251953125, 1025.8333740234375], [2244.833251953125, 1021.1666870117188], [2179.5, 1022.5], [2342.333251953125, 1085.3333740234375], [2316.166748046875, 1081.1666259765625], [2252.166748046875, 1077.8333740234375], [2206.166748046875, 1084.5], [2259.5, 1089.1666259765625], [2317.333251953125, 1087.3333740234375], [2342.333251953125, 1085.8333740234375], [2513.833251953125, 1128.1666259765625], [2347.166748046875, 1132.8333740234375], [2301.833251953125, 1138.8333740234375], [2248.5, 1146.8333740234375], [2184.5, 1153.5]]",
LBX,Bottom,lbx013v11_b,Landmarked_LBX/marked_tiff/Bottom/LBX013V11_B_MARK.tif,Landmarked_LBX/txt/Bottom/LBX013V11_B.txt,Raw_Images/LBX/LBX013V11_B.tif,LBX,17,17,roi,3840,2160,"[[2567.0, 1023.0], [2350.833251953125, 1033.1666259765625], [2285.5, 1031.1666259765625], [2231.5, 1025.1666259765625], [2163.5, 1019.1666870117188], [2341.833251953125, 1088.5], [2303.5, 1083.5], [2249.5, 1080.1666259765625], [2210.5, 1088.5], [2252.0, 1095.0], [2305.833251953125, 1097.6666259765625], [2341.0, 1097.6666259765625], [2497.5, 1146.5], [2334.833251953125, 1141.1666259765625], [2286.166748046875, 1144.5], [2233.5, 1153.1666259765625], [2170.833251953125, 1157.8333740234375]]",
LBX,Bottom,lbx013v14_b,Landmarked_LBX/marked_tiff/Bottom/LBX013V14_B_MARK.tif,Landmarked_LBX/txt/Bottom/LBX013V14_B.txt,Raw_Images/LBX/LBX013V14_B.tif,LBX,17,17,roi,3840,2160,"[[2541.0, 1037.0], [2370.5, 1031.8333740234375], [2314.5, 1033.1666259765625], [2255.166748046875, 1027.8333740234375], [2195.833251953125, 1021.8333129882812], [2355.75, 1091.75], [2340.0, 1079.5], [2291.0, 1074.25], [2237.75, 1088.0], [2279.25, 1095.0], [2326.25, 1094.75], [2355.833251953125, 1092.0], [2473.166748046875, 1126.8333740234375], [2360.833251953125, 1129.5], [2315.166748046875, 1141.8333740234375], [2253.833251953125, 1146.8333740234375], [2185.5, 1151.5]]",
LBX,Bottom,lbx013v16_b,Landmarked_LBX/marked_tiff/Bottom/LBX013V16_B_MARK.tif,Landmarked_LBX/txt/Bottom/LBX013V16_B.txt,Raw_Images/LBX/LBX013V16_B.tif,LBX,17,17,roi,3840,2160,"[[2470.0, 1029.0], [2275.5, 1032.5], [2211.166748046875, 1030.8333740234375], [2142.166748046875, 1024.8333740234375], [2082.5, 1019.5], [2256.5, 1083.8333740234375], [2246.5, 1067.8333740234375], [2181.833251953125, 1064.8333740234375], [2125.5, 1081.1666259765625], [2172.166748046875, 1091.1666259765625], [2231.5, 1092.1666259765625], [2256.625, 1084.25], [2399.5, 1113.0], [2261.5, 1124.5], [2207.0, 1129.0], [2149.25, 1138.5], [2088.5, 1146.5]]",
LBX,Bottom,lbx013v18_b,Landmarked_LBX/marked_tiff/Bottom/LBX013V18_B_MARK.tif,Landmarked_LBX/txt/Bottom/LBX013V18_B.txt,Raw_Images/LBX/LBX013V18_B.tif,LBX,17,17,roi,3840,2160,"[[2534.0, 1056.0], [2347.5, 1049.5], [2289.5, 1043.5], [2233.5, 1039.5], [2163.5, 1031.5], [2355.166748046875, 1109.1666259765625], [2320.0, 1097.75], [2267.0, 1094.0], [2246.166748046875, 1101.5], [2259.0, 1109.0], [2315.5, 1113.5], [2355.208251953125, 1109.3333740234375], [2464.25, 1146.0], [2334.75, 1149.5], [2283.0, 1154.5], [2232.75, 1160.75], [2166.0, 1163.0]]",
LBX,Bottom,lbx013v19_b,Landmarked_LBX/marked_tiff/Bottom/LBX013V19_B_MARK.tif,Landmarked_LBX/txt/Bottom/LBX013V19_B.txt,Raw_Images/LBX/LBX013V19_B.tif,LBX,17,17,roi,3840,2160,"[[2461.0, 1020.5], [2246.0, 1021.0], [2190.0, 1017.5], [2136.0, 1012.0], [2065.0, 1005.5], [2221.833251953125, 1075.8333740234375], [2204.5, 1064.8333740234375], [2153.5, 1058.1666259765625], [2115.5, 1068.5], [2154.833251953125, 1082.5], [2206.166748046875, 1082.8333740234375], [2221.84375, 1076.0625], [2384.0, 1122.0], [2238.0, 1119.0], [2195.0, 1126.0], [2138.5, 1132.5], [2077.5, 1141.0]]",
LBX,Bottom,lbx014v01_b,Landmarked_LBX/marked_tiff/Bottom/LBX014V01_B_MARK.tif,Landmarked_LBX/txt/Bottom/LBX014V01_B.txt,Raw_Images/LBX/LBX014V01_B.tif,LBX,17,17,roi,3840,2160,"[[2543.0, 1038.0], [2325.0, 1039.5], [2267.5, 1033.5], [2219.0, 1029.5], [2161.5, 1026.0], [2323.5, 1091.5], [2288.5, 1076.5], [2230.5, 1076.5], [2214.0, 1092.0], [2228.5, 1106.5], [2286.0, 1107.5], [2323.583251953125, 1092.0833740234375], [2470.25, 1114.25], [2322.166748046875, 1136.8333740234375], [2266.5, 1146.5], [2225.5, 1159.5], [2174.5, 1163.5]]",
LBX,Bottom,lbx014v02_b,Landmarked_LBX/marked_tiff/Bottom/LBX014V02_B_MARK.tif,Landmarked_LBX/txt/Bottom/LBX014V02_B.txt,Raw_Images/LBX/LBX014V02_B.tif,LBX,17,17,roi,3840,2160,"[[2585.0, 1032.0], [2386.0, 1032.5], [2323.0, 1033.0], [2267.5, 1024.5], [2199.833251953125, 1023.5], [2382.833251953125, 1090.5], [2351.833251953125, 1075.5], [2301.833251953125, 1073.5], [2271.166748046875, 1088.8333740234375], [2303.833251953125, 1105.5], [2353.166748046875, 1105.5], [2382.833251953125, 1095.8333740234375], [2514.5, 1142.5], [2388.5, 1145.5], [2333.5, 1148.5], [2279.5, 1154.5], [2206.5, 1163.5]]",
LBX,Bottom,lbx016v01_b,Landmarked_LBX/marked_tiff/Bottom/LBX016V01_B_MARK.tif,Landmarked_LBX/txt/Bottom/LBX016V01_B.txt,Raw_Images/LBX/LBX016V01_B.tif,LBX,17,17,roi,3840,2160,"[[2569.0, 1030.0], [2368.166748046875, 1029.5], [2314.833251953125, 1024.8333740234375], [2255.5, 1027.5], [2190.166748046875, 1018.8333129882812], [2379.5, 1091.6666259765625], [2352.833251953125, 1080.8333740234375], [2297.5, 1079.5], [2262.833251953125, 1085.5], [2298.166748046875, 1096.8333740234375], [2343.5, 1094.1666259765625], [2379.5625, 1091.875], [2492.5, 1140.0], [2367.0, 1140.5], [2317.5, 1146.5], [2259.0, 1155.5], [2196.0, 1164.0]]",
LBX,Bottom,lbx016v02_b,Landmarked_LBX/marked_tiff/Bottom/LBX016V02_B_MARK.tif,Landmarked_LBX/txt/Bottom/LBX016V02_B.txt,Raw_Images/LBX/LBX016V02_B.tif,LBX,17,17,roi,3840,2160,"[[2528.5, 1040.5], [2355.75, 1038.75], [2298.0, 1034.0], [2233.0, 1025.0], [2165.0, 1019.0], [2317.916748046875, 1090.8333740234375], [2331.25, 1074.0], [2276.0, 1069.5], [2234.25, 1087.0], [2273.25, 1099.25], [2319.25, 1100.25], [2318.0, 1091.0833740234375], [2452.5, 1115.5], [2337.166748046875, 1126.1666259765625], [2291.5, 1133.8333740234375], [2236.5, 1145.1666259765625], [2177.833251953125, 1154.1666259765625]]",
LBX,Bottom,lbx016v03_b,Landmarked_LBX/marked_tiff/Bottom/LBX016V03_B_MARK.tif,Landmarked_LBX/txt/Bottom/LBX016V03_B.txt,Raw_Images/LBX/LBX016V03_B.tif,LBX,17,17,roi,3840,2160,"[[2559.0, 1028.0], [2353.833251953125, 1026.8333740234375], [2296.833251953125, 1021.8333129882812], [2243.166748046875, 1015.5], [2182.833251953125, 1004.5], [2366.166748046875, 1083.1666259765625], [2327.5, 1064.5], [2268.833251953125, 1064.1666259765625], [2264.166748046875, 1077.8333740234375], [2273.166748046875, 1093.5], [2326.833251953125, 1090.5], [2366.166748046875, 1083.4166259765625], [2481.0, 1118.0], [2346.5, 1124.0], [2297.0, 1136.0], [2243.0, 1143.5], [2188.0, 1159.5]]",
LBX,Bottom,lbx016v04_b,Landmarked_LBX/marked_tiff/Bottom/LBX016V04_B_MARK.tif,Landmarked_LBX/txt/Bottom/LBX016V04_B.txt,Raw_Images/LBX/LBX016V04_B.tif,LBX,17,17,roi,3840,2160,"[[2567.0, 1036.0], [2368.166748046875, 1038.1666259765625], [2310.166748046875, 1035.1666259765625], [2246.5, 1030.1666259765625], [2178.0, 1026.0], [2366.75, 1082.0], [2343.5, 1071.0], [2290.5, 1073.0], [2203.166748046875, 1090.8333740234375], [2285.5, 1104.0], [2337.0, 1102.5], [2367.0, 1092.875], [2481.833251953125, 1125.1666259765625], [2355.166748046875, 1130.5], [2300.5, 1145.8333740234375], [2251.833251953125, 1157.8333740234375], [2192.5, 1163.8333740234375]]",
LBX,Bottom,lbx016v06_b,Landmarked_LBX/marked_tiff/Bottom/LBX016V06_B_MARK.tif,Landmarked_LBX/txt/Bottom/LBX016V06_B.txt,Raw_Images/LBX/LBX016V06_B.tif,LBX,17,17,roi,3840,2160,"[[2547.0, 1055.0], [2334.5, 1047.5], [2267.5, 1036.5], [2222.5, 1029.5], [2161.5, 1026.5], [2337.5, 1097.5], [2297.5, 1087.5], [2243.5, 1080.5], [2219.5, 1091.5], [2249.5, 1103.5], [2293.5, 1104.5], [2337.75, 1098.75], [2479.166748046875, 1130.1666259765625], [2335.833251953125, 1139.5], [2281.166748046875, 1150.1666259765625], [2231.166748046875, 1158.8333740234375], [2174.5, 1174.1666259765625]]",
LBX,Bottom,lbx016v08_b,Landmarked_LBX/marked_tiff/Bottom/LBX016V08_B_MARK.tif,Landmarked_LBX/txt/Bottom/LBX016V08_B.txt,Raw_Images/LBX/LBX016V08_B.tif,LBX,17,17,roi,3840,2160,"[[2465.0, 1033.0], [2328.5, 1036.5], [2282.0, 1033.5], [2225.0, 1024.5], [2161.5, 1016.5], [2327.166748046875, 1082.8333740234375], [2317.833251953125, 1069.1666259765625], [2271.5, 1066.5], [2243.5, 1078.8333740234375], [2270.833251953125, 1090.8333740234375], [2310.833251953125, 1087.8333740234375], [2327.208251953125, 1083.0], [2400.25, 1106.75], [2315.166748046875, 1116.5], [2277.75, 1122.25], [2225.5, 1133.8333740234375], [2164.5, 1144.8333740234375]]",
LBX,Bottom,lbx016v09_b,Landmarked_LBX/marked_tiff/Bottom/LBX016V09_B_MARK.tif,Landmarked_LBX/txt/Bottom/LBX016V09_B.txt,Raw_Images/LBX/LBX016V09_B.tif,LBX,17,17,roi,3840,2160,"[[2602.0, 1020.0], [2385.5, 1021.5], [2317.5, 1022.5], [2250.5, 1012.5], [2183.5, 1006.5], [2368.5, 1085.5], [2332.0, 1076.5], [2268.5, 1074.5], [2239.0, 1084.5], [2265.5, 1090.0], [2325.0, 1092.0], [2368.583251953125, 1085.75], [2535.0, 1111.0], [2373.0, 1126.0], [2319.0, 1135.5], [2260.0, 1148.0], [2191.0, 1152.5]]",
LBX,Bottom,lbx016v10_b,Landmarked_LBX/marked_tiff/Bottom/LBX016V10_B_MARK.tif,Landmarked_LBX/txt/Bottom/LBX016V10_B.txt,Raw_Images/LBX/LBX016V10_B.tif,LBX,17,17,roi,3840,2160,"[[2573.0, 1032.0], [2359.833251953125, 1035.8333740234375], [2296.5, 1027.0], [2246.5, 1023.5], [2179.5, 1015.5], [2340.833251953125, 1091.1666259765625], [2321.166748046875, 1074.5], [2268.833251953125, 1070.5], [2254.166748046875, 1081.8333740234375], [2267.166748046875, 1100.1666259765625], [2322.166748046875, 1100.8333740234375], [2340.8125, 1091.34375], [2487.0, 1138.5], [2343.5, 1134.0], [2289.5, 1138.5], [2245.5, 1148.0], [2182.0, 1157.5]]",
LBX,Bottom,lbx016v11_b,Landmarked_LBX/marked_tiff/Bottom/LBX016V11_B_MARK.tif,Landmarked_LBX/txt/Bottom/LBX016V11_B.txt,Raw_Images/LBX/LBX016V11_B.tif,LBX,17,17,roi,3840,2160,"[[2561.0, 1060.0], [2371.5, 1033.1666259765625], [2310.833251953125, 1020.5], [2253.5, 1013.8333129882812], [2202.833251953125, 1010.5], [2376.166748046875, 1086.0833740234375], [2339.25, 1075.25], [2283.75, 1066.5], [2288.75, 1077.25], [2294.5, 1092.5], [2340.5, 1089.5], [2376.5, 1089.0], [2482.5, 1111.0], [2363.833251953125, 1129.5], [2319.833251953125, 1140.8333740234375], [2266.5, 1146.8333740234375], [2199.833251953125, 1156.1666259765625]]",
LBX,Bottom,rx013xinv7-1-v17_b,Landmarked_LBX/marked_tiff/Bottom/RX013xINV7-1-V17_B_MARK.tif,Landmarked_LBX/txt/Bottom/RX013xINV7-1-V17_B.txt,Raw_Images/LBX/RX013xINV7-1-V17_B.tif,LBX,17,17,roi,3840,2160,"[[2501.0, 1078.0], [2287.5, 1069.0], [2225.25, 1066.25], [2171.75, 1053.75], [2111.5, 1041.5], [2258.0, 1119.125], [2201.25, 1094.5], [2136.25, 1098.25], [2204.75, 1114.25], [2128.75, 1120.0], [2196.25, 1122.75], [2258.083251953125, 1120.125], [2412.0, 1153.5], [2271.5, 1157.0], [2215.5, 1162.0], [2163.5, 1172.5], [2099.5, 1177.0]]",
LBX,Bottom,rx013xinv7-1-v18_b,Landmarked_LBX/marked_tiff/Bottom/RX013xINV7-1-V18_B_MARK.tif,Landmarked_LBX/txt/Bottom/RX013xINV7-1-V18_B.txt,Raw_Images/LBX/RX013xINV7-1-V18_B.tif,LBX,17,17,roi,3840,2160,"[[2495.0, 1067.0], [2299.166748046875, 1069.1666259765625], [2237.833251953125, 1063.1666259765625], [2175.833251953125, 1055.8333740234375], [2112.5, 1047.8333740234375], [2295.125, 1134.5], [2267.166748046875, 1116.5], [2214.5, 1114.5], [2261.666748046875, 1135.0], [2213.333251953125, 1139.1666259765625], [2258.5, 1143.6666259765625], [2295.25, 1144.125], [2409.833251953125, 1196.5], [2277.0, 1188.5], [2232.25, 1193.25], [2169.5, 1190.8333740234375], [2108.833251953125, 1195.5]]",
LBX,Bottom,rx013xinv7-1-v22_b,Landmarked_LBX/marked_tiff/Bottom/RX013xINV7-1-V22_B_MARK.tif,Landmarked_LBX/txt/Bottom/RX013xINV7-1-V22_B.txt,Raw_Images/LBX/RX013xINV7-1-V22_B.tif,LBX,17,17,roi,3840,2160,"[[2491.75, 1020.5], [2333.0, 1006.5], [2275.0, 999.5], [2208.0, 992.0], [2141.5, 982.5], [2372.5, 1052.0], [2308.5, 1035.5], [2253.833251953125, 1031.8333740234375], [2322.333251953125, 1055.1666259765625], [2253.166748046875, 1065.5], [2298.5, 1064.5], [2373.25, 1069.75], [2456.0, 1103.25], [2319.0, 1094.0], [2265.0, 1098.5], [2208.25, 1107.25], [2134.5, 1106.5]]",
LBX,Bottom,rx013xinv7-1-v23_b,Landmarked_LBX/marked_tiff/Bottom/RX013xINV7-1-V23_B_MARK.tif,Landmarked_LBX/txt/Bottom/RX013xINV7-1-V23_B.txt,Raw_Images/LBX/RX013xINV7-1-V23_B.tif,LBX,17,17,roi,3840,2160,"[[2531.5, 1035.0], [2331.833251953125, 1038.5], [2273.166748046875, 1031.8333740234375], [2215.166748046875, 1025.1666259765625], [2151.75, 1018.5], [2348.166748046875, 1088.5], [2247.5, 1069.5], [2301.5, 1071.5], [2325.375, 1091.0], [2246.0, 1095.0], [2297.0, 1097.5], [2348.25, 1094.25], [2455.833251953125, 1125.8333740234375], [2312.166748046875, 1125.8333740234375], [2263.166748046875, 1131.5], [2208.833251953125, 1143.1666259765625], [2146.166748046875, 1144.5]]",
LBX,Bottom,rx013xinv7-1-v24_b,Landmarked_LBX/marked_tiff/Bottom/RX013xINV7-1-V24_B_MARK.tif,Landmarked_LBX/txt/Bottom/RX013xINV7-1-V24_B.txt,Raw_Images/LBX/RX013xINV7-1-V24_B.tif,LBX,17,17,roi,3840,2160,"[[2599.0, 1026.0], [2367.166748046875, 1028.8333740234375], [2309.833251953125, 1023.8333129882812], [2245.5, 1011.5], [2179.5, 1009.5], [2349.5, 1088.0], [2332.5, 1075.5], [2275.5, 1072.5], [2264.166748046875, 1083.8333740234375], [2272.5, 1095.5], [2322.0, 1098.0], [2349.583251953125, 1090.5833740234375], [2522.5, 1142.1666259765625], [2366.166748046875, 1143.1666259765625], [2307.833251953125, 1150.8333740234375], [2252.833251953125, 1160.5], [2190.166748046875, 1164.8333740234375]]",
LBX,Bottom,rx013xinv7-1-v26_b,Landmarked_LBX/marked_tiff/Bottom/RX013xINV7-1-V26_B_MARK.tif,Landmarked_LBX/txt/Bottom/RX013xINV7-1-V26_B.txt,Raw_Images/LBX/RX013xINV7-1-V26_B.tif,LBX,17,17,roi,3840,2160,"[[2575.166748046875, 1037.5], [2380.0, 1027.5], [2302.5, 1028.5], [2240.5, 1018.5], [2175.166748046875, 1014.8333129882812], [2346.166748046875, 1084.5], [2322.5, 1082.5], [2270.166748046875, 1075.1666259765625], [2222.75, 1085.75], [2283.25, 1096.5], [2332.75, 1099.25], [2346.333251953125, 1091.1666259765625], [2503.0, 1158.5], [2364.5, 1150.5], [2303.0, 1150.0], [2250.0, 1156.5], [2183.0, 1160.0]]",
LBX,Bottom,rx013xinv7-1-v27_b,Landmarked_LBX/marked_tiff/Bottom/RX013xINV7-1-V27_B_MARK.tif,Landmarked_LBX/txt/Bottom/RX013xINV7-1-V27_B.txt,Raw_Images/LBX/RX013xINV7-1-V27_B.tif,LBX,17,17,roi,3840,2160,"[[2458.0, 981.0], [2247.0, 984.0], [2189.25, 984.0], [2130.0, 971.25], [2067.0, 962.5], [2262.625, 1037.625], [2217.0, 1026.5], [2167.5, 1025.0], [2238.0, 1040.5], [2165.833251953125, 1047.5], [2213.5, 1051.1666259765625], [2262.625, 1046.625], [2387.5, 1093.5], [2239.5, 1083.5], [2185.833251953125, 1087.8333740234375], [2122.5, 1098.0], [2058.0, 1095.0]]",
LBX,Bottom,rx013xinv7-1-v28_b,Landmarked_LBX/marked_tiff/Bottom/RX013xINV7-1-V28_B_MARK.tif,Landmarked_LBX/txt/Bottom/RX013xINV7-1-V28_B.txt,Raw_Images/LBX/RX013xINV7-1-V28_B.tif,LBX,17,17,roi,3840,2160,"[[2554.0, 1043.0], [2351.5, 1040.5], [2289.0, 1040.5], [2231.0, 1035.0], [2172.5, 1032.0], [2344.0, 1095.5], [2314.5, 1088.0], [2255.0, 1082.0], [2200.5, 1093.5], [2253.0, 1100.5], [2310.25, 1103.75], [2344.375, 1102.25], [2487.5, 1153.0], [2339.0, 1145.5], [2283.5, 1147.0], [2232.5, 1155.0], [2170.5, 1161.5]]",
LBX,Bottom,rx013xinv7-1-v31_b,Landmarked_LBX/marked_tiff/Bottom/RX013xINV7-1-V31_B_MARK.tif,Landmarked_LBX/txt/Bottom/RX013xINV7-1-V31_B.txt,Raw_Images/LBX/RX013xINV7-1-V31_B.tif,LBX,17,17,roi,3840,2160,"[[2539.5, 1030.0], [2352.5, 1027.0], [2303.0, 1027.5], [2241.166748046875, 1021.5], [2179.833251953125, 1016.8333129882812], [2350.333251953125, 1079.5], [2331.25, 1072.5], [2276.75, 1074.0], [2255.25, 1078.0], [2278.125, 1082.25], [2324.625, 1083.75], [2350.3125, 1079.625], [2462.166748046875, 1107.8333740234375], [2343.5, 1117.8333740234375], [2294.166748046875, 1127.1666259765625], [2240.166748046875, 1137.1666259765625], [2184.166748046875, 1147.1666259765625]]",
LBX,Bottom,rx013xinv7-1-v32_b,Landmarked_LBX/marked_tiff/Bottom/RX013xINV7-1-V32_B_MARK.tif,Landmarked_LBX/txt/Bottom/RX013xINV7-1-V32_B.txt,Raw_Images/LBX/RX013xINV7-1-V32_B.tif,LBX,17,17,roi,3840,2160,"[[2556.0, 1035.0], [2340.166748046875, 1028.6666259765625], [2284.833251953125, 1019.5], [2225.75, 1010.25], [2160.166748046875, 1005.5], [2365.0, 1075.25], [2319.666748046875, 1064.0], [2269.5, 1056.5], [2339.166748046875, 1077.5], [2271.75, 1084.5], [2315.75, 1088.5], [2365.0, 1092.25], [2479.0, 1142.0], [2338.5, 1131.0], [2288.0, 1137.0], [2229.5, 1136.5], [2166.5, 1145.5]]",
LBX,Bottom,rx013xinv7-1-v35_b,Landmarked_LBX/marked_tiff/Bottom/RX013xINV7-1-V35_B_MARK.tif,Landmarked_LBX/txt/Bottom/RX013xINV7-1-V35_B.txt,Raw_Images/LBX/RX013xINV7-1-V35_B.tif,LBX,17,17,roi,3840,2160,"[[2525.0, 990.0], [2300.833251953125, 1000.8333129882812], [2248.833251953125, 996.8333129882812], [2188.833251953125, 990.1666870117188], [2126.166748046875, 984.1666870117188], [2306.5, 1059.0], [2277.5, 1040.0], [2224.5, 1040.5], [2281.0, 1061.5], [2224.5, 1070.5], [2273.5, 1074.0], [2306.5, 1065.0833740234375], [2443.166748046875, 1099.5], [2291.833251953125, 1102.8333740234375], [2244.5, 1111.5], [2189.833251953125, 1119.5], [2131.166748046875, 1123.5]]",
LBX,Bottom,rx013xinv7-1-v36_b,Landmarked_LBX/marked_tiff/Bottom/RX013xINV7-1-V36_B_MARK.tif,Landmarked_LBX/txt/Bottom/RX013xINV7-1-V36_B.txt,Raw_Images/LBX/RX013xINV7-1-V36_B.tif,LBX,17,17,roi,3840,2160,"[[2529.0, 1033.0], [2340.5, 1029.5], [2278.5, 1024.5], [2219.0, 1018.0], [2154.0, 1014.5], [2327.666748046875, 1079.5], [2320.0, 1059.0], [2264.5, 1059.0], [2259.333251953125, 1075.8333740234375], [2262.25, 1087.5], [2311.25, 1091.0], [2327.6875, 1079.75], [2452.0, 1134.0], [2324.5, 1123.1666259765625], [2275.166748046875, 1125.5], [2217.833251953125, 1130.8333740234375], [2158.166748046875, 1137.8333740234375]]",
LBX,Bottom,rx013xinv7-1-v38_b,Landmarked_LBX/marked_tiff/Bottom/RX013xINV7-1-V38_B_MARK.tif,Landmarked_LBX/txt/Bottom/RX013xINV7-1-V38_B.txt,Raw_Images/LBX/RX013xINV7-1-V38_B.tif,LBX,17,17,roi,3840,2160,"[[2454.5, 993.5], [2256.0, 1001.0], [2199.5, 991.0], [2142.0, 984.0], [2069.5, 977.5], [2290.75, 1064.25], [2225.5, 1048.8333740234375], [2163.5, 1048.1666259765625], [2245.5, 1066.8333740234375], [2162.833251953125, 1072.8333740234375], [2220.833251953125, 1078.8333740234375], [2290.833251953125, 1071.6666259765625], [2443.5, 1121.5], [2247.5, 1118.5], [2192.5, 1125.5], [2139.5, 1134.5], [2081.5, 1137.5]]",
LBX,Bottom,rx013xinv7-1-v39_b,Landmarked_LBX/marked_tiff/Bottom/RX013xINV7-1-V39_B_MARK.tif,Landmarked_LBX/txt/Bottom/RX013xINV7-1-V39_B.txt,Raw_Images/LBX/RX013xINV7-1-V39_B.tif,LBX,17,17,roi,3840,2160,"[[2526.0, 1029.0], [2338.166748046875, 1034.1666259765625], [2288.833251953125, 1028.8333740234375], [2226.166748046875, 1022.1666870117188], [2167.5, 1018.8333129882812], [2331.166748046875, 1092.5], [2318.166748046875, 1070.8333740234375], [2263.166748046875, 1070.8333740234375], [2277.5, 1093.8333740234375], [2269.0, 1105.5], [2316.0, 1103.0], [2331.15625, 1092.96875], [2442.5, 1110.0], [2326.5, 1125.5], [2282.5, 1136.1666259765625], [2225.833251953125, 1142.8333740234375], [2164.5, 1145.5]]",
LBX,Left,feb1xpbx012-1-v35_l,Landmarked_LBX/marked_tiff/Left/FEB1xPBX012-1-V35_L_MARK.tif,Landmarked_LBX/txt/Left/FEB1xPBX012-1-V35_L.txt,Raw_Images/LBX/FEB1xPBX012-1-V35_L.tif,LBX,32,32,roi,3840,2160,"[[2417.833251953125, 916.1666870117188], [2452.5, 1121.5], [2361.833251953125, 1192.1666259765625], [2107.5, 1179.5], [1979.5, 1191.5], [1764.5, 1220.5], [1853.5, 1207.5], [1709.5, 1234.5], [1639.5, 1241.5], [1573.5, 1250.5], [1487.5, 1215.5], [1418.5, 1151.1666259765625], [1354.0, 1078.5], [1984.833251953125, 1050.1666259765625], [1911.5, 1107.5], [1853.5, 1096.8333740234375], [1811.5, 1146.1666259765625], [1755.5, 1130.8333740234375], [1734.8333740234375, 1180.8333740234375], [1676.8333740234375, 1146.1666259765625], [1662.1666259765625, 1190.1666259765625], [1610.8333740234375, 1160.1666259765625], [1603.0, 1204.0], [1511.0, 1126.5], [2171.75, 965.0], [2170.5, 893.1666870117188], [1981.5, 987.1666870117188], [1848.0, 1032.5], [1749.0, 1058.0], [1672.5, 1069.0], [1603.5, 1076.5], [1510.0, 1078.0]]",
LBX,Left,feb1xpbx013-1-v12_l,Landmarked_LBX/marked_tiff/Left/FEB1xPBX013-1-V12_L_MARK.tif,Landmarked_LBX/txt/Left/FEB1xPBX013-1-V12_L.txt,Raw_Images/LBX/FEB1xPBX013-1-V12_L.tif,LBX,32,32,roi,3840,2160,"[[2399.5, 992.5], [2429.5, 1175.5], [2296.5, 1263.5], [2074.5, 1231.5], [1937.5, 1239.5], [1820.5, 1257.5], [1725.5, 1269.5], [1667.5, 1275.5], [1597.5, 1284.5], [1530.0, 1285.5], [1455.5, 1255.5], [1394.5, 1202.5], [1328.0, 1132.5], [1955.833251953125, 1103.1666259765625], [1877.833251953125, 1158.5], [1826.5, 1153.1666259765625], [1779.8333740234375, 1197.8333740234375], [1724.5, 1182.5], [1698.5, 1223.8333740234375], [1645.8333740234375, 1195.8333740234375], [1627.8333740234375, 1231.8333740234375], [1586.5, 1205.8333740234375], [1565.8333740234375, 1239.1666259765625], [1512.5, 1179.5], [2127.5, 1014.1666870117188], [2126.166748046875, 947.5], [1955.833251953125, 1029.1666259765625], [1822.8333740234375, 1078.1666259765625], [1721.5, 1101.5], [1641.5, 1111.5], [1583.5, 1118.5], [1512.5, 1123.5]]",
LBX,Left,feb1xpbx013-1-v18_l,Landmarked_LBX/marked_tiff/Left/FEB1xPBX013-1-V18_L_MARK.tif,Landmarked_LBX/txt/Left/FEB1xPBX013-1-V18_L.txt,Raw_Images/LBX/FEB1xPBX013-1-V18_L.tif,LBX,32,32,roi,3840,2160,"[[2459.5, 970.5], [2486.5, 1151.5], [2341.5, 1242.5], [2091.833251953125, 1200.5], [1981.1666259765625, 1208.5], [1866.5, 1228.5], [1770.5, 1241.8333740234375], [1702.5, 1249.8333740234375], [1646.5, 1261.8333740234375], [1558.5, 1271.1666259765625], [1494.0, 1239.5], [1436.5, 1184.5], [1381.8333740234375, 1123.5], [2007.5, 1068.5], [1928.833251953125, 1122.5], [1882.1666259765625, 1119.8333740234375], [1833.5, 1167.8333740234375], [1784.1666259765625, 1154.5], [1753.1666259765625, 1196.8333740234375], [1706.5, 1170.5], [1684.5, 1208.1666259765625], [1634.5, 1181.0], [1614.5, 1207.5], [1561.5, 1155.5], [2189.166748046875, 985.1666870117188], [2189.166748046875, 918.5], [2003.166748046875, 1001.1666870117188], [1879.8333740234375, 1043.8333740234375], [1780.5, 1068.5], [1703.8333740234375, 1081.8333740234375], [1632.5, 1095.8333740234375], [1559.8333740234375, 1104.5]]",
LBX,Left,kmm20-v09_l,Landmarked_LBX/marked_tiff/Left/KMM20-V09_L_MARK.tif,Landmarked_LBX/txt/Left/KMM20-V09_L.txt,Raw_Images/LBX/KMM20-V09_L.tif,LBX,32,32,roi,3840,2160,"[[2464.0, 908.0], [2479.5, 1118.5], [2334.5, 1196.5], [2104.0, 1168.0], [1994.5, 1179.0], [1881.0, 1191.0], [1763.5, 1198.0], [1689.0, 1210.5], [1614.0, 1218.5], [1545.5, 1221.5], [1473.5, 1185.0], [1407.0, 1123.0], [1356.0, 1052.5], [2006.0, 1027.5], [1938.166748046875, 1080.1666259765625], [1876.166748046875, 1076.1666259765625], [1824.1666259765625, 1122.1666259765625], [1771.5, 1107.5], [1739.5, 1150.8333740234375], [1676.8333740234375, 1122.1666259765625], [1662.8333740234375, 1172.1666259765625], [1610.8333740234375, 1128.1666259765625], [1584.1666259765625, 1162.1666259765625], [1538.5, 1107.5], [2192.0, 932.5], [2193.0, 870.0], [2004.0, 964.0], [1874.0, 1006.5], [1770.1666259765625, 1026.8333740234375], [1674.1666259765625, 1038.8333740234375], [1608.5, 1045.5], [1538.5, 1046.0]]",
LBX,Left,kmm20-v10_l,Landmarked_LBX/marked_tiff/Left/KMM20-V10_L_MARK.tif,Landmarked_LBX/txt/Left/KMM20-V10_L.txt,Raw_Images/LBX/KMM20-V10_L.tif,LBX,32,32,roi,3840,2160,"[[2460.0, 914.0], [2484.5, 1102.5], [2357.5, 1201.5], [2070.5, 1179.5], [1980.5, 1180.1666259765625], [1870.5, 1194.1666259765625], [1757.8333740234375, 1202.1666259765625], [1686.5, 1210.8333740234375], [1612.5, 1221.5], [1540.5, 1221.5], [1467.5, 1195.0], [1399.0, 1123.0], [1349.5, 1049.5], [1990.5, 1031.8333740234375], [1926.5, 1083.8333740234375], [1873.166748046875, 1078.1666259765625], [1825.5, 1121.8333740234375], [1772.8333740234375, 1106.5], [1739.5, 1152.1666259765625], [1684.5, 1123.8333740234375], [1660.5, 1162.8333740234375], [1607.8333740234375, 1131.5], [1583.1666259765625, 1152.8333740234375], [1539.1666259765625, 1103.8333740234375], [2186.833251953125, 926.8333129882812], [2184.833251953125, 862.5], [1987.5, 978.5], [1870.0, 1014.0], [1767.8333740234375, 1032.8333740234375], [1677.8333740234375, 1041.8333740234375], [1601.5, 1047.1666259765625], [1538.1666259765625, 1048.1666259765625]]",
LBX,Left,kmm20-v29_l,Landmarked_LBX/marked_tiff/Left/KMM20-V29_L_MARK.tif,Landmarked_LBX/txt/Left/KMM20-V29_L.txt,Raw_Images/LBX/KMM20-V29_L.tif,LBX,32,32,roi,3840,2160,"[[2438.833251953125, 917.1666870117188], [2478.166748046875, 1110.5], [2344.833251953125, 1192.5], [2141.5, 1165.5], [2003.5, 1170.5], [1880.0, 1183.0], [1778.5, 1188.5], [1711.5, 1196.5], [1637.5, 1201.5], [1558.5, 1202.0], [1481.5, 1172.0], [1418.5, 1111.0], [1367.5, 1042.5], [2000.5, 1031.1666259765625], [1933.166748046875, 1079.8333740234375], [1875.1666259765625, 1077.8333740234375], [1833.1666259765625, 1113.1666259765625], [1779.1666259765625, 1101.8333740234375], [1749.8333740234375, 1141.8333740234375], [1691.8333740234375, 1113.1666259765625], [1678.5, 1156.5], [1623.1666259765625, 1121.1666259765625], [1597.1666259765625, 1141.1666259765625], [1552.5, 1094.5], [2173.0, 934.5], [2173.5, 879.5], [2000.5, 966.5], [1875.0, 1007.0], [1777.0, 1024.0], [1688.1666259765625, 1033.1666259765625], [1619.5, 1036.5], [1550.8333740234375, 1039.8333740234375]]",
LBX,Left,kmm5-v11_l,Landmarked_LBX/marked_tiff/Left/KMM5-V11_L_MARK.tif,Landmarked_LBX/txt/Left/KMM5-V11_L.txt,Raw_Images/LBX/KMM5-V11_L.tif,LBX,32,32,roi,3840,2160,"[[2421.5, 912.5], [2464.5, 1106.5], [2335.5, 1185.5], [2105.833251953125, 1157.1666259765625], [1987.8333740234375, 1169.8333740234375], [1866.5, 1181.8333740234375], [1765.1666259765625, 1192.5], [1696.0, 1203.0], [1630.0, 1213.0], [1555.0, 1214.0], [1474.1666259765625, 1173.5], [1392.1666259765625, 1102.5], [1330.8333740234375, 1040.5], [1996.833251953125, 1018.1666870117188], [1917.5, 1080.1666259765625], [1865.5, 1071.5], [1826.1666259765625, 1118.8333740234375], [1768.8333740234375, 1100.8333740234375], [1744.8333740234375, 1144.1666259765625], [1683.5, 1117.5], [1674.8333740234375, 1169.5], [1611.5, 1125.5], [1600.8333740234375, 1172.1666259765625], [1541.5, 1087.5], [2154.166748046875, 916.1666870117188], [2156.833251953125, 872.1666870117188], [1993.75, 953.75], [1861.75, 998.25], [1766.5, 1018.8333129882812], [1682.0, 1030.75], [1609.25, 1037.25], [1540.5, 1040.0]]",
LBX,Left,lbx001v02_l,Landmarked_LBX/marked_tiff/Left/LBX001V02_L_MARK.tif,Landmarked_LBX/txt/Left/LBX001V02_L.txt,Raw_Images/LBX/LBX001V02_L.tif,LBX,32,32,roi,3840,2160,"[[2433.0, 961.0], [2474.833251953125, 1165.8333740234375], [2356.833251953125, 1257.1666259765625], [2124.0, 1230.0], [2003.5, 1236.0], [1890.0, 1245.5], [1789.8333740234375, 1251.8333740234375], [1714.5, 1257.1666259765625], [1647.5, 1271.5], [1577.0, 1271.5], [1497.5, 1234.5], [1437.0, 1174.5], [1381.0, 1110.0], [2000.166748046875, 1083.8333740234375], [1932.166748046875, 1135.6666259765625], [1875.5, 1127.5], [1832.25, 1170.5], [1775.5, 1157.5], [1760.0, 1205.5], [1689.75, 1177.0], [1684.75, 1220.25], [1627.0, 1185.5], [1614.5, 1226.0], [1576.8333740234375, 1154.8333740234375], [2160.166748046875, 983.8333129882812], [2159.5, 948.5], [2000.5, 1035.5], [1874.5, 1073.1666259765625], [1773.8333740234375, 1093.8333740234375], [1686.5, 1105.5], [1624.0, 1111.0], [1574.5, 1115.5]]",
LBX,Left,lbx001v06_l,Landmarked_LBX/marked_tiff/Left/LBX001V06_L_MARK.tif,Landmarked_LBX/txt/Left/LBX001V06_L.txt,Raw_Images/LBX/LBX001V06_L.tif,LBX,32,32,roi,3840,2160,"[[2449.5, 1024.5], [2463.5, 1204.5], [2306.5, 1301.5], [2075.5, 1276.5], [1966.5, 1284.5], [1835.5, 1290.5], [1728.5, 1292.5], [1648.5, 1299.5], [1579.8333740234375, 1303.8333740234375], [1505.5, 1305.5], [1428.5, 1261.5], [1369.5, 1191.5], [1315.5, 1103.5], [1898.5, 1141.5], [1888.5, 1176.0], [1831.5, 1163.5], [1791.0, 1208.0], [1732.0, 1190.5], [1704.5, 1231.0], [1643.5, 1204.5], [1620.5, 1238.5], [1570.5, 1210.5], [1544.5, 1235.5], [1503.5, 1180.5], [2168.5, 1026.5], [2168.5, 995.5], [1895.833251953125, 1079.1666259765625], [1827.5, 1096.5], [1730.5, 1110.0], [1641.0, 1116.0], [1571.8333740234375, 1116.8333740234375], [1503.8333740234375, 1115.5]]",
LBX,Left,lbx001v07_l,Landmarked_LBX/marked_tiff/Left/LBX001V07_L_MARK.tif,Landmarked_LBX/txt/Left/LBX001V07_L.txt,Raw_Images/LBX/LBX001V07_L.tif,LBX,32,32,roi,3840,2160,"[[2503.0, 913.0], [2529.5, 1130.5], [2342.5, 1233.5], [2132.5, 1206.5], [2014.5, 1217.5], [1898.5, 1228.5], [1785.5, 1243.5], [1699.5, 1255.5], [1634.5, 1268.5], [1570.5, 1274.5], [1483.5, 1235.1666259765625], [1414.1666259765625, 1165.8333740234375], [1351.5, 1084.5], [2006.5, 1035.5], [1946.5, 1093.0], [1882.5, 1090.5], [1841.5, 1138.5], [1781.0, 1121.0], [1752.5, 1177.5], [1692.5, 1144.5], [1672.8333740234375, 1194.1666259765625], [1624.8333740234375, 1154.1666259765625], [1601.5, 1192.8333740234375], [1554.8333740234375, 1127.5], [2205.0, 934.0], [2204.5, 880.8333129882812], [2003.166748046875, 983.1666870117188], [1876.833251953125, 1025.8333740234375], [1776.5, 1046.5], [1687.0, 1060.5], [1620.0, 1066.5], [1553.5, 1071.0]]",
LBX,Left,lbx001v08_l,Landmarked_LBX/marked_tiff/Left/LBX001V08_L_MARK.tif,Landmarked_LBX/txt/Left/LBX001V08_L.txt,Raw_Images/LBX/LBX001V08_L.tif,LBX,32,32,roi,3840,2160,"[[2415.5, 955.5], [2457.5, 1164.5], [2331.5, 1257.5], [2059.0, 1218.0], [1949.5, 1230.0], [1826.5, 1243.5], [1709.5, 1256.5], [1638.5, 1265.5], [1568.5, 1279.5], [1499.5, 1280.5], [1420.5, 1232.5], [1345.5, 1168.5], [1281.0, 1096.5], [1952.5, 1075.1666259765625], [1881.166748046875, 1127.1666259765625], [1819.166748046875, 1127.8333740234375], [1773.8333740234375, 1164.5], [1715.8333740234375, 1159.1666259765625], [1687.1666259765625, 1198.5], [1625.8333740234375, 1174.5], [1603.8333740234375, 1213.8333740234375], [1549.8333740234375, 1185.8333740234375], [1534.5, 1221.8333740234375], [1497.0, 1156.5], [2132.833251953125, 980.1666870117188], [2132.833251953125, 918.8333129882812], [1951.5, 1012.8333129882812], [1819.166748046875, 1054.1666259765625], [1716.5, 1074.8333740234375], [1627.1666259765625, 1086.1666259765625], [1548.5, 1092.8333740234375], [1494.0, 1097.0]]",
LBX,Left,lbx001v10_l,Landmarked_LBX/marked_tiff/Left/LBX001V10_L_MARK.tif,Landmarked_LBX/txt/Left/LBX001V10_L.txt,Raw_Images/LBX/LBX001V10_L.tif,LBX,32,32,roi,3840,2160,"[[2374.0, 935.0], [2404.5, 1156.5], [2253.5, 1250.5], [2027.8333740234375, 1233.5], [1891.1666259765625, 1234.1666259765625], [1773.8333740234375, 1245.5], [1677.1666259765625, 1256.8333740234375], [1586.8333740234375, 1263.1666259765625], [1506.8333740234375, 1267.1666259765625], [1447.5, 1265.5], [1372.5, 1215.0], [1312.0, 1144.0], [1257.5, 1074.0], [1906.5, 1066.5], [1822.166748046875, 1123.1666259765625], [1771.5, 1115.1666259765625], [1728.1666259765625, 1162.1666259765625], [1662.1666259765625, 1143.8333740234375], [1639.0, 1189.5], [1572.5, 1162.5], [1552.0, 1198.0], [1503.0, 1168.0], [1481.5, 1192.0], [1451.5, 1136.5], [2090.0, 966.5], [2087.0, 918.0], [1906.166748046875, 1010.8333129882812], [1767.1666259765625, 1052.8333740234375], [1658.75, 1069.5], [1565.5, 1077.5], [1499.0, 1079.5], [1449.3333740234375, 1080.0]]",
LBX,Left,lbx001v12_l,Landmarked_LBX/marked_tiff/Left/LBX001V12_L_MARK.tif,Landmarked_LBX/txt/Left/LBX001V12_L.txt,Raw_Images/LBX/LBX001V12_L.tif,LBX,32,32,roi,3840,2160,"[[2394.0, 964.0], [2422.5, 1173.5], [2271.833251953125, 1248.8333740234375], [2053.833251953125, 1221.5], [1928.5, 1224.1666259765625], [1827.5, 1233.5], [1718.5, 1242.5], [1643.5, 1248.5], [1574.5, 1261.5], [1511.0, 1264.5], [1427.0, 1221.5], [1361.8333740234375, 1155.5], [1297.1666259765625, 1082.8333740234375], [1942.833251953125, 1068.5], [1875.833251953125, 1120.8333740234375], [1818.5, 1110.8333740234375], [1772.5, 1156.8333740234375], [1714.5, 1137.5], [1687.1666259765625, 1184.8333740234375], [1626.5, 1157.5], [1609.1666259765625, 1200.8333740234375], [1554.1666259765625, 1166.8333740234375], [1532.1666259765625, 1199.5], [1494.1666259765625, 1138.8333740234375], [2137.0, 969.0], [2135.5, 919.5], [1939.5, 1010.0], [1819.0, 1045.0], [1714.0, 1065.0], [1625.5, 1074.5], [1548.1666259765625, 1078.5], [1488.8333740234375, 1078.8333740234375]]",
LBX,Left,lbx001v13_l,Landmarked_LBX/marked_tiff/Left/LBX001V13_L_MARK.tif,Landmarked_LBX/txt/Left/LBX001V13_L.txt,Raw_Images/LBX/LBX001V13_L.tif,LBX,32,32,roi,3840,2160,"[[2473.0, 948.0], [2483.5, 1126.1666259765625], [2315.5, 1240.8333740234375], [2099.5, 1210.5], [1974.5, 1214.5], [1857.5, 1219.5], [1760.5, 1223.5], [1689.5, 1233.5], [1621.5, 1242.5], [1551.5, 1248.5], [1476.5, 1207.5], [1411.5, 1134.5], [1352.5, 1062.5], [1988.0, 1042.5], [1919.833251953125, 1093.8333740234375], [1867.833251953125, 1089.1666259765625], [1822.5, 1133.1666259765625], [1773.1666259765625, 1117.1666259765625], [1742.5, 1166.5], [1689.8333740234375, 1134.8333740234375], [1667.1666259765625, 1184.1666259765625], [1620.5, 1145.5], [1591.1666259765625, 1174.8333740234375], [1535.5, 1122.5], [2193.5, 949.8333129882812], [2190.833251953125, 881.8333129882812], [1985.5, 989.0], [1866.5, 1022.5], [1770.8333740234375, 1040.1666259765625], [1685.5, 1050.1666259765625], [1618.1666259765625, 1056.1666259765625], [1534.1666259765625, 1057.5]]",
LBX,Left,lbx001v15_l,Landmarked_LBX/marked_tiff/Left/LBX001V15_L_MARK.tif,Landmarked_LBX/txt/Left/LBX001V15_L.txt,Raw_Images/LBX/LBX001V15_L.tif,LBX,32,32,roi,3840,2160,"[[2408.0, 914.0], [2468.833251953125, 1139.5], [2349.5, 1231.5], [2114.166748046875, 1199.8333740234375], [1995.5, 1205.1666259765625], [1884.8333740234375, 1214.5], [1787.5, 1229.1666259765625], [1699.5, 1232.5], [1627.5, 1242.5], [1572.1666259765625, 1248.5], [1490.8333740234375, 1209.1666259765625], [1416.8333740234375, 1139.1666259765625], [1348.8333740234375, 1065.1666259765625], [1973.5, 1041.5], [1912.5, 1090.5], [1866.5, 1084.5], [1818.5, 1132.5], [1769.5, 1115.5], [1736.5, 1169.5], [1678.5, 1136.5], [1658.5, 1183.5], [1607.5, 1147.5], [1587.5, 1182.5], [1551.5, 1125.5], [2137.5, 931.1666870117188], [2137.5, 891.1666870117188], [1972.0, 978.0], [1864.0, 1014.5], [1766.5, 1037.8333740234375], [1675.1666259765625, 1049.8333740234375], [1609.1666259765625, 1055.8333740234375], [1550.5, 1060.8333740234375]]",
LBX,Left,lbx001v18_l,Landmarked_LBX/marked_tiff/Left/LBX001V18_L_MARK.tif,Landmarked_LBX/txt/Left/LBX001V18_L.txt,Raw_Images/LBX/LBX001V18_L.tif,LBX,32,32,roi,3840,2160,"[[2476.0, 933.0], [2510.166748046875, 1166.1666259765625], [2360.833251953125, 1238.1666259765625], [2121.5, 1215.5], [1994.5, 1221.5], [1889.5, 1235.5], [1786.5, 1249.5], [1713.5, 1254.5], [1642.5, 1263.5], [1574.1666259765625, 1266.8333740234375], [1488.0, 1225.5], [1415.0, 1159.5], [1350.5, 1089.0], [2006.5, 1066.5], [1937.5, 1122.5], [1872.5, 1120.5], [1831.5, 1161.5], [1780.5, 1143.5], [1748.8333740234375, 1191.8333740234375], [1690.5, 1164.0], [1672.5, 1205.0], [1615.0, 1178.0], [1599.0, 1216.0], [1554.5, 1137.5], [2203.833251953125, 970.1666870117188], [2201.166748046875, 914.1666870117188], [2003.166748046875, 1006.8333129882812], [1871.166748046875, 1045.5], [1776.5, 1064.5], [1685.0, 1075.0], [1611.5, 1080.5], [1551.0, 1084.0]]",
LBX,Left,lbx001v27_l,Landmarked_LBX/marked_tiff/Left/LBX001V27_L_MARK.tif,Landmarked_LBX/txt/Left/LBX001V27_L.txt,Raw_Images/LBX/LBX001V27_L.tif,LBX,32,32,roi,3840,2160,"[[2479.5, 983.5], [2482.5, 1211.5], [2337.5, 1283.5], [2124.166748046875, 1250.1666259765625], [1988.8333740234375, 1256.8333740234375], [1874.8333740234375, 1270.8333740234375], [1772.1666259765625, 1280.1666259765625], [1688.5, 1285.8333740234375], [1616.5, 1297.1666259765625], [1543.8333740234375, 1305.1666259765625], [1462.5, 1262.5], [1399.5, 1191.5], [1337.5, 1115.5], [1983.5, 1091.5], [1924.5, 1149.5], [1860.5, 1136.5], [1823.5, 1187.5], [1760.5, 1173.5], [1739.5, 1220.5], [1676.5, 1190.5], [1654.5, 1232.5], [1604.5, 1202.5], [1574.5, 1232.5], [1537.5, 1171.5], [2183.5, 985.5], [2183.5, 935.5], [1982.833251953125, 1029.5], [1857.5, 1071.0], [1756.0, 1091.5], [1674.0, 1101.0], [1597.1666259765625, 1105.8333740234375], [1535.8333740234375, 1109.5]]",
LBX,Left,lbx001v29_l,Landmarked_LBX/marked_tiff/Left/LBX001V29_L_MARK.tif,Landmarked_LBX/txt/Left/LBX001V29_L.txt,Raw_Images/LBX/LBX001V29_L.tif,LBX,32,32,roi,3840,2160,"[[2418.0, 918.0], [2465.5, 1119.5], [2288.5, 1204.8333740234375], [2122.5, 1185.5], [2003.5, 1190.5], [1894.5, 1191.5], [1788.8333740234375, 1205.5], [1711.5, 1213.5], [1640.1666259765625, 1224.8333740234375], [1571.5, 1230.1666259765625], [1498.8333740234375, 1190.8333740234375], [1430.1666259765625, 1120.1666259765625], [1369.5, 1055.5], [1986.166748046875, 1032.8333740234375], [1925.5, 1087.5], [1872.8333740234375, 1078.8333740234375], [1829.5, 1120.1666259765625], [1773.5, 1107.8333740234375], [1742.5, 1146.5], [1686.1666259765625, 1126.8333740234375], [1684.1666259765625, 1176.8333740234375], [1621.5, 1138.5], [1612.0, 1187.5], [1562.5, 1112.5], [2151.833251953125, 937.5], [2151.0, 892.5], [1984.833251953125, 976.5], [1871.8333740234375, 1012.1666870117188], [1772.0, 1033.5], [1683.5, 1043.0], [1620.0, 1047.5], [1560.5, 1050.5]]",
LBX,Left,lbx001v30_l,Landmarked_LBX/marked_tiff/Left/LBX001V30_L_MARK.tif,Landmarked_LBX/txt/Left/LBX001V30_L.txt,Raw_Images/LBX/LBX001V30_L.tif,LBX,32,32,roi,3840,2160,"[[2420.0, 941.0], [2480.833251953125, 1137.1666259765625], [2374.166748046875, 1205.1666259765625], [2136.5, 1172.5], [2009.5, 1174.5], [1892.5, 1184.5], [1789.5, 1198.5], [1720.5, 1202.5], [1664.1666259765625, 1218.5], [1580.0, 1228.5], [1497.0, 1199.0], [1421.0, 1132.5], [1350.0, 1062.0], [1988.833251953125, 1027.8333740234375], [1923.5, 1076.5], [1874.5, 1066.5], [1830.5, 1116.5], [1775.5, 1098.5], [1748.5, 1141.5], [1692.5, 1115.5], [1687.5, 1165.5], [1630.5, 1127.5], [1616.5, 1175.5], [1564.5, 1114.5], [2144.166748046875, 943.8333129882812], [2142.833251953125, 895.1666870117188], [1985.0, 964.0], [1870.166748046875, 1001.1666870117188], [1771.5, 1023.1666870117188], [1686.1666259765625, 1037.1666259765625], [1625.5, 1045.8333740234375], [1560.8333740234375, 1053.1666259765625]]",
LBX,Left,lbx001v31_l,Landmarked_LBX/marked_tiff/Left/LBX001V31_L_MARK.tif,Landmarked_LBX/txt/Left/LBX001V31_L.txt,Raw_Images/LBX/LBX001V31_L.tif,LBX,32,32,roi,3840,2160,"[[2431.0, 1024.0], [2448.5, 1229.5], [2306.5, 1306.5], [2062.5, 1280.5], [1945.5, 1291.5], [1820.5, 1299.5], [1725.0, 1306.5], [1665.0, 1312.0], [1591.0, 1327.5], [1524.5, 1335.5], [1431.0, 1286.0], [1353.0, 1201.5], [1299.5, 1135.5], [1949.5, 1130.5], [1869.5, 1180.8333740234375], [1814.833251953125, 1175.5], [1774.8333740234375, 1224.8333740234375], [1714.5, 1207.0], [1690.8333740234375, 1252.8333740234375], [1629.5, 1223.5], [1614.8333740234375, 1266.1666259765625], [1559.0, 1230.0], [1542.8333740234375, 1259.5], [1501.5, 1202.1666259765625], [2117.5, 1043.5], [2116.166748046875, 992.8333129882812], [1946.5, 1065.0], [1812.0, 1103.5], [1711.1666259765625, 1123.1666259765625], [1627.1666259765625, 1129.5], [1557.1666259765625, 1134.8333740234375], [1498.0, 1137.0]]",
LBX,Left,lbx002v02_l,Landmarked_LBX/marked_tiff/Left/LBX002V02_L_MARK.tif,Landmarked_LBX/txt/Left/LBX002V02_L.txt,Raw_Images/LBX/LBX002V02_L.tif,LBX,32,32,roi,3840,2160,"[[2419.0, 1033.0], [2467.833251953125, 1211.1666259765625], [2363.166748046875, 1284.5], [2093.5, 1265.0], [1953.5, 1268.5], [1833.1666259765625, 1280.8333740234375], [1732.5, 1298.8333740234375], [1663.1666259765625, 1309.5], [1587.5, 1326.8333740234375], [1521.5, 1330.1666259765625], [1432.0, 1289.5], [1357.5, 1219.5], [1293.5, 1143.5], [1952.5, 1122.5], [1878.5, 1184.5], [1821.5, 1171.5], [1784.5, 1221.5], [1725.5, 1202.5], [1707.5, 1255.5], [1638.8333740234375, 1216.5], [1625.1666259765625, 1265.1666259765625], [1568.5, 1228.8333740234375], [1549.5, 1266.5], [1495.5, 1205.5], [2148.5, 1029.5], [2147.5, 967.0], [1951.5, 1047.75], [1817.0, 1093.0], [1720.5, 1114.8333740234375], [1635.0, 1127.5], [1565.0, 1133.5], [1493.0, 1138.5]]",
LBX,Left,lbx002v04_l,Landmarked_LBX/marked_tiff/Left/LBX002V04_L_MARK.tif,Landmarked_LBX/txt/Left/LBX002V04_L.txt,Raw_Images/LBX/LBX002V04_L.tif,LBX,32,32,roi,3840,2160,"[[2440.0, 960.0], [2473.5, 1141.5], [2350.5, 1224.5], [2133.833251953125, 1208.5], [2017.1666259765625, 1213.1666259765625], [1900.5, 1225.8333740234375], [1803.5, 1237.5], [1730.5, 1235.5], [1656.5, 1244.5], [1591.5, 1252.5], [1485.5, 1212.1666259765625], [1412.1666259765625, 1140.8333740234375], [1344.8333740234375, 1056.8333740234375], [2006.5, 1046.5], [1944.5, 1099.5], [1887.5, 1093.5], [1844.5, 1136.5], [1787.5, 1121.5], [1763.5, 1167.5], [1704.5, 1138.5], [1692.5, 1183.5], [1636.5, 1143.5], [1625.5, 1200.5], [1568.8333740234375, 1114.5], [2182.5, 947.5], [2182.5, 903.5], [2003.166748046875, 987.1666870117188], [1883.5, 1023.1666870117188], [1783.5, 1041.8333740234375], [1698.1666259765625, 1052.1666259765625], [1635.5, 1056.5], [1568.1666259765625, 1057.5]]",
LBX,Left,lbx004v01_l,Landmarked_LBX/marked_tiff/Left/LBX004V01_L_MARK.tif,Landmarked_LBX/txt/Left/LBX004V01_L.txt,Raw_Images/LBX/LBX004V01_L.tif,LBX,32,32,roi,3840,2160,"[[2454.0, 927.0], [2524.5, 1147.5], [2403.5, 1215.5], [2152.5, 1189.8333740234375], [2006.5, 1191.8333740234375], [1877.8333740234375, 1201.8333740234375], [1775.5, 1212.5], [1697.0, 1219.0], [1620.5, 1229.0], [1552.0, 1229.5], [1472.8333740234375, 1188.5], [1404.1666259765625, 1124.5], [1338.1666259765625, 1058.5], [1998.166748046875, 1038.1666259765625], [1931.5, 1090.1666259765625], [1874.166748046875, 1080.8333740234375], [1826.1666259765625, 1123.5], [1769.1666259765625, 1107.5], [1739.1666259765625, 1156.1666259765625], [1679.8333740234375, 1126.1666259765625], [1665.8333740234375, 1176.8333740234375], [1604.5, 1134.8333740234375], [1591.1666259765625, 1183.5], [1538.5, 1107.5], [2188.833251953125, 941.5], [2188.833251953125, 887.5], [1995.833251953125, 975.8333129882812], [1871.833251953125, 1012.8333129882812], [1761.5, 1035.5], [1676.0, 1042.0], [1600.0, 1049.5], [1533.5, 1052.0]]",
LBX,Left,lbx005v01_l,Landmarked_LBX/marked_tiff/Left/LBX005V01_L_MARK.tif,Landmarked_LBX/txt/Left/LBX005V01_L.txt,Raw_Images/LBX/LBX005V01_L.tif,LBX,32,32,roi,3840,2160,"[[2480.5, 901.5], [2503.5, 1128.5], [2368.5, 1201.5], [2169.5, 1179.1666259765625], [2019.5, 1189.1666259765625], [1884.8333740234375, 1203.8333740234375], [1774.5, 1210.5], [1699.5, 1216.5], [1620.5, 1227.5], [1556.5, 1234.5], [1469.5, 1193.0], [1398.0, 1125.0], [1327.5, 1050.5], [2005.5, 1025.5], [1942.5, 1079.5], [1878.5, 1073.5], [1827.5, 1126.5], [1769.5, 1110.5], [1746.5, 1160.5], [1684.5, 1124.5], [1670.5, 1182.5], [1602.5, 1135.5], [1581.5, 1169.5], [1534.5, 1102.5], [2210.166748046875, 914.5], [2209.5, 865.8333129882812], [2006.333251953125, 963.6666870117188], [1875.833251953125, 999.1666870117188], [1766.5, 1023.5], [1683.3333740234375, 1032.5], [1599.8333740234375, 1036.5], [1531.3333740234375, 1039.3333740234375]]",
LBX,Left,lbx005v02_l,Landmarked_LBX/marked_tiff/Left/LBX005V02_L_MARK.tif,Landmarked_LBX/txt/Left/LBX005V02_L.txt,Raw_Images/LBX/LBX005V02_L.tif,LBX,32,32,roi,3840,2160,"[[2457.0, 910.0], [2472.5, 1070.5], [2351.5, 1202.5], [2097.166748046875, 1177.8333740234375], [1989.8333740234375, 1189.8333740234375], [1859.8333740234375, 1202.5], [1759.8333740234375, 1211.5], [1688.8333740234375, 1222.5], [1622.1666259765625, 1238.5], [1554.5, 1243.0], [1454.0, 1206.0], [1381.0, 1126.5], [1321.5, 1052.5], [1999.5, 1016.5], [1920.5, 1078.5], [1865.5, 1076.5], [1819.8333740234375, 1116.8333740234375], [1764.5, 1106.5], [1733.5, 1147.5], [1676.8333740234375, 1125.8333740234375], [1664.5, 1174.5], [1602.5, 1136.1666259765625], [1591.8333740234375, 1180.5], [1533.0, 1106.5], [2188.5, 906.5], [2188.0, 853.5], [1999.166748046875, 954.1666870117188], [1862.833251953125, 1003.6666870117188], [1759.5, 1027.1666259765625], [1673.0, 1040.5], [1599.5, 1047.5], [1531.25, 1050.75]]",
LBX,Left,lbx005v03_l,Landmarked_LBX/marked_tiff/Left/LBX005V03_L_MARK.tif,Landmarked_LBX/txt/Left/LBX005V03_L.txt,Raw_Images/LBX/LBX005V03_L.tif,LBX,32,32,roi,3840,2160,"[[2455.0, 880.0], [2483.5, 1114.5], [2335.5, 1213.5], [2127.833251953125, 1185.1666259765625], [1991.1666259765625, 1195.8333740234375], [1861.1666259765625, 1205.1666259765625], [1763.5, 1213.5], [1700.5, 1218.5], [1625.5, 1227.5], [1556.1666259765625, 1234.8333740234375], [1472.1666259765625, 1190.8333740234375], [1399.5, 1123.5], [1333.5, 1043.5], [1998.833251953125, 1028.166748046875], [1924.166748046875, 1080.1666259765625], [1876.166748046875, 1077.5], [1821.5, 1118.8333740234375], [1768.1666259765625, 1104.1666259765625], [1737.5, 1153.5], [1678.8333740234375, 1124.1666259765625], [1660.1666259765625, 1166.8333740234375], [1605.5, 1134.8333740234375], [1588.1666259765625, 1176.1666259765625], [1530.8333740234375, 1105.5], [2193.5, 906.8333129882812], [2194.833251953125, 866.8333129882812], [1997.0, 966.0], [1875.5, 1004.5], [1765.0, 1025.5], [1678.5, 1037.5], [1603.0, 1042.0], [1524.8333740234375, 1044.8333740234375]]",
LBX,Left,lbx005v07_l,Landmarked_LBX/marked_tiff/Left/LBX005V07_L_MARK.tif,Landmarked_LBX/txt/Left/LBX005V07_L.txt,Raw_Images/LBX/LBX005V07_L.tif,LBX,32,32,roi,3840,2160,"[[2445.166748046875, 942.5], [2467.5, 1136.5], [2340.5, 1204.5], [2130.5, 1163.5], [1998.5, 1165.5], [1875.5, 1174.5], [1774.5, 1189.5], [1701.5, 1196.5], [1619.5, 1204.5], [1554.1666259765625, 1215.1666259765625], [1468.1666259765625, 1185.5], [1393.5, 1115.5], [1325.5, 1044.5], [1993.5, 1026.1666259765625], [1928.166748046875, 1078.1666259765625], [1872.166748046875, 1072.1666259765625], [1822.8333740234375, 1109.5], [1768.8333740234375, 1097.5], [1737.5, 1144.1666259765625], [1678.1666259765625, 1119.5], [1667.5, 1164.1666259765625], [1603.5, 1126.0], [1591.5, 1165.0], [1530.1666259765625, 1101.1666259765625], [2187.833251953125, 929.5], [2186.5, 877.5], [1989.0, 953.5], [1869.5, 988.5], [1765.5, 1010.75], [1671.75, 1021.5], [1599.75, 1028.25], [1526.75, 1032.5]]",
LBX,Left,lbx005v09_l,Landmarked_LBX/marked_tiff/Left/LBX005V09_L_MARK.tif,Landmarked_LBX/txt/Left/LBX005V09_L.txt,Raw_Images/LBX/LBX005V09_L.tif,LBX,32,32,roi,3840,2160,"[[2475.0, 887.0], [2490.5, 1090.5], [2344.5, 1200.5], [2114.5, 1174.5], [2002.5, 1170.5], [1882.5, 1183.5], [1778.5, 1187.5], [1694.5, 1191.5], [1624.5, 1201.5], [1554.5, 1212.5], [1472.5, 1176.5], [1397.5, 1098.5], [1341.5, 1031.1666259765625], [2013.5, 1006.5], [1940.5, 1057.5], [1886.5, 1051.5], [1834.5, 1102.5], [1774.5, 1085.5], [1749.5, 1130.5], [1684.5, 1106.0], [1675.5, 1157.5], [1606.5, 1113.0], [1586.5, 1138.0], [1548.5, 1083.0], [2200.833251953125, 906.5], [2198.833251953125, 849.1666870117188], [2012.5, 942.0], [1882.0, 984.25], [1770.25, 1007.75], [1680.5, 1021.0], [1601.5, 1025.1666259765625], [1545.8333740234375, 1027.8333740234375]]",
LBX,Left,lbx005v10_l,Landmarked_LBX/marked_tiff/Left/LBX005V10_L_MARK.tif,Landmarked_LBX/txt/Left/LBX005V10_L.txt,Raw_Images/LBX/LBX005V10_L.tif,LBX,32,32,roi,3840,2160,"[[2454.0, 912.0], [2469.5, 1128.5], [2329.5, 1203.5], [2124.5, 1175.5], [2001.5, 1188.5], [1871.5, 1202.5], [1766.5, 1212.5], [1695.5, 1217.5], [1627.5, 1226.8333740234375], [1559.5, 1236.1666259765625], [1463.8333740234375, 1203.8333740234375], [1390.5, 1139.1666259765625], [1326.0, 1064.5], [1990.5, 1026.5], [1921.5, 1089.5], [1869.5, 1082.5], [1826.5, 1128.5], [1768.5, 1111.5], [1738.5, 1157.5], [1678.5, 1135.5], [1665.5, 1182.5], [1606.5, 1145.5], [1584.5, 1171.5], [1538.5, 1123.8333740234375], [2186.0, 928.0], [2185.0, 869.0], [1989.166748046875, 969.8333129882812], [1866.5, 1011.8333129882812], [1765.5, 1035.1666259765625], [1671.5, 1048.0], [1598.5, 1056.0], [1534.5, 1062.5]]",
LBX,Left,lbx005v11_l,Landmarked_LBX/marked_tiff/Left/LBX005V11_L_MARK.tif,Landmarked_LBX/txt/Left/LBX005V11_L.txt,Raw_Images/LBX/LBX005V11_L.tif,LBX,32,32,roi,3840,2160,"[[2492.833251953125, 897.5], [2505.5, 1102.5], [2384.5, 1169.5], [2129.5, 1149.5], [1985.5, 1161.5], [1865.5, 1173.5], [1755.5, 1182.5], [1690.5, 1188.5], [1620.5, 1198.5], [1557.5, 1206.5], [1468.8333740234375, 1167.1666259765625], [1398.1666259765625, 1095.8333740234375], [1327.5, 1020.5], [2003.0, 1004.5], [1934.5, 1065.0], [1876.0, 1051.5], [1826.5, 1100.5], [1766.5, 1083.0], [1738.5, 1134.5], [1676.8333740234375, 1099.1666259765625], [1662.5, 1150.1666259765625], [1601.1666259765625, 1109.5], [1580.5, 1138.5], [1536.5, 1082.8333740234375], [2214.0, 908.5], [2215.5, 835.5], [1996.5, 941.5], [1871.0, 979.5], [1759.5, 1000.0], [1671.5, 1010.0], [1597.5, 1016.0], [1535.5, 1018.0]]",
LBX,Left,lbx005v12_l,Landmarked_LBX/marked_tiff/Left/LBX005V12_L_MARK.tif,Landmarked_LBX/txt/Left/LBX005V12_L.txt,Raw_Images/LBX/LBX005V12_L.tif,LBX,32,32,roi,3840,2160,"[[2423.5, 925.5], [2485.5, 1083.5], [2370.5, 1179.5], [2130.5, 1158.1666259765625], [1992.5, 1168.8333740234375], [1866.5, 1176.5], [1777.5, 1185.5], [1712.5, 1182.8333740234375], [1635.8333740234375, 1191.5], [1569.8333740234375, 1198.8333740234375], [1481.1666259765625, 1156.1666259765625], [1416.5, 1087.5], [1351.1666259765625, 1004.1666870117188], [2002.166748046875, 1016.8333129882812], [1924.833251953125, 1068.8333740234375], [1868.833251953125, 1062.1666259765625], [1822.8333740234375, 1100.1666259765625], [1766.8333740234375, 1086.8333740234375], [1741.5, 1133.1666259765625], [1681.5, 1101.5], [1669.1666259765625, 1145.1666259765625], [1609.8333740234375, 1102.5], [1588.8333740234375, 1126.1666259765625], [1542.5, 1079.1666259765625], [2091.833251953125, 961.1666870117188], [2091.5, 917.1666870117188], [1999.5, 957.5], [1864.0, 994.5], [1764.0, 1011.0], [1678.5, 1018.0], [1608.5, 1019.1666870117188], [1541.1666259765625, 1016.8333129882812]]",
LBX,Left,lbx005v14_l,Landmarked_LBX/marked_tiff/Left/LBX005V14_L_MARK.tif,Landmarked_LBX/txt/Left/LBX005V14_L.txt,Raw_Images/LBX/LBX005V14_L.tif,LBX,32,32,roi,3840,2160,"[[2439.0, 855.0], [2483.5, 1079.5], [2330.5, 1178.5], [2096.5, 1155.5], [1972.5, 1161.5], [1868.5, 1165.5], [1773.5, 1174.5], [1704.5, 1176.5], [1630.5, 1184.5], [1556.5, 1188.5], [1480.5, 1146.5], [1419.5, 1081.5], [1360.5, 1007.5], [1999.5, 992.1666870117188], [1928.833251953125, 1049.5], [1873.5, 1042.5], [1834.5, 1090.5], [1766.5, 1074.0], [1738.5, 1119.0], [1679.8333740234375, 1089.8333740234375], [1669.5, 1133.0], [1606.5, 1100.1666259765625], [1587.1666259765625, 1130.1666259765625], [1541.5, 1072.5], [2170.166748046875, 891.8333129882812], [2170.166748046875, 852.1666870117188], [1997.5, 935.1666870117188], [1869.75, 973.25], [1763.5, 994.75], [1679.0, 1004.0], [1606.5, 1007.75], [1541.75, 1007.25]]",
LBX,Left,lbx007v01_l,Landmarked_LBX/marked_tiff/Left/LBX007V01_L_MARK.tif,Landmarked_LBX/txt/Left/LBX007V01_L.txt,Raw_Images/LBX/LBX007V01_L.tif,LBX,32,32,roi,3840,2160,"[[2474.0, 884.0], [2498.166748046875, 1126.1666259765625], [2363.5, 1227.5], [2125.5, 1204.5], [1997.5, 1211.5], [1883.5, 1224.5], [1780.8333740234375, 1240.1666259765625], [1708.8333740234375, 1246.8333740234375], [1626.8333740234375, 1260.8333740234375], [1564.1666259765625, 1265.5], [1477.5, 1227.5], [1414.1666259765625, 1159.5], [1348.8333740234375, 1076.1666259765625], [2006.5, 1042.5], [1932.5, 1107.5], [1869.5, 1101.5], [1828.5, 1146.5], [1770.0, 1134.5], [1752.5, 1182.5], [1685.0, 1148.5], [1669.0, 1188.0], [1618.5, 1160.0], [1592.5, 1189.0], [1546.5, 1132.8333740234375], [2187.5, 924.8333129882812], [2186.833251953125, 880.8333129882812], [2004.0, 982.0], [1866.25, 1031.0], [1766.25, 1052.25], [1681.75, 1065.0], [1614.0, 1071.75], [1543.75, 1075.5]]",
LBX,Left,lbx007v02_l,Landmarked_LBX/marked_tiff/Left/LBX007V02_L_MARK.tif,Landmarked_LBX/txt/Left/LBX007V02_L.txt,Raw_Images/LBX/LBX007V02_L.tif,LBX,32,32,roi,3840,2160,"[[2456.0, 894.0], [2482.5, 1111.5], [2307.5, 1225.5], [2130.5, 1198.5], [1984.1666259765625, 1207.8333740234375], [1858.8333740234375, 1222.5], [1756.1666259765625, 1224.5], [1680.1666259765625, 1234.5], [1612.8333740234375, 1243.1666259765625], [1533.5, 1245.1666259765625], [1452.0, 1203.0], [1374.5, 1128.5], [1317.5, 1066.0], [1988.833251953125, 1026.1666259765625], [1919.5, 1084.8333740234375], [1862.166748046875, 1078.1666259765625], [1818.1666259765625, 1127.5], [1760.1666259765625, 1110.1666259765625], [1733.5, 1164.8333740234375], [1665.5, 1130.8333740234375], [1647.5, 1174.8333740234375], [1592.8333740234375, 1139.5], [1572.1666259765625, 1174.8333740234375], [1525.5, 1118.5], [2185.5, 919.5], [2186.166748046875, 870.8333129882812], [1986.833251953125, 970.1666870117188], [1858.5, 1009.0], [1753.5, 1031.5], [1660.0, 1044.5], [1588.5, 1051.0], [1523.0, 1054.5]]",
LBX,Left,lbx007v06_l,Landmarked_LBX/marked_tiff/Left/LBX007V06_L_MARK.tif,Landmarked_LBX/txt/Left/LBX007V06_L.txt,Raw_Images/LBX/LBX007V06_L.tif,LBX,32,32,roi,3840,2160,"[[2412.0, 905.0], [2466.5, 1113.5], [2350.5, 1200.5], [2106.833251953125, 1162.8333740234375], [1988.1666259765625, 1168.1666259765625], [1880.5, 1175.5], [1776.5, 1189.5], [1714.5, 1193.1666259765625], [1643.1666259765625, 1203.1666259765625], [1574.5, 1212.5], [1497.8333740234375, 1178.5], [1427.8333740234375, 1115.8333740234375], [1361.8333740234375, 1046.5], [2008.0, 1027.5], [1912.5, 1071.5], [1855.75, 1069.5], [1818.5, 1117.5], [1766.5, 1098.5], [1743.5, 1143.5], [1690.1666259765625, 1113.5], [1666.8333740234375, 1153.5], [1618.8333740234375, 1125.5], [1605.5, 1164.1666259765625], [1546.8333740234375, 1094.8333740234375], [2165.833251953125, 909.8333129882812], [2161.833251953125, 860.5], [2004.5, 938.0], [1849.0, 999.25], [1755.8333740234375, 1021.5], [1684.5, 1027.5], [1614.1666259765625, 1035.8333740234375], [1544.8333740234375, 1038.8333740234375]]",
LBX,Left,lbx007v08_l,Landmarked_LBX/marked_tiff/Left/LBX007V08_L_MARK.tif,Landmarked_LBX/txt/Left/LBX007V08_L.txt,Raw_Images/LBX/LBX007V08_L.tif,LBX,32,32,roi,3840,2160,"[[2502.0, 924.0], [2522.833251953125, 1081.1666259765625], [2388.166748046875, 1195.8333740234375], [2077.5, 1143.8333740234375], [1959.5, 1153.5], [1853.5, 1165.5], [1755.5, 1174.5], [1676.5, 1178.5], [1599.5, 1189.5], [1541.5, 1191.5], [1462.5, 1147.5], [1400.5, 1081.5], [1336.5, 1011.5], [1998.166748046875, 1014.8333129882812], [1908.166748046875, 1066.1666259765625], [1858.166748046875, 1048.8333740234375], [1818.8333740234375, 1090.1666259765625], [1757.5, 1078.8333740234375], [1733.5, 1128.8333740234375], [1665.5, 1083.5], [1652.8333740234375, 1143.5], [1592.8333740234375, 1100.8333740234375], [1575.5, 1140.8333740234375], [1509.5, 1072.5], [2220.166748046875, 908.5], [2222.166748046875, 847.1666870117188], [1990.0, 945.0], [1853.5, 981.5], [1751.0, 1001.0], [1664.0, 1009.5], [1587.0, 1015.0], [1505.0, 1016.5]]",
LBX,Left,lbx008v01_l,Landmarked_LBX/marked_tiff/Left/LBX008V01_L_MARK.tif,Landmarked_LBX/txt/Left/LBX008V01_L.txt,Raw_Images/LBX/LBX008V01_L.tif,LBX,32,32,roi,3840,2160,"[[2460.0, 932.0], [2485.5, 1139.5], [2371.5, 1208.5], [2149.166748046875, 1188.8333740234375], [2005.8333740234375, 1198.8333740234375], [1885.8333740234375, 1208.8333740234375], [1777.5, 1217.5], [1702.5, 1222.5], [1632.5, 1231.5], [1572.5, 1231.5], [1485.5, 1195.5], [1418.5, 1127.5], [1360.5, 1052.5], [2001.166748046875, 1039.5], [1936.5, 1092.8333740234375], [1881.833251953125, 1080.8333740234375], [1837.8333740234375, 1130.8333740234375], [1779.8333740234375, 1113.5], [1755.1666259765625, 1164.1666259765625], [1691.1666259765625, 1132.8333740234375], [1679.1666259765625, 1184.1666259765625], [1621.1666259765625, 1138.8333740234375], [1599.1666259765625, 1168.8333740234375], [1556.5, 1115.5], [2201.833251953125, 928.8333129882812], [2200.5, 887.1666870117188], [1996.5, 985.0], [1879.0, 1019.5], [1775.5, 1038.0], [1688.0, 1053.0], [1619.0, 1056.0], [1549.5, 1057.5]]",
LBX,Left,lbx008v02_l,Landmarked_LBX/marked_tiff/Left/LBX008V02_L_MARK.tif,Landmarked_LBX/txt/Left/LBX008V02_L.txt,Raw_Images/LBX/LBX008V02_L.tif,LBX,32,32,roi,3840,2160,"[[2412.0, 930.0], [2466.5, 1106.5], [2378.5, 1198.5], [2144.5, 1181.5], [2022.5, 1181.5], [1891.5, 1196.5], [1801.5, 1213.5], [1727.5, 1219.5], [1659.5, 1231.5], [1588.5, 1235.5], [1504.1666259765625, 1199.5], [1433.5, 1134.1666259765625], [1371.5, 1061.5], [2005.166748046875, 1041.5], [1939.166748046875, 1094.8333740234375], [1883.1666259765625, 1091.5], [1843.1666259765625, 1133.5], [1791.1666259765625, 1120.8333740234375], [1769.8333740234375, 1165.5], [1706.5, 1138.1666259765625], [1707.8333740234375, 1190.8333740234375], [1636.5, 1145.0], [1625.0, 1181.5], [1570.0, 1110.0], [2155.166748046875, 948.1666870117188], [2151.833251953125, 906.8333129882812], [2003.166748046875, 979.5], [1878.75, 1019.75], [1783.5, 1043.0], [1698.8333740234375, 1053.1666259765625], [1631.1666259765625, 1058.8333740234375], [1564.5, 1060.1666259765625]]",
LBX,Left,lbx008v04_l,Landmarked_LBX/marked_tiff/Left/LBX008V04_L_MARK.tif,Landmarked_LBX/txt/Left/LBX008V04_L.txt,Raw_Images/LBX/LBX008V04_L.tif,LBX,32,32,roi,3840,2160,"[[2442.5, 897.5], [2482.5, 1113.5], [2346.5, 1213.5], [2104.833251953125, 1190.8333740234375], [2001.5, 1199.5], [1878.8333740234375, 1214.8333740234375], [1780.1666259765625, 1223.5], [1702.1666259765625, 1238.1666259765625], [1637.5, 1249.5], [1574.5, 1254.5], [1496.0, 1216.5], [1428.5, 1154.5], [1369.5, 1081.5], [2009.0, 1040.0], [1930.5, 1093.5], [1876.5, 1091.5], [1833.5, 1134.5], [1780.5, 1122.5], [1755.5, 1175.5], [1697.5, 1142.5], [1683.5, 1196.5], [1631.5, 1149.5], [1605.5, 1186.5], [1564.5, 1127.5], [2188.5, 925.0], [2187.0, 884.0], [2001.0, 984.0], [1868.0, 1029.0], [1772.5, 1050.0], [1688.6666259765625, 1062.8333740234375], [1621.75, 1068.5], [1560.1666259765625, 1073.1666259765625]]",
LBX,Left,lbx008v05_l,Landmarked_LBX/marked_tiff/Left/LBX008V05_L_MARK.tif,Landmarked_LBX/txt/Left/LBX008V05_L.txt,Raw_Images/LBX/LBX008V05_L.tif,LBX,32,32,roi,3840,2160,"[[2409.166748046875, 933.8333129882812], [2442.5, 1113.8333740234375], [2300.5, 1196.5], [2099.833251953125, 1176.8333740234375], [1970.5, 1178.1666259765625], [1857.1666259765625, 1190.1666259765625], [1759.5, 1199.5], [1682.5, 1207.8333740234375], [1603.1666259765625, 1219.1666259765625], [1527.1666259765625, 1223.8333740234375], [1449.8333740234375, 1173.8333740234375], [1384.5, 1105.8333740234375], [1327.8333740234375, 1035.8333740234375], [1969.833251953125, 1028.5], [1897.166748046875, 1088.5], [1842.5, 1081.8333740234375], [1799.1666259765625, 1130.5], [1741.8333740234375, 1108.5], [1717.8333740234375, 1157.8333740234375], [1659.1666259765625, 1124.5], [1646.5, 1169.8333740234375], [1587.1666259765625, 1128.5], [1574.5, 1186.5], [1517.8333740234375, 1103.1666259765625], [2147.0, 936.0], [2145.0, 868.0], [1969.0, 958.5], [1840.5, 1003.0], [1741.5, 1027.5], [1657.0, 1036.5], [1583.0, 1040.0], [1515.0, 1041.5]]",
LBX,Left,lbx008v06_l,Landmarked_LBX/marked_tiff/Left/LBX008V06_L_MARK.tif,Landmarked_LBX/txt/Left/LBX008V06_L.txt,Raw_Images/LBX/LBX008V06_L.tif,LBX,32,32,roi,3840,2160,"[[2483.0, 917.0], [2504.5, 1127.1666259765625], [2327.166748046875, 1207.1666259765625], [2125.5, 1176.5], [1968.1666259765625, 1181.1666259765625], [1863.5, 1191.1666259765625], [1755.5, 1200.5], [1683.5, 1210.5], [1604.5, 1222.5], [1541.8333740234375, 1221.5], [1468.5, 1181.5], [1399.1666259765625, 1111.5], [1332.5, 1041.5], [1997.5, 1030.5], [1923.5, 1080.5], [1861.5, 1078.5], [1818.5, 1127.5], [1760.5, 1107.5], [1731.5, 1164.5], [1669.5, 1124.5], [1658.5, 1180.5], [1600.5, 1129.5], [1573.5, 1152.5], [1535.5, 1106.5], [2193.5, 933.5], [2195.25, 864.0], [1998.5, 967.0], [1860.166748046875, 1008.5], [1759.1666259765625, 1026.8333740234375], [1665.1666259765625, 1032.5], [1596.5, 1037.5], [1534.5, 1039.1666259765625]]",
LBX,Left,lbx008v07_l,Landmarked_LBX/marked_tiff/Left/LBX008V07_L_MARK.tif,Landmarked_LBX/txt/Left/LBX008V07_L.txt,Raw_Images/LBX/LBX008V07_L.tif,LBX,32,32,roi,3840,2160,"[[2431.0, 935.0], [2440.5, 1124.5], [2265.5, 1205.5], [2130.5, 1184.5], [1990.5, 1181.1666259765625], [1883.1666259765625, 1191.1666259765625], [1761.8333740234375, 1205.8333740234375], [1683.8333740234375, 1209.1666259765625], [1616.5, 1223.5], [1532.5, 1226.5], [1458.5, 1183.5], [1398.0, 1123.0], [1339.5, 1058.0], [2001.5, 1026.5], [1929.5, 1078.5], [1861.5, 1074.0], [1825.0, 1123.0], [1768.0, 1105.0], [1740.5, 1153.5], [1673.5, 1123.5], [1662.5, 1175.5], [1613.5, 1133.5], [1589.5, 1168.5], [1512.5, 1106.5], [2182.166748046875, 926.1666870117188], [2182.166748046875, 872.8333129882812], [1996.166748046875, 958.1666870117188], [1857.833251953125, 1004.5], [1761.8333740234375, 1025.5], [1668.8333740234375, 1038.8333740234375], [1606.8333740234375, 1044.1666259765625], [1510.8333740234375, 1049.8333740234375]]",
LBX,Left,lbx008v08_l,Landmarked_LBX/marked_tiff/Left/LBX008V08_L_MARK.tif,Landmarked_LBX/txt/Left/LBX008V08_L.txt,Raw_Images/LBX/LBX008V08_L.tif,LBX,32,32,roi,3840,2160,"[[2471.0, 902.0], [2496.5, 1127.5], [2339.5, 1224.5], [2109.5, 1185.5], [1991.5, 1192.5], [1888.5, 1206.5], [1794.5, 1212.5], [1721.5, 1216.5], [1652.5, 1230.5], [1585.5, 1234.5], [1498.5, 1191.0], [1434.0, 1131.0], [1381.5, 1051.5], [2027.166748046875, 1025.8333740234375], [1951.833251953125, 1078.5], [1895.5, 1075.1666259765625], [1846.8333740234375, 1118.8333740234375], [1790.5, 1104.1666259765625], [1767.1666259765625, 1156.8333740234375], [1705.8333740234375, 1119.5], [1691.1666259765625, 1172.8333740234375], [1635.1666259765625, 1128.8333740234375], [1611.8333740234375, 1160.1666259765625], [1564.5, 1101.5], [2212.5, 928.5], [2211.5, 884.0], [2026.166748046875, 968.8333129882812], [1890.8333740234375, 1009.8333129882812], [1790.1666259765625, 1028.8333740234375], [1702.8333740234375, 1038.8333740234375], [1632.1666259765625, 1042.8333740234375], [1561.5, 1045.5]]",
LBX,Left,lbx008v10_l,Landmarked_LBX/marked_tiff/Left/LBX008V10_L_MARK.tif,Landmarked_LBX/txt/Left/LBX008V10_L.txt,Raw_Images/LBX/LBX008V10_L.tif,LBX,32,32,roi,3840,2160,"[[2445.0, 975.0], [2466.5, 1143.1666259765625], [2335.166748046875, 1240.5], [2140.5, 1223.1666259765625], [1974.5, 1211.1666259765625], [1869.1666259765625, 1222.5], [1771.1666259765625, 1225.1666259765625], [1699.1666259765625, 1232.5], [1652.5, 1243.5], [1593.5, 1253.5], [1494.0, 1229.5], [1415.5, 1165.5], [1349.0, 1103.5], [1995.5, 1059.5], [1922.5, 1107.5], [1873.5, 1102.5], [1829.5, 1142.5], [1775.5, 1127.5], [1746.5, 1173.5], [1691.5, 1146.5], [1675.5, 1187.5], [1627.5, 1153.5], [1621.5, 1198.5], [1557.8333740234375, 1131.5], [2184.5, 968.5], [2183.0, 920.0], [1990.166748046875, 1003.5], [1867.5, 1038.0], [1770.25, 1055.25], [1689.5, 1064.5], [1620.75, 1075.0], [1554.5, 1084.0]]",
LBX,Left,lbx008v13_l,Landmarked_LBX/marked_tiff/Left/LBX008V13_L_MARK.tif,Landmarked_LBX/txt/Left/LBX008V13_L.txt,Raw_Images/LBX/LBX008V13_L.tif,LBX,32,32,roi,3840,2160,"[[2479.5, 926.5], [2485.5, 1113.5], [2300.5, 1231.5], [2102.5, 1208.8333740234375], [1990.5, 1207.5], [1885.8333740234375, 1211.5], [1795.8333740234375, 1218.8333740234375], [1735.1666259765625, 1219.5], [1661.8333740234375, 1230.8333740234375], [1611.5, 1244.1666259765625], [1508.5, 1216.5], [1430.5, 1154.5], [1354.5, 1087.5], [1990.5, 1030.5], [1924.0, 1085.5], [1875.5, 1083.0], [1833.0, 1131.0], [1777.0, 1116.0], [1759.5, 1163.0], [1694.0, 1139.5], [1688.5, 1177.0], [1621.5, 1150.0], [1608.0, 1176.5], [1569.5, 1130.5], [2177.166748046875, 931.8333129882812], [2174.5, 891.1666870117188], [1987.166748046875, 982.5], [1873.166748046875, 1021.1666870117188], [1773.8333740234375, 1043.8333740234375], [1691.1666259765625, 1055.8333740234375], [1615.1666259765625, 1063.8333740234375], [1563.1666259765625, 1067.8333740234375]]",
LBX,Left,lbx009v01_l,Landmarked_LBX/marked_tiff/Left/LBX009V01_L_MARK.tif,Landmarked_LBX/txt/Left/LBX009V01_L.txt,Raw_Images/LBX/LBX009V01_L.tif,LBX,32,32,roi,3840,2160,"[[2489.0, 933.0], [2513.5, 1123.5], [2345.5, 1205.5], [2113.5, 1183.5], [1982.5, 1193.5], [1864.5, 1198.5], [1754.0, 1210.5], [1691.5, 1217.0], [1611.0, 1227.5], [1533.0, 1226.0], [1448.5, 1182.5], [1384.5, 1112.5], [1322.5, 1034.5], [2004.833251953125, 1036.1666259765625], [1923.5, 1093.5], [1858.833251953125, 1080.1666259765625], [1822.8333740234375, 1128.8333740234375], [1760.1666259765625, 1113.5], [1738.8333740234375, 1158.8333740234375], [1667.5, 1126.1666259765625], [1660.1666259765625, 1169.5], [1594.5, 1135.5], [1571.5, 1166.1666259765625], [1525.5, 1103.5], [2210.833251953125, 924.1666870117188], [2207.5, 872.8333129882812], [2001.0, 974.5], [1854.5, 1014.5], [1756.0, 1034.0], [1662.5, 1040.5], [1588.0, 1042.0], [1521.5, 1040.5]]",
LBX,Left,lbx009v03_l,Landmarked_LBX/marked_tiff/Left/LBX009V03_L_MARK.tif,Landmarked_LBX/txt/Left/LBX009V03_L.txt,Raw_Images/LBX/LBX009V03_L.tif,LBX,32,32,roi,3840,2160,"[[2439.0, 930.0], [2483.5, 1119.5], [2325.5, 1214.5], [2127.5, 1192.5], [1997.5, 1199.5], [1875.5, 1210.5], [1776.5, 1217.5], [1692.5, 1221.5], [1624.5, 1233.5], [1546.5, 1239.5], [1467.5, 1198.5], [1392.5, 1134.5], [1327.5, 1060.5], [1993.833251953125, 1033.8333740234375], [1919.833251953125, 1090.5], [1864.5, 1083.8333740234375], [1825.1666259765625, 1131.8333740234375], [1758.5, 1117.8333740234375], [1730.5, 1159.5], [1677.5, 1137.5], [1661.5, 1183.5], [1598.5, 1145.5], [1582.5, 1188.5], [1535.5, 1117.5], [2184.833251953125, 932.1666870117188], [2184.166748046875, 892.8333129882812], [1993.5, 981.1666870117188], [1861.5, 1018.5], [1756.8333740234375, 1033.8333740234375], [1674.8333740234375, 1047.8333740234375], [1595.5, 1051.8333740234375], [1534.1666259765625, 1055.1666259765625]]",
LBX,Left,lbx009v05_l,Landmarked_LBX/marked_tiff/Left/LBX009V05_L_MARK.tif,Landmarked_LBX/txt/Left/LBX009V05_L.txt,Raw_Images/LBX/LBX009V05_L.tif,LBX,32,32,roi,3840,2160,"[[2479.166748046875, 894.8333129882812], [2495.166748046875, 1092.1666259765625], [2357.833251953125, 1174.8333740234375], [2098.833251953125, 1158.1666259765625], [1989.5, 1168.1666259765625], [1852.1666259765625, 1174.8333740234375], [1756.1666259765625, 1173.1666259765625], [1692.8333740234375, 1184.5], [1614.5, 1196.0], [1541.0, 1202.0], [1453.8333740234375, 1156.8333740234375], [1385.8333740234375, 1092.1666259765625], [1323.1666259765625, 1016.1666870117188], [2003.166748046875, 1005.8333129882812], [1921.833251953125, 1061.1666259765625], [1871.166748046875, 1052.5], [1819.8333740234375, 1093.8333740234375], [1770.5, 1081.1666259765625], [1741.1666259765625, 1127.8333740234375], [1681.0, 1097.5], [1670.0, 1144.0], [1600.5, 1106.0], [1588.0, 1148.0], [1510.5, 1076.5], [2207.5, 902.8333129882812], [2208.166748046875, 834.8333129882812], [2002.5, 943.5], [1869.0, 984.0], [1765.0, 1007.5], [1672.0, 1016.0], [1595.5, 1022.5], [1507.5, 1025.5]]",
LBX,Left,lbx009v06_l,Landmarked_LBX/marked_tiff/Left/LBX009V06_L_MARK.tif,Landmarked_LBX/txt/Left/LBX009V06_L.txt,Raw_Images/LBX/LBX009V06_L.tif,LBX,32,32,roi,3840,2160,"[[2485.0, 890.0], [2526.166748046875, 1094.1666259765625], [2398.166748046875, 1180.8333740234375], [2096.5, 1159.5], [1977.5, 1171.5], [1857.5, 1180.5], [1752.5, 1189.5], [1685.5, 1194.5], [1613.1666259765625, 1201.8333740234375], [1541.1666259765625, 1205.8333740234375], [1464.1666259765625, 1161.1666259765625], [1392.8333740234375, 1091.8333740234375], [1330.8333740234375, 1013.8333129882812], [1974.5, 1018.5], [1905.5, 1063.5], [1853.5, 1054.5], [1809.5, 1103.5], [1749.5, 1083.5], [1720.5, 1135.5], [1651.5, 1102.5], [1647.5, 1146.5], [1588.5, 1111.5], [1571.5, 1145.5], [1520.1666259765625, 1079.8333740234375], [2091.166748046875, 951.1666870117188], [2091.833251953125, 902.5], [1972.5, 952.1666870117188], [1852.5, 988.8333129882812], [1746.0, 1004.0], [1648.5, 1012.5], [1587.5, 1014.5], [1519.0, 1012.5]]",
LBX,Left,lbx009v07_l,Landmarked_LBX/marked_tiff/Left/LBX009V07_L_MARK.tif,Landmarked_LBX/txt/Left/LBX009V07_L.txt,Raw_Images/LBX/LBX009V07_L.tif,LBX,32,32,roi,3840,2160,"[[2469.0, 924.0], [2500.5, 1106.5], [2327.5, 1207.1666259765625], [2123.833251953125, 1184.1666259765625], [1995.8333740234375, 1190.8333740234375], [1878.5, 1200.1666259765625], [1766.5, 1209.5], [1682.5, 1212.1666259765625], [1623.8333740234375, 1228.1666259765625], [1554.5, 1233.5], [1466.5, 1198.5], [1393.5, 1125.1666259765625], [1329.5, 1050.5], [2004.5, 1030.5], [1928.5, 1090.5], [1871.5, 1080.5], [1826.5, 1129.5], [1770.5, 1109.5], [1740.5, 1156.5], [1680.5, 1127.5], [1668.5, 1178.5], [1608.0, 1137.0], [1591.0, 1178.5], [1532.5, 1111.0], [2189.5, 925.1666870117188], [2188.166748046875, 872.5], [2001.5, 970.0], [1868.0, 1011.5], [1764.5, 1033.0], [1674.0, 1044.0], [1605.5, 1048.0], [1530.0, 1048.5]]",
LBX,Left,lbx009v08_l,Landmarked_LBX/marked_tiff/Left/LBX009V08_L_MARK.tif,Landmarked_LBX/txt/Left/LBX009V08_L.txt,Raw_Images/LBX/LBX009V08_L.tif,LBX,32,32,roi,3840,2160,"[[2430.5, 897.5], [2470.5, 1090.5], [2360.5, 1180.5], [2123.166748046875, 1155.8333740234375], [1989.1666259765625, 1157.8333740234375], [1875.8333740234375, 1168.5], [1773.1666259765625, 1177.1666259765625], [1701.5, 1177.5], [1614.5, 1190.5], [1549.5, 1193.5], [1467.5, 1154.5], [1404.0, 1092.0], [1347.5, 1027.5], [1941.5, 1038.0], [1912.5, 1065.0], [1858.5, 1055.5], [1820.5, 1097.1666259765625], [1768.8333740234375, 1080.1666259765625], [1738.5, 1127.1666259765625], [1677.5, 1098.5], [1658.5, 1143.8333740234375], [1609.1666259765625, 1103.5], [1591.8333740234375, 1153.8333740234375], [1554.0, 1079.0], [2095.5, 892.1666870117188], [2093.5, 847.5], [1937.833251953125, 964.8333129882812], [1853.8333740234375, 989.5], [1763.8333740234375, 1003.5], [1672.5, 1014.8333129882812], [1606.1666259765625, 1019.8333129882812], [1552.1666259765625, 1022.8333129882812]]",
LBX,Left,lbx009v09_l,Landmarked_LBX/marked_tiff/Left/LBX009V09_L_MARK.tif,Landmarked_LBX/txt/Left/LBX009V09_L.txt,Raw_Images/LBX/LBX009V09_L.tif,LBX,32,32,roi,3840,2160,"[[2478.0, 922.0], [2517.5, 1137.5], [2387.5, 1217.5], [2118.833251953125, 1193.5], [1996.1666259765625, 1194.1666259765625], [1883.5, 1207.5], [1777.5, 1212.5], [1703.5, 1216.5], [1635.8333740234375, 1225.8333740234375], [1564.5, 1231.5], [1480.5, 1191.5], [1402.5, 1119.5], [1344.5, 1038.5], [2028.5, 1038.5], [1946.5, 1096.5], [1887.5, 1081.5], [1845.5, 1127.5], [1781.5, 1110.5], [1755.5, 1157.5], [1693.5, 1126.5], [1677.5, 1173.5], [1619.5, 1131.5], [1593.5, 1156.5], [1551.8333740234375, 1104.5], [2215.5, 928.8333129882812], [2218.166748046875, 872.1666870117188], [2025.5, 976.5], [1884.833251953125, 1019.5], [1777.8333740234375, 1040.1666259765625], [1689.1666259765625, 1047.5], [1615.5, 1048.0], [1547.0, 1046.5]]",
LBX,Left,lbx009v10_l,Landmarked_LBX/marked_tiff/Left/LBX009V10_L_MARK.tif,Landmarked_LBX/txt/Left/LBX009V10_L.txt,Raw_Images/LBX/LBX009V10_L.tif,LBX,32,32,roi,3840,2160,"[[2482.0, 944.0], [2480.833251953125, 1175.5], [2303.5, 1231.5], [2084.833251953125, 1194.1666259765625], [1978.5, 1203.5], [1849.5, 1206.5], [1751.5, 1216.5], [1678.5, 1221.5], [1607.5, 1222.5], [1548.5, 1224.5], [1488.1666259765625, 1170.1666259765625], [1435.5, 1106.8333740234375], [1381.1666259765625, 1031.1666259765625], [2004.5, 1051.5], [1935.5, 1106.5], [1874.5, 1090.5], [1819.5, 1141.5], [1769.5, 1119.5], [1736.5, 1171.5], [1677.5, 1126.5], [1660.5, 1171.5], [1606.5, 1126.5], [1588.1666259765625, 1159.8333740234375], [1534.8333740234375, 1098.5], [2207.0, 940.5], [2204.5, 885.5], [2003.5, 982.5], [1871.5, 1022.5], [1763.5, 1036.5], [1671.5, 1041.5], [1599.5, 1040.5], [1534.5, 1035.5]]",
LBX,Left,lbx009v15_l,Landmarked_LBX/marked_tiff/Left/LBX009V15_L_MARK.tif,Landmarked_LBX/txt/Left/LBX009V15_L.txt,Raw_Images/LBX/LBX009V15_L.tif,LBX,32,32,roi,3840,2160,"[[2514.0, 883.0], [2516.5, 1116.5], [2353.5, 1187.5], [2118.5, 1165.5], [1976.8333740234375, 1176.5], [1855.5, 1184.5], [1746.1666259765625, 1196.5], [1674.1666259765625, 1199.1666259765625], [1591.5, 1205.8333740234375], [1522.1666259765625, 1204.5], [1436.1666259765625, 1160.8333740234375], [1367.5, 1091.5], [1314.1666259765625, 1019.5], [2001.5, 1016.8333129882812], [1916.833251953125, 1072.1666259765625], [1854.833251953125, 1063.5], [1819.5, 1111.5], [1750.5, 1095.5], [1723.5, 1141.5], [1655.5, 1110.5], [1636.5, 1152.5], [1586.5, 1118.5], [1557.5, 1147.5], [1510.5, 1080.5], [2222.5, 911.5], [2221.5, 839.5], [1997.833251953125, 954.8333129882812], [1849.166748046875, 994.1666870117188], [1741.5, 1011.8333129882812], [1646.8333740234375, 1023.1666870117188], [1578.1666259765625, 1024.5], [1505.5, 1023.8333129882812]]",
LBX,Left,lbx009v17_l,Landmarked_LBX/marked_tiff/Left/LBX009V17_L_MARK.tif,Landmarked_LBX/txt/Left/LBX009V17_L.txt,Raw_Images/LBX/LBX009V17_L.tif,LBX,32,32,roi,3840,2160,"[[2491.0, 893.0], [2512.5, 1056.5], [2356.5, 1183.8333740234375], [2117.5, 1162.5], [1981.5, 1168.5], [1854.5, 1184.5], [1749.5, 1195.5], [1674.5, 1195.5], [1604.5, 1211.5], [1541.5, 1216.5], [1447.1666259765625, 1172.5], [1377.8333740234375, 1106.5], [1309.1666259765625, 1028.8333740234375], [1998.5, 1006.8333129882812], [1925.833251953125, 1066.8333740234375], [1855.166748046875, 1060.1666259765625], [1815.1666259765625, 1104.1666259765625], [1761.8333740234375, 1093.5], [1734.5, 1143.5], [1674.5, 1108.8333740234375], [1659.1666259765625, 1160.8333740234375], [1595.8333740234375, 1120.8333740234375], [1571.8333740234375, 1151.5], [1519.5, 1088.5], [2207.5, 907.1666870117188], [2207.5, 832.5], [1997.5, 948.5], [1851.833251953125, 996.8333129882812], [1760.1666259765625, 1016.5], [1670.1666259765625, 1026.5], [1596.1666259765625, 1031.1666259765625], [1518.1666259765625, 1032.8333740234375]]",
LBX,Left,lbx009v21_l,Landmarked_LBX/marked_tiff/Left/LBX009V21_L_MARK.tif,Landmarked_LBX/txt/Left/LBX009V21_L.txt,Raw_Images/LBX/LBX009V21_L.tif,LBX,32,32,roi,3840,2160,"[[2449.0, 918.0], [2494.166748046875, 1139.5], [2347.5, 1208.5], [2103.5, 1186.5], [1983.5, 1196.5], [1870.5, 1203.5], [1770.5, 1210.5], [1689.8333740234375, 1210.5], [1627.1666259765625, 1225.1666259765625], [1557.5, 1227.5], [1481.5, 1187.5], [1417.5, 1120.5], [1357.5, 1045.5], [1980.5, 1041.5], [1914.5, 1097.5], [1864.5, 1084.5], [1814.5, 1133.5], [1761.5, 1113.5], [1733.5, 1161.5], [1672.5, 1129.5], [1664.5, 1181.5], [1600.1666259765625, 1142.8333740234375], [1583.5, 1178.1666259765625], [1543.5, 1102.1666259765625], [2183.166748046875, 932.1666870117188], [2182.5, 886.1666870117188], [1979.833251953125, 985.8333129882812], [1861.5, 1020.5], [1757.1666259765625, 1037.5], [1667.8333740234375, 1045.5], [1595.8333740234375, 1048.1666259765625], [1541.8333740234375, 1048.8333740234375]]",
LBX,Left,lbx009v22_l,Landmarked_LBX/marked_tiff/Left/LBX009V22_L_MARK.tif,Landmarked_LBX/txt/Left/LBX009V22_L.txt,Raw_Images/LBX/LBX009V22_L.tif,LBX,32,32,roi,3840,2160,"[[2468.0, 900.0], [2502.5, 1104.5], [2339.5, 1191.5], [2116.5, 1163.5], [1993.5, 1177.5], [1882.8333740234375, 1195.1666259765625], [1784.1666259765625, 1201.8333740234375], [1704.8333740234375, 1210.8333740234375], [1623.5, 1216.1666259765625], [1560.8333740234375, 1220.1666259765625], [1484.8333740234375, 1180.5], [1421.5, 1109.8333740234375], [1362.8333740234375, 1040.5], [1991.833251953125, 1030.5], [1922.5, 1081.1666259765625], [1867.8333740234375, 1074.5], [1825.1666259765625, 1125.1666259765625], [1766.5, 1105.1666259765625], [1741.1666259765625, 1158.5], [1685.1666259765625, 1121.1666259765625], [1671.8333740234375, 1173.1666259765625], [1614.5, 1133.5], [1595.5, 1168.5], [1565.5, 1101.5], [2177.833251953125, 924.1666870117188], [2176.5, 870.5], [1988.5, 964.0], [1865.0, 1003.0], [1763.5, 1020.75], [1680.5, 1033.8333740234375], [1613.8333740234375, 1037.8333740234375], [1563.8333740234375, 1040.1666259765625]]",
LBX,Left,lbx009v23_l,Landmarked_LBX/marked_tiff/Left/LBX009V23_L_MARK.tif,Landmarked_LBX/txt/Left/LBX009V23_L.txt,Raw_Images/LBX/LBX009V23_L.tif,LBX,32,32,roi,3840,2160,"[[2467.0, 895.0], [2516.5, 1093.5], [2383.833251953125, 1163.5], [2163.5, 1148.5], [2023.5, 1152.5], [1894.8333740234375, 1162.1666259765625], [1786.5, 1174.1666259765625], [1716.5, 1182.1666259765625], [1639.8333740234375, 1189.5], [1576.5, 1198.1666259765625], [1487.1666259765625, 1160.8333740234375], [1426.5, 1092.1666259765625], [1369.8333740234375, 1014.1666870117188], [2001.5, 996.5], [1938.166748046875, 1049.1666259765625], [1887.5, 1037.1666259765625], [1841.5, 1087.8333740234375], [1778.8333740234375, 1072.5], [1756.1666259765625, 1120.5], [1694.8333740234375, 1091.8333740234375], [1687.5, 1143.1666259765625], [1626.8333740234375, 1099.1666259765625], [1601.5, 1137.5], [1558.5, 1070.5], [2192.5, 884.5], [2192.5, 841.5], [2000.5, 937.5], [1882.0, 976.5], [1772.5, 1000.8333129882812], [1687.8333740234375, 1010.1666870117188], [1621.8333740234375, 1014.8333129882812], [1555.8333740234375, 1015.5]]",
LBX,Left,lbx009v27_l,Landmarked_LBX/marked_tiff/Left/LBX009V27_L_MARK.tif,Landmarked_LBX/txt/Left/LBX009V27_L.txt,Raw_Images/LBX/LBX009V27_L.tif,LBX,32,32,roi,3840,2160,"[[2434.0, 861.0], [2488.833251953125, 1082.1666259765625], [2350.166748046875, 1184.8333740234375], [2105.5, 1157.5], [1970.5, 1161.5], [1863.0, 1178.5], [1765.0, 1182.5], [1688.5, 1190.0], [1621.5, 1201.5], [1552.8333740234375, 1204.8333740234375], [1478.5, 1163.5], [1408.5, 1097.5], [1344.0, 1025.5], [1948.166748046875, 1030.8333740234375], [1912.166748046875, 1054.8333740234375], [1858.166748046875, 1052.8333740234375], [1816.8333740234375, 1099.5], [1760.1666259765625, 1079.5], [1738.8333740234375, 1130.8333740234375], [1669.5, 1099.5], [1666.5, 1156.5], [1600.5, 1109.5], [1585.5, 1153.5], [1534.5, 1080.5], [2128.166748046875, 924.8333129882812], [2126.166748046875, 868.1666870117188], [1947.833251953125, 956.1666870117188], [1857.166748046875, 981.5], [1759.1666259765625, 1002.8333129882812], [1666.5, 1013.0], [1601.0, 1019.5], [1533.0, 1020.0]]",
LBX,Left,lbx010v01_l,Landmarked_LBX/marked_tiff/Left/LBX010V01_L_MARK.tif,Landmarked_LBX/txt/Left/LBX010V01_L.txt,Raw_Images/LBX/LBX010V01_L.tif,LBX,32,32,roi,3840,2160,"[[2512.0, 898.0], [2532.833251953125, 1100.8333740234375], [2398.166748046875, 1194.1666259765625], [2109.5, 1167.5], [1992.5, 1181.5], [1874.5, 1199.5], [1773.5, 1212.5], [1700.5, 1219.5], [1631.5, 1232.5], [1562.1666259765625, 1232.5], [1471.5, 1197.8333740234375], [1399.5, 1128.5], [1328.8333740234375, 1044.5], [1996.5, 1024.5], [1930.5, 1085.5], [1870.5, 1077.5], [1826.5, 1126.5], [1768.5, 1107.5], [1736.5, 1151.5], [1681.5, 1125.5], [1668.5, 1170.5], [1613.1666259765625, 1132.8333740234375], [1595.8333740234375, 1176.1666259765625], [1545.1666259765625, 1106.1666259765625], [2191.166748046875, 917.1666870117188], [2188.166748046875, 864.1666870117188], [1992.833251953125, 964.5], [1866.833251953125, 1003.1666870117188], [1768.8333740234375, 1022.5], [1682.1666259765625, 1032.5], [1608.5, 1035.5], [1539.5, 1040.5]]",
LBX,Left,lbx010v02_l,Landmarked_LBX/marked_tiff/Left/LBX010V02_L_MARK.tif,Landmarked_LBX/txt/Left/LBX010V02_L.txt,Raw_Images/LBX/LBX010V02_L.tif,LBX,32,32,roi,3840,2160,"[[2485.0, 913.0], [2513.0, 1115.0], [2369.0, 1205.0], [2150.333251953125, 1180.3333740234375], [2006.3333740234375, 1185.0], [1887.0, 1195.6666259765625], [1781.6666259765625, 1201.0], [1717.0, 1211.0], [1639.0, 1227.0], [1566.0, 1227.0], [1485.5, 1194.1666259765625], [1408.8333740234375, 1119.5], [1348.8333740234375, 1045.5], [2021.5, 1026.5], [1927.5, 1087.5], [1870.5, 1073.5], [1843.5, 1124.5], [1772.5, 1100.5], [1750.5, 1157.5], [1691.5, 1120.5], [1670.5, 1164.5], [1617.5, 1128.5], [1599.5, 1168.5], [1553.5, 1100.5], [2197.833251953125, 942.5], [2195.5, 875.5], [2018.833251953125, 960.8333129882812], [1858.8333740234375, 1006.8333129882812], [1766.1666259765625, 1023.5], [1680.1666259765625, 1034.8333740234375], [1612.8333740234375, 1038.1666259765625], [1547.5, 1042.1666259765625]]",
LBX,Left,lbx010v03_l,Landmarked_LBX/marked_tiff/Left/LBX010V03_L_MARK.tif,Landmarked_LBX/txt/Left/LBX010V03_L.txt,Raw_Images/LBX/LBX010V03_L.tif,LBX,32,32,roi,3840,2160,"[[2455.0, 919.0], [2511.5, 1085.5], [2372.5, 1169.5], [2126.5, 1156.5], [1965.1666259765625, 1171.1666259765625], [1863.5, 1183.5], [1765.5, 1187.5], [1692.5, 1193.5], [1622.5, 1207.5], [1561.5, 1207.5], [1478.1666259765625, 1162.8333740234375], [1414.8333740234375, 1092.1666259765625], [1361.1666259765625, 1011.8333129882812], [2002.5, 1014.5], [1940.5, 1071.5], [1875.5, 1061.5], [1834.5, 1112.5], [1779.1666259765625, 1090.1666259765625], [1750.5, 1132.1666259765625], [1686.8333740234375, 1103.8333740234375], [1665.5, 1146.8333740234375], [1615.5, 1107.8333740234375], [1592.5, 1138.8333740234375], [1551.0, 1073.5], [2202.5, 917.1666870117188], [2203.833251953125, 862.5], [2000.833251953125, 958.1666870117188], [1873.5, 994.1666870117188], [1774.8333740234375, 1010.1666870117188], [1686.8333740234375, 1017.5], [1616.8333740234375, 1020.1666870117188], [1550.1666259765625, 1018.1666870117188]]",
LBX,Left,lbx010v04_l,Landmarked_LBX/marked_tiff/Left/LBX010V04_L_MARK.tif,Landmarked_LBX/txt/Left/LBX010V04_L.txt,Raw_Images/LBX/LBX010V04_L.tif,LBX,32,32,roi,3840,2160,"[[2469.0, 888.0], [2506.166748046875, 1070.1666259765625], [2367.5, 1154.1666259765625], [2074.5, 1138.5], [1963.5, 1147.5], [1849.5, 1159.5], [1762.5, 1169.5], [1679.5, 1177.5], [1605.5, 1189.5], [1537.1666259765625, 1191.8333740234375], [1447.8333740234375, 1156.8333740234375], [1377.1666259765625, 1082.8333740234375], [1318.5, 1009.5], [2002.5, 998.5], [1914.5, 1057.5], [1843.5, 1032.5], [1809.5, 1095.5], [1735.5, 1068.5], [1724.5, 1121.5], [1650.5, 1086.5], [1638.5, 1134.5], [1582.5, 1093.5], [1566.5, 1138.5], [1523.8333740234375, 1069.1666259765625], [2182.5, 903.5], [2184.5, 839.5], [2001.166748046875, 928.5], [1843.166748046875, 975.1666870117188], [1733.5, 993.5], [1648.5, 1003.0], [1579.5, 1007.5], [1522.0, 1010.0]]",
LBX,Left,lbx010v06_l,Landmarked_LBX/marked_tiff/Left/LBX010V06_L_MARK.tif,Landmarked_LBX/txt/Left/LBX010V06_L.txt,Raw_Images/LBX/LBX010V06_L.tif,LBX,32,32,roi,3840,2160,"[[2441.0, 920.0], [2469.5, 1112.5], [2349.5, 1203.5], [2099.5, 1174.5], [1972.5, 1189.5], [1857.5, 1198.5], [1758.5, 1208.5], [1683.5, 1217.5], [1608.5, 1227.5], [1544.1666259765625, 1231.8333740234375], [1456.8333740234375, 1190.5], [1387.5, 1121.8333740234375], [1326.8333740234375, 1047.1666259765625], [1979.5, 1034.5], [1910.5, 1090.5], [1853.5, 1079.5], [1806.5, 1120.5], [1753.5, 1105.5], [1730.5, 1161.5], [1667.5, 1121.5], [1650.5, 1166.5], [1593.5, 1129.5], [1574.5, 1171.5], [1532.5, 1100.5], [2164.5, 933.5], [2162.5, 881.0], [1976.833251953125, 973.8333129882812], [1846.833251953125, 1009.1666870117188], [1747.1666259765625, 1028.8333740234375], [1661.8333740234375, 1037.5], [1590.1666259765625, 1041.8333740234375], [1529.5, 1043.8333740234375]]",
LBX,Left,lbx010v07_l,Landmarked_LBX/marked_tiff/Left/LBX010V07_L_MARK.tif,Landmarked_LBX/txt/Left/LBX010V07_L.txt,Raw_Images/LBX/LBX010V07_L.tif,LBX,32,32,roi,3840,2160,"[[2492.0, 854.0], [2519.833251953125, 1080.8333740234375], [2354.5, 1166.1666259765625], [2101.5, 1133.5], [1981.5, 1143.5], [1866.5, 1158.5], [1763.5, 1168.5], [1701.1666259765625, 1173.1666259765625], [1621.8333740234375, 1186.5], [1540.5, 1172.1666259765625], [1468.0, 1130.5], [1401.5, 1076.0], [1337.5, 1014.0], [1985.833251953125, 1007.1666870117188], [1917.166748046875, 1064.5], [1853.833251953125, 1055.1666259765625], [1812.5, 1099.8333740234375], [1753.8333740234375, 1085.1666259765625], [1743.1666259765625, 1134.5], [1667.5, 1092.5], [1655.5, 1137.5], [1600.5, 1101.1666259765625], [1573.0, 1124.0], [1526.0, 1064.5], [2235.5, 868.5], [2233.5, 815.5], [1981.833251953125, 932.8333129882812], [1854.0, 966.0], [1751.0, 980.5], [1662.0, 988.0], [1596.5, 993.0], [1525.0, 995.5]]",
LBX,Left,lbx010v09_l,Landmarked_LBX/marked_tiff/Left/LBX010V09_L_MARK.tif,Landmarked_LBX/txt/Left/LBX010V09_L.txt,Raw_Images/LBX/LBX010V09_L.tif,LBX,32,32,roi,3840,2160,"[[2518.0, 893.0], [2543.5, 1082.1666259765625], [2370.166748046875, 1183.5], [2098.5, 1161.5], [1985.8333740234375, 1175.8333740234375], [1877.8333740234375, 1183.8333740234375], [1769.8333740234375, 1193.1666259765625], [1699.1666259765625, 1197.1666259765625], [1626.5, 1209.5], [1560.8333740234375, 1211.8333740234375], [1475.5, 1168.5], [1410.5, 1100.5], [1340.5, 1019.5], [2009.5, 1009.5], [1932.5, 1071.5], [1878.5, 1055.5], [1827.5, 1105.5], [1770.5, 1083.5], [1745.5, 1131.5], [1681.5, 1099.5], [1669.5, 1152.5], [1609.5, 1106.5], [1588.5, 1151.5], [1541.8333740234375, 1082.1666259765625], [2199.5, 926.5], [2200.5, 864.5], [2008.833251953125, 950.8333129882812], [1875.833251953125, 987.1666870117188], [1766.5, 1005.8333129882812], [1678.5, 1014.0], [1604.5, 1018.0], [1539.1666259765625, 1017.5]]",
LBX,Left,lbx010v12_l,Landmarked_LBX/marked_tiff/Left/LBX010V12_L_MARK.tif,Landmarked_LBX/txt/Left/LBX010V12_L.txt,Raw_Images/LBX/LBX010V12_L.tif,LBX,32,32,roi,3840,2160,"[[2459.833251953125, 919.8333129882812], [2507.833251953125, 1126.5], [2358.5, 1210.5], [2125.5, 1179.5], [1997.5, 1187.5], [1877.5, 1199.5], [1783.5, 1215.5], [1713.5, 1219.5], [1634.5, 1224.5], [1564.5, 1229.5], [1479.5, 1195.5], [1409.5, 1130.5], [1342.5, 1045.5], [2002.5, 1034.5], [1919.5, 1099.5], [1867.5, 1088.5], [1821.5, 1136.5], [1758.5, 1120.5], [1740.5, 1161.5], [1678.5, 1128.5], [1671.5, 1179.5], [1605.5, 1138.5], [1593.5, 1183.5], [1536.1666259765625, 1102.1666259765625], [2157.5, 957.5], [2156.5, 904.5], [2001.166748046875, 969.8333129882812], [1866.833251953125, 1007.8333129882812], [1757.0, 1027.0], [1676.0, 1038.0], [1605.5, 1043.5], [1534.5, 1046.0]]",
LBX,Left,lbx010v16_l,Landmarked_LBX/marked_tiff/Left/LBX010V16_L_MARK.tif,Landmarked_LBX/txt/Left/LBX010V16_L.txt,Raw_Images/LBX/LBX010V16_L.tif,LBX,32,32,roi,3840,2160,"[[2455.0, 913.0], [2493.833251953125, 1148.5], [2357.833251953125, 1213.8333740234375], [2116.5, 1185.8333740234375], [1984.5, 1189.8333740234375], [1865.8333740234375, 1204.5], [1775.1666259765625, 1212.5], [1699.8333740234375, 1215.5], [1622.5, 1225.5], [1544.5, 1229.5], [1453.0, 1187.0], [1389.0, 1115.0], [1328.5, 1036.0], [1994.5, 1038.5], [1925.5, 1096.5], [1858.5, 1084.5], [1818.5, 1132.5], [1760.5, 1108.5], [1736.5, 1163.5], [1673.5, 1123.5], [1659.5, 1176.5], [1598.5, 1134.5], [1583.5, 1177.5], [1536.5, 1103.5], [2173.5, 955.0], [2170.5, 895.0], [1990.166748046875, 973.5], [1856.833251953125, 1010.1666870117188], [1756.1666259765625, 1028.1666259765625], [1668.8333740234375, 1037.5], [1595.5, 1041.5], [1532.8333740234375, 1043.5]]",
LBX,Left,lbx010v17_l,Landmarked_LBX/marked_tiff/Left/LBX010V17_L_MARK.tif,Landmarked_LBX/txt/Left/LBX010V17_L.txt,Raw_Images/LBX/LBX010V17_L.tif,LBX,32,32,roi,3840,2160,"[[2505.0, 881.0], [2524.833251953125, 1132.8333740234375], [2370.166748046875, 1206.1666259765625], [2142.5, 1179.5], [2018.5, 1188.5], [1883.5, 1201.5], [1783.5, 1204.5], [1713.5, 1210.5], [1646.5, 1217.5], [1573.1666259765625, 1224.1666259765625], [1488.5, 1182.1666259765625], [1423.1666259765625, 1112.1666259765625], [1361.8333740234375, 1026.1666259765625], [2045.5, 1022.5], [1955.5, 1083.5], [1890.5, 1075.5], [1850.5, 1123.5], [1793.5, 1104.5], [1765.5, 1150.5], [1709.5, 1119.5], [1684.5, 1158.5], [1630.5, 1126.5], [1602.5, 1152.5], [1554.5, 1095.5], [2222.5, 927.5], [2222.0, 862.5], [2041.833251953125, 953.8333129882812], [1890.5, 1002.5], [1787.8333740234375, 1019.8333129882812], [1710.5, 1031.5], [1626.5, 1031.5], [1554.5, 1030.5]]",
LBX,Left,lbx010v18_l,Landmarked_LBX/marked_tiff/Left/LBX010V18_L_MARK.tif,Landmarked_LBX/txt/Left/LBX010V18_L.txt,Raw_Images/LBX/LBX010V18_L.tif,LBX,32,32,roi,3840,2160,"[[2440.5, 908.8333129882812], [2494.166748046875, 1076.5], [2334.166748046875, 1169.8333740234375], [2116.5, 1147.5], [1984.5, 1154.5], [1874.5, 1165.5], [1773.5, 1175.5], [1694.5, 1183.5], [1624.5, 1196.0], [1554.5, 1206.5], [1472.0, 1170.0], [1402.0, 1105.0], [1334.8333740234375, 1033.1666259765625], [1989.0, 1002.5], [1927.0, 1055.0], [1863.5, 1047.0], [1823.0, 1091.0], [1758.5, 1077.5], [1734.5, 1124.5], [1675.5, 1097.5], [1663.5, 1139.5], [1602.5, 1105.5], [1583.5, 1139.0], [1526.0, 1084.0], [2182.5, 912.5], [2183.0, 851.5], [1988.166748046875, 936.5], [1861.5, 975.8333129882812], [1753.5, 997.1666870117188], [1671.5, 1008.1666870117188], [1599.5, 1018.1666870117188], [1523.1666259765625, 1022.1666870117188]]",
LBX,Left,lbx010v22_l,Landmarked_LBX/marked_tiff/Left/LBX010V22_L_MARK.tif,Landmarked_LBX/txt/Left/LBX010V22_L.txt,Raw_Images/LBX/LBX010V22_L.tif,LBX,32,32,roi,3840,2160,"[[2466.166748046875, 916.1666870117188], [2530.166748046875, 1078.8333740234375], [2375.5, 1216.1666259765625], [2138.166748046875, 1194.8333740234375], [2033.5, 1207.5], [1903.0, 1217.0], [1797.1666259765625, 1219.1666259765625], [1718.5, 1232.5], [1650.5, 1242.5], [1584.1666259765625, 1249.1666259765625], [1491.5, 1213.1666259765625], [1408.1666259765625, 1139.1666259765625], [1339.5, 1058.5], [2036.5, 1032.5], [1961.5, 1100.5], [1904.5, 1081.5], [1858.5, 1138.5], [1801.5, 1114.5], [1772.5, 1167.5], [1707.5, 1132.5], [1694.5, 1188.5], [1627.5, 1140.5], [1600.8333740234375, 1163.1666259765625], [1559.8333740234375, 1108.5], [2190.5, 946.5], [2188.5, 883.5], [2037.833251953125, 978.1666870117188], [1901.833251953125, 1016.8333129882812], [1795.8333740234375, 1035.8333740234375], [1697.1666259765625, 1045.1666259765625], [1623.8333740234375, 1050.5], [1558.5, 1052.5]]",
LBX,Left,lbx010v24_l,Landmarked_LBX/marked_tiff/Left/LBX010V24_L_MARK.tif,Landmarked_LBX/txt/Left/LBX010V24_L.txt,Raw_Images/LBX/LBX010V24_L.tif,LBX,32,32,roi,3840,2160,"[[2467.5, 910.5], [2503.5, 1123.5], [2357.5, 1200.5], [2114.833251953125, 1193.5], [1990.8333740234375, 1201.5], [1865.5, 1214.8333740234375], [1770.8333740234375, 1226.8333740234375], [1697.5, 1230.8333740234375], [1623.5, 1240.5], [1551.5, 1246.5], [1457.5, 1210.0], [1386.5, 1140.0], [1321.0, 1065.0], [2004.166748046875, 1040.8333740234375], [1925.5, 1095.5], [1873.5, 1092.8333740234375], [1818.8333740234375, 1138.1666259765625], [1766.8333740234375, 1119.5], [1734.8333740234375, 1168.8333740234375], [1678.8333740234375, 1138.1666259765625], [1672.1666259765625, 1195.5], [1604.1666259765625, 1155.5], [1594.8333740234375, 1203.5], [1530.8333740234375, 1120.8333740234375], [2182.833251953125, 942.1666870117188], [2179.5, 888.8333129882812], [1999.5, 981.5], [1866.5, 1023.5], [1762.5, 1045.5], [1673.5, 1057.5], [1595.5, 1063.5], [1524.5, 1064.5]]",
LBX,Left,lbx010v26_l,Landmarked_LBX/marked_tiff/Left/LBX010V26_L_MARK.tif,Landmarked_LBX/txt/Left/LBX010V26_L.txt,Raw_Images/LBX/LBX010V26_L.tif,LBX,32,32,roi,3840,2160,"[[2508.0, 910.0], [2548.5, 1107.5], [2393.5, 1176.5], [2134.166748046875, 1148.8333740234375], [1998.1666259765625, 1160.8333740234375], [1877.5, 1178.8333740234375], [1786.5, 1179.5], [1720.5, 1191.5], [1649.5, 1205.5], [1584.5, 1212.5], [1507.5, 1170.5], [1440.8333740234375, 1095.1666259765625], [1380.5, 1021.5], [2039.5, 1009.5], [1935.0, 1068.0], [1890.5, 1058.5], [1850.5, 1105.0], [1796.5, 1086.5], [1764.1666259765625, 1134.1666259765625], [1705.5, 1102.1666259765625], [1688.1666259765625, 1149.5], [1634.1666259765625, 1108.1666259765625], [1614.8333740234375, 1155.5], [1570.1666259765625, 1076.8333740234375], [2235.833251953125, 918.1666870117188], [2232.5, 868.8333129882812], [2038.5, 946.5], [1887.1666259765625, 988.5], [1794.5, 1007.1666870117188], [1699.0, 1016.5], [1632.0, 1022.0], [1570.5, 1023.1666870117188]]",
LBX,Left,lbx010v27_l,Landmarked_LBX/marked_tiff/Left/LBX010V27_L_MARK.tif,Landmarked_LBX/txt/Left/LBX010V27_L.txt,Raw_Images/LBX/LBX010V27_L.tif,LBX,32,32,roi,3840,2160,"[[2449.166748046875, 811.1666870117188], [2473.166748046875, 991.1666870117188], [2367.833251953125, 1176.5], [2107.166748046875, 1151.5], [2000.5, 1158.8333740234375], [1881.1666259765625, 1166.1666259765625], [1770.5, 1177.5], [1708.5, 1182.8333740234375], [1631.1666259765625, 1188.1666259765625], [1564.5, 1200.5], [1479.8333740234375, 1161.1666259765625], [1419.1666259765625, 1096.5], [1360.5, 1019.5], [2002.5, 995.5], [1928.5, 1059.5], [1865.5, 1046.5], [1829.5, 1096.5], [1769.5, 1076.5], [1745.5, 1120.5], [1684.5, 1093.5], [1674.5, 1143.5], [1608.5, 1099.5], [1596.5, 1140.5], [1545.5, 1080.5], [2160.833251953125, 887.1666870117188], [2160.166748046875, 831.8333129882812], [1999.5, 927.1666870117188], [1861.5, 976.5], [1761.5, 999.8333129882812], [1676.8333740234375, 1011.1666870117188], [1603.5, 1016.5], [1542.8333740234375, 1019.8333129882812]]",
LBX,Left,lbx011v01_l,Landmarked_LBX/marked_tiff/Left/LBX011V01_L_MARK.tif,Landmarked_LBX/txt/Left/LBX011V01_L.txt,Raw_Images/LBX/LBX011V01_L.tif,LBX,32,32,roi,3840,2160,"[[2495.0, 916.0], [2526.833251953125, 1106.1666259765625], [2378.833251953125, 1212.8333740234375], [2143.5, 1187.5], [1963.5, 1196.5], [1871.5, 1213.5], [1778.5, 1223.5], [1689.5, 1235.5], [1612.5, 1245.5], [1550.5, 1242.5], [1466.5, 1202.5], [1406.5, 1139.5], [1348.5, 1064.5], [2004.5, 1041.5], [1949.0, 1101.0], [1875.5, 1089.5], [1828.5, 1139.5], [1769.5, 1126.5], [1746.0, 1176.5], [1686.8333740234375, 1143.8333740234375], [1668.1666259765625, 1198.5], [1608.1666259765625, 1154.5], [1585.5, 1182.5], [1531.5, 1132.5], [2215.5, 939.5], [2214.5, 876.5], [2001.5, 975.1666870117188], [1873.5, 1015.8333129882812], [1765.5, 1039.1666259765625], [1679.5, 1047.8333740234375], [1597.5, 1054.5], [1529.5, 1057.5]]",
LBX,Left,lbx011v02_l,Landmarked_LBX/marked_tiff/Left/LBX011V02_L_MARK.tif,Landmarked_LBX/txt/Left/LBX011V02_L.txt,Raw_Images/LBX/LBX011V02_L.tif,LBX,32,32,roi,3840,2160,"[[2471.0, 940.0], [2483.833251953125, 1135.5], [2371.833251953125, 1215.5], [2127.5, 1184.5], [1994.5, 1196.5], [1868.5, 1212.5], [1765.1666259765625, 1224.8333740234375], [1691.8333740234375, 1227.5], [1621.1666259765625, 1236.8333740234375], [1566.5, 1242.1666259765625], [1476.5, 1200.5], [1408.5, 1132.5], [1347.5, 1052.5], [1990.5, 1043.5], [1925.5, 1099.5], [1864.5, 1090.5], [1819.5, 1139.5], [1763.5, 1121.5], [1737.5, 1168.5], [1679.5, 1148.5], [1662.5, 1182.5], [1611.5, 1144.5], [1587.5, 1175.5], [1551.5, 1118.5], [2186.5, 940.5], [2186.5, 888.5], [1986.166748046875, 987.8333129882812], [1856.8333740234375, 1021.1666870117188], [1754.1666259765625, 1039.8333740234375], [1664.5, 1047.5], [1603.8333740234375, 1053.5], [1544.5, 1056.166748046875]]",
LBX,Left,lbx011v03_l,Landmarked_LBX/marked_tiff/Left/LBX011V03_L_MARK.tif,Landmarked_LBX/txt/Left/LBX011V03_L.txt,Raw_Images/LBX/LBX011V03_L.tif,LBX,32,32,roi,3840,2160,"[[2467.5, 928.8333129882812], [2510.166748046875, 1114.1666259765625], [2343.5, 1202.1666259765625], [2123.5, 1173.5], [1996.5, 1186.5], [1878.5, 1196.5], [1769.5, 1208.5], [1701.1666259765625, 1216.1666259765625], [1623.8333740234375, 1226.1666259765625], [1557.8333740234375, 1227.5], [1485.5, 1180.5], [1422.0, 1121.0], [1359.5, 1048.5], [2003.5, 1032.5], [1934.5, 1095.5], [1867.5, 1081.5], [1829.5, 1134.5], [1768.5, 1107.5], [1743.5, 1160.5], [1680.5, 1126.5], [1672.5, 1176.5], [1613.5, 1134.5], [1592.5, 1174.5], [1547.8333740234375, 1113.1666259765625], [2197.166748046875, 938.1666870117188], [2196.5, 870.0], [1998.5, 966.5], [1863.5, 1008.0], [1759.5, 1026.5], [1675.5, 1039.5], [1609.5, 1043.5], [1541.0, 1046.0]]",
LBX,Left,lbx011v04_l,Landmarked_LBX/marked_tiff/Left/LBX011V04_L_MARK.tif,Landmarked_LBX/txt/Left/LBX011V04_L.txt,Raw_Images/LBX/LBX011V04_L.tif,LBX,32,32,roi,3840,2160,"[[2464.166748046875, 919.1666870117188], [2491.833251953125, 1111.5], [2363.833251953125, 1211.5], [2157.166748046875, 1183.8333740234375], [2006.5, 1191.8333740234375], [1886.5, 1210.5], [1779.8333740234375, 1221.1666259765625], [1695.8333740234375, 1231.8333740234375], [1621.1666259765625, 1238.5], [1553.1666259765625, 1242.5], [1477.1666259765625, 1203.8333740234375], [1402.5, 1139.8333740234375], [1347.8333740234375, 1077.1666259765625], [1986.166748046875, 1046.5], [1924.166748046875, 1095.1666259765625], [1866.833251953125, 1089.8333740234375], [1828.1666259765625, 1138.5], [1770.8333740234375, 1123.1666259765625], [1747.5, 1172.5], [1685.5, 1141.8333740234375], [1671.5, 1195.1666259765625], [1608.1666259765625, 1154.5], [1592.1666259765625, 1193.8333740234375], [1541.5, 1124.5], [2174.166748046875, 945.1666870117188], [2171.5, 892.5], [1982.5, 987.0], [1861.25, 1023.5], [1766.0, 1043.0], [1681.0, 1053.0], [1605.0, 1060.0], [1539.0, 1063.5]]",
LBX,Left,lbx012v01_l,Landmarked_LBX/marked_tiff/Left/LBX012V01_L_MARK.tif,Landmarked_LBX/txt/Left/LBX012V01_L.txt,Raw_Images/LBX/LBX012V01_L.tif,LBX,32,32,roi,3840,2160,"[[2483.0, 899.0], [2528.5, 1090.5], [2384.5, 1212.5], [2146.5, 1192.5], [2011.5, 1206.5], [1881.5, 1221.5], [1772.5, 1231.5], [1693.5, 1236.5], [1622.5, 1241.1666259765625], [1557.1666259765625, 1251.8333740234375], [1470.8333740234375, 1210.1666259765625], [1406.1666259765625, 1132.1666259765625], [1346.8333740234375, 1050.8333740234375], [2006.5, 1044.5], [1937.5, 1104.5], [1875.5, 1093.5], [1830.5, 1141.5], [1774.5, 1122.5], [1748.5, 1175.5], [1677.5, 1140.5], [1668.5, 1189.5], [1601.5, 1143.5], [1588.1666259765625, 1188.5], [1544.1666259765625, 1111.8333740234375], [2205.5, 939.8333129882812], [2204.166748046875, 883.1666870117188], [2002.5, 984.5], [1870.166748046875, 1023.1666870117188], [1767.5, 1041.5], [1669.5, 1051.5], [1598.5, 1054.5], [1540.1666259765625, 1054.1666259765625]]",
LBX,Left,lbx013v01_l,Landmarked_LBX/marked_tiff/Left/LBX013V01_L_MARK.tif,Landmarked_LBX/txt/Left/LBX013V01_L.txt,Raw_Images/LBX/LBX013V01_L.tif,LBX,32,32,roi,3840,2160,"[[2440.833251953125, 916.1666870117188], [2478.5, 1098.5], [2330.166748046875, 1210.8333740234375], [2129.5, 1182.5], [1989.5, 1188.5], [1881.5, 1206.5], [1784.5, 1224.5], [1706.5, 1230.5], [1636.5, 1239.5], [1573.8333740234375, 1239.8333740234375], [1502.5, 1201.5], [1435.5, 1140.0], [1372.5, 1070.0], [1997.5, 1049.5], [1932.5, 1105.5], [1881.5, 1093.5], [1835.5, 1144.5], [1776.5, 1125.5], [1753.5, 1174.5], [1695.5, 1145.5], [1686.5, 1194.5], [1625.5, 1152.5], [1606.5, 1180.5], [1561.5, 1125.5], [2189.833251953125, 939.8333129882812], [2189.166748046875, 889.1666870117188], [1997.0, 988.0], [1877.5, 1024.8333740234375], [1770.75, 1045.5], [1687.0, 1057.75], [1620.5, 1065.0], [1556.5, 1069.5]]",
LBX,Left,lbx013v03_l,Landmarked_LBX/marked_tiff/Left/LBX013V03_L_MARK.tif,Landmarked_LBX/txt/Left/LBX013V03_L.txt,Raw_Images/LBX/LBX013V03_L.tif,LBX,32,32,roi,3840,2160,"[[2470.5, 878.5], [2493.5, 1080.5], [2346.5, 1203.5], [2122.5, 1154.5], [2012.5, 1163.5], [1889.5, 1183.5], [1778.5, 1196.5], [1695.1666259765625, 1199.5], [1622.8333740234375, 1208.5], [1547.1666259765625, 1216.1666259765625], [1455.1666259765625, 1175.8333740234375], [1383.1666259765625, 1103.1666259765625], [1311.8333740234375, 1017.1666870117188], [2003.166748046875, 983.5], [1925.166748046875, 1039.5], [1869.166748046875, 1044.1666259765625], [1827.166748046875, 1086.8333740234375], [1773.8333740234375, 1074.8333740234375], [1739.8333740234375, 1120.8333740234375], [1675.1666259765625, 1098.1666259765625], [1661.8333740234375, 1146.1666259765625], [1605.5, 1108.5], [1587.5, 1158.5], [1530.5, 1076.5], [2173.5, 899.8333129882812], [2174.166748046875, 835.8333129882812], [1996.166748046875, 928.1666870117188], [1862.166748046875, 973.5], [1762.1666259765625, 995.5], [1664.8333740234375, 1007.5], [1594.1666259765625, 1015.5], [1525.5, 1021.5]]",
LBX,Left,lbx013v04_l,Landmarked_LBX/marked_tiff/Left/LBX013V04_L_MARK.tif,Landmarked_LBX/txt/Left/LBX013V04_L.txt,Raw_Images/LBX/LBX013V04_L.tif,LBX,32,32,roi,3840,2160,"[[2432.0, 912.0], [2474.166748046875, 1116.1666259765625], [2351.5, 1202.8333740234375], [2119.5, 1182.1666259765625], [1987.5, 1184.8333740234375], [1878.1666259765625, 1196.8333740234375], [1780.8333740234375, 1207.5], [1702.1666259765625, 1218.1666259765625], [1627.5, 1226.5], [1545.1666259765625, 1227.8333740234375], [1461.8333740234375, 1183.1666259765625], [1393.1666259765625, 1106.5], [1342.5, 1038.5], [1993.5, 1027.5], [1922.5, 1084.5], [1870.5, 1076.5], [1825.5, 1122.5], [1768.5, 1106.5], [1741.5, 1152.5], [1678.5, 1120.5], [1676.5, 1176.5], [1611.5, 1133.5], [1593.5, 1169.5], [1541.8333740234375, 1100.5], [2176.5, 930.5], [2173.5, 877.1666870117188], [1990.833251953125, 968.1666870117188], [1866.833251953125, 1007.5], [1761.5, 1026.0], [1673.5, 1036.5], [1606.1666259765625, 1041.1666259765625], [1538.1666259765625, 1041.8333740234375]]",
LBX,Left,lbx013v05_l,Landmarked_LBX/marked_tiff/Left/LBX013V05_L_MARK.tif,Landmarked_LBX/txt/Left/LBX013V05_L.txt,Raw_Images/LBX/LBX013V05_L.tif,LBX,32,32,roi,3840,2160,"[[2404.0, 901.0], [2450.5, 1119.5], [2325.5, 1241.5], [2127.5, 1204.5], [2013.5, 1205.1666259765625], [1900.1666259765625, 1223.8333740234375], [1806.8333740234375, 1238.5], [1733.5, 1245.1666259765625], [1666.5, 1256.0], [1605.8333740234375, 1263.8333740234375], [1522.5, 1243.8333740234375], [1447.1666259765625, 1179.1666259765625], [1382.1666259765625, 1109.1666259765625], [1998.5, 1054.8333740234375], [1928.5, 1100.1666259765625], [1878.5, 1100.8333740234375], [1842.5, 1139.5], [1793.1666259765625, 1131.5], [1759.8333740234375, 1169.5], [1709.1666259765625, 1150.1666259765625], [1688.5, 1190.8333740234375], [1644.1666259765625, 1167.5], [1629.1666259765625, 1206.8333740234375], [1577.1666259765625, 1149.8333740234375], [2147.166748046875, 953.5], [2149.166748046875, 909.5], [1995.833251953125, 996.1666870117188], [1875.5, 1039.5], [1789.8333740234375, 1062.5], [1707.0, 1079.25], [1640.5, 1085.8333740234375], [1574.5, 1093.1666259765625]]",
LBX,Left,lbx013v07_l,Landmarked_LBX/marked_tiff/Left/LBX013V07_L_MARK.tif,Landmarked_LBX/txt/Left/LBX013V07_L.txt,Raw_Images/LBX/LBX013V07_L.tif,LBX,32,32,roi,3840,2160,"[[2503.0, 916.0], [2500.166748046875, 1122.8333740234375], [2305.5, 1210.8333740234375], [2106.5, 1175.5], [2000.5, 1184.5], [1880.5, 1194.5], [1772.5, 1206.5], [1708.5, 1211.5], [1634.5, 1215.5], [1567.5, 1215.5], [1484.0, 1178.5], [1425.0, 1112.0], [1371.5, 1045.5], [2006.5, 1027.5], [1934.0, 1084.0], [1886.5, 1081.0], [1836.5, 1120.5], [1786.0, 1105.0], [1755.5, 1152.0], [1703.5, 1120.5], [1682.5, 1168.5], [1632.5, 1128.5], [1611.5, 1165.5], [1548.5, 1103.5], [2213.166748046875, 934.1666870117188], [2211.166748046875, 880.1666870117188], [2005.5, 975.0], [1884.5, 1011.0], [1784.5, 1029.5], [1697.5, 1038.0], [1626.1666259765625, 1044.1666259765625], [1542.8333740234375, 1046.1666259765625]]",
LBX,Left,lbx013v08_l,Landmarked_LBX/marked_tiff/Left/LBX013V08_L_MARK.tif,Landmarked_LBX/txt/Left/LBX013V08_L.txt,Raw_Images/LBX/LBX013V08_L.tif,LBX,32,32,roi,3840,2160,"[[2506.0, 940.0], [2496.5, 1184.5], [2337.5, 1253.5], [2104.5, 1212.5], [1965.5, 1222.5], [1843.5, 1234.5], [1751.5, 1238.5], [1671.5, 1241.5], [1600.5, 1246.5], [1529.1666259765625, 1243.5], [1440.8333740234375, 1209.5], [1373.5, 1130.8333740234375], [1322.1666259765625, 1051.5], [1988.5, 1059.8333740234375], [1914.5, 1109.8333740234375], [1861.833251953125, 1103.1666259765625], [1816.5, 1151.1666259765625], [1761.1666259765625, 1129.8333740234375], [1729.8333740234375, 1183.1666259765625], [1671.1666259765625, 1144.5], [1655.8333740234375, 1199.1666259765625], [1600.0, 1149.5], [1586.0, 1210.0], [1502.5, 1118.5], [2201.833251953125, 953.1666870117188], [2200.5, 887.1666870117188], [1981.5, 1001.1666870117188], [1854.166748046875, 1035.1666259765625], [1752.1666259765625, 1050.5], [1662.0, 1058.0], [1592.5, 1061.5], [1498.5, 1061.5]]",
LBX,Left,lbx013v09_l,Landmarked_LBX/marked_tiff/Left/LBX013V09_L_MARK.tif,Landmarked_LBX/txt/Left/LBX013V09_L.txt,Raw_Images/LBX/LBX013V09_L.tif,LBX,32,32,roi,3840,2160,"[[2440.0, 909.0], [2478.166748046875, 1144.1666259765625], [2360.833251953125, 1196.1666259765625], [2110.5, 1176.5], [1993.5, 1190.5], [1875.5, 1208.5], [1765.8333740234375, 1218.8333740234375], [1685.8333740234375, 1229.5], [1619.1666259765625, 1237.5], [1535.1666259765625, 1240.1666259765625], [1447.5, 1204.5], [1385.5, 1143.5], [1316.5, 1061.5], [1974.5, 1038.5], [1906.5, 1094.5], [1853.5, 1092.5], [1815.5, 1134.5], [1756.5, 1116.5], [1735.5, 1170.5], [1665.5, 1137.5], [1661.5, 1184.5], [1598.5, 1149.5], [1584.5, 1185.5], [1537.5, 1121.5], [2177.5, 928.5], [2178.5, 871.5], [1970.0, 982.0], [1844.5, 1020.5], [1749.0, 1041.0], [1656.5, 1054.5], [1588.5, 1061.0], [1537.0, 1065.0]]",
LBX,Left,lbx013v10_l,Landmarked_LBX/marked_tiff/Left/LBX013V10_L_MARK.tif,Landmarked_LBX/txt/Left/LBX013V10_L.txt,Raw_Images/LBX/LBX013V10_L.tif,LBX,32,32,roi,3840,2160,"[[2468.833251953125, 941.8333129882812], [2498.166748046875, 1117.8333740234375], [2348.833251953125, 1211.5], [2122.166748046875, 1178.1666259765625], [2006.1666259765625, 1187.5], [1879.5, 1200.8333740234375], [1779.5, 1214.1666259765625], [1706.1666259765625, 1227.5], [1633.5, 1236.5], [1561.5, 1236.5], [1480.0, 1201.5], [1413.5, 1138.0], [1350.5, 1070.5], [1995.5, 1040.5], [1925.166748046875, 1093.5], [1867.833251953125, 1096.1666259765625], [1829.8333740234375, 1137.5], [1775.1666259765625, 1119.5], [1748.5, 1166.1666259765625], [1689.5, 1139.5], [1678.5, 1192.5], [1622.5, 1151.5], [1601.5, 1192.5], [1561.5, 1119.5], [2187.0, 941.5], [2184.5, 894.0], [1992.75, 986.5], [1860.0, 1027.0], [1767.5, 1045.0], [1680.0, 1056.5], [1620.0, 1060.5], [1559.0, 1064.5]]",
LBX,Left,lbx013v11_l,Landmarked_LBX/marked_tiff/Left/LBX013V11_L_MARK.tif,Landmarked_LBX/txt/Left/LBX013V11_L.txt,Raw_Images/LBX/LBX013V11_L.tif,LBX,32,32,roi,3840,2160,"[[2460.0, 925.0], [2479.5, 1132.8333740234375], [2339.5, 1200.8333740234375], [2099.5, 1169.5], [1977.5, 1179.5], [1851.5, 1200.5], [1765.5, 1213.5], [1687.5, 1226.5], [1613.5, 1234.5], [1545.5, 1237.5], [1466.5, 1195.1666259765625], [1401.1666259765625, 1131.1666259765625], [1337.1666259765625, 1058.5], [1967.833251953125, 1038.8333740234375], [1911.166748046875, 1096.1666259765625], [1857.166748046875, 1085.5], [1811.8333740234375, 1134.8333740234375], [1757.8333740234375, 1115.5], [1733.1666259765625, 1168.8333740234375], [1672.5, 1138.8333740234375], [1657.5, 1185.5], [1604.5, 1150.5], [1590.5, 1191.5], [1540.5, 1118.5], [2170.833251953125, 949.5], [2165.5, 890.8333129882812], [1965.5, 985.5], [1851.5, 1016.8333129882812], [1752.1666259765625, 1038.1666259765625], [1666.5, 1052.5], [1599.8333740234375, 1060.1666259765625], [1536.8333740234375, 1063.5]]",
LBX,Left,lbx013v14_l,Landmarked_LBX/marked_tiff/Left/LBX013V14_L_MARK.tif,Landmarked_LBX/txt/Left/LBX013V14_L.txt,Raw_Images/LBX/LBX013V14_L.tif,LBX,32,32,roi,3840,2160,"[[2453.0, 904.0], [2467.5, 1123.5], [2328.5, 1199.5], [2109.5, 1172.5], [2005.5, 1184.5], [1903.5, 1196.5], [1788.5, 1205.5], [1708.5, 1214.5], [1629.5, 1227.5], [1550.5, 1227.1666259765625], [1477.5, 1182.5], [1421.0, 1126.5], [1373.0, 1071.0], [1983.5, 1029.8333740234375], [1921.5, 1079.8333740234375], [1874.8333740234375, 1078.5], [1830.8333740234375, 1119.1666259765625], [1777.5, 1111.1666259765625], [1749.5, 1151.8333740234375], [1688.5, 1132.5], [1674.1666259765625, 1175.1666259765625], [1625.0, 1143.0], [1601.5, 1177.0], [1559.0, 1120.5], [2179.166748046875, 921.8333129882812], [2175.833251953125, 869.8333129882812], [1981.0, 973.0], [1870.5, 1010.5], [1776.5, 1031.8333740234375], [1683.5, 1048.0], [1623.0, 1054.5], [1557.5, 1061.0]]",
LBX,Left,lbx013v16_l,Landmarked_LBX/marked_tiff/Left/LBX013V16_L_MARK.tif,Landmarked_LBX/txt/Left/LBX013V16_L.txt,Raw_Images/LBX/LBX013V16_L.tif,LBX,32,32,roi,3840,2160,"[[2416.0, 914.0], [2477.5, 1136.5], [2341.5, 1222.5], [2091.5, 1185.0], [1995.5, 1202.5], [1873.8333740234375, 1217.1666259765625], [1768.8333740234375, 1221.5], [1690.5, 1226.5], [1611.5, 1234.5], [1542.5, 1236.1666259765625], [1463.5, 1196.1666259765625], [1397.1666259765625, 1131.5], [1337.5, 1060.5], [1969.833251953125, 1041.1666259765625], [1907.833251953125, 1089.5], [1854.5, 1088.8333740234375], [1813.1666259765625, 1130.8333740234375], [1756.5, 1120.1666259765625], [1726.5, 1162.1666259765625], [1671.8333740234375, 1137.1666259765625], [1656.5, 1183.8333740234375], [1599.5, 1148.0], [1582.25, 1189.0], [1537.0, 1120.5], [2132.833251953125, 952.5], [2131.5, 905.8333129882812], [1967.5, 985.0], [1851.5, 1020.8333129882812], [1750.1666259765625, 1043.1666259765625], [1665.1666259765625, 1053.5], [1596.1666259765625, 1061.5], [1535.1666259765625, 1064.5]]",
LBX,Left,lbx013v18_l,Landmarked_LBX/marked_tiff/Left/LBX013V18_L_MARK.tif,Landmarked_LBX/txt/Left/LBX013V18_L.txt,Raw_Images/LBX/LBX013V18_L.tif,LBX,32,32,roi,3840,2160,"[[2454.0, 933.0], [2490.5, 1135.5], [2352.5, 1246.5], [2088.5, 1207.5], [1970.5, 1216.5], [1839.5, 1221.5], [1738.5, 1233.5], [1661.5, 1235.5], [1600.5, 1240.5], [1495.5, 1242.1666259765625], [1425.5, 1201.5], [1364.8333740234375, 1138.8333740234375], [1312.1666259765625, 1074.8333740234375], [1965.5, 1055.5], [1904.5, 1105.5], [1848.5, 1103.5], [1798.5, 1141.5], [1753.5, 1131.5], [1717.0, 1173.0], [1662.5, 1148.0], [1647.0, 1199.5], [1594.0, 1155.5], [1582.5, 1201.0], [1511.0, 1126.5], [2167.166748046875, 959.1666870117188], [2167.833251953125, 900.8333129882812], [1962.5, 1003.1666870117188], [1844.5, 1036.5], [1748.5, 1055.5], [1656.8333740234375, 1066.1666259765625], [1584.0, 1071.0], [1507.5, 1071.0]]",
LBX,Left,lbx013v19_l,Landmarked_LBX/marked_tiff/Left/LBX013V19_L_MARK.tif,Landmarked_LBX/txt/Left/LBX013V19_L.txt,Raw_Images/LBX/LBX013V19_L.tif,LBX,32,32,roi,3840,2160,"[[2357.0, 944.0], [2406.166748046875, 1112.8333740234375], [2248.833251953125, 1230.1666259765625], [2038.5, 1193.5], [1915.5, 1199.1666259765625], [1809.5, 1215.8333740234375], [1719.5, 1228.5], [1636.8333740234375, 1236.5], [1572.5, 1245.5], [1508.5, 1249.5], [1430.8333740234375, 1213.5], [1366.1666259765625, 1156.1666259765625], [1300.5, 1090.5], [1903.833251953125, 1068.1666259765625], [1833.166748046875, 1114.8333740234375], [1783.1666259765625, 1115.5], [1746.5, 1148.8333740234375], [1695.8333740234375, 1140.1666259765625], [1668.5, 1174.8333740234375], [1615.1666259765625, 1158.8333740234375], [1595.8333740234375, 1192.1666259765625], [1551.8333740234375, 1169.5], [1531.5, 1201.5], [1479.5, 1143.5], [2055.5, 985.8333129882812], [2055.0, 934.5], [1901.5, 1007.8333129882812], [1779.1666259765625, 1041.5], [1690.8333740234375, 1059.1666259765625], [1610.1666259765625, 1069.8333740234375], [1548.0, 1077.75], [1475.1666259765625, 1083.5]]",
LBX,Left,lbx014v01_l,Landmarked_LBX/marked_tiff/Left/LBX014V01_L_MARK.tif,Landmarked_LBX/txt/Left/LBX014V01_L.txt,Raw_Images/LBX/LBX014V01_L.tif,LBX,32,32,roi,3840,2160,"[[2434.0, 959.0], [2443.5, 1149.5], [2291.5, 1215.5], [2071.166748046875, 1185.5], [1961.8333740234375, 1189.5], [1851.1666259765625, 1204.1666259765625], [1767.1666259765625, 1212.1666259765625], [1696.5, 1220.1666259765625], [1632.5, 1229.5], [1567.1666259765625, 1234.8333740234375], [1486.5, 1204.5], [1424.5, 1150.5], [1366.5, 1084.5], [1994.166748046875, 1030.1666259765625], [1880.166748046875, 1091.8333740234375], [1834.1666259765625, 1089.8333740234375], [1795.5, 1135.1666259765625], [1748.1666259765625, 1116.5], [1723.5, 1159.1666259765625], [1663.5, 1139.5], [1666.5, 1187.5], [1605.5, 1149.5], [1593.5, 1189.5], [1547.5, 1121.5], [2184.833251953125, 933.5], [2182.833251953125, 874.1666870117188], [1990.5, 964.1666870117188], [1829.1666259765625, 1017.5], [1743.1666259765625, 1038.1666259765625], [1656.5, 1051.5], [1604.0, 1058.75], [1547.75, 1066.0]]",
LBX,Left,lbx014v02_l,Landmarked_LBX/marked_tiff/Left/LBX014V02__MARK_L.tif,Landmarked_LBX/txt/Left/LBX014V02_L.txt,Raw_Images/LBX/LBX014V02_L.tif,LBX,32,32,roi,3840,2160,"[[2482.0, 898.0], [2512.833251953125, 1095.5], [2375.5, 1206.1666259765625], [2150.166748046875, 1180.1666259765625], [1996.8333740234375, 1190.8333740234375], [1884.8333740234375, 1204.1666259765625], [1754.1666259765625, 1220.1666259765625], [1676.8333740234375, 1233.5], [1602.1666259765625, 1244.1666259765625], [1540.8333740234375, 1245.5], [1451.5, 1213.5], [1383.5, 1150.5], [1319.5, 1079.5], [1986.5, 1031.5], [1912.833251953125, 1094.1666259765625], [1855.166748046875, 1090.8333740234375], [1820.8333740234375, 1136.8333740234375], [1755.1666259765625, 1120.8333740234375], [1729.5, 1171.5], [1659.5, 1143.5], [1657.5, 1198.5], [1588.5, 1158.5], [1573.5, 1197.5], [1515.5, 1133.5], [2198.166748046875, 927.8333129882812], [2196.166748046875, 867.8333129882812], [1985.833251953125, 975.5], [1853.166748046875, 1018.1666870117188], [1751.5, 1041.5], [1655.0, 1056.0], [1585.5, 1062.5], [1511.0, 1069.0]]",
LBX,Left,lbx016v01_l,Landmarked_LBX/marked_tiff/Left/LBX016V01_L_MARK.tif,Landmarked_LBX/txt/Left/LBX016V01_L.txt,Raw_Images/LBX/LBX016V01_L.tif,LBX,32,32,roi,3840,2160,"[[2462.0, 944.0], [2511.5, 1122.1666259765625], [2370.166748046875, 1231.5], [2143.5, 1192.8333740234375], [2006.1666259765625, 1204.8333740234375], [1888.5, 1225.5], [1779.5, 1238.5], [1699.5, 1242.5], [1634.5, 1255.5], [1569.5, 1257.5], [1484.5, 1229.5], [1413.5, 1167.5], [1339.5, 1086.5], [1992.5, 1048.5], [1927.5, 1102.5], [1866.5, 1098.5], [1826.5, 1147.5], [1774.5, 1129.5], [1745.5, 1178.5], [1694.8333740234375, 1148.8333740234375], [1678.8333740234375, 1205.5], [1618.8333740234375, 1157.5], [1592.1666259765625, 1194.1666259765625], [1554.1666259765625, 1136.8333740234375], [2183.5, 948.1666870117188], [2186.166748046875, 892.8333129882812], [1991.833251953125, 988.8333129882812], [1864.0, 1028.5], [1772.0, 1049.0], [1695.5, 1060.0], [1615.0, 1070.5], [1551.5, 1077.5]]",
LBX,Left,lbx016v02_l,Landmarked_LBX/marked_tiff/Left/LBX016V02_L_MARK.tif,Landmarked_LBX/txt/Left/LBX016V02_L.txt,Raw_Images/LBX/LBX016V02_L.tif,LBX,32,32,roi,3840,2160,"[[2422.0, 919.0], [2454.5, 1082.5], [2338.5, 1198.5], [2109.5, 1172.8333740234375], [1986.8333740234375, 1179.5], [1876.8333740234375, 1191.5], [1777.5, 1206.8333740234375], [1701.5, 1216.5], [1631.5, 1225.5], [1565.5, 1227.5], [1490.1666259765625, 1181.8333740234375], [1428.5, 1122.5], [1378.1666259765625, 1060.1666259765625], [1982.0, 1037.0], [1920.5, 1084.5], [1864.5, 1081.5], [1825.5, 1125.0], [1769.5, 1112.0], [1744.0, 1150.5], [1685.5, 1129.5], [1659.5, 1162.5], [1626.1666259765625, 1137.8333740234375], [1600.1666259765625, 1160.5], [1564.1666259765625, 1117.8333740234375], [2160.833251953125, 932.5], [2162.166748046875, 878.1666870117188], [1979.166748046875, 978.8333129882812], [1861.8333740234375, 1019.8333129882812], [1767.5, 1040.0], [1685.0, 1052.0], [1624.5, 1056.8333740234375], [1561.8333740234375, 1060.8333740234375]]",
LBX,Left,lbx016v03_l,Landmarked_LBX/marked_tiff/Left/LBX016V03_L_MARK.tif,Landmarked_LBX/txt/Left/LBX016V03_L.txt,Raw_Images/LBX/LBX016V03_L.tif,LBX,32,32,roi,3840,2160,"[[2461.0, 972.0], [2483.5, 1120.5], [2336.5, 1234.5], [2114.5, 1199.5], [1987.5, 1204.5], [1874.5, 1214.5], [1763.5, 1228.0], [1682.5, 1227.5], [1607.5, 1241.5], [1549.5, 1242.5], [1462.0, 1201.0], [1397.5, 1136.5], [1330.0, 1061.5], [1975.5, 1051.0], [1918.5, 1100.0], [1865.5, 1088.0], [1816.0, 1128.5], [1764.0, 1115.5], [1730.5, 1162.5], [1673.5, 1128.5], [1652.5, 1181.5], [1598.0, 1140.0], [1575.5, 1174.0], [1534.0, 1125.0], [2190.0, 954.0], [1974.5, 997.8333129882812], [2190.5, 900.0], [1863.0, 1028.5], [1761.5, 1048.8333740234375], [1670.0, 1057.25], [1595.5, 1060.5], [1533.5, 1061.5]]",
LBX,Left,lbx016v04_l,Landmarked_LBX/marked_tiff/Left/LBX016V04_L_MARK.tif,Landmarked_LBX/txt/Left/LBX016V04_L.txt,Raw_Images/LBX/LBX016V04_L.tif,LBX,32,32,roi,3840,2160,"[[2454.0, 894.0], [2471.5, 1115.5], [2321.5, 1211.5], [2083.5, 1177.5], [1995.5, 1186.5], [1874.1666259765625, 1198.5], [1763.5, 1214.5], [1685.5, 1224.5], [1619.0, 1237.0], [1553.5, 1245.0], [1469.5, 1215.5], [1395.5, 1145.5], [1328.5, 1065.5], [1986.166748046875, 1027.1666259765625], [1916.833251953125, 1077.8333740234375], [1853.5, 1077.8333740234375], [1816.8333740234375, 1117.8333740234375], [1761.5, 1107.8333740234375], [1742.5, 1161.0], [1676.0, 1130.0], [1666.5, 1187.0], [1601.5, 1139.5], [1580.0, 1170.0], [1526.5, 1122.5], [2179.5, 921.1666870117188], [2178.833251953125, 867.1666870117188], [1984.166748046875, 965.5], [1851.833251953125, 1009.1666870117188], [1761.5, 1033.1666259765625], [1673.5, 1045.8333740234375], [1597.8333740234375, 1054.1666259765625], [1522.8333740234375, 1057.8333740234375]]",
LBX,Left,lbx016v06_l,Landmarked_LBX/marked_tiff/Left/LBX016V06_L_MARK.tif,Landmarked_LBX/txt/Left/LBX016V06_L.txt,Raw_Images/LBX/LBX016V06_L.tif,LBX,32,32,roi,3840,2160,"[[2420.0, 938.0], [2471.5, 1113.5], [2353.5, 1209.5], [2112.833251953125, 1180.8333740234375], [2002.1666259765625, 1191.5], [1894.1666259765625, 1211.5], [1796.8333740234375, 1223.5], [1724.8333740234375, 1235.5], [1659.5, 1239.5], [1588.8333740234375, 1242.1666259765625], [1509.5, 1205.5], [1444.1666259765625, 1146.1666259765625], [1382.8333740234375, 1082.8333740234375], [1985.5, 1048.5], [1924.5, 1102.5], [1869.5, 1100.5], [1829.5, 1140.5], [1779.5, 1129.5], [1755.5, 1175.5], [1695.5, 1146.5], [1686.5, 1191.5], [1632.5, 1155.5], [1609.8333740234375, 1181.5], [1570.5, 1128.1666259765625], [2156.833251953125, 947.8333129882812], [2155.5, 901.8333129882812], [1981.166748046875, 994.8333129882812], [1863.8333740234375, 1033.5], [1773.1666259765625, 1052.8333740234375], [1690.0, 1066.5], [1625.5, 1071.5], [1568.5, 1075.5]]",
LBX,Left,lbx016v08_l,Landmarked_LBX/marked_tiff/Left/LBX016V08_L_MARK.tif,Landmarked_LBX/txt/Left/LBX016V08_L.txt,Raw_Images/LBX/LBX016V08_L.tif,LBX,32,32,roi,3840,2160,"[[2425.0, 915.0], [2449.5, 1117.5], [2317.5, 1196.5], [2121.5, 1165.5], [1997.5, 1166.5], [1882.5, 1178.5], [1782.5, 1193.5], [1706.5, 1199.5], [1637.5, 1208.5], [1576.1666259765625, 1212.1666259765625], [1506.1666259765625, 1182.8333740234375], [1446.1666259765625, 1119.5], [1396.1666259765625, 1055.5], [1984.5, 1025.5], [1919.5, 1068.5], [1868.5, 1068.5], [1830.5, 1106.5], [1773.5, 1102.5], [1753.5, 1136.5], [1694.5, 1120.5], [1680.8333740234375, 1159.5], [1630.8333740234375, 1126.1666259765625], [1608.1666259765625, 1149.5], [1571.5, 1107.5], [2157.166748046875, 935.1666870117188], [2154.5, 877.1666870117188], [1983.5, 969.1666870117188], [1867.5, 1009.1666870117188], [1769.8333740234375, 1029.1666259765625], [1692.1666259765625, 1041.8333740234375], [1626.8333740234375, 1048.5], [1568.1666259765625, 1052.8333740234375]]",
LBX,Left,lbx016v09_l,Landmarked_LBX/marked_tiff/Left/LBX016V09_L_MARK.tif,Landmarked_LBX/txt/Left/LBX016V09_L.txt,Raw_Images/LBX/LBX016V09_L.tif,LBX,32,32,roi,3840,2160,"[[2452.0, 929.0], [2504.833251953125, 1110.1666259765625], [2390.166748046875, 1203.5], [2146.5, 1196.5], [1994.5, 1204.5], [1891.5, 1216.8333740234375], [1783.5, 1235.5], [1708.5, 1246.5], [1638.5, 1248.5], [1572.5, 1250.5], [1483.1666259765625, 1221.8333740234375], [1407.1666259765625, 1151.1666259765625], [1343.8333740234375, 1075.1666259765625], [1998.5, 1052.5], [1934.5, 1112.5], [1878.5, 1100.5], [1842.5, 1150.5], [1784.5, 1128.5], [1760.5, 1180.5], [1692.5, 1146.5], [1684.5, 1207.1666259765625], [1624.5, 1156.5], [1602.5, 1193.1666259765625], [1549.5, 1131.8333740234375], [2175.166748046875, 942.5], [2175.166748046875, 896.5], [1996.5, 992.5], [1875.833251953125, 1034.5], [1779.5, 1055.1666259765625], [1688.1666259765625, 1067.8333740234375], [1619.5, 1073.1666259765625], [1549.5, 1077.8333740234375]]",
LBX,Left,lbx016v10_l,Landmarked_LBX/marked_tiff/Left/LBX016V10_L_MARK.tif,Landmarked_LBX/txt/Left/LBX016V10_L.txt,Raw_Images/LBX/LBX016V10_L.tif,LBX,32,32,roi,3840,2160,"[[2466.0, 927.0], [2478.5, 1084.1666259765625], [2307.833251953125, 1214.8333740234375], [2091.5, 1168.8333740234375], [1971.5, 1183.5], [1850.1666259765625, 1192.8333740234375], [1748.8333740234375, 1210.1666259765625], [1670.1666259765625, 1218.1666259765625], [1596.8333740234375, 1227.5], [1520.5, 1227.0], [1455.5, 1184.5], [1399.5, 1136.5], [1342.5, 1073.5], [1977.833251953125, 1029.1666259765625], [1910.166748046875, 1084.8333740234375], [1853.1666259765625, 1077.1666259765625], [1814.5, 1128.1666259765625], [1756.5, 1112.1666259765625], [1724.5, 1156.8333740234375], [1665.1666259765625, 1131.5], [1649.1666259765625, 1181.5], [1591.5, 1146.5], [1578.5, 1188.5], [1502.5, 1116.5], [2182.5, 930.5], [2183.833251953125, 873.1666870117188], [1975.833251953125, 972.8333129882812], [1848.75, 1009.5], [1749.1666259765625, 1039.5], [1661.5, 1051.6666259765625], [1586.1666259765625, 1059.1666259765625], [1500.0, 1064.5]]",
LBX,Left,lbx016v11_l,Landmarked_LBX/marked_tiff/Left/LBX016V11_L_MARK.tif,Landmarked_LBX/txt/Left/LBX016V11_L.txt,Raw_Images/LBX/LBX016V11_L.tif,LBX,32,32,roi,3840,2160,"[[2433.0, 933.0], [2487.5, 1140.8333740234375], [2358.166748046875, 1226.1666259765625], [2137.5, 1192.5], [2021.5, 1196.5], [1903.5, 1210.5], [1811.5, 1223.8333740234375], [1736.8333740234375, 1226.5], [1656.5, 1236.5], [1594.5, 1237.5], [1514.5, 1207.5], [1457.5, 1149.5], [1401.5, 1084.5], [2015.5, 1047.5], [1942.5, 1096.5], [1894.5, 1092.5], [1849.5, 1137.5], [1798.5, 1120.5], [1765.5, 1166.5], [1710.8333740234375, 1146.8333740234375], [1697.5, 1192.1666259765625], [1646.8333740234375, 1153.5], [1628.1666259765625, 1197.5], [1587.8333740234375, 1129.1666259765625], [2160.166748046875, 953.5], [2159.833251953125, 909.8333129882812], [2017.5, 987.5], [1888.5, 1030.5], [1792.5, 1051.5], [1706.5, 1065.5], [1638.5, 1071.5], [1581.5, 1075.5]]",
LBX,Left,rx013xinv7-1-v17_l,Landmarked_LBX/marked_tiff/Left/RX013xINV7-1-V17_L_MARK.tif,Landmarked_LBX/txt/Left/RX013xINV7-1-V17_L.txt,Raw_Images/LBX/RX013xINV7-1-V17_L.tif,LBX,32,32,roi,3840,2160,"[[2392.0, 976.0], [2426.166748046875, 1187.5], [2294.166748046875, 1250.1666259765625], [2087.5, 1215.5], [1947.5, 1219.5], [1819.8333740234375, 1229.5], [1726.8333740234375, 1241.8333740234375], [1658.5, 1242.0], [1588.0, 1254.0], [1521.8333740234375, 1255.5], [1452.5, 1212.5], [1389.0, 1152.5], [1326.5, 1086.5], [1950.833251953125, 1080.5], [1880.833251953125, 1129.8333740234375], [1828.8333740234375, 1129.1666259765625], [1782.1666259765625, 1174.5], [1730.8333740234375, 1155.8333740234375], [1706.1666259765625, 1200.5], [1646.1666259765625, 1166.5], [1632.1666259765625, 1208.5], [1578.1666259765625, 1171.1666259765625], [1562.1666259765625, 1206.5], [1517.5, 1138.5], [2129.5, 995.8333129882812], [2126.833251953125, 925.8333129882812], [1948.75, 1020.0], [1826.0, 1058.6666259765625], [1726.0, 1075.75], [1641.5, 1084.0], [1575.5, 1087.5], [1515.3333740234375, 1089.0]]",
LBX,Left,rx013xinv7-1-v18_l,Landmarked_LBX/marked_tiff/Left/RX013xINV7-1-V18_L_MARK.tif,Landmarked_LBX/txt/Left/RX013xINV7-1-V18_L.txt,Raw_Images/LBX/RX013xINV7-1-V18_L.tif,LBX,32,32,roi,3840,2160,"[[2441.0, 990.0], [2454.166748046875, 1173.5], [2307.5, 1232.1666259765625], [2108.5, 1205.1666259765625], [1966.5, 1210.5], [1847.1666259765625, 1230.5], [1748.1666259765625, 1238.1666259765625], [1676.1666259765625, 1246.8333740234375], [1613.5, 1254.8333740234375], [1552.8333740234375, 1254.1666259765625], [1471.5, 1210.5], [1416.0, 1149.0], [1359.8333740234375, 1077.8333740234375], [1988.5, 1072.5], [1914.0, 1117.0], [1862.0, 1120.0], [1816.5, 1152.0], [1766.5, 1146.5], [1731.5, 1187.5], [1675.0, 1160.0], [1656.0, 1196.0], [1610.5, 1167.0], [1586.5, 1199.5], [1536.0, 1138.0], [2155.166748046875, 992.5], [2153.166748046875, 914.5], [1986.5, 995.0], [1858.5, 1038.5], [1766.5, 1063.0], [1670.0, 1078.5], [1606.5, 1085.0], [1535.5, 1090.5]]",
LBX,Left,rx013xinv7-1-v22_l,Landmarked_LBX/marked_tiff/Left/RX013xINV7-1-V22_L_MARK.tif,Landmarked_LBX/txt/Left/RX013xINV7-1-V22_L.txt,Raw_Images/LBX/RX013xINV7-1-V22_L.tif,LBX,32,32,roi,3840,2160,"[[2373.0, 948.0], [2410.166748046875, 1151.5], [2280.833251953125, 1222.1666259765625], [2087.833251953125, 1195.1666259765625], [1956.5, 1207.0], [1832.5, 1223.0], [1731.5, 1234.0], [1660.0, 1241.0], [1583.5, 1248.5], [1518.5, 1249.5], [1440.5, 1207.0], [1374.0, 1150.0], [1319.5, 1090.0], [1946.5, 1063.0], [1887.5, 1110.0], [1831.0, 1113.0], [1787.0, 1155.0], [1731.1666259765625, 1144.8333740234375], [1707.1666259765625, 1186.5], [1644.5, 1160.5], [1636.1666259765625, 1203.1666259765625], [1575.5, 1169.5], [1557.1666259765625, 1192.8333740234375], [1514.1666259765625, 1136.1666259765625], [2117.5, 976.1666870117188], [2113.5, 902.5], [1945.0, 999.5], [1825.8333740234375, 1043.1666259765625], [1727.1666259765625, 1063.8333740234375], [1641.8333740234375, 1074.1666259765625], [1575.75, 1081.5], [1513.25, 1085.75]]",
LBX,Left,rx013xinv7-1-v23_l,Landmarked_LBX/marked_tiff/Left/RX013xINV7-1-V23_L_MARK.tif,Landmarked_LBX/txt/Left/RX013xINV7-1-V23_L.txt,Raw_Images/LBX/RX013xINV7-1-V23_L.tif,LBX,32,32,roi,3840,2160,"[[2359.5, 960.8333129882812], [2384.833251953125, 1146.1666259765625], [2246.166748046875, 1247.5], [2043.5, 1220.8333740234375], [1918.5, 1231.1666259765625], [1795.8333740234375, 1245.8333740234375], [1697.8333740234375, 1257.1666259765625], [1634.5, 1261.1666259765625], [1567.8333740234375, 1265.8333740234375], [1501.8333740234375, 1265.1666259765625], [1432.0, 1222.0], [1360.5, 1155.0], [1299.5, 1079.5], [1920.5, 1076.0], [1855.0, 1128.5], [1799.5, 1130.0], [1754.5, 1171.0], [1700.5, 1153.5], [1675.5, 1201.5], [1621.5, 1165.5], [1611.5, 1216.5], [1555.8333740234375, 1173.5], [1536.8333740234375, 1199.8333740234375], [1490.8333740234375, 1140.5], [2092.166748046875, 990.8333129882812], [2092.833251953125, 921.5], [1921.5, 1014.1666870117188], [1797.5, 1055.5], [1698.1666259765625, 1076.1666259765625], [1620.5, 1083.1666259765625], [1551.5, 1086.8333740234375], [1488.5, 1089.0]]",
LBX,Left,rx013xinv7-1-v24_l,Landmarked_LBX/marked_tiff/Left/RX013xINV7-1-V24_L_MARK.tif,Landmarked_LBX/txt/Left/RX013xINV7-1-V24_L.txt,Raw_Images/LBX/RX013xINV7-1-V24_L.tif,LBX,32,32,roi,3840,2160,"[[2434.0, 942.0], [2471.5, 1107.1666259765625], [2346.166748046875, 1196.5], [2149.5, 1173.8333740234375], [2026.8333740234375, 1184.5], [1897.5, 1199.1666259765625], [1794.8333740234375, 1213.8333740234375], [1729.5, 1219.1666259765625], [1656.1666259765625, 1232.5], [1579.5, 1229.5], [1500.0, 1186.0], [1434.5, 1127.5], [1369.0, 1058.5], [2011.5, 1032.5], [1941.0, 1087.5], [1887.0, 1081.5], [1844.0, 1126.5], [1791.0, 1113.0], [1769.0, 1163.0], [1709.5, 1125.5], [1695.5, 1174.5], [1642.0, 1138.0], [1632.5, 1192.5], [1573.5, 1104.0], [2177.0, 933.5], [2177.5, 877.5], [2009.833251953125, 962.1666870117188], [1885.5, 1006.8333129882812], [1788.8333740234375, 1035.8333740234375], [1708.5, 1048.1666259765625], [1637.1666259765625, 1051.8333740234375], [1569.8333740234375, 1055.1666259765625]]",
LBX,Left,rx013xinv7-1-v26_l,Landmarked_LBX/marked_tiff/Left/RX013xINV7-1-V26_L_MARK.tif,Landmarked_LBX/txt/Left/RX013xINV7-1-V26_L.txt,Raw_Images/LBX/RX013xINV7-1-V26_L.tif,LBX,32,32,roi,3840,2160,"[[2445.0, 906.0], [2498.5, 1107.5], [2357.166748046875, 1194.1666259765625], [2151.833251953125, 1174.5], [2000.5, 1181.8333740234375], [1861.5, 1200.5], [1769.5, 1211.5], [1702.5, 1217.5], [1625.5, 1222.5], [1564.5, 1220.5], [1492.1666259765625, 1174.5], [1428.1666259765625, 1116.5], [1366.8333740234375, 1049.1666259765625], [2002.166748046875, 1031.1666259765625], [1938.166748046875, 1081.8333740234375], [1876.0, 1081.0], [1831.5, 1133.5], [1776.5, 1113.5], [1753.0, 1170.5], [1690.5, 1129.0], [1678.5, 1175.5], [1618.0, 1139.0], [1609.5, 1175.5], [1558.5, 1101.5], [2180.833251953125, 929.5], [2176.166748046875, 868.1666870117188], [2000.5, 969.5], [1872.5, 1013.0], [1769.0, 1035.0], [1680.0, 1043.5], [1612.0, 1046.5], [1555.25, 1048.75]]",
LBX,Left,rx013xinv7-1-v27_l,Landmarked_LBX/marked_tiff/Left/RX013xINV7-1-V27_L_ MARK.tif,Landmarked_LBX/txt/Left/RX013xINV7-1-V27_L.txt,Raw_Images/LBX/RX013xINV7-1-V27_L.tif,LBX,32,32,roi,3840,2160,"[[2399.5, 944.1666870117188], [2414.166748046875, 1117.5], [2319.5, 1190.8333740234375], [2106.5, 1171.5], [1985.1666259765625, 1186.8333740234375], [1865.8333740234375, 1207.5], [1763.8333740234375, 1225.1666259765625], [1690.5, 1237.1666259765625], [1630.5, 1245.5], [1570.5, 1251.5], [1491.1666259765625, 1214.8333740234375], [1419.8333740234375, 1153.5], [1356.5, 1089.5], [1981.5, 1037.5], [1933.0, 1099.5], [1880.0, 1098.5], [1832.0, 1143.0], [1781.5, 1133.5], [1750.5, 1179.5], [1708.5, 1157.5], [1674.5, 1195.5], [1627.5, 1166.5], [1612.5, 1211.5], [1542.5, 1130.5], [2176.5, 951.5], [2175.833251953125, 880.1666870117188], [1983.5, 983.5], [1881.0, 1020.5], [1783.5, 1045.5], [1712.0, 1058.5], [1625.5, 1071.0], [1542.0, 1082.0]]",
LBX,Left,rx013xinv7-1-v28_l,Landmarked_LBX/marked_tiff/Left/RX013xINV7-1-V28_L_MARK.tif,Landmarked_LBX/txt/Left/RX013xINV7-1-V28_L.txt,Raw_Images/LBX/RX013xINV7-1-V28_L.tif,LBX,32,32,roi,3840,2160,"[[2417.166748046875, 927.1666870117188], [2469.166748046875, 1135.1666259765625], [2330.5, 1211.1666259765625], [2106.5, 1175.1666259765625], [1987.8333740234375, 1192.1666259765625], [1883.1666259765625, 1211.5], [1790.5, 1225.5], [1719.1666259765625, 1236.1666259765625], [1655.1666259765625, 1248.1666259765625], [1586.5, 1244.1666259765625], [1508.8333740234375, 1205.8333740234375], [1439.5, 1148.5], [1378.8333740234375, 1084.5], [1996.833251953125, 1046.8333740234375], [1928.166748046875, 1100.8333740234375], [1878.8333740234375, 1104.1666259765625], [1836.1666259765625, 1141.5], [1781.5, 1134.1666259765625], [1760.8333740234375, 1182.8333740234375], [1702.8333740234375, 1152.1666259765625], [1691.5, 1195.5], [1639.5, 1161.5], [1624.5, 1197.5], [1569.5, 1129.5], [2152.5, 950.8333129882812], [2152.5, 892.1666870117188], [1993.833251953125, 986.8333129882812], [1868.1666259765625, 1030.8333740234375], [1773.8333740234375, 1052.1666259765625], [1693.0, 1064.5], [1628.5, 1070.5], [1565.0, 1075.5]]",
LBX,Left,rx013xinv7-1-v31_l,Landmarked_LBX/marked_tiff/Left/RX013xINV7-1-V31_L_MARK.tif,Landmarked_LBX/txt/Left/RX013xINV7-1-V31_L.txt,Raw_Images/LBX/RX013xINV7-1-V31_L.tif,LBX,32,32,roi,3840,2160,"[[2399.0, 953.0], [2441.0, 1106.0], [2331.0, 1206.0], [2135.666748046875, 1185.6666259765625], [2003.0, 1191.6666259765625], [1895.6666259765625, 1202.3333740234375], [1795.0, 1225.0], [1715.0, 1227.0], [1653.0, 1236.0], [1586.0, 1241.0], [1514.0, 1206.0], [1452.0, 1155.5], [1388.0, 1090.0], [1990.333251953125, 1055.0], [1929.666748046875, 1098.3333740234375], [1871.6666259765625, 1105.0], [1833.6666259765625, 1141.0], [1785.0, 1133.6666259765625], [1760.3333740234375, 1177.6666259765625], [1701.0, 1151.6666259765625], [1690.3333740234375, 1191.0], [1641.0, 1163.0], [1622.0, 1192.0], [1570.5, 1134.5], [2145.0, 950.0], [2145.0, 896.0], [1987.0, 990.0], [1866.3333740234375, 1036.0], [1777.6666259765625, 1056.0], [1694.0, 1069.5], [1635.5, 1074.0], [1565.0, 1081.0]]",
LBX,Left,rx013xinv7-1-v32_l,Landmarked_LBX/marked_tiff/Left/RX013xINV7-1-V32_L_MARK.tif,Landmarked_LBX/txt/Left/RX013xINV7-1-V32_L.txt,Raw_Images/LBX/RX013xINV7-1-V32_L.tif,LBX,32,32,roi,3840,2160,"[[2406.166748046875, 958.1666870117188], [2426.16650390625, 1130.1666259765625], [2323.5, 1194.1666259765625], [2127.833251953125, 1165.5], [2013.1666259765625, 1175.5], [1900.5, 1187.5], [1804.0, 1202.0], [1731.0, 1210.5], [1664.5, 1219.5], [1607.5, 1230.1666259765625], [1523.1666259765625, 1192.1666259765625], [1446.5, 1130.1666259765625], [1382.5, 1060.8333740234375], [2037.5, 1011.8333129882812], [1964.5, 1072.0], [1916.0, 1066.5], [1871.0, 1114.5], [1815.5, 1102.5], [1787.5, 1156.0], [1731.0, 1119.0], [1716.0, 1166.0], [1664.0, 1130.5], [1651.0, 1178.0], [1580.0, 1110.5], [2194.5, 902.8333129882812], [2193.833251953125, 859.5], [2037.5, 950.1666870117188], [1914.5, 996.5], [1810.5, 1026.0], [1727.5, 1042.5], [1658.75, 1052.0], [1581.1666259765625, 1060.1666259765625]]",
LBX,Left,rx013xinv7-1-v35_l,Landmarked_LBX/marked_tiff/Left/RX013xINV7-1-V35_L_MARK.tif,Landmarked_LBX/txt/Left/RX013xINV7-1-V35_L.txt,Raw_Images/LBX/RX013xINV7-1-V35_L.tif,LBX,32,32,roi,3840,2160,"[[2352.0, 991.0], [2402.5, 1169.5], [2249.5, 1257.5], [2048.5, 1228.5], [1931.5, 1240.5], [1816.5, 1254.0], [1723.5, 1267.5], [1653.5, 1271.5], [1584.0, 1286.5], [1521.1666259765625, 1289.5], [1447.8333740234375, 1254.1666259765625], [1381.8333740234375, 1192.8333740234375], [1321.8333740234375, 1129.5], [1936.5, 1097.5], [1866.5, 1146.8333740234375], [1812.5, 1148.1666259765625], [1772.5, 1188.8333740234375], [1717.1666259765625, 1176.8333740234375], [1697.1666259765625, 1221.5], [1639.1666259765625, 1190.8333740234375], [1629.1666259765625, 1238.8333740234375], [1569.8333740234375, 1202.1666259765625], [1555.8333740234375, 1242.1666259765625], [1512.5, 1171.5], [2092.5, 999.8333129882812], [2091.833251953125, 944.5], [1932.5, 1030.0], [1802.5, 1073.0], [1708.5, 1093.5], [1628.0, 1106.5], [1564.5, 1113.0], [1508.5, 1116.0]]",
LBX,Left,rx013xinv7-1-v36_l,Landmarked_LBX/marked_tiff/Left/RX013xINV7-1-V36_L_MARK.tif,Landmarked_LBX/txt/Left/RX013xINV7-1-V36_L.txt,Raw_Images/LBX/RX013xINV7-1-V36_L.tif,LBX,32,32,roi,3840,2160,"[[2404.0, 972.0], [2415.5, 1176.5], [2271.166748046875, 1247.5], [2070.166748046875, 1219.5], [1956.8333740234375, 1228.1666259765625], [1840.8333740234375, 1237.5], [1743.1666259765625, 1251.1666259765625], [1672.5, 1260.8333740234375], [1615.8333740234375, 1268.5], [1550.5, 1272.5], [1471.5, 1228.5], [1409.0, 1174.5], [1347.5, 1105.5], [1980.5, 1075.5], [1904.5, 1131.5], [1859.0, 1129.0], [1813.5, 1169.5], [1760.5, 1158.0], [1735.5, 1204.5], [1684.1666259765625, 1173.8333740234375], [1663.5, 1220.5], [1616.0, 1187.0], [1603.5, 1232.0], [1514.0, 1164.0], [2149.5, 991.8333129882812], [2149.5, 925.8333129882812], [1977.5, 1015.1666870117188], [1857.5, 1056.8333740234375], [1756.8333740234375, 1079.1666259765625], [1679.8333740234375, 1096.1666259765625], [1610.8333740234375, 1100.5], [1511.8333740234375, 1107.8333740234375]]",
LBX,Left,rx013xinv7-1-v38_l,Landmarked_LBX/marked_tiff/Left/RX013xINV7-1-V38_L_MARK.tif,Landmarked_LBX/txt/Left/RX013xINV7-1-V38_L.txt,Raw_Images/LBX/RX013xINV7-1-V38_L.tif,LBX,32,32,roi,3840,2160,"[[2366.166748046875, 954.1666870117188], [2390.166748046875, 1123.5], [2247.5, 1219.5], [2024.5, 1179.5], [1914.5, 1188.8333740234375], [1803.5, 1204.8333740234375], [1712.8333740234375, 1216.1666259765625], [1651.5, 1224.8333740234375], [1582.0, 1239.0], [1525.5, 1244.5], [1445.0, 1214.0], [1379.5, 1158.0], [1322.5, 1103.5], [1929.5, 1049.5], [1863.5, 1103.5], [1817.5, 1100.5], [1772.5, 1141.5], [1723.5, 1134.5], [1694.5, 1169.5], [1646.0, 1151.0], [1623.5, 1178.5], [1579.0, 1165.5], [1560.5, 1198.5], [1525.8333740234375, 1122.8333740234375], [2088.166748046875, 979.8333129882812], [2086.833251953125, 903.1666870117188], [1932.833251953125, 972.8333129882812], [1815.8333740234375, 1019.8333129882812], [1721.8333740234375, 1043.8333740234375], [1645.8333740234375, 1063.5], [1575.0, 1075.5], [1524.0, 1081.0]]",
LBX,Left,rx013xinv7-1-v39_l,Landmarked_LBX/marked_tiff/Left/RX013xINV7-1-V39_L_MARK.tif,Landmarked_LBX/txt/Left/RX013xINV7-1-V39_L.txt,Raw_Images/LBX/RX013xINV7-1-V39_L.tif,LBX,32,32,roi,3840,2160,"[[2392.5, 971.5], [2405.166748046875, 1143.5], [2306.5, 1230.1666259765625], [2079.5, 1213.5], [1947.5, 1218.5], [1837.5, 1228.5], [1753.5, 1245.5], [1699.1666259765625, 1247.1666259765625], [1633.8333740234375, 1252.5], [1570.5, 1253.8333740234375], [1481.5, 1210.5], [1412.0, 1144.5], [1353.5, 1078.5], [1933.5, 1073.5], [1865.5, 1125.5], [1825.0, 1123.5], [1785.5, 1166.0], [1734.0, 1147.5], [1709.5, 1190.0], [1659.0, 1162.0], [1651.0, 1201.5], [1599.1666259765625, 1170.1666259765625], [1586.5, 1199.0], [1495.0, 1138.5], [2070.5, 994.1666870117188], [2064.5, 938.8333129882812], [1932.166748046875, 1013.8333129882812], [1823.8333740234375, 1051.1666259765625], [1733.8333740234375, 1071.8333740234375], [1659.5, 1081.1666259765625], [1598.1666259765625, 1085.5], [1495.0, 1089.25]]",
LBX,Right,feb1xpbx012-1-v35_r,Landmarked_LBX/marked_tiff/Right/FEB1xPBX012-1-V35_R_MARK.tif,Landmarked_LBX/txt/Right/FEB1xPBX012-1-V35_R.txt,Raw_Images/LBX/FEB1xPBX012-1-V35_R.tif,LBX,36,36,roi,3840,2160,"[[1347.5, 926.5], [1342.5, 1134.5], [1498.5, 1246.5], [1714.5, 1208.5], [1812.5, 1215.1666259765625], [1925.833251953125, 1221.8333740234375], [2017.833251953125, 1229.1666259765625], [2069.833251953125, 1233.1666259765625], [2149.833251953125, 1239.8333740234375], [2214.5, 1243.5], [2338.5, 1207.5], [2432.5, 1148.0], [2510.5, 1060.5], [1794.5, 1034.5], [1869.5, 1084.5], [1923.5, 1083.5], [1970.5, 1123.5], [2026.5, 1108.5], [2051.5, 1166.5], [2107.5, 1123.5], [2119.5, 1179.5], [2171.5, 1134.5], [2195.5, 1180.5], [2226.5, 1214.5], [2246.5, 1107.0], [2305.5, 1174.5], [2381.0, 1109.5], [2449.0, 1046.0], [1648.5, 948.5], [1646.5, 902.5], [1793.8333740234375, 980.5], [1927.166748046875, 1023.1666870117188], [2029.5, 1041.8333740234375], [2111.0, 1051.0], [2174.5, 1056.5], [2246.5, 1058.0]]",
LBX,Right,feb1xpbx013-1-v12_r,Landmarked_LBX/marked_tiff/Right/FEB1xPBX013-1-V12_R_MARK.tif,Landmarked_LBX/txt/Right/FEB1xPBX013-1-V12_R.txt,Raw_Images/LBX/FEB1xPBX013-1-V12_R.tif,LBX,36,36,roi,3840,2160,"[[1394.1666259765625, 983.1666870117188], [1406.1666259765625, 1212.5], [1567.5, 1295.1666259765625], [1782.1666259765625, 1248.5], [1912.833251953125, 1251.1666259765625], [2027.5, 1256.5], [2129.5, 1264.5], [2193.5, 1269.8333740234375], [2260.166748046875, 1275.1666259765625], [2320.833251953125, 1276.5], [2433.0, 1241.5], [2514.83349609375, 1183.8333740234375], [2582.83349609375, 1090.5], [1876.1666259765625, 1094.1666259765625], [1956.166748046875, 1144.1666259765625], [2007.5, 1140.1666259765625], [2061.5, 1182.1666259765625], [2106.166748046875, 1169.5], [2142.833251953125, 1217.5], [2185.5, 1181.5], [2214.5, 1220.5], [2248.5, 1189.5], [2273.5, 1222.5], [2330.5, 1245.5], [2321.5, 1146.5], [2401.5, 1209.0], [2471.5, 1146.5], [2532.0, 1083.0], [1665.8333740234375, 987.1666870117188], [1662.5, 925.8333129882812], [1872.5, 1025.5], [2009.166748046875, 1066.1666259765625], [2100.5, 1084.1666259765625], [2181.166748046875, 1094.1666259765625], [2245.166748046875, 1100.8333740234375], [2319.166748046875, 1105.5]]",
LBX,Right,feb1xpbx013-1-v18_r,Landmarked_LBX/marked_tiff/Right/FEB1xPBX013-1-V18_R_MARK.tif,Landmarked_LBX/txt/Right/FEB1xPBX013-1-V18_R.txt,Raw_Images/LBX/FEB1xPBX013-1-V18_R.tif,LBX,36,36,roi,3840,2160,"[[1385.0, 980.0], [1388.5, 1185.5], [1563.5, 1262.5], [1770.1666259765625, 1210.8333740234375], [1886.1666259765625, 1217.5], [2010.833251953125, 1224.8333740234375], [2106.833251953125, 1236.8333740234375], [2174.166748046875, 1239.5], [2234.5, 1250.5], [2294.5, 1253.5], [2403.833251953125, 1227.5], [2489.16650390625, 1173.5], [2550.5, 1098.5], [1857.8333740234375, 1066.1666259765625], [1934.5, 1118.1666259765625], [1977.166748046875, 1113.5], [2034.5, 1162.1666259765625], [2079.166748046875, 1144.1666259765625], [2117.166748046875, 1192.5], [2156.833251953125, 1157.1666259765625], [2185.166748046875, 1205.1666259765625], [2221.5, 1167.8333740234375], [2245.166748046875, 1205.8333740234375], [2299.5, 1228.1666259765625], [2299.833251953125, 1128.8333740234375], [2378.166748046875, 1194.5], [2444.83349609375, 1134.8333740234375], [2491.5, 1083.5], [1648.8333740234375, 971.1666870117188], [1644.8333740234375, 906.5], [1854.8333740234375, 997.5], [1974.833251953125, 1034.8333740234375], [2075.5, 1058.5], [2153.0, 1067.5], [2219.5, 1077.5], [2298.833251953125, 1084.8333740234375]]",
LBX,Right,kmm20-v09_r,Landmarked_LBX/marked_tiff/Right/KMM20-V09_R_MARK.tif,Landmarked_LBX/txt/Right/KMM20-V09_R.txt,Raw_Images/LBX/KMM20-V09_R.tif,LBX,36,36,roi,3840,2160,"[[1376.0, 897.0], [1373.5, 1132.5], [1567.1666259765625, 1223.5], [1754.5, 1186.8333740234375], [1859.1666259765625, 1194.8333740234375], [1983.833251953125, 1203.5], [2092.5, 1208.1666259765625], [2164.5, 1212.1666259765625], [2241.833251953125, 1218.8333740234375], [2311.166748046875, 1216.1666259765625], [2424.5, 1186.1666259765625], [2509.83349609375, 1128.8333740234375], [2577.16650390625, 1031.1666259765625], [1842.5, 1034.5], [1910.5, 1080.5], [1969.5, 1077.5], [2016.5, 1115.5], [2075.5, 1103.5], [2109.5, 1149.5], [2155.5, 1115.5], [2186.5, 1149.5], [2230.0, 1123.5], [2260.5, 1140.0], [2314.0, 1191.5], [2304.0, 1096.0], [2396.5, 1144.8333740234375], [2456.16650390625, 1086.1666259765625], [2502.83349609375, 1023.5], [1644.8333740234375, 919.8333129882812], [1643.5, 861.8333129882812], [1846.1666259765625, 966.8333129882812], [1970.5, 1004.8333129882812], [2077.25, 1025.0], [2157.333251953125, 1034.3333740234375], [2229.75, 1038.25], [2304.75, 1039.75]]",
LBX,Right,kmm20-v10_r,Landmarked_LBX/marked_tiff/Right/KMM20-V10_R_MARK.tif,Landmarked_LBX/txt/Right/KMM20-V10_R.txt,Raw_Images/LBX/KMM20-V10_R.tif,LBX,36,36,roi,3840,2160,"[[1386.0, 891.0], [1373.5, 1121.5], [1533.5, 1223.5], [1707.1666259765625, 1195.1666259765625], [1853.8333740234375, 1195.1666259765625], [1973.166748046875, 1201.1666259765625], [2079.0, 1206.5], [2153.5, 1210.5], [2220.5, 1216.5], [2284.0, 1218.0], [2388.5, 1189.5], [2482.5, 1120.8333740234375], [2547.83349609375, 1026.8333740234375], [1850.1666259765625, 1027.5], [1899.5, 1075.5], [1953.5, 1069.5], [1999.5, 1110.8333740234375], [2048.833251953125, 1097.5], [2090.833251953125, 1141.5], [2132.833251953125, 1110.1666259765625], [2165.5, 1160.8333740234375], [2208.166748046875, 1120.1666259765625], [2231.5, 1161.5], [2287.833251953125, 1192.5], [2285.5, 1087.0], [2363.0, 1162.5], [2432.5, 1088.0], [2483.5, 1019.5], [1643.5, 916.5], [1640.8333740234375, 861.1666870117188], [1849.0, 973.5], [1952.833251953125, 1006.8333129882812], [2047.5, 1025.1666259765625], [2131.166748046875, 1034.1666259765625], [2207.166748046875, 1039.1666259765625], [2285.166748046875, 1039.5]]",
LBX,Right,kmm20-v29_r,Landmarked_LBX/marked_tiff/Right/KMM20-V29_R_MARK.tif,Landmarked_LBX/txt/Right/KMM20-V29_R.txt,Raw_Images/LBX/KMM20-V29_R.tif,LBX,36,36,roi,3840,2160,"[[1384.5, 923.5], [1386.5, 1120.5], [1544.5, 1213.5], [1744.5, 1186.8333740234375], [1867.5, 1189.0], [1989.5, 1199.0], [2093.5, 1204.0], [2157.166748046875, 1205.5], [2228.833251953125, 1209.8333740234375], [2290.0, 1211.5], [2403.833251953125, 1187.1666259765625], [2495.83349609375, 1127.8333740234375], [2559.16650390625, 1033.8333740234375], [1848.5, 1039.1666259765625], [1909.166748046875, 1081.8333740234375], [1955.166748046875, 1077.8333740234375], [2010.5, 1117.1666259765625], [2065.166748046875, 1105.8333740234375], [2105.166748046875, 1143.1666259765625], [2146.5, 1118.5], [2174.5, 1146.5], [2211.75, 1126.0], [2235.75, 1148.25], [2294.833251953125, 1185.5], [2287.833251953125, 1091.5], [2374.0, 1153.0], [2438.5, 1087.0], [2492.5, 1026.0], [1651.0, 937.0], [1649.5, 873.5], [1848.5, 974.0], [1955.0, 1009.0], [2064.166748046875, 1030.8333740234375], [2148.166748046875, 1038.1666259765625], [2215.166748046875, 1041.5], [2288.5, 1042.5]]",
LBX,Right,kmm5-v11_r,Landmarked_LBX/marked_tiff/Right/KMM5-V11_R_MARK.tif,Landmarked_LBX/txt/Right/KMM5-V11_R.txt,Raw_Images/LBX/KMM5-V11_R.tif,LBX,36,36,roi,3840,2160,"[[1368.0, 942.0], [1394.8333740234375, 1152.5], [1554.8333740234375, 1205.8333740234375], [1757.8333740234375, 1177.5], [1877.1666259765625, 1185.5], [1997.833251953125, 1192.1666259765625], [2087.166748046875, 1200.1666259765625], [2162.5, 1203.5], [2232.5, 1211.5], [2295.5, 1212.5], [2406.5, 1175.5], [2496.5, 1112.5], [2557.5, 1018.8333129882812], [1837.5, 1025.5], [1912.166748046875, 1086.1666259765625], [1958.833251953125, 1076.8333740234375], [2014.166748046875, 1123.5], [2068.166748046875, 1101.5], [2102.166748046875, 1141.5], [2142.833251953125, 1113.5], [2175.5, 1154.8333740234375], [2214.0, 1123.5], [2241.0, 1149.5], [2301.0, 1182.0], [2298.5, 1081.0], [2379.0, 1144.5], [2443.5, 1076.0], [2502.16650390625, 1012.5], [1654.5, 934.5], [1653.5, 870.1666870117188], [1834.8333740234375, 962.8333129882812], [1956.833251953125, 1002.1666870117188], [2065.0, 1023.25], [2140.0, 1031.5], [2213.0, 1034.5], [2298.0, 1035.5]]",
LBX,Right,lbx001v02_r,Landmarked_LBX/marked_tiff/Right/LBX001V02_R_MARK.tif,Landmarked_LBX/txt/Right/LBX001V02_R.txt,Raw_Images/LBX/LBX001V02_R.tif,LBX,36,36,roi,3840,2160,"[[1372.1666259765625, 1014.8333129882812], [1368.1666259765625, 1221.5], [1528.1666259765625, 1313.5], [1752.5, 1281.0], [1905.5, 1277.8333740234375], [2008.5, 1285.5], [2105.166748046875, 1284.8333740234375], [2188.5, 1289.8333740234375], [2256.833251953125, 1299.5], [2317.0, 1299.0], [2435.5, 1271.5], [2526.0, 1202.0], [2600.25, 1097.5], [1867.5, 1120.5], [1936.833251953125, 1167.1666259765625], [1999.5, 1157.8333740234375], [2049.5, 1200.5], [2093.166748046875, 1181.5], [2126.5, 1230.8333740234375], [2179.166748046875, 1194.5], [2201.166748046875, 1251.1666259765625], [2252.5, 1199.75], [2283.5, 1225.5], [2327.5, 1271.5], [2320.166748046875, 1176.1666259765625], [2406.83349609375, 1227.5], [2472.83349609375, 1166.8333740234375], [2537.5, 1092.1666259765625], [1663.8333740234375, 1023.5], [1663.25, 965.25], [1868.1666259765625, 1068.5], [2000.75, 1103.0], [2093.75, 1118.5], [2179.5, 1126.0], [2254.75, 1128.25], [2321.5, 1127.5]]",
LBX,Right,lbx001v06_r,Landmarked_LBX/marked_tiff/Right/LBX001V06_R_MARK.tif,Landmarked_LBX/txt/Right/LBX001V06_R.txt,Raw_Images/LBX/LBX001V06_R.tif,LBX,36,36,roi,3840,2160,"[[1382.0, 960.0], [1349.5, 1178.5], [1500.5, 1277.5], [1736.0, 1253.0], [1885.5, 1252.5], [1999.5, 1260.5], [2094.5, 1263.5], [2166.5, 1266.5], [2244.5, 1269.5], [2298.5, 1271.8333740234375], [2440.5, 1229.5], [2518.5, 1157.5], [2579.5, 1061.1666259765625], [1858.0, 1088.0], [1923.5, 1139.5], [1975.5, 1129.5], [2028.0, 1174.0], [2077.5, 1153.5], [2114.0, 1197.0], [2165.166748046875, 1164.8333740234375], [2193.166748046875, 1208.8333740234375], [2241.166748046875, 1172.1666259765625], [2268.5, 1193.5], [2308.5, 1245.5], [2272.5, 1128.5], [2397.0, 1191.5], [2460.5, 1124.5], [2518.5, 1053.0], [1658.5, 992.1666870117188], [1657.8333740234375, 934.8333129882812], [1857.75, 1027.0], [1976.166748046875, 1058.1666259765625], [2075.166748046875, 1074.1666259765625], [2164.833251953125, 1079.5], [2237.5, 1081.25], [2272.5, 1080.75]]",
LBX,Right,lbx001v07_r,Landmarked_LBX/marked_tiff/Right/LBX001V07_R_MARK.tif,Landmarked_LBX/txt/Right/LBX001V07_R.txt,Raw_Images/LBX/LBX001V07_R.tif,LBX,36,36,roi,3840,2160,"[[1331.5, 1019.5], [1326.5, 1231.5], [1498.5, 1308.5], [1719.1666259765625, 1270.1666259765625], [1855.833251953125, 1273.5], [1979.166748046875, 1282.8333740234375], [2080.166748046875, 1283.8333740234375], [2162.0, 1288.5], [2230.0, 1299.5], [2286.0, 1303.5], [2399.0, 1277.5], [2491.0, 1209.0], [2565.0, 1109.0], [1837.8333740234375, 1106.1666259765625], [1899.833251953125, 1152.8333740234375], [1957.166748046875, 1142.8333740234375], [2008.5, 1195.5], [2064.5, 1172.1666259765625], [2094.5, 1227.5], [2141.833251953125, 1190.1666259765625], [2181.833251953125, 1230.8333740234375], [2219.166748046875, 1197.5], [2245.166748046875, 1232.1666259765625], [2292.0, 1275.0], [2286.5, 1177.0], [2364.16650390625, 1230.1666259765625], [2435.5, 1159.5], [2494.5, 1093.25], [1623.5, 1011.0], [1622.3333740234375, 942.3333129882812], [1836.0, 1043.0], [1957.166748046875, 1076.8333740234375], [2064.5, 1096.0], [2143.166748046875, 1105.1666259765625], [2221.5, 1106.0], [2288.5, 1108.5]]",
LBX,Right,lbx001v08_r,Landmarked_LBX/marked_tiff/Right/LBX001V08_R_MARK.tif,Landmarked_LBX/txt/Right/LBX001V08_R.txt,Raw_Images/LBX/LBX001V08_R.tif,LBX,36,36,roi,3840,2160,"[[1380.0, 962.0], [1371.5, 1172.5], [1527.5, 1285.5], [1755.1666259765625, 1231.1666259765625], [1887.166748046875, 1238.5], [2017.5, 1248.0], [2123.833251953125, 1254.1666259765625], [2206.5, 1264.8333740234375], [2273.166748046875, 1275.5], [2331.833251953125, 1275.5], [2451.0, 1242.5], [2547.0, 1179.0], [2619.5, 1076.1666259765625], [1880.8333740234375, 1063.8333740234375], [1949.5, 1109.8333740234375], [1996.166748046875, 1105.1666259765625], [2060.166748046875, 1155.1666259765625], [2108.833251953125, 1139.8333740234375], [2146.833251953125, 1186.5], [2197.5, 1157.1666259765625], [2216.5, 1213.5], [2269.166748046875, 1162.1666259765625], [2295.5, 1205.8333740234375], [2341.833251953125, 1244.5], [2350.166748046875, 1144.1666259765625], [2425.5, 1205.8333740234375], [2497.5, 1137.1666259765625], [2562.83349609375, 1063.1666259765625], [1695.1666259765625, 962.8333129882812], [1692.5, 900.8333129882812], [1878.1666259765625, 997.8333129882812], [1994.5, 1038.5], [2109.166748046875, 1056.8333740234375], [2200.5, 1069.1666259765625], [2269.166748046875, 1074.5], [2350.0, 1079.0]]",
LBX,Right,lbx001v10_r,Landmarked_LBX/marked_tiff/Right/LBX001V10_R_MARK.tif,Landmarked_LBX/txt/Right/LBX001V10_R.txt,Raw_Images/LBX/LBX001V10_R.tif,LBX,36,36,roi,3840,2160,"[[1376.0, 970.0], [1346.5, 1191.5], [1520.5, 1293.5], [1714.5, 1273.5], [1869.166748046875, 1268.8333740234375], [1978.0, 1279.5], [2077.0, 1282.0], [2162.5, 1285.5], [2242.0, 1293.0], [2293.5, 1292.0], [2412.16650390625, 1260.1666259765625], [2499.5, 1194.0], [2577.5, 1089.0], [1853.5, 1109.5], [1918.166748046875, 1155.5], [1974.166748046875, 1144.5], [2021.5, 1192.1666259765625], [2073.5, 1168.5], [2111.833251953125, 1218.8333740234375], [2164.5, 1185.25], [2197.0, 1224.25], [2235.5, 1195.5], [2267.75, 1215.25], [2311.833251953125, 1258.8333740234375], [2254.833251953125, 1159.1666259765625], [2384.0, 1208.0], [2446.16650390625, 1146.5], [2510.0, 1075.5], [1654.8333740234375, 993.8333129882812], [1651.5, 937.1666870117188], [1852.0, 1044.75], [1972.75, 1077.25], [2070.25, 1094.0], [2162.166748046875, 1101.0], [2231.5, 1102.5], [2254.833251953125, 1101.5]]",
LBX,Right,lbx001v12_r,Landmarked_LBX/marked_tiff/Right/LBX001V12_R_MARK.tif,Landmarked_LBX/txt/Right/LBX001V12_R.txt,Raw_Images/LBX/LBX001V12_R.tif,LBX,36,36,roi,3840,2160,"[[1355.5, 995.1666870117188], [1359.5, 1198.1666259765625], [1521.5, 1272.1666259765625], [1725.0, 1238.0], [1859.5, 1234.5], [1997.0, 1236.0], [2082.5, 1236.0], [2151.5, 1238.5], [2229.5, 1249.5], [2284.0, 1251.0], [2405.16650390625, 1221.8333740234375], [2499.83349609375, 1151.1666259765625], [2572.5, 1054.5], [1831.5, 1076.5], [1906.5, 1126.5], [1960.0, 1104.5], [2015.0, 1155.0], [2066.0, 1132.0], [2100.5, 1184.5], [2161.5, 1142.5], [2185.0, 1195.0], [2238.0, 1148.0], [2263.0, 1183.0], [2301.5, 1223.5], [2296.5, 1121.5], [2377.5, 1180.0], [2449.0, 1106.5], [2506.5, 1040.5], [1631.1666259765625, 974.1666870117188], [1629.1666259765625, 925.5], [1827.1666259765625, 1007.8333129882812], [1956.25, 1037.5], [2063.833251953125, 1054.5], [2159.166748046875, 1060.5], [2231.833251953125, 1061.8333740234375], [2293.5, 1059.8333740234375]]",
LBX,Right,lbx001v13_r,Landmarked_LBX/marked_tiff/Right/LBX001V13_R_MARK.tif,Landmarked_LBX/txt/Right/LBX001V13_R.txt,Raw_Images/LBX/LBX001V13_R.tif,LBX,36,36,roi,3840,2160,"[[1384.0, 945.0], [1350.5, 1172.5], [1540.5, 1236.5], [1725.8333740234375, 1207.8333740234375], [1863.833251953125, 1209.8333740234375], [1976.833251953125, 1221.5], [2071.5, 1231.8333740234375], [2141.5, 1239.1666259765625], [2214.833251953125, 1248.5], [2276.833251953125, 1255.8333740234375], [2398.5, 1231.5], [2511.5, 1157.5], [2574.5, 1073.1666259765625], [1847.5, 1051.5], [1909.5, 1091.5], [1972.5, 1088.5], [2014.5, 1142.5], [2076.5, 1121.0], [2104.0, 1170.0], [2157.5, 1140.0], [2177.5, 1190.5], [2228.0, 1151.0], [2252.0, 1179.0], [2287.0, 1223.5], [2280.5, 1123.0], [2377.5, 1192.5], [2455.5, 1122.5], [2510.5, 1056.5], [1663.8333740234375, 949.5], [1662.5, 895.5], [1849.8333740234375, 993.1666870117188], [1977.833251953125, 1030.5], [2077.833251953125, 1050.5], [2155.833251953125, 1059.1666259765625], [2229.166748046875, 1065.1666259765625], [2282.5, 1069.1666259765625]]",
LBX,Right,lbx001v15_r,Landmarked_LBX/marked_tiff/Right/LBX001V15_R_MARK.tif,Landmarked_LBX/txt/Right/LBX001V15_R.txt,Raw_Images/LBX/LBX001V15_R.tif,LBX,36,36,roi,3840,2160,"[[1382.0, 914.0], [1359.5, 1151.5], [1504.8333740234375, 1227.5], [1735.5, 1181.5], [1855.5, 1192.5], [1973.5, 1200.5], [2067.5, 1210.5], [2144.5, 1214.5], [2219.5, 1226.5], [2282.5, 1231.5], [2402.5, 1196.5], [2492.5, 1134.5], [2566.5, 1038.5], [1843.5, 1028.5], [1915.5, 1087.5], [1966.5, 1072.5], [2014.5, 1124.5], [2072.5, 1107.5], [2100.5, 1158.5], [2150.5, 1117.5], [2171.5, 1165.5], [2220.5, 1134.5], [2249.5, 1161.5], [2288.5, 1207.5], [2278.5, 1096.1666259765625], [2371.0, 1160.5], [2441.0, 1100.0], [2506.5, 1024.5], [1660.5, 925.1666870117188], [1657.8333740234375, 874.5], [1840.8333740234375, 967.5], [1964.166748046875, 1005.5], [2070.166748046875, 1026.1666259765625], [2151.5, 1036.5], [2221.5, 1042.5], [2279.5, 1040.5]]",
LBX,Right,lbx001v18_r,Landmarked_LBX/marked_tiff/Right/LBX001V18_R_MARK.tif,Landmarked_LBX/txt/Right/LBX001V18_R.txt,Raw_Images/LBX/LBX001V18_R.tif,LBX,36,36,roi,3840,2160,"[[1389.5, 886.5], [1330.5, 1132.8333740234375], [1485.1666259765625, 1252.8333740234375], [1723.5, 1218.5], [1867.5, 1217.1666259765625], [1996.166748046875, 1225.1666259765625], [2092.166748046875, 1236.5], [2174.166748046875, 1244.5], [2234.833251953125, 1253.1666259765625], [2297.5, 1253.5], [2418.5, 1226.5], [2524.5, 1155.5], [2606.5, 1062.5], [1872.5, 1029.5], [1929.166748046875, 1074.8333740234375], [1979.166748046875, 1062.1666259765625], [2035.166748046875, 1098.1666259765625], [2085.166748046875, 1094.8333740234375], [2123.166748046875, 1152.8333740234375], [2167.833251953125, 1121.5], [2196.5, 1166.1666259765625], [2245.5, 1133.8333740234375], [2269.5, 1170.8333740234375], [2305.5, 1223.1666259765625], [2323.5, 1111.8333740234375], [2393.5, 1197.8333740234375], [2478.83349609375, 1124.5], [2544.16650390625, 1052.5], [1708.8333740234375, 936.8333129882812], [1704.8333740234375, 882.8333129882812], [1869.833251953125, 969.5], [1979.166748046875, 1006.8333129882812], [2083.833251953125, 1034.1666259765625], [2167.166748046875, 1047.5], [2247.5, 1056.0], [2324.0, 1059.0]]",
LBX,Right,lbx001v27_r,Landmarked_LBX/marked_tiff/Right/LBX001V27_R_MARK.tif,Landmarked_LBX/txt/Right/LBX001V27_R.txt,Raw_Images/LBX/LBX001V27_R.tif,LBX,36,36,roi,3840,2160,"[[1366.0, 1000.0], [1374.1666259765625, 1241.1666259765625], [1556.8333740234375, 1317.1666259765625], [1744.8333740234375, 1277.8333740234375], [1877.5, 1279.8333740234375], [1982.166748046875, 1287.1666259765625], [2084.5, 1294.8333740234375], [2166.5, 1299.5], [2250.833251953125, 1305.8333740234375], [2313.166748046875, 1306.8333740234375], [2424.5, 1281.5], [2525.5, 1209.5], [2587.5, 1103.0], [1861.1666259765625, 1104.1666259765625], [1926.166748046875, 1164.8333740234375], [1993.0, 1159.5], [2029.5, 1202.0], [2081.5, 1184.0], [2116.5, 1240.0], [2164.166748046875, 1199.8333740234375], [2198.833251953125, 1245.8333740234375], [2240.833251953125, 1206.5], [2280.166748046875, 1235.8333740234375], [2320.833251953125, 1282.5], [2300.833251953125, 1175.8333740234375], [2391.16650390625, 1237.8333740234375], [2463.16650390625, 1167.8333740234375], [2525.5, 1095.1666259765625], [1661.0, 998.5], [1660.5, 950.0], [1861.5, 1046.75], [1992.5, 1086.5], [2081.5, 1102.0], [2166.5, 1108.5], [2237.5, 1111.0], [2298.0, 1111.0]]",
LBX,Right,lbx001v29_r,Landmarked_LBX/marked_tiff/Right/LBX001V29_R_MARK.tif,Landmarked_LBX/txt/Right/LBX001V29_R.txt,Raw_Images/LBX/LBX001V29_R.tif,LBX,36,36,roi,3840,2160,"[[1378.0, 940.0], [1365.5, 1139.5], [1557.5, 1221.5], [1723.5, 1195.5], [1858.5, 1197.5], [1963.5, 1201.5], [2065.5, 1205.5], [2138.5, 1210.5], [2216.5, 1218.5], [2278.5, 1225.8333740234375], [2390.83349609375, 1197.8333740234375], [2495.0, 1122.0], [2553.83349609375, 1041.8333740234375], [1844.5, 1040.5], [1905.166748046875, 1091.5], [1969.166748046875, 1078.8333740234375], [2008.5, 1127.5], [2059.166748046875, 1106.1666259765625], [2095.833251953125, 1144.8333740234375], [2151.166748046875, 1120.8333740234375], [2175.833251953125, 1163.5], [2222.5, 1130.1666259765625], [2246.5, 1160.1666259765625], [2288.5, 1198.8333740234375], [2285.166748046875, 1110.8333740234375], [2364.0, 1150.5], [2435.0, 1092.0], [2488.0, 1031.5], [1655.5, 934.5], [1654.5, 891.0], [1846.8333740234375, 981.8333129882812], [1971.25, 1018.5], [2057.833251953125, 1033.5], [2153.833251953125, 1042.8333740234375], [2225.166748046875, 1047.1666259765625], [2285.5, 1048.8333740234375]]",
LBX,Right,lbx001v30_r,Landmarked_LBX/marked_tiff/Right/LBX001V30_R_MARK.tif,Landmarked_LBX/txt/Right/LBX001V30_R.txt,Raw_Images/LBX/LBX001V30_R.tif,LBX,36,36,roi,3840,2160,"[[1386.0, 969.0], [1388.8333740234375, 1149.1666259765625], [1531.5, 1230.5], [1747.8333740234375, 1197.8333740234375], [1881.1666259765625, 1191.1666259765625], [1993.166748046875, 1201.8333740234375], [2089.833251953125, 1207.1666259765625], [2163.166748046875, 1212.5], [2219.166748046875, 1221.8333740234375], [2283.0, 1229.5], [2409.833251953125, 1215.1666259765625], [2513.83349609375, 1149.1666259765625], [2586.5, 1060.5], [1863.5, 1035.5], [1923.5, 1086.5], [1978.5, 1073.5], [2021.5, 1121.5], [2076.5, 1105.5], [2107.5, 1151.5], [2156.5, 1122.5], [2177.5, 1171.5], [2221.5, 1129.5], [2242.5, 1173.5], [2287.0, 1203.5], [2296.5, 1107.8333740234375], [2385.833251953125, 1177.8333740234375], [2464.5, 1105.8333740234375], [2527.16650390625, 1043.1666259765625], [1652.5, 939.8333129882812], [1650.5, 872.5], [1865.8333740234375, 971.1666870117188], [1983.166748046875, 1006.5], [2075.166748046875, 1025.8333740234375], [2156.166748046875, 1036.5], [2219.5, 1043.5], [2295.5, 1050.5]]",
LBX,Right,lbx001v31_r,Landmarked_LBX/marked_tiff/Right/LBX001V31_R_MARK.tif,Landmarked_LBX/txt/Right/LBX001V31_R.txt,Raw_Images/LBX/LBX001V31_R.tif,LBX,36,36,roi,3840,2160,"[[1381.5, 949.5], [1371.5, 1179.5], [1521.5, 1256.5], [1739.8333740234375, 1228.1666259765625], [1876.5, 1228.8333740234375], [1987.833251953125, 1240.1666259765625], [2089.166748046875, 1247.5], [2158.833251953125, 1259.1666259765625], [2226.5, 1267.8333740234375], [2286.5, 1273.1666259765625], [2408.5, 1240.5], [2508.5, 1166.5], [2591.16650390625, 1073.8333740234375], [1860.1666259765625, 1066.8333740234375], [1932.833251953125, 1122.8333740234375], [1975.5, 1109.5], [2034.166748046875, 1164.1666259765625], [2087.5, 1141.5], [2118.833251953125, 1192.8333740234375], [2172.833251953125, 1158.1666259765625], [2190.833251953125, 1206.8333740234375], [2245.5, 1164.1666259765625], [2266.833251953125, 1195.5], [2302.833251953125, 1242.8333740234375], [2308.833251953125, 1134.8333740234375], [2378.833251953125, 1200.8333740234375], [2462.16650390625, 1122.1666259765625], [2525.5, 1055.5], [1660.0, 960.5], [1657.5, 912.0], [1858.0, 1004.0], [1976.0, 1042.0], [2087.0, 1061.0], [2170.5, 1069.1666259765625], [2245.166748046875, 1072.5], [2308.833251953125, 1071.8333740234375]]",
LBX,Right,lbx002v02_r,Landmarked_LBX/marked_tiff/Right/LBX002V02_R_MARK.tif,Landmarked_LBX/txt/Right/LBX002V02_R.txt,Raw_Images/LBX/LBX002V02_R.tif,LBX,36,36,roi,3840,2160,"[[1352.5, 968.5], [1358.5, 1181.5], [1526.5, 1271.5], [1742.1666259765625, 1226.5], [1874.166748046875, 1226.5], [1985.5, 1237.8333740234375], [2081.5, 1243.1666259765625], [2159.5, 1251.5], [2226.5, 1261.5], [2286.5, 1264.5], [2400.5, 1222.5], [2480.5, 1158.5], [2554.5, 1065.5], [1840.1666259765625, 1057.5], [1912.833251953125, 1109.5], [1963.5, 1098.8333740234375], [2010.166748046875, 1148.1666259765625], [2063.5, 1128.1666259765625], [2095.5, 1189.5], [2139.5, 1144.1666259765625], [2176.833251953125, 1176.8333740234375], [2216.166748046875, 1150.8333740234375], [2238.833251953125, 1194.1666259765625], [2289.5, 1235.5], [2291.5, 1113.5], [2373.0, 1198.5], [2440.0, 1121.5], [2500.0, 1052.0], [1635.0, 959.5], [1631.5, 898.0], [1837.5, 989.0], [1962.5, 1025.0], [2064.5, 1045.5], [2140.166748046875, 1055.8333740234375], [2214.5, 1060.5], [2291.166748046875, 1061.8333740234375]]",
LBX,Right,lbx002v04_r,Landmarked_LBX/marked_tiff/Right/LBX002V04_R_MARK.tif,Landmarked_LBX/txt/Right/LBX002V04_R.txt,Raw_Images/LBX/LBX002V04_R.tif,LBX,36,36,roi,3840,2160,"[[1370.0, 922.0], [1379.5, 1141.5], [1556.5, 1237.5], [1737.5, 1219.5], [1868.5, 1211.5], [1976.5, 1218.5], [2074.5, 1219.5], [2149.833251953125, 1223.1666259765625], [2212.5, 1225.8333740234375], [2285.833251953125, 1227.1666259765625], [2412.5, 1209.0], [2517.0, 1131.0], [2579.83349609375, 1024.1666259765625], [1831.8333740234375, 1040.8333740234375], [1905.833251953125, 1098.1666259765625], [1955.833251953125, 1088.1666259765625], [2003.166748046875, 1135.5], [2056.5, 1114.1666259765625], [2088.5, 1166.1666259765625], [2134.5, 1128.1666259765625], [2165.833251953125, 1184.1666259765625], [2210.5, 1138.5], [2235.0, 1180.75], [2291.75, 1200.0], [2284.166748046875, 1099.1666259765625], [2385.5, 1162.5], [2456.16650390625, 1091.8333740234375], [2510.83349609375, 1013.8333129882812], [1648.5, 936.8333129882812], [1645.8333740234375, 881.5], [1830.5, 971.5], [1954.166748046875, 1014.5], [2054.833251953125, 1029.8333740234375], [2132.5, 1035.1666259765625], [2208.5, 1038.5], [2282.833251953125, 1038.8333740234375]]",
LBX,Right,lbx004v01_r,Landmarked_LBX/marked_tiff/Right/LBX004V01_R_MARK.tif,Landmarked_LBX/txt/Right/LBX004V01_R.txt,Raw_Images/LBX/LBX004V01_R.tif,LBX,36,36,roi,3840,2160,"[[1354.0, 918.0], [1338.5, 1167.8333740234375], [1494.5, 1231.8333740234375], [1723.8333740234375, 1198.5], [1862.5, 1196.5], [1988.5, 1203.8333740234375], [2086.5, 1209.1666259765625], [2167.166748046875, 1213.8333740234375], [2243.166748046875, 1225.8333740234375], [2310.5, 1225.5], [2426.5, 1192.0], [2519.0, 1130.0], [2586.5, 1047.1666259765625], [1847.5, 1031.5], [1909.5, 1083.5], [1969.5, 1069.5], [2015.5, 1113.5], [2072.5, 1101.5], [2108.5, 1154.5], [2162.5, 1122.5], [2188.5, 1177.5], [2235.5, 1129.5], [2270.5, 1153.5], [2315.5, 1195.5], [2313.0, 1099.0], [2400.5, 1152.5], [2471.0, 1095.5], [2525.5, 1036.0], [1634.5, 921.5], [1633.1666259765625, 864.8333129882812], [1849.5, 969.0], [1973.5, 1005.5], [2070.5, 1024.1666259765625], [2163.166748046875, 1036.1666259765625], [2234.833251953125, 1041.5], [2311.833251953125, 1043.1666259765625]]",
LBX,Right,lbx005v01_r,Landmarked_LBX/marked_tiff/Right/LBX005V01_R_MARK.tif,Landmarked_LBX/txt/Right/LBX005V01_R.txt,Raw_Images/LBX/LBX005V01_R.tif,LBX,36,36,roi,3840,2160,"[[1339.0, 958.0], [1349.5, 1189.5], [1507.5, 1240.5], [1702.5, 1210.5], [1853.166748046875, 1214.5], [1971.833251953125, 1218.5], [2089.166748046875, 1223.8333740234375], [2173.166748046875, 1226.5], [2249.166748046875, 1233.1666259765625], [2308.833251953125, 1233.8333740234375], [2424.5, 1199.5], [2529.5, 1129.5], [2609.5, 1035.5], [1840.5, 1046.8333740234375], [1911.166748046875, 1104.1666259765625], [1967.166748046875, 1094.1666259765625], [2019.833251953125, 1139.5], [2080.5, 1120.8333740234375], [2110.5, 1164.8333740234375], [2170.5, 1131.5], [2198.5, 1180.1666259765625], [2250.5, 1134.1666259765625], [2272.5, 1185.5], [2321.5, 1208.5], [2329.5, 1100.5], [2399.5, 1150.5], [2479.5, 1082.5], [2542.5, 1023.5], [1619.1666259765625, 955.5], [1615.1666259765625, 896.1666870117188], [1840.1666259765625, 990.8333129882812], [1963.5, 1021.1666870117188], [2076.833251953125, 1037.5], [2168.166748046875, 1042.5], [2242.833251953125, 1046.5], [2328.166748046875, 1045.8333740234375]]",
LBX,Right,lbx005v02_r,Landmarked_LBX/marked_tiff/Right/LBX005V02_R_MARK.tif,Landmarked_LBX/txt/Right/LBX005V02_R.txt,Raw_Images/LBX/LBX005V02_R.tif,LBX,36,36,roi,3840,2160,"[[1347.0, 957.0], [1346.5, 1113.5], [1535.5, 1210.5], [1747.5, 1179.5], [1879.5, 1183.5], [2000.5, 1185.5], [2100.0, 1191.5], [2161.5, 1200.5], [2238.5, 1212.0], [2302.5, 1216.5], [2429.83349609375, 1176.5], [2521.83349609375, 1106.5], [2595.16650390625, 1009.8333129882812], [1829.5, 1034.5], [1912.5, 1083.5], [1955.0, 1074.0], [2018.5, 1120.5], [2069.0, 1103.0], [2110.5, 1149.0], [2159.0, 1113.5], [2189.0, 1158.5], [2235.5, 1118.5], [2265.5, 1152.5], [2309.5, 1189.5], [2314.5, 1078.5], [2397.5, 1144.5], [2462.5, 1075.0], [2528.5, 1001.5], [1661.8333740234375, 956.1666870117188], [1658.5, 892.8333129882812], [1827.5, 959.8333129882812], [1955.833251953125, 995.8333129882812], [2067.5, 1015.8333129882812], [2158.5, 1022.5], [2237.166748046875, 1024.1666259765625], [2312.833251953125, 1024.1666259765625]]",
LBX,Right,lbx005v03_r,Landmarked_LBX/marked_tiff/Right/LBX005V03_R_MARK.tif,Landmarked_LBX/txt/Right/LBX005V03_R.txt,Raw_Images/LBX/LBX005V03_R.tif,LBX,36,36,roi,3840,2160,"[[1327.0, 918.0], [1325.5, 1093.5], [1499.5, 1226.5], [1730.5, 1191.8333740234375], [1857.166748046875, 1190.5], [1984.5, 1193.1666259765625], [2087.5, 1196.8333740234375], [2153.5, 1197.8333740234375], [2218.5, 1202.8333740234375], [2289.833251953125, 1206.5], [2413.16650390625, 1172.8333740234375], [2503.83349609375, 1098.8333740234375], [2568.5, 998.8333129882812], [1827.5, 1028.5], [1904.166748046875, 1072.5], [1958.166748046875, 1068.5], [2009.5, 1113.8333740234375], [2056.833251953125, 1088.5], [2099.5, 1138.5], [2143.5, 1105.1666259765625], [2174.166748046875, 1153.1666259765625], [2223.5, 1109.5], [2245.0, 1153.0], [2299.5, 1179.0], [2302.0, 1068.5], [2382.0, 1140.0], [2455.5, 1062.0], [2514.5, 990.0], [1614.1666259765625, 924.5], [1609.5, 863.8333129882812], [1825.5, 963.1666870117188], [1956.833251953125, 994.5], [2055.5, 1010.5], [2141.5, 1017.0], [2219.5, 1018.0], [2300.5, 1017.0]]",
LBX,Right,lbx005v07_r,Landmarked_LBX/marked_tiff/Right/LBX005V07_R_MARK.tif,Landmarked_LBX/txt/Right/LBX005V07_R.txt,Raw_Images/LBX/LBX005V07_R.tif,LBX,36,36,roi,3840,2160,"[[1345.0, 919.0], [1368.8333740234375, 1179.5], [1520.8333740234375, 1236.8333740234375], [1720.1666259765625, 1185.8333740234375], [1848.8333740234375, 1182.5], [1958.166748046875, 1195.1666259765625], [2059.5, 1205.8333740234375], [2139.5, 1207.0], [2211.0, 1214.0], [2268.5, 1225.0], [2399.16650390625, 1200.5], [2501.16650390625, 1130.5], [2575.16650390625, 1041.1666259765625], [1815.8333740234375, 1022.8333129882812], [1885.833251953125, 1070.1666259765625], [1933.166748046875, 1065.5], [1989.833251953125, 1110.8333740234375], [2043.166748046875, 1094.8333740234375], [2079.833251953125, 1149.5], [2132.5, 1113.5], [2153.833251953125, 1165.5], [2203.833251953125, 1119.5], [2231.166748046875, 1147.5], [2284.0, 1197.5], [2297.5, 1094.5], [2374.5, 1162.0], [2451.0, 1092.5], [2518.0, 1026.0], [1600.8333740234375, 914.1666870117188], [1598.8333740234375, 854.8333129882812], [1814.5, 959.0], [1931.5, 994.5], [2044.5, 1018.0], [2129.833251953125, 1029.1666259765625], [2200.5, 1032.5], [2296.5, 1035.8333740234375]]",
LBX,Right,lbx005v09_r,Landmarked_LBX/marked_tiff/Right/LBX005V09_R_MARK.tif,Landmarked_LBX/txt/Right/LBX005V09_R.txt,Raw_Images/LBX/LBX005V09_R.tif,LBX,36,36,roi,3840,2160,"[[1362.5, 873.5], [1362.5, 1104.5], [1565.5, 1207.5], [1726.5, 1179.5], [1849.5, 1187.5], [1978.833251953125, 1195.5], [2068.5, 1196.5], [2152.5, 1199.8333740234375], [2222.5, 1209.5], [2283.833251953125, 1218.8333740234375], [2397.5, 1192.5], [2498.83349609375, 1124.5], [2581.5, 1025.1666259765625], [1835.5, 1003.5], [1903.0, 1055.0], [1948.5, 1051.0], [2006.5, 1094.5], [2055.0, 1085.5], [2095.0, 1138.0], [2150.0, 1103.5], [2171.5, 1158.5], [2228.5, 1105.5], [2253.5, 1140.0], [2301.5, 1189.5], [2307.0, 1077.0], [2377.5, 1161.0], [2453.5, 1092.0], [2518.5, 1010.0], [1637.1666259765625, 885.8333129882812], [1633.8333740234375, 828.5], [1834.8333740234375, 940.1666870117188], [1948.833251953125, 982.8333129882812], [2054.166748046875, 1006.8333129882812], [2150.833251953125, 1020.1666870117188], [2226.833251953125, 1024.8333740234375], [2306.166748046875, 1027.5]]",
LBX,Right,lbx005v10_r,Landmarked_LBX/marked_tiff/Right/LBX005V10_R_MARK.tif,Landmarked_LBX/txt/Right/LBX005V10_R.txt,Raw_Images/LBX/LBX005V10_R.tif,LBX,36,36,roi,3840,2160,"[[1376.0, 934.0], [1381.5, 1165.8333740234375], [1581.5, 1240.5], [1727.5, 1210.5], [1854.5, 1217.5], [1980.5, 1227.5], [2084.5, 1229.5], [2157.5, 1233.5], [2231.5, 1243.5], [2288.166748046875, 1249.1666259765625], [2424.5, 1221.5], [2530.5, 1147.5], [2595.16650390625, 1052.5], [1847.5, 1049.5], [1916.166748046875, 1097.5], [1976.166748046875, 1097.5], [2018.166748046875, 1137.5], [2072.166748046875, 1120.1666259765625], [2108.833251953125, 1167.5], [2156.166748046875, 1141.1666259765625], [2176.833251953125, 1191.1666259765625], [2232.166748046875, 1149.1666259765625], [2258.833251953125, 1175.1666259765625], [2304.166748046875, 1223.8333740234375], [2308.833251953125, 1113.8333740234375], [2393.5, 1185.5], [2473.5, 1109.5], [2530.5, 1039.5], [1644.1666259765625, 945.8333129882812], [1640.1666259765625, 890.5], [1846.5, 986.5], [1973.5, 1025.5], [2068.5, 1044.5], [2153.5, 1055.5], [2227.5, 1062.5], [2309.833251953125, 1061.5]]",
LBX,Right,lbx005v11_r,Landmarked_LBX/marked_tiff/Right/LBX005V11_R_MARK.tif,Landmarked_LBX/txt/Right/LBX005V11_R.txt,Raw_Images/LBX/LBX005V11_R.tif,LBX,36,36,roi,3840,2160,"[[1331.0, 898.0], [1331.5, 1134.5], [1483.5, 1212.5], [1706.5, 1176.5], [1856.5, 1178.5], [1978.5, 1189.5], [2081.5, 1195.5], [2153.5, 1194.5], [2218.5, 1201.5], [2281.5, 1207.8333740234375], [2404.5, 1172.5], [2498.5, 1107.5], [2578.5, 997.5], [1820.8333740234375, 1021.8333129882812], [1893.5, 1065.1666259765625], [1948.166748046875, 1059.1666259765625], [2004.833251953125, 1101.1666259765625], [2050.833251953125, 1081.8333740234375], [2095.5, 1135.8333740234375], [2143.5, 1097.1666259765625], [2178.833251953125, 1133.1666259765625], [2224.833251953125, 1105.1666259765625], [2251.5, 1130.5], [2292.5, 1179.5], [2303.5, 1071.5], [2377.5, 1138.5], [2444.5, 1073.0], [2517.5, 988.0], [1604.8333740234375, 908.5], [1602.1666259765625, 853.1666870117188], [1819.25, 952.5], [1946.166748046875, 987.1666870117188], [2049.5, 1006.0], [2142.0, 1012.25], [2222.166748046875, 1014.8333129882812], [2301.833251953125, 1012.8333129882812]]",
LBX,Right,lbx005v12_r,Landmarked_LBX/marked_tiff/Right/LBX005V12_R_MARK.tif,Landmarked_LBX/txt/Right/LBX005V12_R.txt,Raw_Images/LBX/LBX005V12_R.tif,LBX,36,36,roi,3840,2160,"[[1357.0, 921.0], [1363.5, 1133.5], [1527.5, 1211.5], [1733.5, 1182.0], [1880.0, 1185.5], [2003.5, 1189.5], [2094.833251953125, 1188.1666259765625], [2154.833251953125, 1190.1666259765625], [2234.0, 1195.0], [2300.0, 1199.0], [2415.0, 1160.5], [2513.5, 1085.5], [2582.16650390625, 985.8333129882812], [1835.8333740234375, 1029.8333740234375], [1917.833251953125, 1077.1666259765625], [1983.166748046875, 1070.5], [2023.166748046875, 1108.5], [2077.833251953125, 1091.8333740234375], [2109.166748046875, 1139.8333740234375], [2165.166748046875, 1099.1666259765625], [2184.5, 1152.5], [2239.833251953125, 1100.5], [2272.0, 1119.5], [2310.5, 1169.5], [2313.0, 1067.0], [2379.5, 1123.8333740234375], [2456.5, 1046.1666259765625], [2516.83349609375, 978.8333129882812], [1634.1666259765625, 921.5], [1633.5, 875.5], [1836.5, 963.0], [1982.5, 994.0], [2076.0, 1008.5], [2161.5, 1013.0], [2243.0, 1011.0], [2311.0, 1007.5]]",
LBX,Right,lbx005v14_r,Landmarked_LBX/marked_tiff/Right/LBX005V14_R_MARK.tif,Landmarked_LBX/txt/Right/LBX005V14_R.txt,Raw_Images/LBX/LBX005V14_R.tif,LBX,36,36,roi,3840,2160,"[[1369.0, 893.0], [1350.5, 1120.5], [1515.5, 1192.5], [1735.1666259765625, 1166.1666259765625], [1869.166748046875, 1170.1666259765625], [1988.5, 1171.5], [2082.5, 1174.5], [2147.5, 1176.5], [2226.5, 1185.5], [2303.5, 1189.5], [2419.5, 1158.8333740234375], [2502.83349609375, 1096.8333740234375], [2578.16650390625, 1001.5], [1838.8333740234375, 1008.5], [1919.5, 1069.8333740234375], [1974.166748046875, 1053.1666259765625], [2015.5, 1104.5], [2076.833251953125, 1081.1666259765625], [2100.833251953125, 1134.5], [2159.5, 1096.5], [2182.5, 1132.5], [2230.5, 1100.5], [2266.5, 1123.5], [2309.0, 1166.5], [2314.5, 1078.5], [2386.0, 1113.5], [2454.0, 1050.0], [2512.5, 990.0], [1637.0, 904.5], [1635.5, 856.0], [1839.0, 953.5], [1974.0, 990.0], [2075.5, 1005.5], [2157.833251953125, 1012.8333129882812], [2229.5, 1014.8333129882812], [2312.0, 1014.0]]",
LBX,Right,lbx007v01_r,Landmarked_LBX/marked_tiff/Right/LBX007V01_R_MARK.tif,Landmarked_LBX/txt/Right/LBX007V01_R.txt,Raw_Images/LBX/LBX007V01_R.tif,LBX,36,36,roi,3840,2160,"[[1354.0, 900.0], [1357.5, 1149.5], [1523.8333740234375, 1243.5], [1761.1666259765625, 1202.5], [1879.833251953125, 1209.1666259765625], [1984.5, 1218.0], [2075.5, 1221.5], [2146.5, 1225.0], [2220.0, 1234.5], [2281.166748046875, 1243.5], [2402.5, 1211.5], [2489.5, 1139.5], [2552.5, 1036.5], [1832.5, 1038.5], [1903.5, 1091.5], [1959.5, 1085.5], [2002.5, 1127.5], [2054.5, 1113.5], [2086.5, 1162.5], [2127.5, 1134.5], [2155.5, 1174.5], [2204.5, 1137.5], [2233.5, 1168.5], [2284.833251953125, 1216.1666259765625], [2279.5, 1097.5], [2376.166748046875, 1165.1666259765625], [2433.5, 1094.8333740234375], [2489.5, 1019.5], [1649.5, 925.0], [1647.0, 876.0], [1832.8333740234375, 971.8333129882812], [1958.166748046875, 1014.5], [2051.5, 1032.5], [2126.833251953125, 1042.5], [2203.5, 1047.1666259765625], [2278.166748046875, 1045.8333740234375]]",
LBX,Right,lbx007v02_r,Landmarked_LBX/marked_tiff/Right/LBX007V02_R_MARK.tif,Landmarked_LBX/txt/Right/LBX007V02_R.txt,Raw_Images/LBX/LBX007V02_R.tif,LBX,36,36,roi,3840,2160,"[[1370.5, 946.5], [1377.5, 1165.5], [1564.5, 1238.5], [1755.5, 1214.5], [1876.5, 1224.5], [1992.5, 1229.5], [2093.5, 1230.5], [2167.5, 1236.5], [2233.5, 1240.5], [2298.5, 1245.5], [2425.0, 1211.5], [2526.5, 1133.0], [2584.16650390625, 1048.8333740234375], [1834.8333740234375, 1052.8333740234375], [1914.833251953125, 1104.8333740234375], [1969.5, 1091.5], [2020.166748046875, 1139.5], [2066.833251953125, 1119.5], [2105.5, 1171.5], [2150.5, 1135.5], [2183.5, 1196.5], [2233.5, 1139.5], [2263.0, 1176.0], [2305.0, 1218.0], [2301.5, 1107.5], [2397.5, 1166.0], [2467.0, 1097.5], [2522.5, 1031.5], [1640.0, 938.0], [1637.0, 887.5], [1832.5, 978.8333129882812], [1969.166748046875, 1017.5], [2068.166748046875, 1036.1666259765625], [2150.833251953125, 1044.1666259765625], [2236.833251953125, 1048.1666259765625], [2302.0, 1048.25]]",
LBX,Right,lbx007v06_r,Landmarked_LBX/marked_tiff/Right/LBX007V06_R_MARK.tif,Landmarked_LBX/txt/Right/LBX007V06_R.txt,Raw_Images/LBX/LBX007V06_R.tif,LBX,36,36,roi,3840,2160,"[[1386.0, 884.0], [1384.1666259765625, 1117.5], [1557.5, 1205.5], [1747.5, 1174.5], [1879.1666259765625, 1174.8333740234375], [1991.833251953125, 1178.8333740234375], [2083.833251953125, 1185.5], [2158.5, 1190.8333740234375], [2221.166748046875, 1200.1666259765625], [2279.833251953125, 1208.1666259765625], [2399.5, 1188.5], [2509.0, 1115.5], [2578.0, 1022.0], [1850.8333740234375, 1003.5], [1914.833251953125, 1046.8333740234375], [1967.5, 1048.1666259765625], [2015.5, 1102.1666259765625], [2065.5, 1076.1666259765625], [2106.833251953125, 1127.5], [2159.0, 1094.5], [2187.0, 1124.5], [2225.5, 1101.5], [2236.5, 1147.5], [2292.0, 1179.0], [2292.0, 1076.0], [2386.0, 1144.0], [2456.0, 1074.0], [2512.5, 1006.5], [1642.5, 872.5], [1641.8333740234375, 811.8333129882812], [1847.1666259765625, 931.8333129882812], [1966.666748046875, 975.1666870117188], [2063.166748046875, 999.1666870117188], [2160.166748046875, 1011.8333129882812], [2225.833251953125, 1017.1666870117188], [2294.5, 1019.8333129882812]]",
LBX,Right,lbx007v08_r,Landmarked_LBX/marked_tiff/Right/LBX007V08_R_MARK.tif,Landmarked_LBX/txt/Right/LBX007V08_R.txt,Raw_Images/LBX/LBX007V08_R.tif,LBX,36,36,roi,3840,2160,"[[1386.5, 918.5], [1386.5, 1120.5], [1567.5, 1213.5], [1744.0, 1172.0], [1884.0, 1172.5], [1994.5, 1181.5], [2086.0, 1187.0], [2156.5, 1192.5], [2219.5, 1196.5], [2282.5, 1206.5], [2409.5, 1187.5], [2503.5, 1123.5], [2580.0, 1023.5], [1849.5, 1004.5], [1918.5, 1051.5], [1966.5, 1044.5], [2018.5, 1106.5], [2063.5, 1079.5], [2108.5, 1126.5], [2154.5, 1096.5], [2192.166748046875, 1116.5], [2221.5, 1103.8333740234375], [2242.166748046875, 1141.8333740234375], [2292.833251953125, 1179.1666259765625], [2303.5, 1089.8333740234375], [2379.5, 1148.5], [2450.83349609375, 1083.1666259765625], [2507.5, 1009.1666870117188], [1647.5, 872.1666870117188], [1642.8333740234375, 816.1666870117188], [1845.5, 931.5], [1965.5, 976.0], [2062.5, 1000.5], [2155.0, 1012.5], [2220.5, 1017.5], [2303.0, 1021.5]]",
LBX,Right,lbx008v01_r,Landmarked_LBX/marked_tiff/Right/LBX008V01_R_MARK.tif,Landmarked_LBX/txt/Right/LBX008V01_R.txt,Raw_Images/LBX/LBX008V01_R.tif,LBX,36,36,roi,3840,2160,"[[1387.0, 934.0], [1381.8333740234375, 1160.1666259765625], [1567.1666259765625, 1250.1666259765625], [1736.5, 1227.5], [1860.5, 1232.5], [1983.5, 1238.5], [2088.166748046875, 1243.8333740234375], [2167.5, 1247.8333740234375], [2234.833251953125, 1257.1666259765625], [2290.833251953125, 1259.5], [2421.5, 1225.5], [2529.0, 1146.0], [2593.0, 1054.5], [1845.8333740234375, 1051.5], [1914.5, 1103.5], [1973.0, 1099.0], [2022.0, 1147.0], [2069.5, 1127.5], [2106.0, 1178.0], [2156.833251953125, 1144.1666259765625], [2175.5, 1209.5], [2232.833251953125, 1153.5], [2260.166748046875, 1178.8333740234375], [2303.5, 1228.8333740234375], [2298.166748046875, 1122.8333740234375], [2396.5, 1186.8333740234375], [2469.16650390625, 1114.1666259765625], [2519.83349609375, 1043.5], [1652.5, 945.5], [1648.5, 896.5], [1844.0, 996.5], [1971.5, 1037.75], [2067.25, 1057.25], [2153.75, 1068.0], [2229.25, 1072.0], [2295.166748046875, 1072.8333740234375]]",
LBX,Right,lbx008v02_r,Landmarked_LBX/marked_tiff/Right/LBX008V02_R_MARK.tif,Landmarked_LBX/txt/Right/LBX008V02_R.txt,Raw_Images/LBX/LBX008V02_R.tif,LBX,36,36,roi,3840,2160,"[[1399.0, 946.0], [1390.5, 1149.5], [1545.1666259765625, 1240.1666259765625], [1718.5, 1216.5], [1873.0, 1211.5], [1990.5, 1217.0], [2090.5, 1228.5], [2166.5, 1233.5], [2239.5, 1243.5], [2305.75, 1245.5], [2429.0, 1217.5], [2532.0, 1146.5], [2598.5, 1046.5], [1859.1666259765625, 1050.8333740234375], [1917.833251953125, 1102.5], [1972.833251953125, 1093.5], [2024.166748046875, 1141.5], [2087.166748046875, 1123.5], [2116.5, 1172.1666259765625], [2174.5, 1140.8333740234375], [2187.833251953125, 1198.8333740234375], [2241.833251953125, 1146.1666259765625], [2271.166748046875, 1175.5], [2316.25, 1218.25], [2312.5, 1112.0], [2400.0, 1174.5], [2478.5, 1105.5], [2529.0, 1037.5], [1669.1666259765625, 963.8333129882812], [1667.1666259765625, 907.8333129882812], [1858.8333740234375, 996.1666870117188], [1972.833251953125, 1032.1666259765625], [2086.5, 1052.75], [2173.5, 1061.75], [2242.5, 1062.75], [2313.0, 1063.0]]",
LBX,Right,lbx008v04_r,Landmarked_LBX/marked_tiff/Right/LBX008V04_R_MARK.tif,Landmarked_LBX/txt/Right/LBX008V04_R.txt,Raw_Images/LBX/LBX008V04_R.tif,LBX,36,36,roi,3840,2160,"[[1393.0, 945.0], [1397.5, 1123.5], [1565.8333740234375, 1214.8333740234375], [1759.8333740234375, 1187.5], [1885.8333740234375, 1190.1666259765625], [2011.833251953125, 1204.1666259765625], [2107.5, 1206.0], [2179.5, 1218.0], [2247.5, 1229.0], [2312.166748046875, 1228.1666259765625], [2413.5, 1198.5], [2502.5, 1134.5], [2569.5, 1042.5], [1847.5, 1043.5], [1926.166748046875, 1088.8333740234375], [1976.833251953125, 1078.1666259765625], [2028.833251953125, 1126.8333740234375], [2078.833251953125, 1108.8333740234375], [2112.833251953125, 1157.5], [2163.5, 1125.5], [2190.833251953125, 1170.1666259765625], [2230.833251953125, 1130.8333740234375], [2260.833251953125, 1161.5], [2312.833251953125, 1201.5], [2311.5, 1101.5], [2387.5, 1154.0], [2448.5, 1097.5], [2495.5, 1033.0], [1653.5, 936.5], [1650.1666259765625, 883.1666870117188], [1844.5, 975.5], [1971.5, 1014.5], [2075.5, 1036.5], [2159.5, 1046.5], [2227.5, 1049.5], [2308.5, 1050.5]]",
LBX,Right,lbx008v05_r,Landmarked_LBX/marked_tiff/Right/LBX008V05_R_MARK.tif,Landmarked_LBX/txt/Right/LBX008V05_R.txt,Raw_Images/LBX/LBX008V05_R.tif,LBX,36,36,roi,3840,2160,"[[1363.0, 931.0], [1357.8333740234375, 1164.5], [1548.5, 1232.5], [1714.5, 1212.1666259765625], [1845.8333740234375, 1201.5], [1969.833251953125, 1208.8333740234375], [2075.166748046875, 1213.8333740234375], [2148.5, 1218.5], [2225.166748046875, 1224.5], [2295.5, 1229.0], [2420.5, 1192.0], [2513.5, 1122.0], [2575.16650390625, 1022.5], [1827.5, 1035.5], [1896.5, 1083.5], [1954.5, 1080.5], [2000.5, 1124.5], [2058.5, 1106.5], [2091.5, 1155.5], [2140.5, 1119.5], [2167.5, 1175.5], [2215.5, 1126.5], [2241.5, 1156.5], [2296.5, 1200.5], [2295.5, 1092.5], [2383.5, 1146.0], [2448.5, 1082.5], [2506.5, 1008.5], [1630.5, 933.1666870117188], [1629.1666259765625, 877.8333129882812], [1822.8333740234375, 973.5], [1954.833251953125, 1013.8333129882812], [2052.75, 1032.25], [2139.0, 1039.5], [2209.833251953125, 1041.1666259765625], [2290.833251953125, 1039.1666259765625]]",
LBX,Right,lbx008v06_r,Landmarked_LBX/marked_tiff/Right/LBX008V06_R_MARK.tif,Landmarked_LBX/txt/Right/LBX008V06_R.txt,Raw_Images/LBX/LBX008V06_R.tif,LBX,36,36,roi,3840,2160,"[[1371.0, 909.0], [1355.8333740234375, 1145.8333740234375], [1521.1666259765625, 1232.5], [1738.1666259765625, 1198.5], [1894.166748046875, 1203.8333740234375], [2004.833251953125, 1213.8333740234375], [2107.5, 1218.5], [2186.5, 1227.5], [2255.5, 1237.5], [2316.5, 1237.5], [2434.5, 1201.0], [2520.0, 1137.0], [2592.0, 1038.0], [1847.5, 1037.5], [1925.5, 1092.8333740234375], [1976.166748046875, 1087.5], [2036.833251953125, 1133.5], [2094.166748046875, 1124.1666259765625], [2124.833251953125, 1170.8333740234375], [2172.166748046875, 1136.1666259765625], [2198.833251953125, 1189.5], [2248.5, 1138.5], [2279.5, 1167.5], [2323.5, 1210.5], [2312.5, 1108.5], [2406.0, 1158.0], [2469.5, 1096.0], [2522.5, 1031.0], [1655.0, 935.5], [1653.0, 878.5], [1848.0, 976.5], [1978.0, 1019.0], [2094.5, 1040.5], [2169.5, 1048.0], [2251.166748046875, 1050.5], [2311.833251953125, 1050.5]]",
LBX,Right,lbx008v07_r,Landmarked_LBX/marked_tiff/Right/LBX008V07_R_MARK.tif,Landmarked_LBX/txt/Right/LBX008V07_R.txt,Raw_Images/LBX/LBX008V07_R.tif,LBX,36,36,roi,3840,2160,"[[1402.5, 936.5], [1403.5, 1146.5], [1591.5, 1225.5], [1738.1666259765625, 1195.8333740234375], [1854.8333740234375, 1201.1666259765625], [1972.166748046875, 1212.5], [2079.5, 1221.1666259765625], [2151.5, 1226.5], [2214.5, 1230.5], [2268.5, 1237.5], [2382.5, 1214.1666259765625], [2487.16650390625, 1151.1666259765625], [2552.5, 1070.5], [1843.8333740234375, 1036.8333740234375], [1907.1666259765625, 1082.1666259765625], [1956.5, 1077.5], [2007.833251953125, 1128.1666259765625], [2055.833251953125, 1115.5], [2093.833251953125, 1163.5], [2137.166748046875, 1129.5], [2162.5, 1184.8333740234375], [2206.0, 1142.5], [2229.0, 1174.0], [2279.5, 1211.5], [2279.5, 1111.0], [2366.5, 1175.5], [2433.83349609375, 1112.5], [2488.0, 1055.0], [1653.5, 933.5], [1650.0, 873.5], [1840.8333740234375, 972.8333129882812], [1954.5, 1011.5], [2055.0, 1035.5], [2134.166748046875, 1048.1666259765625], [2207.166748046875, 1055.8333740234375], [2278.833251953125, 1059.1666259765625]]",
LBX,Right,lbx008v08_r,Landmarked_LBX/marked_tiff/Right/LBX008V08_R_MARK.tif,Landmarked_LBX/txt/Right/LBX008V08_R.txt,Raw_Images/LBX/LBX008V08_R.tif,LBX,36,36,roi,3840,2160,"[[1367.0, 947.0], [1377.5, 1151.5], [1510.5, 1228.5], [1771.8333740234375, 1195.8333740234375], [1899.166748046875, 1201.1666259765625], [2001.833251953125, 1212.5], [2078.166748046875, 1221.8333740234375], [2143.5, 1225.8333740234375], [2215.75, 1235.25], [2284.0, 1237.25], [2386.5, 1207.0], [2485.5, 1141.5], [2550.5, 1058.5], [1827.1666259765625, 1043.8333740234375], [1903.833251953125, 1099.8333740234375], [1952.5, 1082.5], [2009.833251953125, 1134.5], [2056.5, 1113.8333740234375], [2092.5, 1165.1666259765625], [2140.5, 1129.1666259765625], [2165.166748046875, 1175.8333740234375], [2210.5, 1134.5], [2236.5, 1170.5], [2289.25, 1211.25], [2289.5, 1108.5], [2369.0, 1169.5], [2440.5, 1107.5], [2489.5, 1045.5], [1623.0, 934.0], [1620.5, 881.5], [1822.5, 977.5], [1949.5, 1013.0], [2052.5, 1038.0], [2135.0, 1048.0], [2208.5, 1053.0], [2286.5, 1055.0]]",
LBX,Right,lbx008v10_r,Landmarked_LBX/marked_tiff/Right/LBX008V10_R_MARK.tif,Landmarked_LBX/txt/Right/LBX008V10_R.txt,Raw_Images/LBX/LBX008V10_R.tif,LBX,36,36,roi,3840,2160,"[[1387.0, 980.0], [1390.5, 1157.5], [1558.5, 1249.5], [1755.5, 1223.5], [1873.5, 1219.5], [1994.5, 1223.5], [2090.5, 1229.5], [2160.0, 1231.5], [2208.5, 1241.0], [2263.0, 1254.0], [2387.166748046875, 1240.1666259765625], [2503.83349609375, 1177.5], [2576.5, 1099.5], [1846.5, 1060.0], [1912.0, 1100.0], [1965.5, 1098.0], [2015.0, 1141.5], [2062.5, 1122.0], [2102.0, 1170.5], [2142.5, 1134.5], [2174.0, 1181.0], [2207.5, 1146.0], [2228.833251953125, 1192.1666259765625], [2271.5, 1233.0], [2291.5, 1118.5], [2360.5, 1207.5], [2457.5, 1140.5], [2514.83349609375, 1084.1666259765625], [1656.0, 972.0], [1653.0, 914.0], [1842.5, 993.5], [1961.5, 1026.5], [2056.0, 1043.0], [2136.5, 1051.5], [2201.5, 1056.1666259765625], [2288.833251953125, 1073.5]]",
LBX,Right,lbx008v13_r,Landmarked_LBX/marked_tiff/Right/LBX008V13_R_MARK.tif,Landmarked_LBX/txt/Right/LBX008V13_R.txt,Raw_Images/LBX/LBX008V13_R.tif,LBX,36,36,roi,3840,2160,"[[1355.0, 945.0], [1359.5, 1132.5], [1585.5, 1255.5], [1758.1666259765625, 1223.8333740234375], [1877.5, 1221.8333740234375], [1984.166748046875, 1225.1666259765625], [2069.5, 1229.1666259765625], [2130.833251953125, 1227.8333740234375], [2206.5, 1236.5], [2255.0, 1247.5], [2374.0, 1227.5], [2488.16650390625, 1176.5], [2572.16650390625, 1087.8333740234375], [1846.5, 1051.5], [1919.833251953125, 1104.8333740234375], [1971.833251953125, 1096.1666259765625], [2014.5, 1147.5], [2058.5, 1126.1666259765625], [2093.166748046875, 1176.1666259765625], [2143.833251953125, 1144.1666259765625], [2168.5, 1186.1666259765625], [2215.833251953125, 1154.5], [2247.833251953125, 1178.5], [2276.5, 1223.0], [2287.0, 1131.0], [2362.0, 1186.0], [2440.5, 1135.5], [2503.5, 1072.5], [1635.1666259765625, 944.5], [1631.5, 887.0], [1843.0, 993.0], [1968.0, 1030.5], [2054.0, 1048.0], [2139.833251953125, 1062.5], [2210.5, 1069.8333740234375], [2283.166748046875, 1075.1666259765625]]",
LBX,Right,lbx009v01_r,Landmarked_LBX/marked_tiff/Right/LBX009V01_R_MARK.tif,Landmarked_LBX/txt/Right/LBX009V01_R.txt,Raw_Images/LBX/LBX009V01_R.tif,LBX,36,36,roi,3840,2160,"[[1364.0, 917.0], [1362.5, 1127.5], [1531.1666259765625, 1224.8333740234375], [1760.5, 1200.8333740234375], [1880.5, 1205.5], [1989.833251953125, 1213.5], [2097.166748046875, 1222.8333740234375], [2170.5, 1225.5], [2241.5, 1233.5], [2303.166748046875, 1238.8333740234375], [2423.5, 1200.5], [2521.0, 1128.5], [2585.5, 1036.5], [1851.8333740234375, 1044.8333740234375], [1921.833251953125, 1094.1666259765625], [1973.833251953125, 1088.1666259765625], [2019.833251953125, 1138.1666259765625], [2072.5, 1115.5], [2110.5, 1168.8333740234375], [2161.166748046875, 1132.8333740234375], [2185.833251953125, 1178.8333740234375], [2230.5, 1136.8333740234375], [2265.166748046875, 1168.8333740234375], [2312.5, 1211.5], [2311.833251953125, 1096.8333740234375], [2397.5, 1164.0], [2468.5, 1091.0], [2531.0, 1021.0], [1645.8333740234375, 926.1666870117188], [1644.5, 885.5], [1846.0, 980.5], [1970.0, 1017.0], [2071.833251953125, 1035.5], [2154.5, 1043.8333740234375], [2226.5, 1045.5], [2310.833251953125, 1045.5]]",
LBX,Right,lbx009v03_r,Landmarked_LBX/marked_tiff/Right/LBX009V03_R_MARK.tif,Landmarked_LBX/txt/Right/LBX009V03_R.txt,Raw_Images/LBX/LBX009V03_R.tif,LBX,36,36,roi,3840,2160,"[[1368.5, 937.5], [1376.5, 1162.5], [1592.5, 1235.5], [1755.5, 1210.5], [1871.5, 1210.5], [1987.5, 1220.5], [2088.5, 1228.5], [2158.5, 1232.5], [2221.833251953125, 1239.8333740234375], [2280.5, 1243.8333740234375], [2405.16650390625, 1207.1666259765625], [2496.83349609375, 1139.1666259765625], [2564.83349609375, 1045.8333740234375], [1850.1666259765625, 1042.1666259765625], [1908.833251953125, 1095.5], [1960.833251953125, 1084.8333740234375], [2002.833251953125, 1136.1666259765625], [2056.833251953125, 1116.1666259765625], [2092.833251953125, 1170.1666259765625], [2140.166748046875, 1126.8333740234375], [2167.166748046875, 1185.8333740234375], [2212.833251953125, 1128.5], [2240.833251953125, 1184.8333740234375], [2288.833251953125, 1217.1666259765625], [2287.833251953125, 1097.5], [2378.5, 1164.1666259765625], [2451.83349609375, 1096.8333740234375], [2509.83349609375, 1024.8333740234375], [1629.5, 939.5], [1628.1666259765625, 880.8333129882812], [1849.8333740234375, 987.5], [1957.833251953125, 1018.1666870117188], [2053.166748046875, 1035.5], [2133.833251953125, 1042.1666259765625], [2209.166748046875, 1044.1666259765625], [2287.5, 1044.5]]",
LBX,Right,lbx009v05_r,Landmarked_LBX/marked_tiff/Right/LBX009V05_R_MARK.tif,Landmarked_LBX/txt/Right/LBX009V05_R.txt,Raw_Images/LBX/LBX009V05_R.tif,LBX,36,36,roi,3840,2160,"[[1358.0, 886.0], [1341.5, 1145.5], [1493.5, 1219.5], [1719.5, 1183.5], [1844.5, 1187.5], [1974.5, 1191.5], [2070.5, 1191.5], [2142.5, 1193.5], [2221.166748046875, 1202.5], [2289.166748046875, 1206.5], [2419.16650390625, 1172.5], [2516.5, 1099.1666259765625], [2582.5, 1003.8333129882812], [1835.1666259765625, 1008.8333129882812], [1909.166748046875, 1058.1666259765625], [1961.166748046875, 1052.8333740234375], [2007.166748046875, 1097.5], [2067.166748046875, 1078.8333740234375], [2098.5, 1128.8333740234375], [2150.5, 1094.5], [2160.5, 1161.5], [2224.833251953125, 1104.8333740234375], [2243.5, 1159.5], [2299.0, 1184.5], [2312.0, 1078.5], [2384.16650390625, 1138.1666259765625], [2458.16650390625, 1067.5], [2519.5, 994.8333129882812], [1640.8333740234375, 910.1666870117188], [1639.5, 858.8333129882812], [1832.8333740234375, 952.8333129882812], [1960.166748046875, 991.5], [2068.833251953125, 1010.1666870117188], [2150.166748046875, 1016.8333129882812], [2224.166748046875, 1019.5], [2312.166748046875, 1018.1666870117188]]",
LBX,Right,lbx009v06_r,Landmarked_LBX/marked_tiff/Right/LBX009V06_R_MARK.tif,Landmarked_LBX/txt/Right/LBX009V06_R.txt,Raw_Images/LBX/LBX009V06_R.tif,LBX,36,36,roi,3840,2160,"[[1338.0, 913.0], [1316.5, 1091.5], [1516.5, 1213.5], [1742.5, 1185.5], [1867.833251953125, 1186.1666259765625], [1979.833251953125, 1191.5], [2086.5, 1192.8333740234375], [2163.833251953125, 1194.1666259765625], [2228.0, 1196.0], [2292.5, 1198.5], [2418.5, 1163.5], [2507.5, 1088.5], [2573.5, 992.5], [1831.5, 1019.5], [1917.5, 1074.5], [1979.5, 1065.5], [2023.5, 1111.5], [2077.5, 1089.5], [2108.5, 1137.5], [2163.5, 1097.5], [2184.5, 1151.5], [2239.5, 1104.5], [2264.5, 1133.5], [2305.833251953125, 1179.5], [2311.5, 1065.5], [2382.5, 1130.5], [2451.5, 1058.5], [2516.5, 982.5], [1619.5, 922.5], [1618.5, 857.5], [1831.833251953125, 957.5], [1977.833251953125, 996.1666870117188], [2073.833251953125, 1007.5], [2161.833251953125, 1012.1666870117188], [2243.5, 1011.5], [2311.5, 1008.5]]",
LBX,Right,lbx009v07_r,Landmarked_LBX/marked_tiff/Right/LBX009V07_R_MARK.tif,Landmarked_LBX/txt/Right/LBX009V07_R.txt,Raw_Images/LBX/LBX009V07_R.tif,LBX,36,36,roi,3840,2160,"[[1365.5, 931.5], [1365.5, 1187.5], [1572.5, 1215.5], [1729.5, 1189.5], [1865.5, 1192.5], [1976.5, 1202.5], [2079.833251953125, 1206.1666259765625], [2154.5, 1208.1666259765625], [2223.5, 1217.5], [2290.5, 1220.8333740234375], [2408.16650390625, 1190.8333740234375], [2508.16650390625, 1126.8333740234375], [2582.83349609375, 1030.8333740234375], [1826.8333740234375, 1030.8333740234375], [1904.166748046875, 1082.1666259765625], [1960.833251953125, 1079.5], [2018.166748046875, 1122.8333740234375], [2068.166748046875, 1104.8333740234375], [2098.166748046875, 1155.5], [2150.5, 1121.5], [2176.5, 1172.5], [2222.5, 1129.5], [2257.5, 1161.5], [2302.833251953125, 1195.8333740234375], [2306.166748046875, 1097.5], [2381.0, 1148.5], [2459.0, 1085.0], [2516.83349609375, 1023.1666870117188], [1642.5, 929.1666870117188], [1643.1666259765625, 879.8333129882812], [1824.5, 969.1666870117188], [1959.166748046875, 1011.8333129882812], [2066.5, 1030.1666259765625], [2150.5, 1039.5], [2214.5, 1041.5], [2301.833251953125, 1042.1666259765625]]",
LBX,Right,lbx009v08_r,Landmarked_LBX/marked_tiff/Right/LBX009V08_R_MARK.tif,Landmarked_LBX/txt/Right/LBX009V08_R.txt,Raw_Images/LBX/LBX009V08_R.tif,LBX,36,36,roi,3840,2160,"[[1377.5, 884.5], [1384.5, 1101.5], [1529.5, 1199.5], [1744.5, 1159.0], [1850.5, 1165.0], [1962.0, 1174.0], [2070.0, 1182.0], [2140.5, 1182.5], [2210.833251953125, 1193.5], [2286.166748046875, 1200.1666259765625], [2394.5, 1166.5], [2481.5, 1104.5], [2541.5, 1016.1666870117188], [1836.8333740234375, 1003.1666870117188], [1898.166748046875, 1047.1666259765625], [1953.5, 1044.5], [2000.833251953125, 1086.5], [2048.166748046875, 1074.5], [2082.166748046875, 1124.5], [2130.166748046875, 1093.8333740234375], [2153.5, 1151.8333740234375], [2200.5, 1102.5], [2231.5, 1135.5], [2287.833251953125, 1175.5], [2285.833251953125, 1077.8333740234375], [2370.5, 1123.5], [2433.0, 1066.0], [2488.5, 1003.0], [1631.8333740234375, 880.1666870117188], [1631.1666259765625, 828.8333129882812], [1835.0, 943.0], [1951.5, 983.5], [2046.0, 1003.5], [2127.0, 1014.0], [2201.0, 1020.0], [2285.833251953125, 1021.8333129882812]]",
LBX,Right,lbx009v09_r,Landmarked_LBX/marked_tiff/Right/LBX009V09_R_MARK.tif,Landmarked_LBX/txt/Right/LBX009V09_R.txt,,,36,36,roi,3840,2160,"[[1368.0, 908.0], [1350.5, 1130.1666259765625], [1515.8333740234375, 1230.1666259765625], [1748.5, 1198.5], [1869.5, 1201.5], [1993.5, 1206.5], [2091.5, 1212.5], [2162.5, 1217.5], [2237.5, 1223.5], [2307.0, 1225.5], [2423.5, 1188.8333740234375], [2518.5, 1123.5], [2588.5, 1025.5], [1830.5, 1032.5], [1907.5, 1085.5], [1963.5, 1077.5], [2017.5, 1123.5], [2067.0, 1105.0], [2105.5, 1153.5], [2152.0, 1120.0], [2175.0, 1176.5], [2235.0, 1126.5], [2269.0, 1150.5], [2314.0, 1195.5], [2318.5, 1102.5], [2398.83349609375, 1152.1666259765625], [2474.16650390625, 1084.8333740234375], [2534.83349609375, 1011.5], [1632.1666259765625, 916.8333129882812], [1630.5, 867.5], [1831.5, 969.5], [1962.5, 1011.0], [2065.5, 1026.8333740234375], [2151.5, 1034.1666259765625], [2232.833251953125, 1036.8333740234375], [2316.833251953125, 1034.1666259765625]]",no_raw_match
LBX,Right,lbx009v10_r,Landmarked_LBX/marked_tiff/Right/LBX009V10_R_MARK.tif,Landmarked_LBX/txt/Right/LBX009V10_R.txt,Raw_Images/LBX/LBX009V10_R.tif,LBX,36,36,roi,3840,2160,"[[1350.0, 926.0], [1355.5, 1146.8333740234375], [1543.5, 1205.5], [1717.8333740234375, 1200.8333740234375], [1831.1666259765625, 1208.8333740234375], [1940.5, 1215.5], [2037.833251953125, 1227.5], [2116.5, 1231.5], [2185.833251953125, 1246.1666259765625], [2252.833251953125, 1250.1666259765625], [2365.5, 1218.1666259765625], [2467.5, 1154.1666259765625], [2543.5, 1054.5], [1818.8333740234375, 1033.8333740234375], [1906.833251953125, 1118.8333740234375], [1951.5, 1094.5], [1984.833251953125, 1125.8333740234375], [2034.5, 1107.5], [2071.5, 1160.5], [2124.5, 1129.5], [2134.5, 1186.5], [2191.5, 1135.5], [2215.5, 1183.5], [2260.166748046875, 1221.5], [2275.5, 1106.5], [2346.833251953125, 1178.1666259765625], [2418.83349609375, 1112.1666259765625], [2480.16650390625, 1042.1666259765625], [1617.8333740234375, 916.8333129882812], [1619.1666259765625, 864.1666870117188], [1818.8333740234375, 971.8333129882812], [1949.5, 1018.5], [2032.166748046875, 1036.5], [2124.833251953125, 1047.8333740234375], [2188.166748046875, 1049.8333740234375], [2269.5, 1053.8333740234375]]",
LBX,Right,lbx009v15_r,Landmarked_LBX/marked_tiff/Right/LBX009V15_R_MARK.tif,Landmarked_LBX/txt/Right/LBX009V15_R.txt,Raw_Images/LBX/LBX009V15_R.tif,LBX,36,36,roi,3840,2160,"[[1351.0, 906.0], [1334.5, 1155.5], [1519.5, 1206.5], [1728.5, 1177.5], [1862.5, 1183.5], [1986.5, 1191.5], [2093.5, 1196.5], [2156.5, 1196.0], [2240.0, 1200.5], [2313.0, 1201.0], [2428.5, 1163.5], [2525.0, 1087.5], [2583.5, 989.5], [1832.8333740234375, 1018.5], [1915.5, 1073.8333740234375], [1971.5, 1061.8333740234375], [2027.5, 1110.5], [2084.166748046875, 1093.1666259765625], [2116.833251953125, 1139.1666259765625], [2168.833251953125, 1106.5], [2194.166748046875, 1147.8333740234375], [2246.833251953125, 1107.1666259765625], [2274.166748046875, 1153.1666259765625], [2323.0, 1168.5], [2315.5, 1063.0], [2397.5, 1123.0], [2473.5, 1045.0], [2527.0, 981.5], [1620.0, 914.0], [1618.0, 864.5], [1832.1666259765625, 959.8333129882812], [1971.166748046875, 996.8333129882812], [2083.833251953125, 1012.1666870117188], [2163.166748046875, 1014.8333129882812], [2244.5, 1013.5], [2313.5, 1011.5]]",
LBX,Right,lbx009v17_r,Landmarked_LBX/marked_tiff/Right/LBX009V17_R_MARK.tif,Landmarked_LBX/txt/Right/LBX009V17_R.txt,Raw_Images/LBX/LBX009V17_R.tif,LBX,36,36,roi,3840,2160,"[[1336.5, 903.5], [1316.5, 1129.5], [1473.5, 1204.5], [1707.5, 1162.5], [1846.166748046875, 1166.5], [1968.166748046875, 1177.8333740234375], [2070.5, 1183.8333740234375], [2149.166748046875, 1184.5], [2217.833251953125, 1190.5], [2283.833251953125, 1196.5], [2407.16650390625, 1159.1666259765625], [2499.5, 1099.5], [2584.5, 994.5], [1814.5, 1015.5], [1894.5, 1064.5], [1951.5, 1055.5], [2002.5, 1102.5], [2059.5, 1079.5], [2094.5, 1130.5], [2144.5, 1090.5], [2171.5, 1139.5], [2221.5, 1100.5], [2252.5, 1135.5], [2302.5, 1163.0], [2296.5, 1062.0], [2376.0, 1117.0], [2449.0, 1055.5], [2521.0, 979.5], [1616.0, 914.5], [1614.5, 862.5], [1813.5, 949.5], [1952.0, 988.5], [2057.0, 1003.5], [2143.5, 1007.8333129882812], [2219.5, 1009.5], [2294.5, 1008.5]]",
LBX,Right,lbx009v21_r,Landmarked_LBX/marked_tiff/Right/LBX009V21_R_MARK.tif,Landmarked_LBX/txt/Right/LBX009V21_R.txt,Raw_Images/LBX/LBX009V21_R.tif,LBX,36,36,roi,3840,2160,"[[1352.0, 897.0], [1341.5, 1122.8333740234375], [1521.5, 1201.5], [1754.5, 1177.5], [1884.5, 1181.5], [1997.5, 1192.5], [2096.5, 1198.5], [2168.5, 1199.5], [2243.5, 1205.5], [2306.5, 1208.5], [2429.5, 1169.5], [2523.5, 1104.5], [2588.5, 1015.5], [1866.5, 1030.5], [1933.5, 1079.5], [1985.5, 1065.5], [2036.5, 1117.5], [2086.5, 1094.5], [2123.5, 1147.5], [2176.5, 1107.5], [2199.5, 1159.5], [2249.5, 1112.5], [2286.5, 1152.5], [2323.5, 1187.5], [2323.5, 1088.5], [2399.5, 1133.8333740234375], [2466.16650390625, 1072.5], [2528.83349609375, 1005.1666870117188], [1645.5, 912.1666870117188], [1644.1666259765625, 861.5], [1863.5, 966.5], [1985.5, 1001.8333129882812], [2086.833251953125, 1019.1666870117188], [2170.0, 1026.5], [2241.0, 1028.0], [2321.5, 1029.5]]",
LBX,Right,lbx009v22_r,Landmarked_LBX/marked_tiff/Right/LBX009V22_R_MARK.tif,Landmarked_LBX/txt/Right/LBX009V22_R.txt,Raw_Images/LBX/LBX009V22_R.tif,LBX,36,36,roi,3840,2160,"[[1361.0, 925.0], [1354.5, 1141.5], [1527.5, 1206.5], [1759.5, 1170.5], [1897.5, 1176.5], [2033.5, 1186.5], [2107.5, 1190.5], [2174.5, 1201.5], [2251.833251953125, 1204.8333740234375], [2318.5, 1204.5], [2426.16650390625, 1172.5], [2518.5, 1101.5], [2575.5, 1009.5], [1865.8333740234375, 1022.8333129882812], [1936.5, 1080.8333740234375], [1987.833251953125, 1068.8333740234375], [2037.833251953125, 1116.8333740234375], [2092.5, 1097.5], [2125.833251953125, 1151.5], [2172.5, 1114.1666259765625], [2198.5, 1158.8333740234375], [2252.5, 1119.5], [2275.166748046875, 1163.5], [2324.0, 1176.0], [2296.833251953125, 1082.5], [2398.83349609375, 1131.8333740234375], [2464.83349609375, 1066.5], [2516.83349609375, 1001.8333129882812], [1645.5, 928.8333129882812], [1642.8333740234375, 859.5], [1864.1666259765625, 962.1666870117188], [1984.833251953125, 994.8333129882812], [2088.166748046875, 1012.8333129882812], [2169.5, 1020.5], [2241.5, 1024.5], [2294.5, 1025.5]]",
LBX,Right,lbx009v23_r,Landmarked_LBX/marked_tiff/Right/LBX009V23_R_MARK.tif,Landmarked_LBX/txt/Right/LBX009V23_R.txt,Raw_Images/LBX/LBX009V23_R.tif,LBX,36,36,roi,3840,2160,"[[1369.0, 911.0], [1341.5, 1114.5], [1504.5, 1198.5], [1746.5, 1161.5], [1895.5, 1161.5], [1989.5, 1171.5], [2095.5, 1173.5], [2160.5, 1176.5], [2236.5, 1184.5], [2301.833251953125, 1187.5], [2419.83349609375, 1154.1666259765625], [2522.0, 1085.5], [2583.83349609375, 996.1666870117188], [1850.5, 1007.5], [1923.166748046875, 1050.8333740234375], [1977.166748046875, 1038.1666259765625], [2023.833251953125, 1090.1666259765625], [2083.166748046875, 1070.1666259765625], [2110.5, 1120.1666259765625], [2168.5, 1080.8333740234375], [2182.5, 1142.1666259765625], [2237.833251953125, 1092.1666259765625], [2265.5, 1121.5], [2311.833251953125, 1160.1666259765625], [2310.5, 1055.5], [2392.5, 1115.5], [2461.0, 1047.0], [2516.5, 984.0], [1637.5, 910.5], [1635.5, 856.0], [1850.5, 948.1666870117188], [1977.5, 982.1666870117188], [2080.833251953125, 998.5], [2164.833251953125, 1003.8333129882812], [2230.833251953125, 1007.1666870117188], [2310.166748046875, 1005.1666870117188]]",
LBX,Right,lbx009v27_r,Landmarked_LBX/marked_tiff/Right/LBX009V27_R_MARK.tif,Landmarked_LBX/txt/Right/LBX009V27_R.txt,Raw_Images/LBX/LBX009V27_R.tif,LBX,36,36,roi,3840,2160,"[[1391.0, 929.0], [1392.1666259765625, 1122.1666259765625], [1565.5, 1212.8333740234375], [1766.5, 1182.5], [1892.5, 1181.5], [2005.5, 1184.5], [2114.0, 1185.5], [2193.0, 1186.0], [2256.5, 1195.5], [2315.5, 1199.5], [2435.5, 1156.5], [2527.5, 1091.5], [2597.5, 1002.5], [1870.5, 1002.5], [1939.5, 1063.5], [1993.5, 1044.5], [2042.5, 1093.5], [2095.5, 1071.5], [2129.5, 1126.5], [2178.5, 1086.5], [2204.5, 1145.5], [2254.5, 1100.5], [2274.5, 1136.5], [2327.5, 1166.0], [2321.0, 1060.5], [2404.5, 1121.5], [2473.0, 1056.5], [2536.5, 986.5], [1717.5, 932.1666870117188], [1713.5, 880.1666870117188], [1868.1666259765625, 937.8333129882812], [1992.166748046875, 975.8333129882812], [2093.5, 995.1666870117188], [2171.5, 1002.5], [2249.5, 1005.1666870117188], [2319.5, 1004.5]]",
LBX,Right,lbx010v01_r,Landmarked_LBX/marked_tiff/Right/LBX010V01_R_MARK.tif,Landmarked_LBX/txt/Right/LBX010V01_R.txt,Raw_Images/LBX/LBX010V01_R.tif,LBX,36,36,roi,3840,2160,"[[1356.5, 924.5], [1375.5, 1165.5], [1573.5, 1244.5], [1768.5, 1199.5], [1881.5, 1208.5], [2002.5, 1216.5], [2098.5, 1222.5], [2171.166748046875, 1227.8333740234375], [2235.166748046875, 1235.1666259765625], [2294.833251953125, 1237.8333740234375], [2421.5, 1197.5], [2512.5, 1124.0], [2571.0, 1023.5], [1840.8333740234375, 1043.5], [1908.833251953125, 1096.8333740234375], [1960.833251953125, 1083.5], [2018.166748046875, 1128.8333740234375], [2066.166748046875, 1114.1666259765625], [2104.833251953125, 1171.5], [2150.166748046875, 1127.5], [2176.833251953125, 1190.1666259765625], [2220.833251953125, 1132.8333740234375], [2250.166748046875, 1170.1666259765625], [2300.166748046875, 1209.1666259765625], [2303.5, 1104.5], [2392.83349609375, 1165.5], [2456.83349609375, 1094.8333740234375], [2519.5, 1011.5], [1644.8333740234375, 939.5], [1644.1666259765625, 876.8333129882812], [1838.1666259765625, 974.8333129882812], [1959.5, 1011.5], [2063.5, 1030.8333740234375], [2146.833251953125, 1039.5], [2219.5, 1042.5], [2299.5, 1042.5]]",
LBX,Right,lbx010v02_r,Landmarked_LBX/marked_tiff/Right/LBX010V02_R_MARK.tif,Landmarked_LBX/txt/Right/LBX010V02_R.txt,Raw_Images/LBX/LBX010V02_R.tif,LBX,36,36,roi,3840,2160,"[[1376.5, 942.5], [1370.5, 1129.5], [1548.5, 1232.5], [1772.8333740234375, 1197.5], [1880.8333740234375, 1200.1666259765625], [1985.5, 1202.1666259765625], [2082.833251953125, 1208.8333740234375], [2159.5, 1216.1666259765625], [2218.5, 1223.5], [2285.5, 1228.0], [2402.5, 1191.1666259765625], [2493.16650390625, 1127.8333740234375], [2560.5, 1027.8333740234375], [1864.5, 1040.5], [1915.5, 1099.5], [1968.166748046875, 1074.5], [2015.5, 1123.8333740234375], [2069.5, 1101.1666259765625], [2103.5, 1155.1666259765625], [2152.166748046875, 1110.5], [2172.166748046875, 1169.8333740234375], [2218.833251953125, 1121.8333740234375], [2242.166748046875, 1165.8333740234375], [2297.5, 1199.0], [2305.0, 1093.0], [2381.166748046875, 1156.5], [2446.5, 1091.1666259765625], [2514.5, 1014.5], [1651.5, 932.5], [1648.1666259765625, 881.5], [1866.0, 983.5], [1966.5, 1008.0], [2066.0, 1023.5], [2148.5, 1028.5], [2212.5, 1031.5], [2299.5, 1031.5]]",
LBX,Right,lbx010v03_r,Landmarked_LBX/marked_tiff/Right/LBX010V03_R_MARK.tif,Landmarked_LBX/txt/Right/LBX010V03_R.txt,Raw_Images/LBX/LBX010V03_R.tif,LBX,36,36,roi,3840,2160,"[[1369.5, 941.5], [1386.5, 1139.5], [1568.5, 1217.5], [1746.1666259765625, 1183.1666259765625], [1891.5, 1191.8333740234375], [2002.833251953125, 1190.5], [2095.5, 1198.5], [2170.5, 1199.5], [2227.5, 1207.5], [2286.5, 1208.5], [2398.83349609375, 1159.1666259765625], [2480.83349609375, 1081.8333740234375], [2548.16650390625, 977.8333129882812], [1841.0, 1027.0], [1918.0, 1078.0], [1968.5, 1059.5], [2014.5, 1106.0], [2060.5, 1082.8333740234375], [2100.5, 1138.8333740234375], [2143.166748046875, 1093.5], [2173.166748046875, 1152.8333740234375], [2216.5, 1094.8333740234375], [2241.166748046875, 1142.1666259765625], [2292.5, 1177.5], [2296.166748046875, 1053.5], [2377.5, 1125.8333740234375], [2440.16650390625, 1049.8333740234375], [2488.16650390625, 970.5], [1642.8333740234375, 933.1666870117188], [1639.5, 875.8333129882812], [1838.5, 959.5], [1965.833251953125, 996.5], [2057.5, 1007.5], [2134.5, 1008.5], [2213.0, 1009.5], [2295.833251953125, 1003.1666870117188]]",
LBX,Right,lbx010v04_r,Landmarked_LBX/marked_tiff/Right/LBX010V04_R_MARK.tif,Landmarked_LBX/txt/Right/LBX010V04_R.txt,Raw_Images/LBX/LBX010V04_R.tif,LBX,36,36,roi,3840,2160,"[[1366.5, 883.5], [1354.5, 1107.5], [1515.8333740234375, 1208.8333740234375], [1763.5, 1179.5], [1875.5, 1183.5], [1983.5, 1190.5], [2069.5, 1194.5], [2148.5, 1201.5], [2210.5, 1205.5], [2275.5, 1208.8333740234375], [2398.16650390625, 1172.8333740234375], [2487.5, 1096.8333740234375], [2556.5, 995.5], [1836.5, 1011.5], [1902.5, 1062.5], [1952.0, 1049.0], [2007.5, 1098.5], [2055.5, 1079.0], [2087.5, 1130.5], [2138.0, 1094.0], [2161.5, 1146.0], [2208.0, 1089.5], [2228.5, 1151.5], [2277.833251953125, 1181.1666259765625], [2285.166748046875, 1064.5], [2373.5, 1139.5], [2439.5, 1064.1666259765625], [2500.5, 983.5], [1638.8333740234375, 908.5], [1638.1666259765625, 848.5], [1834.8333740234375, 945.1666870117188], [1950.166748046875, 983.1666870117188], [2054.833251953125, 1002.5], [2141.5, 1011.1666870117188], [2207.5, 1012.0], [2285.5, 1010.0]]",
LBX,Right,lbx010v06_r,Landmarked_LBX/marked_tiff/Right/LBX010V06_R_MARK.tif,Landmarked_LBX/txt/Right/LBX010V06_R.txt,Raw_Images/LBX/LBX010V06_R.tif,LBX,36,36,roi,3840,2160,"[[1351.0, 918.0], [1342.5, 1139.5], [1503.5, 1203.5], [1755.5, 1171.5], [1865.5, 1180.5], [1982.5, 1190.5], [2076.5, 1189.5], [2146.5, 1201.5], [2214.5, 1208.5], [2287.5, 1209.5], [2414.5, 1173.5], [2507.5, 1104.5], [2576.16650390625, 1008.1666870117188], [1826.8333740234375, 1028.8333740234375], [1914.166748046875, 1082.8333740234375], [1972.166748046875, 1068.1666259765625], [2014.166748046875, 1116.1666259765625], [2072.166748046875, 1091.5], [2102.166748046875, 1140.8333740234375], [2154.166748046875, 1101.5], [2180.5, 1152.5], [2225.5, 1113.5], [2252.5, 1143.5], [2300.5, 1177.5], [2302.5, 1092.5], [2384.5, 1136.5], [2458.5, 1069.5], [2516.5, 1001.5], [1636.5, 919.5], [1635.5, 863.1666870117188], [1826.1666259765625, 960.8333129882812], [1972.833251953125, 1000.1666870117188], [2068.166748046875, 1017.5], [2153.75, 1024.0], [2223.5, 1026.0], [2302.5, 1026.8333740234375]]",
LBX,Right,lbx010v07_r,Landmarked_LBX/marked_tiff/Right/LBX010V07_R_MARK.tif,Landmarked_LBX/txt/Right/LBX010V07_R.txt,Raw_Images/LBX/LBX010V07_R.tif,LBX,36,36,roi,3840,2160,"[[1334.1666259765625, 898.8333129882812], [1323.5, 1122.8333740234375], [1482.1666259765625, 1198.8333740234375], [1730.5, 1157.5], [1845.5, 1165.8333740234375], [1964.5, 1176.5], [2059.5, 1179.0], [2132.5, 1184.5], [2204.5, 1192.5], [2266.5, 1195.5], [2386.5, 1158.5], [2481.83349609375, 1091.1666259765625], [2549.83349609375, 995.5], [1805.1666259765625, 1006.5], [1881.5, 1059.0], [1939.0, 1045.0], [1989.0, 1095.5], [2044.5, 1074.5], [2079.5, 1124.0], [2128.166748046875, 1093.5], [2145.5, 1147.5], [2199.5, 1090.5], [2227.5, 1135.5], [2279.5, 1163.5], [2280.166748046875, 1058.1666259765625], [2362.0, 1126.0], [2428.5, 1056.5], [2486.5, 978.5], [1610.1666259765625, 915.5], [1606.8333740234375, 854.1666870117188], [1804.5, 941.5], [1937.5, 978.5], [2046.5, 992.5], [2127.5, 999.5], [2200.833251953125, 999.5], [2278.833251953125, 998.8333129882812]]",
LBX,Right,lbx010v09_r,Landmarked_LBX/marked_tiff/Right/LBX010V09_R_MARK.tif,Landmarked_LBX/txt/Right/LBX010V09_R.txt,Raw_Images/LBX/LBX010V09_R.tif,LBX,36,36,roi,3840,2160,"[[1351.5, 856.8333129882812], [1334.1666259765625, 1094.1666259765625], [1519.5, 1202.1666259765625], [1747.8333740234375, 1173.1666259765625], [1866.5, 1181.1666259765625], [1970.5, 1185.1666259765625], [2080.5, 1186.5], [2146.5, 1192.5], [2212.5, 1197.5], [2276.5, 1200.5], [2394.83349609375, 1157.8333740234375], [2479.5, 1085.1666259765625], [2544.5, 991.5], [1812.5, 1009.5], [1896.5, 1062.5], [1950.5, 1049.5], [1998.5, 1099.5], [2049.5, 1072.5], [2084.5, 1133.5], [2138.5, 1086.5], [2164.5, 1136.5], [2209.5, 1091.5], [2229.5, 1140.5], [2287.5, 1170.5], [2286.5, 1054.5], [2367.5, 1126.5], [2433.5, 1055.1666259765625], [2492.16650390625, 978.5], [1625.5, 915.5], [1622.5, 856.5], [1813.5, 946.1666870117188], [1950.5, 983.8333129882812], [2051.833251953125, 997.1666870117188], [2141.0, 1001.5], [2209.5, 1002.5], [2285.0, 1000.5]]",
LBX,Right,lbx010v12_r,Landmarked_LBX/marked_tiff/Right/LBX010V12_R_MARK.tif,Landmarked_LBX/txt/Right/LBX010V12_R.txt,Raw_Images/LBX/LBX010V12_R.tif,LBX,36,36,roi,3840,2160,"[[1358.0, 901.0], [1337.5, 1116.5], [1544.5, 1220.5], [1765.5, 1190.5], [1887.166748046875, 1195.5], [1999.166748046875, 1203.5], [2093.833251953125, 1210.1666259765625], [2163.166748046875, 1212.8333740234375], [2237.833251953125, 1223.5], [2306.5, 1228.1666259765625], [2431.0, 1192.5], [2520.16650390625, 1129.1666259765625], [2596.0, 1027.5], [1846.5, 1031.5], [1922.5, 1092.5], [1979.5, 1079.5], [2028.5, 1130.0], [2080.5, 1106.5], [2112.5, 1157.0], [2161.166748046875, 1115.5], [2183.166748046875, 1169.5], [2235.166748046875, 1125.5], [2263.166748046875, 1168.1666259765625], [2314.5, 1196.8333740234375], [2317.5, 1088.5], [2405.5, 1154.0], [2476.5, 1084.5], [2538.5, 1014.5], [1640.0, 930.0], [1638.0, 874.5], [1840.8333740234375, 964.5], [1974.833251953125, 1003.1666870117188], [2074.166748046875, 1021.1666870117188], [2156.833251953125, 1031.8333740234375], [2230.5, 1033.5], [2316.5, 1034.5]]",
LBX,Right,lbx010v16_r,Landmarked_LBX/marked_tiff/Right/LBX010V16_R_MARK.tif,Landmarked_LBX/txt/Right/LBX010V16_R.txt,Raw_Images/LBX/LBX010V16_R.tif,LBX,36,36,roi,3840,2160,"[[1345.5, 917.1666870117188], [1360.1666259765625, 1157.1666259765625], [1537.5, 1223.8333740234375], [1754.5, 1190.5], [1883.5, 1196.5], [1995.5, 1199.5], [2090.5, 1209.5], [2164.5, 1215.5], [2237.5, 1225.5], [2300.5, 1232.5], [2428.5, 1197.0], [2521.16650390625, 1124.8333740234375], [2584.0, 1025.5], [1841.5, 1035.5], [1906.5, 1088.5], [1967.5, 1077.5], [2019.5, 1124.5], [2072.5, 1106.5], [2112.5, 1154.5], [2156.5, 1117.5], [2185.5, 1173.5], [2227.5, 1126.5], [2254.5, 1152.5], [2310.5, 1203.5], [2302.5, 1098.1666259765625], [2394.5, 1160.8333740234375], [2462.5, 1092.8333740234375], [2523.83349609375, 1012.8333129882812], [1617.5, 923.5], [1618.5, 860.5], [1837.5, 963.5], [1966.5, 1001.5], [2068.5, 1018.5], [2146.5, 1030.5], [2223.5, 1034.5], [2301.5, 1034.5]]",
LBX,Right,lbx010v17_r,Landmarked_LBX/marked_tiff/Right/LBX010V17_R_MARK.tif,Landmarked_LBX/txt/Right/LBX010V17_R.txt,Raw_Images/LBX/LBX010V17_R.tif,LBX,36,36,roi,3840,2160,"[[1364.0, 872.0], [1362.1666259765625, 1131.5], [1532.8333740234375, 1215.5], [1751.1666259765625, 1189.8333740234375], [1884.5, 1197.8333740234375], [2001.833251953125, 1207.1666259765625], [2104.5, 1215.1666259765625], [2187.166748046875, 1213.8333740234375], [2255.166748046875, 1228.5], [2321.833251953125, 1228.5], [2439.5, 1192.5], [2531.5, 1118.5], [2602.5, 1015.5], [1847.5, 1027.5], [1930.166748046875, 1081.1666259765625], [1987.5, 1075.8333740234375], [2035.5, 1121.1666259765625], [2084.833251953125, 1106.5], [2122.166748046875, 1155.8333740234375], [2175.5, 1110.5], [2199.5, 1173.1666259765625], [2252.833251953125, 1114.5], [2272.833251953125, 1163.8333740234375], [2332.166748046875, 1197.1666259765625], [2328.833251953125, 1078.5], [2414.5, 1149.5], [2480.5, 1081.5], [2543.5, 1002.5], [1649.1666259765625, 915.5], [1647.8333740234375, 855.5], [1845.5, 957.5], [1985.5, 1000.8333129882812], [2080.833251953125, 1016.8333129882812], [2175.5, 1025.5], [2250.5, 1027.5], [2326.5, 1025.5]]",
LBX,Right,lbx010v18_r,Landmarked_LBX/marked_tiff/Right/LBX010V18_R_MARK.tif,Landmarked_LBX/txt/Right/LBX010V18_R.txt,Raw_Images/LBX/LBX010V18_R.tif,LBX,36,36,roi,3840,2160,"[[1369.0, 897.0], [1355.5, 1082.5], [1517.5, 1189.5], [1740.5, 1168.5], [1864.5, 1170.5], [1984.5, 1173.5], [2078.833251953125, 1185.1666259765625], [2148.833251953125, 1189.1666259765625], [2227.5, 1199.8333740234375], [2286.833251953125, 1209.1666259765625], [2415.5, 1177.5], [2510.5, 1112.5], [2586.5, 1014.5], [1838.5, 1003.8333129882812], [1910.5, 1056.5], [1968.5, 1050.5], [2015.5, 1092.5], [2072.5, 1078.5], [2099.5, 1133.5], [2151.5, 1089.5], [2173.5, 1148.5], [2227.5, 1095.5], [2253.5, 1121.5], [2296.5, 1180.5], [2311.5, 1068.5], [2388.16650390625, 1139.1666259765625], [2456.16650390625, 1073.1666259765625], [2518.83349609375, 999.1666870117188], [1639.5, 910.8333129882812], [1634.1666259765625, 841.5], [1835.8333740234375, 936.5], [1967.166748046875, 975.8333129882812], [2073.833251953125, 997.8333129882812], [2149.833251953125, 1009.1666870117188], [2229.166748046875, 1012.5], [2310.5, 1015.8333129882812]]",
LBX,Right,lbx010v22_r,Landmarked_LBX/marked_tiff/Right/LBX010V22_R_MARK.tif,Landmarked_LBX/txt/Right/LBX010V22_R.txt,Raw_Images/LBX/LBX010V22_R.tif,LBX,36,36,roi,3840,2160,"[[1355.0, 982.0], [1393.1666259765625, 1171.5], [1630.5, 1206.1666259765625], [1777.5, 1194.5], [1887.5, 1201.5], [2007.5, 1208.5], [2097.5, 1212.5], [2176.5, 1216.5], [2238.5, 1221.5], [2302.5, 1230.5], [2427.5, 1200.5], [2520.5, 1128.5], [2591.5, 1030.5], [1838.5, 1038.5], [1919.5, 1098.0], [1974.166748046875, 1076.8333740234375], [2022.0, 1133.0], [2074.5, 1110.5], [2119.0, 1164.5], [2159.166748046875, 1121.8333740234375], [2193.0, 1175.0], [2238.5, 1124.5], [2261.0, 1169.5], [2312.5, 1202.8333740234375], [2309.5, 1088.5], [2406.0, 1159.5], [2474.0, 1094.5], [2535.5, 1011.5], [1611.5, 956.8333129882812], [1608.5, 881.5], [1837.5, 972.8333129882812], [1972.833251953125, 1007.8333129882812], [2071.5, 1025.8333740234375], [2150.5, 1032.5], [2228.5, 1037.5], [2309.5, 1035.5]]",
LBX,Right,lbx010v24_r,Landmarked_LBX/marked_tiff/Right/LBX010V24_R_MARK.tif,Landmarked_LBX/txt/Right/LBX010V24_R.txt,Raw_Images/LBX/LBX010V24_R.tif,LBX,36,36,roi,3840,2160,"[[1342.0, 887.0], [1313.1666259765625, 1132.1666259765625], [1506.5, 1228.1666259765625], [1751.5, 1193.5], [1859.5, 1204.5], [1969.5, 1208.5], [2082.5, 1214.5], [2157.5, 1220.5], [2228.5, 1226.5], [2294.166748046875, 1232.8333740234375], [2421.5, 1205.5], [2525.5, 1128.5], [2598.16650390625, 1028.1666259765625], [1832.833251953125, 1027.5], [1911.5, 1078.1666259765625], [1968.833251953125, 1080.8333740234375], [2011.5, 1119.5], [2067.5, 1103.5], [2102.166748046875, 1147.5], [2158.166748046875, 1118.1666259765625], [2175.5, 1170.1666259765625], [2228.833251953125, 1128.8333740234375], [2243.5, 1179.5], [2304.833251953125, 1203.5], [2317.5, 1088.8333740234375], [2396.5, 1164.5], [2477.5, 1096.5], [2545.5, 1014.5], [1631.5, 922.1666870117188], [1628.8333740234375, 864.1666870117188], [1830.5, 963.5], [1965.5, 1005.5], [2067.5, 1025.5], [2157.5, 1034.5], [2230.5, 1037.5], [2318.5, 1039.5]]",
LBX,Right,lbx010v26_r,Landmarked_LBX/marked_tiff/Right/LBX010V26_R_MARK.tif,Landmarked_LBX/txt/Right/LBX010V26_R.txt,Raw_Images/LBX/LBX010V26_R.tif,LBX,36,36,roi,3840,2160,"[[1361.5, 922.5], [1351.5, 1141.5], [1514.5, 1211.5], [1765.5, 1181.5], [1885.5, 1186.5], [2009.5, 1191.5], [2111.0, 1194.5], [2171.0, 1200.0], [2237.0, 1214.0], [2303.0, 1215.0], [2409.5, 1175.5], [2496.5, 1102.5], [2554.5, 1008.5], [1844.5, 1024.5], [1921.5, 1074.5], [1976.5, 1066.5], [2026.5, 1112.5], [2073.5, 1093.5], [2120.5, 1140.5], [2160.5, 1105.5], [2192.5, 1155.5], [2236.166748046875, 1104.1666259765625], [2258.166748046875, 1140.8333740234375], [2311.5, 1186.1666259765625], [2310.833251953125, 1072.1666259765625], [2383.5, 1140.1666259765625], [2441.5, 1073.5], [2505.5, 997.5], [1627.5, 928.5], [1623.5, 862.5], [1845.0, 958.0], [1977.0, 993.0], [2071.0, 1007.5], [2156.0, 1015.5], [2232.5, 1018.0], [2308.5, 1018.5]]",
LBX,Right,lbx010v27_r,Landmarked_LBX/marked_tiff/Right/LBX010V27_R_MARK.tif,Landmarked_LBX/txt/Right/LBX010V27_R.txt,Raw_Images/LBX/LBX010V27_R.tif,LBX,36,36,roi,3840,2160,"[[1362.0, 854.0], [1351.5, 1107.5], [1535.5, 1220.8333740234375], [1723.5, 1180.5], [1839.5, 1185.1666259765625], [1964.166748046875, 1187.8333740234375], [2059.5, 1190.5], [2129.5, 1193.5], [2203.5, 1197.5], [2265.5, 1201.5], [2392.5, 1165.5], [2476.5, 1095.5], [2545.5, 995.5], [1831.1666259765625, 1002.8333129882812], [1901.166748046875, 1046.1666259765625], [1948.5, 1038.1666259765625], [1995.833251953125, 1086.1666259765625], [2049.166748046875, 1071.5], [2079.166748046875, 1124.1666259765625], [2132.5, 1083.5], [2151.166748046875, 1134.1666259765625], [2195.833251953125, 1082.8333740234375], [2222.5, 1140.1666259765625], [2276.166748046875, 1174.5], [2278.833251953125, 1061.1666259765625], [2366.833251953125, 1132.5], [2427.5, 1057.1666259765625], [2487.5, 982.5], [1644.1666259765625, 898.8333129882812], [1640.1666259765625, 836.1666870117188], [1826.8333740234375, 933.8333129882812], [1947.5, 975.1666870117188], [2046.166748046875, 993.1666870117188], [2134.5, 1003.5], [2193.166748046875, 1004.8333129882812], [2278.5, 1004.8333129882812]]",
LBX,Right,lbx011v01_r,Landmarked_LBX/marked_tiff/Right/LBX011V01_R_MARK.tif,Landmarked_LBX/txt/Right/LBX011V01_R.txt,Raw_Images/LBX/LBX011V01_R.tif,LBX,36,36,roi,3840,2160,"[[1368.0, 942.0], [1355.5, 1163.5], [1557.5, 1227.5], [1741.8333740234375, 1195.5], [1883.166748046875, 1201.8333740234375], [2012.5, 1210.5], [2117.5, 1225.5], [2181.5, 1225.5], [2265.5, 1231.5], [2329.0, 1230.5], [2434.5, 1194.5], [2526.5, 1134.5], [2596.5, 1048.1666259765625], [1857.5, 1053.5], [1917.5, 1096.5], [1983.5, 1090.5], [2035.5, 1139.5], [2089.5, 1116.5], [2126.5, 1171.5], [2182.5, 1133.5], [2209.5, 1186.5], [2253.5, 1140.5], [2281.5, 1177.8333740234375], [2334.833251953125, 1201.5], [2327.833251953125, 1115.8333740234375], [2402.83349609375, 1156.5], [2463.16650390625, 1101.8333740234375], [2520.5, 1033.8333740234375], [1645.5, 945.5], [1640.8333740234375, 882.8333129882812], [1857.1666259765625, 982.8333129882812], [1980.5, 1016.8333129882812], [2083.166748046875, 1034.8333740234375], [2178.5, 1045.5], [2249.5, 1049.5], [2326.5, 1048.5]]",
LBX,Right,lbx011v02_r,Landmarked_LBX/marked_tiff/Right/LBX011V02_R_MARK.tif,Landmarked_LBX/txt/Right/LBX011V02_R.txt,Raw_Images/LBX/LBX011V02_R.tif,LBX,36,36,roi,3840,2160,"[[1353.0, 871.0], [1348.8333740234375, 1122.8333740234375], [1531.5, 1218.8333740234375], [1760.5, 1178.5], [1877.5, 1184.1666259765625], [1992.166748046875, 1193.5], [2110.833251953125, 1202.8333740234375], [2181.5, 1205.5], [2254.833251953125, 1209.5], [2314.5, 1211.5], [2437.0, 1168.5], [2527.5, 1098.5], [2592.16650390625, 997.5], [1864.166748046875, 1021.5], [1924.166748046875, 1065.5], [1989.5, 1061.5], [2036.166748046875, 1102.8333740234375], [2081.5, 1088.1666259765625], [2125.5, 1134.8333740234375], [2165.5, 1105.5], [2197.5, 1145.5], [2242.833251953125, 1108.1666259765625], [2274.833251953125, 1142.8333740234375], [2327.0, 1077.5], [2324.0, 1177.0], [2409.0, 1123.0], [2474.5, 1056.0], [2524.5, 986.5], [1640.8333740234375, 911.8333129882812], [1640.1666259765625, 857.1666870117188], [1863.5, 956.5], [1991.0, 992.5], [2080.5, 1007.5], [2164.5, 1013.1666870117188], [2240.5, 1015.8333129882812], [2323.833251953125, 1013.8333129882812]]",
LBX,Right,lbx011v03_r,Landmarked_LBX/marked_tiff/Right/LBX011V03_R_MARK.tif,Landmarked_LBX/txt/Right/LBX011V03_R.txt,Raw_Images/LBX/LBX011V03_R.tif,LBX,36,36,roi,3840,2160,"[[1355.5, 967.5], [1346.1666259765625, 1147.5], [1507.5, 1237.5], [1753.5, 1200.8333740234375], [1878.166748046875, 1207.5], [1998.166748046875, 1210.8333740234375], [2101.5, 1214.5], [2169.5, 1216.5], [2241.5, 1219.5], [2310.5, 1216.8333740234375], [2426.5, 1172.8333740234375], [2507.16650390625, 1106.1666259765625], [2568.5, 1014.1666870117188], [1846.8333740234375, 1050.1666259765625], [1917.5, 1100.8333740234375], [1984.166748046875, 1085.5], [2030.166748046875, 1136.8333740234375], [2084.166748046875, 1112.8333740234375], [2120.833251953125, 1158.8333740234375], [2166.166748046875, 1122.8333740234375], [2198.833251953125, 1169.5], [2234.833251953125, 1126.1666259765625], [2269.5, 1163.5], [2312.833251953125, 1193.1666259765625], [2321.833251953125, 1109.5], [2388.5, 1133.5], [2452.5, 1074.8333740234375], [2500.5, 1004.8333129882812], [1644.1666259765625, 964.1666870117188], [1643.5, 903.5], [1845.5, 987.5], [1983.0, 1019.0], [2084.5, 1032.5], [2170.0, 1036.5], [2235.0, 1035.5], [2319.0, 1034.5]]",
LBX,Right,lbx011v04_r,Landmarked_LBX/marked_tiff/Right/LBX011V04_R_MARK.tif,Landmarked_LBX/txt/Right/LBX011V04_R.txt,Raw_Images/LBX/LBX011V04_R.tif,LBX,36,36,roi,3840,2160,"[[1401.0, 902.0], [1366.5, 1128.5], [1554.5, 1250.5], [1751.8333740234375, 1210.1666259765625], [1881.166748046875, 1221.5], [1999.833251953125, 1229.5], [2111.5, 1236.5], [2182.5, 1239.5], [2255.5, 1243.5], [2315.5, 1243.5], [2430.5, 1214.5], [2522.0, 1148.0], [2581.5, 1054.0], [1857.5, 1065.5], [1915.5, 1110.5], [1978.5, 1095.5], [2022.5, 1146.5], [2082.5, 1128.5], [2115.5, 1175.5], [2169.5, 1148.5], [2196.5, 1189.5], [2238.5, 1151.5], [2265.5, 1191.5], [2320.5, 1215.5], [2308.833251953125, 1114.5], [2399.5, 1172.5], [2468.0, 1109.5], [2526.5, 1040.1666259765625], [1653.5, 923.5], [1653.5, 886.0], [1853.5, 998.0], [1975.5, 1028.5], [2079.0, 1048.5], [2162.0, 1055.0], [2232.5, 1057.5], [2302.5, 1058.5]]",
LBX,Right,lbx012v01_r,Landmarked_LBX/marked_tiff/Right/LBX012V01_R_MARK.tif,Landmarked_LBX/txt/Right/LBX012V01_R.txt,Raw_Images/LBX/LBX012V01_R.tif,LBX,36,36,roi,3840,2160,"[[1360.0, 932.0], [1335.5, 1144.5], [1506.5, 1227.5], [1725.5, 1191.5], [1873.5, 1193.5], [2010.833251953125, 1200.5], [2105.5, 1208.5], [2175.5, 1208.5], [2251.5, 1208.5], [2316.833251953125, 1210.5], [2436.16650390625, 1163.8333740234375], [2523.5, 1090.5], [2592.83349609375, 989.8333129882812], [1862.833251953125, 1039.8333740234375], [1914.833251953125, 1088.5], [1972.166748046875, 1072.5], [2028.166748046875, 1122.5], [2081.5, 1099.1666259765625], [2120.833251953125, 1153.8333740234375], [2173.5, 1107.8333740234375], [2194.166748046875, 1171.1666259765625], [2252.833251953125, 1107.1666259765625], [2267.5, 1171.8333740234375], [2324.166748046875, 1183.1666259765625], [2324.833251953125, 1074.5], [2404.16650390625, 1129.5], [2472.83349609375, 1053.5], [2528.83349609375, 980.1666870117188], [1640.8333740234375, 946.8333129882812], [1638.8333740234375, 892.1666870117188], [1860.166748046875, 978.8333129882812], [1967.5, 1004.1666870117188], [2077.5, 1020.0], [2169.5, 1023.0], [2251.0, 1020.0], [2323.5, 1015.5]]",
LBX,Right,lbx013v01_r,Landmarked_LBX/marked_tiff/Right/LBX013V01_R_MARK.tif,Landmarked_LBX/txt/Right/LBX013V01_R.txt,Raw_Images/LBX/LBX013V01_R.tif,LBX,36,36,roi,3840,2160,"[[1398.5, 932.5], [1388.5, 1144.5], [1564.5, 1238.5], [1763.0, 1197.5], [1881.8333740234375, 1201.5], [2000.833251953125, 1213.5], [2087.5, 1220.8333740234375], [2171.5, 1225.5], [2242.5, 1232.5], [2304.166748046875, 1228.1666259765625], [2410.833251953125, 1196.8333740234375], [2490.0, 1130.5], [2555.0, 1039.5], [1851.5, 1047.5], [1922.5, 1099.5], [1983.5, 1093.5], [2022.5, 1138.5], [2072.5, 1116.5], [2109.5, 1167.5], [2160.5, 1127.5], [2184.5, 1186.5], [2223.5, 1135.5], [2254.5, 1164.5], [2309.5, 1198.5], [2308.0, 1110.5], [2379.5, 1155.0], [2439.0, 1100.0], [2502.0, 1028.5], [1656.1666259765625, 942.1666870117188], [1654.1666259765625, 884.8333129882812], [1850.1666259765625, 984.1666870117188], [1981.166748046875, 1025.1666259765625], [2071.166748046875, 1041.1666259765625], [2157.833251953125, 1047.8333740234375], [2224.5, 1049.8333740234375], [2307.166748046875, 1048.5]]",
LBX,Right,lbx013v03_r,Landmarked_LBX/marked_tiff/Right/LBX013V03_R_MARK.tif,Landmarked_LBX/txt/Right/LBX013V03_R.txt,Raw_Images/LBX/LBX013V03_R.tif,LBX,36,36,roi,3840,2160,"[[1349.0, 868.0], [1357.5, 1139.5], [1513.5, 1215.5], [1714.8333740234375, 1171.1666259765625], [1838.8333740234375, 1181.1666259765625], [1946.166748046875, 1193.1666259765625], [2066.166748046875, 1199.8333740234375], [2149.5, 1200.5], [2216.166748046875, 1213.1666259765625], [2291.5, 1215.5], [2427.5, 1180.5], [2528.5, 1105.5], [2595.5, 999.5], [1828.5, 994.5], [1902.5, 1047.5], [1962.833251953125, 1052.1666259765625], [2004.166748046875, 1089.8333740234375], [2057.166748046875, 1076.8333740234375], [2098.166748046875, 1125.1666259765625], [2148.5, 1097.5], [2166.5, 1158.5], [2228.5, 1104.5], [2250.5, 1136.0], [2302.5, 1187.5], [2306.0, 1067.0], [2395.83349609375, 1139.8333740234375], [2467.83349609375, 1067.8333740234375], [2543.83349609375, 987.1666870117188], [1634.5, 889.8333129882812], [1634.5, 840.5], [1830.1666259765625, 937.8333129882812], [1966.833251953125, 979.8333129882812], [2060.166748046875, 997.8333129882812], [2150.166748046875, 1008.5], [2227.5, 1013.1666870117188], [2307.75, 1015.5]]",
LBX,Right,lbx013v04_r,Landmarked_LBX/marked_tiff/Right/LBX013V04_R_MARK.tif,Landmarked_LBX/txt/Right/LBX013V04_R.txt,Raw_Images/LBX/LBX013V04_R.tif,LBX,36,36,roi,3840,2160,"[[1382.0, 905.0], [1379.5, 1151.5], [1568.8333740234375, 1239.5], [1751.5, 1218.1666259765625], [1868.8333740234375, 1215.5], [1990.166748046875, 1220.8333740234375], [2076.833251953125, 1228.8333740234375], [2154.166748046875, 1232.8333740234375], [2232.833251953125, 1242.1666259765625], [2311.5, 1240.5], [2425.83349609375, 1200.8333740234375], [2519.0, 1126.5], [2575.5, 1028.5], [1854.5, 1036.5], [1920.5, 1088.5], [1970.5, 1083.8333740234375], [2021.833251953125, 1127.8333740234375], [2072.5, 1111.1666259765625], [2109.166748046875, 1156.5], [2155.833251953125, 1123.1666259765625], [2175.166748046875, 1185.1666259765625], [2223.833251953125, 1137.8333740234375], [2256.5, 1165.5], [2314.5, 1208.5], [2310.5, 1098.5], [2394.5, 1157.1666259765625], [2459.83349609375, 1087.8333740234375], [2521.16650390625, 1016.5], [1659.5, 926.8333129882812], [1655.5, 872.1666870117188], [1848.8333740234375, 972.8333129882812], [1965.5, 1011.5], [2065.5, 1030.8333740234375], [2150.833251953125, 1040.1666259765625], [2217.166748046875, 1043.5], [2307.833251953125, 1046.1666259765625]]",
LBX,Right,lbx013v05_r,Landmarked_LBX/marked_tiff/Right/LBX013V05_R_MARK.tif,Landmarked_LBX/txt/Right/LBX013V05_R.txt,Raw_Images/LBX/LBX013V05_R.tif,LBX,36,36,roi,3840,2160,"[[1419.5, 964.5], [1411.5, 1175.5], [1562.5, 1254.5], [1746.5, 1216.1666259765625], [1867.8333740234375, 1216.1666259765625], [1977.833251953125, 1228.1666259765625], [2079.166748046875, 1240.8333740234375], [2152.5, 1250.8333740234375], [2227.5, 1258.5], [2294.5, 1267.5], [2411.5, 1249.5], [2512.5, 1193.5], [2578.5, 1105.5], [1867.5, 1067.5], [1932.166748046875, 1116.1666259765625], [1985.5, 1112.8333740234375], [2026.833251953125, 1152.8333740234375], [2080.166748046875, 1140.8333740234375], [2110.833251953125, 1184.1666259765625], [2160.833251953125, 1161.5], [2184.833251953125, 1201.5], [2226.833251953125, 1174.8333740234375], [2254.166748046875, 1209.5], [2304.5, 1242.0], [2303.0, 1154.0], [2382.5, 1197.0], [2459.5, 1146.0], [2522.5, 1093.0], [1680.0, 956.5], [1680.5, 908.0], [1865.8333740234375, 1009.1666870117188], [1984.5, 1049.1666259765625], [2075.833251953125, 1069.1666259765625], [2161.0, 1084.0], [2223.5, 1090.0], [2301.5, 1095.5]]",
LBX,Right,lbx013v07_r,Landmarked_LBX/marked_tiff/Right/LBX013V07_R_MARK.tif,Landmarked_LBX/txt/Right/LBX013V07_R.txt,Raw_Images/LBX/LBX013V07_R.tif,LBX,36,36,roi,3840,2160,"[[1403.5, 919.5], [1378.5, 1149.5], [1557.5, 1222.5], [1742.1666259765625, 1194.1666259765625], [1856.8333740234375, 1202.1666259765625], [1972.5, 1215.8333740234375], [2070.166748046875, 1233.1666259765625], [2143.5, 1237.1666259765625], [2222.166748046875, 1238.5], [2278.75, 1245.5], [2391.833251953125, 1221.8333740234375], [2491.16650390625, 1161.1666259765625], [2557.83349609375, 1070.5], [1864.1666259765625, 1050.5], [1933.5, 1105.1666259765625], [1988.166748046875, 1096.5], [2028.166748046875, 1137.8333740234375], [2081.5, 1123.1666259765625], [2112.166748046875, 1175.1666259765625], [2162.833251953125, 1140.1666259765625], [2183.5, 1190.1666259765625], [2233.5, 1154.1666259765625], [2260.166748046875, 1178.8333740234375], [2295.25, 1221.75], [2298.833251953125, 1119.8333740234375], [2375.5, 1177.8333740234375], [2443.5, 1121.8333740234375], [2499.5, 1061.1666259765625], [1670.0, 946.5], [1669.5, 896.5], [1862.1666259765625, 991.5], [1986.166748046875, 1033.5], [2078.833251953125, 1050.8333740234375], [2158.166748046875, 1062.1666259765625], [2233.25, 1069.25], [2298.5, 1071.5]]",
LBX,Right,lbx013v08_r,Landmarked_LBX/marked_tiff/Right/LBX013V08_R_MARK.tif,Landmarked_LBX/txt/Right/LBX013V08_R.txt,Raw_Images/LBX/LBX013V08_R.tif,LBX,36,36,roi,3840,2160,"[[1367.5, 937.1666870117188], [1338.5, 1162.5], [1478.5, 1221.5], [1716.5, 1194.5], [1846.5, 1210.5], [1970.5, 1226.5], [2070.5, 1240.5], [2146.5, 1248.5], [2228.5, 1254.5], [2288.5, 1254.0], [2402.83349609375, 1228.5], [2514.5, 1162.5], [2583.5, 1078.5], [1852.833251953125, 1054.1666259765625], [1914.833251953125, 1107.5], [1970.166748046875, 1102.8333740234375], [2019.5, 1152.1666259765625], [2070.833251953125, 1131.5], [2103.5, 1190.1666259765625], [2156.166748046875, 1153.5], [2172.833251953125, 1207.5], [2230.833251953125, 1161.5], [2253.5, 1202.1666259765625], [2297.0, 1231.5], [2292.5, 1129.5], [2386.16650390625, 1183.1666259765625], [2466.16650390625, 1123.1666259765625], [2519.5, 1064.5], [1664.1666259765625, 951.1666870117188], [1664.8333740234375, 896.5], [1848.0, 992.5], [1958.0, 1028.5], [2062.0, 1052.5], [2147.0, 1065.5], [2220.0, 1072.5], [2287.5, 1076.1666259765625]]",
LBX,Right,lbx013v09_r,Landmarked_LBX/marked_tiff/Right/LBX013V09_R_MARK.tif,Landmarked_LBX/txt/Right/LBX013V09_R.txt,Raw_Images/LBX/LBX013V09_R.tif,LBX,36,36,roi,3840,2160,"[[1329.0, 926.0], [1356.8333740234375, 1159.1666259765625], [1520.8333740234375, 1232.5], [1752.8333740234375, 1200.8333740234375], [1875.5, 1204.8333740234375], [1983.5, 1212.8333740234375], [2082.166748046875, 1226.1666259765625], [2160.833251953125, 1230.1666259765625], [2234.166748046875, 1236.8333740234375], [2309.0, 1237.0], [2426.5, 1196.5], [2521.5, 1120.5], [2581.5, 1022.5], [1849.833251953125, 1041.1666259765625], [1916.5, 1092.5], [1974.5, 1087.1666259765625], [2015.833251953125, 1125.8333740234375], [2069.833251953125, 1112.5], [2105.833251953125, 1163.1666259765625], [2155.166748046875, 1127.1666259765625], [2173.166748046875, 1189.8333740234375], [2232.5, 1132.5], [2257.5, 1168.5], [2310.5, 1208.5], [2305.5, 1089.5], [2403.0, 1158.0], [2470.0, 1084.5], [2529.83349609375, 1009.5], [1640.1666259765625, 944.8333129882812], [1636.1666259765625, 885.5], [1848.5, 983.5], [1965.5, 1017.5], [2064.5, 1034.5], [2150.5, 1041.5], [2227.5, 1045.5], [2304.0, 1044.0]]",
LBX,Right,lbx013v10_r,Landmarked_LBX/marked_tiff/Right/LBX013V10_R_MARK.tif,Landmarked_LBX/txt/Right/LBX013V10_R.txt,Raw_Images/LBX/LBX013V10_R.tif,LBX,36,36,roi,3840,2160,"[[1371.5, 958.5], [1366.1666259765625, 1135.1666259765625], [1560.8333740234375, 1228.5], [1772.8333740234375, 1188.5], [1892.5, 1198.5], [2010.5, 1205.5], [2117.5, 1212.5], [2189.5, 1217.5], [2262.5, 1219.5], [2322.5, 1220.5], [2437.83349609375, 1195.1666259765625], [2528.16650390625, 1132.5], [2594.16650390625, 1039.8333740234375], [1857.8333740234375, 1047.8333740234375], [1939.166748046875, 1098.5], [2000.5, 1093.1666259765625], [2049.166748046875, 1137.8333740234375], [2101.166748046875, 1120.5], [2133.833251953125, 1168.5], [2182.5, 1132.5], [2207.5, 1185.5], [2253.5, 1138.5], [2277.75, 1174.5], [2332.5, 1194.0], [2319.25, 1100.0], [2409.83349609375, 1153.8333740234375], [2477.16650390625, 1093.8333740234375], [2545.16650390625, 1030.5], [1660.1666259765625, 957.1666870117188], [1656.8333740234375, 891.1666870117188], [1857.5, 987.8333129882812], [1999.833251953125, 1026.1666259765625], [2100.166748046875, 1040.5], [2181.5, 1047.5], [2253.25, 1050.5], [2321.5, 1052.75]]",
LBX,Right,lbx013v11_r,Landmarked_LBX/marked_tiff/Right/LBX013V11_R_MARK.tif,Landmarked_LBX/txt/Right/LBX013V11_R.txt,Raw_Images/LBX/LBX013V11_R.tif,LBX,36,36,roi,3840,2160,"[[1356.0, 918.0], [1353.1666259765625, 1174.1666259765625], [1564.5, 1234.5], [1749.5, 1212.5], [1865.5, 1219.5], [1978.5, 1226.5], [2073.5, 1229.5], [2155.5, 1238.5], [2224.5, 1244.5], [2288.166748046875, 1241.5], [2402.83349609375, 1205.8333740234375], [2497.5, 1139.1666259765625], [2564.5, 1027.8333740234375], [1852.5, 1048.5], [1910.5, 1090.5], [1966.5, 1085.8333740234375], [2013.166748046875, 1127.8333740234375], [2064.5, 1114.5], [2101.166748046875, 1177.1666259765625], [2152.5, 1128.5], [2169.833251953125, 1192.5], [2220.5, 1135.1666259765625], [2245.166748046875, 1167.8333740234375], [2292.5, 1211.8333740234375], [2297.166748046875, 1101.1666259765625], [2380.83349609375, 1162.5], [2443.5, 1094.5], [2508.16650390625, 1015.1666870117188], [1644.5, 937.1666870117188], [1643.8333740234375, 889.1666870117188], [1852.5, 985.5], [1964.5, 1018.5], [2063.5, 1037.5], [2146.5, 1044.5], [2213.5, 1046.5], [2295.5, 1047.5]]",
LBX,Right,lbx013v14_r,Landmarked_LBX/marked_tiff/Right/LBX013V14_R_MARK.tif,Landmarked_LBX/txt/Right/LBX013V14_R.txt,Raw_Images/LBX/LBX013V14_R.tif,LBX,36,36,roi,3840,2160,"[[1388.0, 895.0], [1388.5, 1131.5], [1584.5, 1231.5], [1763.8333740234375, 1195.5], [1883.8333740234375, 1203.5], [1986.5, 1208.1666259765625], [2097.5, 1214.5], [2176.5, 1217.5], [2242.5, 1222.5], [2306.5, 1222.5], [2418.5, 1190.5], [2503.5, 1132.5], [2565.5, 1036.5], [1872.8333740234375, 1032.1666259765625], [1935.5, 1080.1666259765625], [1987.5, 1078.8333740234375], [2034.166748046875, 1120.1666259765625], [2087.166748046875, 1106.8333740234375], [2120.833251953125, 1146.8333740234375], [2166.5, 1122.8333740234375], [2192.5, 1170.8333740234375], [2236.833251953125, 1136.1666259765625], [2264.5, 1178.1666259765625], [2315.833251953125, 1195.5], [2312.5, 1098.1666259765625], [2393.0, 1151.0], [2447.5, 1101.5], [2496.5, 1031.0], [1682.5, 936.5], [1679.5, 879.5], [1869.5, 976.5], [1985.5, 1013.5], [2083.5, 1031.5], [2162.5, 1042.5], [2233.5, 1041.5], [2309.5, 1038.5]]",
LBX,Right,lbx013v16_r,Landmarked_LBX/marked_tiff/Right/LBX013V16_R_MARK.tif,Landmarked_LBX/txt/Right/LBX013V16_R.txt,Raw_Images/LBX/LBX013V16_R.tif,LBX,36,36,roi,3840,2160,"[[1360.0, 897.0], [1348.5, 1103.5], [1528.5, 1223.5], [1729.5, 1191.5], [1861.5, 1199.5], [1974.833251953125, 1210.1666259765625], [2073.5, 1210.8333740234375], [2150.166748046875, 1214.8333740234375], [2233.5, 1219.5], [2296.5, 1222.5], [2419.5, 1194.5], [2503.5, 1130.5], [2567.5, 1034.5], [1850.5, 1032.5], [1910.5, 1080.5], [1972.5, 1075.5], [2021.5, 1119.5], [2065.5, 1103.5], [2101.5, 1157.5], [2150.5, 1121.5], [2179.5, 1167.5], [2220.5, 1130.5], [2255.5, 1162.5], [2308.833251953125, 1193.1666259765625], [2297.5, 1099.5], [2374.5, 1155.8333740234375], [2445.83349609375, 1095.5], [2508.5, 1022.5], [1660.8333740234375, 930.5], [1659.5, 876.5], [1846.8333740234375, 973.1666870117188], [1970.833251953125, 1010.5], [2060.166748046875, 1029.8333740234375], [2146.166748046875, 1039.8333740234375], [2218.166748046875, 1044.5], [2294.166748046875, 1046.5]]",
LBX,Right,lbx013v18_r,Landmarked_LBX/marked_tiff/Right/LBX013V18_R_MARK.tif,Landmarked_LBX/txt/Right/LBX013V18_R.txt,Raw_Images/LBX/LBX013V18_R.tif,LBX,36,36,roi,3840,2160,"[[1362.0, 919.0], [1308.5, 1150.5], [1456.5, 1217.5], [1688.5, 1183.5], [1828.5, 1186.5], [1946.5, 1207.5], [2045.166748046875, 1223.5], [2111.5, 1224.5], [2180.5, 1235.5], [2241.5, 1239.8333740234375], [2367.16650390625, 1221.5], [2477.5, 1155.8333740234375], [2552.5, 1068.1666259765625], [1823.0, 1043.5], [1880.0, 1081.0], [1931.5, 1082.0], [1984.5, 1128.0], [2037.0, 1115.5], [2070.5, 1162.5], [2127.5, 1138.0], [2139.5, 1185.8333740234375], [2198.833251953125, 1148.5], [2216.166748046875, 1187.8333740234375], [2258.833251953125, 1212.5], [2260.833251953125, 1110.5], [2351.5, 1171.8333740234375], [2431.5, 1115.8333740234375], [2492.83349609375, 1055.1666259765625], [1654.1666259765625, 947.5], [1648.8333740234375, 890.8333129882812], [1821.166748046875, 978.1666870117188], [1930.5, 1013.5], [2033.5, 1039.0], [2124.5, 1053.0], [2198.0, 1060.0], [2261.0, 1065.5]]",
LBX,Right,lbx013v19_r,Landmarked_LBX/marked_tiff/Right/LBX013V19_R_MARK.tif,Landmarked_LBX/txt/Right/LBX013V19_R.txt,Raw_Images/LBX/LBX013V19_R.tif,LBX,36,36,roi,3840,2160,"[[1391.5, 954.1666870117188], [1406.5, 1143.5], [1568.5, 1236.5], [1740.1666259765625, 1199.8333740234375], [1858.8333740234375, 1195.8333740234375], [1965.5, 1206.5], [2052.5, 1214.5], [2127.5, 1222.5], [2185.5, 1229.5], [2246.5, 1227.5], [2359.5, 1199.5], [2444.16650390625, 1146.1666259765625], [2507.5, 1045.5], [1835.5, 1048.8333740234375], [1894.8333740234375, 1084.8333740234375], [1935.5, 1081.5], [1986.833251953125, 1122.8333740234375], [2035.5, 1109.5], [2068.833251953125, 1156.8333740234375], [2116.833251953125, 1126.1666259765625], [2142.166748046875, 1160.1666259765625], [2180.0, 1135.5], [2201.5, 1169.5], [2250.5, 1201.5], [2255.0, 1105.5], [2331.5, 1166.5], [2397.5, 1106.5], [2455.83349609375, 1034.5], [1665.5, 965.5], [1662.5, 904.5], [1833.0, 987.0], [1935.0, 1017.0], [2033.0, 1038.0], [2111.5, 1047.0], [2175.0, 1051.5], [2253.0, 1053.0]]",
LBX,Right,lbx014v01_r,Landmarked_LBX/marked_tiff/Right/LBX014V01_R_MARK.tif,Landmarked_LBX/txt/Right/LBX014V01_R.txt,Raw_Images/LBX/LBX014V01_R.tif,LBX,36,36,roi,3840,2160,"[[1420.0, 977.0], [1443.5, 1166.5], [1617.5, 1244.5], [1804.5, 1200.5], [1916.0, 1198.5], [2018.0, 1205.5], [2097.833251953125, 1212.1666259765625], [2164.5, 1215.5], [2218.5, 1220.5], [2274.5, 1230.5], [2383.0, 1202.0], [2462.5, 1143.5], [2519.5, 1064.5], [1866.1666259765625, 1041.8333740234375], [1926.1666259765625, 1086.5], [1970.833251953125, 1076.5], [2019.5, 1121.1666259765625], [2066.833251953125, 1106.5], [2099.5, 1159.1666259765625], [2138.166748046875, 1115.1666259765625], [2166.166748046875, 1171.1666259765625], [2201.5, 1132.5], [2223.5, 1177.5], [2275.0, 1202.5], [2271.5, 1095.5], [2356.0, 1170.5], [2418.0, 1114.0], [2465.5, 1052.0], [1672.5, 947.1666870117188], [1671.1666259765625, 886.5], [1868.0, 974.0], [1970.5, 1005.0], [2069.5, 1027.0], [2137.5, 1038.0], [2202.0, 1044.0], [2272.0, 1049.5]]",
LBX,Right,lbx014v02_r,Landmarked_LBX/marked_tiff/Right/LBX014V02_R_MARK.tif,Landmarked_LBX/txt/Right/LBX014V02_R.txt,Raw_Images/LBX/LBX014V02_R.tif,LBX,36,36,roi,3840,2160,"[[1346.0, 930.0], [1327.5, 1136.5], [1529.5, 1249.5], [1721.5, 1216.5], [1853.5, 1223.5], [1995.5, 1233.5], [2096.5, 1239.5], [2170.5, 1243.5], [2237.5, 1252.5], [2297.5, 1254.0], [2421.5, 1219.1666259765625], [2516.5, 1152.5], [2593.0, 1055.5], [1831.8333740234375, 1055.1666259765625], [1912.5, 1106.5], [1962.5, 1102.5], [2019.833251953125, 1147.8333740234375], [2077.166748046875, 1133.1666259765625], [2107.833251953125, 1183.1666259765625], [2165.166748046875, 1149.8333740234375], [2179.833251953125, 1209.8333740234375], [2237.833251953125, 1159.1666259765625], [2268.5, 1184.0], [2311.0, 1224.5], [2312.5, 1117.5], [2395.5, 1187.5], [2466.0, 1119.5], [2530.16650390625, 1047.1666259765625], [1637.8333740234375, 956.1666870117188], [1633.8333740234375, 903.1666870117188], [1831.5, 993.0], [1960.5, 1033.5], [2077.5, 1054.5], [2165.0, 1064.5], [2231.0, 1066.5], [2313.5, 1068.8333740234375]]",
LBX,Right,lbx016v01_r,Landmarked_LBX/marked_tiff/Right/LBX016V01_R_MARK.tif,Landmarked_LBX/txt/Right/LBX016V01_R.txt,Raw_Images/LBX/LBX016V01_R.tif,LBX,36,36,roi,3840,2160,"[[1349.0, 957.0], [1342.1666259765625, 1180.8333740234375], [1515.5, 1261.5], [1735.5, 1208.5], [1857.5, 1209.5], [1960.5, 1224.5], [2083.5, 1230.5], [2160.5, 1237.5], [2223.5, 1239.5], [2295.5, 1243.5], [2422.5, 1211.5], [2513.5, 1147.5], [2585.5, 1050.8333740234375], [1840.1666259765625, 1054.5], [1908.166748046875, 1100.5], [1964.166748046875, 1088.5], [2010.166748046875, 1138.5], [2061.0, 1119.0], [2098.0, 1162.0], [2161.0, 1138.0], [2182.0, 1183.0], [2224.5, 1138.5], [2250.5, 1171.5], [2301.5, 1214.5], [2298.5, 1119.5], [2393.5, 1167.8333740234375], [2459.5, 1105.8333740234375], [2516.83349609375, 1035.8333740234375], [1627.5, 956.5], [1628.5, 894.5], [1836.5, 989.5], [1962.5, 1023.5], [2056.5, 1042.5], [2155.5, 1053.8333740234375], [2222.166748046875, 1056.5], [2299.5, 1059.1666259765625]]",
LBX,Right,lbx016v02_r,Landmarked_LBX/marked_tiff/Right/LBX016V02_R_MARK.tif,Landmarked_LBX/txt/Right/LBX016V02_R.txt,Raw_Images/LBX/LBX016V02_R.tif,LBX,36,36,roi,3840,2160,"[[1390.0, 914.0], [1391.5, 1115.5], [1552.8333740234375, 1220.8333740234375], [1754.1666259765625, 1176.8333740234375], [1861.5, 1179.5], [1982.833251953125, 1184.8333740234375], [2079.5, 1191.5], [2149.5, 1199.0], [2220.5, 1201.5], [2280.166748046875, 1202.8333740234375], [2398.5, 1170.5], [2478.5, 1104.5], [2537.16650390625, 1018.8333129882812], [1854.8333740234375, 1032.1666259765625], [1919.5, 1075.5], [1966.166748046875, 1069.5], [2012.833251953125, 1106.8333740234375], [2058.833251953125, 1096.1666259765625], [2095.5, 1140.8333740234375], [2143.5, 1112.1666259765625], [2165.5, 1160.1666259765625], [2210.166748046875, 1112.1666259765625], [2240.166748046875, 1140.1666259765625], [2289.166748046875, 1176.8333740234375], [2299.833251953125, 1092.1666259765625], [2362.5, 1125.5], [2425.16650390625, 1071.5], [2486.5, 1004.8333129882812], [1667.0, 930.5], [1666.5, 877.8333129882812], [1855.1666259765625, 971.8333129882812], [1966.0, 1005.75], [2057.833251953125, 1023.5], [2143.833251953125, 1030.1666259765625], [2212.166748046875, 1031.8333740234375], [2300.333251953125, 1029.8333740234375]]",
LBX,Right,lbx016v03_r,Landmarked_LBX/marked_tiff/Right/LBX016V03_R_MARK.tif,Landmarked_LBX/txt/Right/LBX016V03_R.txt,Raw_Images/LBX/LBX016V03_R.tif,LBX,36,36,roi,3840,2160,"[[1365.0, 917.0], [1363.8333740234375, 1113.1666259765625], [1539.8333740234375, 1229.1666259765625], [1722.5, 1193.5], [1855.5, 1201.5], [1965.5, 1211.5], [2068.5, 1220.5], [2151.5, 1226.5], [2212.166748046875, 1238.5], [2270.833251953125, 1237.1666259765625], [2405.5, 1209.5], [2501.5, 1141.5], [2576.5, 1042.5], [1853.5, 1031.5], [1908.166748046875, 1079.5], [1952.833251953125, 1064.8333740234375], [2006.833251953125, 1114.1666259765625], [2052.166748046875, 1095.5], [2098.166748046875, 1140.8333740234375], [2140.833251953125, 1112.8333740234375], [2164.166748046875, 1175.5], [2215.5, 1126.0], [2232.0, 1180.0], [2282.5, 1212.0], [2292.5, 1105.5], [2376.5, 1179.5], [2447.0, 1105.5], [2511.5, 1031.5], [1655.5, 933.1666870117188], [1652.8333740234375, 871.1666870117188], [1852.8333740234375, 970.5], [1949.5, 1001.8333129882812], [2050.0, 1026.5], [2137.5, 1039.0], [2213.5, 1043.0], [2289.5, 1045.5]]",
LBX,Right,lbx016v04_r,Landmarked_LBX/marked_tiff/Right/LBX016V04_R_MARK.tif,Landmarked_LBX/txt/Right/LBX016V04_R.txt,Raw_Images/LBX/LBX016V04_R.tif,LBX,36,36,roi,3840,2160,"[[1367.0, 909.0], [1357.5, 1127.5], [1540.5, 1227.5], [1719.5, 1187.5], [1860.1666259765625, 1184.1666259765625], [1978.166748046875, 1196.8333740234375], [2084.833251953125, 1202.8333740234375], [2164.5, 1204.5], [2235.5, 1215.5], [2313.5, 1221.5], [2424.5, 1185.5], [2516.5, 1124.5], [2591.5, 1031.5], [1844.5, 1029.5], [1912.5, 1077.5], [1979.5, 1075.5], [2031.5, 1112.5], [2076.166748046875, 1103.1666259765625], [2103.5, 1157.1666259765625], [2159.5, 1119.8333740234375], [2192.166748046875, 1159.8333740234375], [2235.5, 1123.8333740234375], [2259.5, 1168.5], [2317.5, 1195.8333740234375], [2312.833251953125, 1095.8333740234375], [2398.5, 1141.5], [2467.0, 1084.0], [2527.5, 1020.5], [1641.5, 925.8333129882812], [1638.8333740234375, 866.5], [1842.0, 964.5], [1982.0, 1006.5], [2074.833251953125, 1026.5], [2159.166748046875, 1034.8333740234375], [2238.166748046875, 1038.5], [2310.5, 1037.5]]",
LBX,Right,lbx016v06_r,Landmarked_LBX/marked_tiff/Right/LBX016V06_R_MARK.tif,Landmarked_LBX/txt/Right/LBX016V06_R.txt,Raw_Images/LBX/LBX016V06_R.tif,LBX,36,36,roi,3840,2160,"[[1385.0, 928.0], [1379.8333740234375, 1148.1666259765625], [1514.5, 1241.5], [1759.5, 1200.5], [1889.5, 1209.5], [1981.833251953125, 1222.1666259765625], [2067.166748046875, 1224.8333740234375], [2143.166748046875, 1235.5], [2213.833251953125, 1234.1666259765625], [2276.5, 1236.8333740234375], [2390.833251953125, 1202.8333740234375], [2479.5, 1140.8333740234375], [2543.5, 1047.5], [1857.5, 1055.5], [1916.5, 1097.5], [1965.5, 1094.5], [2013.5, 1130.5], [2066.5, 1117.5], [2101.5, 1160.5], [2146.5, 1132.5], [2174.5, 1181.5], [2223.5, 1139.5], [2249.5, 1170.5], [2287.0, 1207.5], [2289.5, 1110.5], [2368.166748046875, 1162.1666259765625], [2435.5, 1104.1666259765625], [2493.5, 1036.8333740234375], [1672.0, 956.0], [1671.5, 912.0], [1857.5, 998.5], [1963.5, 1029.8333740234375], [2066.5, 1046.8333740234375], [2149.166748046875, 1054.8333740234375], [2222.5, 1056.8333740234375], [2289.166748046875, 1057.5]]",
LBX,Right,lbx016v08_r,Landmarked_LBX/marked_tiff/Right/LBX016V08_R_MARK.tif,Landmarked_LBX/txt/Right/LBX016V08_R.txt,Raw_Images/LBX/LBX016V08_R.tif,LBX,36,36,roi,3840,2160,"[[1405.0, 941.0], [1389.5, 1159.5], [1529.5, 1226.5], [1749.5, 1182.1666259765625], [1853.5, 1186.1666259765625], [1964.166748046875, 1194.8333740234375], [2062.833251953125, 1202.8333740234375], [2135.5, 1207.5], [2205.5, 1211.5], [2265.5, 1213.5], [2366.5, 1188.1666259765625], [2451.16650390625, 1129.8333740234375], [2511.83349609375, 1042.1666259765625], [1844.1666259765625, 1035.1666259765625], [1909.5, 1080.5], [1960.833251953125, 1077.1666259765625], [2006.833251953125, 1109.8333740234375], [2054.0, 1103.5], [2084.5, 1141.5], [2130.5, 1118.5], [2161.5, 1148.5], [2195.0, 1127.0], [2228.5, 1147.0], [2272.833251953125, 1188.1666259765625], [2264.833251953125, 1100.1666259765625], [2343.166748046875, 1152.1666259765625], [2404.0, 1093.5], [2451.5, 1033.5], [1659.5, 933.0], [1659.0, 884.0], [1841.0, 977.0], [1957.0, 1013.5], [2051.5, 1031.5], [2127.5, 1040.8333740234375], [2189.166748046875, 1044.5], [2260.166748046875, 1047.8333740234375]]",
LBX,Right,lbx016v09_r,Landmarked_LBX/marked_tiff/Right/LBX016V09_R_MARK.tif,Landmarked_LBX/txt/Right/LBX016V09_R.txt,Raw_Images/LBX/LBX016V09_R.tif,LBX,36,36,roi,3840,2160,"[[1386.0, 948.0], [1363.5, 1145.5], [1533.5, 1255.5], [1765.5, 1214.5], [1889.5, 1226.5], [2004.166748046875, 1234.5], [2102.833251953125, 1241.1666259765625], [2180.166748046875, 1242.5], [2253.5, 1249.1666259765625], [2316.5, 1248.5], [2435.5, 1215.5], [2534.5, 1140.5], [2601.5, 1042.5], [1867.5, 1062.1666259765625], [1922.166748046875, 1104.8333740234375], [1982.166748046875, 1102.1666259765625], [2034.166748046875, 1148.8333740234375], [2083.5, 1131.5], [2120.833251953125, 1176.8333740234375], [2164.833251953125, 1139.5], [2196.833251953125, 1191.5], [2243.5, 1147.5], [2275.5, 1187.5], [2322.833251953125, 1221.1666259765625], [2327.5, 1112.5], [2412.0, 1178.0], [2487.0, 1102.0], [2547.5, 1032.5], [1668.8333740234375, 956.8333129882812], [1669.1666259765625, 906.5], [1866.5, 1003.1666870117188], [1976.5, 1035.1666259765625], [2077.833251953125, 1055.1666259765625], [2159.833251953125, 1062.5], [2238.5, 1063.5], [2324.5, 1063.5]]",
LBX,Right,lbx016v10_r,Landmarked_LBX/marked_tiff/Right/LBX016V10_R_MARK.tif,Landmarked_LBX/txt/Right/LBX016V10_R.txt,Raw_Images/LBX/LBX016V10_R.tif,LBX,36,36,roi,3840,2160,"[[1367.0, 918.0], [1363.5, 1164.5], [1545.5, 1245.5], [1750.8333740234375, 1203.5], [1866.1666259765625, 1206.8333740234375], [1974.833251953125, 1220.8333740234375], [2064.5, 1230.5], [2143.5, 1236.5], [2213.5, 1245.5], [2272.5, 1247.5], [2383.833251953125, 1219.8333740234375], [2471.83349609375, 1165.8333740234375], [2543.83349609375, 1076.5], [1852.8333740234375, 1039.5], [1910.833251953125, 1082.8333740234375], [1960.166748046875, 1080.8333740234375], [2010.166748046875, 1127.5], [2051.5, 1116.8333740234375], [2092.833251953125, 1160.8333740234375], [2138.5, 1131.5], [2167.5, 1180.0], [2208.5, 1139.0], [2234.0, 1178.5], [2280.0, 1222.0], [2288.0, 1112.5], [2358.166748046875, 1184.5], [2422.25, 1124.75], [2485.5, 1057.5], [1654.5, 935.0], [1651.5, 880.0], [1849.0, 981.0], [1960.833251953125, 1018.8333129882812], [2052.25, 1041.25], [2138.5, 1054.1666259765625], [2208.5, 1063.1666259765625], [2286.5, 1066.5]]",
LBX,Right,lbx016v11_r,Landmarked_LBX/marked_tiff/Right/LBX016V11_R_MARK.tif,Landmarked_LBX/txt/Right/LBX016V11_R.txt,Raw_Images/LBX/LBX016V11_R.tif,LBX,36,36,roi,3840,2160,"[[1374.0, 954.0], [1371.5, 1165.5], [1547.5, 1250.5], [1736.5, 1203.5], [1858.5, 1209.5], [1966.5, 1215.5], [2063.833251953125, 1226.1666259765625], [2140.5, 1229.5], [2215.166748046875, 1236.1666259765625], [2275.833251953125, 1240.1666259765625], [2388.5, 1221.5], [2481.0, 1157.0], [2545.0, 1076.0], [1836.1666259765625, 1052.5], [1905.5, 1099.1666259765625], [1949.5, 1088.5], [2008.833251953125, 1137.1666259765625], [2055.5, 1119.8333740234375], [2086.833251953125, 1159.8333740234375], [2136.166748046875, 1134.5], [2165.5, 1187.1666259765625], [2208.833251953125, 1145.1666259765625], [2230.833251953125, 1191.8333740234375], [2280.833251953125, 1213.8333740234375], [2276.166748046875, 1119.8333740234375], [2362.5, 1170.8333740234375], [2423.83349609375, 1115.5], [2483.83349609375, 1064.8333740234375], [1644.8333740234375, 951.8333129882812], [1642.1666259765625, 889.8333129882812], [1833.8333740234375, 987.1666870117188], [1947.75, 1028.0], [2054.0, 1049.5], [2135.5, 1059.5], [2204.5, 1067.1666259765625], [2273.166748046875, 1067.8333740234375]]",
LBX,Right,rx013xinv7-1-v17_r,Landmarked_LBX/marked_tiff/Right/RX013xINV7-1-V17_R_MARK.tif,Landmarked_LBX/txt/Right/RX013xINV7-1-V17_R.txt,Raw_Images/LBX/RX013xINV7-1-V17_R.tif,LBX,36,36,roi,3840,2160,"[[1389.0, 960.0], [1380.8333740234375, 1178.5], [1546.1666259765625, 1253.1666259765625], [1757.5, 1222.1666259765625], [1882.1666259765625, 1221.5], [1995.5, 1232.1666259765625], [2089.833251953125, 1239.8333740234375], [2155.166748046875, 1243.1666259765625], [2224.5, 1253.1666259765625], [2291.166748046875, 1254.5], [2404.5, 1227.5], [2493.16650390625, 1171.5], [2554.5, 1086.8333740234375], [1852.5, 1076.0], [1912.833251953125, 1126.8333740234375], [1948.5, 1116.0], [2016.833251953125, 1168.1666259765625], [2064.0, 1148.5], [2103.5, 1194.1666259765625], [2146.5, 1159.0], [2172.166748046875, 1208.8333740234375], [2215.0, 1167.0], [2246.5, 1192.0], [2295.75, 1225.5], [2305.5, 1149.5], [2376.5, 1178.0], [2437.0, 1128.5], [2490.5, 1076.5], [1664.1666259765625, 973.8333129882812], [1662.5, 911.8333129882812], [1850.5, 1012.8333129882812], [1947.833251953125, 1047.0], [2060.0, 1071.0], [2145.166748046875, 1080.1666259765625], [2213.5, 1083.8333740234375], [2304.5, 1081.5]]",
LBX,Right,rx013xinv7-1-v18_r,Landmarked_LBX/marked_tiff/Right/RX013xINV7-1-V18_R_MARK.tif,Landmarked_LBX/txt/Right/RX013xINV7-1-V18_R.txt,Raw_Images/LBX/RX013xINV7-1-V18_R.tif,LBX,36,36,roi,3840,2160,"[[1341.0, 1001.0], [1336.5, 1164.1666259765625], [1510.5, 1232.8333740234375], [1701.5, 1198.5], [1834.5, 1200.0], [1958.5, 1213.5], [2058.0, 1219.5], [2126.5, 1225.0], [2197.0, 1234.0], [2255.5, 1229.5], [2366.0, 1194.0], [2448.0, 1132.0], [2507.25, 1037.25], [1802.0, 1056.0], [1878.5, 1107.0], [1933.5, 1104.5], [1981.5, 1137.5], [2025.5, 1128.5], [2065.5, 1171.5], [2110.5, 1142.5], [2139.125, 1167.75], [2181.5, 1146.1666259765625], [2212.833251953125, 1165.8333740234375], [2260.5, 1200.8333740234375], [2257.833251953125, 1122.8333740234375], [2337.5, 1154.5], [2394.5, 1092.5], [2445.25, 1032.5], [1612.8333740234375, 963.8333129882812], [1612.1666259765625, 898.5], [1800.8333740234375, 987.1666870117188], [1932.833251953125, 1023.1666870117188], [2027.25, 1038.5], [2109.25, 1047.5], [2183.75, 1055.0], [2258.833251953125, 1055.5]]",
LBX,Right,rx013xinv7-1-v22_r,Landmarked_LBX/marked_tiff/Right/RX013xINV7-1-V22_R_MARK.tif,Landmarked_LBX/txt/Right/RX013xINV7-1-V22_R.txt,Raw_Images/LBX/RX013xINV7-1-V22_R.tif,LBX,36,36,roi,3840,2160,"[[1418.5, 924.5], [1412.5, 1187.5], [1564.5, 1263.5], [1761.1666259765625, 1229.1666259765625], [1875.8333740234375, 1235.8333740234375], [1983.833251953125, 1247.8333740234375], [2090.5, 1257.5], [2166.5, 1260.0], [2236.0, 1268.0], [2304.166748046875, 1266.8333740234375], [2415.5, 1230.5], [2505.5, 1175.5], [2554.83349609375, 1081.8333740234375], [1862.5, 1077.5], [1916.5, 1121.5], [1956.5, 1119.1666259765625], [2022.166748046875, 1164.5], [2070.833251953125, 1153.5], [2107.166748046875, 1198.1666259765625], [2154.0, 1168.0], [2182.0, 1214.0], [2227.5, 1174.0], [2253.0, 1200.0], [2307.5, 1243.0], [2304.5, 1139.0], [2386.5, 1198.5], [2454.83349609375, 1135.5], [2499.16650390625, 1076.8333740234375], [1685.5, 977.5], [1685.0, 921.5], [1863.5, 1015.5], [1955.166748046875, 1048.8333740234375], [2072.0, 1073.75], [2153.25, 1082.25], [2229.75, 1088.75], [2304.75, 1090.25]]",
LBX,Right,rx013xinv7-1-v23_r,Landmarked_LBX/marked_tiff/Right/RX013xINV7-1-V23_R_MARK.tif,Landmarked_LBX/txt/Right/RX013xINV7-1-V23_R.txt,Raw_Images/LBX/RX013xINV7-1-V23_R.tif,LBX,36,36,roi,3840,2160,"[[1447.5, 1003.5], [1450.1666259765625, 1216.8333740234375], [1615.5, 1291.5], [1798.1666259765625, 1252.1666259765625], [1920.8333740234375, 1258.8333740234375], [2032.833251953125, 1265.5], [2133.0, 1273.0], [2199.5, 1277.0], [2267.0, 1280.5], [2333.0, 1275.5], [2452.166748046875, 1239.8333740234375], [2548.83349609375, 1173.1666259765625], [2607.83349609375, 1073.1666259765625], [1907.1666259765625, 1100.5], [1969.833251953125, 1144.5], [2019.833251953125, 1141.1666259765625], [2072.5, 1180.5], [2119.166748046875, 1164.5], [2156.5, 1215.8333740234375], [2199.0, 1175.0], [2219.0, 1226.5], [2266.0, 1187.5], [2292.0, 1218.0], [2339.166748046875, 1249.1666259765625], [2334.166748046875, 1145.8333740234375], [2420.5, 1196.5], [2490.5, 1123.0], [2542.5, 1069.1666259765625], [1725.5, 1004.5], [1725.5, 947.5], [1909.0, 1037.5], [2022.0, 1072.5], [2119.166748046875, 1091.5], [2201.0, 1098.5], [2268.0, 1098.5], [2334.5, 1097.0]]",
LBX,Right,rx013xinv7-1-v24_r,Landmarked_LBX/marked_tiff/Right/RX013xINV7-1-V24_R._MARK.tif,Landmarked_LBX/txt/Right/RX013xINV7-1-V24_R.txt,Raw_Images/LBX/RX013xINV7-1-V24_R.tif,LBX,36,36,roi,3840,2160,"[[1404.0, 958.0], [1410.5, 1186.5], [1583.5, 1248.5], [1772.5, 1215.5], [1880.1666259765625, 1215.8333740234375], [2030.833251953125, 1227.8333740234375], [2110.833251953125, 1231.8333740234375], [2166.833251953125, 1239.8333740234375], [2237.5, 1242.5], [2313.5, 1241.1666259765625], [2433.5, 1203.5], [2526.16650390625, 1137.5], [2592.83349609375, 1039.5], [1861.8333740234375, 1057.1666259765625], [1927.166748046875, 1105.1666259765625], [1980.5, 1099.1666259765625], [2034.5, 1141.8333740234375], [2084.5, 1122.0], [2120.5, 1172.5], [2164.5, 1138.5], [2190.5, 1187.5], [2238.5, 1144.5], [2273.5, 1168.5], [2320.5, 1211.5], [2310.5, 1106.5], [2405.166748046875, 1158.5], [2468.5, 1093.8333740234375], [2533.5, 1027.5], [1683.1666259765625, 958.8333129882812], [1680.5, 908.8333129882812], [1857.8333740234375, 989.5], [1976.5, 1025.5], [2078.5, 1044.5], [2159.0, 1052.0], [2231.5, 1054.0], [2309.0, 1056.0]]",
LBX,Right,rx013xinv7-1-v26_r,Landmarked_LBX/marked_tiff/Right/RX013xINV7-1-V26_R_MARK.tif,Landmarked_LBX/txt/Right/RX013xINV7-1-V26_R.txt,Raw_Images/LBX/RX013xINV7-1-V26_R.tif,LBX,36,36,roi,3840,2160,"[[1390.5, 889.5], [1376.5, 1128.5], [1553.5, 1218.5], [1730.1666259765625, 1195.8333740234375], [1877.5, 1201.8333740234375], [2005.5, 1208.5], [2104.5, 1218.5], [2171.5, 1217.5], [2240.5, 1225.5], [2304.0, 1222.0], [2418.5, 1187.1666259765625], [2503.83349609375, 1125.8333740234375], [2573.83349609375, 1024.8333740234375], [1855.5, 1037.5], [1919.5, 1089.5], [1978.5, 1086.5], [2027.5, 1133.5], [2081.5, 1114.5], [2114.5, 1163.5], [2163.5, 1127.5], [2185.5, 1170.5], [2234.5, 1129.5], [2269.5, 1158.5], [2308.5, 1189.5], [2299.5, 1094.1666259765625], [2390.5, 1145.8333740234375], [2453.16650390625, 1081.8333740234375], [2510.0, 1016.5], [1666.8333740234375, 926.1666870117188], [1664.1666259765625, 869.5], [1853.5, 972.5], [1977.0, 1013.0], [2079.166748046875, 1032.1666259765625], [2162.166748046875, 1040.5], [2232.833251953125, 1043.5], [2300.166748046875, 1042.5]]",
LBX,Right,rx013xinv7-1-v27_r,Landmarked_LBX/marked_tiff/Right/RX013xINV7-1-V27_R_MARK.tif,Landmarked_LBX/txt/Right/RX013xINV7-1-V27_R.txt,Raw_Images/LBX/RX013xINV7-1-V27_R.tif,LBX,36,36,roi,3840,2160,"[[1355.5, 917.5], [1341.5, 1119.5], [1489.5, 1223.5], [1721.5, 1177.5], [1829.5, 1179.5], [1967.5, 1192.5], [2064.5, 1198.5], [2129.166748046875, 1199.8333740234375], [2200.5, 1205.8333740234375], [2262.5, 1205.8333740234375], [2379.5, 1163.1666259765625], [2468.16650390625, 1103.1666259765625], [2537.5, 1008.5], [1824.5, 1008.8333129882812], [1898.5, 1062.1666259765625], [1950.5, 1057.5], [1999.5, 1100.0], [2049.0, 1084.5], [2079.0, 1140.5], [2130.166748046875, 1097.8333740234375], [2143.166748046875, 1161.5], [2206.833251953125, 1101.1666259765625], [2223.5, 1144.5], [2277.166748046875, 1173.1666259765625], [2283.833251953125, 1084.5], [2350.166748046875, 1124.1666259765625], [2414.16650390625, 1062.8333740234375], [2482.16650390625, 997.5], [1655.1666259765625, 928.8333129882812], [1654.8333740234375, 885.1666870117188], [1821.8333740234375, 963.8333129882812], [1949.833251953125, 1003.5], [2048.5, 1016.1666870117188], [2132.75, 1017.25], [2208.5, 1019.75], [2286.75, 1016.25]]",
LBX,Right,rx013xinv7-1-v28_r,Landmarked_LBX/marked_tiff/Right/RX013xINV7-1-V28_R_MARK.tif,Landmarked_LBX/txt/Right/RX013xINV7-1-V28_R.txt,Raw_Images/LBX/RX013xINV7-1-V28_R.tif,LBX,36,36,roi,3840,2160,"[[1418.0, 913.0], [1405.5, 1144.5], [1592.1666259765625, 1236.5], [1779.1666259765625, 1189.8333740234375], [1902.5, 1195.1666259765625], [2014.5, 1207.8333740234375], [2112.5, 1217.8333740234375], [2171.5, 1220.5], [2244.5, 1224.5], [2308.5, 1221.1666259765625], [2412.5, 1187.1666259765625], [2501.16650390625, 1128.5], [2561.16650390625, 1038.5], [1875.5, 1042.0], [1938.5, 1088.5], [1993.0, 1091.5], [2038.5, 1130.0], [2089.5, 1118.0], [2123.0, 1165.0], [2165.5, 1129.0], [2193.0, 1173.0], [2228.0, 1139.0], [2263.0, 1155.0], [2310.5, 1190.5], [2312.5, 1102.5], [2385.166748046875, 1146.5], [2450.5, 1089.1666259765625], [2504.5, 1027.8333740234375], [1696.5, 945.5], [1691.5, 884.5], [1875.5, 979.5], [1989.5, 1018.5], [2083.0, 1035.0], [2158.5, 1043.0], [2222.0, 1046.5], [2308.0, 1047.5]]",
LBX,Right,rx013xinv7-1-v31_r,Landmarked_LBX/marked_tiff/Right/RX013xINV7-1-V31_R_MARK.tif,Landmarked_LBX/txt/Right/RX013xINV7-1-V31_R.txt,Raw_Images/LBX/RX013xINV7-1-V31_R.tif,LBX,36,36,roi,3840,2160,"[[1401.5, 981.1666870117188], [1392.8333740234375, 1171.1666259765625], [1563.5, 1243.8333740234375], [1762.5, 1202.1666259765625], [1874.5, 1203.5], [1991.833251953125, 1207.8333740234375], [2085.166748046875, 1218.5], [2151.166748046875, 1225.1666259765625], [2224.5, 1226.5], [2291.0, 1224.0], [2405.5, 1192.0], [2497.0, 1131.0], [2560.5, 1044.5], [1852.5, 1053.5], [1909.166748046875, 1096.8333740234375], [1963.833251953125, 1094.1666259765625], [2017.166748046875, 1131.5], [2064.5, 1121.5], [2101.5, 1160.5], [2147.5, 1138.5], [2174.5, 1186.5], [2220.5, 1141.5], [2249.5, 1161.5], [2298.0, 1196.0], [2296.5, 1106.5], [2378.0, 1150.5], [2443.0, 1093.0], [2497.5, 1033.5], [1668.1666259765625, 959.5], [1662.8333740234375, 896.8333129882812], [1850.5, 992.5], [1961.5, 1026.5], [2058.5, 1044.0], [2142.5, 1052.5], [2210.5, 1054.0], [2294.166748046875, 1051.8333740234375]]",
LBX,Right,rx013xinv7-1-v32_r,Landmarked_LBX/marked_tiff/Right/RX013xINV7-1-V32_R_MARK.tif,Landmarked_LBX/txt/Right/RX013xINV7-1-V32_R.txt,Raw_Images/LBX/RX013xINV7-1-V32_R.tif,LBX,36,36,roi,3840,2160,"[[1417.0, 985.0], [1401.5, 1223.5], [1537.5, 1283.5], [1742.5, 1248.5], [1847.5, 1247.5], [1978.5, 1257.5], [2079.0, 1268.0], [2146.5, 1266.5], [2219.5, 1275.0], [2281.0, 1279.0], [2402.5, 1253.5], [2498.5, 1193.5], [2583.0, 1095.0], [1844.0, 1082.0], [1922.5, 1141.5], [1973.0, 1136.5], [2022.0, 1175.5], [2076.0, 1159.5], [2102.0, 1205.0], [2157.0, 1172.5], [2173.5, 1221.5], [2225.0, 1177.0], [2248.5, 1214.0], [2293.5, 1251.0], [2302.0, 1150.5], [2376.0, 1214.0], [2448.0, 1151.5], [2511.5, 1085.0], [1676.8333740234375, 983.8333129882812], [1676.8333740234375, 943.8333129882812], [1843.8333740234375, 1031.8333740234375], [1975.5, 1076.0], [2077.5, 1096.0], [2157.333251953125, 1105.8333740234375], [2227.166748046875, 1110.8333740234375], [2301.833251953125, 1111.5]]",
LBX,Right,rx013xinv7-1-v35_r,Landmarked_LBX/marked_tiff/Right/RX013xINV7-1-V35_R_MARK.tif,Landmarked_LBX/txt/Right/RX013xINV7-1-V35_R.txt,Raw_Images/LBX/RX013xINV7-1-V35_R.tif,LBX,36,36,roi,3840,2160,"[[1400.0, 973.0], [1404.8333740234375, 1204.5], [1587.5, 1275.1666259765625], [1760.8333740234375, 1235.1666259765625], [1872.8333740234375, 1236.5], [1982.5, 1241.5], [2078.166748046875, 1250.8333740234375], [2146.833251953125, 1254.8333740234375], [2209.5, 1266.1666259765625], [2273.5, 1266.0], [2377.0, 1235.5], [2465.5, 1178.5], [2528.83349609375, 1095.5], [1828.5, 1095.5], [1901.5, 1134.5], [1956.5, 1131.5], [1999.5, 1171.5], [2051.5, 1161.0], [2088.5, 1209.5], [2133.0, 1170.5], [2159.0, 1209.5], [2197.0, 1177.5], [2219.0, 1209.0], [2275.166748046875, 1237.5], [2289.166748046875, 1148.1666259765625], [2346.5, 1196.0], [2409.833251953125, 1139.5], [2461.83349609375, 1082.1666259765625], [1648.5, 1002.0], [1646.0, 950.5], [1823.0, 1023.5], [1952.5, 1056.8333740234375], [2049.166748046875, 1076.8333740234375], [2133.833251953125, 1087.5], [2198.0, 1091.0], [2287.0, 1092.0]]",
LBX,Right,rx013xinv7-1-v36_r,Landmarked_LBX/marked_tiff/Right/RX013xINV7-1-V36_R_MARK.tif,Landmarked_LBX/txt/Right/RX013xINV7-1-V36_R.txt,Raw_Images/LBX/RX013xINV7-1-V36_R.tif,LBX,36,36,roi,3840,2160,"[[1417.0, 934.0], [1389.1666259765625, 1155.5], [1539.8333740234375, 1240.8333740234375], [1758.5, 1207.5], [1843.1666259765625, 1211.5], [1965.166748046875, 1224.8333740234375], [2062.5, 1235.5], [2133.166748046875, 1242.1666259765625], [2202.5, 1244.8333740234375], [2266.5, 1246.1666259765625], [2369.833251953125, 1222.1666259765625], [2473.16650390625, 1163.5], [2548.83349609375, 1072.1666259765625], [1837.1666259765625, 1055.8333740234375], [1906.5, 1108.5], [1955.5, 1102.1666259765625], [2000.5, 1147.8333740234375], [2050.5, 1133.1666259765625], [2084.5, 1179.1666259765625], [2131.833251953125, 1148.5], [2153.0, 1191.5], [2199.5, 1158.1666259765625], [2223.0, 1192.0], [2268.0, 1220.5], [2274.5, 1123.0], [2350.5, 1170.1666259765625], [2424.5, 1120.8333740234375], [2490.16650390625, 1063.8333740234375], [1674.1666259765625, 955.8333129882812], [1673.1666259765625, 914.1666870117188], [1837.1666259765625, 999.1666870117188], [1954.5, 1034.0], [2049.5, 1054.0], [2129.5, 1069.75], [2198.5, 1077.25], [2274.5, 1083.25]]",
LBX,Right,rx013xinv7-1-v38_r,Landmarked_LBX/marked_tiff/Right/RX013xINV7-1-V38_R_MARK.tif,Landmarked_LBX/txt/Right/RX013xINV7-1-V38_R.txt,Raw_Images/LBX/RX013xINV7-1-V38_R.tif,LBX,36,36,roi,3840,2160,"[[1420.0, 1013.0], [1421.5, 1213.5], [1598.5, 1272.5], [1791.5, 1220.0], [1890.8333740234375, 1233.8333740234375], [2007.166748046875, 1246.8333740234375], [2090.5, 1258.5], [2153.5, 1259.5], [2222.5, 1271.5], [2293.833251953125, 1272.5], [2373.5, 1243.8333740234375], [2435.5, 1188.5], [2492.5, 1120.5], [1873.5, 1089.5], [1934.166748046875, 1133.5], [1981.5, 1129.5], [2032.166748046875, 1168.8333740234375], [2080.5, 1166.1666259765625], [2110.833251953125, 1197.1666259765625], [2158.166748046875, 1175.1666259765625], [2180.833251953125, 1207.5], [2212.833251953125, 1192.5], [2236.166748046875, 1227.1666259765625], [2297.166748046875, 1243.8333740234375], [2300.833251953125, 1156.5], [2361.5, 1211.8333740234375], [2408.5, 1171.5], [2478.83349609375, 1105.5], [1708.5, 1004.5], [1705.5, 940.5], [1870.5, 1009.8333129882812], [1981.833251953125, 1050.1666259765625], [2080.166748046875, 1075.1666259765625], [2162.833251953125, 1090.8333740234375], [2217.833251953125, 1099.5], [2301.833251953125, 1107.8333740234375]]",
LBX,Right,rx013xinv7-1-v39_r,Landmarked_LBX/marked_tiff/Right/RX013xINV7-1-V39_R_MARK.tif,Landmarked_LBX/txt/Right/RX013xINV7-1-V39_R.txt,Raw_Images/LBX/RX013xINV7-1-V39_R.tif,LBX,36,36,roi,3840,2160,"[[1400.0, 994.0], [1411.5, 1203.5], [1555.5, 1260.8333740234375], [1758.5, 1231.5], [1871.5, 1235.5], [1986.5, 1246.5], [2068.5, 1252.1666259765625], [2130.5, 1254.1666259765625], [2189.833251953125, 1256.8333740234375], [2251.166748046875, 1260.8333740234375], [2365.833251953125, 1236.1666259765625], [2460.5, 1172.1666259765625], [2527.16650390625, 1073.5], [1840.5, 1087.5], [1905.5, 1126.5], [1950.5, 1120.5], [1997.5, 1166.5], [2043.5, 1146.5], [2082.5, 1196.5], [2122.5, 1160.5], [2146.5, 1207.5], [2186.5, 1168.5], [2208.5, 1203.5], [2256.166748046875, 1234.1666259765625], [2283.5, 1135.5], [2340.166748046875, 1200.1666259765625], [2408.166748046875, 1135.5], [2470.16650390625, 1064.8333740234375], [1666.5, 981.5], [1663.8333740234375, 916.1666870117188], [1841.1666259765625, 1012.1666870117188], [1950.833251953125, 1055.5], [2044.5, 1078.5], [2121.5, 1084.5], [2187.25, 1089.0], [2282.166748046875, 1091.1666259765625]]",
Non_Laying_Parents,Bottom,ll280xll288-2_b,Landmarked_Non_Laying_Parents/marked_tiff/Bottom/LL280xLL288-2_B_MARK.tif,Landmarked_Non_Laying_Parents/txt/Bottom/LL280xLL288-2_B.txt,Raw_Images/Non_Laying_Parents/LL280xLL288-2_B.tif,Non_Laying_Parents,17,17,roi,3840,2160,"[[2634.5, 999.5], [2378.5, 1008.5], [2315.0, 1008.5], [2254.0, 1003.5], [2190.0, 1000.0], [2374.0, 1091.125], [2328.5, 1079.0], [2261.0, 1085.0], [2284.0, 1091.0], [2262.0, 1098.5], [2333.5, 1103.0], [2374.625, 1102.5], [2553.5, 1178.5], [2370.166748046875, 1168.5], [2316.166748046875, 1172.5], [2259.5, 1179.1666259765625], [2194.833251953125, 1179.1666259765625]]",
Non_Laying_Parents,Bottom,ll280xlx022-3_b,Landmarked_Non_Laying_Parents/marked_tiff/Bottom/LL280xLX022-3_B_MARK.tif,Landmarked_Non_Laying_Parents/txt/Bottom/LL280xLX022-3_B.txt,Raw_Images/Non_Laying_Parents/LL280xLX022-3_B.tif,Non_Laying_Parents,17,17,roi,3840,2160,"[[2614.0, 1008.0], [2415.5, 1015.5], [2359.833251953125, 1018.8333129882812], [2307.833251953125, 1018.8333129882812], [2247.166748046875, 1012.1666870117188], [2357.25, 1098.25], [2381.833251953125, 1090.1666259765625], [2328.5, 1089.5], [2299.833251953125, 1096.8333740234375], [2330.0, 1104.25], [2368.375, 1105.25], [2357.833251953125, 1102.1666259765625], [2535.166748046875, 1182.8333740234375], [2414.833251953125, 1172.8333740234375], [2375.5, 1172.1666259765625], [2316.166748046875, 1170.5], [2253.5, 1176.5]]",
Non_Laying_Parents,Bottom,ll285xll279-1_b,Landmarked_Non_Laying_Parents/marked_tiff/Bottom/LL285xLL279-1_B_MARK.tif,Landmarked_Non_Laying_Parents/txt/Bottom/LL285xLL279-1_B.txt,Raw_Images/Non_Laying_Parents/LL285xLL279-1_B.tif,Non_Laying_Parents,17,17,roi,3840,2160,"[[2622.0, 1016.0], [2386.5, 1025.5], [2326.5, 1024.5], [2270.5, 1020.5], [2203.5, 1012.5], [2384.625, 1109.375], [2341.0, 1096.5], [2290.5, 1095.5], [2282.0, 1103.0], [2294.5, 1111.5], [2349.5, 1114.0], [2384.875, 1112.875], [2542.0, 1173.0], [2383.5, 1171.0], [2328.5, 1173.5], [2269.5, 1182.0], [2205.5, 1188.0]]",
Non_Laying_Parents,Bottom,ll286xll247-v1_b,Landmarked_Non_Laying_Parents/marked_tiff/Bottom/LL286xLL247-V1_B_MARK.tif,Landmarked_Non_Laying_Parents/txt/Bottom/LL286xLL247-V1_B.txt,Raw_Images/Non_Laying_Parents/LL286xLL247-V1_B.tif,Non_Laying_Parents,17,17,roi,3840,2160,"[[2630.5, 1028.5], [2383.0, 1024.0], [2318.0, 1017.0], [2260.5, 1008.5], [2191.5, 1003.5], [2368.833251953125, 1102.0], [2323.5, 1086.5], [2262.5, 1082.0], [2281.0, 1096.0], [2265.5, 1106.5], [2321.5, 1107.0], [2369.833251953125, 1108.8333740234375], [2542.166748046875, 1174.1666259765625], [2365.5, 1168.1666259765625], [2310.166748046875, 1172.1666259765625], [2255.5, 1177.5], [2186.833251953125, 1183.5]]",
Non_Laying_Parents,Bottom,ll286xll255-v2_b,Landmarked_Non_Laying_Parents/marked_tiff/Bottom/LL286xLL255-V2_B_MARK.tif,Landmarked_Non_Laying_Parents/txt/Bottom/LL286xLL255-V2_B.txt,Raw_Images/Non_Laying_Parents/LL286xLL255-V2_B.tif,Non_Laying_Parents,17,17,roi,3840,2160,"[[2559.5, 1030.5], [2348.5, 1025.5], [2288.5, 1022.5], [2228.5, 1018.5], [2162.5, 1009.5], [2361.5, 1099.3125], [2319.0, 1081.5], [2262.0, 1079.5], [2210.5, 1092.0], [2260.0, 1104.5], [2318.5, 1103.5], [2361.6875, 1102.4375], [2478.833251953125, 1162.8333740234375], [2337.166748046875, 1165.5], [2286.166748046875, 1168.1666259765625], [2222.5, 1171.5], [2165.833251953125, 1172.1666259765625]]",
Non_Laying_Parents,Bottom,ll288xll287-1_b,Landmarked_Non_Laying_Parents/marked_tiff/Bottom/LL288xLL287-1_B_MARK.tif,Landmarked_Non_Laying_Parents/txt/Bottom/LL288xLL287-1_B.txt,Raw_Images/Non_Laying_Parents/LL288xLL287-1_B.tif,Non_Laying_Parents,17,17,roi,3840,2160,"[[2622.0, 1020.0], [2375.5, 1022.5], [2311.5, 1019.5], [2240.5, 1009.5], [2178.5, 1008.5], [2361.0, 1093.5], [2317.0, 1084.0], [2260.5, 1084.5], [2218.5, 1087.5], [2266.5, 1097.5], [2317.5, 1101.0], [2361.5, 1102.0], [2533.5, 1171.0], [2359.5, 1163.5], [2312.0, 1166.0], [2246.5, 1171.0], [2194.0, 1175.0]]",
Non_Laying_Parents,Bottom,ll298xll247-v2a_b,Landmarked_Non_Laying_Parents/marked_tiff/Bottom/LL298xLL247-V2A_B_MARK.tif,Landmarked_Non_Laying_Parents/txt/Bottom/LL298xLL247-V2A_B.txt,Raw_Images/Non_Laying_Parents/LL298xLL247-V2A_B.tif,Non_Laying_Parents,17,17,roi,3840,2160,"[[2624.0, 1010.0], [2433.5, 1017.5], [2382.5, 1018.5], [2324.5, 1017.5], [2260.5, 1010.5], [2409.833251953125, 1091.6666259765625], [2397.5, 1083.0], [2349.0, 1079.5], [2318.0, 1090.5], [2351.0, 1095.5], [2394.0, 1096.5], [2409.666748046875, 1092.1666259765625], [2539.5, 1140.8333740234375], [2416.166748046875, 1145.5], [2378.166748046875, 1150.1666259765625], [2323.5, 1158.1666259765625], [2260.833251953125, 1164.8333740234375]]",
Non_Laying_Parents,Bottom,lx025xll247-v1_b,Landmarked_Non_Laying_Parents/marked_tiff/Bottom/LX025xLL247-V1_B_MARK.tif,Landmarked_Non_Laying_Parents/txt/Bottom/LX025xLL247-V1_B.txt,Raw_Images/Non_Laying_Parents/LX025xLL247-V1_B.tif,Non_Laying_Parents,17,17,roi,3840,2160,"[[2608.0, 1005.0], [2358.5, 1012.5], [2295.5, 1005.0], [2235.5, 1003.1666870117188], [2170.0, 999.5], [2347.166748046875, 1085.8333740234375], [2301.0, 1077.0], [2250.166748046875, 1073.8333740234375], [2262.5, 1081.5], [2254.833251953125, 1092.5], [2307.0, 1094.5], [2347.333251953125, 1093.0], [2525.5, 1168.5], [2350.166748046875, 1152.5], [2291.5, 1162.5], [2236.833251953125, 1163.8333740234375], [2172.166748046875, 1161.8333740234375]]",
Non_Laying_Parents,Bottom,np068xpx013-1_b,Landmarked_Non_Laying_Parents/marked_tiff/Bottom/NP068xPX013-1_B_MARK.tif,Landmarked_Non_Laying_Parents/txt/Bottom/NP068xPX013-1_B.txt,Raw_Images/Non_Laying_Parents/NP068xPX013-1_B.tif,Non_Laying_Parents,17,17,roi,3840,2160,"[[2520.0, 1042.0], [2303.5, 1035.5], [2225.5, 1032.5], [2156.5, 1031.5], [2088.5, 1025.5], [2313.5, 1094.5], [2261.5, 1084.0], [2185.5, 1080.5], [2166.0, 1093.0], [2194.0, 1099.0], [2262.0, 1098.5], [2314.166748046875, 1101.5], [2455.0, 1129.25], [2343.25, 1132.75], [2291.5, 1134.5], [2228.25, 1147.0], [2163.166748046875, 1149.8333740234375]]",
Non_Laying_Parents,Bottom,np073xpx013-2_b,Landmarked_Non_Laying_Parents/marked_tiff/Bottom/NP073xPX013-2_B_MARK.tif,Landmarked_Non_Laying_Parents/txt/Bottom/NP073xPX013-2_B.txt,Raw_Images/Non_Laying_Parents/NP073xPX013-2_B.tif,Non_Laying_Parents,17,17,roi,3840,2160,"[[2483.0, 1053.0], [2320.25, 1045.0], [2251.75, 1041.0], [2191.25, 1031.5], [2125.25, 1026.75], [2310.0, 1089.3333740234375], [2286.833251953125, 1089.0], [2222.666748046875, 1080.1666259765625], [2146.5, 1081.5], [2226.166748046875, 1089.5], [2287.166748046875, 1095.0], [2309.666748046875, 1097.5], [2426.5, 1139.0], [2311.0, 1131.0], [2254.0, 1130.5], [2189.5, 1133.5], [2123.5, 1138.5]]",
Non_Laying_Parents,Bottom,np073xpx013-3_b,Landmarked_Non_Laying_Parents/marked_tiff/Bottom/NP073xPX013-3_B_MARK.tif,Landmarked_Non_Laying_Parents/txt/Bottom/NP073xPX013-3_B.txt,Raw_Images/Non_Laying_Parents/NP073xPX013-3_B.tif,Non_Laying_Parents,17,17,roi,3840,2160,"[[2410.0, 1083.0], [2248.833251953125, 1072.5], [2184.833251953125, 1066.5], [2102.166748046875, 1059.1666259765625], [2028.5, 1055.5], [2262.375, 1123.75], [2226.5, 1117.0], [2161.5, 1112.5], [2132.5, 1117.5], [2171.0, 1124.5], [2221.5, 1124.5], [2262.333251953125, 1125.8333740234375], [2349.25, 1156.75], [2241.833251953125, 1167.1666259765625], [2182.5, 1177.1666259765625], [2107.833251953125, 1175.1666259765625], [2033.8333740234375, 1178.5]]",
Non_Laying_Parents,Bottom,np077xnp085-1_b,Landmarked_Non_Laying_Parents/marked_tiff/Bottom/NP077xNP085-1_B_MARK.tif,Landmarked_Non_Laying_Parents/txt/Bottom/NP077xNP085-1_B.txt,Raw_Images/Non_Laying_Parents/NP077xNP085-1_B.tif,Non_Laying_Parents,17,17,roi,3840,2160,"[[2503.166748046875, 1062.5], [2313.166748046875, 1052.5], [2237.166748046875, 1046.5], [2165.833251953125, 1037.8333740234375], [2091.833251953125, 1033.1666259765625], [2309.625, 1102.25], [2280.166748046875, 1097.1666259765625], [2208.833251953125, 1091.8333740234375], [2167.833251953125, 1098.1666259765625], [2211.5, 1102.1666259765625], [2277.833251953125, 1105.1666259765625], [2309.625, 1102.75], [2437.833251953125, 1136.8333740234375], [2298.5, 1141.1666259765625], [2233.833251953125, 1151.1666259765625], [2164.5, 1153.8333740234375], [2087.833251953125, 1156.5]]",
Non_Laying_Parents,Bottom,np078xnp060-v2_b,Landmarked_Non_Laying_Parents/marked_tiff/Bottom/NP078xNP060-V2_B_MARK.tif,Landmarked_Non_Laying_Parents/txt/Bottom/NP078xNP060-V2_B.txt,Raw_Images/Non_Laying_Parents/NP078xNP060-V2_B.tif,Non_Laying_Parents,17,17,roi,3840,2160,"[[2478.0, 1054.0], [2331.5, 1055.0], [2271.5, 1057.5], [2210.0, 1051.5], [2138.0, 1046.5], [2318.666748046875, 1108.1666259765625], [2306.0, 1105.0], [2244.5, 1101.5], [2194.0, 1105.0], [2247.0, 1110.0], [2307.5, 1112.0], [2318.666748046875, 1108.25], [2420.166748046875, 1123.5], [2327.5, 1135.25], [2268.0, 1143.5], [2208.5, 1154.5], [2144.5, 1156.5]]",
Non_Laying_Parents,Bottom,np078xpx013-1_b,Landmarked_Non_Laying_Parents/marked_tiff/Bottom/NP078xPX013-1_B_MARK.tif,Landmarked_Non_Laying_Parents/txt/Bottom/NP078xPX013-1_B.txt,Raw_Images/Non_Laying_Parents/NP078xPX013-1_B.tif,Non_Laying_Parents,17,17,roi,3840,2160,"[[2502.0, 1046.0], [2275.5, 1049.5], [2206.5, 1042.5], [2141.5, 1040.5], [2071.5, 1036.5], [2304.375, 1094.625], [2252.0, 1083.5], [2191.5, 1080.0], [2157.5, 1090.0], [2183.0, 1097.5], [2248.5, 1098.5], [2304.375, 1095.0], [2444.5, 1119.1666259765625], [2270.5, 1137.1666259765625], [2213.833251953125, 1145.8333740234375], [2154.5, 1148.5], [2075.833251953125, 1154.5]]",
Non_Laying_Parents,Bottom,np096xnp060-v4_b,Landmarked_Non_Laying_Parents/marked_tiff/Bottom/NP096xNP060-V4_B_MARK.tif,Landmarked_Non_Laying_Parents/txt/Bottom/NP096xNP060-V4_B.txt,Raw_Images/Non_Laying_Parents/NP096xNP060-V4_B.tif,Non_Laying_Parents,17,17,roi,3840,2160,"[[2477.5, 1057.5], [2284.5, 1049.5], [2219.5, 1042.5], [2154.5, 1039.0], [2081.0, 1036.5], [2311.25, 1098.6875], [2253.5, 1090.0], [2196.0, 1082.0], [2169.0, 1090.5], [2193.5, 1099.0], [2253.0, 1099.0], [2311.25, 1098.8125], [2424.5, 1133.5], [2280.5, 1139.5], [2220.5, 1143.5], [2155.5, 1148.5], [2084.0, 1154.0]]",
Non_Laying_Parents,Bottom,np097xnp060-v2_b,Landmarked_Non_Laying_Parents/marked_tiff/Bottom/NP097xNP060-V2_B_MARK.tif,Landmarked_Non_Laying_Parents/txt/Bottom/NP097xNP060-V2_B.txt,Raw_Images/Non_Laying_Parents/NP097xNP060-V2_B.tif,Non_Laying_Parents,17,17,roi,3840,2160,"[[2488.0, 1052.0], [2329.166748046875, 1050.1666259765625], [2261.166748046875, 1044.1666259765625], [2203.833251953125, 1042.1666259765625], [2131.166748046875, 1036.8333740234375], [2306.5, 1095.8333740234375], [2295.5, 1092.1666259765625], [2235.833251953125, 1090.8333740234375], [2193.5, 1091.0], [2235.166748046875, 1096.8333740234375], [2296.166748046875, 1100.1666259765625], [2306.4375, 1099.8125], [2426.833251953125, 1122.5], [2327.833251953125, 1129.1666259765625], [2264.833251953125, 1132.5], [2207.166748046875, 1143.5], [2134.5, 1149.8333740234375]]",
Non_Laying_Parents,Bottom,np097xnp077-1_b,Landmarked_Non_Laying_Parents/marked_tiff/Bottom/NP097xNP077-1_B_MARK.tif,Landmarked_Non_Laying_Parents/txt/Bottom/NP097xNP077-1_B.txt,,,17,17,roi,3840,2160,"[[2481.0, 1050.0], [2338.0, 1044.5], [2266.5, 1038.5], [2204.5, 1030.5], [2136.5, 1024.5], [2305.75, 1095.25], [2296.25, 1091.75], [2237.0, 1082.5], [2191.75, 1087.0], [2235.75, 1096.0], [2284.0, 1100.25], [2305.666748046875, 1097.5416259765625], [2417.5, 1120.5], [2325.0, 1129.5], [2262.5, 1135.5], [2203.5, 1140.0], [2145.5, 1144.5]]",no_raw_match
Non_Laying_Parents,Bottom,px013xnp060-v2_b,Landmarked_Non_Laying_Parents/marked_tiff/Bottom/PX013xNP060-V2_B_MARK.tif,Landmarked_Non_Laying_Parents/txt/Bottom/PX013xNP060-V2_B.txt,Raw_Images/Non_Laying_Parents/PX013xNP060-V2_B.tif,Non_Laying_Parents,17,17,roi,3840,2160,"[[2508.0, 1047.0], [2282.833251953125, 1038.8333740234375], [2214.833251953125, 1032.1666259765625], [2148.166748046875, 1027.5], [2077.5, 1022.1666870117188], [2329.5, 1091.5], [2251.25, 1092.75], [2175.75, 1080.75], [2154.5, 1086.5], [2180.166748046875, 1090.5], [2249.166748046875, 1096.1666259765625], [2330.0, 1101.8333740234375], [2447.0, 1150.0], [2284.5, 1139.0], [2223.0, 1143.0], [2157.0, 1150.0], [2089.5, 1156.0]]",
Non_Laying_Parents,Bottom,px013xnp060-v4_b,Landmarked_Non_Laying_Parents/marked_tiff/Bottom/PX013xNP060-V4_B_MARK.tif,Landmarked_Non_Laying_Parents/txt/Bottom/PX013xNP060-V4_B.txt,,,17,17,roi,3840,2160,"[[2492.5, 1041.5], [2281.5, 1041.5], [2204.5, 1039.5], [2133.5, 1033.5], [2067.5, 1028.5], [2323.25, 1100.5], [2230.0, 1095.0], [2162.0, 1092.5], [2139.833251953125, 1098.1666259765625], [2165.166748046875, 1101.5], [2231.833251953125, 1105.5], [2324.0, 1113.75], [2426.833251953125, 1147.5], [2284.166748046875, 1149.5], [2203.5, 1151.5], [2140.833251953125, 1160.1666259765625], [2075.5, 1158.1666259765625]]",no_raw_match
Non_Laying_Parents,Bottom,px013xnp086-1_b,Landmarked_Non_Laying_Parents/marked_tiff/Bottom/PX013xNP086-1_B_MARK.tif,Landmarked_Non_Laying_Parents/txt/Bottom/PX013xNP086-1_B.txt,Raw_Images/Non_Laying_Parents/PX013xNP086-1_B.tif,Non_Laying_Parents,17,17,roi,3840,2160,"[[2492.0, 1050.0], [2351.5, 1043.5], [2286.0, 1047.5], [2216.0, 1041.5], [2139.5, 1036.5], [2288.916748046875, 1099.6666259765625], [2318.5, 1098.0], [2253.5, 1094.0], [2192.5, 1097.1666259765625], [2255.0, 1102.5], [2317.0, 1104.0], [2289.0, 1100.0], [2430.5, 1131.8333740234375], [2336.166748046875, 1134.8333740234375], [2281.833251953125, 1136.1666259765625], [2216.833251953125, 1145.8333740234375], [2152.5, 1149.8333740234375]]",
Non_Laying_Parents,Bottom,px014xnp060-v4_b,Landmarked_Non_Laying_Parents/marked_tiff/Bottom/PX014xNP060-V4_B_MARK.tif,Landmarked_Non_Laying_Parents/txt/Bottom/PX014xNP060-V4_B.txt,Raw_Images/Non_Laying_Parents/PX014xNP060-V4_B.tif,Non_Laying_Parents,17,17,roi,3840,2160,"[[2496.0, 1052.0], [2299.5, 1044.8333740234375], [2226.166748046875, 1035.5], [2164.833251953125, 1035.5], [2090.166748046875, 1030.1666259765625], [2329.333251953125, 1101.0], [2268.5, 1090.5], [2197.5, 1087.0], [2185.5, 1092.0], [2209.5, 1102.0], [2278.5, 1105.5], [2330.0, 1106.1666259765625], [2435.0, 1158.0], [2294.5, 1156.0], [2238.5, 1159.0], [2160.0, 1164.0], [2098.833251953125, 1168.1666259765625]]",
Non_Laying_Parents,Bottom,px014xnp068-v1-2_b,Landmarked_Non_Laying_Parents/marked_tiff/Bottom/PX014xNP068-V1-2_B_MARK.tif,Landmarked_Non_Laying_Parents/txt/Bottom/PX014xNP068-V1-2_B.txt,Raw_Images/Non_Laying_Parents/PX014xNP068-V1-2_B.tif,Non_Laying_Parents,17,17,roi,3840,2160,"[[2502.0, 1053.0], [2353.166748046875, 1053.8333740234375], [2289.166748046875, 1053.1666259765625], [2210.5, 1045.5], [2143.5, 1038.5], [2378.5, 1094.5], [2342.0, 1096.5], [2288.5, 1096.5], [2220.5, 1098.5], [2280.5, 1108.5], [2347.166748046875, 1110.5], [2381.166748046875, 1115.1666259765625], [2443.166748046875, 1149.8333740234375], [2366.5, 1145.8333740234375], [2291.833251953125, 1147.8333740234375], [2222.5, 1152.5], [2151.166748046875, 1156.5]]",
Non_Laying_Parents,Bottom,px014xnp072-1_b,Landmarked_Non_Laying_Parents/marked_tiff/Bottom/PX014xNP072-1_B_MARK.tif,Landmarked_Non_Laying_Parents/txt/Bottom/PX014xNP072-1_B.txt,Raw_Images/Non_Laying_Parents/PX014xNP072-1_B.tif,Non_Laying_Parents,17,17,roi,3840,2160,"[[2504.0, 1044.0], [2303.5, 1034.5], [2220.5, 1030.5], [2155.5, 1023.5], [2077.166748046875, 1024.1666259765625], [2355.833251953125, 1083.1666259765625], [2256.5, 1076.0], [2190.5, 1070.0], [2153.5, 1076.5], [2196.0, 1088.0], [2262.0, 1088.0], [2356.5, 1103.0], [2443.5, 1146.0], [2281.833251953125, 1130.8333740234375], [2222.833251953125, 1134.1666259765625], [2153.166748046875, 1139.5], [2079.166748046875, 1146.1666259765625]]",
Non_Laying_Parents,Bottom,px014xnp072-2_b,Landmarked_Non_Laying_Parents/marked_tiff/Bottom/PX014xNP072-2_B_MARK.tif,Landmarked_Non_Laying_Parents/txt/Bottom/PX014xNP072-2_B.txt,Raw_Images/Non_Laying_Parents/PX014xNP072-2_B.tif,Non_Laying_Parents,17,17,roi,3840,2160,"[[2483.0, 1044.0], [2295.833251953125, 1034.5], [2226.5, 1027.8333740234375], [2153.166748046875, 1029.1666259765625], [2086.5, 1021.1666870117188], [2352.166748046875, 1089.5], [2270.833251953125, 1087.5], [2204.166748046875, 1078.8333740234375], [2171.5, 1088.1666259765625], [2205.5, 1094.1666259765625], [2268.833251953125, 1094.8333740234375], [2354.166748046875, 1109.5], [2428.166748046875, 1145.5], [2286.166748046875, 1138.1666259765625], [2227.5, 1143.5], [2156.166748046875, 1146.1666259765625], [2088.166748046875, 1148.8333740234375]]",
Non_Laying_Parents,Bottom,px014xnp072-3a_b,Landmarked_Non_Laying_Parents/marked_tiff/Bottom/PX014xNP072-3A_B_MARK.tif,Landmarked_Non_Laying_Parents/txt/Bottom/PX014xNP072-3A_B.txt,Raw_Images/Non_Laying_Parents/PX014xNP072-3A_B.tif,Non_Laying_Parents,17,17,roi,3840,2160,"[[2474.0, 1035.0], [2294.0, 1039.0], [2227.5, 1039.0], [2148.5, 1031.5], [2071.5, 1029.0], [2304.833251953125, 1089.5], [2271.5, 1083.1666259765625], [2208.833251953125, 1078.8333740234375], [2167.0, 1089.0], [2211.0, 1093.0], [2269.0, 1096.0], [2304.833251953125, 1098.0], [2411.5, 1146.8333740234375], [2289.5, 1142.1666259765625], [2230.166748046875, 1141.5], [2161.5, 1152.8333740234375], [2095.5, 1156.8333740234375]]",
Non_Laying_Parents,Bottom,px014xnp072-6_b,Landmarked_Non_Laying_Parents/marked_tiff/Bottom/PX014xNP072-6_B_MARK.tif,Landmarked_Non_Laying_Parents/txt/Bottom/PX014xNP072-6_B.txt,Raw_Images/Non_Laying_Parents/PX014xNP072-6_B.tif,Non_Laying_Parents,17,17,roi,3840,2160,"[[2507.0, 1052.5], [2299.0, 1050.0], [2231.5, 1045.0], [2157.5, 1039.5], [2083.5, 1034.5], [2308.833251953125, 1103.1666259765625], [2266.166748046875, 1092.8333740234375], [2201.166748046875, 1089.5], [2172.5, 1097.5], [2204.0, 1104.0], [2266.5, 1104.0], [2308.833251953125, 1103.5833740234375], [2446.0, 1138.5], [2293.0, 1144.5], [2235.5, 1153.0], [2170.5, 1155.0], [2104.5, 1162.8333740234375]]",
Non_Laying_Parents,Left,ll280xll288-2_l,Landmarked_Non_Laying_Parents/marked_tiff/Left/LL280xLL288-2_L_MARK.tif,Landmarked_Non_Laying_Parents/txt/Left/LL280xLL288-2_L.txt,Raw_Images/Non_Laying_Parents/LL280xLL288-2_L.tif,Non_Laying_Parents,32,32,roi,3840,2160,"[[2419.833251953125, 902.1666870117188], [2497.166748046875, 1103.5], [2353.166748046875, 1224.8333740234375], [2152.5, 1186.5], [2020.5, 1198.5], [1880.5, 1204.5], [1782.5, 1218.5], [1714.5, 1224.5], [1635.5, 1234.5], [1568.5, 1238.5], [1465.5, 1205.5], [1385.5, 1139.5], [1316.5, 1069.5], [1998.5, 1036.8333740234375], [1925.833251953125, 1096.8333740234375], [1875.833251953125, 1089.5], [1821.1666259765625, 1137.5], [1766.5, 1122.1666259765625], [1741.1666259765625, 1166.8333740234375], [1688.5, 1136.8333740234375], [1669.8333740234375, 1185.5], [1615.1666259765625, 1150.8333740234375], [1600.5, 1196.5], [1512.5, 1114.5], [2162.5, 944.5], [2162.5, 879.1666870117188], [1997.0, 969.0], [1870.0, 1012.5], [1762.5, 1035.0], [1680.1666259765625, 1047.5], [1613.5, 1057.5], [1510.8333740234375, 1060.8333740234375]]",
Non_Laying_Parents,Left,ll280xlx022-3_l,Landmarked_Non_Laying_Parents/marked_tiff/Left/LL280xLX022-3_L_MARK.tif,Landmarked_Non_Laying_Parents/txt/Left/LL280xLX022-3_L.txt,Raw_Images/Non_Laying_Parents/LL280xLX022-3_L.tif,Non_Laying_Parents,32,32,roi,3840,2160,"[[2486.0, 900.0], [2513.833251953125, 1118.1666259765625], [2359.166748046875, 1224.8333740234375], [2141.5, 1193.5], [2006.5, 1196.5], [1871.5, 1214.5], [1766.5, 1217.5], [1698.5, 1229.5], [1636.5, 1242.5], [1564.5, 1247.5], [1469.5, 1220.5], [1393.5, 1158.5], [1312.5, 1072.5], [2009.5, 1034.5], [1934.5, 1098.5], [1877.5, 1082.5], [1824.5, 1141.5], [1765.5, 1118.5], [1741.5, 1169.5], [1677.5, 1138.5], [1665.5, 1186.5], [1609.5, 1149.5], [1592.5, 1191.5], [1519.5, 1117.5], [2196.166748046875, 934.1666870117188], [2198.166748046875, 870.1666870117188], [2005.5, 970.5], [1869.5, 1014.5], [1755.5, 1039.5], [1670.5, 1050.5], [1596.5, 1056.5], [1515.5, 1061.5]]",
Non_Laying_Parents,Left,ll285xll279-1_l,Landmarked_Non_Laying_Parents/marked_tiff/Left/LL285xLL279-1_L_MARK.tif,Landmarked_Non_Laying_Parents/txt/Left/LL285xLL279-1_L.txt,Raw_Images/Non_Laying_Parents/LL285xLL279-1_L.tif,Non_Laying_Parents,32,32,roi,3840,2160,"[[2429.0, 920.0], [2481.5, 1124.5], [2311.5, 1223.5], [2146.5, 1190.5], [2011.5, 1189.5], [1906.5, 1210.5], [1789.5, 1225.5], [1715.5, 1235.5], [1641.5, 1249.5], [1578.1666259765625, 1257.5], [1485.5, 1229.5], [1411.5, 1174.8333740234375], [1334.8333740234375, 1111.5], [1985.5, 1045.5], [1934.5, 1098.5], [1878.5, 1098.5], [1829.5, 1144.5], [1780.5, 1135.5], [1754.5, 1180.5], [1700.0, 1153.5], [1689.5, 1204.0], [1629.5, 1168.0], [1603.0, 1209.5], [1552.1666259765625, 1142.1666259765625], [2162.0, 951.5], [2162.0, 877.5], [1982.833251953125, 973.1666870117188], [1877.5, 1012.8333129882812], [1776.1666259765625, 1040.8333740234375], [1694.8333740234375, 1055.8333740234375], [1622.5, 1066.5], [1544.8333740234375, 1077.1666259765625]]",
Non_Laying_Parents,Left,ll286xll247-v1_l,Landmarked_Non_Laying_Parents/marked_tiff/Left/LL286xLL247-V1_L_MARK.tif,Landmarked_Non_Laying_Parents/txt/Left/LL286xLL247-V1_L.txt,Raw_Images/Non_Laying_Parents/LL286xLL247-V1_L.tif,Non_Laying_Parents,32,32,roi,3840,2160,"[[2452.0, 935.0], [2488.5, 1182.5], [2358.5, 1236.5], [2162.5, 1197.5], [2019.5, 1198.5], [1903.8333740234375, 1218.8333740234375], [1805.1666259765625, 1228.1666259765625], [1725.1666259765625, 1242.8333740234375], [1657.1666259765625, 1249.5], [1573.1666259765625, 1257.5], [1493.1666259765625, 1226.8333740234375], [1422.5, 1166.8333740234375], [1349.1666259765625, 1100.1666259765625], [2010.5, 1038.8333740234375], [1938.5, 1092.1666259765625], [1886.5, 1096.1666259765625], [1845.1666259765625, 1138.8333740234375], [1790.5, 1130.8333740234375], [1763.8333740234375, 1173.5], [1707.8333740234375, 1154.8333740234375], [1679.8333740234375, 1192.1666259765625], [1631.8333740234375, 1166.8333740234375], [1609.1666259765625, 1206.8333740234375], [1573.1666259765625, 1136.1666259765625], [2179.833251953125, 945.5], [2181.166748046875, 885.5], [2005.166748046875, 978.8333129882812], [1879.833251953125, 1024.1666259765625], [1785.1666259765625, 1049.5], [1705.1666259765625, 1062.8333740234375], [1631.8333740234375, 1074.8333740234375], [1563.8333740234375, 1078.8333740234375]]",
Non_Laying_Parents,Left,ll286xll255-v2_l,Landmarked_Non_Laying_Parents/marked_tiff/Left/LL286xLL255-V2_L_MARK.tif,Landmarked_Non_Laying_Parents/txt/Left/LL286xLL255-V2_L.txt,,,32,32,roi,3840,2160,"[[2436.0, 965.0], [2413.5, 1196.5], [2260.5, 1266.5], [2076.5, 1218.5], [1966.5, 1220.5], [1844.5, 1233.5], [1739.5, 1249.5], [1667.5, 1256.5], [1606.8333740234375, 1266.1666259765625], [1515.1666259765625, 1273.5], [1432.0, 1235.5], [1373.5, 1166.5], [1312.0, 1101.5], [1968.833251953125, 1048.1666259765625], [1907.5, 1104.1666259765625], [1848.833251953125, 1101.5], [1808.8333740234375, 1144.1666259765625], [1756.5, 1136.8333740234375], [1723.1666259765625, 1186.1666259765625], [1677.1666259765625, 1154.8333740234375], [1655.1666259765625, 1212.1666259765625], [1607.1666259765625, 1172.1666259765625], [1591.1666259765625, 1230.8333740234375], [1514.1666259765625, 1145.1666259765625], [2156.5, 941.8333129882812], [2155.833251953125, 884.5], [1966.0, 983.5], [1846.833251953125, 1026.5], [1752.1666259765625, 1051.5], [1668.5, 1066.5], [1597.0, 1077.0], [1506.5, 1085.5]]",no_raw_match
Non_Laying_Parents,Left,ll288xll287-1_l,Landmarked_Non_Laying_Parents/marked_tiff/Left/LL288xLL287-1_L_MARK.tif,Landmarked_Non_Laying_Parents/txt/Left/LL288xLL287-1_L.txt,Raw_Images/Non_Laying_Parents/LL288xLL287-1_L.tif,Non_Laying_Parents,32,32,roi,3840,2160,"[[2430.5, 934.5], [2492.5, 1122.5], [2351.5, 1229.5], [2148.5, 1194.5], [2023.5, 1200.5], [1872.5, 1212.5], [1784.5, 1230.5], [1707.5, 1239.5], [1640.5, 1249.5], [1582.0, 1256.5], [1496.0, 1225.0], [1416.5, 1168.0], [1346.0, 1105.0], [2007.166748046875, 1044.8333740234375], [1935.833251953125, 1106.8333740234375], [1875.833251953125, 1102.1666259765625], [1827.8333740234375, 1143.5], [1780.5, 1131.5], [1750.5, 1177.5], [1699.5, 1153.5], [1672.5, 1195.5], [1630.5, 1172.5], [1605.5, 1210.5], [1559.5, 1138.5], [2172.5, 941.5], [2171.833251953125, 884.8333129882812], [2004.166748046875, 979.1666870117188], [1871.5, 1027.5], [1776.1666259765625, 1052.1666259765625], [1697.0, 1066.5], [1622.5, 1078.5], [1556.0, 1085.0]]",
Non_Laying_Parents,Left,ll298xll247-v2a_l,Landmarked_Non_Laying_Parents/marked_tiff/Left/LL298xLL247-V2A_L_MARK.tif,Landmarked_Non_Laying_Parents/txt/Left/LL298xLL247-V2A_L.txt,Raw_Images/Non_Laying_Parents/LL298xLL247-V2A_L.tif,Non_Laying_Parents,32,32,roi,3840,2160,"[[2470.0, 925.0], [2504.5, 1165.5], [2368.5, 1240.5], [2181.5, 1200.5], [2041.5, 1212.5], [1907.5, 1222.5], [1801.5, 1232.5], [1725.5, 1236.5], [1655.5, 1246.5], [1537.5, 1250.5], [1460.5, 1203.5], [1396.5, 1134.5], [1337.1666259765625, 1061.8333740234375], [2016.5, 1037.8333740234375], [1951.166748046875, 1097.8333740234375], [1896.5, 1091.1666259765625], [1849.166748046875, 1139.1666259765625], [1799.1666259765625, 1115.1666259765625], [1766.5, 1172.5], [1716.5, 1134.5], [1696.5, 1191.8333740234375], [1637.5, 1147.0], [1626.5, 1202.0], [1554.5, 1119.5], [2172.5, 937.8333129882812], [2171.166748046875, 897.8333129882812], [2016.5, 974.5], [1895.166748046875, 1017.8333129882812], [1798.5, 1037.8333740234375], [1704.5, 1051.5], [1625.5, 1059.5], [1545.5, 1060.5]]",
Non_Laying_Parents,Left,lx025xll247-v1_l,Landmarked_Non_Laying_Parents/marked_tiff/Left/LX025xLL247-V1_L_MARK.tif,Landmarked_Non_Laying_Parents/txt/Left/LX025xLL247-V1_L.txt,Raw_Images/Non_Laying_Parents/LX025xLL247-V1_L.tif,Non_Laying_Parents,32,32,roi,3840,2160,"[[2431.0, 915.0], [2482.5, 1112.5], [2361.5, 1225.5], [2148.5, 1201.5], [2008.5, 1200.5], [1894.5, 1212.1666259765625], [1777.8333740234375, 1228.1666259765625], [1700.5, 1232.1666259765625], [1631.1666259765625, 1239.5], [1567.8333740234375, 1240.8333740234375], [1473.5, 1212.5], [1401.5, 1143.5], [1331.5, 1063.5], [2003.5, 1036.5], [1933.5, 1090.5], [1874.5, 1088.5], [1826.5, 1130.5], [1773.5, 1113.5], [1746.5, 1161.5], [1691.5, 1136.5], [1672.5, 1181.5], [1621.5, 1142.5], [1601.5, 1195.5], [1540.5, 1116.5], [2164.5, 947.5], [2163.5, 887.5], [2000.0, 973.0], [1866.5, 1016.5], [1763.5, 1035.5], [1684.5, 1044.5], [1610.5, 1049.5], [1537.5, 1053.5]]",
Non_Laying_Parents,Left,np068xpx013-1_l,Landmarked_Non_Laying_Parents/marked_tiff/Left/NP068xPX013-1_L_MARK.tif,Landmarked_Non_Laying_Parents/txt/Left/NP068xPX013-1_L.txt,Raw_Images/Non_Laying_Parents/NP068xPX013-1_L.tif,Non_Laying_Parents,32,32,roi,3840,2160,"[[2378.0, 904.0], [2469.5, 1127.5], [2358.5, 1208.5], [2082.5, 1168.5], [1953.5, 1178.1666259765625], [1850.8333740234375, 1194.1666259765625], [1770.8333740234375, 1207.5], [1705.5, 1214.1666259765625], [1626.8333740234375, 1211.5], [1564.5, 1203.5], [1492.0, 1170.5], [1433.5, 1100.5], [1397.0, 1033.5], [1961.0, 1053.5], [1900.0, 1096.0], [1855.0, 1093.0], [1814.0, 1135.5], [1764.5, 1113.5], [1748.0, 1174.0], [1684.5, 1127.5], [1671.5, 1176.5], [1618.8333740234375, 1137.1666259765625], [1585.5, 1156.5], [1538.1666259765625, 1095.8333740234375], [2115.5, 957.5], [2115.5, 908.5], [1959.5, 990.1666870117188], [1852.5, 1024.1666259765625], [1763.0, 1038.5], [1680.8333740234375, 1045.5], [1616.8333740234375, 1046.5], [1535.8333740234375, 1044.5]]",
Non_Laying_Parents,Left,np073xpx013-2_l,Landmarked_Non_Laying_Parents/marked_tiff/Left/NP073xPX013-2_L_MARK.tif,Landmarked_Non_Laying_Parents/txt/Left/NP073xPX013-2_L.txt,Raw_Images/Non_Laying_Parents/NP073xPX013-2_L.tif,Non_Laying_Parents,32,32,roi,3840,2160,"[[2425.0, 879.0], [2499.5, 1114.5], [2382.5, 1206.5], [2104.5, 1174.5], [1991.5, 1190.5], [1886.5, 1202.5], [1798.5, 1214.5], [1733.1666259765625, 1214.8333740234375], [1657.1666259765625, 1213.5], [1601.1666259765625, 1206.8333740234375], [1527.5, 1170.5], [1469.0, 1102.0], [1426.0, 1035.0], [1993.5, 1053.5], [1936.0, 1096.0], [1892.0, 1083.5], [1861.5, 1152.5], [1803.0, 1110.5], [1785.0, 1175.0], [1723.5, 1126.0], [1715.5, 1180.0], [1660.5, 1136.8333740234375], [1633.8333740234375, 1168.1666259765625], [1586.5, 1092.8333740234375], [2152.0, 953.5], [2152.5, 913.0], [1993.0, 995.0], [1891.5, 1026.5], [1800.25, 1042.5], [1714.8333740234375, 1049.1666259765625], [1655.8333740234375, 1050.1666259765625], [1582.1666259765625, 1047.8333740234375]]",
Non_Laying_Parents,Left,np073xpx013-3_l,Landmarked_Non_Laying_Parents/marked_tiff/Left/NP073xPX013-3_L_MARK.tif,Landmarked_Non_Laying_Parents/txt/Left/NP073xPX013-3_L.txt,Raw_Images/Non_Laying_Parents/NP073xPX013-3_L.tif,Non_Laying_Parents,32,32,roi,3840,2160,"[[2437.0, 899.0], [2505.5, 1114.5], [2398.5, 1198.5], [2089.5, 1177.5], [1963.5, 1188.5], [1864.5, 1202.5], [1783.5, 1222.5], [1702.5, 1223.5], [1613.5, 1218.5], [1554.0, 1210.5], [1488.1666259765625, 1173.5], [1438.5, 1109.8333740234375], [1405.5, 1040.0], [1977.5, 1058.5], [1919.0, 1104.0], [1862.0, 1100.0], [1833.5, 1155.0], [1774.0, 1122.0], [1757.5, 1188.0], [1696.5, 1136.0], [1683.0, 1195.5], [1626.5, 1140.5], [1596.0, 1172.5], [1546.1666259765625, 1098.1666259765625], [2154.0, 956.0], [2152.5, 902.1666870117188], [1970.5, 1001.1666870117188], [1853.1666259765625, 1035.1666259765625], [1761.8333740234375, 1048.5], [1685.8333740234375, 1053.1666259765625], [1615.8333740234375, 1053.1666259765625], [1545.1666259765625, 1048.5]]",
Non_Laying_Parents,Left,np077xnp085-1_l,Landmarked_Non_Laying_Parents/marked_tiff/Left/NP077xNP085-1_L_MARK.tif,Landmarked_Non_Laying_Parents/txt/Left/NP077xNP085-1_L.txt,Raw_Images/Non_Laying_Parents/NP077xNP085-1_L.tif,Non_Laying_Parents,32,32,roi,3840,2160,"[[2457.833251953125, 906.5], [2511.166748046875, 1087.8333740234375], [2383.166748046875, 1206.5], [2114.5, 1183.5], [1980.5, 1197.5], [1883.5, 1215.5], [1795.5, 1233.5], [1714.5, 1238.5], [1629.5, 1241.5], [1573.5, 1231.8333740234375], [1512.8333740234375, 1195.5], [1467.1666259765625, 1140.5], [1428.8333740234375, 1073.1666259765625], [1979.5, 1065.5], [1918.5, 1112.5], [1865.5, 1111.5], [1828.5, 1151.5], [1781.5, 1136.5], [1770.5, 1198.5], [1710.5, 1160.5], [1687.5, 1208.5], [1630.5, 1164.5], [1599.5, 1181.5], [1570.5, 1133.5], [2181.5, 915.5], [2182.0, 868.5], [1975.833251953125, 1005.5], [1863.1666259765625, 1046.1666259765625], [1777.8333740234375, 1063.5], [1700.5, 1074.1666259765625], [1628.5, 1077.5], [1572.5, 1078.8333740234375]]",
Non_Laying_Parents,Left,np078xnp060-v2_l,Landmarked_Non_Laying_Parents/marked_tiff/Left/NP078xNP060-V2_L_MARK.tif,Landmarked_Non_Laying_Parents/txt/Left/NP078xNP060-V2_L.txt,Raw_Images/Non_Laying_Parents/NP078xNP060-V2_L.tif,Non_Laying_Parents,32,32,roi,3840,2160,"[[2417.0, 895.0], [2498.5, 1104.5], [2370.5, 1220.5], [2078.5, 1194.1666259765625], [1957.1666259765625, 1203.5], [1870.5, 1224.1666259765625], [1783.1666259765625, 1240.8333740234375], [1718.5, 1245.5], [1638.5, 1252.5], [1576.5, 1245.5], [1508.0, 1207.0], [1457.0, 1150.5], [1416.0, 1087.0], [1980.833251953125, 1072.5], [1920.8333740234375, 1121.8333740234375], [1869.5, 1116.0], [1840.5, 1167.5], [1790.5, 1142.0], [1770.5, 1203.0], [1716.0, 1162.5], [1698.0, 1215.0], [1644.5, 1172.5], [1619.0, 1198.5], [1561.5, 1132.1666259765625], [2147.833251953125, 965.1666870117188], [2148.5, 914.5], [1977.5, 1010.5], [1866.5, 1048.0], [1785.0, 1064.0], [1707.5, 1074.5], [1636.0, 1081.0], [1556.5, 1084.0]]",
Non_Laying_Parents,Left,np078xpx013-1_l,Landmarked_Non_Laying_Parents/marked_tiff/Left/NP078xPX013-1_L_MARK.tif,Landmarked_Non_Laying_Parents/txt/Left/NP078xPX013-1_L.txt,Raw_Images/Non_Laying_Parents/NP078xPX013-1_L.tif,Non_Laying_Parents,32,32,roi,3840,2160,"[[2406.0, 925.0], [2492.5, 1132.5], [2387.5, 1203.5], [2097.5, 1172.5], [1969.5, 1185.5], [1875.5, 1207.5], [1791.5, 1216.1666259765625], [1723.5, 1229.5], [1647.5, 1233.5], [1582.5, 1225.5], [1511.1666259765625, 1193.8333740234375], [1461.1666259765625, 1143.8333740234375], [1415.8333740234375, 1079.1666259765625], [1979.166748046875, 1069.5], [1920.5, 1124.8333740234375], [1872.5, 1119.5], [1833.1666259765625, 1153.5], [1791.8333740234375, 1140.1666259765625], [1774.5, 1186.8333740234375], [1729.5, 1170.1666259765625], [1711.5, 1203.5], [1654.1666259765625, 1164.1666259765625], [1633.5, 1200.8333740234375], [1568.1666259765625, 1136.8333740234375], [2142.166748046875, 975.1666870117188], [2141.5, 915.8333129882812], [1976.166748046875, 1003.5], [1860.1666259765625, 1036.8333740234375], [1781.5, 1053.5], [1718.1666259765625, 1068.1666259765625], [1643.1666259765625, 1073.5], [1561.5, 1077.5]]",
Non_Laying_Parents,Left,np096xnp060-v4_l,Landmarked_Non_Laying_Parents/marked_tiff/Left/NP096xNP060-V4_L_MARK.tif,Landmarked_Non_Laying_Parents/txt/Left/NP096xNP060-V4_L.txt,Raw_Images/Non_Laying_Parents/NP096xNP060-V4_L.tif,Non_Laying_Parents,32,32,roi,3840,2160,"[[2381.0, 898.0], [2465.5, 1109.5], [2367.5, 1199.5], [2090.5, 1172.5], [1950.5, 1182.5], [1858.5, 1200.5], [1781.5, 1215.5], [1716.5, 1221.5], [1632.5, 1227.5], [1571.0, 1218.5], [1506.5, 1181.5], [1457.0, 1126.0], [1418.0, 1066.0], [1973.5, 1061.5], [1910.0, 1106.5], [1868.5, 1102.5], [1825.5, 1144.5], [1775.5, 1130.5], [1762.0, 1180.0], [1709.5, 1151.0], [1689.5, 1189.5], [1633.5, 1157.0], [1611.8333740234375, 1181.5], [1559.5, 1112.1666259765625], [2120.166748046875, 958.8333129882812], [2119.5, 916.1666870117188], [1969.5, 1000.0], [1862.0, 1033.0], [1769.5, 1051.5], [1704.5, 1061.8333740234375], [1629.1666259765625, 1067.5], [1558.5, 1069.1666259765625]]",
Non_Laying_Parents,Left,np097xnp060-v2_l,Landmarked_Non_Laying_Parents/marked_tiff/Left/NP097xNP060-V2_L_MARK.tif,Landmarked_Non_Laying_Parents/txt/Left/NP097xNP060-V2_L.txt,Raw_Images/Non_Laying_Parents/NP097xNP060-V2_L.tif,Non_Laying_Parents,32,32,roi,3840,2160,"[[2412.0, 902.0], [2498.5, 1097.5], [2417.5, 1186.5], [2133.833251953125, 1167.5], [1993.1666259765625, 1168.1666259765625], [1885.5, 1187.5], [1806.5, 1201.5], [1745.5, 1207.5], [1660.5, 1208.5], [1603.5, 1204.0], [1538.0, 1165.5], [1486.5, 1108.0], [1443.0, 1043.0], [1993.833251953125, 1057.1666259765625], [1932.5, 1107.8333740234375], [1887.1666259765625, 1093.1666259765625], [1860.5, 1127.8333740234375], [1805.8333740234375, 1115.8333740234375], [1768.5, 1149.1666259765625], [1728.5, 1133.1666259765625], [1715.1666259765625, 1178.5], [1660.8333740234375, 1143.5], [1642.1666259765625, 1177.5], [1582.1666259765625, 1102.8333740234375], [2137.166748046875, 966.8333129882812], [2135.833251953125, 926.1666870117188], [1988.5, 993.1666870117188], [1877.8333740234375, 1022.5], [1793.1666259765625, 1037.1666259765625], [1718.5, 1047.8333740234375], [1652.5, 1049.8333740234375], [1576.5, 1048.5]]",
Non_Laying_Parents,Left,np097xnp077-1_l,Landmarked_Non_Laying_Parents/marked_tiff/Left/NP097xNP077-1_L_MARK.tif,Landmarked_Non_Laying_Parents/txt/Left/NP097xNP077-1_L.txt,Raw_Images/Non_Laying_Parents/NP097xNP077-1_L.tif,Non_Laying_Parents,32,32,roi,3840,2160,"[[2412.0, 877.0], [2492.5, 1056.1666259765625], [2377.833251953125, 1174.1666259765625], [2082.5, 1150.8333740234375], [1952.5, 1163.5], [1846.5, 1180.1666259765625], [1766.5, 1195.5], [1698.5, 1201.5], [1618.5, 1208.5], [1554.5, 1200.5], [1482.5, 1168.5], [1432.5, 1109.0], [1392.0, 1046.5], [1966.833251953125, 1042.1666259765625], [1902.1666259765625, 1096.8333740234375], [1855.5, 1084.1666259765625], [1819.5, 1123.5], [1767.5, 1109.5], [1748.8333740234375, 1162.8333740234375], [1694.8333740234375, 1126.8333740234375], [1668.8333740234375, 1164.1666259765625], [1618.8333740234375, 1137.5], [1590.8333740234375, 1154.8333740234375], [1540.5, 1094.5], [2140.166748046875, 940.8333129882812], [2138.833251953125, 882.8333129882812], [1963.5, 980.5], [1849.0, 1013.0], [1759.8333740234375, 1029.8333740234375], [1684.5, 1039.0], [1608.0, 1043.5], [1535.0, 1045.0]]",
Non_Laying_Parents,Left,px013xnp060-v2_l,Landmarked_Non_Laying_Parents/marked_tiff/Left/PX013xNP060-V2_L_MARK.tif,Landmarked_Non_Laying_Parents/txt/Left/PX013xNP060-V2_L.txt,Raw_Images/Non_Laying_Parents/PX013xNP060-V2_L.tif,Non_Laying_Parents,32,32,roi,3840,2160,"[[2417.0, 903.0], [2496.5, 1081.5], [2395.5, 1174.5], [2096.166748046875, 1151.5], [1952.8333740234375, 1165.5], [1858.1666259765625, 1185.5], [1774.1666259765625, 1192.1666259765625], [1698.1666259765625, 1204.1666259765625], [1611.5, 1201.5], [1548.8333740234375, 1189.5], [1483.1666259765625, 1151.5], [1437.1666259765625, 1094.8333740234375], [1397.1666259765625, 1033.5], [1971.5, 1049.1666259765625], [1914.166748046875, 1095.1666259765625], [1866.8333740234375, 1088.5], [1828.8333740234375, 1141.1666259765625], [1776.8333740234375, 1109.1666259765625], [1752.1666259765625, 1161.8333740234375], [1698.8333740234375, 1126.5], [1676.8333740234375, 1172.5], [1630.1666259765625, 1129.8333740234375], [1596.1666259765625, 1149.8333740234375], [1549.5, 1095.1666259765625], [2154.0, 959.5], [2153.0, 898.0], [1970.0, 987.5], [1859.5, 1013.0], [1765.0, 1030.0], [1692.5, 1036.5], [1625.0, 1041.5], [1546.5, 1038.0]]",
Non_Laying_Parents,Left,px013xnp060-v4_l,Landmarked_Non_Laying_Parents/marked_tiff/Left/PX013xNP060-V4_L_MARK.tif,Landmarked_Non_Laying_Parents/txt/Left/PX013xNP060-V4_L.txt,Raw_Images/Non_Laying_Parents/PX013xNP060-V4_L.tif,Non_Laying_Parents,32,32,roi,3840,2160,"[[2403.166748046875, 937.5], [2451.166748046875, 1130.8333740234375], [2349.833251953125, 1198.8333740234375], [2071.166748046875, 1169.5], [1956.5, 1184.1666259765625], [1854.5, 1204.5], [1778.5, 1218.5], [1713.5, 1219.5], [1630.5, 1223.5], [1567.0, 1210.0], [1507.5, 1171.8333740234375], [1456.0, 1114.0], [1412.8333740234375, 1048.8333740234375], [1965.5, 1064.5], [1906.8333740234375, 1115.1666259765625], [1861.5, 1103.1666259765625], [1821.5, 1147.1666259765625], [1776.1666259765625, 1135.1666259765625], [1760.1666259765625, 1177.8333740234375], [1706.8333740234375, 1148.5], [1686.8333740234375, 1188.5], [1638.8333740234375, 1151.1666259765625], [1613.5, 1173.8333740234375], [1558.8333740234375, 1108.5], [2126.0, 981.0], [2127.0, 925.0], [1957.5, 1008.5], [1851.5, 1038.5], [1763.5, 1052.5], [1696.5, 1056.5], [1630.5, 1059.5], [1550.5, 1057.5]]",
Non_Laying_Parents,Left,px013xnp086-1_l,Landmarked_Non_Laying_Parents/marked_tiff/Left/PX013xNP086-1_L_MARK.tif,Landmarked_Non_Laying_Parents/txt/Left/PX013xNP086-1_L.txt,Raw_Images/Non_Laying_Parents/PX013xNP086-1_L.tif,Non_Laying_Parents,32,32,roi,3840,2160,"[[2432.0, 918.0], [2488.833251953125, 1094.1666259765625], [2388.166748046875, 1162.8333740234375], [2083.5, 1140.5], [1959.5, 1154.5], [1853.5, 1172.5], [1764.5, 1188.5], [1691.5, 1193.5], [1610.5, 1194.5], [1551.5, 1182.5], [1490.0, 1152.5], [1444.5, 1094.5], [1407.8333740234375, 1026.8333740234375], [1977.833251953125, 1045.5], [1916.5, 1093.5], [1865.1666259765625, 1084.1666259765625], [1824.5, 1126.1666259765625], [1773.8333740234375, 1096.1666259765625], [1753.8333740234375, 1149.5], [1697.1666259765625, 1110.8333740234375], [1675.1666259765625, 1162.8333740234375], [1629.5, 1123.5], [1598.5, 1153.5], [1544.5, 1084.5], [2173.5, 945.5], [2174.5, 883.5], [1969.5, 976.5], [1855.0, 1004.5], [1766.5, 1022.5], [1686.0, 1031.0], [1620.0, 1033.0], [1541.0, 1033.0]]",
Non_Laying_Parents,Left,px014xnp060-v4_l,Landmarked_Non_Laying_Parents/marked_tiff/Left/PX014xNP060-V4_L_MARK.tif,Landmarked_Non_Laying_Parents/txt/Left/PX014xNP060-V4_L.txt,Raw_Images/Non_Laying_Parents/PX014xNP060-V4_L.tif,Non_Laying_Parents,32,32,roi,3840,2160,"[[2439.0, 909.0], [2496.166748046875, 1075.5], [2384.166748046875, 1202.1666259765625], [2093.833251953125, 1179.5], [1969.1666259765625, 1188.1666259765625], [1861.1666259765625, 1206.8333740234375], [1781.8333740234375, 1219.5], [1715.1666259765625, 1226.8333740234375], [1621.8333740234375, 1228.8333740234375], [1563.5, 1220.5], [1498.5, 1190.0], [1445.5, 1128.5], [1404.5, 1060.0], [1987.5, 1055.5], [1925.0, 1103.5], [1874.5, 1102.0], [1835.0, 1150.5], [1776.0, 1123.5], [1756.0, 1175.0], [1700.0, 1141.5], [1683.8333740234375, 1190.1666259765625], [1633.1666259765625, 1150.8333740234375], [1603.8333740234375, 1166.1666259765625], [1556.5, 1112.1666259765625], [2142.166748046875, 968.5], [2138.5, 916.5], [1983.5, 995.5], [1860.5, 1036.5], [1764.5, 1050.5], [1686.5, 1057.5], [1620.5, 1060.5], [1554.5, 1059.5]]",
Non_Laying_Parents,Left,px014xnp068-v1-2_l,Landmarked_Non_Laying_Parents/marked_tiff/Left/PX014xNP068-V1-2_L_MARK.tif,Landmarked_Non_Laying_Parents/txt/Left/PX014xNP068-V1-2_L.txt,Raw_Images/Non_Laying_Parents/PX014xNP068-V1-2_L.tif,Non_Laying_Parents,32,32,roi,3840,2160,"[[2441.0, 912.0], [2491.5, 1107.5], [2391.5, 1209.5], [2102.166748046875, 1184.1666259765625], [1971.5, 1187.5], [1870.5, 1206.5], [1789.5, 1217.5], [1731.1666259765625, 1226.8333740234375], [1646.5, 1230.1666259765625], [1575.8333740234375, 1219.5], [1506.1666259765625, 1180.8333740234375], [1452.1666259765625, 1116.8333740234375], [1411.1666259765625, 1049.5], [1986.5, 1066.5], [1918.5, 1114.5], [1874.5, 1109.5], [1835.5, 1154.5], [1787.5, 1129.5], [1767.5, 1187.5], [1715.5, 1146.5], [1682.5, 1177.5], [1638.8333740234375, 1144.8333740234375], [1614.1666259765625, 1176.1666259765625], [1556.5, 1112.5], [2150.5, 963.0], [2149.166748046875, 912.5], [1982.5, 1003.5], [1867.5, 1036.0], [1779.0, 1050.0], [1706.8333740234375, 1057.5], [1630.1666259765625, 1057.5], [1554.1666259765625, 1054.1666259765625]]",
Non_Laying_Parents,Left,px014xnp072-1_l,Landmarked_Non_Laying_Parents/marked_tiff/Left/PX014xNP072-1_L_MARK.tif,Landmarked_Non_Laying_Parents/txt/Left/PX014xNP072-1_L.txt,Raw_Images/Non_Laying_Parents/PX014xNP072-1_L.tif,Non_Laying_Parents,32,32,roi,3840,2160,"[[2461.0, 897.0], [2516.833251953125, 1075.5], [2391.5, 1191.5], [2092.5, 1170.5], [1973.5, 1178.5], [1882.5, 1192.5], [1808.1666259765625, 1210.1666259765625], [1738.8333740234375, 1211.5], [1660.1666259765625, 1219.5], [1585.5, 1212.8333740234375], [1519.8333740234375, 1184.8333740234375], [1462.5, 1122.8333740234375], [1415.8333740234375, 1058.1666259765625], [1982.5, 1057.5], [1919.5, 1103.5], [1878.5, 1095.5], [1848.5, 1144.5], [1796.5, 1124.5], [1766.5, 1156.5], [1714.5, 1138.5], [1695.5, 1173.5], [1647.5, 1146.5], [1621.5, 1166.5], [1596.5, 1106.5], [2126.5, 949.5], [2125.5, 913.5], [1978.5, 996.5], [1873.5, 1028.5], [1789.5, 1044.5], [1705.5, 1053.5], [1639.5, 1057.5], [1591.5, 1055.5]]",
Non_Laying_Parents,Left,px014xnp072-2_l,Landmarked_Non_Laying_Parents/marked_tiff/Left/PX014xNP072-2_L_MARK.tif,Landmarked_Non_Laying_Parents/txt/Left/PX014xNP072-2_L.txt,Raw_Images/Non_Laying_Parents/PX014xNP072-2_L.tif,Non_Laying_Parents,32,32,roi,3840,2160,"[[2399.0, 881.0], [2465.5, 1061.5], [2348.5, 1200.5], [2069.5, 1181.5], [1954.5, 1190.5], [1858.8333740234375, 1210.1666259765625], [1781.5, 1224.1666259765625], [1712.8333740234375, 1230.1666259765625], [1633.5, 1234.8333740234375], [1571.8333740234375, 1225.8333740234375], [1501.1666259765625, 1192.5], [1449.1666259765625, 1127.8333740234375], [1401.1666259765625, 1058.5], [1966.166748046875, 1067.1666259765625], [1906.8333740234375, 1105.1666259765625], [1864.1666259765625, 1103.8333740234375], [1830.8333740234375, 1151.8333740234375], [1776.5, 1128.0], [1754.8333740234375, 1180.5], [1699.5, 1144.5], [1690.1666259765625, 1201.1666259765625], [1629.5, 1152.5], [1603.5, 1173.5], [1553.5, 1116.5], [2124.166748046875, 968.5], [2120.166748046875, 913.1666870117188], [1961.5, 1001.1666870117188], [1862.5, 1035.5], [1775.0, 1053.5], [1695.5, 1061.5], [1623.0, 1065.5], [1548.1666259765625, 1064.1666259765625]]",
Non_Laying_Parents,Left,px014xnp072-3a_l,Landmarked_Non_Laying_Parents/marked_tiff/Left/PX014xNP072-3A_L_MARK.tif,Landmarked_Non_Laying_Parents/txt/Left/PX014xNP072-3A_L.txt,Raw_Images/Non_Laying_Parents/PX014xNP072-3A_L.tif,Non_Laying_Parents,32,32,roi,3840,2160,"[[2433.0, 881.0], [2498.166748046875, 1048.8333740234375], [2390.166748046875, 1187.5], [2077.5, 1163.5], [1967.5, 1178.5], [1864.5, 1196.5], [1777.5, 1215.5], [1714.5, 1225.5], [1621.5, 1229.5], [1564.5, 1220.5], [1502.5, 1185.5], [1456.5, 1131.5], [1414.5, 1064.5], [1981.5, 1054.5], [1913.5, 1106.5], [1870.5, 1098.5], [1834.5, 1144.5], [1776.5, 1125.5], [1755.5, 1172.5], [1700.5, 1142.5], [1670.5, 1179.5], [1631.5, 1146.5], [1599.5, 1169.5], [1585.5, 1126.5], [2158.0, 954.0], [2156.5, 902.5], [1972.5, 995.5], [1862.5, 1032.5], [1765.5, 1051.5], [1686.5, 1058.5], [1622.5, 1061.5], [1577.5, 1061.5]]",
Non_Laying_Parents,Left,px014xnp072-6_l,Landmarked_Non_Laying_Parents/marked_tiff/Left/PX014xNP072-6_L_MARK.tif,Landmarked_Non_Laying_Parents/txt/Left/PX014xNP072-6_L.txt,Raw_Images/Non_Laying_Parents/PX014xNP072-6_L.tif,Non_Laying_Parents,32,32,roi,3840,2160,"[[2413.0, 909.0], [2486.5, 1114.5], [2395.5, 1205.5], [2091.5, 1181.8333740234375], [1961.5, 1193.8333740234375], [1870.1666259765625, 1216.5], [1791.5, 1225.8333740234375], [1726.8333740234375, 1235.1666259765625], [1630.5, 1242.5], [1573.5, 1236.5], [1504.8333740234375, 1197.8333740234375], [1452.1666259765625, 1135.1666259765625], [1412.1666259765625, 1071.1666259765625], [1981.5, 1070.5], [1917.5, 1119.1666259765625], [1872.1666259765625, 1115.8333740234375], [1834.8333740234375, 1158.5], [1785.5, 1139.1666259765625], [1767.5, 1185.8333740234375], [1707.5, 1156.5], [1699.5, 1206.5], [1637.5, 1164.5], [1609.5, 1186.5], [1562.5, 1135.5], [2131.5, 969.0], [2130.0, 919.5], [1978.5, 1003.5], [1868.0, 1040.0], [1779.8333740234375, 1058.5], [1702.5, 1067.8333740234375], [1628.5, 1073.8333740234375], [1558.1666259765625, 1075.1666259765625]]",
Non_Laying_Parents,Right,ll280xll288-2_r,Landmarked_Non_Laying_Parents/marked_tiff/Right/LL280xLL288-2_R_MARK.tif,Landmarked_Non_Laying_Parents/txt/Right/LL280xLL288-2_R.txt,Raw_Images/Non_Laying_Parents/LL280xLL288-2_R.tif,Non_Laying_Parents,36,36,roi,3840,2160,"[[1351.0, 913.0], [1347.5, 1143.5], [1556.5, 1222.5], [1734.5, 1194.5], [1859.5, 1204.5], [1983.5, 1211.5], [2085.5, 1222.5], [2157.5, 1223.5], [2224.5, 1237.5], [2292.5, 1235.5], [2428.5, 1211.1666259765625], [2541.5, 1145.8333740234375], [2609.5, 1057.8333740234375], [1837.1666259765625, 1033.8333740234375], [1904.5, 1086.5], [1963.833251953125, 1084.5], [2015.166748046875, 1131.8333740234375], [2073.833251953125, 1115.1666259765625], [2105.166748046875, 1164.5], [2151.166748046875, 1131.8333740234375], [2177.166748046875, 1182.5], [2225.166748046875, 1141.1666259765625], [2251.833251953125, 1179.8333740234375], [2307.166748046875, 1205.8333740234375], [2331.833251953125, 1107.1666259765625], [2399.83349609375, 1173.1666259765625], [2477.83349609375, 1104.5], [2534.5, 1041.8333740234375], [1629.5, 915.5], [1626.5, 844.5], [1836.8333740234375, 958.8333129882812], [1958.833251953125, 1002.5], [2070.0, 1027.0], [2143.5, 1037.0], [2220.5, 1044.5], [2330.0, 1050.0]]",
Non_Laying_Parents,Right,ll280xlx022-3_r,Landmarked_Non_Laying_Parents/marked_tiff/Right/LL280xLX022-3_R_MARK.tif,Landmarked_Non_Laying_Parents/txt/Right/LL280xLX022-3_R.txt,Raw_Images/Non_Laying_Parents/LL280xLX022-3_R.tif,Non_Laying_Parents,36,36,roi,3840,2160,"[[1368.0, 879.0], [1361.5, 1162.5], [1545.5, 1252.5], [1731.1666259765625, 1214.8333740234375], [1864.5, 1218.8333740234375], [1996.5, 1229.5], [2107.166748046875, 1238.8333740234375], [2164.5, 1245.5], [2231.166748046875, 1252.1666259765625], [2301.833251953125, 1256.1666259765625], [2433.16650390625, 1232.1666259765625], [2541.16650390625, 1162.8333740234375], [2623.83349609375, 1061.5], [1848.5, 1048.5], [1918.5, 1104.5], [1981.5, 1098.5], [2027.5, 1148.5], [2083.5, 1128.5], [2117.5, 1178.5], [2162.5, 1143.5], [2183.5, 1200.5], [2234.5, 1157.5], [2259.5, 1200.5], [2311.166748046875, 1230.1666259765625], [2317.166748046875, 1117.5], [2413.0, 1191.0], [2486.5, 1120.0], [2546.0, 1051.0], [1657.0, 939.0], [1656.0, 885.0], [1845.5, 982.5], [1978.833251953125, 1026.5], [2078.166748046875, 1046.5], [2160.166748046875, 1062.5], [2235.0, 1065.5], [2315.5, 1066.5]]",
Non_Laying_Parents,Right,ll285xll279-1_r,Landmarked_Non_Laying_Parents/marked_tiff/Right/LL285xLL279-1_R_MARK.tif,Landmarked_Non_Laying_Parents/txt/Right/LL285xLL279-1_R.txt,Raw_Images/Non_Laying_Parents/LL285xLL279-1_R.tif,Non_Laying_Parents,36,36,roi,3840,2160,"[[1396.0, 929.0], [1415.5, 1194.5], [1591.5, 1260.5], [1755.5, 1212.5], [1873.5, 1211.5], [1985.5, 1227.5], [2091.166748046875, 1237.1666259765625], [2157.833251953125, 1246.5], [2223.166748046875, 1258.8333740234375], [2289.166748046875, 1266.8333740234375], [2406.5, 1244.1666259765625], [2512.5, 1186.8333740234375], [2588.16650390625, 1101.1666259765625], [1849.5, 1047.5], [1916.5, 1092.5], [1970.5, 1094.5], [2010.5, 1140.5], [2071.5, 1130.5], [2108.5, 1173.5], [2151.5, 1149.5], [2177.5, 1198.5], [2223.5, 1163.5], [2245.5, 1200.5], [2297.166748046875, 1236.8333740234375], [2298.5, 1139.5], [2392.5, 1205.5], [2462.5, 1140.8333740234375], [2518.5, 1087.5], [1665.5, 939.5], [1657.5, 860.5], [1843.5, 966.5], [1966.5, 1013.5], [2066.5, 1042.5], [2145.5, 1058.5], [2215.5, 1073.5], [2292.5, 1081.5]]",
Non_Laying_Parents,Right,ll286xll247-v1_r,Landmarked_Non_Laying_Parents/marked_tiff/Right/LL286XLL247-V1_R_MARK.tif,Landmarked_Non_Laying_Parents/txt/Right/LL286XLL247-V1_R.txt,Raw_Images/Non_Laying_Parents/LL286XLL247-V1_R.tif,Non_Laying_Parents,36,36,roi,3840,2160,"[[1407.0, 939.0], [1405.5, 1155.5], [1592.5, 1253.5], [1781.5, 1211.5], [1898.5, 1218.5], [2008.5, 1232.5], [2092.5, 1247.1666259765625], [2173.833251953125, 1255.1666259765625], [2237.833251953125, 1267.1666259765625], [2296.5, 1273.8333740234375], [2415.5, 1262.0], [2531.16650390625, 1195.1666259765625], [2597.83349609375, 1115.1666259765625], [1867.1666259765625, 1048.5], [1927.166748046875, 1096.5], [1983.166748046875, 1097.8333740234375], [2024.5, 1144.5], [2072.5, 1133.8333740234375], [2115.166748046875, 1184.5], [2153.833251953125, 1161.8333740234375], [2183.166748046875, 1209.8333740234375], [2223.166748046875, 1175.1666259765625], [2251.166748046875, 1228.5], [2296.5, 1246.5], [2306.0, 1146.5], [2393.5, 1224.0], [2472.0, 1154.5], [2525.5, 1098.0], [1686.5, 930.5], [1679.5, 858.5], [1860.5, 977.5], [1977.5, 1021.5], [2069.5, 1047.5], [2148.5, 1067.5], [2221.5, 1079.5], [2302.5, 1092.1666259765625]]",
Non_Laying_Parents,Right,ll286xll255-v2_r,Landmarked_Non_Laying_Parents/marked_tiff/Right/LL286xLL255-V2_R_MARK.tif,Landmarked_Non_Laying_Parents/txt/Right/LL286xLL255-V2_R.txt,Raw_Images/Non_Laying_Parents/LL286xLL255-V2_R.tif,Non_Laying_Parents,36,36,roi,3840,2160,"[[1401.0, 950.0], [1372.5, 1175.5], [1520.5, 1242.5], [1696.5, 1206.5], [1822.5, 1215.5], [1951.5, 1235.5], [2049.5, 1246.5], [2115.5, 1257.5], [2187.5, 1271.5], [2249.5, 1282.5], [2374.833251953125, 1266.5], [2485.5, 1211.1666259765625], [2572.83349609375, 1139.1666259765625], [1844.5, 1058.5], [1897.5, 1103.5], [1953.5, 1105.5], [1994.5, 1154.5], [2048.5, 1143.5], [2076.5, 1191.5], [2124.5, 1170.5], [2147.5, 1210.5], [2191.5, 1187.5], [2218.5, 1231.5], [2261.5, 1260.5], [2263.5, 1149.5], [2354.833251953125, 1233.8333740234375], [2442.83349609375, 1179.1666259765625], [2499.5, 1119.1666259765625], [1661.5, 940.5], [1660.0, 881.0], [1841.1666259765625, 983.8333129882812], [1948.5, 1027.1666259765625], [2044.5, 1057.8333740234375], [2118.5, 1074.5], [2191.5, 1091.5], [2266.5, 1101.5]]",
Non_Laying_Parents,Right,ll288xll287-1_r,Landmarked_Non_Laying_Parents/marked_tiff/Right/LL288xLL287-1_R_MARK.tif,Landmarked_Non_Laying_Parents/txt/Right/LL288xLL287-1_R.txt,Raw_Images/Non_Laying_Parents/LL288xLL287-1_R.tif,Non_Laying_Parents,36,36,roi,3840,2160,"[[1385.5, 923.5], [1368.5, 1156.5], [1563.5, 1228.5], [1740.5, 1193.5], [1878.5, 1189.5], [1994.5, 1207.5], [2099.5, 1219.5], [2178.5, 1232.5], [2241.833251953125, 1244.8333740234375], [2313.0, 1248.5], [2430.83349609375, 1222.8333740234375], [2536.5, 1167.0], [2610.83349609375, 1082.8333740234375], [1846.1666259765625, 1052.8333740234375], [1931.166748046875, 1100.8333740234375], [1993.166748046875, 1093.5], [2035.166748046875, 1142.8333740234375], [2093.833251953125, 1120.1666259765625], [2122.5, 1174.1666259765625], [2186.5, 1140.1666259765625], [2205.166748046875, 1187.5], [2253.166748046875, 1153.5], [2274.5, 1191.5], [2322.0, 1222.0], [2314.5, 1123.5], [2405.0, 1175.5], [2478.5, 1123.0], [2540.5, 1073.0], [1662.5, 948.5], [1658.5, 861.0], [1842.8333740234375, 957.8333129882812], [1993.5, 1016.5], [2094.833251953125, 1038.5], [2182.833251953125, 1052.5], [2250.5, 1060.5], [2313.5, 1065.5]]",
Non_Laying_Parents,Right,ll298xll247-v2a_r,Landmarked_Non_Laying_Parents/marked_tiff/Right/LL298xLL247-V2A_R_MARK.tif,Landmarked_Non_Laying_Parents/txt/Right/LL298xLL247-V2A_R.txt,Raw_Images/Non_Laying_Parents/LL298xLL247-V2A_R.tif,Non_Laying_Parents,36,36,roi,3840,2160,"[[1365.0, 958.0], [1376.1666259765625, 1179.1666259765625], [1542.8333740234375, 1241.8333740234375], [1733.5, 1214.8333740234375], [1888.166748046875, 1217.5], [2021.5, 1232.1666259765625], [2112.166748046875, 1240.1666259765625], [2177.5, 1246.8333740234375], [2237.5, 1257.5], [2305.833251953125, 1265.8333740234375], [2441.5, 1245.5], [2550.16650390625, 1184.8333740234375], [2621.83349609375, 1079.1666259765625], [1839.5, 1046.8333740234375], [1911.5, 1105.5], [1968.166748046875, 1094.1666259765625], [2018.833251953125, 1150.8333740234375], [2069.5, 1130.8333740234375], [2112.166748046875, 1177.5], [2165.5, 1146.8333740234375], [2193.5, 1208.5], [2232.5, 1160.5], [2260.5, 1210.5], [2311.166748046875, 1232.1666259765625], [2331.5, 1131.5], [2416.5, 1203.5], [2489.0, 1142.0], [2553.5, 1064.5], [1646.1666259765625, 923.8333129882812], [1645.5, 871.8333129882812], [1838.1666259765625, 974.5], [1967.833251953125, 1020.1666870117188], [2070.5, 1043.5], [2168.0, 1060.0], [2235.0, 1068.5], [2330.5, 1075.5]]",
Non_Laying_Parents,Right,lx025xll247-v1_r,Landmarked_Non_Laying_Parents/marked_tiff/Right/LX025xLL247-V1_R_MARK.tif,Landmarked_Non_Laying_Parents/txt/Right/LX025xLL247-V1_R.txt,Raw_Images/Non_Laying_Parents/LX025xLL247-V1_R.tif,Non_Laying_Parents,36,36,roi,3840,2160,"[[1388.5, 923.8333129882812], [1371.1666259765625, 1146.5], [1524.5, 1233.1666259765625], [1719.5, 1209.5], [1862.5, 1203.5], [1981.5, 1220.5], [2092.5, 1229.5], [2172.5, 1235.5], [2244.5, 1243.5], [2305.5, 1246.5], [2436.5, 1219.8333740234375], [2537.5, 1154.0], [2613.83349609375, 1064.5], [1845.1666259765625, 1045.5], [1916.5, 1102.1666259765625], [1976.5, 1096.8333740234375], [2027.833251953125, 1140.1666259765625], [2082.5, 1128.5], [2117.5, 1172.5], [2166.5, 1145.5], [2195.5, 1184.5], [2245.5, 1153.5], [2271.5, 1191.5], [2314.0, 1221.0], [2314.5, 1121.5], [2407.5, 1180.0], [2483.5, 1109.5], [2536.5, 1056.5], [1677.0, 959.5], [1673.0, 890.0], [1841.0, 975.5], [1974.5, 1020.0], [2080.166748046875, 1045.1666259765625], [2166.5, 1057.5], [2239.0, 1064.5], [2313.5, 1068.0]]",
Non_Laying_Parents,Right,np068xpx013-1_r,Landmarked_Non_Laying_Parents/marked_tiff/Right/NP068xPX013-1_R_MARK.tif,Landmarked_Non_Laying_Parents/txt/Right/NP068xPX013-1_R.txt,Raw_Images/Non_Laying_Parents/NP068xPX013-1_R.tif,Non_Laying_Parents,36,36,roi,3840,2160,"[[1416.5, 928.5], [1372.5, 1139.5], [1527.5, 1229.5], [1754.8333740234375, 1187.5], [1888.166748046875, 1195.5], [1988.166748046875, 1207.5], [2070.833251953125, 1219.5], [2138.833251953125, 1220.8333740234375], [2210.833251953125, 1219.5], [2266.166748046875, 1214.8333740234375], [2356.5, 1181.1666259765625], [2438.83349609375, 1118.8333740234375], [2478.16650390625, 1036.1666259765625], [1869.8333740234375, 1054.1666259765625], [1916.5, 1095.5], [1963.166748046875, 1092.8333740234375], [2002.5, 1149.5], [2047.5, 1118.5], [2078.0, 1183.5], [2125.5, 1131.0], [2146.0, 1178.5], [2191.0, 1139.0], [2218.5, 1163.0], [2264.5, 1188.0], [2268.0, 1108.5], [2332.833251953125, 1144.5], [2387.833251953125, 1089.5], [2420.83349609375, 1022.5], [1686.5, 947.5], [1681.5, 890.5], [1868.0, 995.5], [1961.833251953125, 1031.8333740234375], [2045.166748046875, 1047.8333740234375], [2123.166748046875, 1057.1666259765625], [2179.833251953125, 1059.1666259765625], [2266.0, 1056.5]]",
Non_Laying_Parents,Right,np073xpx013-2_r,Landmarked_Non_Laying_Parents/marked_tiff/Right/NP073xPX013-2_R_MARK.tif,Landmarked_Non_Laying_Parents/txt/Right/NP073xPX013-2_R.txt,Raw_Images/Non_Laying_Parents/NP073xPX013-2_R.tif,Non_Laying_Parents,36,36,roi,3840,2160,"[[1456.0, 919.0], [1411.5, 1120.5], [1545.5, 1224.5], [1806.8333740234375, 1192.5], [1916.1666259765625, 1197.1666259765625], [2020.833251953125, 1209.1666259765625], [2100.833251953125, 1224.5], [2168.166748046875, 1226.5], [2243.833251953125, 1226.5], [2307.0, 1212.5], [2397.0, 1177.5], [2470.5, 1119.5], [2507.5, 1036.8333740234375], [1896.1666259765625, 1058.1666259765625], [1947.5, 1099.5], [1999.5, 1096.1666259765625], [2034.5, 1155.5], [2079.5, 1121.5], [2109.5, 1180.5], [2150.5, 1131.5], [2172.5, 1175.5], [2219.5, 1137.5], [2247.5, 1165.5], [2299.5, 1185.0], [2302.5, 1107.5], [2365.5, 1148.0], [2423.0, 1090.5], [2458.0, 1029.0], [1726.5, 950.0], [1725.0, 891.5], [1892.5, 992.5], [1996.5, 1028.5], [2079.833251953125, 1045.8333740234375], [2148.5, 1052.5], [2215.166748046875, 1055.8333740234375], [2298.5, 1054.5]]",
Non_Laying_Parents,Right,np073xpx013-3_r,Landmarked_Non_Laying_Parents/marked_tiff/Right/NP073xPX013-3_R_MARK.tif,Landmarked_Non_Laying_Parents/txt/Right/NP073xPX013-3_R.txt,Raw_Images/Non_Laying_Parents/NP073xPX013-3_R.tif,Non_Laying_Parents,36,36,roi,3840,2160,"[[1443.0, 893.0], [1387.5, 1074.1666259765625], [1541.5, 1204.8333740234375], [1786.5, 1183.5], [1913.833251953125, 1189.5], [2013.833251953125, 1206.8333740234375], [2085.833251953125, 1216.1666259765625], [2161.166748046875, 1220.8333740234375], [2229.5, 1219.5], [2283.5, 1210.0], [2371.0, 1172.5], [2441.0, 1116.0], [2486.0, 1025.0], [1882.1666259765625, 1041.1666259765625], [1935.5, 1085.1666259765625], [1980.0, 1078.5], [2016.5, 1134.5], [2065.5, 1107.0], [2092.5, 1173.5], [2140.5, 1121.5], [2166.5, 1174.5], [2209.0, 1125.0], [2239.0, 1151.0], [2276.5, 1186.0], [2276.0, 1085.0], [2347.0, 1143.5], [2400.0, 1087.5], [2436.0, 1019.0], [1709.1666259765625, 935.5], [1705.8333740234375, 871.5], [1879.1666259765625, 978.1666870117188], [1977.833251953125, 1014.8333129882812], [2062.5, 1032.5], [2136.0, 1039.5], [2204.5, 1041.5], [2273.0, 1039.0]]",
Non_Laying_Parents,Right,np077xnp085-1_r,Landmarked_Non_Laying_Parents/marked_tiff/Right/NP077xNP085-1_R_MARK.tif,Landmarked_Non_Laying_Parents/txt/Right/NP077xNP085-1_R.txt,Raw_Images/Non_Laying_Parents/NP077xNP085-1_R.tif,Non_Laying_Parents,36,36,roi,3840,2160,"[[1418.8333740234375, 881.8333129882812], [1382.5, 1121.5], [1522.5, 1228.5], [1777.5, 1193.5], [1901.5, 1197.5], [1995.5, 1210.5], [2090.5, 1225.5], [2165.5, 1229.5], [2243.5, 1229.5], [2299.5, 1218.5], [2391.0, 1177.0], [2456.5, 1120.0], [2493.83349609375, 1039.5], [1873.5, 1051.5], [1922.833251953125, 1096.1666259765625], [1972.166748046875, 1103.5], [2020.833251953125, 1146.8333740234375], [2066.833251953125, 1125.5], [2098.166748046875, 1185.5], [2150.833251953125, 1139.5], [2178.166748046875, 1172.8333740234375], [2224.166748046875, 1139.5], [2253.5, 1160.8333740234375], [2297.0, 1192.0], [2299.5, 1110.5], [2361.0, 1147.5], [2405.0, 1094.5], [2438.0, 1033.0], [1712.5, 957.5], [1712.0, 903.0], [1869.5, 996.5], [1972.5, 1031.5], [2064.5, 1048.5], [2145.0, 1057.5], [2219.0, 1060.0], [2297.0, 1058.0]]",
Non_Laying_Parents,Right,np078xnp060-v2_r,Landmarked_Non_Laying_Parents/marked_tiff/Right/NP078xNP060-V2_R_MARK.tif,Landmarked_Non_Laying_Parents/txt/Right/NP078xNP060-V2_R.txt,Raw_Images/Non_Laying_Parents/NP078xNP060-V2_R.tif,Non_Laying_Parents,36,36,roi,3840,2160,"[[1422.0, 904.0], [1382.1666259765625, 1088.8333740234375], [1544.1666259765625, 1209.5], [1780.5, 1175.5], [1906.5, 1179.5], [1988.166748046875, 1186.8333740234375], [2080.833251953125, 1206.8333740234375], [2150.166748046875, 1216.1666259765625], [2221.5, 1218.8333740234375], [2277.5, 1212.8333740234375], [2359.0, 1178.5], [2436.0, 1117.5], [2469.0, 1037.5], [1867.8333740234375, 1050.1666259765625], [1926.5, 1099.5], [1971.166748046875, 1087.5], [2007.833251953125, 1134.1666259765625], [2056.5, 1111.5], [2085.833251953125, 1172.1666259765625], [2126.5, 1130.8333740234375], [2153.833251953125, 1183.5], [2195.5, 1142.5], [2225.5, 1167.5], [2280.5, 1183.1666259765625], [2286.166748046875, 1097.5], [2340.833251953125, 1137.5], [2386.833251953125, 1090.8333740234375], [2416.83349609375, 1029.5], [1693.5, 943.8333129882812], [1690.1666259765625, 873.1666870117188], [1862.0, 979.5], [1964.5, 1016.0], [2053.166748046875, 1035.5], [2123.166748046875, 1044.1666259765625], [2186.5, 1048.8333740234375], [2281.166748046875, 1048.1666259765625]]",
Non_Laying_Parents,Right,np078xpx013-1_r,Landmarked_Non_Laying_Parents/marked_tiff/Right/NP078xPX013-1_R_MARK.tif,Landmarked_Non_Laying_Parents/txt/Right/NP078xPX013-1_R.txt,Raw_Images/Non_Laying_Parents/NP078xPX013-1_R.tif,Non_Laying_Parents,36,36,roi,3840,2160,"[[1413.0, 923.0], [1387.5, 1136.5], [1554.5, 1221.5], [1811.5, 1177.5], [1923.5, 1182.5], [2005.5, 1192.5], [2092.5, 1205.5], [2167.5, 1211.5], [2240.25, 1214.5], [2300.0, 1205.75], [2393.5, 1178.1666259765625], [2472.16650390625, 1117.5], [2508.83349609375, 1039.5], [1877.5, 1055.5], [1931.5, 1097.5], [1982.5, 1090.5], [2023.5, 1140.5], [2071.5, 1120.5], [2107.5, 1161.5], [2153.5, 1132.5], [2181.5, 1159.5], [2220.5, 1142.5], [2242.5, 1165.5], [2303.5, 1166.5], [2302.0, 1097.0], [2368.0, 1139.0], [2420.5, 1088.0], [2454.5, 1029.5], [1708.0, 952.5], [1704.0, 880.5], [1874.1666259765625, 988.1666870117188], [1978.833251953125, 1022.1666870117188], [2068.166748046875, 1040.1666259765625], [2152.833251953125, 1048.1666259765625], [2220.166748046875, 1052.1666259765625], [2300.5, 1049.5]]",
Non_Laying_Parents,Right,np096xnp060-v4_r,Landmarked_Non_Laying_Parents/marked_tiff/Right/NP096xNP060-V4_R_MARK.tif,Landmarked_Non_Laying_Parents/txt/Right/NP096xNP060-V4_R.txt,Raw_Images/Non_Laying_Parents/NP096xNP060-V4_R.tif,Non_Laying_Parents,36,36,roi,3840,2160,"[[1453.0, 895.0], [1416.5, 1106.5], [1537.5, 1215.5], [1813.8333740234375, 1174.1666259765625], [1936.166748046875, 1184.8333740234375], [2033.166748046875, 1198.8333740234375], [2115.166748046875, 1212.1666259765625], [2183.166748046875, 1222.1666259765625], [2251.166748046875, 1227.5], [2319.166748046875, 1220.5], [2406.5, 1188.5], [2478.5, 1135.5], [2521.5, 1058.5], [1904.5, 1057.5], [1956.5, 1095.5], [2007.5, 1098.5], [2047.5, 1136.5], [2091.5, 1120.5], [2126.5, 1174.5], [2169.5, 1137.5], [2185.5, 1193.5], [2238.5, 1148.5], [2264.5, 1181.5], [2319.5, 1196.5], [2328.166748046875, 1107.1666259765625], [2385.5, 1150.1666259765625], [2434.166748046875, 1102.8333740234375], [2472.16650390625, 1046.1666259765625], [1741.8333740234375, 948.1666870117188], [1739.8333740234375, 902.8333129882812], [1901.1666259765625, 990.1666870117188], [2005.5, 1023.5], [2091.5, 1042.5], [2171.5, 1052.5], [2240.5, 1057.5], [2326.5, 1060.5]]",
Non_Laying_Parents,Right,np097xnp060-v2_r,Landmarked_Non_Laying_Parents/marked_tiff/Right/NP097xNP060-V2_R_MARK.tif,Landmarked_Non_Laying_Parents/txt/Right/NP097xNP060-V2_R.txt,Raw_Images/Non_Laying_Parents/NP097xNP060-V2_R.tif,Non_Laying_Parents,36,36,roi,3840,2160,"[[1415.0, 880.0], [1374.5, 1077.5], [1510.5, 1212.5], [1770.5, 1196.5], [1896.5, 1197.5], [2001.5, 1215.5], [2089.5, 1235.5], [2154.5, 1237.5], [2226.166748046875, 1241.1666259765625], [2287.5, 1240.5], [2385.5, 1209.1666259765625], [2466.16650390625, 1147.8333740234375], [2508.16650390625, 1066.5], [1885.8333740234375, 1063.1666259765625], [1932.5, 1105.1666259765625], [1980.833251953125, 1103.5], [2019.5, 1148.5], [2068.166748046875, 1133.8333740234375], [2100.166748046875, 1187.8333740234375], [2147.5, 1149.8333740234375], [2164.166748046875, 1202.5], [2210.166748046875, 1163.8333740234375], [2240.166748046875, 1187.8333740234375], [2290.833251953125, 1211.1666259765625], [2304.166748046875, 1121.8333740234375], [2362.5, 1167.5], [2416.16650390625, 1117.5], [2455.83349609375, 1057.5], [1702.0, 947.5], [1702.5, 896.5], [1884.5, 1002.5], [1977.5, 1034.1666259765625], [2061.5, 1053.5], [2144.833251953125, 1064.1666259765625], [2206.833251953125, 1070.1666259765625], [2302.5, 1073.5]]",
Non_Laying_Parents,Right,np097xnp077-1_r,Landmarked_Non_Laying_Parents/marked_tiff/Right/NP097xNP077-1_R_MARK.tif,Landmarked_Non_Laying_Parents/txt/Right/NP097xNP077-1_R.txt,Raw_Images/Non_Laying_Parents/NP097xNP077-1_R.tif,Non_Laying_Parents,36,36,roi,3840,2160,"[[1391.0, 908.0], [1351.5, 1069.5], [1491.5, 1196.5], [1781.1666259765625, 1156.8333740234375], [1910.5, 1162.1666259765625], [1985.166748046875, 1172.8333740234375], [2087.5, 1188.5], [2165.5, 1195.5], [2243.5, 1196.5], [2300.5, 1184.5], [2397.5, 1149.5], [2466.0, 1091.5], [2500.0, 1014.5], [1868.5, 1040.1666259765625], [1929.833251953125, 1084.1666259765625], [1977.833251953125, 1078.1666259765625], [2009.166748046875, 1116.8333740234375], [2065.833251953125, 1101.5], [2099.166748046875, 1149.5], [2159.833251953125, 1113.5], [2193.166748046875, 1143.5], [2227.0, 1122.0], [2259.5, 1140.0], [2304.0, 1158.0], [2305.5, 1077.5], [2363.5, 1118.5], [2410.0, 1061.0], [2440.5, 1010.0], [1688.8333740234375, 949.8333129882812], [1687.5, 877.8333129882812], [1864.833251953125, 969.8333129882812], [1970.166748046875, 1003.8333129882812], [2062.5, 1015.5], [2152.5, 1022.5], [2218.5, 1024.5], [2302.0, 1026.5]]",
Non_Laying_Parents,Right,px013xnp060-v2_r,Landmarked_Non_Laying_Parents/marked_tiff/Right/PX013xNP060-V2_R_MARK.tif,Landmarked_Non_Laying_Parents/txt/Right/PX013xNP060-V2_R.txt,Raw_Images/Non_Laying_Parents/PX013xNP060-V2_R.tif,Non_Laying_Parents,36,36,roi,3840,2160,"[[1400.0, 874.0], [1361.5, 1107.1666259765625], [1508.1666259765625, 1209.8333740234375], [1754.8333740234375, 1183.1666259765625], [1888.166748046875, 1189.8333740234375], [1985.5, 1201.8333740234375], [2078.833251953125, 1208.5], [2153.5, 1219.1666259765625], [2217.5, 1220.5], [2292.5, 1208.5], [2376.166748046875, 1171.8333740234375], [2462.16650390625, 1103.8333740234375], [2496.5, 1021.0], [1873.833251953125, 1048.1666259765625], [1920.833251953125, 1086.8333740234375], [1971.833251953125, 1084.1666259765625], [2010.833251953125, 1131.8333740234375], [2059.833251953125, 1108.8333740234375], [2085.5, 1175.5], [2130.833251953125, 1121.8333740234375], [2153.5, 1185.1666259765625], [2205.5, 1126.8333740234375], [2224.833251953125, 1179.5], [2292.5, 1177.8333740234375], [2286.5, 1086.5], [2353.0, 1139.5], [2411.5, 1075.0], [2446.0, 1016.5], [1691.1666259765625, 948.5], [1689.8333740234375, 893.8333129882812], [1871.5, 994.1666870117188], [1969.5, 1022.8333129882812], [2058.166748046875, 1040.8333740234375], [2128.166748046875, 1047.5], [2200.166748046875, 1048.8333740234375], [2283.166748046875, 1042.8333740234375]]",
Non_Laying_Parents,Right,px013xnp060-v4_r,Landmarked_Non_Laying_Parents/marked_tiff/Right/PX013xNP060-V4_R_MARK.tif,Landmarked_Non_Laying_Parents/txt/Right/PX013xNP060-V4_R.txt,Raw_Images/Non_Laying_Parents/PX013xNP060-V4_R.tif,Non_Laying_Parents,36,36,roi,3840,2160,"[[1444.0, 929.0], [1408.5, 1106.5], [1548.5, 1194.5], [1804.5, 1170.5], [1930.5, 1178.5], [2032.5, 1196.5], [2097.5, 1207.5], [2175.5, 1212.5], [2258.5, 1211.5], [2314.5, 1200.5], [2394.5, 1164.5], [2475.5, 1105.5], [2523.5, 1024.5], [1896.5, 1052.5], [1942.5, 1097.5], [1989.5, 1092.5], [2036.5, 1133.5], [2086.5, 1119.5], [2121.5, 1166.5], [2164.5, 1132.5], [2195.5, 1155.5], [2238.5, 1139.5], [2270.5, 1154.5], [2315.0, 1166.0], [2314.0, 1093.5], [2376.5, 1122.5], [2425.5, 1070.5], [2464.0, 1016.0], [1709.5, 960.5], [1705.5, 895.0], [1893.5, 993.0], [1990.0, 1024.0], [2084.5, 1040.5], [2159.0, 1047.0], [2235.0, 1049.0], [2311.5, 1046.5]]",
Non_Laying_Parents,Right,px013xnp086-1_r,Landmarked_Non_Laying_Parents/marked_tiff/Right/PX013xNP086-1_R_MARK.tif,Landmarked_Non_Laying_Parents/txt/Right/PX013xNP086-1_R.txt,Raw_Images/Non_Laying_Parents/PX013xNP086-1_R.tif,Non_Laying_Parents,36,36,roi,3840,2160,"[[1415.5, 915.5], [1375.5, 1083.5], [1512.5, 1204.5], [1801.5, 1174.5], [1913.5, 1180.5], [2015.5, 1192.5], [2106.5, 1201.5], [2179.5, 1210.5], [2253.5, 1206.5], [2317.833251953125, 1192.5], [2404.5, 1155.1666259765625], [2474.83349609375, 1094.8333740234375], [2512.5, 1013.5], [1886.5, 1056.5], [1931.5, 1092.5], [1988.5, 1089.5], [2030.5, 1136.5], [2078.5, 1113.5], [2109.5, 1165.5], [2152.5, 1124.5], [2182.5, 1153.8333740234375], [2227.166748046875, 1127.1666259765625], [2257.833251953125, 1143.8333740234375], [2318.5, 1161.8333740234375], [2313.833251953125, 1087.8333740234375], [2381.833251953125, 1111.8333740234375], [2423.83349609375, 1058.5], [2455.83349609375, 1007.8333129882812], [1687.1666259765625, 963.8333129882812], [1685.8333740234375, 894.5], [1881.8333740234375, 991.8333129882812], [1985.166748046875, 1021.8333129882812], [2071.166748046875, 1035.8333740234375], [2146.5, 1040.5], [2219.166748046875, 1043.1666259765625], [2313.5, 1037.5]]",
Non_Laying_Parents,Right,px014xnp060-v4_r,Landmarked_Non_Laying_Parents/marked_tiff/Right/PX014xNP060-V4_R_MARK.tif,Landmarked_Non_Laying_Parents/txt/Right/PX014xNP060-V4_R.txt,Raw_Images/Non_Laying_Parents/PX014xNP060-V4_R.tif,Non_Laying_Parents,36,36,roi,3840,2160,"[[1414.1666259765625, 926.1666870117188], [1386.1666259765625, 1122.1666259765625], [1551.5, 1203.5], [1791.5, 1166.5], [1907.5, 1175.5], [2014.5, 1191.5], [2091.5, 1198.5], [2165.5, 1205.5], [2242.5, 1205.5], [2312.166748046875, 1198.5], [2406.5, 1157.5], [2477.5, 1096.0], [2516.5, 1021.5], [1878.1666259765625, 1048.8333740234375], [1939.5, 1094.1666259765625], [1992.833251953125, 1090.1666259765625], [2034.166748046875, 1131.5], [2080.833251953125, 1112.8333740234375], [2112.0, 1161.0], [2153.0, 1128.5], [2193.0, 1152.5], [2232.5, 1125.5], [2259.0, 1151.5], [2315.0, 1168.5], [2312.5, 1094.5], [2374.0, 1120.0], [2422.5, 1066.5], [2458.5, 1016.0], [1705.0, 956.5], [1701.0, 896.0], [1873.5, 983.5], [1985.5, 1016.1666870117188], [2074.833251953125, 1032.8333740234375], [2146.833251953125, 1038.1666259765625], [2221.5, 1040.5], [2308.5, 1038.5]]",
Non_Laying_Parents,Right,px014xnp068-v1-2_r,Landmarked_Non_Laying_Parents/marked_tiff/Right/PX014xNP068-V1-2_R_MARK.tif,Landmarked_Non_Laying_Parents/txt/Right/PX014xNP068-V1-2_R.txt,Raw_Images/Non_Laying_Parents/PX014xNP068-V1-2_R.tif,Non_Laying_Parents,36,36,roi,3840,2160,"[[1424.0, 926.0], [1401.8333740234375, 1117.1666259765625], [1561.1666259765625, 1225.8333740234375], [1815.1666259765625, 1195.8333740234375], [1932.5, 1202.5], [2032.166748046875, 1221.5], [2105.5, 1234.8333740234375], [2170.833251953125, 1240.1666259765625], [2241.5, 1238.8333740234375], [2312.5, 1228.5], [2400.833251953125, 1194.1666259765625], [2471.5, 1131.5], [2516.83349609375, 1045.5], [1895.5, 1067.5], [1944.5, 1114.5], [1995.5, 1110.5], [2030.5, 1155.5], [2080.5, 1135.5], [2111.5, 1188.5], [2154.5, 1144.5], [2182.5, 1186.5], [2224.5, 1153.5], [2256.5, 1173.5], [2305.5, 1196.5], [2306.833251953125, 1120.8333740234375], [2372.166748046875, 1154.8333740234375], [2424.833251953125, 1100.1666259765625], [2460.83349609375, 1038.1666259765625], [1716.1666259765625, 977.5], [1710.8333740234375, 912.8333129882812], [1891.5, 1009.1666870117188], [1990.166748046875, 1039.8333740234375], [2072.833251953125, 1054.5], [2152.166748046875, 1063.1666259765625], [2224.5, 1064.5], [2302.5, 1062.5]]",
Non_Laying_Parents,Right,px014xnp072-1_r,Landmarked_Non_Laying_Parents/marked_tiff/Right/PX014xNP072-1_R_MARK.tif,Landmarked_Non_Laying_Parents/txt/Right/PX014xNP072-1_R.txt,Raw_Images/Non_Laying_Parents/PX014xNP072-1_R.tif,Non_Laying_Parents,36,36,roi,3840,2160,"[[1459.0, 892.0], [1388.5, 1099.5], [1520.5, 1217.5], [1816.5, 1191.5], [1906.5, 1192.5], [2007.5, 1204.5], [2081.5, 1213.5], [2153.5, 1220.5], [2234.5, 1224.5], [2304.5, 1215.5], [2396.5, 1180.5], [2476.5, 1120.5], [2528.5, 1036.5], [1889.5, 1057.5], [1946.5, 1098.5], [1990.5, 1099.5], [2031.5, 1146.5], [2073.5, 1118.5], [2108.5, 1170.5], [2154.5, 1134.5], [2177.5, 1184.5], [2223.5, 1142.5], [2255.5, 1160.5], [2304.5, 1190.5], [2309.5, 1103.5], [2373.5, 1142.5], [2431.5, 1087.5], [2477.5, 1027.5], [1722.1666259765625, 960.1666870117188], [1720.8333740234375, 909.5], [1886.8333740234375, 997.8333129882812], [1987.5, 1027.8333740234375], [2068.166748046875, 1041.8333740234375], [2146.166748046875, 1052.5], [2217.5, 1051.5], [2308.5, 1052.5]]",
Non_Laying_Parents,Right,px014xnp072-2_r,Landmarked_Non_Laying_Parents/marked_tiff/Right/PX014xNP072-2_R_MARK.tif,Landmarked_Non_Laying_Parents/txt/Right/PX014xNP072-2_R.txt,Raw_Images/Non_Laying_Parents/PX014xNP072-2_R.tif,Non_Laying_Parents,36,36,roi,3840,2160,"[[1412.8333740234375, 926.8333129882812], [1382.1666259765625, 1109.5], [1523.5, 1217.5], [1793.5, 1186.5], [1922.5, 1191.5], [2015.5, 1208.5], [2090.5, 1216.5], [2163.5, 1222.5], [2236.166748046875, 1222.8333740234375], [2306.5, 1211.5], [2398.833251953125, 1173.8333740234375], [2470.83349609375, 1113.1666259765625], [2507.83349609375, 1031.1666259765625], [1875.1666259765625, 1069.1666259765625], [1941.833251953125, 1114.5], [1983.833251953125, 1106.5], [2025.166748046875, 1147.1666259765625], [2073.833251953125, 1127.1666259765625], [2105.166748046875, 1177.1666259765625], [2153.166748046875, 1140.5], [2181.5, 1169.5], [2226.5, 1141.5], [2250.5, 1162.5], [2309.0, 1183.0], [2308.5, 1101.5], [2368.833251953125, 1137.1666259765625], [2421.5, 1081.1666259765625], [2456.16650390625, 1022.5], [1704.1666259765625, 975.1666870117188], [1700.1666259765625, 919.8333129882812], [1870.8333740234375, 996.5], [1979.5, 1028.5], [2068.5, 1046.0], [2144.0, 1052.0], [2218.166748046875, 1053.8333740234375], [2300.5, 1049.5]]",
Non_Laying_Parents,Right,px014xnp072-3a_r,Landmarked_Non_Laying_Parents/marked_tiff/Right/PX014xNP072-3A_R_MARK.tif,Landmarked_Non_Laying_Parents/txt/Right/PX014xNP072-3A_R.txt,Raw_Images/Non_Laying_Parents/PX014xNP072-3A_R.tif,Non_Laying_Parents,36,36,roi,3840,2160,"[[1417.1666259765625, 898.1666870117188], [1374.5, 1120.8333740234375], [1518.5, 1211.5], [1802.5, 1165.5], [1928.5, 1175.5], [2036.5, 1195.5], [2102.5, 1197.5], [2178.5, 1203.5], [2262.5, 1205.5], [2325.5, 1193.5], [2403.5, 1158.5], [2470.5, 1099.5], [2519.5, 1015.5], [1875.5, 1044.1666259765625], [1943.5, 1088.8333740234375], [2001.5, 1090.1666259765625], [2035.5, 1119.5], [2085.5, 1106.8333740234375], [2114.166748046875, 1156.8333740234375], [2165.5, 1123.5], [2197.5, 1144.8333740234375], [2243.5, 1120.1666259765625], [2272.166748046875, 1142.1666259765625], [2328.5, 1157.0], [2293.5, 1094.1666259765625], [2379.5, 1117.0], [2422.0, 1069.5], [2463.0, 1009.5], [1715.0, 953.0], [1713.5, 891.5], [1873.0, 975.0], [1999.0, 1015.5], [2080.0, 1029.0], [2161.0, 1036.5], [2239.5, 1036.5], [2289.5, 1034.5]]",
Non_Laying_Parents,Right,px014xnp072-6_r,Landmarked_Non_Laying_Parents/marked_tiff/Right/PX014xNP072-6_R_MARK.tif,Landmarked_Non_Laying_Parents/txt/Right/PX014xNP072-6_R.txt,Raw_Images/Non_Laying_Parents/PX014xNP072-6_R.tif,Non_Laying_Parents,36,36,roi,3840,2160,"[[1422.0, 897.0], [1376.8333740234375, 1118.1666259765625], [1538.1666259765625, 1220.8333740234375], [1793.5, 1190.5], [1912.5, 1195.5], [2006.5, 1209.5], [2085.5, 1221.5], [2161.5, 1228.5], [2239.833251953125, 1233.1666259765625], [2305.833251953125, 1222.5], [2401.83349609375, 1185.8333740234375], [2473.83349609375, 1123.8333740234375], [2516.5, 1045.5], [1875.8333740234375, 1058.1666259765625], [1939.833251953125, 1104.8333740234375], [1981.166748046875, 1103.5], [2025.833251953125, 1148.8333740234375], [2075.833251953125, 1126.1666259765625], [2108.5, 1171.5], [2157.5, 1144.5], [2190.5, 1162.5], [2228.5, 1148.5], [2257.5, 1162.5], [2315.833251953125, 1187.1666259765625], [2273.0, 1119.5], [2373.166748046875, 1145.1666259765625], [2425.83349609375, 1090.5], [2465.16650390625, 1035.8333740234375], [1718.1666259765625, 964.1666870117188], [1711.5, 910.1666870117188], [1870.1666259765625, 994.8333129882812], [1976.166748046875, 1028.8333740234375], [2068.5, 1048.0], [2151.5, 1058.0], [2223.0, 1061.5], [2269.5, 1062.0]]",
PBX,Bottom,pbx002v01_b,Landmarked_PBX/marked_tiff/Bottom/PBX002V01_B_MARK.tif,Landmarked_PBX/txt/Bottom/PBX002V01_B.txt,Raw_Images/PBX/PBX002V01_B.tif,PBX,17,18,roi,3840,2160,"[[2490.0, 1041.0], [2333.5, 1037.5], [2276.5, 1036.1666259765625], [2210.166748046875, 1026.5], [2148.833251953125, 1020.5], [2324.0, 1077.625], [2302.5, 1067.25], [2253.833251953125, 1063.8333740234375], [2188.25, 1079.75], [2256.166748046875, 1086.8333740234375], [2307.166748046875, 1084.8333740234375], [2324.0, 1078.125], [2433.5, 1115.0], [2337.166748046875, 1118.1666259765625], [2281.83349609375, 1126.1666259765625], [2218.833251953125, 1134.8333740234375], [2154.166748046875, 1140.8333740234375], [1193.5, 887.5]]",n_mismatch_roi:18
PBX,Bottom,pbx002v04_b,Landmarked_PBX/marked_tiff/Bottom/PBX002V04_B_MARK.tif,Landmarked_PBX/txt/Bottom/PBX002V04_B.txt,Raw_Images/PBX/PBX002V04_B.tif,PBX,17,17,roi,3840,2160,"[[2474.0, 1048.0], [2335.5, 1048.5], [2266.5, 1043.5], [2210.833251953125, 1036.1666259765625], [2146.166748046875, 1031.5], [2316.0, 1098.0], [2313.5, 1085.75], [2256.25, 1084.75], [2205.833251953125, 1093.1666259765625], [2265.833251953125, 1111.8333740234375], [2313.5, 1113.5], [2316.083251953125, 1106.5833740234375], [2410.833251953125, 1146.8333740234375], [2320.833251953125, 1141.8333740234375], [2272.5, 1141.8333740234375], [2216.5, 1147.5], [2150.5, 1159.5]]",
PBX,Bottom,pbx002v05_b,Landmarked_PBX/marked_tiff/Bottom/PBX002V05_B_MARK.tif,Landmarked_PBX/txt/Bottom/PBX002V05_B.txt,Raw_Images/PBX/PBX002V05_B.tif,PBX,17,17,roi,3840,2160,"[[2488.0, 1046.0], [2318.0, 1048.0], [2266.0, 1042.0], [2207.0, 1036.5], [2138.5, 1029.5], [2292.666748046875, 1095.8333740234375], [2302.333251953125, 1082.3333740234375], [2238.333251953125, 1081.8333740234375], [2177.833251953125, 1093.1666259765625], [2243.166748046875, 1105.5], [2286.166748046875, 1103.8333740234375], [2292.708251953125, 1096.0416259765625], [2421.166748046875, 1145.5], [2311.166748046875, 1144.8333740234375], [2263.166748046875, 1146.1666259765625], [2206.5, 1152.8333740234375], [2145.166748046875, 1155.5]]",
PBX,Bottom,pbx002v06_b,Landmarked_PBX/marked_tiff/Bottom/PBX002V06_B_MARK.tif,Landmarked_PBX/txt/Bottom/PBX002V06_B.txt,Raw_Images/PBX/PBX002V06_B.tif,PBX,17,17,roi,3840,2160,"[[2487.0, 1046.0], [2282.833251953125, 1043.1666259765625], [2213.5, 1033.1666259765625], [2146.166748046875, 1026.5], [2073.5, 1022.5], [2298.166748046875, 1086.8333740234375], [2256.5, 1074.8333740234375], [2194.166748046875, 1072.8333740234375], [2184.5, 1084.8333740234375], [2195.5, 1092.1666259765625], [2267.833251953125, 1090.5], [2298.166748046875, 1087.0833740234375], [2424.166748046875, 1112.1666259765625], [2287.833251953125, 1130.1666259765625], [2219.833251953125, 1135.5], [2154.833251953125, 1144.5], [2072.5, 1154.5]]",
PBX,Bottom,pbx002v07_b,Landmarked_PBX/marked_tiff/Bottom/PBX002V07_B_MARK.tif,Landmarked_PBX/txt/Bottom/PBX002V07_B.txt,Raw_Images/PBX/PBX002V07_B.tif,PBX,17,17,roi,3840,2160,"[[2505.0, 1036.0], [2353.0, 1036.0], [2286.0, 1032.5], [2226.5, 1024.0], [2154.0, 1022.0], [2316.0, 1076.0], [2326.0, 1066.0], [2266.0, 1060.5], [2188.75, 1075.5], [2263.5, 1088.5], [2308.5, 1084.5], [2316.0, 1076.5], [2445.5, 1111.0], [2335.5, 1117.0], [2290.0, 1124.0], [2229.5, 1133.5], [2171.5, 1142.5]]",
PBX,Bottom,pbx002v08_b,Landmarked_PBX/marked_tiff/Bottom/PBX002V08_B_MARK.tif,Landmarked_PBX/txt/Bottom/PBX002V08_B.txt,Raw_Images/PBX/PBX002V08_B.tif,PBX,17,17,roi,3840,2160,"[[2526.0, 1037.0], [2337.5, 1041.5], [2275.5, 1041.5], [2216.0, 1035.0], [2149.0, 1027.0], [2304.5, 1092.5], [2298.5, 1081.0], [2235.0, 1077.5], [2163.0, 1089.0], [2237.0, 1099.5], [2294.5, 1102.5], [2304.5, 1094.0], [2455.5, 1109.5], [2313.5, 1124.1666259765625], [2268.833251953125, 1131.1666259765625], [2216.166748046875, 1138.8333740234375], [2159.833251953125, 1149.1666259765625]]",
PBX,Bottom,pbx002v10_b,Landmarked_PBX/marked_tiff/Bottom/PBX002V10_B_MARK.tif,Landmarked_PBX/txt/Bottom/PBX002V10_B.txt,Raw_Images/PBX/PBX002V10_B.tif,PBX,17,17,roi,3840,2160,"[[2489.833251953125, 1039.1666259765625], [2337.0, 1037.5], [2279.5, 1034.0], [2211.5, 1027.5], [2146.0, 1024.5], [2293.166748046875, 1080.8333740234375], [2248.666748046875, 1066.1666259765625], [2187.333251953125, 1065.0], [2175.166748046875, 1078.5], [2187.833251953125, 1086.8333740234375], [2261.166748046875, 1084.8333740234375], [2293.208251953125, 1081.0416259765625], [2419.5, 1101.8333740234375], [2307.833251953125, 1108.8333740234375], [2270.166748046875, 1119.8333740234375], [2212.833251953125, 1127.5], [2157.5, 1134.1666259765625]]",
PBX,Bottom,pbx002v11_b,Landmarked_PBX/marked_tiff/Bottom/PBX002V11_B_MARK.tif,Landmarked_PBX/txt/Bottom/PBX002V11_B.txt,Raw_Images/PBX/PBX002V11_B.tif,PBX,17,17,roi,3840,2160,"[[2466.0, 1050.0], [2305.5, 1053.1666259765625], [2262.166748046875, 1042.5], [2208.833251953125, 1033.8333740234375], [2145.5, 1027.8333740234375], [2289.125, 1086.875], [2291.833251953125, 1077.1666259765625], [2252.833251953125, 1072.5], [2205.5, 1081.8333740234375], [2255.833251953125, 1095.8333740234375], [2291.833251953125, 1097.1666259765625], [2289.125, 1087.0416259765625], [2403.0, 1111.0], [2304.0, 1119.0], [2265.5, 1125.0], [2209.5, 1135.5], [2148.833251953125, 1145.1666259765625]]",
PBX,Bottom,pbx002v14_b,Landmarked_PBX/marked_tiff/Bottom/PBX002V14_B_MARK.tif,Landmarked_PBX/txt/Bottom/PBX002V14_B.txt,Raw_Images/PBX/PBX002V14_B.tif,PBX,17,17,roi,3840,2160,"[[2460.0, 1055.0], [2271.5, 1042.1666259765625], [2210.166748046875, 1033.5], [2141.5, 1026.8333740234375], [2072.166748046875, 1019.5], [2286.833251953125, 1086.8333740234375], [2252.833251953125, 1076.1666259765625], [2188.0, 1070.0], [2183.5, 1082.0], [2190.5, 1089.25], [2260.75, 1091.25], [2286.833251953125, 1087.1666259765625], [2395.0, 1123.0], [2266.0, 1130.0], [2211.0, 1134.5], [2150.0, 1141.0], [2075.0, 1149.0]]",
PBX,Bottom,pbx002v15_b,Landmarked_PBX/marked_tiff/Bottom/PBX002V15_B_MARK.tif,Landmarked_PBX/txt/Bottom/PBX002V15_B.txt,Raw_Images/PBX/PBX002V15_B.tif,PBX,17,17,roi,3840,2160,"[[2465.0, 1047.5], [2320.5, 1046.5], [2261.5, 1041.0], [2204.5, 1030.5], [2140.833251953125, 1021.8333129882812], [2314.75, 1084.0], [2299.5, 1075.5], [2245.5, 1070.25], [2199.166748046875, 1079.8333740234375], [2254.833251953125, 1088.1666259765625], [2305.833251953125, 1093.1666259765625], [2314.833251953125, 1084.3333740234375], [2399.166748046875, 1111.8333740234375], [2312.25, 1129.0], [2269.5, 1132.75], [2211.25, 1136.25], [2142.25, 1140.25]]",
PBX,Bottom,pbx002v16_b,Landmarked_PBX/marked_tiff/Bottom/PBX002V16_B_MARK.tif,Landmarked_PBX/txt/Bottom/PBX002V16_B.txt,Raw_Images/PBX/PBX002V16_B.tif,PBX,17,17,roi,3840,2160,"[[2524.0, 1054.0], [2348.5, 1051.5], [2281.5, 1045.0], [2220.5, 1038.5], [2151.5, 1029.0], [2334.375, 1092.1875], [2315.5, 1081.5], [2260.0, 1077.5], [2181.5, 1092.0], [2249.0, 1096.5], [2315.5, 1097.5], [2334.375, 1092.28125], [2454.0, 1111.5], [2343.5, 1125.5], [2280.0, 1136.5], [2225.5, 1145.0], [2152.5, 1145.0]]",
PBX,Bottom,pbx002v17_b,Landmarked_PBX/marked_tiff/Bottom/PBX002V17_B_MARK.tif,Landmarked_PBX/txt/Bottom/PBX002V17_B.txt,Raw_Images/PBX/PBX002V17_B.tif,PBX,17,17,roi,3840,2160,"[[2473.5, 1037.8333740234375], [2274.5, 1032.5], [2210.0, 1024.5], [2150.0, 1019.0], [2071.166748046875, 1013.8333129882812], [2298.5, 1078.75], [2254.25, 1070.0], [2184.833251953125, 1068.5], [2147.833251953125, 1078.5], [2184.166748046875, 1084.8333740234375], [2255.5, 1082.8333740234375], [2298.5, 1079.3333740234375], [2406.5, 1108.5], [2269.5, 1121.5], [2215.0, 1134.5], [2151.0, 1140.5], [2074.166748046875, 1151.5]]",
PBX,Bottom,pbx002v18_b,Landmarked_PBX/marked_tiff/Bottom/PBX002V18_B_MARK.tif,Landmarked_PBX/txt/Bottom/PBX002V18_B.txt,Raw_Images/PBX/PBX002V18_B.tif,PBX,17,17,roi,3840,2160,"[[2488.0, 1049.0], [2307.0, 1046.5], [2251.75, 1041.25], [2193.25, 1030.25], [2139.0, 1023.5], [2310.15625, 1085.5625], [2297.0, 1074.5], [2229.5, 1073.0], [2175.5, 1083.0], [2232.833251953125, 1091.1666259765625], [2292.833251953125, 1092.5], [2310.15625, 1085.6875], [2425.0, 1102.0], [2300.5, 1117.8333740234375], [2254.75, 1125.75], [2205.75, 1136.25], [2146.5, 1145.0]]",
PBX,Bottom,pbx002v19_b,Landmarked_PBX/marked_tiff/Bottom/PBX002V19_B_MARK.tif,Landmarked_PBX/txt/Bottom/PBX002V19_B.txt,Raw_Images/PBX/PBX002V19_B.tif,PBX,17,17,roi,3840,2160,"[[2526.0, 1035.0], [2338.166748046875, 1038.1666259765625], [2281.5, 1033.5], [2219.5, 1029.0], [2160.5, 1023.5], [2321.833251953125, 1082.5], [2302.5, 1071.8333740234375], [2247.833251953125, 1067.1666259765625], [2154.5, 1085.0], [2252.833251953125, 1093.1666259765625], [2309.5, 1094.5], [2321.833251953125, 1082.75], [2461.5, 1109.8333740234375], [2347.833251953125, 1118.1666259765625], [2281.5, 1129.8333740234375], [2228.166748046875, 1134.5], [2168.833251953125, 1146.5]]",
PBX,Bottom,pbx002v21_b,Landmarked_PBX/marked_tiff/Bottom/PBX002V21_B_MARK.tif,Landmarked_PBX/txt/Bottom/PBX002V21_B.txt,Raw_Images/PBX/PBX002V21_B.tif,PBX,17,17,roi,3840,2160,"[[2512.0, 1022.0], [2354.833251953125, 1028.5], [2281.5, 1030.1666259765625], [2216.833251953125, 1023.8333129882812], [2150.166748046875, 1019.5], [2324.84375, 1083.375], [2317.833251953125, 1067.5], [2256.5, 1065.5], [2196.833251953125, 1080.1666259765625], [2255.166748046875, 1089.8333740234375], [2311.833251953125, 1091.5], [2324.8125, 1083.34375], [2439.166748046875, 1093.8333740234375], [2329.5, 1109.5], [2278.166748046875, 1117.1666259765625], [2221.5, 1129.8333740234375], [2155.5, 1138.1666259765625]]",
PBX,Bottom,pbx002v22_b,Landmarked_PBX/marked_tiff/Bottom/PBX002V22_B_MARK.tif,Landmarked_PBX/txt/Bottom/PBX002V22_B.txt,Raw_Images/PBX/PBX002V22_B.tif,PBX,17,17,roi,3840,2160,"[[2460.0, 1044.0], [2262.166748046875, 1041.5], [2201.833251953125, 1035.5], [2136.833251953125, 1030.8333740234375], [2070.166748046875, 1029.5], [2282.75, 1085.25], [2246.0, 1074.25], [2179.166748046875, 1076.1666259765625], [2188.75, 1085.5], [2183.333251953125, 1095.6666259765625], [2248.166748046875, 1091.1666259765625], [2282.75, 1085.4166259765625], [2399.166748046875, 1100.8333740234375], [2261.833251953125, 1125.1666259765625], [2210.166748046875, 1136.1666259765625], [2148.833251953125, 1139.5], [2069.5, 1145.8333740234375]]",
PBX,Bottom,pbx002v24_b,Landmarked_PBX/marked_tiff/Bottom/PBX002V24_B_MARK.tif,Landmarked_PBX/txt/Bottom/PBX002V24_B.txt,Raw_Images/PBX/PBX002V24_B.tif,PBX,17,17,roi,3840,2160,"[[2537.833251953125, 1024.8333740234375], [2348.5, 1029.0], [2284.0, 1025.5], [2226.0, 1021.0], [2160.0, 1014.5], [2335.25, 1082.375], [2324.75, 1069.5], [2267.0, 1070.5], [2218.0, 1087.0], [2264.0, 1091.0], [2314.5, 1089.0], [2335.291748046875, 1082.5416259765625], [2475.166748046875, 1101.1666259765625], [2338.5, 1119.8333740234375], [2283.0, 1132.5], [2229.5, 1140.5], [2159.0, 1140.5]]",
PBX,Bottom,pbx002v25_b,Landmarked_PBX/marked_tiff/Bottom/PBX002V25_B_MARK.tif,Landmarked_PBX/txt/Bottom/PBX002V25_B.txt,Raw_Images/PBX/PBX002V25_B.tif,PBX,17,17,roi,3840,2160,"[[2512.5, 1047.5], [2334.0, 1042.0], [2269.5, 1035.5], [2213.0, 1026.5], [2149.5, 1022.5], [2318.0, 1082.0], [2295.25, 1075.0], [2236.75, 1072.5], [2176.0, 1076.5], [2242.5, 1089.5], [2294.0, 1089.5], [2318.0, 1082.25], [2446.5, 1112.5], [2321.0, 1121.0], [2277.0, 1126.0], [2217.0, 1137.5], [2162.5, 1140.5]]",
PBX,Bottom,pbx002v26_b,Landmarked_PBX/marked_tiff/Bottom/PBX002V26_B_MARK.tif,Landmarked_PBX/txt/Bottom/PBX002V26_B.txt,Raw_Images/PBX/PBX002V26_B.tif,PBX,17,17,roi,3840,2160,"[[2548.5, 1063.0], [2358.5, 1057.5], [2295.0, 1055.0], [2225.5, 1051.0], [2165.5, 1044.5], [2344.5, 1108.1666259765625], [2311.0, 1105.0], [2245.166748046875, 1100.8333740234375], [2201.5, 1106.8333740234375], [2246.833251953125, 1109.5], [2307.5, 1109.625], [2344.625, 1111.125], [2486.0, 1129.0], [2348.5, 1140.0], [2294.0, 1153.0], [2235.5, 1160.5], [2178.0, 1164.5]]",
PBX,Bottom,pbx002v28_b,Landmarked_PBX/marked_tiff/Bottom/PBX002V28_B_MARK.tif,Landmarked_PBX/txt/Bottom/PBX002V28_B.txt,Raw_Images/PBX/PBX002V28_B.tif,PBX,17,17,roi,3840,2160,"[[2531.0, 1052.0], [2366.5, 1049.1666259765625], [2304.833251953125, 1045.8333740234375], [2243.5, 1038.8333740234375], [2177.166748046875, 1034.1666259765625], [2346.5, 1105.875], [2325.75, 1103.0], [2270.75, 1096.75], [2208.5, 1100.5], [2269.25, 1105.25], [2324.875, 1109.875], [2346.375, 1109.25], [2471.0, 1131.0], [2351.0, 1141.0], [2294.5, 1149.5], [2241.5, 1155.0], [2184.5, 1158.5]]",
PBX,Bottom,pbx002v31_b,Landmarked_PBX/marked_tiff/Bottom/PBX002V31_B_MARK.tif,Landmarked_PBX/txt/Bottom/PBX002V31_B.txt,Raw_Images/PBX/PBX002V31_B.tif,PBX,17,17,roi,3840,2160,"[[2532.0, 1056.0], [2343.5, 1047.0], [2279.5, 1042.0], [2221.0, 1031.0], [2154.0, 1026.0], [2335.0, 1096.0], [2309.5, 1089.5], [2245.25, 1085.5], [2192.5, 1091.1666259765625], [2248.166748046875, 1093.8333740234375], [2302.875, 1096.125], [2335.125, 1100.0], [2453.166748046875, 1124.5], [2325.5, 1130.5], [2275.833251953125, 1140.5], [2218.166748046875, 1148.1666259765625], [2161.5, 1154.5]]",
PBX,Bottom,pbx002v32_b,Landmarked_PBX/marked_tiff/Bottom/PBX002V32_B_MARK.tif,Landmarked_PBX/txt/Bottom/PBX002V32_B.txt,Raw_Images/PBX/PBX002V32_B.tif,PBX,17,17,roi,3840,2160,"[[2558.0, 1039.0], [2363.166748046875, 1036.5], [2299.166748046875, 1033.8333740234375], [2237.833251953125, 1027.8333740234375], [2167.166748046875, 1025.8333740234375], [2346.0, 1086.0], [2320.0, 1079.5], [2268.5, 1075.25], [2205.0, 1083.5], [2274.0, 1086.25], [2323.25, 1085.0], [2346.0, 1087.0], [2487.833251953125, 1121.8333740234375], [2359.166748046875, 1127.1666259765625], [2302.5, 1133.1666259765625], [2242.166748046875, 1139.5], [2171.833251953125, 1140.5]]",
PBX,Bottom,pbx002v33_b,Landmarked_PBX/marked_tiff/Bottom/PBX002V33_B_MARK.tif,Landmarked_PBX/txt/Bottom/PBX002V33_B.txt,Raw_Images/PBX/PBX002V33_B.tif,PBX,17,17,roi,3840,2160,"[[2445.0, 1055.0], [2316.833251953125, 1047.5], [2268.833251953125, 1042.8333740234375], [2208.5, 1039.1666259765625], [2146.5, 1036.5], [2305.375, 1095.75], [2297.166748046875, 1090.8333740234375], [2252.166748046875, 1085.8333740234375], [2214.833251953125, 1088.8333740234375], [2253.166748046875, 1095.8333740234375], [2299.833251953125, 1098.1666259765625], [2305.375, 1095.9375], [2390.5, 1121.8333740234375], [2307.833251953125, 1134.5], [2267.833251953125, 1138.5], [2213.166748046875, 1145.1666259765625], [2157.166748046875, 1149.8333740234375]]",
PBX,Bottom,pbx002v35_b,Landmarked_PBX/marked_tiff/Bottom/PBX002V35_B_MARK.tif,Landmarked_PBX/txt/Bottom/PBX002V35_B.txt,Raw_Images/PBX/PBX002V35_B.tif,PBX,17,17,roi,3840,2160,"[[2430.0, 1064.0], [2255.5, 1048.0], [2193.5, 1047.0], [2130.5, 1037.5], [2059.5, 1037.0], [2228.166748046875, 1098.25], [2213.166748046875, 1091.5], [2162.166748046875, 1085.5], [2105.75, 1091.25], [2164.833251953125, 1098.5], [2216.5, 1098.5], [2228.25, 1098.5833740234375], [2363.0, 1122.5], [2246.166748046875, 1129.5], [2191.5, 1135.8333740234375], [2133.5, 1143.1666259765625], [2078.166748046875, 1150.1666259765625]]",
PBX,Bottom,pbx002v36_b,Landmarked_PBX/marked_tiff/Bottom/PBX002V36_B_MARK.tif,Landmarked_PBX/txt/Bottom/PBX002V36_B.txt,Raw_Images/PBX/PBX002V36_B.tif,PBX,17,17,roi,3840,2160,"[[2514.0, 1058.0], [2339.0, 1054.0], [2283.0, 1053.5], [2223.0, 1047.5], [2158.0, 1040.5], [2306.166748046875, 1106.3333740234375], [2298.0, 1100.5], [2248.5, 1092.5], [2184.0, 1100.5], [2247.5, 1106.0], [2298.5, 1110.0], [2306.5, 1107.5], [2451.5, 1141.5], [2327.0, 1147.5], [2285.0, 1150.5], [2222.0, 1159.5], [2169.0, 1159.0]]",
PBX,Bottom,pbx004v01_b,Landmarked_PBX/marked_tiff/Bottom/PBX004V01_B_MARK.tif,Landmarked_PBX/txt/Bottom/PBX004V01_B.txt,Raw_Images/PBX/PBX004V01_B.tif,PBX,17,17,roi,3840,2160,"[[2478.5, 1058.5], [2340.5, 1053.5], [2275.5, 1044.5], [2213.5, 1035.5], [2144.5, 1030.5], [2292.5, 1095.5], [2316.5, 1094.1666259765625], [2257.166748046875, 1083.8333740234375], [2173.5, 1085.0], [2255.0, 1097.5], [2306.5, 1102.5], [2292.5, 1095.6875], [2417.833251953125, 1157.1666259765625], [2321.5, 1149.0], [2277.0, 1144.5], [2212.5, 1145.0], [2141.166748046875, 1152.8333740234375]]",
PBX,Bottom,pbx004v05_b,Landmarked_PBX/marked_tiff/Bottom/PBX004V05_B_MARK.tif,Landmarked_PBX/txt/Bottom/PBX004V05_B.txt,Raw_Images/PBX/PBX004V05_B.tif,PBX,17,17,roi,3840,2160,"[[2510.0, 1043.0], [2339.5, 1043.5], [2270.833251953125, 1041.5], [2202.166748046875, 1035.5], [2136.833251953125, 1028.8333740234375], [2279.75, 1093.75], [2294.833251953125, 1085.5], [2233.5, 1080.1666259765625], [2170.166748046875, 1079.5], [2227.5, 1096.1666259765625], [2288.5, 1100.1666259765625], [2279.833251953125, 1094.0833740234375], [2436.833251953125, 1127.5], [2320.166748046875, 1131.5], [2263.5, 1134.5], [2203.5, 1144.8333740234375], [2144.166748046875, 1146.5]]",
PBX,Bottom,pbx005v02_b,,Landmarked_PBX/txt/Bottom/PBX005V02_B.txt,Raw_Images/PBX/PBX005V02_B.tif,PBX,17,17,txt_uncalibrated,,,"[[2.7023, 1.1273], [2.5439, 1.1275], [2.4824, 1.1257], [2.4184, 1.1156], [2.3414, 1.1081], [2.4927, 1.178], [2.5198, 1.1753], [2.4576, 1.1699], [2.3839, 1.176], [2.4597, 1.1811], [2.5151, 1.182], [2.493, 1.1788], [2.63, 1.2236], [2.5307, 1.2271], [2.4784, 1.2296], [2.422, 1.2382], [2.3608, 1.2436]]",no_calibration_for_txt_fallback
PBX,Bottom,pbx005v03_b,Landmarked_PBX/marked_tiff/Bottom/PBX005V03_B_MARK.tif,Landmarked_PBX/txt/Bottom/PBX005V03_B.txt,Raw_Images/PBX/PBX005V03_B.tif,PBX,17,17,roi,3840,2160,"[[2512.0, 1050.0], [2288.833251953125, 1039.5], [2218.166748046875, 1032.8333740234375], [2152.166748046875, 1025.5], [2078.833251953125, 1022.1666870117188], [2280.833251953125, 1091.5], [2246.166748046875, 1082.1666259765625], [2180.166748046875, 1080.8333740234375], [2142.833251953125, 1091.5], [2184.833251953125, 1097.5], [2248.833251953125, 1098.1666259765625], [2280.875, 1092.0], [2442.5, 1135.5], [2280.5, 1139.5], [2216.5, 1145.5], [2152.5, 1151.5], [2089.166748046875, 1152.1666259765625]]",
PBX,Bottom,pbx005v04_b,Landmarked_PBX/marked_tiff/Bottom/PBX005V04_B_MARK.tif,Landmarked_PBX/txt/Bottom/PBX005V04_B.txt,Raw_Images/PBX/PBX005V04_B.tif,PBX,17,17,roi,3840,2160,"[[2535.0, 1042.0], [2359.5, 1045.8333740234375], [2289.5, 1039.8333740234375], [2223.5, 1036.5], [2164.5, 1032.5], [2297.6875, 1101.75], [2316.5, 1097.5], [2250.0, 1095.5], [2190.5, 1099.0], [2244.0, 1108.0], [2310.25, 1107.625], [2297.75, 1101.9375], [2468.5, 1123.1666259765625], [2323.5, 1137.0], [2281.833251953125, 1145.1666259765625], [2227.833251953125, 1152.5], [2168.5, 1155.8333740234375]]",
PBX,Bottom,pbx005v07_b,Landmarked_PBX/marked_tiff/Bottom/PBX005V07_B_MARK.tif,Landmarked_PBX/txt/Bottom/PBX005V07_B.txt,Raw_Images/PBX/PBX005V07_B.tif,PBX,17,17,roi,3840,2160,"[[2563.0, 1041.0], [2363.5, 1032.5], [2282.5, 1032.5], [2227.5, 1025.5], [2166.5, 1020.0], [2334.0, 1091.125], [2318.5, 1078.5], [2252.0, 1074.5], [2212.5, 1088.0], [2254.0, 1096.0], [2318.0, 1096.0], [2334.0, 1091.25], [2494.5, 1122.5], [2348.5, 1133.8333740234375], [2286.5, 1138.5], [2227.166748046875, 1146.5], [2162.166748046875, 1147.1666259765625]]",
PBX,Bottom,pbx005v08_b,Landmarked_PBX/marked_tiff/Bottom/PBX005V08_B_MARK.tif,Landmarked_PBX/txt/Bottom/PBX005V08_B.txt,Raw_Images/PBX/PBX005V08_B.tif,PBX,17,17,roi,3840,2160,"[[2537.0, 1040.0], [2337.5, 1045.5], [2279.5, 1042.5], [2221.5, 1035.5], [2167.5, 1026.5], [2320.166748046875, 1091.3333740234375], [2312.5, 1080.5], [2256.5, 1079.5], [2204.5, 1090.5], [2257.0, 1103.0], [2307.0, 1101.5], [2320.333251953125, 1095.8333740234375], [2473.5, 1121.0], [2327.5, 1128.5], [2277.5, 1137.5], [2223.0, 1143.0], [2165.0, 1146.0]]",
PBX,Bottom,pbx006v02b_b,Landmarked_PBX/marked_tiff/Bottom/PBX006V02b_B_MARK.tif,Landmarked_PBX/txt/Bottom/PBX006V02b_B.txt,Raw_Images/PBX/PBX006V02b_B.tif,PBX,17,17,roi,3840,2160,"[[2489.0, 1053.0], [2342.5, 1047.5], [2282.5, 1047.5], [2222.0, 1042.5], [2154.0, 1037.0], [2292.0, 1096.0], [2320.0, 1084.5], [2263.0, 1085.0], [2194.833251953125, 1094.5], [2251.5, 1099.1666259765625], [2306.166748046875, 1101.8333740234375], [2292.0, 1096.75], [2422.5, 1129.5], [2327.5, 1136.5], [2277.5, 1138.0], [2223.0, 1148.0], [2158.5, 1152.0]]",
PBX,Bottom,pbx006v03_ba,Landmarked_PBX/marked_tiff/Bottom/PBX006V03_Ba_MARK.tif,,,,17,17,roi,3840,2160,"[[2523.0, 1041.0], [2370.5, 1035.5], [2303.0, 1034.0], [2238.5, 1027.0], [2166.5, 1017.0], [2304.0, 1090.0], [2335.5, 1081.5], [2264.5, 1081.5], [2187.0, 1084.5], [2266.5, 1094.0], [2322.5, 1096.5], [2304.0, 1091.0], [2449.0, 1120.5], [2342.0, 1127.5], [2290.5, 1131.5], [2229.0, 1142.0], [2163.0, 1150.5]]",no_raw_match
PBX,Bottom,pbx006v03a_b,,Landmarked_PBX/txt/Bottom/PBX006V03a_B.txt,,,17,17,txt_uncalibrated,,,"[[2.7217, 1.123], [2.5572, 1.117], [2.4844, 1.1154], [2.4148, 1.1079], [2.3371, 1.0971], [2.4854, 1.1758], [2.5194, 1.1667], [2.4428, 1.1667], [2.3592, 1.1699], [2.445, 1.1802], [2.5054, 1.1828], [2.4854, 1.1769], [2.6419, 1.2087], [2.5264, 1.2163], [2.4709, 1.2206], [2.4045, 1.2319], [2.3333, 1.2411]]",no_calibration_for_txt_fallback;no_raw_match
PBX,Bottom,pbx006v04b_b,Landmarked_PBX/marked_tiff/Bottom/PBX006V04b_B_MARK.tif,Landmarked_PBX/txt/Bottom/PBX006V04b_B.txt,Raw_Images/PBX/PBX006V04b_B.tif,PBX,17,17,roi,3840,2160,"[[2468.166748046875, 1064.5], [2328.166748046875, 1055.1666259765625], [2268.166748046875, 1047.1666259765625], [2210.166748046875, 1035.8333740234375], [2147.5, 1029.1666259765625], [2292.166748046875, 1096.5], [2303.5, 1093.5], [2244.833251953125, 1085.8333740234375], [2180.5, 1086.1666259765625], [2248.833251953125, 1094.5], [2304.166748046875, 1100.5], [2292.1875, 1096.6875], [2420.5, 1127.0], [2320.5, 1132.0], [2270.0, 1138.5], [2215.0, 1143.0], [2156.5, 1146.0]]",
PBX,Bottom,pbx006v07_b,Landmarked_PBX/marked_tiff/Bottom/PBX006V07_B_MARK.tif,Landmarked_PBX/txt/Bottom/PBX006V07_B.txt,Raw_Images/PBX/PBX006V07_B.tif,PBX,17,17,roi,3840,2160,"[[2531.0, 1066.0], [2375.5, 1055.5], [2300.5, 1051.5], [2235.5, 1045.5], [2167.5, 1037.5], [2290.0, 1101.0], [2334.833251953125, 1100.5], [2263.166748046875, 1097.5], [2175.5, 1103.0], [2269.0, 1107.5], [2329.5, 1109.0], [2290.0, 1102.0], [2459.0, 1132.5], [2356.5, 1142.5], [2297.5, 1144.0], [2241.5, 1153.5], [2180.5, 1160.0]]",
PBX,Bottom,pbx006v08_b,Landmarked_PBX/marked_tiff/Bottom/PBX006V08_B_MARK.tif,Landmarked_PBX/txt/Bottom/PBX006V08_B.txt,Raw_Images/PBX/PBX006V08_B.tif,PBX,17,17,roi,3840,2160,"[[2529.0, 1053.0], [2352.5, 1049.1666259765625], [2281.833251953125, 1047.8333740234375], [2215.5, 1041.5], [2144.5, 1030.5], [2280.0, 1100.5], [2301.0, 1096.0], [2241.5, 1088.0], [2167.5, 1093.5], [2245.0, 1104.0], [2299.5, 1106.0], [2280.0, 1101.5], [2467.5, 1153.5], [2336.5, 1151.0], [2279.5, 1152.5], [2222.0, 1161.0], [2156.5, 1158.5]]",
PBX,Bottom,pbx006v09_b,Landmarked_PBX/marked_tiff/Bottom/PBX006V09_B_MARK.tif,Landmarked_PBX/txt/Bottom/PBX006V09_B.txt,Raw_Images/PBX/PBX006V09_B.tif,PBX,17,17,roi,3840,2160,"[[2550.0, 1035.0], [2350.833251953125, 1042.1666259765625], [2300.833251953125, 1040.8333740234375], [2236.833251953125, 1040.1666259765625], [2168.833251953125, 1033.5], [2308.166748046875, 1099.5], [2330.166748046875, 1089.5], [2271.5, 1086.8333740234375], [2200.5, 1096.5], [2267.5, 1105.5], [2324.166748046875, 1108.8333740234375], [2308.25, 1100.25], [2481.166748046875, 1129.8333740234375], [2375.166748046875, 1140.5], [2305.166748046875, 1143.1666259765625], [2247.166748046875, 1149.8333740234375], [2177.833251953125, 1154.5]]",
PBX,Bottom,pbx006v11_b,Landmarked_PBX/marked_tiff/Bottom/PBX006V11_B_MARK.tif,Landmarked_PBX/txt/Bottom/PBX006V11_B.txt,Raw_Images/PBX/PBX006V11_B.tif,PBX,17,17,roi,3840,2160,"[[2508.0, 1026.0], [2345.5, 1032.1666259765625], [2286.166748046875, 1034.8333740234375], [2224.166748046875, 1032.8333740234375], [2146.166748046875, 1030.1666259765625], [2339.5, 1087.0], [2316.833251953125, 1084.5], [2253.166748046875, 1083.1666259765625], [2199.5, 1090.5], [2258.166748046875, 1094.1666259765625], [2320.833251953125, 1096.1666259765625], [2340.166748046875, 1096.1666259765625], [2449.5, 1115.75], [2338.5, 1126.75], [2285.5, 1134.75], [2226.0, 1141.5], [2157.0, 1148.5]]",
PBX,Bottom,pbx006v13_b,Landmarked_PBX/marked_tiff/Bottom/PBX006V13_B_MARK.tif,Landmarked_PBX/txt/Bottom/PBX006V13_B.txt,Raw_Images/PBX/PBX006V13_B.tif,PBX,17,17,roi,3840,2160,"[[2508.0, 1038.0], [2335.166748046875, 1031.1666259765625], [2276.5, 1029.1666259765625], [2222.833251953125, 1025.5], [2154.833251953125, 1018.5], [2285.0625, 1088.1875], [2294.25, 1086.25], [2243.5, 1082.5], [2210.75, 1085.5], [2249.5, 1089.75], [2294.75, 1090.75], [2285.0625, 1088.4375], [2440.166748046875, 1118.8333740234375], [2333.5, 1131.5], [2281.5, 1135.5], [2224.833251953125, 1146.1666259765625], [2162.166748046875, 1156.8333740234375]]",
PBX,Bottom,pbx006v14_b,Landmarked_PBX/marked_tiff/Bottom/PBX006V14_B_MARK.tif,Landmarked_PBX/txt/Bottom/PBX006V14_B.txt,Raw_Images/PBX/PBX006V14_B.tif,PBX,17,17,roi,3840,2160,"[[2539.5, 1030.5], [2334.833251953125, 1026.1666259765625], [2277.5, 1022.1666870117188], [2212.166748046875, 1010.8333129882812], [2152.833251953125, 1004.1666870117188], [2303.75, 1080.5], [2288.75, 1076.25], [2232.166748046875, 1071.8333740234375], [2188.0, 1077.0], [2232.5, 1083.5], [2288.833251953125, 1081.5], [2303.75, 1080.875], [2467.5, 1134.5], [2323.5, 1128.5], [2273.5, 1135.5], [2215.0, 1144.5], [2158.5, 1149.0]]",
PBX,Bottom,pbx006v20_b,Landmarked_PBX/marked_tiff/Bottom/PBX006V20_B_MARK.tif,Landmarked_PBX/txt/Bottom/PBX006V20_B.txt,Raw_Images/PBX/PBX006V20_B.tif,PBX,17,17,roi,3840,2160,"[[2508.0, 1040.0], [2324.833251953125, 1035.5], [2270.833251953125, 1032.1666259765625], [2212.833251953125, 1022.8333129882812], [2151.5, 1023.5], [2302.125, 1089.625], [2294.833251953125, 1084.5], [2240.833251953125, 1076.5], [2202.166748046875, 1087.1666259765625], [2239.833251953125, 1090.5], [2292.5, 1090.1666259765625], [2302.25, 1090.0], [2447.5, 1125.8333740234375], [2323.5, 1128.5], [2272.833251953125, 1136.5], [2216.833251953125, 1147.8333740234375], [2154.166748046875, 1149.1666259765625]]",
PBX,Bottom,pbx006v21_b,Landmarked_PBX/marked_tiff/Bottom/PBX006V21_B_MARK.tif,Landmarked_PBX/txt/Bottom/PBX006V21_B.txt,Raw_Images/PBX/PBX006V21_B.tif,PBX,17,17,roi,3840,2160,"[[2469.0, 1029.0], [2322.0, 1030.5], [2266.5, 1033.5], [2205.0, 1029.0], [2142.5, 1027.0], [2308.25, 1087.0], [2295.75, 1086.5], [2237.25, 1082.5], [2215.5, 1085.8333740234375], [2243.5, 1092.1666259765625], [2295.5, 1094.1666259765625], [2308.5, 1095.5], [2418.166748046875, 1128.1666259765625], [2318.833251953125, 1125.5], [2262.833251953125, 1134.8333740234375], [2210.166748046875, 1141.5], [2150.833251953125, 1142.1666259765625]]",
PBX,Bottom,pbx006v22_b,Landmarked_PBX/marked_tiff/Bottom/PBX006V22_B_MARK.tif,Landmarked_PBX/txt/Bottom/PBX006V22_B.txt,Raw_Images/PBX/PBX006V22_B.tif,PBX,17,17,roi,3840,2160,"[[2522.0, 1043.0], [2338.5, 1042.1666259765625], [2274.5, 1039.5], [2212.5, 1036.8333740234375], [2143.833251953125, 1034.8333740234375], [2332.25, 1096.75], [2297.5, 1098.5], [2234.166748046875, 1091.8333740234375], [2194.5, 1094.0], [2235.166748046875, 1097.3333740234375], [2298.5, 1102.75], [2333.25, 1108.25], [2447.833251953125, 1132.8333740234375], [2320.833251953125, 1137.1666259765625], [2267.166748046875, 1138.8333740234375], [2215.0, 1153.0], [2154.0, 1153.5]]",
PBX,Bottom,pbx008v01_b,Landmarked_PBX/marked_tiff/Bottom/PBX008V01_B_MARK.tif,Landmarked_PBX/txt/Bottom/PBX008V01_B.txt,Raw_Images/PBX/PBX008V01_B.tif,PBX,17,17,roi,3840,2160,"[[2524.0, 1040.0], [2388.5, 1038.8333740234375], [2331.166748046875, 1038.1666259765625], [2268.5, 1032.8333740234375], [2215.833251953125, 1023.5], [2311.666748046875, 1089.0], [2354.5, 1088.5], [2293.0, 1085.0], [2181.5, 1089.5], [2356.0, 1099.5], [2287.5, 1095.0], [2311.666748046875, 1089.3333740234375], [2455.5, 1117.5], [2379.5, 1122.5], [2331.5, 1129.5], [2275.5, 1141.0], [2215.0, 1151.5]]",
PBX,Bottom,pbx009v05_b,Landmarked_PBX/marked_tiff/Bottom/PBX009V05_B_MARK.tif,Landmarked_PBX/txt/Bottom/PBX009V05_B.txt,Raw_Images/PBX/PBX009V05_B.tif,PBX,17,17,roi,3840,2160,"[[2502.0, 1029.0], [2328.833251953125, 1031.5], [2275.5, 1031.5], [2214.166748046875, 1026.1666259765625], [2145.5, 1022.8333129882812], [2315.875, 1086.375], [2296.833251953125, 1085.1666259765625], [2239.833251953125, 1081.5], [2183.25, 1082.75], [2240.75, 1088.75], [2298.166748046875, 1089.1666259765625], [2315.875, 1086.75], [2437.5, 1098.25], [2329.0, 1117.0], [2271.0, 1130.0], [2215.5, 1140.1666259765625], [2150.833251953125, 1144.8333740234375]]",
PBX,Bottom,pbx009v07_b,Landmarked_PBX/marked_tiff/Bottom/PBX009V07_B_MARK.tif,Landmarked_PBX/txt/Bottom/PBX009V07_B.txt,Raw_Images/PBX/PBX009V07_B.tif,PBX,17,17,roi,3840,2160,"[[2515.0, 1044.0], [2342.0, 1040.5], [2280.0, 1037.0], [2219.5, 1032.0], [2153.0, 1026.0], [2318.5, 1091.1666259765625], [2303.5, 1088.625], [2240.5, 1084.5], [2185.5, 1088.5], [2248.5, 1095.0], [2303.833251953125, 1092.5], [2318.833251953125, 1095.6666259765625], [2452.0, 1135.5], [2327.5, 1136.5], [2277.5, 1140.5], [2223.0, 1147.0], [2159.5, 1153.5]]",
PBX,Bottom,pbx009v12_b,Landmarked_PBX/marked_tiff/Bottom/PBX009V12_B_MARK.tif,Landmarked_PBX/txt/Bottom/PBX009V12_B.txt,Raw_Images/PBX/PBX009V12_B.tif,PBX,17,17,roi,3840,2160,"[[2481.0, 1041.0], [2321.833251953125, 1039.5], [2267.833251953125, 1037.5], [2205.166748046875, 1032.8333740234375], [2136.5, 1029.5], [2312.833251953125, 1092.1666259765625], [2294.5, 1087.8333740234375], [2246.166748046875, 1083.1666259765625], [2215.166748046875, 1089.5], [2243.5, 1095.5], [2294.5, 1094.5], [2312.8125, 1092.75], [2420.0, 1124.5], [2316.5, 1134.0], [2264.5, 1136.0], [2202.5, 1145.5], [2143.5, 1154.5]]",
PBX,Bottom,pbx009v14_b,Landmarked_PBX/marked_tiff/Bottom/PBX009V14_B_MARK.tif,Landmarked_PBX/txt/Bottom/PBX009V14_B.txt,Raw_Images/PBX/PBX009V14_B.tif,PBX,17,17,roi,3840,2160,"[[2500.5, 1026.5], [2343.5, 1035.5], [2275.5, 1036.5], [2212.5, 1030.5], [2142.5, 1030.5], [2320.166748046875, 1090.5], [2305.833251953125, 1093.3333740234375], [2242.166748046875, 1089.5], [2201.833251953125, 1091.8333740234375], [2242.833251953125, 1097.5], [2306.5, 1097.0], [2321.5, 1097.0], [2439.0, 1127.0], [2325.5, 1130.5], [2274.5, 1138.0], [2215.0, 1145.0], [2151.5, 1145.5]]",
PBX,Bottom,pbx009v17_b,Landmarked_PBX/marked_tiff/Bottom/PBX009V17_B_MARK.tif,Landmarked_PBX/txt/Bottom/PBX009V17_B.txt,Raw_Images/PBX/PBX009V17_B.tif,PBX,17,17,roi,3840,2160,"[[2503.0, 1047.5], [2333.0, 1042.0], [2273.0, 1040.5], [2214.0, 1033.0], [2145.0, 1029.5], [2280.166748046875, 1088.1666259765625], [2301.5, 1088.5], [2238.5, 1081.8333740234375], [2160.833251953125, 1088.1666259765625], [2247.5, 1089.1666259765625], [2305.833251953125, 1092.1666259765625], [2280.125, 1088.21875], [2445.833251953125, 1135.1666259765625], [2330.833251953125, 1128.5], [2278.5, 1131.8333740234375], [2218.833251953125, 1141.8333740234375], [2153.833251953125, 1140.8333740234375]]",
PBX,Bottom,pbx009v18_b,Landmarked_PBX/marked_tiff/Bottom/PBX009V18_B_MARK.tif,Landmarked_PBX/txt/Bottom/PBX009V18_B.txt,Raw_Images/PBX/PBX009V18_B.tif,PBX,17,17,roi,3840,2160,"[[2535.0, 1044.0], [2346.0, 1042.5], [2283.0, 1040.0], [2224.5, 1034.5], [2156.0, 1029.5], [2366.5, 1091.1666259765625], [2309.5, 1088.5], [2252.5, 1086.0], [2220.833251953125, 1088.5], [2253.833251953125, 1092.1666259765625], [2310.166748046875, 1093.5], [2366.833251953125, 1102.5], [2470.166748046875, 1149.5], [2333.166748046875, 1140.1666259765625], [2285.166748046875, 1142.8333740234375], [2226.833251953125, 1155.1666259765625], [2166.166748046875, 1158.5]]",
PBX,Bottom,pbx009v19_b,Landmarked_PBX/marked_tiff/Bottom/PBX009V19_B_MARK.tif,Landmarked_PBX/txt/Bottom/PBX009V19_B.txt,Raw_Images/PBX/PBX009V19_B.tif,PBX,17,17,roi,3840,2160,"[[2510.0, 1030.0], [2333.5, 1025.8333740234375], [2274.833251953125, 1019.5], [2211.166748046875, 1006.8333129882812], [2145.5, 1006.5], [2349.166748046875, 1078.1666259765625], [2306.166748046875, 1077.8333740234375], [2252.166748046875, 1069.8333740234375], [2217.5, 1075.5], [2254.5, 1081.5], [2306.833251953125, 1083.1666259765625], [2350.166748046875, 1089.5], [2438.833251953125, 1111.1666259765625], [2325.833251953125, 1123.1666259765625], [2276.5, 1130.8333740234375], [2213.0, 1138.0], [2151.5, 1137.0]]",
PBX,Bottom,pbx009v20_b,Landmarked_PBX/marked_tiff/Bottom/PBX009V20_B_MARK.tif,Landmarked_PBX/txt/Bottom/PBX009V20_B.txt,Raw_Images/PBX/PBX009V20_B.tif,PBX,17,17,roi,3840,2160,"[[2508.5, 1036.5], [2326.5, 1041.1666259765625], [2271.833251953125, 1039.8333740234375], [2214.5, 1035.1666259765625], [2142.5, 1029.5], [2311.3125, 1099.25], [2301.0, 1099.0], [2247.75, 1091.75], [2196.5, 1097.0], [2251.0, 1101.25], [2301.875, 1101.0], [2311.3125, 1099.3125], [2438.5, 1136.8333740234375], [2325.833251953125, 1145.5], [2271.833251953125, 1150.1666259765625], [2212.5, 1156.8333740234375], [2150.5, 1161.5]]",
PBX,Bottom,pbx009v21_b,Landmarked_PBX/marked_tiff/Bottom/PBX009V21_B_MARK.tif,Landmarked_PBX/txt/Bottom/PBX009V21_B.txt,Raw_Images/PBX/PBX009V21_B.tif,PBX,17,17,roi,3840,2160,"[[2513.0, 1032.0], [2334.5, 1032.5], [2265.833251953125, 1031.8333740234375], [2202.5, 1028.5], [2139.833251953125, 1023.1666870117188], [2301.583251953125, 1088.5], [2289.166748046875, 1084.8333740234375], [2232.166748046875, 1079.1666259765625], [2200.833251953125, 1087.1666259765625], [2232.5, 1086.8333740234375], [2288.916748046875, 1088.9166259765625], [2301.583251953125, 1088.6666259765625], [2407.5, 1113.5], [2318.5, 1124.8333740234375], [2266.5, 1133.5], [2206.166748046875, 1143.5], [2148.5, 1148.5]]",
PBX,Bottom,pbx009v24_b,Landmarked_PBX/marked_tiff/Bottom/PBX009V24_B_MARK.tif,Landmarked_PBX/txt/Bottom/PBX009V24_B.txt,Raw_Images/PBX/PBX009V24_B.tif,PBX,17,17,roi,3840,2160,"[[2520.5, 1034.0], [2342.0, 1040.5], [2277.5, 1038.0], [2221.5, 1029.5], [2153.5, 1023.5], [2320.833251953125, 1089.1666259765625], [2299.833251953125, 1085.1666259765625], [2252.333251953125, 1081.5], [2195.0, 1085.5], [2252.833251953125, 1085.1666259765625], [2299.833251953125, 1088.0], [2320.8125, 1089.21875], [2465.5, 1135.0], [2333.5, 1135.0], [2285.5, 1141.5], [2224.5, 1148.5], [2172.0, 1158.5]]",
PBX,Bottom,pbx009v26_b,Landmarked_PBX/marked_tiff/Bottom/PBX009V26_B_MARK.tif,Landmarked_PBX/txt/Bottom/PBX009V26_B.txt,Raw_Images/PBX/PBX009V26_B.tif,PBX,17,17,roi,3840,2160,"[[2500.0, 1034.0], [2329.5, 1032.5], [2268.0, 1035.5], [2208.5, 1030.5], [2140.5, 1028.0], [2321.625, 1093.375], [2302.0, 1087.5], [2250.0, 1086.0], [2204.0, 1093.5], [2251.5, 1094.5], [2301.5, 1093.5], [2321.75, 1096.5], [2428.833251953125, 1133.8333740234375], [2321.166748046875, 1134.8333740234375], [2263.833251953125, 1141.1666259765625], [2208.5, 1147.1666259765625], [2143.5, 1149.8333740234375]]",
PBX,Bottom,pbx009v27_b,Landmarked_PBX/marked_tiff/Bottom/PBX009V27_B_MARK.tif,Landmarked_PBX/txt/Bottom/PBX009V27_B.txt,Raw_Images/PBX/PBX009V27_B.tif,PBX,17,17,roi,3840,2160,"[[2480.166748046875, 1022.8333129882812], [2340.0, 1030.5], [2272.5, 1029.5], [2218.5, 1026.5], [2141.5, 1024.5], [2323.5, 1088.0], [2308.166748046875, 1084.1666259765625], [2253.5, 1081.0], [2217.5, 1083.0], [2258.666748046875, 1088.5], [2306.833251953125, 1086.5], [2324.0, 1089.0], [2423.5, 1129.0], [2339.0, 1134.5], [2281.5, 1137.0], [2225.0, 1146.5], [2156.5, 1151.0]]",
PBX,Bottom,pbx009v28_b,Landmarked_PBX/marked_tiff/Bottom/PBX009V28_B_MARK.tif,Landmarked_PBX/txt/Bottom/PBX009V28_B.txt,Raw_Images/PBX/PBX009V28_B.tif,PBX,17,17,roi,3840,2160,"[[2509.0, 1033.0], [2331.5, 1028.5], [2272.833251953125, 1026.5], [2213.5, 1023.1666870117188], [2145.5, 1017.1666870117188], [2314.5, 1082.875], [2299.75, 1079.75], [2244.75, 1072.0], [2208.25, 1080.25], [2247.5, 1085.0], [2298.625, 1087.75], [2314.5, 1083.25], [2446.5, 1108.0], [2325.0, 1119.5], [2274.5, 1129.0], [2223.5, 1136.5], [2163.0, 1142.0]]",
PBX,Bottom,pbx009v29_b,Landmarked_PBX/marked_tiff/Bottom/PBX009V29_B_MARK.tif,Landmarked_PBX/txt/Bottom/PBX009V29_B.txt,Raw_Images/PBX/PBX009V29_B.tif,PBX,17,17,roi,3840,2160,"[[2503.0, 1045.0], [2356.833251953125, 1036.5], [2288.833251953125, 1036.5], [2231.5, 1034.5], [2156.833251953125, 1026.5], [2334.75, 1092.25], [2320.5, 1089.1666259765625], [2268.0, 1082.75], [2214.0, 1089.0], [2261.0, 1092.25], [2314.75, 1092.0], [2334.5, 1092.8333740234375], [2438.166748046875, 1128.1666259765625], [2338.5, 1130.5], [2291.5, 1135.1666259765625], [2235.166748046875, 1147.5], [2178.166748046875, 1156.8333740234375]]",
PBX,Bottom,pbx009v30_b,Landmarked_PBX/marked_tiff/Bottom/PBX009V30_B_MARK.tif,Landmarked_PBX/txt/Bottom/PBX009V30_B.txt,Raw_Images/PBX/PBX009V30_B.tif,PBX,17,17,roi,3840,2160,"[[2513.0, 1029.0], [2341.0, 1030.5], [2282.0, 1024.5], [2213.5, 1020.5], [2152.0, 1016.5], [2298.833251953125, 1087.6666259765625], [2308.375, 1083.125], [2245.0, 1077.0], [2200.0, 1080.5], [2246.0, 1086.5], [2304.833251953125, 1089.5], [2298.833251953125, 1087.9166259765625], [2440.0, 1117.5], [2318.0, 1125.5], [2276.5, 1129.5], [2217.0, 1141.5], [2151.5, 1148.5]]",
PBX,Bottom,pbx009v32_b,Landmarked_PBX/marked_tiff/Bottom/PBX009V32_B_MARK.tif,Landmarked_PBX/txt/Bottom/PBX009V32_B.txt,Raw_Images/PBX/PBX009V32_B.tif,PBX,17,17,roi,3840,2160,"[[2513.166748046875, 1042.8333740234375], [2338.166748046875, 1039.5], [2271.166748046875, 1035.8333740234375], [2207.833251953125, 1028.8333740234375], [2151.833251953125, 1024.8333740234375], [2314.25, 1082.5625], [2299.166748046875, 1082.1666259765625], [2232.5, 1075.8333740234375], [2174.5, 1082.8333740234375], [2236.5, 1086.8333740234375], [2299.5, 1083.3333740234375], [2314.1875, 1082.6875], [2455.5, 1118.0], [2329.0, 1121.0], [2270.0, 1128.0], [2217.5, 1138.5], [2174.0, 1144.5]]",
PBX,Bottom,pbx009v33_b,Landmarked_PBX/marked_tiff/Bottom/PBX009V33_B_MARK.tif,Landmarked_PBX/txt/Bottom/PBX009V33_B.txt,Raw_Images/PBX/PBX009V33_B.tif,PBX,17,17,roi,3840,2160,"[[2476.0, 1037.0], [2326.166748046875, 1033.8333740234375], [2263.5, 1027.1666259765625], [2203.5, 1019.1666870117188], [2132.166748046875, 1016.5], [2290.166748046875, 1075.5], [2317.5, 1076.5], [2246.5, 1069.5], [2195.25, 1074.75], [2248.75, 1078.25], [2306.0, 1081.75], [2290.166748046875, 1076.5], [2408.0, 1116.5], [2265.0, 1124.5], [2207.5, 1133.5], [2259.166748046875, 1103.1666259765625], [2146.5, 1135.5]]",
PBX,Bottom,pbx009v35_b,Landmarked_PBX/marked_tiff/Bottom/PBX009V35_B_MARK.tif,Landmarked_PBX/txt/Bottom/PBX009V35_B.txt,Raw_Images/PBX/PBX009V35_B.tif,PBX,17,17,roi,3840,2160,"[[2481.0, 1038.0], [2325.5, 1030.0], [2263.0, 1031.5], [2208.0, 1026.5], [2143.0, 1023.5], [2288.833251953125, 1078.5], [2298.833251953125, 1077.8333740234375], [2243.166748046875, 1072.8333740234375], [2172.5, 1078.1666259765625], [2244.5, 1083.5], [2299.833251953125, 1084.5], [2288.75, 1078.75], [2412.166748046875, 1117.5], [2304.833251953125, 1117.5], [2267.5, 1123.5], [2208.166748046875, 1128.1666259765625], [2140.833251953125, 1138.1666259765625]]",
PBX,Bottom,pbx009v36_b,Landmarked_PBX/marked_tiff/Bottom/PBX009V36_B_MARK.tif,Landmarked_PBX/txt/Bottom/PBX009V36_B.txt,Raw_Images/PBX/PBX009V36_B.tif,PBX,17,17,roi,3840,2160,"[[2515.0, 1025.0], [2340.833251953125, 1023.8333129882812], [2276.833251953125, 1022.5], [2215.5, 1018.0], [2154.0, 1017.5], [2320.875, 1079.875], [2301.166748046875, 1072.5], [2245.166748046875, 1067.8333740234375], [2175.166748046875, 1076.5], [2246.166748046875, 1078.5], [2302.833251953125, 1079.8333740234375], [2321.375, 1083.25], [2456.5, 1131.5], [2331.0, 1123.0], [2280.5, 1127.0], [2228.0, 1140.5], [2166.5, 1149.5]]",
PBX,Bottom,pbx010v02_b,Landmarked_PBX/marked_tiff/Bottom/PBX010V02_B_MARK.tif,Landmarked_PBX/txt/Bottom/PBX010V02_B.txt,Raw_Images/PBX/PBX010V02_B.tif,PBX,17,17,roi,3840,2160,"[[2518.0, 1031.0], [2328.833251953125, 1029.5], [2271.5, 1029.5], [2211.5, 1024.5], [2134.5, 1018.5], [2321.833251953125, 1085.8333740234375], [2290.5, 1083.8333740234375], [2233.833251953125, 1078.8333740234375], [2203.5, 1088.1666259765625], [2240.166748046875, 1091.8333740234375], [2286.833251953125, 1089.1666259765625], [2322.25, 1092.0], [2456.5, 1130.5], [2323.5, 1129.0], [2270.5, 1136.0], [2209.0, 1143.5], [2157.5, 1146.5]]",
PBX,Bottom,pbx011v01_b,Landmarked_PBX/marked_tiff/Bottom/PBX011V01_B_MARK.tif,Landmarked_PBX/txt/Bottom/PBX011V01_B.txt,Raw_Images/PBX/PBX011V01_B.tif,PBX,17,17,roi,3840,2160,"[[2577.0, 1040.0], [2391.5, 1029.8333740234375], [2316.833251953125, 1026.5], [2254.166748046875, 1021.1666870117188], [2186.833251953125, 1019.1666870117188], [2357.0, 1081.6666259765625], [2340.0, 1073.0], [2288.5, 1071.0], [2242.0, 1078.5], [2289.0, 1082.5], [2340.0, 1082.5], [2357.0, 1081.7083740234375], [2504.5, 1125.0], [2366.0, 1123.0], [2313.5, 1128.5], [2259.0, 1135.0], [2201.5, 1147.0]]",
PBX,Bottom,pbx011v03_b,Landmarked_PBX/marked_tiff/Bottom/PBX011V03_B_MARK.tif,Landmarked_PBX/txt/Bottom/PBX011V03_B.txt,Raw_Images/PBX/PBX011V03_B.tif,PBX,17,17,roi,3840,2160,"[[2501.0, 1020.0], [2344.5, 1022.8333129882812], [2283.166748046875, 1024.8333740234375], [2224.5, 1020.8333129882812], [2155.833251953125, 1017.5], [2305.833251953125, 1082.8333740234375], [2334.5, 1078.1666259765625], [2263.166748046875, 1080.1666259765625], [2178.5, 1084.1666259765625], [2263.166748046875, 1087.5], [2319.0, 1086.25], [2305.875, 1083.0], [2433.75, 1106.25], [2324.25, 1118.5], [2288.5, 1126.75], [2231.5, 1137.0], [2161.833251953125, 1146.8333740234375]]",
PBX,Bottom,pbx011v05_b,Landmarked_PBX/marked_tiff/Bottom/PBX011V05_B_MARK.tif,Landmarked_PBX/txt/Bottom/PBX011V05_B.txt,Raw_Images/PBX/PBX011V05_B.tif,PBX,17,17,roi,3840,2160,"[[2556.0, 1040.0], [2358.5, 1031.5], [2290.5, 1025.5], [2225.5, 1021.5], [2156.5, 1013.5], [2377.833251953125, 1085.8333740234375], [2312.5, 1084.8333740234375], [2246.5, 1081.5], [2192.833251953125, 1085.5], [2247.833251953125, 1091.8333740234375], [2312.833251953125, 1090.5], [2377.833251953125, 1101.8333740234375], [2481.166748046875, 1132.5], [2349.0, 1133.5], [2290.0, 1140.0], [2230.0, 1152.0], [2157.5, 1149.5]]",
PBX,Bottom,pbx011v07_b,Landmarked_PBX/marked_tiff/Bottom/PBX011V07_B_MARK.tif,Landmarked_PBX/txt/Bottom/PBX011V07_B.txt,Raw_Images/PBX/PBX011V07_B.tif,PBX,17,17,roi,3840,2160,"[[2544.0, 1035.0], [2375.5, 1027.5], [2289.5, 1026.1666259765625], [2222.166748046875, 1015.8333129882812], [2161.166748046875, 1011.5], [2298.833251953125, 1081.1666259765625], [2330.833251953125, 1081.1666259765625], [2248.166748046875, 1071.5], [2196.166748046875, 1077.5], [2250.166748046875, 1080.8333740234375], [2298.833251953125, 1081.8333740234375], [2325.5, 1087.5], [2479.833251953125, 1108.5], [2358.5, 1115.1666259765625], [2290.833251953125, 1122.8333740234375], [2231.166748046875, 1133.8333740234375], [2180.833251953125, 1139.1666259765625]]",
PBX,Bottom,pbx011v09_b,Landmarked_PBX/marked_tiff/Bottom/PBX011V09_B_MARK.tif,Landmarked_PBX/txt/Bottom/PBX011V09_B.txt,Raw_Images/PBX/PBX011V09_B.tif,PBX,17,17,roi,3840,2160,"[[2538.0, 1037.0], [2342.5, 1034.5], [2277.833251953125, 1032.5], [2217.833251953125, 1025.1666259765625], [2148.5, 1020.5], [2329.875, 1087.375], [2303.166748046875, 1083.1666259765625], [2247.833251953125, 1079.8333740234375], [2200.0, 1083.0], [2247.666748046875, 1083.1666259765625], [2303.875, 1086.875], [2329.75, 1087.625], [2474.5, 1125.5], [2334.166748046875, 1127.1666259765625], [2281.833251953125, 1130.1666259765625], [2221.166748046875, 1144.5], [2155.5, 1151.1666259765625]]",
PBX,Bottom,pbx011v11_b,Landmarked_PBX/marked_tiff/Bottom/PBX011V11_B_MARK.tif,Landmarked_PBX/txt/Bottom/PBX011V11_B.txt,Raw_Images/PBX/PBX011V11_B.tif,PBX,17,17,roi,3840,2160,"[[2539.833251953125, 1000.8333129882812], [2303.833251953125, 1020.8333129882812], [2235.833251953125, 1016.8333129882812], [2161.166748046875, 1016.8333129882812], [2079.833251953125, 1015.5], [2331.5, 1095.5], [2261.5, 1080.0], [2194.5, 1079.0], [2176.5, 1088.5], [2196.0, 1092.5], [2264.5, 1092.0], [2331.5, 1101.5], [2469.833251953125, 1115.1666259765625], [2299.5, 1140.5], [2235.5, 1145.5], [2156.5, 1148.5], [2083.5, 1157.5]]",
PBX,Bottom,pbx011v12_b,Landmarked_PBX/marked_tiff/Bottom/PBX011V12_B_MARK.tif,Landmarked_PBX/txt/Bottom/PBX011V12_B.txt,Raw_Images/PBX/PBX011V12_B.tif,PBX,17,17,roi,3840,2160,"[[2495.0, 1033.0], [2341.0, 1033.0], [2284.0, 1033.0], [2222.5, 1024.0], [2152.5, 1021.0], [2335.0, 1086.5], [2319.0, 1084.0], [2264.666748046875, 1079.3333740234375], [2199.5, 1083.5], [2264.833251953125, 1085.1666259765625], [2319.333251953125, 1088.1666259765625], [2335.333251953125, 1090.6666259765625], [2426.166748046875, 1113.5], [2333.5, 1126.5], [2281.166748046875, 1131.1666259765625], [2227.0, 1142.5], [2162.0, 1140.5]]",
PBX,Bottom,pbx011v14_b,Landmarked_PBX/marked_tiff/Bottom/PBX011V14_B_MARK.tif,Landmarked_PBX/txt/Bottom/PBX011V14_B.txt,Raw_Images/PBX/PBX011V14_B.tif,PBX,17,17,roi,3840,2160,"[[2505.0, 1046.0], [2339.5, 1039.5], [2279.0, 1036.0], [2224.166748046875, 1028.5], [2150.166748046875, 1025.8333740234375], [2353.0, 1083.75], [2319.5, 1084.1666259765625], [2259.833251953125, 1078.8333740234375], [2207.833251953125, 1084.5], [2263.5, 1087.5], [2315.833251953125, 1088.1666259765625], [2353.625, 1088.375], [2440.166748046875, 1123.0], [2333.0, 1126.5], [2283.0, 1134.0], [2228.0, 1147.0], [2159.166748046875, 1151.5]]",
PBX,Bottom,pbx011v16_b,Landmarked_PBX/marked_tiff/Bottom/PBX011V16_B_MARK.tif,Landmarked_PBX/txt/Bottom/PBX011V16_B.txt,Raw_Images/PBX/PBX011V16_B.tif,PBX,17,17,roi,3840,2160,"[[2511.0, 1056.0], [2338.5, 1041.5], [2270.5, 1039.5], [2214.5, 1029.0], [2152.0, 1028.5], [2366.5625, 1087.6875], [2299.75, 1082.75], [2236.5, 1077.25], [2174.5, 1081.5], [2241.5, 1088.5], [2297.5, 1090.0], [2366.166748046875, 1099.0], [2446.5, 1125.75], [2326.25, 1131.5], [2269.5, 1135.5], [2215.5, 1146.0], [2150.5, 1149.5]]",
PBX,Bottom,pbx011v18_b,Landmarked_PBX/marked_tiff/Bottom/PBX011V18_B_MARK.tif,Landmarked_PBX/txt/Bottom/PBX011V18_B.txt,Raw_Images/PBX/PBX011V18_B.tif,PBX,17,17,roi,3840,2160,"[[2490.0, 1040.0], [2331.5, 1032.5], [2271.0, 1028.5], [2216.0, 1021.5], [2154.5, 1014.0], [2295.0, 1080.0833740234375], [2320.5, 1076.5], [2256.166748046875, 1071.5], [2208.5, 1075.5], [2260.5, 1080.5], [2313.166748046875, 1085.8333740234375], [2295.0, 1080.3333740234375], [2422.5, 1132.8333740234375], [2327.833251953125, 1130.1666259765625], [2277.833251953125, 1134.1666259765625], [2223.833251953125, 1144.8333740234375], [2162.5, 1148.8333740234375]]",
PBX,Bottom,pbx012v01_b,Landmarked_PBX/marked_tiff/Bottom/PBX012V01_B_MARK.tif,Landmarked_PBX/txt/Bottom/PBX012V01_B.txt,Raw_Images/PBX/PBX012V01_B.tif,PBX,17,17,roi,3840,2160,"[[2543.0, 1039.0], [2352.5, 1029.5], [2284.5, 1024.5], [2233.0, 1018.5], [2156.5, 1014.0], [2341.0, 1077.8333740234375], [2324.0, 1074.0], [2262.5, 1068.5], [2217.5, 1076.0], [2266.5, 1077.5], [2319.0, 1080.0], [2341.0, 1078.5], [2480.5, 1123.5], [2347.5, 1124.5], [2291.5, 1130.5], [2233.5, 1143.5], [2173.5, 1148.5]]",
PBX,Bottom,pbx012v02_b,Landmarked_PBX/marked_tiff/Bottom/PBX012V02_B_MARK.tif,Landmarked_PBX/txt/Bottom/PBX012V02_B.txt,Raw_Images/PBX/PBX012V02_B.tif,PBX,17,17,roi,3840,2160,"[[2532.0, 1036.0], [2347.0, 1032.5], [2282.5, 1031.5], [2222.833251953125, 1022.1666870117188], [2154.166748046875, 1021.5], [2331.916748046875, 1081.5833740234375], [2314.75, 1079.5], [2258.75, 1080.0], [2196.166748046875, 1081.5], [2257.75, 1085.75], [2315.5, 1083.5], [2331.916748046875, 1081.8333740234375], [2462.833251953125, 1127.5], [2339.5, 1130.8333740234375], [2288.833251953125, 1134.1666259765625], [2224.166748046875, 1145.5], [2165.5, 1153.5]]",
PBX,Bottom,pbx012v04_b,Landmarked_PBX/marked_tiff/Bottom/PBX012V04_B_MARK.tif,Landmarked_PBX/txt/Bottom/PBX012V04_B.txt,Raw_Images/PBX/PBX012V04_B.tif,PBX,17,17,roi,3840,2160,"[[2529.0, 1039.0], [2346.166748046875, 1042.1666259765625], [2278.833251953125, 1036.1666259765625], [2215.5, 1031.5], [2144.833251953125, 1026.1666259765625], [2326.333251953125, 1098.3333740234375], [2300.5, 1091.8333740234375], [2240.833251953125, 1088.8333740234375], [2200.5, 1092.1666259765625], [2245.833251953125, 1096.8333740234375], [2305.5, 1098.8333740234375], [2326.333251953125, 1098.5833740234375], [2450.5, 1138.5], [2334.5, 1140.5], [2274.0, 1147.5], [2214.5, 1158.5], [2156.0, 1158.0]]",
PBX,Bottom,pbx012v05_b,Landmarked_PBX/marked_tiff/Bottom/PBX012V05_B_MARK.tif,Landmarked_PBX/txt/Bottom/PBX012V05_B.txt,Raw_Images/PBX/PBX012V05_B.tif,PBX,17,17,roi,3840,2160,"[[2537.5, 1040.5], [2363.5, 1039.5], [2291.5, 1039.5], [2230.5, 1037.5], [2155.5, 1040.5], [2333.9375, 1100.8125], [2321.833251953125, 1096.1666259765625], [2254.833251953125, 1092.8333740234375], [2195.833251953125, 1097.5], [2254.5, 1100.5], [2321.833251953125, 1102.8333740234375], [2334.0, 1101.0], [2471.5, 1141.5], [2346.5, 1143.5], [2295.5, 1153.5], [2233.5, 1158.5], [2167.5, 1165.5]]",
PBX,Bottom,pbx012v06_b,Landmarked_PBX/marked_tiff/Bottom/PBX012V06_B_MARK.tif,Landmarked_PBX/txt/Bottom/PBX012V06_B.txt,Raw_Images/PBX/PBX012V06_B.tif,PBX,17,17,roi,3840,2160,"[[2520.0, 1032.0], [2348.833251953125, 1030.5], [2284.166748046875, 1027.1666259765625], [2224.833251953125, 1020.5], [2152.166748046875, 1021.8333129882812], [2340.75, 1075.0], [2320.25, 1072.75], [2262.75, 1067.25], [2209.5, 1075.1666259765625], [2264.833251953125, 1076.1666259765625], [2324.5, 1080.5], [2340.833251953125, 1084.1666259765625], [2445.5, 1126.0], [2337.5, 1129.0], [2289.5, 1134.5], [2233.5, 1142.0], [2168.5, 1146.0]]",
PBX,Bottom,pbx012v11_b,Landmarked_PBX/marked_tiff/Bottom/PBX012V11_B_MARK.tif,Landmarked_PBX/txt/Bottom/PBX012V11_B.txt,Raw_Images/PBX/PBX012V11_B.tif,PBX,17,17,roi,3840,2160,"[[2488.0, 1050.0], [2324.166748046875, 1042.1666259765625], [2257.5, 1042.1666259765625], [2198.833251953125, 1034.1666259765625], [2137.5, 1031.5], [2275.5, 1092.1666259765625], [2291.5, 1088.8333740234375], [2237.5, 1082.1666259765625], [2174.833251953125, 1087.5], [2241.5, 1092.8333740234375], [2293.5, 1096.8333740234375], [2275.5625, 1092.25], [2428.166748046875, 1135.5], [2319.5, 1134.8333740234375], [2268.833251953125, 1141.5], [2210.833251953125, 1150.8333740234375], [2144.166748046875, 1159.5]]",
PBX,Bottom,pbx012v14_b,Landmarked_PBX/marked_tiff/Bottom/PBX012V14_B_MARK.tif,Landmarked_PBX/txt/Bottom/PBX012V14_B.txt,Raw_Images/PBX/PBX012V14_B.tif,PBX,17,17,roi,3840,2160,"[[2523.0, 1043.0], [2326.5, 1042.5], [2264.0, 1039.0], [2202.5, 1031.5], [2137.5, 1022.5], [2315.333251953125, 1091.6666259765625], [2290.5, 1087.0], [2229.0, 1083.0], [2204.0, 1088.5], [2232.5, 1091.5], [2290.0, 1093.5], [2315.333251953125, 1092.1666259765625], [2463.5, 1137.8333740234375], [2318.833251953125, 1137.8333740234375], [2264.166748046875, 1144.5], [2204.166748046875, 1152.5], [2150.833251953125, 1156.5]]",
PBX,Bottom,pbx012v15_b,Landmarked_PBX/marked_tiff/Bottom/PBX012V15_B_MARK.tif,Landmarked_PBX/txt/Bottom/PBX012V15_B.txt,Raw_Images/PBX/PBX012V15_B.tif,PBX,17,17,roi,3840,2160,"[[2492.0, 1037.0], [2339.166748046875, 1042.5], [2273.166748046875, 1042.5], [2215.833251953125, 1036.5], [2148.5, 1035.1666259765625], [2292.0, 1097.0], [2318.25, 1092.75], [2245.25, 1088.0], [2181.75, 1089.75], [2245.75, 1098.25], [2304.0, 1102.0], [2292.03125, 1097.09375], [2421.0, 1127.5], [2321.0, 1134.5], [2274.0, 1140.5], [2218.0, 1148.5], [2157.5, 1156.5]]",
PBX,Bottom,pbx012v18_b,Landmarked_PBX/marked_tiff/Bottom/PBX012V18_B_MARK.tif,Landmarked_PBX/txt/Bottom/PBX012V18_B.txt,Raw_Images/PBX/PBX012V18_B.tif,PBX,17,17,roi,3840,2160,"[[2515.0, 1040.0], [2335.833251953125, 1046.8333740234375], [2271.166748046875, 1044.5], [2210.5, 1038.5], [2137.5, 1038.5], [2323.166748046875, 1107.1666259765625], [2296.5, 1103.8333740234375], [2238.833251953125, 1099.1666259765625], [2210.5, 1104.5], [2240.5, 1108.5], [2298.833251953125, 1109.0], [2323.166748046875, 1107.2916259765625], [2449.75, 1121.75], [2335.0, 1137.75], [2274.75, 1149.0], [2213.833251953125, 1157.5], [2164.166748046875, 1166.1666259765625]]",
PBX,Bottom,pbx012v19_b,Landmarked_PBX/marked_tiff/Bottom/PBX012V19_B_MARK.tif,Landmarked_PBX/txt/Bottom/PBX012V19_B.txt,Raw_Images/PBX/PBX012V19_B.tif,PBX,17,17,roi,3840,2160,"[[2482.833251953125, 1046.5], [2332.833251953125, 1037.1666259765625], [2268.833251953125, 1036.5], [2200.833251953125, 1030.5], [2138.166748046875, 1023.8333129882812], [2281.833251953125, 1088.8333740234375], [2306.5, 1088.5], [2241.5, 1081.1666259765625], [2197.833251953125, 1084.1666259765625], [2243.5, 1089.1666259765625], [2306.5, 1093.5], [2281.791748046875, 1089.0], [2418.0, 1133.0], [2325.25, 1131.0], [2272.5, 1137.75], [2215.0, 1143.75], [2152.0, 1151.25]]",
PBX,Bottom,pbx012v20_b,Landmarked_PBX/marked_tiff/Bottom/PBX012V20_B_MARK.tif,Landmarked_PBX/txt/Bottom/PBX012V20_B.txt,Raw_Images/PBX/PBX012V20_B.tif,PBX,17,17,roi,3840,2160,"[[2512.5, 1037.0], [2349.5, 1031.5], [2267.5, 1036.0], [2209.0, 1032.0], [2145.5, 1030.0], [2293.25, 1092.625], [2306.0, 1092.5], [2235.0, 1084.0], [2191.5, 1086.5], [2236.833251953125, 1092.1666259765625], [2307.0, 1097.5], [2293.25, 1092.75], [2445.5, 1128.1666259765625], [2328.833251953125, 1136.8333740234375], [2270.833251953125, 1132.8333740234375], [2216.833251953125, 1144.8333740234375], [2155.5, 1147.5]]",
PBX,Bottom,pbx012v21_b,Landmarked_PBX/marked_tiff/Bottom/PBX012V21_B_MARK.tif,Landmarked_PBX/txt/Bottom/PBX012V21_B.txt,Raw_Images/PBX/PBX012V21_B.tif,PBX,17,17,roi,3840,2160,"[[2521.0, 1047.0], [2350.0, 1043.5], [2289.5, 1040.5], [2223.0, 1035.5], [2152.5, 1034.5], [2302.0, 1095.5], [2322.5, 1097.0], [2260.0, 1089.0], [2185.5, 1091.0], [2257.0, 1099.5], [2314.0, 1099.5], [2302.0, 1095.625], [2451.5, 1130.1666259765625], [2335.5, 1135.1666259765625], [2279.166748046875, 1139.8333740234375], [2222.833251953125, 1145.8333740234375], [2161.166748046875, 1150.5]]",
PBX,Bottom,pbx012v23_b,Landmarked_PBX/marked_tiff/Bottom/PBX012V23_B_MARK.tif,Landmarked_PBX/txt/Bottom/PBX012V23_B.txt,Raw_Images/PBX/PBX012V23_B.tif,PBX,17,17,roi,3840,2160,"[[2536.5, 1046.5], [2340.0, 1040.5], [2275.0, 1037.0], [2215.0, 1030.0], [2154.5, 1027.5], [2320.0, 1095.1666259765625], [2303.166748046875, 1091.1666259765625], [2247.833251953125, 1084.8333740234375], [2201.5, 1086.5], [2247.5, 1093.5], [2302.166748046875, 1099.1666259765625], [2320.0, 1095.25], [2462.5, 1131.8333740234375], [2329.166748046875, 1137.8333740234375], [2276.5, 1142.5], [2208.5, 1145.1666259765625], [2152.5, 1146.5]]",
PBX,Bottom,pbx012v25_b,Landmarked_PBX/marked_tiff/Bottom/PBX012V25_B_MARK.tif,Landmarked_PBX/txt/Bottom/PBX012V25_B.txt,Raw_Images/PBX/PBX012V25_B.tif,PBX,17,17,roi,3840,2160,"[[2502.0, 1030.0], [2317.5, 1029.8333740234375], [2257.5, 1027.1666259765625], [2203.5, 1024.5], [2140.5, 1017.5], [2310.666748046875, 1082.8333740234375], [2286.5, 1076.5], [2230.0, 1073.5], [2205.0, 1080.5], [2227.0, 1086.0], [2287.5, 1087.5], [2310.833251953125, 1083.3333740234375], [2433.0, 1114.0], [2310.5, 1120.5], [2260.0, 1129.0], [2203.0, 1143.0], [2150.5, 1148.5]]",
PBX,Bottom,pbx013v02_b,Landmarked_PBX/marked_tiff/Bottom/PBX013V02_B_MARK.tif,Landmarked_PBX/txt/Bottom/PBX013V02_B.txt,Raw_Images/PBX/PBX013V02_B.tif,PBX,17,17,roi,3840,2160,"[[2525.166748046875, 1019.5], [2346.5, 1011.5], [2285.166748046875, 1008.8333129882812], [2228.5, 1008.8333129882812], [2158.5, 1010.1666870117188], [2313.166748046875, 1085.5], [2298.5, 1080.1666259765625], [2251.833251953125, 1080.1666259765625], [2177.833251953125, 1089.5], [2249.166748046875, 1088.8333740234375], [2303.333251953125, 1092.1666259765625], [2313.166748046875, 1085.8333740234375], [2463.833251953125, 1116.5], [2339.833251953125, 1128.5], [2283.166748046875, 1136.5], [2225.833251953125, 1146.5], [2159.166748046875, 1156.5]]",
PBX,Bottom,pbx013v03_b,Landmarked_PBX/marked_tiff/Bottom/PBX013V03_B_MARK.tif,Landmarked_PBX/txt/Bottom/PBX013V03_B.txt,Raw_Images/PBX/PBX013V03_B.tif,PBX,17,17,roi,3840,2160,"[[2508.5, 1062.5], [2352.0, 1035.5], [2289.0, 1027.0], [2230.5, 1021.0], [2159.5, 1013.5], [2319.0, 1084.25], [2340.0, 1082.5], [2279.5, 1078.5], [2213.5, 1083.0], [2281.0, 1085.5], [2332.0, 1091.0], [2319.125, 1087.375], [2444.5, 1144.5], [2343.5, 1139.5], [2293.5, 1144.5], [2237.5, 1142.5], [2167.0, 1150.5]]",
PBX,Bottom,pbx013v06_b,Landmarked_PBX/marked_tiff/Bottom/PBX013V06_B_MARK.tif,Landmarked_PBX/txt/Bottom/PBX013V06_B.txt,Raw_Images/PBX/PBX013V06_B.tif,PBX,17,17,roi,3840,2160,"[[2520.0, 1031.0], [2363.833251953125, 1026.5], [2288.5, 1025.8333740234375], [2217.833251953125, 1021.1666870117188], [2152.5, 1011.8333129882812], [2277.15625, 1088.09375], [2317.833251953125, 1083.5], [2240.5, 1081.5], [2202.833251953125, 1086.5], [2245.5, 1091.1666259765625], [2317.5, 1093.8333740234375], [2277.1875, 1088.15625], [2449.833251953125, 1126.1666259765625], [2355.166748046875, 1126.8333740234375], [2294.833251953125, 1127.8333740234375], [2217.5, 1135.1666259765625], [2147.5, 1142.1666259765625]]",
PBX,Bottom,pbx013v09_b,Landmarked_PBX/marked_tiff/Bottom/PBX013V09_B_MARK.tif,Landmarked_PBX/txt/Bottom/PBX013V09_B.txt,Raw_Images/PBX/PBX013V09_B.tif,PBX,17,17,roi,3840,2160,"[[2512.0, 1027.0], [2353.5, 1023.0], [2295.5, 1022.0], [2228.0, 1017.0], [2160.0, 1012.5], [2295.5, 1078.0], [2331.0, 1073.0], [2261.0, 1070.5], [2182.833251953125, 1075.8333740234375], [2263.5, 1077.0], [2319.0, 1083.0], [2295.0, 1078.5], [2441.0, 1103.0], [2336.0, 1112.5], [2295.0, 1117.5], [2228.5, 1128.5], [2168.5, 1141.0]]",
PBX,Bottom,pbx013v11_b,Landmarked_PBX/marked_tiff/Bottom/PBX013V11_B_MARK.tif,Landmarked_PBX/txt/Bottom/PBX013V11_B.txt,Raw_Images/PBX/PBX013V11_B.tif,PBX,17,17,roi,3840,2160,"[[2437.0, 1039.0], [2307.5, 1036.8333740234375], [2258.5, 1033.5], [2195.166748046875, 1026.8333740234375], [2124.5, 1022.1666870117188], [2270.875, 1085.125], [2304.5, 1079.8333740234375], [2247.166748046875, 1075.8333740234375], [2177.5, 1082.8333740234375], [2246.5, 1084.5], [2304.5, 1098.1666259765625], [2270.833251953125, 1085.8333740234375], [2384.166748046875, 1134.8333740234375], [2306.833251953125, 1132.5], [2261.833251953125, 1134.1666259765625], [2202.833251953125, 1141.5], [2141.166748046875, 1152.1666259765625]]",
PBX,Bottom,pbx013v13_b,Landmarked_PBX/marked_tiff/Bottom/PBX013V13_B_MARK.tif,Landmarked_PBX/txt/Bottom/PBX013V13_B.txt,Raw_Images/PBX/PBX013V13_B.tif,PBX,17,17,roi,3840,2160,"[[2462.5, 1063.5], [2321.833251953125, 1050.1666259765625], [2262.5, 1040.1666259765625], [2209.166748046875, 1030.8333740234375], [2138.5, 1023.5], [2283.75, 1084.25], [2315.75, 1083.5], [2244.5, 1080.75], [2141.25, 1082.25], [2252.25, 1086.0], [2313.5, 1085.75], [2283.75, 1084.75], [2403.75, 1139.75], [2324.0, 1139.0], [2273.75, 1142.5], [2215.0, 1146.25], [2151.0, 1150.25]]",
PBX,Bottom,pbx013v14_b,Landmarked_PBX/marked_tiff/Bottom/PBX013V14_B_MARK.tif,Landmarked_PBX/txt/Bottom/PBX013V14_B.txt,Raw_Images/PBX/PBX013V14_B.tif,PBX,17,17,roi,3840,2160,"[[2504.5, 1029.1666259765625], [2350.5, 1027.1666259765625], [2292.5, 1027.1666259765625], [2220.5, 1019.8333129882812], [2149.833251953125, 1016.5], [2290.166748046875, 1080.5], [2319.166748046875, 1077.8333740234375], [2259.166748046875, 1073.8333740234375], [2181.833251953125, 1077.1666259765625], [2258.833251953125, 1079.1666259765625], [2317.833251953125, 1084.5], [2290.166748046875, 1081.1666259765625], [2437.166748046875, 1113.5], [2341.5, 1116.5], [2285.166748046875, 1125.1666259765625], [2223.833251953125, 1130.8333740234375], [2161.833251953125, 1138.1666259765625]]",
PBX,Bottom,pbx013v15_b,Landmarked_PBX/marked_tiff/Bottom/PBX013V15_B_MARK.tif,Landmarked_PBX/txt/Bottom/PBX013V15_B.txt,Raw_Images/PBX/PBX013V15_B.tif,PBX,17,17,roi,3840,2160,"[[2486.5, 1049.5], [2368.0, 1044.0], [2285.5, 1039.5], [2219.0, 1037.0], [2148.5, 1029.5], [2313.5, 1090.5], [2363.5, 1086.0], [2259.0, 1084.5], [2123.0, 1091.5], [2252.5, 1090.5], [2322.5, 1093.0], [2313.541748046875, 1090.5833740234375], [2419.833251953125, 1111.1666259765625], [2333.166748046875, 1127.1666259765625], [2286.5, 1133.1666259765625], [2221.166748046875, 1151.8333740234375], [2157.833251953125, 1160.5]]",
PBX,Bottom,pbx013v17_b,Landmarked_PBX/marked_tiff/Bottom/PBX013V17_B_MARK.tif,Landmarked_PBX/txt/Bottom/PBX013V17_B.txt,Raw_Images/PBX/PBX013V17_B.tif,PBX,17,17,roi,3840,2160,"[[2531.0, 1040.0], [2345.0, 1043.5], [2287.5, 1038.0], [2225.5, 1036.5], [2154.5, 1028.5], [2314.5, 1095.0], [2331.0, 1093.0], [2261.5, 1088.0], [2180.5, 1094.0], [2260.0, 1098.5], [2321.4375, 1098.3125], [2314.5625, 1095.1875], [2464.0, 1128.0], [2345.0, 1134.0], [2282.0, 1138.25], [2225.75, 1145.0], [2156.5, 1152.5]]",
PBX,Bottom,pbx013v18_b,Landmarked_PBX/marked_tiff/Bottom/PBX013V18_B_MARK.tif,Landmarked_PBX/txt/Bottom/PBX013V18_B.txt,,,17,17,roi,3840,2160,"[[2516.0, 1054.0], [2330.5, 1046.5], [2273.5, 1038.5], [2216.5, 1033.5], [2148.833251953125, 1028.8333740234375], [2336.166748046875, 1088.8333740234375], [2300.75, 1084.75], [2246.833251953125, 1079.5], [2180.833251953125, 1083.5], [2249.5, 1090.1666259765625], [2303.25, 1089.25], [2336.15625, 1088.875], [2447.166748046875, 1094.5], [2329.833251953125, 1113.1666259765625], [2278.5, 1125.8333740234375], [2223.166748046875, 1140.5], [2167.166748046875, 1148.5]]",no_raw_match
PBX,Bottom,pbx013v19_b,Landmarked_PBX/marked_tiff/Bottom/PBX013V19_B_MARK.tif,Landmarked_PBX/txt/Bottom/PBX013V19_B.txt,Raw_Images/PBX/PBX013V19_B.tif,PBX,17,17,roi,3840,2160,"[[2535.0, 1058.0], [2358.5, 1048.8333740234375], [2295.833251953125, 1044.1666259765625], [2231.166748046875, 1034.8333740234375], [2163.166748046875, 1029.5], [2309.0, 1094.5], [2332.5, 1098.0], [2265.5, 1088.0], [2185.5, 1092.0], [2259.0, 1098.0], [2331.0, 1102.5], [2309.0, 1094.6875], [2458.0, 1128.5], [2348.5, 1140.5], [2287.5, 1148.5], [2235.0, 1158.0], [2168.0, 1164.5]]",
PBX,Bottom,pbx013v21a_b,Landmarked_PBX/marked_tiff/Bottom/PBX013V21a_B_MARK.tif,Landmarked_PBX/txt/Bottom/PBX013V21a_B.txt,Raw_Images/PBX/PBX013V21a_B.tif,PBX,17,17,roi,3840,2160,"[[2472.166748046875, 1055.5], [2332.0, 1044.5], [2267.0, 1036.0], [2210.5, 1027.5], [2139.5, 1016.5], [2282.5, 1080.5], [2313.833251953125, 1085.8333740234375], [2251.0, 1075.5], [2177.5, 1079.5], [2254.166748046875, 1084.5], [2315.166748046875, 1086.9166259765625], [2282.5, 1080.5833740234375], [2410.5, 1123.5], [2327.833251953125, 1126.8333740234375], [2274.5, 1130.8333740234375], [2218.5, 1146.8333740234375], [2148.5, 1155.5]]",
PBX,Bottom,pbx013v22_b,Landmarked_PBX/marked_tiff/Bottom/PBX013V22_B_MARK.tif,Landmarked_PBX/txt/Bottom/PBX013V22_B.txt,Raw_Images/PBX/PBX013V22_B.tif,PBX,17,17,roi,3840,2160,"[[2497.166748046875, 1036.1666259765625], [2336.5, 1035.5], [2270.5, 1033.5], [2209.5, 1024.5], [2136.5, 1022.5], [2299.416748046875, 1079.4166259765625], [2289.833251953125, 1077.5833740234375], [2232.166748046875, 1073.5], [2156.5, 1080.8333740234375], [2235.5, 1082.1666259765625], [2290.416748046875, 1079.6666259765625], [2299.583251953125, 1079.5], [2432.5, 1124.8333740234375], [2327.5, 1125.5], [2276.166748046875, 1130.1666259765625], [2218.166748046875, 1143.8333740234375], [2152.833251953125, 1150.8333740234375]]",
PBX,Bottom,pbx013v23_b,Landmarked_PBX/marked_tiff/Bottom/PBX013V23_B_MARK.tif,Landmarked_PBX/txt/Bottom/PBX013V23_B.txt,Raw_Images/PBX/PBX013V23_B.tif,PBX,17,17,roi,3840,2160,"[[2510.0, 1052.0], [2316.5, 1045.5], [2253.5, 1034.5], [2200.0, 1028.0], [2135.0, 1027.5], [2308.0, 1085.5], [2281.0, 1083.0], [2222.0, 1079.5], [2156.5, 1083.0], [2226.0, 1090.0], [2283.0, 1087.5], [2308.125, 1085.75], [2441.5, 1118.5], [2310.0, 1126.5], [2257.5, 1133.5], [2205.0, 1141.5], [2139.5, 1149.0]]",
PBX,Bottom,rx008v06_b,Landmarked_PBX/marked_tiff/Bottom/RX008V06_B_MARK.tif,Landmarked_PBX/txt/Bottom/RX008V06_B.txt,Raw_Images/PBX/RX008V06_B.tif,PBX,17,17,roi,3840,2160,"[[2484.0, 1039.0], [2320.833251953125, 1031.8333740234375], [2266.166748046875, 1028.5], [2211.5, 1025.1666259765625], [2137.5, 1023.8333129882812], [2311.5, 1082.6666259765625], [2298.5, 1077.5], [2248.5, 1075.0], [2208.5, 1082.0], [2253.0, 1084.5], [2300.0, 1083.5], [2311.5, 1082.71875], [2412.833251953125, 1120.8333740234375], [2314.166748046875, 1127.5], [2269.833251953125, 1133.1666259765625], [2215.0, 1140.5], [2149.5, 1145.5]]",
PBX,Bottom,rx008v07_b,Landmarked_PBX/marked_tiff/Bottom/RX008V07_B_MARK.tif,Landmarked_PBX/txt/Bottom/RX008V07_B.txt,Raw_Images/PBX/RX008V07_B.tif,PBX,17,17,roi,3840,2160,"[[2499.0, 1047.0], [2337.5, 1047.5], [2284.5, 1038.5], [2225.5, 1029.5], [2154.5, 1027.5], [2326.9375, 1099.3125], [2313.5, 1094.5], [2267.5, 1087.5], [2226.0, 1093.5], [2269.0, 1098.5], [2311.5, 1101.5], [2327.0, 1099.5], [2428.5, 1134.5], [2327.5, 1139.5], [2281.5, 1146.0], [2224.5, 1153.0], [2166.5, 1154.5]]",
PBX,Bottom,rx009v01_b,Landmarked_PBX/marked_tiff/Bottom/RX009V01_B_MARK.tif,Landmarked_PBX/txt/Bottom/RX009V01_B.txt,Raw_Images/PBX/RX009V01_B.tif,PBX,17,17,roi,3840,2160,"[[2509.0, 1024.0], [2334.5, 1029.8333740234375], [2276.5, 1027.8333740234375], [2217.833251953125, 1021.1666870117188], [2149.833251953125, 1014.5], [2339.166748046875, 1081.8333740234375], [2308.833251953125, 1072.1666259765625], [2256.833251953125, 1070.1666259765625], [2216.833251953125, 1080.8333740234375], [2256.5, 1084.5], [2310.5, 1083.1666259765625], [2339.166748046875, 1082.0], [2437.5, 1093.5], [2335.5, 1114.0], [2277.5, 1128.5], [2224.5, 1140.0], [2162.0, 1148.0]]",
PBX,Left,pbx002v01_l,Landmarked_PBX/marked_tiff/Left/PBX002V01_L_MARK.tif,Landmarked_PBX/txt/Left/PBX002V01_L.txt,Raw_Images/PBX/PBX002V01_L.tif,PBX,32,32,roi,3840,2160,"[[2396.0, 910.0], [2442.166748046875, 1114.1666259765625], [2304.833251953125, 1178.1666259765625], [2089.5, 1149.5], [1979.5, 1156.5], [1870.5, 1170.5], [1791.5, 1181.5], [1719.5, 1188.5], [1644.5, 1197.5], [1573.5, 1198.5], [1492.5, 1158.5], [1426.5, 1093.5], [1381.5, 1022.5], [1975.5, 1029.5], [1906.166748046875, 1077.5], [1860.8333740234375, 1069.5], [1826.8333740234375, 1110.8333740234375], [1769.5, 1093.5], [1753.5, 1141.5], [1692.8333740234375, 1106.8333740234375], [1686.8333740234375, 1156.1666259765625], [1625.5, 1117.5], [1610.5, 1149.5], [1552.5, 1079.5], [2131.5, 952.1666870117188], [2132.166748046875, 898.8333129882812], [1974.833251953125, 970.5], [1860.8333740234375, 1002.5], [1767.0, 1014.5], [1688.5, 1020.5], [1618.0, 1027.0], [1550.5, 1029.5]]",
PBX,Left,pbx002v04_l,Landmarked_PBX/marked_tiff/Left/PBX002V04_L_MARK.tif,Landmarked_PBX/txt/Left/PBX002V04_L.txt,Raw_Images/PBX/PBX002V04_L.tif,PBX,32,32,roi,3840,2160,"[[2426.0, 906.0], [2476.833251953125, 1120.8333740234375], [2334.166748046875, 1194.1666259765625], [2083.5, 1166.5], [1958.5, 1172.5], [1848.5, 1180.5], [1750.5, 1198.5], [1681.5, 1204.5], [1607.5, 1214.5], [1560.5, 1211.5], [1484.5, 1174.5], [1414.5, 1110.5], [1365.5, 1039.5], [1972.5, 1055.5], [1902.166748046875, 1091.1666259765625], [1850.1666259765625, 1087.8333740234375], [1808.1666259765625, 1129.8333740234375], [1750.1666259765625, 1113.8333740234375], [1727.5, 1156.5], [1667.5, 1125.8333740234375], [1652.8333740234375, 1163.1666259765625], [1594.1666259765625, 1133.8333740234375], [1580.8333740234375, 1159.1666259765625], [1530.1666259765625, 1096.5], [2147.5, 957.5], [2145.5, 900.5], [1970.5, 982.5], [1845.8333740234375, 1015.8333129882812], [1747.1666259765625, 1033.8333740234375], [1659.8333740234375, 1041.1666259765625], [1591.1666259765625, 1044.5], [1529.8333740234375, 1044.5]]",
PBX,Left,pbx002v05_l,Landmarked_PBX/marked_tiff/Left/PBX002V05_L_MARK.tif,Landmarked_PBX/txt/Left/PBX002V05_L.txt,Raw_Images/PBX/PBX002V05_L.tif,PBX,32,32,roi,3840,2160,"[[2433.5, 924.5], [2465.5, 1106.5], [2305.5, 1206.5], [2060.166748046875, 1181.8333740234375], [1966.1666259765625, 1186.5], [1862.8333740234375, 1199.1666259765625], [1776.1666259765625, 1215.1666259765625], [1705.5, 1219.8333740234375], [1634.8333740234375, 1231.8333740234375], [1564.1666259765625, 1226.5], [1487.1666259765625, 1189.5], [1425.8333740234375, 1134.8333740234375], [1371.8333740234375, 1065.5], [1979.5, 1041.5], [1910.5, 1094.5], [1855.5, 1088.5], [1823.5, 1131.5], [1762.5, 1118.5], [1747.5, 1167.5], [1683.5, 1130.5], [1666.5, 1171.5], [1618.5, 1139.5], [1600.5, 1163.5], [1544.5, 1114.5], [2170.0, 937.0], [2172.0, 881.0], [1979.5, 982.8333129882812], [1852.1666259765625, 1018.8333129882812], [1758.1666259765625, 1039.8333740234375], [1679.8333740234375, 1049.8333740234375], [1616.0, 1055.75], [1543.8333740234375, 1060.1666259765625]]",
PBX,Left,pbx002v06_l,Landmarked_PBX/marked_tiff/Left/PBX002V06_L_MARK.tif,Landmarked_PBX/txt/Left/PBX002V06_L.txt,Raw_Images/PBX/PBX002V06_L.tif,PBX,32,32,roi,3840,2160,"[[2428.0, 888.0], [2469.833251953125, 1090.8333740234375], [2331.166748046875, 1173.5], [2097.166748046875, 1158.8333740234375], [1961.5, 1166.5], [1866.1666259765625, 1179.8333740234375], [1765.5, 1199.8333740234375], [1698.8333740234375, 1209.1666259765625], [1622.5, 1220.5], [1552.5, 1218.5], [1482.1666259765625, 1187.1666259765625], [1420.1666259765625, 1130.5], [1374.1666259765625, 1058.5], [1966.0, 1037.5], [1910.0, 1090.5], [1862.5, 1082.5], [1825.8333740234375, 1129.8333740234375], [1771.5, 1111.5], [1743.5, 1156.5], [1682.8333740234375, 1131.1666259765625], [1669.5, 1172.5], [1610.8333740234375, 1139.1666259765625], [1588.1666259765625, 1163.8333740234375], [1531.5, 1115.8333740234375], [2166.0, 925.5], [2167.0, 854.5], [1964.5, 983.5], [1859.25, 1016.5], [1766.1666259765625, 1035.1666259765625], [1678.8333740234375, 1046.1666259765625], [1605.0, 1052.5], [1529.0, 1057.5]]",
PBX,Left,pbx002v07_l,Landmarked_PBX/marked_tiff/Left/PBX002V07_L_MARK.tif,Landmarked_PBX/txt/Left/PBX002V07_L.txt,Raw_Images/PBX/PBX002V07_L.tif,PBX,32,32,roi,3840,2160,"[[2418.0, 936.0], [2476.5, 1107.8333740234375], [2355.166748046875, 1201.1666259765625], [2097.833251953125, 1168.8333740234375], [1982.5, 1168.1666259765625], [1875.1666259765625, 1183.5], [1800.5, 1192.8333740234375], [1732.5, 1200.1666259765625], [1653.1666259765625, 1206.8333740234375], [1579.5, 1204.5], [1509.5, 1171.5], [1451.5, 1112.5], [1392.5, 1037.5], [1988.5, 1045.5], [1917.5, 1092.5], [1867.5, 1088.8333740234375], [1832.5, 1118.8333740234375], [1784.5, 1109.5], [1767.5, 1154.8333740234375], [1701.1666259765625, 1124.5], [1698.8333740234375, 1166.5], [1633.8333740234375, 1125.8333740234375], [1617.1666259765625, 1163.8333740234375], [1570.0, 1098.5], [2153.0, 955.0], [2152.5, 910.5], [1988.833251953125, 985.8333129882812], [1866.8333740234375, 1020.1666870117188], [1780.1666259765625, 1033.1666259765625], [1697.1666259765625, 1042.1666259765625], [1634.1666259765625, 1044.8333740234375], [1570.1666259765625, 1045.8333740234375]]",
PBX,Left,pbx002v08_l,Landmarked_PBX/marked_tiff/Left/PBX002V08_L_MARK.tif,Landmarked_PBX/txt/Left/PBX002V08_L.txt,Raw_Images/PBX/PBX002V08_L.tif,PBX,32,32,roi,3840,2160,"[[2409.0, 912.0], [2461.5, 1077.5], [2371.5, 1191.5], [2064.5, 1164.0], [1950.0, 1174.0], [1869.5, 1187.5], [1781.5, 1199.5], [1712.1666259765625, 1209.5], [1634.1666259765625, 1217.5], [1571.5, 1218.1666259765625], [1495.0, 1184.0], [1429.5, 1125.0], [1378.5, 1055.5], [1967.166748046875, 1039.8333740234375], [1907.833251953125, 1085.8333740234375], [1858.5, 1083.1666259765625], [1823.1666259765625, 1123.1666259765625], [1765.8333740234375, 1109.8333740234375], [1749.8333740234375, 1153.8333740234375], [1681.1666259765625, 1127.1666259765625], [1674.5, 1170.5], [1622.5, 1134.5], [1602.5, 1158.5], [1546.5, 1117.5], [2137.0, 941.0], [2139.5, 895.0], [1967.5, 985.5], [1855.5, 1020.0], [1765.75, 1037.5], [1674.75, 1048.5], [1621.25, 1052.5], [1543.75, 1055.25]]",
PBX,Left,pbx002v10_l,Landmarked_PBX/marked_tiff/Left/PBX002V10_L_MARK.tif,Landmarked_PBX/txt/Left/PBX002V10_L.txt,Raw_Images/PBX/PBX002V10_L.tif,PBX,32,32,roi,3840,2160,"[[2426.5, 912.5], [2446.5, 1108.5], [2337.166748046875, 1181.8333740234375], [2088.5, 1159.1666259765625], [1979.8333740234375, 1162.5], [1885.8333740234375, 1177.8333740234375], [1802.5, 1189.5], [1723.5, 1194.5], [1644.5, 1202.5], [1586.5, 1201.5], [1511.5, 1166.1666259765625], [1458.8333740234375, 1112.8333740234375], [1415.5, 1048.8333740234375], [1975.166748046875, 1020.5], [1920.8333740234375, 1073.1666259765625], [1866.8333740234375, 1069.1666259765625], [1838.1666259765625, 1113.8333740234375], [1781.5, 1094.5], [1763.5, 1142.5], [1703.5, 1112.5], [1688.1666259765625, 1149.8333740234375], [1636.8333740234375, 1119.8333740234375], [1616.8333740234375, 1143.1666259765625], [1573.5, 1093.5], [2130.0, 936.0], [2131.0, 894.5], [1975.5, 971.8333129882812], [1864.8333740234375, 1005.8333129882812], [1778.8333740234375, 1024.5], [1701.5, 1033.1666259765625], [1636.8333740234375, 1039.8333740234375], [1573.5, 1042.5]]",
PBX,Left,pbx002v11_l,Landmarked_PBX/marked_tiff/Left/PBX002V11_L_MARK.tif,Landmarked_PBX/txt/Left/PBX002V11_L.txt,Raw_Images/PBX/PBX002V11_L.tif,PBX,32,32,roi,3840,2160,"[[2413.5, 905.5], [2462.5, 1094.5], [2334.5, 1207.5], [2073.5, 1177.8333740234375], [1967.5, 1183.1666259765625], [1861.5, 1195.1666259765625], [1769.5, 1205.5], [1697.1666259765625, 1208.8333740234375], [1623.5, 1218.8333740234375], [1562.0, 1209.5], [1496.5, 1165.8333740234375], [1442.5, 1107.1666259765625], [1399.1666259765625, 1042.5], [1965.5, 1042.5], [1904.5, 1086.0], [1857.5, 1086.5], [1820.0, 1125.5], [1766.5, 1107.0], [1748.0, 1158.5], [1688.8333740234375, 1123.5], [1673.5, 1170.1666259765625], [1618.5, 1130.5], [1597.5, 1149.5], [1551.5, 1104.8333740234375], [2149.0, 945.0], [2150.0, 896.0], [1963.5, 987.5], [1858.5, 1018.0], [1766.5, 1034.0], [1688.0, 1042.5], [1616.8333740234375, 1045.8333740234375], [1551.1666259765625, 1047.1666259765625]]",
PBX,Left,pbx002v14_l,Landmarked_PBX/marked_tiff/Left/PBX002V14_L_MARK.tif,Landmarked_PBX/txt/Left/PBX002V14_L.txt,Raw_Images/PBX/PBX002V14_L.tif,PBX,32,32,roi,3840,2160,"[[2416.5, 919.5], [2461.5, 1129.5], [2307.5, 1222.5], [2084.5, 1190.5], [1978.1666259765625, 1192.8333740234375], [1878.1666259765625, 1206.1666259765625], [1798.1666259765625, 1220.8333740234375], [1722.1666259765625, 1228.8333740234375], [1646.1666259765625, 1231.5], [1576.8333740234375, 1229.5], [1516.1666259765625, 1194.1666259765625], [1460.8333740234375, 1128.8333740234375], [1414.8333740234375, 1059.5], [1975.0, 1057.5], [1923.0, 1100.5], [1870.5, 1101.0], [1836.5, 1144.5], [1781.0, 1124.0], [1761.5, 1168.0], [1701.1666259765625, 1141.5], [1688.5, 1185.5], [1634.5, 1148.5], [1614.5, 1167.5], [1562.5, 1126.5], [2146.5, 960.5], [2145.5, 918.1666870117188], [1975.833251953125, 1001.1666870117188], [1868.5, 1031.8333740234375], [1777.8333740234375, 1047.1666259765625], [1695.1666259765625, 1055.8333740234375], [1631.8333740234375, 1059.8333740234375], [1561.8333740234375, 1061.1666259765625]]",
PBX,Left,pbx002v15_l,Landmarked_PBX/marked_tiff/Left/PBX002V15_L_MARK.tif,Landmarked_PBX/txt/Left/PBX002V15_L.txt,Raw_Images/PBX/PBX002V15_L.tif,PBX,32,32,roi,3840,2160,"[[2434.0, 944.0], [2448.833251953125, 1160.8333740234375], [2280.833251953125, 1204.8333740234375], [2106.5, 1189.5], [1979.5, 1193.5], [1875.5, 1204.5], [1781.0, 1211.5], [1720.0, 1219.0], [1640.5, 1225.5], [1572.5, 1224.5], [1500.1666259765625, 1190.8333740234375], [1442.8333740234375, 1135.5], [1390.0, 1063.0], [1992.5, 1062.5], [1926.5, 1103.5], [1868.5, 1102.5], [1836.5, 1144.5], [1776.5, 1117.5], [1756.5, 1164.5], [1696.5, 1130.5], [1686.5, 1183.5], [1627.5, 1140.5], [1608.5, 1170.5], [1555.5, 1120.5], [2163.5, 964.5], [2164.833251953125, 913.1666870117188], [1991.5, 998.5], [1867.0, 1034.0], [1771.8333740234375, 1050.5], [1693.1666259765625, 1060.1666259765625], [1618.0, 1063.0], [1551.5, 1063.0]]",
PBX,Left,pbx002v16_l,Landmarked_PBX/marked_tiff/Left/PBX002V16_L_MARK.tif,Landmarked_PBX/txt/Left/PBX002V16_L.txt,Raw_Images/PBX/PBX002V16_L.tif,PBX,32,32,roi,3840,2160,"[[2450.0, 891.0], [2498.5, 1106.5], [2372.5, 1208.5], [2087.5, 1172.0], [1972.5, 1181.5], [1851.0, 1193.5], [1770.5, 1208.5], [1699.0, 1219.5], [1616.5, 1229.0], [1549.1666259765625, 1230.8333740234375], [1463.1666259765625, 1200.1666259765625], [1401.1666259765625, 1134.1666259765625], [1345.8333740234375, 1052.8333740234375], [1984.166748046875, 1039.8333740234375], [1914.166748046875, 1091.1666259765625], [1859.5, 1079.8333740234375], [1818.8333740234375, 1130.5], [1760.8333740234375, 1109.1666259765625], [1742.8333740234375, 1163.1666259765625], [1673.5, 1125.5], [1662.0, 1175.0], [1601.0, 1134.5], [1579.0, 1161.5], [1524.5, 1109.5], [2176.166748046875, 932.5], [2175.5, 885.8333129882812], [1982.5, 978.5], [1857.5, 1015.1666870117188], [1757.8333740234375, 1035.1666259765625], [1668.5, 1046.0], [1595.5, 1051.5], [1522.1666259765625, 1052.8333740234375]]",
PBX,Left,pbx002v17_l,Landmarked_PBX/marked_tiff/Left/PBX002V17_L_MARK.tif,Landmarked_PBX/txt/Left/PBX002V17_L.txt,Raw_Images/PBX/PBX002V17_L.tif,PBX,32,32,roi,3840,2160,"[[2424.0, 895.0], [2469.5, 1065.5], [2341.5, 1165.5], [2061.5, 1146.5], [1953.5, 1157.5], [1863.1666259765625, 1175.8333740234375], [1781.5, 1180.5], [1719.8333740234375, 1191.1666259765625], [1635.5, 1200.5], [1574.5, 1192.5], [1505.0, 1156.5], [1448.5, 1095.5], [1398.0, 1017.5], [1978.166748046875, 1027.5], [1916.166748046875, 1072.1666259765625], [1864.1666259765625, 1066.8333740234375], [1830.8333740234375, 1106.8333740234375], [1774.1666259765625, 1090.8333740234375], [1753.5, 1131.5], [1693.5, 1103.5], [1681.5, 1139.5], [1628.5, 1111.5], [1604.5, 1134.5], [1554.5, 1075.5], [2137.166748046875, 935.5], [2136.5, 885.5], [1977.5, 964.5], [1860.1666259765625, 998.1666870117188], [1771.5, 1014.1666870117188], [1692.1666259765625, 1021.5], [1623.0, 1022.5], [1553.0, 1023.0]]",
PBX,Left,pbx002v18_l,Landmarked_PBX/marked_tiff/Left/PBX002V18_L_MARK.tif,Landmarked_PBX/txt/Left/PBX002V18_L.txt,Raw_Images/PBX/PBX002V18_L.tif,PBX,32,32,roi,3840,2160,"[[2420.0, 920.0], [2443.5, 1107.5], [2296.833251953125, 1188.8333740234375], [2085.5, 1170.5], [1970.5, 1178.5], [1866.5, 1187.5], [1783.5, 1201.5], [1719.1666259765625, 1210.5], [1645.8333740234375, 1218.5], [1574.5, 1214.0], [1506.5, 1177.0], [1451.0, 1116.5], [1405.0, 1050.0], [1983.5, 1038.5], [1926.0, 1091.5], [1866.5, 1083.0], [1840.5, 1134.0], [1787.0, 1109.0], [1766.0, 1154.5], [1711.8333740234375, 1121.5], [1698.5, 1172.8333740234375], [1641.8333740234375, 1130.1666259765625], [1613.8333740234375, 1150.1666259765625], [1575.1666259765625, 1097.5], [2159.5, 937.5], [2160.0, 894.5], [1982.5, 983.8333129882812], [1863.0, 1020.5], [1782.0, 1035.0], [1707.5, 1044.5], [1638.0, 1049.5], [1573.0, 1050.5]]",
PBX,Left,pbx002v19_l,Landmarked_PBX/marked_tiff/Left/PBX002V19_L_MARK.tif,Landmarked_PBX/txt/Left/PBX002V19_L.txt,Raw_Images/PBX/PBX002V19_L.tif,PBX,32,32,roi,3840,2160,"[[2419.0, 914.0], [2473.5, 1101.5], [2351.5, 1215.5], [2105.5, 1173.5], [1982.8333740234375, 1182.1666259765625], [1883.5, 1198.5], [1790.5, 1215.5], [1719.5, 1225.5], [1647.5, 1235.5], [1583.1666259765625, 1240.1666259765625], [1510.5, 1212.5], [1443.5, 1152.5], [1387.5, 1075.5], [1981.5, 1046.5], [1918.5, 1094.5], [1866.5, 1093.5], [1836.5, 1135.5], [1778.1666259765625, 1123.5], [1762.1666259765625, 1171.5], [1695.5, 1142.1666259765625], [1692.8333740234375, 1195.5], [1628.8333740234375, 1154.1666259765625], [1620.8333740234375, 1191.5], [1551.5, 1124.8333740234375], [2136.833251953125, 955.5], [2136.166748046875, 906.5], [1982.166748046875, 986.1666870117188], [1866.8333740234375, 1023.5], [1775.5, 1046.1666259765625], [1694.1666259765625, 1060.8333740234375], [1624.1666259765625, 1068.1666259765625], [1550.1666259765625, 1072.8333740234375]]",
PBX,Left,pbx002v21_l,Landmarked_PBX/marked_tiff/Left/PBX002V21_L_MARK.tif,Landmarked_PBX/txt/Left/PBX002V21_L.txt,Raw_Images/PBX/PBX002V21_L.tif,PBX,32,32,roi,3840,2160,"[[2424.0, 915.0], [2455.5, 1107.5], [2349.5, 1193.5], [2088.166748046875, 1172.5], [1975.5, 1177.8333740234375], [1870.8333740234375, 1191.8333740234375], [1777.5, 1211.1666259765625], [1705.5, 1213.5], [1624.5, 1215.5], [1555.5, 1214.5], [1484.5, 1173.0], [1425.0, 1111.0], [1378.0, 1045.5], [1973.5, 1040.5], [1908.5, 1094.5], [1862.5, 1081.5], [1821.5, 1128.5], [1768.5, 1109.5], [1746.0, 1156.5], [1689.5, 1127.5], [1674.1666259765625, 1170.5], [1618.8333740234375, 1133.1666259765625], [1596.1666259765625, 1160.5], [1544.5, 1099.5], [2142.0, 949.5], [2141.0, 893.0], [1975.166748046875, 979.1666870117188], [1857.8333740234375, 1014.5], [1765.5, 1029.0], [1684.5, 1040.0], [1613.5, 1044.0], [1548.0, 1045.5]]",
PBX,Left,pbx002v22_l,Landmarked_PBX/marked_tiff/Left/PBX002V22_L_MARK.tif,Landmarked_PBX/txt/Left/PBX002V22_L.txt,Raw_Images/PBX/PBX002V22_L.tif,PBX,32,32,roi,3840,2160,"[[2432.0, 941.0], [2448.166748046875, 1097.5], [2350.833251953125, 1180.1666259765625], [2081.5, 1169.5], [1968.5, 1173.1666259765625], [1865.8333740234375, 1181.8333740234375], [1787.1666259765625, 1193.8333740234375], [1715.5, 1199.5], [1645.5, 1208.5], [1584.5, 1201.5], [1520.5, 1159.0], [1469.5, 1098.5], [1428.0, 1038.0], [1981.0, 1050.0], [1912.5, 1097.5], [1868.0, 1083.5], [1840.0, 1129.0], [1791.0, 1108.5], [1764.5, 1151.0], [1712.5, 1119.5], [1691.8333740234375, 1163.5], [1641.8333740234375, 1128.1666259765625], [1619.1666259765625, 1149.5], [1569.8333740234375, 1093.5], [2149.166748046875, 978.5], [2148.5, 917.8333129882812], [1977.833251953125, 992.5], [1868.5, 1020.5], [1792.5, 1034.8333740234375], [1706.8333740234375, 1042.8333740234375], [1634.5, 1045.8333740234375], [1569.1666259765625, 1044.5]]",
PBX,Left,pbx002v24_l,Landmarked_PBX/marked_tiff/Left/PBX002V24_L_MARK.tif,Landmarked_PBX/txt/Left/PBX002V24_L.txt,Raw_Images/PBX/PBX002V24_L.tif,PBX,32,32,roi,3840,2160,"[[2458.5, 912.5], [2494.5, 1097.5], [2369.5, 1212.5], [2102.5, 1182.1666259765625], [1999.8333740234375, 1182.1666259765625], [1876.5, 1201.5], [1788.0, 1216.0], [1717.5, 1223.8333740234375], [1648.1666259765625, 1230.5], [1578.5, 1234.5], [1491.0, 1197.0], [1422.0, 1136.0], [1358.5, 1062.5], [1989.5, 1029.5], [1930.833251953125, 1086.8333740234375], [1880.166748046875, 1082.8333740234375], [1838.1666259765625, 1128.1666259765625], [1779.5, 1112.1666259765625], [1762.1666259765625, 1163.5], [1695.5, 1132.5], [1687.5, 1171.5], [1627.5, 1142.5], [1607.5, 1161.5], [1554.5, 1113.5], [2174.5, 938.5], [2174.5, 879.1666870117188], [1989.166748046875, 976.5], [1877.5, 1012.5], [1778.5, 1037.0], [1692.5, 1050.5], [1625.0, 1058.0], [1553.0, 1062.0]]",
PBX,Left,pbx002v25_l,Landmarked_PBX/marked_tiff/Left/PBX002V25_L_MARK.tif,Landmarked_PBX/txt/Left/PBX002V25_L.txt,Raw_Images/PBX/PBX002V25_L.tif,PBX,32,32,roi,3840,2160,"[[2427.0, 924.0], [2464.5, 1127.5], [2288.5, 1184.5], [2117.5, 1169.5], [1993.5, 1170.5], [1889.1666259765625, 1184.5], [1809.8333740234375, 1198.5], [1742.5, 1207.1666259765625], [1662.5, 1211.5], [1595.5, 1207.5], [1526.0, 1171.5], [1467.0, 1116.0], [1418.5, 1052.0], [1988.833251953125, 1047.1666259765625], [1928.8333740234375, 1095.1666259765625], [1880.5, 1087.0], [1850.0, 1126.0], [1795.5, 1104.0], [1779.5, 1156.5], [1714.5, 1121.0], [1706.5, 1169.0], [1646.5, 1126.5], [1630.0, 1153.0], [1576.1666259765625, 1104.8333740234375], [2156.0, 960.5], [2154.5, 900.0], [1989.0, 981.0], [1878.5, 1013.5], [1794.5, 1036.0], [1715.0, 1044.0], [1646.1666259765625, 1049.8333740234375], [1574.1666259765625, 1051.8333740234375]]",
PBX,Left,pbx002v26_l,Landmarked_PBX/marked_tiff/Left/PBX002V26_L_MARK.tif,Landmarked_PBX/txt/Left/PBX002V26_L.txt,Raw_Images/PBX/PBX002V26_L.tif,PBX,32,32,roi,3840,2160,"[[2451.0, 922.0], [2497.5, 1136.5], [2392.5, 1205.5], [2117.5, 1176.5], [1992.5, 1181.8333740234375], [1885.8333740234375, 1201.8333740234375], [1797.8333740234375, 1221.8333740234375], [1737.8333740234375, 1225.8333740234375], [1661.8333740234375, 1231.1666259765625], [1585.8333740234375, 1231.1666259765625], [1437.5, 1134.5], [1386.8333740234375, 1068.5], [1500.8333740234375, 1195.8333740234375], [1995.5, 1044.5], [1931.5, 1102.5], [1875.0, 1095.5], [1838.5, 1136.5], [1787.5, 1119.0], [1766.5, 1168.5], [1707.0, 1137.5], [1696.5, 1186.0], [1638.5, 1147.5], [1626.5, 1191.5], [1573.5, 1116.5], [2181.166748046875, 950.5], [2179.166748046875, 883.1666870117188], [1989.5, 982.8333129882812], [1872.8333740234375, 1018.1666870117188], [1782.8333740234375, 1040.1666259765625], [1702.8333740234375, 1055.5], [1637.5, 1061.1666259765625], [1573.5, 1066.5]]",
PBX,Left,pbx002v28_l,Landmarked_PBX/marked_tiff/Left/PBX002V28_L_MARK.tif,Landmarked_PBX/txt/Left/PBX002V28_L.txt,Raw_Images/PBX/PBX002V28_L.tif,PBX,32,32,roi,3840,2160,"[[2404.0, 900.0], [2463.5, 1106.1666259765625], [2338.166748046875, 1200.8333740234375], [2123.166748046875, 1171.5], [1995.1666259765625, 1174.8333740234375], [1899.1666259765625, 1189.5], [1805.8333740234375, 1208.1666259765625], [1728.5, 1217.5], [1661.8333740234375, 1225.5], [1595.1666259765625, 1229.5], [1513.5, 1195.5], [1447.5, 1127.5], [1386.5, 1051.5], [1984.5, 1031.5], [1922.833251953125, 1085.5], [1874.8333740234375, 1082.1666259765625], [1836.8333740234375, 1121.5], [1784.1666259765625, 1110.8333740234375], [1764.8333740234375, 1156.8333740234375], [1701.5, 1124.8333740234375], [1693.5, 1167.5], [1637.5, 1135.5], [1622.5, 1174.5], [1565.5, 1112.8333740234375], [2143.5, 939.5], [2140.166748046875, 888.1666870117188], [1981.5, 977.0], [1870.0, 1013.5], [1777.5, 1032.5], [1697.8333740234375, 1044.1666259765625], [1636.5, 1049.5], [1564.5, 1051.5]]",
PBX,Left,pbx002v29_l,Landmarked_PBX/marked_tiff/Left/PBX002V29_L_MARK.tif,Landmarked_PBX/txt/Left/PBX002V29_L.txt,Raw_Images/PBX/PBX002V29_L.tif,PBX,32,32,roi,3840,2160,"[[2467.5, 926.8333129882812], [2467.5, 1158.8333740234375], [2303.5, 1212.1666259765625], [2084.5, 1184.5], [1963.5, 1194.5], [1855.5, 1211.5], [1770.5, 1231.5], [1698.1666259765625, 1232.5], [1626.5, 1235.1666259765625], [1557.8333740234375, 1232.5], [1468.5, 1199.5], [1406.5, 1129.5], [1364.5, 1051.5], [1982.5, 1065.5], [1925.5, 1102.5], [1869.5, 1103.5], [1830.5, 1149.5], [1781.5, 1132.5], [1751.5, 1184.5], [1701.5, 1145.5], [1683.5, 1200.5], [1619.5, 1138.5], [1587.5, 1160.5], [1541.5, 1116.5], [2167.833251953125, 944.5], [2167.833251953125, 897.1666870117188], [1979.166748046875, 997.8333129882812], [1867.8333740234375, 1032.8333740234375], [1780.5, 1050.8333740234375], [1701.1666259765625, 1058.1666259765625], [1615.1666259765625, 1061.8333740234375], [1538.5, 1059.5]]",
PBX,Left,pbx002v31_l,Landmarked_PBX/marked_tiff/Left/PBX002V31_L_MARK.tif,Landmarked_PBX/txt/Left/PBX002V31_L.txt,Raw_Images/PBX/PBX002V31_L.tif,PBX,32,32,roi,3840,2160,"[[2434.0, 923.0], [2461.5, 1127.5], [2291.5, 1180.5], [2102.5, 1165.8333740234375], [1975.1666259765625, 1173.8333740234375], [1871.5, 1185.5], [1783.8333740234375, 1199.1666259765625], [1719.5, 1205.5], [1646.5, 1208.5], [1583.8333740234375, 1211.1666259765625], [1510.5, 1180.0], [1446.5, 1118.0], [1395.0, 1058.0], [1988.166748046875, 1043.8333740234375], [1919.5, 1097.1666259765625], [1871.5, 1082.5], [1832.8333740234375, 1130.5], [1780.5, 1110.5], [1751.5, 1153.5], [1699.5, 1122.5], [1693.5, 1174.5], [1632.5, 1134.5], [1610.5, 1157.8333740234375], [1560.5, 1106.5], [2164.833251953125, 949.8333129882812], [2162.166748046875, 889.8333129882812], [1986.166748046875, 977.8333129882812], [1867.0, 1014.5], [1774.5, 1036.0], [1691.8333740234375, 1048.5], [1622.5, 1054.5], [1557.1666259765625, 1055.1666259765625]]",
PBX,Left,pbx002v32_l,Landmarked_PBX/marked_tiff/Left/PBX002V32_L_MARK.tif,Landmarked_PBX/txt/Left/PBX002V32_L.txt,Raw_Images/PBX/PBX002V32_L.tif,PBX,32,32,roi,3840,2160,"[[2454.0, 926.0], [2490.5, 1120.5], [2356.5, 1220.5], [2081.5, 1181.5], [1961.5, 1185.5], [1858.5, 1203.5], [1769.5, 1223.5], [1704.5, 1233.5], [1616.5, 1240.8333740234375], [1540.5, 1240.8333740234375], [1456.1666259765625, 1209.1666259765625], [1395.5, 1146.5], [1338.8333740234375, 1074.5], [1979.5, 1056.5], [1905.5, 1113.5], [1845.5, 1097.5], [1811.5, 1147.5], [1754.5, 1126.5], [1737.5, 1178.5], [1675.5, 1143.5], [1661.5, 1189.5], [1602.1666259765625, 1151.5], [1579.5, 1179.5], [1518.1666259765625, 1143.5], [2166.166748046875, 957.5], [2163.5, 880.8333129882812], [1979.5, 980.8333129882812], [1842.8333740234375, 1024.1666259765625], [1752.8333740234375, 1044.8333740234375], [1672.8333740234375, 1055.5], [1602.1666259765625, 1062.8333740234375], [1513.5, 1069.5]]",
PBX,Left,pbx002v33_l,Landmarked_PBX/marked_tiff/Left/PBX002V33_L_MARK.tif,Landmarked_PBX/txt/Left/PBX002V33_L.txt,Raw_Images/PBX/PBX002V33_L.tif,PBX,32,32,roi,3840,2160,"[[2441.0, 924.0], [2472.833251953125, 1110.5], [2390.166748046875, 1186.5], [2088.833251953125, 1172.5], [1962.1666259765625, 1177.8333740234375], [1882.5, 1193.5], [1799.5, 1205.5], [1723.5, 1210.5], [1663.5, 1219.5], [1596.5, 1223.5], [1518.5, 1195.5], [1455.5, 1135.5], [1407.5, 1064.5], [1975.5, 1041.5], [1932.5, 1092.5], [1876.5, 1083.5], [1846.5, 1132.5], [1789.5, 1115.5], [1776.5, 1155.5], [1713.5, 1124.5], [1698.5, 1169.5], [1646.5, 1133.5], [1627.5, 1166.5], [1573.8333740234375, 1115.5], [2172.166748046875, 950.8333129882812], [2172.833251953125, 895.5], [1974.833251953125, 994.8333129882812], [1871.5, 1022.8333129882812], [1786.1666259765625, 1042.8333740234375], [1707.5, 1051.5], [1636.5, 1062.5], [1569.5, 1064.5]]",
PBX,Left,pbx002v35_l,Landmarked_PBX/marked_tiff/Left/PBX002V35_L_MARK.tif,Landmarked_PBX/txt/Left/PBX002V35_L.txt,Raw_Images/PBX/PBX002V35_L.tif,PBX,32,32,roi,3840,2160,"[[2384.0, 902.0], [2438.833251953125, 1110.8333740234375], [2269.5, 1209.5], [2077.5, 1187.5], [1970.5, 1194.5], [1862.5, 1213.5], [1787.5, 1227.5], [1724.5, 1236.5], [1641.5, 1246.5], [1569.5, 1243.5], [1490.5, 1212.5], [1426.5, 1141.5], [1384.5, 1070.5], [1964.5, 1053.5], [1900.5, 1100.5], [1846.5, 1098.5], [1827.5, 1159.5], [1770.5, 1122.5], [1753.5, 1180.5], [1689.5, 1139.5], [1691.5, 1197.5], [1620.5, 1153.5], [1594.5, 1177.5], [1537.5, 1127.5], [2117.166748046875, 953.1666870117188], [2115.166748046875, 912.5], [1964.5, 993.8333129882812], [1845.1666259765625, 1033.8333740234375], [1765.1666259765625, 1051.1666259765625], [1687.1666259765625, 1061.8333740234375], [1609.5, 1068.5], [1534.5, 1072.5]]",
PBX,Left,pbx002v36_l,Landmarked_PBX/marked_tiff/Left/PBX002V36_L_MARK.tif,Landmarked_PBX/txt/Left/PBX002V36_L.txt,Raw_Images/PBX/PBX002V36_L.tif,PBX,32,32,roi,3840,2160,"[[2461.0, 944.0], [2480.833251953125, 1118.1666259765625], [2342.166748046875, 1196.8333740234375], [2099.5, 1171.5], [1993.5, 1177.5], [1879.5, 1196.5], [1801.5, 1210.5], [1728.5, 1221.5], [1655.5, 1225.5], [1591.5, 1223.5], [1521.5, 1190.5], [1458.5, 1130.5], [1406.5, 1065.5], [2006.5, 1057.5], [1939.5, 1112.5], [1880.5, 1090.5], [1850.5, 1144.5], [1787.5, 1113.5], [1775.5, 1172.5], [1714.5, 1130.5], [1700.5, 1179.5], [1645.5, 1141.5], [1623.5, 1171.5], [1598.5, 1119.5], [2205.5, 964.5], [2199.5, 900.5], [2003.166748046875, 999.5], [1873.5, 1033.5], [1783.1666259765625, 1049.5], [1713.8333740234375, 1061.5], [1640.5, 1065.5], [1589.5, 1066.5]]",
PBX,Left,pbx004v01_l,Landmarked_PBX/marked_tiff/Left/PBX004V01_L_MARK.tif,Landmarked_PBX/txt/Left/PBX004V01_L.txt,Raw_Images/PBX/PBX004V01_L.tif,PBX,32,32,roi,3840,2160,"[[2316.833251953125, 970.1666870117188], [2431.5, 1158.1666259765625], [2262.166748046875, 1219.5], [2062.5, 1185.5], [1945.5, 1185.5], [1854.5, 1198.5], [1752.5, 1212.5], [1678.5, 1217.5], [1608.5, 1221.5], [1548.8333740234375, 1213.8333740234375], [1484.8333740234375, 1171.1666259765625], [1431.5, 1107.1666259765625], [1394.1666259765625, 1037.8333740234375], [1962.166748046875, 1045.8333740234375], [1912.833251953125, 1096.5], [1856.8333740234375, 1089.8333740234375], [1815.5, 1129.8333740234375], [1766.1666259765625, 1116.5], [1739.5, 1161.8333740234375], [1687.5, 1129.8333740234375], [1667.5, 1169.8333740234375], [1627.5, 1132.5], [1592.8333740234375, 1153.8333740234375], [1538.1666259765625, 1108.5], [2107.5, 947.5], [2107.5, 907.5], [1962.5, 985.5], [1852.8333740234375, 1021.8333129882812], [1758.1666259765625, 1036.5], [1686.1666259765625, 1041.8333740234375], [1616.8333740234375, 1040.5], [1531.5, 1039.1666259765625]]",
PBX,Left,pbx004v05_l,Landmarked_PBX/marked_tiff/Left/PBX004V05_L_MARK.tif,Landmarked_PBX/txt/Left/PBX004V05_L.txt,Raw_Images/PBX/PBX004V05_L.tif,PBX,32,32,roi,3840,2160,"[[2428.0, 901.0], [2467.833251953125, 1052.8333740234375], [2339.833251953125, 1180.8333740234375], [2100.5, 1169.5], [2007.5, 1181.5], [1900.5, 1189.5], [1817.5, 1201.5], [1747.5, 1207.5], [1675.5, 1212.5], [1615.8333740234375, 1212.5], [1544.5, 1177.8333740234375], [1483.8333740234375, 1116.5], [1435.8333740234375, 1041.1666259765625], [1998.833251953125, 1035.8333740234375], [1950.833251953125, 1084.5], [1901.5, 1083.1666259765625], [1869.5, 1121.1666259765625], [1818.8333740234375, 1102.5], [1796.1666259765625, 1149.8333740234375], [1746.1666259765625, 1124.5], [1730.1666259765625, 1167.1666259765625], [1674.5, 1126.5], [1648.5, 1150.5], [1596.5, 1095.5], [2145.833251953125, 950.5], [2146.5, 904.5], [1997.0, 982.5], [1899.5, 1013.5], [1810.5, 1031.5], [1735.5, 1040.5], [1664.5, 1046.5], [1593.5, 1045.5]]",
PBX,Left,pbx005v02_l,Landmarked_PBX/marked_tiff/Left/PBX005V02_L_MARK.tif,Landmarked_PBX/txt/Left/PBX005V02_L.txt,Raw_Images/PBX/PBX005V02_L.tif,PBX,32,32,roi,3840,2160,"[[2412.5, 914.5], [2461.5, 1097.5], [2325.5, 1206.5], [2110.5, 1180.5], [1987.5, 1193.5], [1881.1666259765625, 1210.1666259765625], [1788.5, 1227.5], [1717.8333740234375, 1234.8333740234375], [1645.1666259765625, 1241.5], [1578.5, 1230.1666259765625], [1508.0, 1188.0], [1456.0, 1118.0], [1407.5, 1043.5], [1980.0, 1053.5], [1917.5, 1105.5], [1860.5, 1101.5], [1824.0, 1141.0], [1771.0, 1125.5], [1748.5, 1170.5], [1690.0, 1136.0], [1675.5, 1177.5], [1626.1666259765625, 1140.1666259765625], [1603.5, 1165.5], [1568.8333740234375, 1110.1666259765625], [2131.5, 964.5], [2132.166748046875, 919.8333129882812], [1977.5, 997.1666870117188], [1853.5, 1031.1666259765625], [1759.5, 1046.5], [1678.1666259765625, 1051.1666259765625], [1616.1666259765625, 1053.1666259765625], [1563.5, 1051.1666259765625]]",
PBX,Left,pbx005v03_l,Landmarked_PBX/marked_tiff/Left/PBX005V03_L_MARK.tif,Landmarked_PBX/txt/Left/PBX005V03_L.txt,Raw_Images/PBX/PBX005V03_L.tif,PBX,32,32,roi,3840,2160,"[[2443.833251953125, 902.1666870117188], [2503.833251953125, 1110.1666259765625], [2373.166748046875, 1198.1666259765625], [2108.5, 1172.5], [1997.5, 1186.5], [1891.8333740234375, 1200.8333740234375], [1797.1666259765625, 1211.5], [1725.1666259765625, 1219.5], [1650.5, 1235.5], [1584.5, 1228.5], [1514.5, 1188.5], [1465.5, 1129.5], [1417.5, 1056.5], [1990.5, 1059.5], [1936.5, 1105.5], [1880.5, 1099.5], [1849.5, 1147.5], [1795.5, 1123.5], [1771.5, 1165.5], [1716.5, 1137.5], [1691.5, 1173.5], [1638.5, 1142.5], [1615.5, 1170.5], [1599.5, 1114.5], [2175.5, 953.8333129882812], [2174.166748046875, 907.1666870117188], [1985.5, 1001.5], [1875.5, 1032.5], [1786.5, 1048.5], [1707.5, 1058.5], [1635.5, 1061.5], [1598.5, 1060.5]]",
PBX,Left,pbx005v04_l,Landmarked_PBX/marked_tiff/Left/PBX005V04_L_MARK.tif,Landmarked_PBX/txt/Left/PBX005V04_L.txt,Raw_Images/PBX/PBX005V04_L.tif,PBX,32,32,roi,3840,2160,"[[2431.0, 869.0], [2493.5, 1108.5], [2378.5, 1184.5], [2081.5, 1166.5], [1960.1666259765625, 1179.8333740234375], [1868.1666259765625, 1193.8333740234375], [1779.5, 1209.8333740234375], [1707.5, 1215.8333740234375], [1633.5, 1222.5], [1567.5, 1221.5], [1497.5, 1182.5], [1435.5, 1126.5], [1375.5, 1061.5], [1982.5, 1044.5], [1919.5, 1088.5], [1866.5, 1079.5], [1825.5, 1132.5], [1763.5, 1106.5], [1746.5, 1158.5], [1690.5, 1127.5], [1679.5, 1178.5], [1613.5, 1134.5], [1595.5, 1161.5], [1542.5, 1116.5], [2153.5, 938.0], [2154.0, 886.5], [1978.166748046875, 979.1666870117188], [1860.5, 1016.0], [1759.5, 1038.5], [1683.0, 1049.0], [1609.0, 1055.0], [1538.0, 1058.5]]",
PBX,Left,pbx005v07_l,Landmarked_PBX/marked_tiff/Left/PBX005V07_L_MARK.tif,Landmarked_PBX/txt/Left/PBX005V07_L.txt,Raw_Images/PBX/PBX005V07_L.tif,PBX,32,32,roi,3840,2160,"[[2472.0, 908.0], [2523.5, 1130.1666259765625], [2396.833251953125, 1210.1666259765625], [2140.5, 1184.5], [2000.5, 1191.5], [1893.5, 1210.5], [1799.5, 1222.5], [1732.5, 1227.8333740234375], [1656.5, 1231.8333740234375], [1577.5, 1231.5], [1500.5, 1190.5], [1440.5, 1129.0], [1382.5, 1056.5], [2007.166748046875, 1058.5], [1936.5, 1103.8333740234375], [1885.8333740234375, 1097.1666259765625], [1844.5, 1147.8333740234375], [1789.1666259765625, 1122.5], [1771.1666259765625, 1175.1666259765625], [1717.5, 1139.5], [1713.5, 1193.5], [1648.5, 1147.5], [1623.5, 1178.5], [1566.5, 1110.5], [2171.166748046875, 964.1666870117188], [2169.833251953125, 906.1666870117188], [2008.5, 990.1666870117188], [1881.5, 1027.5], [1782.5, 1047.5], [1708.5, 1056.5], [1643.5, 1058.5], [1565.5, 1062.5]]",
PBX,Left,pbx005v08_l,Landmarked_PBX/marked_tiff/Left/PBX005V08_L_MARK.tif,Landmarked_PBX/txt/Left/PBX005V08_L.txt,Raw_Images/PBX/PBX005V08_L.tif,PBX,32,32,roi,3840,2160,"[[2437.0, 928.0], [2492.5, 1131.5], [2389.5, 1206.5], [2102.5, 1167.5], [1988.5, 1182.5], [1881.5, 1202.5], [1800.5, 1213.5], [1729.5, 1219.5], [1652.5, 1228.5], [1586.0, 1232.5], [1508.5, 1197.0], [1450.0, 1137.0], [1399.0, 1072.5], [1989.5, 1060.5], [1933.5, 1105.5], [1880.5, 1095.5], [1833.5, 1144.5], [1783.5, 1130.5], [1770.5, 1183.5], [1708.5, 1147.5], [1704.5, 1196.5], [1636.5, 1151.5], [1621.5, 1193.5], [1572.8333740234375, 1125.5], [2166.833251953125, 978.8333129882812], [2166.166748046875, 909.5], [1984.833251953125, 998.1666870117188], [1882.8333740234375, 1030.8333740234375], [1780.1666259765625, 1050.8333740234375], [1704.8333740234375, 1064.1666259765625], [1633.5, 1072.5], [1567.5, 1075.5]]",
PBX,Left,pbx006v02b_l,Landmarked_PBX/marked_tiff/Left/PBX006V02b_L_MARK.tif,Landmarked_PBX/txt/Left/PBX006V02b_L.txt,Raw_Images/PBX/PBX006V02b_L.tif,PBX,32,32,roi,3840,2160,"[[2448.0, 904.0], [2478.5, 1096.5], [2355.5, 1188.5], [2077.5, 1166.5], [1978.5, 1184.5], [1868.5, 1202.5], [1778.5, 1222.5], [1716.5, 1224.5], [1638.5, 1236.5], [1582.8333740234375, 1233.8333740234375], [1512.8333740234375, 1191.8333740234375], [1456.1666259765625, 1127.8333740234375], [1405.5, 1055.1666259765625], [1983.5, 1054.5], [1932.833251953125, 1101.1666259765625], [1875.5, 1101.1666259765625], [1834.8333740234375, 1139.8333740234375], [1784.1666259765625, 1123.1666259765625], [1762.8333740234375, 1167.8333740234375], [1705.5, 1138.5], [1682.5, 1178.5], [1634.5, 1147.5], [1607.5, 1171.5], [1571.5, 1116.5], [2171.833251953125, 946.1666870117188], [2169.166748046875, 892.1666870117188], [1982.5, 994.5], [1867.8333740234375, 1030.5], [1777.1666259765625, 1049.1666259765625], [1699.5, 1059.0], [1632.0, 1064.0], [1569.5, 1064.5]]",
PBX,Left,pbx006v03a_l,Landmarked_PBX/marked_tiff/Left/PBX006V03a_L_MARK.tif,Landmarked_PBX/txt/Left/PBX006V03a_L.txt,Raw_Images/PBX/PBX006V03a_L.tif,PBX,32,32,roi,3840,2160,"[[2430.0, 919.0], [2482.5, 1106.5], [2373.5, 1190.5], [2111.833251953125, 1169.1666259765625], [1999.8333740234375, 1185.8333740234375], [1891.1666259765625, 1205.8333740234375], [1801.1666259765625, 1215.1666259765625], [1733.0, 1232.0], [1641.5, 1242.0], [1576.5, 1239.0], [1505.5, 1200.0], [1447.5, 1139.5], [1405.5, 1078.5], [1974.5, 1058.5], [1927.5, 1110.5], [1872.5, 1104.5], [1835.5, 1152.5], [1785.5, 1128.5], [1762.5, 1181.5], [1702.5, 1150.5], [1688.5, 1194.5], [1630.5, 1156.5], [1611.5, 1193.5], [1574.5, 1130.5], [2136.5, 973.8333129882812], [2136.166748046875, 920.1666870117188], [1974.5, 1000.0], [1872.0, 1033.5], [1785.5, 1053.0], [1696.5, 1069.5], [1625.0, 1073.5], [1572.5, 1076.5]]",
PBX,Left,pbx006v04b_l,Landmarked_PBX/marked_tiff/Left/PBX006V04b_L_MARK.tif,Landmarked_PBX/txt/Left/PBX006V04b_L.txt,Raw_Images/PBX/PBX006V04b_L.tif,PBX,32,32,roi,3840,2160,"[[2428.5, 933.5], [2457.5, 1109.5], [2351.5, 1205.5], [2097.833251953125, 1177.5], [1972.5, 1180.8333740234375], [1879.8333740234375, 1194.1666259765625], [1804.5, 1208.1666259765625], [1735.8333740234375, 1220.8333740234375], [1652.1666259765625, 1227.8333740234375], [1585.5, 1225.1666259765625], [1512.5, 1190.8333740234375], [1463.1666259765625, 1130.1666259765625], [1423.1666259765625, 1059.5], [1977.166748046875, 1055.1666259765625], [1919.8333740234375, 1111.1666259765625], [1870.5, 1096.5], [1839.8333740234375, 1141.8333740234375], [1785.1666259765625, 1123.8333740234375], [1769.1666259765625, 1169.8333740234375], [1714.5, 1138.5], [1695.8333740234375, 1181.1666259765625], [1642.5, 1140.5], [1624.5, 1170.5], [1584.5, 1116.5], [2140.0, 970.5], [2139.5, 921.0], [1977.0, 1001.0], [1869.0, 1034.0], [1779.5, 1052.5], [1710.0, 1060.5], [1640.8333740234375, 1065.5], [1581.5, 1066.1666259765625]]",
PBX,Left,pbx006v07_l,Landmarked_PBX/marked_tiff/Left/PBX006V07_L_MARK.tif,Landmarked_PBX/txt/Left/PBX006V07_L.txt,Raw_Images/PBX/PBX006V07_L.tif,PBX,32,32,roi,3840,2160,"[[2398.166748046875, 938.8333129882812], [2446.166748046875, 1106.8333740234375], [2344.833251953125, 1213.5], [2106.5, 1176.8333740234375], [1971.1666259765625, 1182.1666259765625], [1883.1666259765625, 1200.8333740234375], [1792.5, 1217.5], [1715.5, 1221.5], [1636.5, 1227.5], [1560.8333740234375, 1212.5], [1496.8333740234375, 1171.1666259765625], [1446.1666259765625, 1113.8333740234375], [1404.1666259765625, 1050.5], [1978.5, 1059.5], [1915.5, 1106.0], [1858.0, 1100.0], [1828.5, 1144.5], [1768.0, 1123.0], [1748.0, 1166.5], [1697.1666259765625, 1139.1666259765625], [1687.1666259765625, 1178.5], [1625.8333740234375, 1136.5], [1598.5, 1171.8333740234375], [1559.8333740234375, 1105.1666259765625], [2141.5, 978.8333129882812], [2139.166748046875, 934.5], [1973.0, 1001.0], [1850.0, 1030.5], [1759.5, 1046.5], [1689.5, 1054.0], [1619.0, 1054.5], [1559.0, 1053.0]]",
PBX,Left,pbx006v08_l,Landmarked_PBX/marked_tiff/Left/PBX006V08_L_MARK.tif,Landmarked_PBX/txt/Left/PBX006V08_L.txt,Raw_Images/PBX/PBX006V08_L.tif,PBX,32,32,roi,3840,2160,"[[2409.5, 936.5], [2477.5, 1130.5], [2368.5, 1219.5], [2091.5, 1187.5], [1963.5, 1200.5], [1849.5, 1220.5], [1775.5, 1234.5], [1715.5, 1240.5], [1628.5, 1244.5], [1554.5, 1232.5], [1480.5, 1185.5], [1426.5, 1119.5], [1376.5, 1048.5], [1967.166748046875, 1072.1666259765625], [1903.833251953125, 1116.1666259765625], [1852.5, 1110.8333740234375], [1815.8333740234375, 1158.1666259765625], [1762.5, 1134.1666259765625], [1740.5, 1180.8333740234375], [1680.5, 1146.8333740234375], [1673.8333740234375, 1196.8333740234375], [1609.5, 1149.5], [1593.5, 1178.5], [1541.5, 1116.5], [2134.5, 976.5], [2132.833251953125, 931.8333129882812], [1963.833251953125, 1013.8333129882812], [1846.5, 1044.5], [1752.5, 1058.5], [1674.0, 1063.0], [1603.5, 1064.0], [1538.0, 1062.0]]",
PBX,Left,pbx006v09_l,Landmarked_PBX/marked_tiff/Left/PBX006V09_L_MARK.tif,Landmarked_PBX/txt/Left/PBX006V09_L.txt,Raw_Images/PBX/PBX006V09_L.tif,PBX,32,32,roi,3840,2160,"[[2422.0, 907.0], [2463.5, 1062.5], [2339.5, 1176.5], [2045.5, 1164.5], [1940.5, 1178.5], [1839.5, 1195.5], [1750.5, 1208.5], [1678.5, 1221.5], [1588.1666259765625, 1232.5], [1528.5, 1228.5], [1462.0, 1188.5], [1408.0, 1123.5], [1361.5, 1060.5], [1958.5, 1048.1666259765625], [1896.5, 1096.1666259765625], [1837.8333740234375, 1088.8333740234375], [1798.5, 1138.1666259765625], [1746.5, 1114.1666259765625], [1723.8333740234375, 1164.1666259765625], [1662.5, 1131.5], [1643.5, 1173.0], [1595.5, 1139.0], [1563.5, 1163.5], [1524.5, 1115.5], [2141.833251953125, 959.1666870117188], [2140.5, 897.1666870117188], [1954.0, 984.0], [1831.5, 1027.5], [1740.5, 1042.5], [1654.5, 1053.5], [1585.5, 1057.5], [1518.5, 1058.5]]",
PBX,Left,pbx006v11_l,Landmarked_PBX/marked_tiff/Left/PBX006V11_L_MARK.tif,Landmarked_PBX/txt/Left/PBX006V11_L.txt,Raw_Images/PBX/PBX006V11_L.tif,PBX,32,32,roi,3840,2160,"[[2370.0, 948.0], [2456.5, 1104.5], [2366.5, 1195.5], [2101.833251953125, 1163.8333740234375], [1989.8333740234375, 1172.5], [1876.5, 1190.5], [1790.5, 1203.5], [1716.5, 1211.5], [1636.5, 1216.0], [1581.8333740234375, 1209.5], [1513.8333740234375, 1175.5], [1459.1666259765625, 1113.5], [1414.5, 1046.8333740234375], [1977.166748046875, 1061.5], [1909.1666259765625, 1110.8333740234375], [1861.8333740234375, 1103.5], [1828.5, 1144.1666259765625], [1767.8333740234375, 1128.1666259765625], [1762.5, 1169.5], [1705.1666259765625, 1133.5], [1686.5, 1172.8333740234375], [1634.5, 1135.0], [1605.5, 1158.0], [1565.0, 1106.0], [2124.833251953125, 987.1666870117188], [2122.166748046875, 921.1666870117188], [1975.5, 993.0], [1857.0, 1023.0], [1762.0, 1043.0], [1701.0, 1049.5], [1630.5, 1053.5], [1561.1666259765625, 1051.1666259765625]]",
PBX,Left,pbx006v13_l,Landmarked_PBX/marked_tiff/Left/PBX006V13_L_MARK.tif,Landmarked_PBX/txt/Left/PBX006V13_L.txt,Raw_Images/PBX/PBX006V13_L.tif,PBX,32,32,roi,3840,2160,"[[2360.0, 936.0], [2436.5, 1102.5], [2362.5, 1204.5], [2107.833251953125, 1166.8333740234375], [1996.5, 1172.8333740234375], [1895.0, 1186.0], [1803.0, 1198.5], [1746.5, 1208.5], [1657.0, 1217.0], [1600.5, 1217.0], [1527.5, 1179.5], [1465.0, 1116.0], [1414.0, 1053.5], [1969.5, 1046.1666259765625], [1911.5, 1091.5], [1866.1666259765625, 1093.5], [1838.1666259765625, 1127.5], [1781.5, 1110.8333740234375], [1771.5, 1158.1666259765625], [1707.1666259765625, 1120.5], [1706.8333740234375, 1177.1666259765625], [1639.1666259765625, 1132.1666259765625], [1620.0, 1161.0], [1577.1666259765625, 1100.8333740234375], [2118.5, 969.5], [2117.833251953125, 919.5], [1969.5, 985.0], [1863.5, 1013.5], [1781.5, 1029.5], [1706.5, 1043.0], [1633.5, 1049.0], [1573.5, 1050.0]]",
PBX,Left,pbx006v14_l,Landmarked_PBX/marked_tiff/Left/PBX006V14_L_MARK.tif,Landmarked_PBX/txt/Left/PBX006V14_L.txt,Raw_Images/PBX/PBX006V14_L.tif,PBX,32,32,roi,3840,2160,"[[2434.0, 892.0], [2490.166748046875, 1074.8333740234375], [2364.833251953125, 1214.8333740234375], [2108.833251953125, 1188.1666259765625], [1978.5, 1197.5], [1873.5, 1217.5], [1781.5, 1231.5], [1712.5, 1238.5], [1648.5, 1247.5], [1577.5, 1247.5], [1495.8333740234375, 1206.8333740234375], [1433.8333740234375, 1142.1666259765625], [1375.8333740234375, 1069.5], [1981.833251953125, 1056.5], [1919.833251953125, 1098.5], [1864.5, 1097.1666259765625], [1829.8333740234375, 1139.8333740234375], [1773.8333740234375, 1120.5], [1753.1666259765625, 1171.8333740234375], [1693.1666259765625, 1141.8333740234375], [1679.5, 1187.5], [1627.1666259765625, 1149.1666259765625], [1605.1666259765625, 1183.1666259765625], [1546.5, 1129.1666259765625], [2146.0, 951.5], [2144.0, 907.5], [1980.833251953125, 994.1666870117188], [1858.5, 1031.5], [1761.0, 1052.5], [1684.5, 1060.5], [1622.5, 1064.5], [1539.5, 1066.0]]",
PBX,Left,pbx006v20_l,Landmarked_PBX/marked_tiff/Left/PBX006V20_L_MARK.tif,Landmarked_PBX/txt/Left/PBX006V20_L.txt,Raw_Images/PBX/PBX006V20_L.tif,PBX,32,32,roi,3840,2160,"[[2396.5, 917.5], [2442.5, 1066.5], [2354.5, 1175.5], [2087.833251953125, 1157.1666259765625], [1973.1666259765625, 1169.1666259765625], [1869.5, 1188.5], [1789.5, 1202.5], [1719.5, 1216.5], [1646.5, 1224.5], [1583.1666259765625, 1225.1666259765625], [1504.5, 1189.1666259765625], [1441.1666259765625, 1131.8333740234375], [1386.5, 1066.5], [1966.5, 1049.1666259765625], [1911.166748046875, 1099.1666259765625], [1855.8333740234375, 1093.8333740234375], [1825.1666259765625, 1132.5], [1771.1666259765625, 1112.5], [1745.1666259765625, 1155.1666259765625], [1691.1666259765625, 1131.8333740234375], [1683.5, 1173.5], [1626.5, 1142.5], [1605.5, 1166.5], [1558.5, 1113.5], [2125.166748046875, 965.5], [2119.833251953125, 904.8333129882812], [1962.166748046875, 984.1666870117188], [1848.1666259765625, 1022.8333129882812], [1770.8333740234375, 1038.1666259765625], [1686.8333740234375, 1051.5], [1621.5, 1058.5], [1552.5, 1062.5]]",
PBX,Left,pbx006v21_l,Landmarked_PBX/marked_tiff/Left/PBX006V21_L_MARK.tif,Landmarked_PBX/txt/Left/PBX006V21_L.txt,Raw_Images/PBX/PBX006V21_L.tif,PBX,32,32,roi,3840,2160,"[[2360.0, 916.0], [2443.5, 1066.5], [2359.5, 1180.5], [2077.5, 1162.5], [1967.5, 1172.5], [1869.1666259765625, 1189.1666259765625], [1786.5, 1203.8333740234375], [1714.5, 1213.1666259765625], [1640.8333740234375, 1224.5], [1566.8333740234375, 1219.1666259765625], [1498.5, 1178.8333740234375], [1440.5, 1118.1666259765625], [1392.5, 1055.5], [1959.166748046875, 1056.1666259765625], [1902.5, 1102.8333740234375], [1857.1666259765625, 1097.5], [1823.1666259765625, 1140.1666259765625], [1776.5, 1118.8333740234375], [1749.8333740234375, 1167.5], [1697.8333740234375, 1136.1666259765625], [1691.1666259765625, 1188.1666259765625], [1627.1666259765625, 1144.8333740234375], [1605.1666259765625, 1173.5], [1554.5, 1122.8333740234375], [2126.5, 972.1666870117188], [2125.833251953125, 905.5], [1959.0, 996.5], [1852.0, 1027.5], [1770.5, 1046.5], [1695.8333740234375, 1055.8333740234375], [1625.8333740234375, 1061.5], [1552.8333740234375, 1062.8333740234375]]",
PBX,Left,pbx006v22_l,Landmarked_PBX/marked_tiff/Left/PBX006V22_L_MARK.tif,Landmarked_PBX/txt/Left/PBX006V22_L.txt,Raw_Images/PBX/PBX006V22_L.tif,PBX,32,32,roi,3840,2160,"[[2449.166748046875, 924.8333129882812], [2485.166748046875, 1052.8333740234375], [2383.833251953125, 1171.5], [2100.5, 1162.5], [1956.5, 1174.5], [1867.5, 1188.5], [1776.5, 1199.5], [1701.5, 1210.5], [1637.8333740234375, 1219.1666259765625], [1571.1666259765625, 1217.8333740234375], [1500.5, 1181.5], [1439.8333740234375, 1118.8333740234375], [1391.1666259765625, 1050.8333740234375], [1978.5, 1037.5], [1907.833251953125, 1102.8333740234375], [1859.8333740234375, 1088.8333740234375], [1826.5, 1129.5], [1769.8333740234375, 1111.5], [1754.5, 1158.8333740234375], [1697.8333740234375, 1125.5], [1685.1666259765625, 1178.8333740234375], [1631.5, 1134.5], [1604.5, 1156.5], [1557.5, 1108.5], [2166.5, 958.1666870117188], [2167.166748046875, 880.1666870117188], [1979.5, 974.8333129882812], [1857.5, 1013.5], [1768.8333740234375, 1030.8333740234375], [1695.5, 1039.5], [1631.5, 1044.5], [1555.5, 1045.5]]",
PBX,Left,pbx008v01_l,Landmarked_PBX/marked_tiff/Left/PBX008V01_L_MARK.tif,Landmarked_PBX/txt/Left/PBX008V01_L.txt,Raw_Images/PBX/PBX008V01_L.tif,PBX,32,32,roi,3840,2160,"[[2430.0, 917.0], [2492.833251953125, 1084.8333740234375], [2395.5, 1184.8333740234375], [2090.166748046875, 1170.1666259765625], [1954.5, 1178.5], [1847.5, 1196.5], [1764.5, 1209.5], [1697.5, 1216.5], [1624.5, 1223.5], [1556.5, 1222.5], [1470.5, 1183.5], [1410.5, 1124.5], [1355.5, 1050.5], [1956.5, 1050.5], [1897.5, 1102.5], [1851.5, 1094.5], [1806.5, 1126.5], [1751.5, 1112.5], [1735.5, 1153.5], [1670.5, 1125.5], [1669.5, 1176.5], [1610.5, 1139.5], [1597.5, 1184.5], [1525.5, 1110.5], [2140.5, 964.5], [2138.5, 910.5], [1956.166748046875, 994.1666870117188], [1855.5, 1023.5], [1750.8333740234375, 1042.8333740234375], [1663.5, 1054.5], [1602.5, 1055.5], [1523.5, 1056.5]]",
PBX,Left,pbx009v05_l,Landmarked_PBX/marked_tiff/Left/PBX009V05_L_MARK.tif,Landmarked_PBX/txt/Left/PBX009V05_L.txt,Raw_Images/PBX/PBX009V05_l.tif,PBX,32,32,roi,3840,2160,"[[2385.5, 921.5], [2449.5, 1093.5], [2349.5, 1197.5], [2092.5, 1173.5], [1966.5, 1183.5], [1878.5, 1205.5], [1800.1666259765625, 1219.1666259765625], [1730.8333740234375, 1232.5], [1662.1666259765625, 1241.1666259765625], [1597.5, 1245.1666259765625], [1516.5, 1206.8333740234375], [1453.8333740234375, 1144.8333740234375], [1400.5, 1076.8333740234375], [1966.5, 1050.5], [1907.1666259765625, 1103.1666259765625], [1857.1666259765625, 1102.5], [1830.5, 1145.8333740234375], [1776.5, 1129.1666259765625], [1759.1666259765625, 1176.5], [1701.1666259765625, 1151.1666259765625], [1706.5, 1204.5], [1643.1666259765625, 1157.8333740234375], [1616.5, 1185.1666259765625], [1565.0, 1135.5], [2125.5, 962.5], [2125.0, 916.0], [1963.0, 1000.0], [1851.0, 1037.5], [1768.5, 1056.5], [1696.5, 1068.0], [1635.5, 1075.5], [1563.0, 1081.0]]",
PBX,Left,pbx009v07_l,Landmarked_PBX/marked_tiff/Left/PBX009V07_L_MARK.tif,Landmarked_PBX/txt/Left/PBX009V07_L.txt,Raw_Images/PBX/PBX009V07_L.tif,PBX,32,32,roi,3840,2160,"[[2413.0, 925.0], [2467.166748046875, 1102.8333740234375], [2353.166748046875, 1207.8333740234375], [2078.5, 1180.5], [1969.5, 1186.5], [1864.5, 1207.5], [1779.5, 1227.5], [1706.5, 1242.5], [1626.5, 1253.5], [1561.8333740234375, 1249.5], [1495.5, 1219.5], [1434.5, 1170.5], [1377.5, 1095.5], [1974.166748046875, 1062.1666259765625], [1911.5, 1114.1666259765625], [1860.8333740234375, 1108.8333740234375], [1828.8333740234375, 1154.1666259765625], [1770.1666259765625, 1136.8333740234375], [1748.8333740234375, 1187.5], [1692.8333740234375, 1154.1666259765625], [1667.5, 1198.1666259765625], [1616.8333740234375, 1163.5], [1596.8333740234375, 1195.5], [1544.8333740234375, 1148.8333740234375], [2149.5, 959.5], [2148.5, 907.5], [1974.5, 1000.5], [1858.5, 1041.5], [1769.5, 1066.5], [1691.5, 1076.5], [1612.5, 1084.5], [1540.5, 1089.5]]",
PBX,Left,pbx009v12_l,Landmarked_PBX/marked_tiff/Left/PBX009V12_L_MARK.tif,Landmarked_PBX/txt/Left/PBX009V12_L.txt,Raw_Images/PBX/PBX009V12_L.tif,PBX,32,32,roi,3840,2160,"[[2402.0, 929.0], [2460.833251953125, 1103.5], [2367.5, 1206.1666259765625], [2076.5, 1177.5], [1965.5, 1187.5], [1857.5, 1201.5], [1767.5, 1219.5], [1702.5, 1226.5], [1630.8333740234375, 1231.1666259765625], [1557.5, 1235.1666259765625], [1475.5, 1200.5], [1408.5, 1142.5], [1355.5, 1073.5], [1949.5, 1058.5], [1892.166748046875, 1101.8333740234375], [1842.1666259765625, 1094.5], [1809.5, 1137.1666259765625], [1752.1666259765625, 1123.8333740234375], [1736.1666259765625, 1168.5], [1676.1666259765625, 1138.5], [1661.5, 1183.8333740234375], [1604.0, 1149.5], [1580.0, 1171.5], [1530.5, 1118.5], [2138.833251953125, 952.1666870117188], [2137.5, 912.1666870117188], [1948.5, 998.8333129882812], [1839.8333740234375, 1029.5], [1749.8333740234375, 1046.8333740234375], [1672.5, 1058.8333740234375], [1601.1666259765625, 1066.1666259765625], [1527.8333740234375, 1070.1666259765625]]",
PBX,Left,pbx009v14_l,Landmarked_PBX/marked_tiff/Left/PBX009V14_L_MARK.tif,Landmarked_PBX/txt/Left/PBX009V14_L.txt,Raw_Images/PBX/PBX009V14_L.tif,PBX,32,32,roi,3840,2160,"[[2371.0, 930.0], [2442.5, 1115.5], [2348.5, 1209.5], [2070.166748046875, 1185.5], [1947.5, 1207.5], [1857.5, 1223.5], [1773.5, 1231.5], [1710.5, 1239.5], [1631.5, 1248.5], [1564.5, 1249.5], [1488.8333740234375, 1216.1666259765625], [1428.1666259765625, 1151.5], [1378.8333740234375, 1092.1666259765625], [1950.166748046875, 1076.8333740234375], [1889.5, 1134.5], [1844.1666259765625, 1116.8333740234375], [1811.5, 1154.8333740234375], [1766.8333740234375, 1138.8333740234375], [1737.5, 1184.1666259765625], [1681.5, 1154.5], [1676.5, 1199.5], [1614.5, 1164.5], [1590.5, 1187.5], [1543.5, 1136.5], [2107.166748046875, 978.1666870117188], [2106.5, 935.5], [1945.5, 1012.5], [1837.5, 1049.5], [1759.5, 1065.5], [1675.0, 1078.0], [1607.0, 1084.5], [1541.0, 1086.5]]",
PBX,Left,pbx009v17_l,Landmarked_PBX/marked_tiff/Left/PBX009V17_L_MARK.tif,Landmarked_PBX/txt/Left/PBX009V17_L.txt,Raw_Images/PBX/PBX009V17_L.tif,PBX,32,32,roi,3840,2160,"[[2430.0, 901.0], [2464.5, 1078.5], [2371.5, 1201.5], [2091.5, 1174.5], [1992.5, 1190.5], [1869.5, 1209.5], [1782.8333740234375, 1226.8333740234375], [1717.5, 1241.5], [1636.8333740234375, 1250.1666259765625], [1564.8333740234375, 1245.5], [1482.0, 1200.5], [1421.5, 1132.5], [1379.5, 1066.0], [1979.5, 1057.5], [1919.5, 1105.0], [1860.5, 1106.5], [1832.5, 1150.5], [1773.5, 1131.5], [1751.8333740234375, 1181.5], [1696.5, 1149.1666259765625], [1675.1666259765625, 1194.8333740234375], [1619.8333740234375, 1154.5], [1599.8333740234375, 1180.1666259765625], [1537.1666259765625, 1130.8333740234375], [2155.833251953125, 950.5], [2153.5, 902.5], [1977.0, 1001.5], [1856.1666259765625, 1042.5], [1767.5, 1061.8333740234375], [1684.1666259765625, 1071.8333740234375], [1611.5, 1075.1666259765625], [1532.8333740234375, 1073.8333740234375]]",
PBX,Left,pbx009v18_l,Landmarked_PBX/marked_tiff/Left/PBX009V18_L_MARK.tif,Landmarked_PBX/txt/Left/PBX009V18_L.txt,Raw_Images/PBX/PBX009V18_L.tif,PBX,32,32,roi,3840,2160,"[[2409.0, 891.0], [2481.5, 1094.5], [2353.5, 1199.5], [2090.5, 1177.5], [1978.5, 1185.5], [1860.5, 1199.5], [1764.5, 1221.5], [1698.5, 1227.5], [1629.5, 1237.5], [1552.5, 1238.5], [1476.5, 1199.1666259765625], [1409.5, 1139.1666259765625], [1353.8333740234375, 1067.1666259765625], [1968.5, 1036.5], [1905.5, 1096.5], [1859.5, 1087.5], [1821.5, 1138.5], [1766.5, 1118.5], [1735.5, 1170.5], [1683.5, 1137.5], [1666.5, 1178.5], [1617.5, 1145.5], [1594.5, 1179.5], [1534.5, 1116.5], [2123.833251953125, 939.5], [2123.833251953125, 896.8333129882812], [1967.166748046875, 980.5], [1857.1666259765625, 1021.8333129882812], [1765.8333740234375, 1042.5], [1677.1666259765625, 1057.1666259765625], [1611.5, 1060.5], [1531.5, 1063.5]]",
PBX,Left,pbx009v19_l,Landmarked_PBX/marked_tiff/Left/PBX009V19_L_MARK.tif,Landmarked_PBX/txt/Left/PBX009V19_L.txt,Raw_Images/PBX/PBX009V19_L.tif,PBX,32,32,roi,3840,2160,"[[2460.0, 909.0], [2487.5, 1071.5], [2376.833251953125, 1192.8333740234375], [2082.166748046875, 1170.1666259765625], [1967.5, 1182.1666259765625], [1868.5, 1195.8333740234375], [1775.1666259765625, 1212.5], [1698.5, 1215.1666259765625], [1634.5, 1227.1666259765625], [1565.8333740234375, 1231.8333740234375], [1486.0, 1194.5], [1418.0, 1139.0], [1359.0, 1068.5], [1983.166748046875, 1037.1666259765625], [1919.833251953125, 1091.8333740234375], [1866.5, 1084.5], [1829.1666259765625, 1133.8333740234375], [1773.8333740234375, 1108.5], [1743.8333740234375, 1163.8333740234375], [1690.5, 1124.5], [1671.8333740234375, 1178.5], [1617.5, 1135.5], [1595.5, 1164.5], [1539.5, 1121.5], [2157.833251953125, 936.1666870117188], [2157.833251953125, 887.5], [1985.833251953125, 978.1666870117188], [1863.8333740234375, 1016.1666870117188], [1773.8333740234375, 1036.1666259765625], [1688.5, 1050.1666259765625], [1619.1666259765625, 1061.5], [1537.1666259765625, 1064.8333740234375]]",
PBX,Left,pbx009v20_l,Landmarked_PBX/marked_tiff/Left/PBX009V20_L_MARK.tif,Landmarked_PBX/txt/Left/PBX009V20_L.txt,Raw_Images/PBX/PBX009V20_L.tif,PBX,32,32,roi,3840,2160,"[[2416.5, 918.5], [2488.5, 1064.5], [2396.5, 1193.5], [2083.5, 1171.5], [1967.5, 1184.8333740234375], [1855.5, 1206.1666259765625], [1764.8333740234375, 1216.8333740234375], [1696.8333740234375, 1230.1666259765625], [1624.1666259765625, 1236.8333740234375], [1550.8333740234375, 1238.1666259765625], [1466.0, 1200.0], [1402.5, 1136.5], [1354.5, 1067.5], [1959.166748046875, 1063.8333740234375], [1901.833251953125, 1113.1666259765625], [1852.5, 1100.5], [1814.5, 1142.5], [1758.5, 1126.5], [1733.8333740234375, 1177.1666259765625], [1679.5, 1149.5], [1663.5, 1188.5], [1604.5, 1153.5], [1583.0, 1176.5], [1531.0, 1124.0], [2135.5, 964.5], [2133.5, 910.0], [1954.166748046875, 995.1666870117188], [1848.8333740234375, 1027.8333740234375], [1751.5, 1049.5], [1672.5, 1058.5], [1592.8333740234375, 1065.5], [1522.8333740234375, 1066.8333740234375]]",
PBX,Left,pbx009v21_l,Landmarked_PBX/marked_tiff/Left/PBX009V21_L_MARK.tif,Landmarked_PBX/txt/Left/PBX009V21_L.txt,Raw_Images/PBX/PBX009V21_L.tif,PBX,32,32,roi,3840,2160,"[[2408.0, 937.0], [2445.166748046875, 1096.8333740234375], [2332.833251953125, 1199.5], [2089.5, 1170.5], [1964.5, 1178.5], [1865.5, 1188.5], [1782.5, 1192.5], [1709.5, 1205.5], [1630.5, 1214.5], [1571.5, 1210.5], [1493.5, 1170.5], [1434.1666259765625, 1107.1666259765625], [1384.8333740234375, 1042.5], [1968.833251953125, 1047.5], [1902.833251953125, 1094.1666259765625], [1856.8333740234375, 1084.8333740234375], [1820.1666259765625, 1131.5], [1770.8333740234375, 1108.1666259765625], [1749.5, 1158.1666259765625], [1692.8333740234375, 1120.8333740234375], [1682.1666259765625, 1170.1666259765625], [1626.5, 1128.5], [1597.5, 1152.5], [1554.5, 1101.5], [2126.166748046875, 970.1666870117188], [2124.5, 919.5], [1967.5, 991.5], [1854.1666259765625, 1020.1666870117188], [1767.5, 1035.5], [1684.0, 1045.5], [1620.0, 1049.0], [1548.5, 1049.5]]",
PBX,Left,pbx009v24_l,Landmarked_PBX/marked_tiff/Left/PBX009V24_L_MARK.tif,Landmarked_PBX/txt/Left/PBX009V24_L.txt,Raw_Images/PBX/PBX009V24_L.tif,PBX,32,32,roi,3840,2160,"[[2439.5, 900.5], [2487.5, 1085.5], [2381.5, 1183.5], [2117.5, 1170.5], [1987.5, 1182.5], [1881.5, 1193.8333740234375], [1789.5, 1209.1666259765625], [1720.1666259765625, 1220.5], [1642.1666259765625, 1231.8333740234375], [1572.5, 1232.0], [1492.5, 1192.5], [1429.5, 1131.5], [1376.5, 1063.5], [1990.833251953125, 1040.8333740234375], [1921.5, 1092.1666259765625], [1872.8333740234375, 1086.1666259765625], [1838.8333740234375, 1136.8333740234375], [1774.1666259765625, 1121.5], [1759.5, 1166.5], [1700.5, 1135.0], [1691.5, 1188.0], [1633.5, 1143.5], [1614.0, 1167.5], [1553.5, 1116.5], [2148.5, 943.5], [2147.5, 901.5], [1986.5, 984.5], [1867.5, 1023.0], [1765.0, 1045.0], [1692.0, 1055.0], [1617.5, 1060.0], [1547.5, 1061.5]]",
PBX,Left,pbx009v25_l,Landmarked_PBX/marked_tiff/Left/PBX009V25_L_MARK.tif,Landmarked_PBX/txt/Left/PBX009V25_L.txt,Raw_Images/PBX/PBX009V25_L.tif,PBX,32,32,roi,3840,2160,"[[2406.0, 917.0], [2456.5, 1071.5], [2331.5, 1188.5], [2081.5, 1170.5], [1951.5, 1183.5], [1848.5, 1204.1666259765625], [1770.5, 1221.0], [1709.5, 1229.5], [1628.0, 1235.0], [1561.5, 1237.5], [1490.1666259765625, 1198.8333740234375], [1426.1666259765625, 1147.5], [1372.1666259765625, 1088.8333740234375], [1957.833251953125, 1047.1666259765625], [1894.5, 1111.1666259765625], [1838.5, 1100.5], [1809.1666259765625, 1148.5], [1751.8333740234375, 1125.1666259765625], [1738.5, 1176.5], [1679.8333740234375, 1141.8333740234375], [1657.1666259765625, 1180.5], [1614.5, 1157.5], [1588.5, 1178.5], [1536.5, 1130.5], [2121.5, 961.0], [2118.0, 916.0], [1957.5, 997.5], [1834.5, 1038.5], [1752.5, 1058.5], [1675.5, 1069.5], [1609.5, 1077.5], [1535.5, 1080.5]]",
PBX,Left,pbx009v26_l,Landmarked_PBX/marked_tiff/Left/PBX009V26_L_MARK.tif,Landmarked_PBX/txt/Left/PBX009V26_L.txt,Raw_Images/PBX/PBX009V26_L.tif,PBX,32,32,roi,3840,2160,"[[2412.833251953125, 916.8333129882812], [2478.166748046875, 1099.5], [2367.5, 1203.5], [2079.5, 1171.5], [1964.5, 1185.5], [1865.5, 1199.5], [1781.5, 1213.5], [1707.5, 1221.5], [1637.5, 1225.5], [1569.5, 1222.5], [1491.1666259765625, 1189.8333740234375], [1428.5, 1124.5], [1381.1666259765625, 1057.8333740234375], [1983.5, 1047.5], [1914.5, 1099.5], [1865.5, 1094.5], [1827.5, 1138.5], [1778.5, 1117.5], [1759.5, 1171.5], [1697.5, 1132.5], [1690.5, 1187.5], [1628.5, 1137.5], [1607.5, 1166.5], [1551.5, 1114.5], [2133.5, 956.5], [2130.5, 908.5], [1977.5, 988.5], [1864.5, 1027.5], [1776.5, 1042.5], [1694.5, 1053.5], [1622.5, 1056.5], [1547.5, 1056.5]]",
PBX,Left,pbx009v27_l,Landmarked_PBX/marked_tiff/Left/PBX009V27_L_MARK.tif,Landmarked_PBX/txt/Left/PBX009V27_L.txt,Raw_Images/PBX/PBX009V27_L.tif,PBX,32,32,roi,3840,2160,"[[2423.5, 943.5], [2488.5, 1105.5], [2375.5, 1207.5], [2088.5, 1166.5], [1979.5, 1174.5], [1878.1666259765625, 1194.5], [1790.1666259765625, 1210.5], [1716.8333740234375, 1217.1666259765625], [1623.5, 1223.8333740234375], [1563.5, 1219.8333740234375], [1482.1666259765625, 1190.1666259765625], [1414.8333740234375, 1123.5], [1357.5, 1055.5], [1978.166748046875, 1052.8333740234375], [1915.5, 1103.5], [1860.1666259765625, 1090.1666259765625], [1822.1666259765625, 1136.1666259765625], [1768.1666259765625, 1116.1666259765625], [1753.5, 1167.5], [1690.5, 1131.5], [1686.5, 1179.5], [1627.5, 1129.5], [1598.5, 1157.5], [1552.5, 1108.5], [2140.5, 960.5], [2140.166748046875, 896.1666870117188], [1973.5, 983.8333129882812], [1849.5, 1021.5], [1758.5, 1038.5], [1680.5, 1048.5], [1614.5, 1055.5], [1547.5, 1056.5]]",
PBX,Left,pbx009v28_l,Landmarked_PBX/marked_tiff/Left/PBX009V28_L_MARK.tif,Landmarked_PBX/txt/Left/PBX009V28_L.txt,Raw_Images/PBX/PBX009V28_L.tif,PBX,32,32,roi,3840,2160,"[[2463.5, 902.5], [2487.5, 1102.5], [2339.5, 1205.5], [2096.5, 1177.1666259765625], [1965.8333740234375, 1182.5], [1858.5, 1202.5], [1779.5, 1214.5], [1707.5, 1225.5], [1631.5, 1237.5], [1570.1666259765625, 1235.5], [1496.1666259765625, 1200.8333740234375], [1438.1666259765625, 1140.8333740234375], [1380.1666259765625, 1076.1666259765625], [1964.0, 1060.5], [1900.0, 1111.5], [1855.5, 1101.0], [1826.5, 1153.0], [1770.0, 1121.0], [1751.0, 1176.5], [1696.5, 1146.8333740234375], [1675.8333740234375, 1190.8333740234375], [1623.1666259765625, 1151.5], [1598.5, 1180.1666259765625], [1546.5, 1126.8333740234375], [2120.0, 976.0], [2118.5, 912.5], [1955.5, 983.5], [1845.5, 1017.5], [1760.5, 1034.5], [1691.5, 1045.5], [1611.5, 1053.5], [1540.5, 1057.5]]",
PBX,Left,pbx009v29_l,Landmarked_PBX/marked_tiff/Left/PBX009V29_L_MARK.tif,Landmarked_PBX/txt/Left/PBX009V29_L.txt,Raw_Images/PBX/PBX009V29_L.tif,PBX,32,32,roi,3840,2160,"[[2409.0, 888.0], [2467.5, 1070.5], [2367.5, 1186.5], [2104.166748046875, 1157.1666259765625], [1971.5, 1166.5], [1875.5, 1183.5], [1788.5, 1203.5], [1715.5, 1204.5], [1633.5, 1207.5], [1575.5, 1209.8333740234375], [1506.8333740234375, 1168.5], [1450.8333740234375, 1112.5], [1407.5, 1047.1666259765625], [1968.5, 1034.8333740234375], [1907.1666259765625, 1084.1666259765625], [1859.8333740234375, 1080.1666259765625], [1827.8333740234375, 1122.1666259765625], [1777.1666259765625, 1103.5], [1755.8333740234375, 1153.5], [1700.5, 1120.8333740234375], [1699.8333740234375, 1180.8333740234375], [1632.5, 1127.5], [1604.5, 1146.8333740234375], [1565.1666259765625, 1098.1666259765625], [2131.166748046875, 940.1666870117188], [2126.5, 884.8333129882812], [1967.5, 969.1666870117188], [1856.8333740234375, 1009.8333129882812], [1770.8333740234375, 1027.1666259765625], [1696.8333740234375, 1037.1666259765625], [1626.1666259765625, 1042.5], [1562.1666259765625, 1045.8333740234375]]",
PBX,Left,pbx009v30_l,Landmarked_PBX/marked_tiff/Left/PBX009V30_L_MARK.tif,Landmarked_PBX/txt/Left/PBX009V30_L.txt,Raw_Images/PBX/PBX009V30_L.tif,PBX,32,32,roi,3840,2160,"[[2395.5, 925.5], [2449.5, 1084.5], [2345.5, 1195.5], [2077.5, 1163.5], [1956.5, 1175.5], [1847.5, 1194.5], [1760.5, 1207.5], [1695.5, 1208.5], [1626.5, 1214.5], [1554.5, 1205.5], [1484.1666259765625, 1165.1666259765625], [1427.5, 1107.1666259765625], [1378.8333740234375, 1044.5], [1956.5, 1049.5], [1893.5, 1090.5], [1844.5, 1085.5], [1811.5, 1130.5], [1761.5, 1106.5], [1737.5, 1155.5], [1686.5, 1118.5], [1665.5, 1162.5], [1618.5, 1125.5], [1589.5, 1147.5], [1547.5, 1094.5], [2112.5, 957.0], [2109.0, 910.5], [1949.5, 987.5], [1835.5, 1018.1666870117188], [1750.1666259765625, 1032.8333740234375], [1676.1666259765625, 1038.8333740234375], [1610.1666259765625, 1042.1666259765625], [1541.5, 1044.8333740234375]]",
PBX,Left,pbx009v32_l,Landmarked_PBX/marked_tiff/Left/PBX009V32_L_MARK.tif,Landmarked_PBX/txt/Left/PBX009V32_L.txt,Raw_Images/PBX/PBX009V32_L.tif,PBX,32,32,roi,3840,2160,"[[2449.0, 915.0], [2492.5, 1073.5], [2382.5, 1191.5], [2078.5, 1167.8333740234375], [1956.5, 1179.8333740234375], [1857.1666259765625, 1195.5], [1769.1666259765625, 1211.5], [1706.5, 1220.8333740234375], [1631.1666259765625, 1230.1666259765625], [1555.8333740234375, 1225.5], [1480.5, 1188.1666259765625], [1413.1666259765625, 1124.1666259765625], [1363.1666259765625, 1062.8333740234375], [1974.166748046875, 1050.1666259765625], [1909.5, 1097.5], [1856.8333740234375, 1087.5], [1820.8333740234375, 1140.8333740234375], [1762.8333740234375, 1113.5], [1742.1666259765625, 1168.8333740234375], [1680.8333740234375, 1130.8333740234375], [1669.5, 1180.1666259765625], [1615.5, 1134.8333740234375], [1596.8333740234375, 1172.8333740234375], [1535.5, 1114.1666259765625], [2171.5, 953.0], [2167.833251953125, 897.8333129882812], [1972.833251953125, 991.5], [1853.8333740234375, 1021.8333129882812], [1755.0, 1042.5], [1678.5, 1053.0], [1611.75, 1057.75], [1530.0, 1059.75]]",
PBX,Left,pbx009v33_l,Landmarked_PBX/marked_tiff/Left/PBX009V33_L_MARK.tif,Landmarked_PBX/txt/Left/PBX009V33_L.txt,Raw_Images/PBX/PBX009V33_L.tif,PBX,32,32,roi,3840,2160,"[[2408.0, 892.0], [2452.833251953125, 1091.8333740234375], [2331.5, 1195.8333740234375], [2084.5, 1167.5], [1965.5, 1181.5], [1865.5, 1201.5], [1789.5, 1215.5], [1709.5, 1226.5], [1640.5, 1237.5], [1563.8333740234375, 1231.5], [1488.1666259765625, 1192.5], [1432.8333740234375, 1123.8333740234375], [1389.1666259765625, 1060.8333740234375], [1969.166748046875, 1051.1666259765625], [1912.166748046875, 1100.8333740234375], [1859.1666259765625, 1091.5], [1834.5, 1152.5], [1778.5, 1118.5], [1765.8333740234375, 1184.5], [1703.1666259765625, 1134.5], [1690.5, 1194.5], [1628.5, 1142.5], [1610.5, 1170.5], [1557.8333740234375, 1119.8333740234375], [2133.5, 949.8333129882812], [2129.833251953125, 902.1666870117188], [1967.833251953125, 984.5], [1857.1666259765625, 1022.5], [1776.5, 1039.1666259765625], [1697.1666259765625, 1057.1666259765625], [1621.1666259765625, 1065.8333740234375], [1552.5, 1067.8333740234375]]",
PBX,Left,pbx009v35_l,Landmarked_PBX/marked_tiff/Left/PBX009V35_L_MARK.tif,Landmarked_PBX/txt/Left/PBX009V35_L.txt,Raw_Images/PBX/PBX009V35_L.tif,PBX,32,32,roi,3840,2160,"[[2405.0, 928.0], [2434.5, 1095.5], [2327.5, 1198.5], [2085.833251953125, 1164.5], [1969.8333740234375, 1175.1666259765625], [1862.5, 1195.1666259765625], [1780.5, 1210.5], [1705.8333740234375, 1223.1666259765625], [1636.5, 1234.5], [1576.5, 1235.5], [1504.5, 1201.5], [1446.5, 1139.0], [1404.5, 1081.0], [1963.833251953125, 1045.1666259765625], [1906.5, 1098.5], [1853.8333740234375, 1091.8333740234375], [1826.5, 1135.1666259765625], [1776.5, 1119.1666259765625], [1755.1666259765625, 1169.1666259765625], [1697.1666259765625, 1139.8333740234375], [1684.5, 1186.5], [1625.1666259765625, 1149.1666259765625], [1599.1666259765625, 1170.5], [1554.5, 1131.5], [2147.0, 955.0], [2145.0, 897.5], [1964.0, 994.5], [1847.5, 1028.5], [1771.0, 1046.0], [1693.8333740234375, 1064.1666259765625], [1620.8333740234375, 1072.8333740234375], [1552.8333740234375, 1076.1666259765625]]",
PBX,Left,pbx009v36_l,Landmarked_PBX/marked_tiff/Left/PBX009V36_L_MARK.tif,Landmarked_PBX/txt/Left/PBX009V36_L.txt,Raw_Images/PBX/PBX009V36_L.tif,PBX,32,32,roi,3840,2160,"[[2398.0, 928.0], [2454.0, 1088.0], [2328.5, 1198.0], [2084.0, 1175.0], [1965.0, 1184.5], [1849.5, 1207.0], [1786.5, 1218.1666259765625], [1707.8333740234375, 1230.1666259765625], [1637.5, 1240.5], [1562.5, 1241.5], [1482.8333740234375, 1208.5], [1419.5, 1145.5], [1370.1666259765625, 1084.8333740234375], [1959.5, 1063.1666259765625], [1900.833251953125, 1112.5], [1854.1666259765625, 1103.1666259765625], [1820.1666259765625, 1145.1666259765625], [1764.8333740234375, 1128.5], [1744.1666259765625, 1175.1666259765625], [1688.1666259765625, 1149.1666259765625], [1676.1666259765625, 1199.1666259765625], [1614.1666259765625, 1161.8333740234375], [1598.8333740234375, 1201.8333740234375], [1549.5, 1131.8333740234375], [2120.0, 972.0], [2117.5, 912.0], [1959.166748046875, 993.1666870117188], [1853.1666259765625, 1028.5], [1763.8333740234375, 1050.5], [1684.5, 1062.5], [1605.8333740234375, 1070.5], [1545.1666259765625, 1073.8333740234375]]",
PBX,Left,pbx010v02_l,Landmarked_PBX/marked_tiff/Left/PBX010V02_L_MARK.tif,Landmarked_PBX/txt/Left/PBX010V02_L.txt,Raw_Images/PBX/PBX010V02_L.tif,PBX,32,32,roi,3840,2160,"[[2402.0, 906.0], [2455.5, 1087.5], [2339.5, 1198.1666259765625], [2101.5, 1160.5], [1958.5, 1174.5], [1852.5, 1196.5], [1783.5, 1210.5], [1712.5, 1222.5], [1630.5, 1230.5], [1560.0, 1224.5], [1477.5, 1191.5], [1411.0, 1120.0], [1362.5, 1058.0], [1973.5, 1047.5], [1913.166748046875, 1095.8333740234375], [1852.5, 1089.8333740234375], [1821.8333740234375, 1136.5], [1766.0, 1114.0], [1746.0, 1161.5], [1681.0, 1130.0], [1671.0, 1174.5], [1615.5, 1139.5], [1595.5, 1166.0], [1540.5, 1114.1666259765625], [2131.166748046875, 965.8333129882812], [2127.166748046875, 901.8333129882812], [1969.0, 984.5], [1850.0, 1019.5], [1760.0, 1037.0], [1678.0, 1048.5], [1609.5, 1054.5], [1536.8333740234375, 1057.8333740234375]]",
PBX,Left,pbx011v01_l,Landmarked_PBX/marked_tiff/Left/PBX011V01_L_MARK.tif,Landmarked_PBX/txt/Left/PBX011V01_L.txt,Raw_Images/PBX/PBX011V01_L.tif,PBX,32,32,roi,3840,2160,"[[2427.0, 938.0], [2495.5, 1103.5], [2398.5, 1189.5], [2098.5, 1165.5], [1976.5, 1178.5], [1865.5, 1201.5], [1775.5, 1215.5], [1706.5, 1223.5], [1622.5, 1229.5], [1562.5, 1232.5], [1481.1666259765625, 1202.1666259765625], [1412.5, 1128.1666259765625], [1361.1666259765625, 1061.5], [1985.5, 1049.5], [1913.5, 1097.5], [1857.0, 1088.0], [1818.5, 1132.0], [1769.5, 1114.5], [1743.0, 1167.0], [1683.0, 1132.5], [1672.0, 1185.0], [1605.8333740234375, 1138.5], [1587.1666259765625, 1169.1666259765625], [1536.5, 1113.1666259765625], [2158.0, 949.0], [2153.5, 893.0], [1983.5, 982.5], [1856.0, 1023.0], [1769.5, 1040.0], [1684.0, 1053.0], [1603.0, 1057.0], [1534.8333740234375, 1058.1666259765625]]",
PBX,Left,pbx011v03_l,Landmarked_PBX/marked_tiff/Left/PBX011V03_L_MARK.tif,Landmarked_PBX/txt/Left/PBX011V03_L.txt,Raw_Images/PBX/PBX011V03_L.tif,PBX,32,32,roi,3840,2160,"[[2445.0, 907.0], [2488.5, 1084.5], [2373.5, 1187.5], [2085.5, 1163.5], [1974.5, 1181.5], [1852.5, 1208.5], [1769.5, 1222.5], [1687.5, 1228.5], [1608.5, 1236.5], [1552.1666259765625, 1231.8333740234375], [1478.8333740234375, 1193.1666259765625], [1414.1666259765625, 1134.1666259765625], [1362.8333740234375, 1065.8333740234375], [1976.166748046875, 1049.1666259765625], [1912.833251953125, 1099.8333740234375], [1849.5, 1095.1666259765625], [1818.8333740234375, 1143.1666259765625], [1755.5, 1124.5], [1732.1666259765625, 1167.8333740234375], [1672.1666259765625, 1137.8333740234375], [1657.5, 1177.8333740234375], [1604.0, 1143.5], [1579.5, 1171.0], [1527.5, 1118.5], [2143.0, 947.0], [2140.5, 903.0], [1974.5, 987.0], [1846.0, 1028.0], [1749.0, 1046.75], [1665.0, 1054.0], [1597.0, 1061.0], [1520.5, 1061.5]]",
PBX,Left,pbx011v05_l,Landmarked_PBX/marked_tiff/Left/PBX011V05_L_MARK.tif,Landmarked_PBX/txt/Left/PBX011V05_L.txt,Raw_Images/PBX/PBX011V05_L.tif,PBX,32,32,roi,3840,2160,"[[2430.0, 956.0], [2486.833251953125, 1102.8333740234375], [2364.166748046875, 1204.1666259765625], [2101.5, 1171.5], [1981.5, 1177.5], [1868.5, 1198.5], [1784.1666259765625, 1216.1666259765625], [1709.5, 1222.8333740234375], [1629.5, 1233.5], [1564.1666259765625, 1234.8333740234375], [1488.5, 1204.1666259765625], [1419.8333740234375, 1140.1666259765625], [1363.1666259765625, 1068.8333740234375], [1981.5, 1040.5], [1915.5, 1095.5], [1852.5, 1091.5], [1820.5, 1133.5], [1767.5, 1121.5], [1746.5, 1166.5], [1681.5, 1143.5], [1679.5, 1184.5], [1619.5, 1141.5], [1596.5, 1181.5], [1542.8333740234375, 1120.5], [2153.833251953125, 950.8333129882812], [2152.5, 874.8333129882812], [1984.5, 970.5], [1848.5, 1016.5], [1764.5, 1035.8333740234375], [1686.5, 1045.1666259765625], [1619.1666259765625, 1054.5], [1542.5, 1056.5]]",
PBX,Left,pbx011v06_l,Landmarked_PBX/marked_tiff/Left/PBX011V06_L_MARK.tif,Landmarked_PBX/txt/Left/PBX011V06_L.txt,Raw_Images/PBX/PBX011V06_L.tif,PBX,32,32,roi,3840,2160,"[[2374.0, 886.0], [2429.5, 1074.5], [2323.5, 1193.5], [2054.5, 1168.5], [1954.5, 1179.5], [1854.5, 1200.5], [1773.5, 1217.5], [1697.5, 1224.5], [1617.5, 1229.5], [1563.8333740234375, 1227.8333740234375], [1493.1666259765625, 1189.8333740234375], [1443.8333740234375, 1128.5], [1410.5, 1074.5], [1955.5, 1073.1666259765625], [1907.5, 1111.0], [1857.0, 1101.0], [1821.0, 1145.0], [1766.5, 1132.5], [1748.5, 1171.0], [1693.0, 1150.0], [1671.5, 1180.5], [1628.8333740234375, 1152.5], [1602.1666259765625, 1177.1666259765625], [1550.1666259765625, 1123.1666259765625], [2118.833251953125, 971.5], [2116.166748046875, 913.5], [1955.0, 1000.5], [1851.5, 1035.0], [1760.0, 1054.0], [1689.0, 1064.5], [1618.5, 1071.8333740234375], [1545.8333740234375, 1075.8333740234375]]",
PBX,Left,pbx011v07_l,Landmarked_PBX/marked_tiff/Left/PBX011V07_L_MARK.tif,Landmarked_PBX/txt/Left/PBX011V07_L.txt,Raw_Images/PBX/PBX011V07_L.tif,PBX,32,32,roi,3840,2160,"[[2425.0, 937.0], [2457.5, 1121.5], [2304.5, 1227.5], [2087.833251953125, 1197.5], [1958.5, 1205.5], [1866.0, 1216.0], [1776.0, 1229.0], [1698.0, 1239.0], [1622.5, 1245.1666259765625], [1553.1666259765625, 1245.1666259765625], [1475.1666259765625, 1207.1666259765625], [1411.1666259765625, 1136.5], [1365.1666259765625, 1071.8333740234375], [1962.0, 1061.5], [1910.0, 1104.5], [1850.5, 1103.5], [1824.0, 1148.0], [1761.0, 1127.0], [1740.0, 1172.0], [1688.8333740234375, 1144.8333740234375], [1665.5, 1190.1666259765625], [1614.8333740234375, 1156.1666259765625], [1584.8333740234375, 1178.8333740234375], [1532.1666259765625, 1131.5], [2145.5, 964.5], [2144.0, 913.5], [1959.166748046875, 1006.5], [1847.5, 1041.1666259765625], [1755.8333740234375, 1060.8333740234375], [1682.5, 1069.1666259765625], [1610.5, 1075.0], [1528.0, 1076.0]]",
PBX,Left,pbx011v09_l,Landmarked_PBX/marked_tiff/Left/PBX011V09_L_MARK.tif,Landmarked_PBX/txt/Left/PBX011V09_L.txt,Raw_Images/PBX/PBX011V09_L.tif,PBX,32,32,roi,3840,2160,"[[2428.0, 884.0], [2506.166748046875, 1046.1666259765625], [2415.5, 1176.8333740234375], [2117.5, 1160.5], [2002.1666259765625, 1186.5], [1887.5, 1209.1666259765625], [1790.1666259765625, 1225.1666259765625], [1711.5, 1235.8333740234375], [1639.5, 1241.1666259765625], [1566.5, 1239.5], [1483.5, 1202.5], [1413.5, 1135.5], [1360.5, 1062.5], [1996.5, 1048.1666259765625], [1933.166748046875, 1097.5], [1875.166748046875, 1095.5], [1837.8333740234375, 1139.5], [1783.1666259765625, 1119.5], [1755.1666259765625, 1170.8333740234375], [1690.5, 1137.5], [1678.0, 1180.0], [1618.0, 1149.0], [1600.0, 1173.5], [1542.5, 1120.0], [2155.166748046875, 948.1666870117188], [2154.5, 892.8333129882812], [1992.0, 983.0], [1872.0, 1027.5], [1780.5, 1045.0], [1680.0, 1056.5], [1607.0, 1062.5], [1535.0, 1061.5]]",
PBX,Left,pbx011v11_l,Landmarked_PBX/marked_tiff/Left/PBX011V11_L_MARK.tif,Landmarked_PBX/txt/Left/PBX011V11_L.txt,Raw_Images/PBX/PBX011V11_L.tif,PBX,32,32,roi,3840,2160,"[[2433.0, 901.0], [2484.833251953125, 1088.1666259765625], [2402.166748046875, 1198.8333740234375], [2079.5, 1177.5], [1963.5, 1191.5], [1853.5, 1214.5], [1770.5, 1228.5], [1696.5, 1230.5], [1625.5, 1240.5], [1557.8333740234375, 1233.1666259765625], [1479.1666259765625, 1189.1666259765625], [1420.5, 1131.8333740234375], [1365.8333740234375, 1053.1666259765625], [1960.5, 1062.5], [1900.5, 1105.1666259765625], [1848.8333740234375, 1099.8333740234375], [1805.8333740234375, 1141.1666259765625], [1756.5, 1125.1666259765625], [1736.5, 1177.1666259765625], [1679.1666259765625, 1139.8333740234375], [1660.5, 1181.1666259765625], [1604.5, 1141.1666259765625], [1576.5, 1165.1666259765625], [1525.8333740234375, 1111.8333740234375], [2144.5, 950.8333129882812], [2144.5, 915.5], [1957.833251953125, 1002.8333129882812], [1847.5, 1033.1666259765625], [1751.5, 1051.1666259765625], [1672.8333740234375, 1055.1666259765625], [1597.1666259765625, 1060.5], [1520.5, 1060.5]]",
PBX,Left,pbx011v12_l,Landmarked_PBX/marked_tiff/Left/PBX011V12_L_MARK.tif,Landmarked_PBX/txt/Left/PBX011V12_L.txt,Raw_Images/PBX/PBX011V12_L.tif,PBX,32,32,roi,3840,2160,"[[2456.5, 900.5], [2497.833251953125, 1079.1666259765625], [2389.833251953125, 1194.5], [2114.166748046875, 1167.8333740234375], [1972.8333740234375, 1182.5], [1867.5, 1205.1666259765625], [1775.5, 1215.5], [1707.5, 1221.5], [1628.5, 1230.5], [1561.5, 1230.5], [1485.5, 1195.5], [1419.5, 1128.5], [1372.5, 1054.5], [1980.5, 1051.5], [1915.5, 1103.5], [1862.5, 1089.5], [1824.5, 1145.5], [1771.5, 1117.5], [1748.5, 1171.5], [1683.5, 1132.5], [1668.5, 1177.5], [1619.5, 1137.5], [1590.5, 1166.5], [1534.5, 1111.5], [2151.5, 950.5], [2148.5, 902.25], [1982.5, 987.5], [1862.5, 1025.5], [1771.8333740234375, 1040.1666259765625], [1679.8333740234375, 1053.5], [1617.1666259765625, 1055.5], [1531.1666259765625, 1056.1666259765625]]",
PBX,Left,pbx011v14_l,Landmarked_PBX/marked_tiff/Left/PBX011V14_L_MARK.tif,Landmarked_PBX/txt/Left/PBX011V14_L.txt,Raw_Images/PBX/PBX011V14_L.tif,PBX,32,32,roi,3840,2160,"[[2414.0, 915.0], [2473.5, 1113.5], [2375.5, 1206.5], [2094.5, 1178.5], [1968.5, 1194.5], [1851.5, 1211.5], [1758.5, 1228.5], [1685.5, 1236.5], [1607.5, 1238.5], [1542.5, 1240.5], [1461.5, 1200.0], [1398.0, 1133.0], [1344.5, 1063.5], [1967.0, 1049.5], [1900.0, 1095.0], [1847.5, 1094.5], [1806.5, 1139.5], [1750.0, 1125.0], [1726.5, 1171.0], [1672.8333740234375, 1141.8333740234375], [1656.8333740234375, 1192.5], [1602.1666259765625, 1146.5], [1571.5, 1168.5], [1508.8333740234375, 1129.8333740234375], [2127.0, 952.0], [2125.5, 903.0], [1966.833251953125, 988.1666870117188], [1848.1666259765625, 1028.1666259765625], [1748.1666259765625, 1052.1666259765625], [1665.5, 1061.5], [1593.5, 1066.1666259765625], [1504.1666259765625, 1068.1666259765625]]",
PBX,Left,pbx011v16_l,Landmarked_PBX/marked_tiff/Left/PBX011V16_L_MARK.tif,Landmarked_PBX/txt/Left/PBX011V16_L.txt,Raw_Images/PBX/PBX011V16_L.tif,PBX,32,32,roi,3840,2160,"[[2467.5, 917.5], [2503.5, 1089.5], [2376.166748046875, 1197.5], [2117.5, 1172.8333740234375], [1990.8333740234375, 1182.8333740234375], [1884.8333740234375, 1198.1666259765625], [1799.5, 1213.5], [1732.5, 1219.5], [1653.5, 1230.8333740234375], [1586.8333740234375, 1231.5], [1500.0, 1192.0], [1436.5, 1127.0], [1394.0, 1064.5], [1980.5, 1051.5], [1920.0, 1100.5], [1869.0, 1093.0], [1834.0, 1137.0], [1775.5, 1122.0], [1761.5, 1167.5], [1700.5, 1138.1666259765625], [1696.5, 1186.8333740234375], [1642.5, 1147.5], [1611.5, 1167.5], [1559.5, 1124.5], [2141.0, 954.0], [2138.5, 910.5], [1980.5, 993.5], [1865.0, 1030.5], [1772.5, 1051.8333740234375], [1694.5, 1059.1666259765625], [1636.8333740234375, 1063.8333740234375], [1555.0, 1064.5]]",
PBX,Left,pbx011v18_l,Landmarked_PBX/marked_tiff/Left/PBX011V18_L_MARK.tif,Landmarked_PBX/txt/Left/PBX011V18_L_MARK.txt,Raw_Images/PBX/PBX011V18_L.tif,PBX,32,32,roi,3840,2160,"[[2432.0, 914.0], [2472.833251953125, 1095.5], [2351.5, 1195.5], [2103.5, 1177.5], [1979.5, 1188.5], [1861.5, 1205.5], [1785.5, 1220.5], [1713.5, 1227.5], [1637.5, 1235.5], [1571.5, 1236.5], [1496.8333740234375, 1198.8333740234375], [1442.5, 1136.5], [1397.8333740234375, 1066.5], [1979.166748046875, 1043.8333740234375], [1919.166748046875, 1097.1666259765625], [1863.8333740234375, 1091.8333740234375], [1831.1666259765625, 1147.1666259765625], [1774.5, 1120.5], [1761.1666259765625, 1177.1666259765625], [1695.1666259765625, 1137.1666259765625], [1689.1666259765625, 1189.1666259765625], [1632.5, 1145.5], [1606.5, 1163.5], [1561.5, 1119.5], [2145.5, 952.5], [2147.5, 900.5], [1978.166748046875, 987.8333129882812], [1856.1666259765625, 1027.8333740234375], [1768.1666259765625, 1048.5], [1683.5, 1059.8333740234375], [1628.1666259765625, 1064.5], [1558.8333740234375, 1065.1666259765625]]",
PBX,Left,pbx012v01_l,Landmarked_PBX/marked_tiff/Left/PBX012V01_L_MARK.tif,Landmarked_PBX/txt/Left/PBX012V01_L.txt,Raw_Images/PBX/PBX012V01_L.tif,PBX,32,32,roi,3840,2160,"[[2469.0, 938.0], [2520.833251953125, 1086.1666259765625], [2387.5, 1203.5], [2093.5, 1181.5], [1963.5, 1192.5], [1880.5, 1204.5], [1786.5, 1220.5], [1719.5, 1230.5], [1646.5, 1236.8333740234375], [1579.8333740234375, 1238.1666259765625], [1494.5, 1211.5], [1416.5, 1142.5], [1361.5, 1059.5], [1988.5, 1037.5], [1924.5, 1091.5], [1868.5, 1083.5], [1832.5, 1133.5], [1776.5, 1111.5], [1760.5, 1166.5], [1689.5, 1124.5], [1688.5, 1184.5], [1627.5, 1139.5], [1607.5, 1165.5], [1549.5, 1110.5], [2177.5, 957.5], [2177.5, 906.5], [1988.5, 985.5], [1864.5, 1024.5], [1773.5, 1038.5], [1689.5, 1046.5], [1629.5, 1049.5], [1545.5, 1057.5]]",
PBX,Left,pbx012v02_l,Landmarked_PBX/marked_tiff/Left/PBX012V02_L_MARK.tif,Landmarked_PBX/txt/Left/PBX012V02_L.txt,Raw_Images/PBX/PBX012V02_L.tif,PBX,32,32,roi,3840,2160,"[[2416.0, 925.0], [2495.5, 1111.5], [2374.166748046875, 1216.8333740234375], [2066.166748046875, 1194.1666259765625], [1952.8333740234375, 1203.5], [1870.5, 1216.1666259765625], [1783.1666259765625, 1225.5], [1710.5, 1236.1666259765625], [1640.5, 1242.8333740234375], [1570.5, 1248.5], [1478.5, 1213.5], [1408.0, 1143.5], [1355.0, 1074.0], [1970.5, 1057.1666259765625], [1909.166748046875, 1105.1666259765625], [1856.5, 1102.5], [1822.5, 1145.8333740234375], [1764.5, 1126.5], [1741.1666259765625, 1174.5], [1680.5, 1144.5], [1674.5, 1194.5], [1607.5, 1153.5], [1598.5, 1193.5], [1538.5, 1127.5], [2130.166748046875, 978.8333129882812], [2126.833251953125, 917.5], [1968.833251953125, 996.5], [1851.1666259765625, 1032.1666259765625], [1757.1666259765625, 1052.8333740234375], [1670.5, 1064.5], [1604.0, 1070.0], [1533.5, 1072.5]]",
PBX,Left,pbx012v04_l,Landmarked_PBX/marked_tiff/Left/PBX012V04_L_MARK.tif,Landmarked_PBX/txt/Left/PBX012V04_L.txt,Raw_Images/PBX/PBX012V04_L.tif,PBX,32,32,roi,3840,2160,"[[2401.0, 908.0], [2478.5, 1101.5], [2369.5, 1206.5], [2118.5, 1183.5], [1992.5, 1191.5], [1890.5, 1207.8333740234375], [1802.5, 1225.1666259765625], [1729.1666259765625, 1229.1666259765625], [1653.1666259765625, 1238.5], [1574.5, 1239.8333740234375], [1500.0, 1203.0], [1435.5, 1129.5], [1386.5, 1065.5], [1990.5, 1053.5], [1920.5, 1106.5], [1869.5, 1101.5], [1830.5, 1146.5], [1774.5, 1128.5], [1758.5, 1173.5], [1697.5, 1141.5], [1693.5, 1192.0], [1631.0, 1150.0], [1608.0, 1174.0], [1558.5, 1125.0], [2148.833251953125, 947.8333129882812], [2146.833251953125, 897.8333129882812], [1989.5, 990.8333129882812], [1864.8333740234375, 1034.8333740234375], [1772.1666259765625, 1053.5], [1695.5, 1063.5], [1626.8333740234375, 1070.1666259765625], [1554.5, 1067.5]]",
PBX,Left,pbx012v05_l,Landmarked_PBX/marked_tiff/Left/PBX012V05_L_MARK.tif,Landmarked_PBX/txt/Left/PBX012V05_L.txt,Raw_Images/PBX/PBX012V05_L.tif,PBX,32,32,roi,3840,2160,"[[2431.0, 948.0], [2492.5, 1112.5], [2387.5, 1214.5], [2124.833251953125, 1189.1666259765625], [1981.5, 1187.1666259765625], [1873.5, 1199.8333740234375], [1776.1666259765625, 1215.8333740234375], [1700.1666259765625, 1222.5], [1618.1666259765625, 1226.5], [1551.5, 1230.5], [1475.1666259765625, 1190.5], [1411.8333740234375, 1122.5], [1362.5, 1050.5], [1978.0, 1052.5], [1911.5, 1105.5], [1863.5, 1093.5], [1823.5, 1138.0], [1767.0, 1119.5], [1742.0, 1169.5], [1685.0, 1135.0], [1669.0, 1180.5], [1610.1666259765625, 1148.1666259765625], [1590.8333740234375, 1183.5], [1536.8333740234375, 1112.1666259765625], [2157.5, 965.5], [2158.166748046875, 901.5], [1976.5, 989.5], [1865.5, 1025.5], [1767.5, 1048.5], [1683.5, 1054.5], [1612.5, 1059.5], [1533.5, 1059.5]]",
PBX,Left,pbx012v06_l,Landmarked_PBX/marked_tiff/Left/PBX012V06_L_MARK.tif,Landmarked_PBX/txt/Left/PBX012V06_L.txt,Raw_Images/PBX/PBX012V06_L.tif,PBX,32,32,roi,3840,2160,"[[2450.0, 935.0], [2477.5, 1077.5], [2373.5, 1193.5], [2084.5, 1168.5], [1965.1666259765625, 1182.5], [1843.8333740234375, 1204.5], [1763.8333740234375, 1223.1666259765625], [1682.5, 1229.5], [1614.5, 1240.5], [1533.5, 1241.5], [1453.0, 1195.5], [1393.0, 1124.5], [1349.0, 1062.5], [1968.166748046875, 1072.1666259765625], [1920.5, 1062.5], [1889.5, 1106.0], [1833.5, 1088.5], [1792.0, 1136.0], [1736.0, 1119.5], [1723.8333740234375, 1172.5], [1661.1666259765625, 1138.5], [1645.1666259765625, 1184.5], [1592.5, 1152.5], [1515.1666259765625, 1125.8333740234375], [2151.166748046875, 963.1666870117188], [2151.833251953125, 913.1666870117188], [1918.166748046875, 1020.1666870117188], [1834.5, 1042.5], [1732.5, 1059.5], [1652.5, 1066.5], [1586.5, 1066.5], [1507.5, 1068.5]]",
PBX,Left,pbx012v10_l,Landmarked_PBX/marked_tiff/Left/PBX012V10_L_MARK.tif,Landmarked_PBX/txt/Left/PBX012V10_L_MARK.txt,Raw_Images/PBX/PBX012V10_L.tif,PBX,32,32,roi,3840,2160,"[[2417.0, 906.0], [2484.833251953125, 1064.8333740234375], [2379.5, 1203.5], [2087.5, 1200.1666259765625], [1975.5, 1209.5], [1858.1666259765625, 1222.1666259765625], [1765.5, 1231.5], [1695.5, 1241.5], [1622.5, 1246.5], [1548.5, 1239.5], [1473.1666259765625, 1204.8333740234375], [1415.8333740234375, 1138.8333740234375], [1371.1666259765625, 1072.1666259765625], [1952.5, 1056.8333740234375], [1906.5, 1098.1666259765625], [1857.8333740234375, 1097.5], [1814.5, 1134.8333740234375], [1763.8333740234375, 1121.5], [1734.5, 1166.8333740234375], [1683.1666259765625, 1136.8333740234375], [1680.5, 1208.8333740234375], [1616.5, 1148.1666259765625], [1591.5, 1169.5], [1532.5, 1115.5], [2123.5, 955.5], [2122.166748046875, 919.5], [1947.5, 1011.0], [1858.1666259765625, 1043.5], [1755.5, 1061.5], [1676.0, 1074.5], [1608.5, 1076.0], [1528.8333740234375, 1074.8333740234375]]",
PBX,Left,pbx012v11_l,Landmarked_PBX/marked_tiff/Left/PBX012V11_L_MARK.tif,Landmarked_PBX/txt/Left/PBX012V11_L.txt,Raw_Images/PBX/PBX012V11_L.tif,PBX,32,32,roi,3840,2160,"[[2382.5, 884.5], [2445.5, 1106.5], [2333.5, 1199.5], [2077.833251953125, 1180.8333740234375], [1969.8333740234375, 1196.8333740234375], [1859.1666259765625, 1210.1666259765625], [1781.8333740234375, 1222.1666259765625], [1716.5, 1228.8333740234375], [1644.5, 1238.1666259765625], [1585.8333740234375, 1238.1666259765625], [1507.8333740234375, 1199.5], [1446.5, 1142.1666259765625], [1398.5, 1080.1666259765625], [1973.166748046875, 1056.5], [1902.5, 1109.8333740234375], [1850.5, 1105.1666259765625], [1825.1666259765625, 1149.8333740234375], [1766.5, 1125.1666259765625], [1758.5, 1180.5], [1689.8333740234375, 1143.1666259765625], [1687.8333740234375, 1187.1666259765625], [1629.8333740234375, 1152.5], [1607.8333740234375, 1181.1666259765625], [1562.5, 1125.5], [2116.833251953125, 963.8333129882812], [2115.5, 915.1666870117188], [1970.166748046875, 994.8333129882812], [1845.8333740234375, 1035.8333740234375], [1756.5, 1057.0], [1681.5, 1068.0], [1620.5, 1073.5], [1560.0, 1076.5]]",
PBX,Left,pbx012v14_l,Landmarked_PBX/marked_tiff/Left/PBX012V14_L_MARK.tif,Landmarked_PBX/txt/Left/PBX012V14_L.txt,Raw_Images/PBX/PBX012V14_L.tif,PBX,32,32,roi,3840,2160,"[[2425.0, 902.0], [2494.5, 1080.5], [2368.5, 1197.5], [2084.5, 1174.5], [1965.5, 1186.5], [1868.5, 1201.5], [1778.5, 1219.5], [1701.5, 1229.5], [1632.5, 1237.5], [1569.5, 1238.5], [1480.5, 1207.5], [1404.5, 1138.5], [1343.5, 1065.5], [1981.5, 1041.5], [1913.5, 1094.5], [1861.5, 1092.5], [1822.5, 1135.5], [1766.5, 1118.5], [1750.5, 1172.5], [1688.5, 1131.5], [1678.5, 1185.5], [1613.5, 1147.5], [1597.5, 1176.5], [1531.5, 1118.5], [2152.5, 935.5], [2151.0, 889.5], [1979.5, 980.5], [1852.5, 1020.5], [1758.5, 1041.5], [1681.5, 1053.5], [1606.5, 1061.5], [1524.5, 1063.5]]",
PBX,Left,pbx012v15_l,Landmarked_PBX/marked_tiff/Left/PBX012V15_L_MARK.tif,Landmarked_PBX/txt/Left/PBX012V15_L.txt,Raw_Images/PBX/PBX012V15_L.tif,PBX,32,32,roi,3840,2160,"[[2410.0, 916.0], [2479.833251953125, 1065.1666259765625], [2391.166748046875, 1196.5], [2111.166748046875, 1178.8333740234375], [1978.5, 1191.5], [1881.1666259765625, 1207.5], [1783.8333740234375, 1226.1666259765625], [1712.5, 1230.8333740234375], [1628.5, 1238.5], [1564.5, 1240.5], [1497.5, 1201.5], [1441.5, 1143.0], [1401.5, 1077.5], [1966.5, 1057.5], [1910.5, 1099.5], [1860.5, 1101.5], [1831.5, 1150.5], [1778.5, 1126.5], [1757.5, 1178.0], [1697.0, 1145.0], [1678.5, 1193.5], [1627.0, 1150.5], [1597.5, 1173.0], [1550.0, 1127.5], [2143.0, 951.5], [2141.5, 909.0], [1968.5, 997.8333129882812], [1858.5, 1037.8333740234375], [1775.1666259765625, 1055.8333740234375], [1689.8333740234375, 1069.1666259765625], [1621.8333740234375, 1075.8333740234375], [1549.1666259765625, 1077.8333740234375]]",
PBX,Left,pbx012v18_l,Landmarked_PBX/marked_tiff/Left/PBX012V18_L_MARK.tif,Landmarked_PBX/txt/Left/PBX012V18_L.txt,Raw_Images/PBX/PBX012V18_L.tif,PBX,32,32,roi,3840,2160,"[[2415.0, 885.0], [2480.5, 1104.5], [2337.5, 1210.5], [2113.5, 1182.5], [1976.5, 1191.5], [1865.5, 1210.5], [1786.5, 1228.5], [1712.5, 1238.5], [1631.5, 1252.5], [1559.1666259765625, 1257.1666259765625], [1479.5, 1220.5], [1415.5, 1156.5], [1367.5, 1085.5], [1970.166748046875, 1045.1666259765625], [1912.833251953125, 1092.5], [1860.8333740234375, 1095.1666259765625], [1824.1666259765625, 1139.1666259765625], [1776.8333740234375, 1119.1666259765625], [1751.5, 1179.1666259765625], [1691.5, 1144.5], [1674.8333740234375, 1191.1666259765625], [1618.8333740234375, 1158.5], [1591.5, 1183.1666259765625], [1530.5, 1132.5], [2135.0, 931.5], [2135.5, 886.0], [1966.5, 983.5], [1856.0, 1027.0], [1772.5, 1048.5], [1683.5, 1065.0], [1608.5, 1073.5], [1525.5, 1081.5]]",
PBX,Left,pbx012v19_l,Landmarked_PBX/marked_tiff/Left/PBX012V19_L_MARK.tif,Landmarked_PBX/txt/Left/PBX012V19_L.txt,Raw_Images/PBX/PBX012V19_L.tif,PBX,32,32,roi,3840,2160,"[[2438.0, 903.0], [2499.5, 1055.5], [2361.5, 1185.5], [2100.5, 1166.5], [1961.5, 1182.5], [1869.5, 1200.5], [1781.5, 1216.5], [1715.5, 1219.5], [1633.0, 1229.0], [1560.5, 1226.5], [1490.0, 1182.5], [1429.5, 1120.5], [1386.5, 1061.0], [1975.833251953125, 1042.8333740234375], [1916.5, 1101.5], [1866.5, 1092.8333740234375], [1831.1666259765625, 1137.5], [1773.8333740234375, 1116.1666259765625], [1756.5, 1166.1666259765625], [1695.8333740234375, 1132.1666259765625], [1691.8333740234375, 1187.5], [1625.1666259765625, 1141.5], [1599.1666259765625, 1164.8333740234375], [1549.1666259765625, 1117.5], [2150.0, 958.0], [2150.5, 886.0], [1972.0, 987.5], [1865.0, 1023.0], [1770.5, 1045.0], [1695.0, 1054.5], [1623.0, 1059.0], [1544.5, 1062.8333740234375]]",
PBX,Left,pbx012v20_l,Landmarked_PBX/marked_tiff/Left/PBX012V20_L_MARK.tif,Landmarked_PBX/txt/Left/PBX012V20_L.txt,Raw_Images/PBX/PBX012V20_L.tif,PBX,32,32,roi,3840,2160,"[[2403.0, 889.0], [2453.5, 1071.5], [2363.5, 1206.5], [2089.5, 1185.5], [1980.1666259765625, 1196.8333740234375], [1873.5, 1211.5], [1782.8333740234375, 1227.5], [1718.5, 1233.5], [1642.5, 1238.5], [1572.5, 1241.5], [1497.5, 1198.5], [1424.5, 1128.5], [1378.5, 1066.5], [1973.5, 1047.5], [1908.5, 1099.5], [1854.5, 1103.5], [1825.5, 1145.5], [1775.5, 1119.5], [1758.5, 1182.5], [1699.5, 1137.5], [1684.5, 1189.5], [1623.5, 1146.1666259765625], [1597.5, 1167.5], [1548.5, 1126.5], [2127.166748046875, 949.1666870117188], [2125.166748046875, 908.5], [1966.5, 993.5], [1839.25, 1036.0], [1763.8333740234375, 1052.8333740234375], [1690.1666259765625, 1063.5], [1613.1666259765625, 1069.8333740234375], [1544.8333740234375, 1071.5]]",
PBX,Left,pbx012v21_l,Landmarked_PBX/marked_tiff/Left/PBX012V21_L_MARK.tif,Landmarked_PBX/txt/Left/PBX012V21_L.txt,Raw_Images/PBX/PBX012V21_L.tif,PBX,32,32,roi,3840,2160,"[[2441.0, 905.0], [2500.5, 1061.5], [2405.166748046875, 1176.8333740234375], [2104.5, 1161.1666259765625], [1965.8333740234375, 1166.5], [1863.1666259765625, 1182.5], [1776.5, 1193.1666259765625], [1715.1666259765625, 1205.1666259765625], [1630.5, 1204.5], [1559.5, 1206.5], [1483.5, 1167.5], [1426.5, 1102.5], [1382.5, 1035.5], [1981.166748046875, 1035.8333740234375], [1919.833251953125, 1085.1666259765625], [1865.8333740234375, 1081.8333740234375], [1830.5, 1124.5], [1775.1666259765625, 1107.8333740234375], [1755.8333740234375, 1155.1666259765625], [1698.5, 1121.1666259765625], [1682.5, 1166.5], [1625.1666259765625, 1125.8333740234375], [1602.5, 1149.8333740234375], [1532.5, 1099.5], [2165.5, 953.0], [2160.5, 891.5], [1976.5, 977.0], [1861.0, 1006.5], [1769.5, 1027.5], [1687.8333740234375, 1036.1666259765625], [1616.5, 1040.5], [1527.8333740234375, 1040.1666259765625]]",
PBX,Left,pbx012v23_l,Landmarked_PBX/marked_tiff/Left/PBX012V23_L_MARK.tif,Landmarked_PBX/txt/Left/PBX012V23_L.txt,Raw_Images/PBX/PBX012V23_L.tif,PBX,32,32,roi,3840,2160,"[[2394.0, 916.0], [2466.5, 1057.5], [2389.5, 1185.5], [2091.166748046875, 1170.5], [1962.5, 1182.5], [1858.5, 1201.8333740234375], [1764.5, 1215.8333740234375], [1688.5, 1220.5], [1628.5, 1222.5], [1560.5, 1216.5], [1476.5, 1185.5], [1413.5, 1126.5], [1361.5, 1060.5], [1961.5, 1056.5], [1899.5, 1104.5], [1846.5, 1098.5], [1803.5, 1135.5], [1756.5, 1120.5], [1731.5, 1162.5], [1677.5, 1130.5], [1663.5, 1179.5], [1609.5, 1143.5], [1581.5, 1156.5], [1535.5, 1117.5], [2130.0, 959.5], [2127.0, 912.0], [1954.833251953125, 996.1666870117188], [1840.8333740234375, 1026.1666259765625], [1746.8333740234375, 1046.1666259765625], [1668.8333740234375, 1056.8333740234375], [1603.5, 1060.8333740234375], [1534.8333740234375, 1061.5]]",
PBX,Left,pbx012v24_l,Landmarked_PBX/marked_tiff/Left/PBX012V24_L_MARK.tif,Landmarked_PBX/txt/Left/PBX012V24_L.txt,Raw_Images/PBX/PBX012V24_L.tif,PBX,32,32,roi,3840,2160,"[[2415.0, 906.0], [2463.833251953125, 1087.5], [2335.833251953125, 1196.1666259765625], [2102.166748046875, 1180.1666259765625], [2001.5, 1191.5], [1889.5, 1207.5], [1811.5, 1220.5], [1746.5, 1223.5], [1676.5, 1229.5], [1618.5, 1232.5], [1543.5, 1197.5], [1471.5, 1139.5], [1416.5, 1078.5], [1990.5, 1038.5], [1938.0, 1090.0], [1884.0, 1083.0], [1845.0, 1120.5], [1798.0, 1112.5], [1783.5, 1161.5], [1727.5, 1129.5], [1712.0, 1174.5], [1659.0, 1141.5], [1640.5, 1163.5], [1586.5, 1123.5], [2142.833251953125, 940.1666870117188], [2140.166748046875, 900.8333129882812], [1990.0, 984.5], [1881.0, 1023.5], [1796.5, 1045.0], [1725.5, 1056.0], [1656.5, 1063.5], [1583.5, 1066.5]]",
PBX,Left,pbx012v25_l,Landmarked_PBX/marked_tiff/Left/PBX012V25_L_MARK.tif,Landmarked_PBX/txt/Left/PBX012V25_L.txt,Raw_Images/PBX/PBX012V25_L.tif,PBX,32,32,roi,3840,2160,"[[2385.0, 941.0], [2450.5, 1098.5], [2320.5, 1231.5], [2077.833251953125, 1205.8333740234375], [1956.5, 1212.5], [1855.1666259765625, 1228.5], [1788.5, 1245.8333740234375], [1716.5, 1255.1666259765625], [1647.1666259765625, 1251.1666259765625], [1584.5, 1253.8333740234375], [1504.1666259765625, 1222.1666259765625], [1437.5, 1159.5], [1385.8333740234375, 1088.5], [1966.833251953125, 1072.8333740234375], [1916.833251953125, 1113.5], [1866.8333740234375, 1108.8333740234375], [1820.8333740234375, 1150.1666259765625], [1776.1666259765625, 1134.8333740234375], [1750.0, 1178.0], [1696.5, 1153.0], [1681.5, 1195.0], [1627.0, 1164.5], [1609.0, 1188.5], [1557.5, 1131.5], [2110.833251953125, 981.1666870117188], [2109.5, 934.5], [1964.5, 1013.5], [1863.8333740234375, 1047.5], [1769.1666259765625, 1066.8333740234375], [1695.0, 1078.5], [1626.0, 1083.5], [1554.5, 1085.5]]",
PBX,Left,pbx013v02_l,Landmarked_PBX/marked_tiff/Left/PBX013V02_L_MARK.tif,Landmarked_PBX/txt/Left/PBX013V02_L.txt,Raw_Images/PBX/PBX013V02_L.tif,PBX,32,32,roi,3840,2160,"[[2431.5, 925.5], [2491.5, 1084.5], [2361.5, 1198.5], [2085.5, 1172.5], [1969.5, 1180.5], [1866.5, 1197.5], [1775.5, 1217.5], [1704.5, 1227.5], [1624.5, 1236.5], [1555.5, 1230.5], [1477.5, 1190.5], [1406.5, 1120.5], [1363.5, 1057.5], [1971.5, 1055.5], [1911.5, 1099.5], [1856.5, 1095.5], [1818.5, 1135.5], [1761.5, 1120.5], [1737.5, 1160.5], [1678.5, 1136.5], [1664.5, 1175.5], [1612.5, 1140.5], [1585.5, 1166.5], [1531.5, 1118.5], [2139.5, 956.8333129882812], [2138.166748046875, 911.5], [1970.0, 997.0], [1851.0, 1027.5], [1760.5, 1049.0], [1679.0, 1055.5], [1605.5, 1058.1666259765625], [1527.5, 1060.1666259765625]]",
PBX,Left,pbx013v03_l,Landmarked_PBX/marked_tiff/Left/PBX013V03_L_MARK.tif,Landmarked_PBX/txt/Left/PBX013V03_L.txt,Raw_Images/PBX/PBX013V03_L.tif,PBX,32,32,roi,3840,2160,"[[2437.833251953125, 888.8333129882812], [2480.5, 1082.1666259765625], [2383.166748046875, 1211.5], [2083.833251953125, 1190.5], [1961.8333740234375, 1202.5], [1848.5, 1222.5], [1755.1666259765625, 1243.1666259765625], [1677.5, 1253.5], [1598.5, 1257.5], [1528.5, 1256.5], [1454.5, 1215.5], [1391.5, 1145.5], [1331.5, 1072.5], [1965.833251953125, 1058.1666259765625], [1902.5, 1102.8333740234375], [1845.833251953125, 1103.5], [1801.8333740234375, 1145.5], [1742.5, 1130.1666259765625], [1723.8333740234375, 1183.5], [1654.5, 1148.1666259765625], [1643.1666259765625, 1196.8333740234375], [1582.5, 1161.5], [1555.1666259765625, 1180.1666259765625], [1494.5, 1138.5], [2142.0, 942.5], [2139.0, 900.0], [1961.5, 996.0], [1841.5, 1038.5], [1737.0, 1060.5], [1649.5, 1070.5], [1575.8333740234375, 1076.8333740234375], [1489.1666259765625, 1074.8333740234375]]",
PBX,Left,pbx013v06_l,Landmarked_PBX/marked_tiff/Left/PBX013V06_L_MARK.tif,Landmarked_PBX/txt/Left/PBX013V06_L.txt,Raw_Images/PBX/PBX013V06_L.tif,PBX,32,32,roi,3840,2160,"[[2416.0, 906.5], [2474.166748046875, 1071.5], [2365.5, 1208.8333740234375], [2098.833251953125, 1179.1666259765625], [1995.5, 1194.5], [1891.5, 1213.1666259765625], [1802.1666259765625, 1237.1666259765625], [1725.5, 1247.8333740234375], [1649.8333740234375, 1259.5], [1578.5, 1255.5], [1507.0, 1223.5], [1446.5, 1157.0], [1405.5, 1101.0], [1984.5, 1059.5], [1924.0, 1104.5], [1871.5, 1110.5], [1840.0, 1150.5], [1780.0, 1139.5], [1765.0, 1185.0], [1703.0, 1161.0], [1690.5, 1201.5], [1635.5, 1172.1666259765625], [1612.8333740234375, 1194.8333740234375], [1568.1666259765625, 1158.1666259765625], [2141.5, 951.0], [2140.0, 904.0], [1982.5, 998.5], [1866.8333740234375, 1041.1666259765625], [1768.5, 1067.25], [1698.1666259765625, 1080.8333740234375], [1634.1666259765625, 1088.8333740234375], [1565.8333740234375, 1093.8333740234375]]",
PBX,Left,pbx013v09_l,Landmarked_PBX/marked_tiff/Left/PBX013V09_L_MARK.tif,Landmarked_PBX/txt/Left/PBX013V09_L.txt,Raw_Images/PBX/PBX013V09_L.tif,PBX,32,32,roi,3840,2160,"[[2417.0, 898.0], [2469.166748046875, 1079.5], [2327.833251953125, 1220.8333740234375], [2101.5, 1183.5], [1965.5, 1190.1666259765625], [1862.8333740234375, 1207.5], [1770.8333740234375, 1223.5], [1694.5, 1236.5], [1603.5, 1245.5], [1542.1666259765625, 1241.5], [1479.5, 1201.8333740234375], [1423.1666259765625, 1133.5], [1388.1666259765625, 1076.8333740234375], [1965.0, 1055.5], [1907.5, 1100.5], [1854.0, 1100.0], [1817.0, 1141.0], [1769.0, 1127.5], [1735.0, 1177.0], [1679.5, 1145.1666259765625], [1657.5, 1189.8333740234375], [1606.1666259765625, 1157.1666259765625], [1578.8333740234375, 1176.5], [1534.1666259765625, 1134.5], [2126.166748046875, 946.5], [2123.166748046875, 881.8333129882812], [1964.833251953125, 990.1666870117188], [1854.5, 1031.0], [1769.5, 1051.5], [1676.5, 1062.5], [1601.8333740234375, 1070.8333740234375], [1529.8333740234375, 1070.8333740234375]]",
PBX,Left,pbx013v11_l,Landmarked_PBX/marked_tiff/Left/PBX013V11_L_MARK.tif,Landmarked_PBX/txt/Left/PBX013V11_L.txt,Raw_Images/PBX/PBX013V11_L.tif,PBX,32,32,roi,3840,2160,"[[2430.0, 949.0], [2473.5, 1094.5], [2353.5, 1226.5], [2094.5, 1193.5], [1976.5, 1201.5], [1874.5, 1216.5], [1801.5, 1236.5], [1723.5, 1248.1666259765625], [1652.8333740234375, 1264.1666259765625], [1585.5, 1266.1666259765625], [1522.1666259765625, 1230.8333740234375], [1458.8333740234375, 1176.1666259765625], [1401.5, 1113.5], [1967.166748046875, 1066.1666259765625], [1909.1666259765625, 1116.5], [1860.5, 1115.5], [1826.5, 1164.1666259765625], [1768.5, 1146.1666259765625], [1754.5, 1194.8333740234375], [1693.1666259765625, 1166.8333740234375], [1682.5, 1206.8333740234375], [1627.8333740234375, 1177.5], [1612.5, 1200.5], [1556.5, 1169.5], [2103.166748046875, 971.1666870117188], [2100.166748046875, 925.8333129882812], [1964.0, 1006.5], [1860.5, 1046.5], [1761.5, 1071.5], [1686.5, 1086.5], [1620.0, 1096.0], [1547.0, 1101.0]]",
PBX,Left,pbx013v13_l,Landmarked_PBX/marked_tiff/Left/PBX013V13_L_MARK.tif,Landmarked_PBX/txt/Left/PBX013V13_L.txt,Raw_Images/PBX/PBX013V13_L.tif,PBX,32,32,roi,3840,2160,"[[2435.833251953125, 858.8333129882812], [2493.833251953125, 1037.5], [2376.5, 1198.8333740234375], [2100.166748046875, 1170.1666259765625], [1965.5, 1184.8333740234375], [1858.1666259765625, 1206.1666259765625], [1762.1666259765625, 1225.5], [1684.1666259765625, 1236.8333740234375], [1602.1666259765625, 1248.8333740234375], [1534.5, 1238.5], [1464.0, 1202.5], [1405.0, 1129.5], [1358.5, 1064.5], [1965.5, 1053.5], [1902.5, 1096.5], [1848.5, 1094.5], [1811.5, 1150.5], [1750.5, 1122.5], [1728.5, 1174.5], [1664.5, 1142.5], [1652.5, 1195.5], [1598.5, 1148.5], [1571.5, 1169.5], [1518.5, 1130.5], [2160.5, 930.5], [2159.5, 885.0], [1959.5, 995.8333129882812], [1837.5, 1033.8333740234375], [1733.5, 1050.5], [1652.1666259765625, 1059.1666259765625], [1583.5, 1061.8333740234375], [1507.5, 1063.1666259765625]]",
PBX,Left,pbx013v14_l,Landmarked_PBX/marked_tiff/Left/PBX013V14_L_MARK.tif,Landmarked_PBX/txt/Left/PBX013V14_L.txt,Raw_Images/PBX/PBX013V14_L.tif,PBX,32,32,roi,3840,2160,"[[2421.5, 906.5], [2498.5, 1069.5], [2394.5, 1193.5], [2097.5, 1165.5], [1964.5, 1177.5], [1859.5, 1203.5], [1778.5, 1218.5], [1701.5, 1226.5], [1614.5, 1236.5], [1552.5, 1229.5], [1487.5, 1190.0], [1433.5, 1130.5], [1386.0, 1064.5], [1962.5, 1060.5], [1894.5, 1109.5], [1854.5, 1096.5], [1805.5, 1138.5], [1760.5, 1127.5], [1727.5, 1166.5], [1675.5, 1144.5], [1658.5, 1175.5], [1610.5, 1148.5], [1582.5, 1171.5], [1541.5, 1118.5], [2115.166748046875, 970.1666870117188], [2114.5, 914.1666870117188], [1962.0, 992.5], [1849.1666259765625, 1026.1666259765625], [1755.8333740234375, 1046.8333740234375], [1667.8333740234375, 1057.5], [1604.5, 1061.5], [1534.5, 1060.1666259765625]]",
PBX,Left,pbx013v15_l,Landmarked_PBX/marked_tiff/Left/PBX013V15_L_MARK.tif,Landmarked_PBX/txt/Left/PBX013V15_L.txt,Raw_Images/PBX/PBX013V15_L.tif,PBX,32,32,roi,3840,2160,"[[2418.0, 865.0], [2480.5, 1049.5], [2340.5, 1195.5], [2074.166748046875, 1171.1666259765625], [1954.1666259765625, 1179.1666259765625], [1862.5, 1197.8333740234375], [1779.8333740234375, 1211.1666259765625], [1705.1666259765625, 1216.5], [1618.5, 1223.1666259765625], [1552.5, 1218.8333740234375], [1485.8333740234375, 1176.8333740234375], [1429.8333740234375, 1110.1666259765625], [1393.1666259765625, 1049.5], [1973.0, 1044.0], [1907.5, 1089.5], [1858.5, 1086.0], [1819.0, 1132.5], [1759.5, 1114.5], [1746.5, 1164.0], [1689.5, 1127.0], [1668.0, 1176.5], [1618.5, 1139.5], [1587.5, 1164.0], [1541.1666259765625, 1106.8333740234375], [2139.5, 936.5], [2136.5, 890.5], [1971.25, 981.75], [1856.75, 1019.0], [1753.8333740234375, 1042.5], [1686.5, 1050.1666259765625], [1611.5, 1053.1666259765625], [1534.5, 1051.5]]",
PBX,Left,pbx013v17_l,Landmarked_PBX/marked_tiff/Left/PBX013V17_L_MARK.tif,Landmarked_PBX/txt/Left/PBX013V17_L.txt,Raw_Images/PBX/PBX013V17_L.tif,PBX,32,32,roi,3840,2160,"[[2419.5, 918.5], [2497.5, 1041.5], [2385.5, 1215.5], [2121.5, 1189.5], [1948.1666259765625, 1194.1666259765625], [1860.1666259765625, 1207.5], [1762.8333740234375, 1232.8333740234375], [1692.1666259765625, 1231.5], [1621.5, 1242.1666259765625], [1550.8333740234375, 1236.8333740234375], [1473.5, 1195.5], [1409.5, 1126.5], [1352.5, 1061.5], [1969.5, 1058.5], [1904.5, 1109.5], [1854.5, 1104.5], [1811.5, 1145.5], [1760.5, 1127.5], [1739.5, 1172.5], [1680.5, 1147.5], [1666.5, 1192.5], [1609.5, 1152.5], [1584.5, 1179.5], [1535.5, 1124.5], [2124.0, 968.0], [2122.5, 921.0], [1963.5, 1000.5], [1852.0, 1034.5], [1759.0, 1053.0], [1666.5, 1063.5], [1600.5, 1068.8333740234375], [1533.1666259765625, 1069.5]]",
PBX,Left,pbx013v18_l,Landmarked_PBX/marked_tiff/Left/PBX013V18_L_MARK.tif,Landmarked_PBX/txt/Left/PBX013V18_L.txt,Raw_Images/PBX/PBX013V18_L.tif,PBX,32,32,roi,3840,2160,"[[2429.833251953125, 892.5], [2485.833251953125, 1099.1666259765625], [2353.833251953125, 1195.1666259765625], [2099.5, 1173.5], [1956.5, 1179.5], [1850.5, 1193.5], [1765.5, 1206.5], [1693.8333740234375, 1215.5], [1627.1666259765625, 1223.5], [1552.5, 1222.1666259765625], [1472.5, 1179.5], [1412.5, 1126.1666259765625], [1360.5, 1060.8333740234375], [1967.166748046875, 1043.5], [1909.833251953125, 1092.8333740234375], [1852.5, 1075.5], [1805.8333740234375, 1128.8333740234375], [1743.1666259765625, 1111.5], [1736.5, 1159.5], [1672.5, 1120.8333740234375], [1669.8333740234375, 1179.5], [1616.5, 1134.1666259765625], [1589.8333740234375, 1166.1666259765625], [1529.8333740234375, 1128.8333740234375], [2148.5, 944.8333129882812], [2151.166748046875, 878.1666870117188], [1964.166748046875, 980.1666870117188], [1848.1666259765625, 1019.5], [1735.5, 1039.5], [1664.1666259765625, 1048.8333740234375], [1604.8333740234375, 1054.1666259765625], [1530.1666259765625, 1057.5]]",
PBX,Left,pbx013v19_l,Landmarked_PBX/marked_tiff/Left/PBX013V19_L_MARK.tif,Landmarked_PBX/txt/Left/PBX013V19_L.txt,Raw_Images/PBX/PBX013V19_L.tif,PBX,32,32,roi,3840,2160,"[[2468.0, 883.0], [2520.833251953125, 1086.5], [2387.5, 1210.5], [2100.833251953125, 1186.5], [1978.1666259765625, 1197.1666259765625], [1864.5, 1213.5], [1761.0, 1233.0], [1691.0, 1246.0], [1612.0, 1258.0], [1541.5, 1255.5], [1456.0, 1210.5], [1392.0, 1146.5], [1340.0, 1082.0], [1978.0, 1053.0], [1909.5, 1110.0], [1847.0, 1104.0], [1815.0, 1149.5], [1749.0, 1129.5], [1734.0, 1183.5], [1665.0, 1150.5], [1659.5, 1201.0], [1595.5, 1159.0], [1571.0, 1186.5], [1513.0, 1138.5], [2168.5, 937.5], [2166.5, 887.0], [1980.166748046875, 990.1666870117188], [1846.1666259765625, 1035.5], [1750.8333740234375, 1054.8333740234375], [1666.1666259765625, 1065.5], [1595.5, 1073.5], [1512.8333740234375, 1075.5]]",
PBX,Left,pbx013v21a_l,Landmarked_PBX/marked_tiff/Left/PBX013V21a_L_MARK.tif,Landmarked_PBX/txt/Left/PBX013V21a_L.txt,Raw_Images/PBX/PBX013V21a_L.tif,PBX,32,32,roi,3840,2160,"[[2396.0, 873.0], [2456.5, 1080.5], [2326.5, 1201.5], [2099.5, 1180.5], [1981.5, 1189.5], [1873.5, 1203.5], [1789.5, 1228.5], [1712.5, 1234.5], [1631.5, 1243.5], [1562.5, 1243.5], [1480.8333740234375, 1205.5], [1420.8333740234375, 1134.8333740234375], [1377.5, 1072.8333740234375], [1969.833251953125, 1040.5], [1913.833251953125, 1085.1666259765625], [1859.1666259765625, 1085.8333740234375], [1819.8333740234375, 1129.1666259765625], [1763.1666259765625, 1117.1666259765625], [1743.8333740234375, 1161.1666259765625], [1682.5, 1133.8333740234375], [1671.8333740234375, 1179.8333740234375], [1617.1666259765625, 1149.1666259765625], [1590.5, 1168.5], [1533.8333740234375, 1137.1666259765625], [2094.0, 954.0], [2092.5, 916.5], [1969.5, 985.5], [1861.5, 1023.5], [1762.5, 1047.5], [1682.5, 1062.5], [1614.5, 1068.5], [1532.5, 1072.5]]",
PBX,Left,pbx013v22_l,Landmarked_PBX/marked_tiff/Left/PBX013V22_L_MARK.tif,Landmarked_PBX/txt/Left/PBX013V22_L.txt,Raw_Images/PBX/PBX013V22_L.tif,PBX,32,32,roi,3840,2160,"[[2421.0, 923.0], [2492.833251953125, 1067.5], [2408.166748046875, 1197.5], [2116.166748046875, 1176.5], [1982.8333740234375, 1184.5], [1870.8333740234375, 1203.1666259765625], [1790.8333740234375, 1213.8333740234375], [1725.5, 1223.1666259765625], [1649.5, 1236.5], [1574.8333740234375, 1233.8333740234375], [1493.8333740234375, 1195.5], [1437.8333740234375, 1134.8333740234375], [1385.1666259765625, 1072.8333740234375], [1971.5, 1059.5], [1917.5, 1104.5], [1858.5, 1096.5], [1836.5, 1145.5], [1769.5, 1123.5], [1757.5, 1170.5], [1692.5, 1134.5], [1676.5, 1178.5], [1622.5, 1148.5], [1602.5, 1177.5], [1542.5, 1134.5], [2150.5, 961.5], [2149.0, 904.5], [1969.833251953125, 997.1666870117188], [1857.5, 1032.1666259765625], [1765.8333740234375, 1048.5], [1694.5, 1062.5], [1623.5, 1067.5], [1542.0, 1070.0]]",
PBX,Left,pbx013v23_l,Landmarked_PBX/marked_tiff/Left/PBX013V23_L_MARK.tif,Landmarked_PBX/txt/Left/PBX013V23_L.txt,Raw_Images/PBX/PBX013V23_L.tif,PBX,32,32,roi,3840,2160,"[[2410.0, 901.0], [2466.166748046875, 1076.8333740234375], [2344.833251953125, 1206.1666259765625], [2090.5, 1173.5], [1962.5, 1186.8333740234375], [1851.8333740234375, 1205.5], [1778.5, 1221.5], [1707.5, 1230.8333740234375], [1639.5, 1238.8333740234375], [1566.1666259765625, 1244.1666259765625], [1484.8333740234375, 1209.1666259765625], [1414.8333740234375, 1146.5], [1367.5, 1082.8333740234375], [1966.833251953125, 1052.5], [1911.5, 1104.5], [1858.8333740234375, 1096.5], [1816.8333740234375, 1136.5], [1764.8333740234375, 1125.1666259765625], [1745.5, 1167.8333740234375], [1690.8333740234375, 1143.8333740234375], [1683.5, 1197.1666259765625], [1617.8333740234375, 1155.8333740234375], [1596.8333740234375, 1179.5], [1528.5, 1136.5], [2124.166748046875, 954.1666870117188], [2121.5, 899.5], [1961.5, 989.5], [1844.5, 1031.5], [1746.5, 1054.5], [1676.5, 1061.5], [1596.5, 1072.5], [1513.5, 1077.5]]",
PBX,Left,rx008v06_l,Landmarked_PBX/marked_tiff/Left/RX008V06_L_MARK.tif,Landmarked_PBX/txt/Left/RX008V06_L.txt,Raw_Images/PBX/RX008V06_L.tif,PBX,32,32,roi,3840,2160,"[[2397.0, 899.0], [2458.5, 1124.5], [2351.5, 1212.5], [2120.166748046875, 1181.5], [1986.8333740234375, 1194.8333740234375], [1884.1666259765625, 1210.8333740234375], [1789.5, 1229.5], [1718.8333740234375, 1240.1666259765625], [1653.5, 1250.8333740234375], [1588.5, 1254.1666259765625], [1501.1666259765625, 1223.5], [1435.8333740234375, 1158.1666259765625], [1375.1666259765625, 1093.5], [1976.5, 1046.0], [1918.0, 1101.5], [1858.0, 1096.0], [1831.5, 1142.0], [1772.0, 1126.0], [1754.0, 1173.5], [1699.8333740234375, 1147.5], [1687.8333740234375, 1194.8333740234375], [1627.8333740234375, 1160.8333740234375], [1611.8333740234375, 1191.5], [1551.8333740234375, 1132.8333740234375], [2128.0, 944.5], [2125.5, 902.0], [1974.5, 988.5], [1851.5, 1035.8333740234375], [1769.0, 1056.5], [1693.5, 1068.5], [1621.5, 1078.5], [1548.25, 1084.25]]",
PBX,Left,rx008v07_l,Landmarked_PBX/marked_tiff/Left/RX008V07_L_MARK.tif,Landmarked_PBX/txt/Left/RX008V07_L.txt,Raw_Images/PBX/RX008V07_L.tif,PBX,32,32,roi,3840,2160,"[[2436.0, 920.0], [2459.833251953125, 1100.1666259765625], [2322.5, 1202.8333740234375], [2072.5, 1175.5], [1959.5, 1180.5], [1856.5, 1189.5], [1755.5, 1197.5], [1689.5, 1211.5], [1616.5, 1211.5], [1551.5, 1208.5], [1480.8333740234375, 1165.8333740234375], [1426.1666259765625, 1103.8333740234375], [1372.1666259765625, 1033.1666259765625], [1986.833251953125, 1025.8333740234375], [1922.166748046875, 1082.5], [1865.5, 1077.1666259765625], [1830.1666259765625, 1117.1666259765625], [1764.8333740234375, 1104.5], [1741.5, 1143.8333740234375], [1689.5, 1116.5], [1667.5, 1157.1666259765625], [1618.1666259765625, 1123.8333740234375], [1593.1666259765625, 1144.1666259765625], [1520.1666259765625, 1092.5], [2151.5, 938.0], [2152.0, 885.5], [1984.0, 966.5], [1860.0, 1012.0], [1755.1666259765625, 1031.5], [1679.1666259765625, 1036.1666259765625], [1607.8333740234375, 1038.1666259765625], [1514.8333740234375, 1034.1666259765625]]",
PBX,Left,rx009v01_l,Landmarked_PBX/marked_tiff/Left/RX009V01_L_MARK.tif,Landmarked_PBX/txt/Left/RX009V01_L.txt,Raw_Images/PBX/RX009V01_L.tif,PBX,32,32,roi,3840,2160,"[[2450.0, 910.0], [2481.833251953125, 1061.8333740234375], [2371.833251953125, 1197.8333740234375], [2094.5, 1190.5], [1995.5, 1206.5], [1870.5, 1218.5], [1789.5, 1228.5], [1705.5, 1239.5], [1639.5, 1247.5], [1569.5, 1250.5], [1478.0, 1218.5], [1399.0, 1146.0], [1349.5, 1076.5], [1989.833251953125, 1052.1666259765625], [1921.166748046875, 1101.5], [1863.166748046875, 1102.1666259765625], [1830.5, 1144.1666259765625], [1769.1666259765625, 1128.8333740234375], [1753.8333740234375, 1178.1666259765625], [1689.1666259765625, 1146.8333740234375], [1683.5, 1203.5], [1620.5, 1155.5], [1594.5, 1184.5], [1539.5, 1133.5], [2175.5, 946.0], [2169.5, 894.0], [1988.833251953125, 995.8333129882812], [1857.0, 1038.0], [1760.0, 1061.0], [1678.5, 1071.0], [1611.5, 1077.5], [1532.5, 1081.5]]",
PBX,Right,pbx002v01_r,Landmarked_PBX/marked_tiff/Right/PBX002V01_R_MARK.tif,Landmarked_PBX/txt/Right/PBX002V01_R.txt,Raw_Images/PBX/PBX002V01_R.tif,PBX,36,36,roi,3840,2160,"[[1407.5, 891.5], [1400.5, 1114.5], [1604.5, 1197.5], [1758.1666259765625, 1182.1666259765625], [1871.5, 1184.1666259765625], [1968.166748046875, 1198.1666259765625], [2054.833251953125, 1212.1666259765625], [2121.5, 1214.5], [2194.5, 1224.5], [2260.5, 1225.1666259765625], [2371.833251953125, 1197.8333740234375], [2455.16650390625, 1135.8333740234375], [2511.16650390625, 1043.1666259765625], [1851.8333740234375, 1029.1666259765625], [1912.5, 1077.8333740234375], [1959.833251953125, 1079.1666259765625], [1996.5, 1117.8333740234375], [2042.166748046875, 1099.1666259765625], [2072.833251953125, 1160.5], [2121.5, 1115.1666259765625], [2140.166748046875, 1168.5], [2194.833251953125, 1124.5], [2214.166748046875, 1151.8333740234375], [2262.5, 1198.5], [2280.5, 1092.5], [2345.5, 1165.1666259765625], [2406.833251953125, 1109.1666259765625], [2461.5, 1033.1666259765625], [1697.5, 935.5], [1695.5, 885.5], [1851.5, 969.5], [1958.5, 1009.5], [2039.5, 1028.1666259765625], [2116.166748046875, 1038.8333740234375], [2191.5, 1045.5], [2279.5, 1047.5]]",
PBX,Right,pbx002v04_r,Landmarked_PBX/marked_tiff/Right/PBX002V04_R_MARK.tif,Landmarked_PBX/txt/Right/PBX002V04_R.txt,Raw_Images/PBX/PBX002V04_R.tif,PBX,36,36,roi,3840,2160,"[[1379.8333740234375, 926.5], [1366.5, 1134.5], [1498.5, 1206.5], [1786.5, 1164.5], [1921.833251953125, 1163.8333740234375], [2004.5, 1171.8333740234375], [2100.5, 1193.1666259765625], [2176.5, 1193.1666259765625], [2245.833251953125, 1197.1666259765625], [2302.166748046875, 1191.8333740234375], [2395.5, 1152.5], [2475.0, 1097.0], [2539.16650390625, 997.8333129882812], [1869.5, 1040.5], [1927.5, 1080.5], [1984.833251953125, 1077.8333740234375], [2032.166748046875, 1112.5], [2084.833251953125, 1095.1666259765625], [2114.833251953125, 1143.1666259765625], [2159.5, 1103.8333740234375], [2182.833251953125, 1149.1666259765625], [2230.833251953125, 1111.1666259765625], [2258.5, 1126.1666259765625], [2306.166748046875, 1163.1666259765625], [2314.833251953125, 1067.1666259765625], [2375.5, 1125.5], [2428.5, 1066.5], [2491.0, 994.0], [1656.5, 940.5], [1654.5, 878.1666870117188], [1863.8333740234375, 967.8333129882812], [1986.5, 1000.5], [2083.833251953125, 1011.8333129882812], [2160.5, 1018.5], [2229.833251953125, 1020.1666870117188], [2314.5, 1018.8333129882812]]",
PBX,Right,pbx002v05_r,Landmarked_PBX/marked_tiff/Right/PBX002V05_R_MARK.tif,Landmarked_PBX/txt/Right/PBX002V05_R.txt,Raw_Images/PBX/PBX002V05_R.tif,PBX,36,36,roi,3840,2160,"[[1377.0, 946.0], [1370.5, 1143.5], [1522.5, 1232.8333740234375], [1748.5, 1198.1666259765625], [1872.5, 1196.8333740234375], [1987.833251953125, 1205.5], [2061.5, 1217.0], [2136.0, 1221.0], [2208.0, 1228.0], [2270.166748046875, 1224.5], [2383.166748046875, 1195.5], [2463.0, 1136.0], [2521.5, 1044.0], [1871.5, 1065.5], [1917.5, 1095.5], [1973.0, 1092.5], [2011.5, 1134.5], [2060.0, 1117.0], [2087.0, 1170.5], [2137.5, 1130.1666259765625], [2161.5, 1170.8333740234375], [2207.0, 1134.0], [2232.0, 1157.5], [2278.5, 1200.5], [2287.5, 1105.5], [2352.5, 1156.8333740234375], [2411.83349609375, 1097.5], [2468.5, 1034.1666259765625], [1656.1666259765625, 958.8333129882812], [1655.5, 901.1666870117188], [1869.5, 996.5], [1972.0, 1022.5], [2058.5, 1038.0], [2137.166748046875, 1046.1666259765625], [2206.166748046875, 1050.1666259765625], [2288.0, 1052.0]]",
PBX,Right,pbx002v06_r,Landmarked_PBX/marked_tiff/Right/PBX002V06_R_MARK.tif,Landmarked_PBX/txt/Right/PBX002V06_R.txt,Raw_Images/PBX/PBX002V06_R.tif,PBX,36,36,roi,3840,2160,"[[1382.0, 932.0], [1377.5, 1140.5], [1547.5, 1222.5], [1772.8333740234375, 1184.1666259765625], [1884.1666259765625, 1186.8333740234375], [1988.5, 1200.5], [2067.0, 1212.0], [2141.0, 1216.5], [2213.5, 1221.5], [2274.833251953125, 1219.1666259765625], [2363.5, 1185.5], [2448.16650390625, 1127.1666259765625], [2497.0, 1033.0], [1860.1666259765625, 1054.1666259765625], [1910.833251953125, 1104.1666259765625], [1956.833251953125, 1094.1666259765625], [2004.833251953125, 1134.1666259765625], [2050.833251953125, 1119.5], [2082.833251953125, 1157.5], [2127.5, 1131.5], [2157.5, 1154.5], [2200.166748046875, 1132.5], [2225.5, 1153.1666259765625], [2278.166748046875, 1192.5], [2261.5, 1106.5], [2342.833251953125, 1154.5], [2401.5, 1098.5], [2450.16650390625, 1024.5], [1654.1666259765625, 955.5], [1652.8333740234375, 893.5], [1858.1666259765625, 999.5], [1955.166748046875, 1028.1666259765625], [2049.5, 1044.8333740234375], [2125.0, 1050.5], [2200.0, 1053.5], [2259.5, 1051.0]]",
PBX,Right,pbx002v07_r,Landmarked_PBX/marked_tiff/Right/PBX002V07_R_MARK.tif,Landmarked_PBX/txt/Right/PBX002V07_R.txt,Raw_Images/PBX/PBX002V07_R.tif,PBX,36,36,roi,3840,2160,"[[1374.0, 927.0], [1372.5, 1091.5], [1521.5, 1199.5], [1744.0, 1172.0], [1869.0, 1173.5], [1985.0, 1181.0], [2064.5, 1191.5], [2135.5, 1197.5], [2212.5, 1207.5], [2275.5, 1205.5], [2375.833251953125, 1180.8333740234375], [2453.83349609375, 1131.5], [2516.5, 1040.1666259765625], [1848.8333740234375, 1039.8333740234375], [1906.833251953125, 1086.5], [1956.166748046875, 1081.1666259765625], [2009.5, 1128.5], [2058.166748046875, 1109.1666259765625], [2092.166748046875, 1142.8333740234375], [2139.5, 1120.8333740234375], [2160.833251953125, 1158.1666259765625], [2208.833251953125, 1126.8333740234375], [2238.166748046875, 1149.5], [2286.166748046875, 1182.1666259765625], [2284.166748046875, 1093.5], [2351.5, 1143.5], [2408.16650390625, 1095.5], [2466.83349609375, 1029.5], [1644.0, 942.0], [1641.5, 877.0], [1845.0, 979.5], [1953.5, 1013.5], [2056.5, 1032.0], [2137.0, 1041.0], [2205.5, 1044.5], [2282.833251953125, 1046.8333740234375]]",
PBX,Right,pbx002v08_r,Landmarked_PBX/marked_tiff/Right/PBX002V08_R_MARK.tif,Landmarked_PBX/txt/Right/PBX002V08_R.txt,Raw_Images/PBX/PBX002V08_R.tif,PBX,36,36,roi,3840,2160,"[[1391.0, 923.0], [1364.5, 1085.5], [1516.5, 1199.5], [1759.0, 1167.5], [1879.5, 1171.0], [1977.0, 1182.0], [2060.0, 1194.0], [2133.0, 1199.0], [2207.166748046875, 1199.8333740234375], [2268.5, 1197.1666259765625], [2377.166748046875, 1169.1666259765625], [2460.5, 1112.5], [2521.83349609375, 1028.5], [1848.5, 1045.5], [1919.0, 1082.5], [1971.5, 1073.5], [2011.5, 1119.0], [2059.5, 1098.0], [2087.0, 1145.5], [2144.5, 1107.8333740234375], [2167.166748046875, 1150.5], [2212.5, 1114.5], [2237.833251953125, 1139.1666259765625], [2280.5, 1173.8333740234375], [2287.166748046875, 1091.8333740234375], [2343.5, 1137.0], [2409.5, 1080.0], [2462.5, 1023.0], [1678.1666259765625, 945.8333129882812], [1675.5, 891.1666870117188], [1848.1666259765625, 982.5], [1970.833251953125, 1013.8333129882812], [2058.833251953125, 1029.1666259765625], [2141.5, 1036.5], [2209.5, 1037.5], [2284.5, 1040.5]]",
PBX,Right,pbx002v10_r,Landmarked_PBX/marked_tiff/Right/PBX002V10_R_MARK.tif,Landmarked_PBX/txt/Right/PBX002V10_R.txt,Raw_Images/PBX/PBX002V10_R.tif,PBX,36,36,roi,3840,2160,"[[1412.0, 932.0], [1396.5, 1125.5], [1570.5, 1226.5], [1779.1666259765625, 1197.1666259765625], [1881.1666259765625, 1197.1666259765625], [1981.166748046875, 1201.1666259765625], [2065.166748046875, 1211.1666259765625], [2141.833251953125, 1213.1666259765625], [2218.833251953125, 1219.5], [2275.833251953125, 1219.5], [2449.5, 1132.5], [2377.5, 1187.5], [2497.5, 1043.5], [1875.5, 1069.0], [1924.0, 1103.0], [1973.5, 1095.5], [2010.5, 1149.5], [2057.5, 1116.0], [2083.0, 1172.5], [2134.5, 1132.5], [2156.0, 1181.0], [2206.5, 1137.0], [2237.0, 1159.0], [2281.0, 1193.5], [2288.5, 1100.5], [2346.0, 1148.0], [2401.5, 1100.0], [2446.0, 1036.0], [1679.8333740234375, 962.5], [1677.0, 911.0], [1875.0, 1002.5], [1972.5, 1028.5], [2056.0, 1042.5], [2128.0, 1050.0], [2204.0, 1053.5], [2288.0, 1054.0]]",
PBX,Right,pbx002v11_r,Landmarked_PBX/marked_tiff/Right/PBX002V11_R_MARK.tif,Landmarked_PBX/txt/Right/PBX002V11_R.txt,Raw_Images/PBX/PBX002V11_R.tif,PBX,36,36,roi,3840,2160,"[[1401.0, 938.0], [1387.5, 1123.5], [1568.8333740234375, 1206.1666259765625], [1781.5, 1179.5], [1924.5, 1180.5], [1999.5, 1191.5], [2079.5, 1199.5], [2146.0, 1203.5], [2221.5, 1205.5], [2276.5, 1198.8333740234375], [2370.5, 1168.5], [2444.5, 1106.5], [2492.5, 1020.5], [1881.5, 1043.0], [1925.0, 1089.5], [1973.0, 1081.5], [2019.5, 1127.5], [2067.5, 1106.5], [2096.166748046875, 1145.8333740234375], [2144.833251953125, 1118.5], [2167.5, 1155.1666259765625], [2212.5, 1123.5], [2237.833251953125, 1140.5], [2293.166748046875, 1088.8333740234375], [2277.166748046875, 1172.8333740234375], [2340.5, 1131.5], [2395.5, 1078.0], [2448.0, 1014.0], [1673.5, 951.0], [1673.0, 900.5], [1880.5, 994.0], [1971.5, 1018.8333129882812], [2066.833251953125, 1031.1666259765625], [2147.833251953125, 1035.5], [2211.833251953125, 1040.1666259765625], [2290.5, 1034.1666259765625]]",
PBX,Right,pbx002v14_r,Landmarked_PBX/marked_tiff/Right/PBX002V14_R_MARK.tif,Landmarked_PBX/txt/Right/PBX002V14_R.txt,Raw_Images/PBX/PBX002V14_R.tif,PBX,36,36,roi,3840,2160,"[[1414.8333740234375, 953.8333129882812], [1409.5, 1136.5], [1561.5, 1220.5], [1809.5, 1184.5], [1908.5, 1186.5], [2006.0, 1195.0], [2090.0, 1202.5], [2163.5, 1209.5], [2234.5, 1211.5], [2299.5, 1204.8333740234375], [2395.5, 1176.1666259765625], [2463.0, 1113.5], [2510.16650390625, 1021.5], [1876.8333740234375, 1063.1666259765625], [1932.166748046875, 1097.8333740234375], [1982.166748046875, 1089.8333740234375], [2023.5, 1136.5], [2078.833251953125, 1113.8333740234375], [2106.166748046875, 1155.1666259765625], [2154.166748046875, 1126.5], [2174.833251953125, 1158.5], [2217.5, 1132.5], [2250.833251953125, 1147.8333740234375], [2301.5, 1182.0], [2283.0, 1097.0], [2357.0, 1143.0], [2413.5, 1083.5], [2463.5, 1015.0], [1691.0, 961.5], [1689.0, 908.0], [1874.0, 992.0], [1981.0, 1021.5], [2076.5, 1039.0], [2148.0, 1042.0], [2213.0, 1044.5], [2280.0, 1041.5]]",
PBX,Right,pbx002v15_r,Landmarked_PBX/marked_tiff/Right/PBX002v15_R_MARK.tif,Landmarked_PBX/txt/Right/PBX002V15_R.txt,Raw_Images/PBX/PBX002v15_R.tif,PBX,36,36,roi,3840,2160,"[[1418.0, 913.0], [1406.1666259765625, 1137.1666259765625], [1558.1666259765625, 1192.5], [1780.5, 1170.5], [1880.5, 1175.5], [1985.5, 1185.5], [2074.5, 1194.5], [2133.5, 1197.5], [2208.5, 1204.5], [2277.5, 1208.5], [2381.5, 1177.1666259765625], [2465.5, 1122.5], [2531.5, 1035.8333740234375], [1863.5, 1036.8333740234375], [1924.166748046875, 1079.5], [1971.5, 1072.1666259765625], [2012.833251953125, 1113.5], [2065.5, 1098.1666259765625], [2093.5, 1142.8333740234375], [2148.166748046875, 1111.5], [2167.5, 1154.8333740234375], [2220.166748046875, 1118.1666259765625], [2242.166748046875, 1146.8333740234375], [2284.0, 1181.5], [2294.5, 1097.5], [2359.0, 1142.5], [2419.5, 1085.5], [2479.16650390625, 1027.1666259765625], [1688.5, 924.5], [1688.5, 881.5], [1863.0, 971.0], [1970.5, 1004.0], [2068.833251953125, 1023.8333129882812], [2150.5, 1032.0], [2221.5, 1036.5], [2294.0, 1040.5]]",
PBX,Right,pbx002v16_r,Landmarked_PBX/marked_tiff/Right/PBX002V16_R_MARK.tif,Landmarked_PBX/txt/Right/PBX002V16_R.txt,Raw_Images/PBX/PBX002V16_R.tif,PBX,36,36,roi,3840,2160,"[[1353.0, 912.0], [1338.5, 1146.5], [1473.5, 1232.5], [1721.5, 1193.5], [1858.0, 1196.0], [1983.0, 1209.5], [2066.5, 1224.5], [2140.0, 1229.5], [2209.5, 1238.5], [2272.5, 1235.5], [2378.83349609375, 1207.8333740234375], [2473.5, 1149.8333740234375], [2538.5, 1053.0], [1846.5, 1049.5], [1908.5, 1094.8333740234375], [1957.166748046875, 1093.5], [1998.5, 1138.8333740234375], [2047.166748046875, 1115.5], [2083.166748046875, 1172.1666259765625], [2132.0, 1130.0], [2151.5, 1187.0], [2211.0, 1134.5], [2229.0, 1168.0], [2280.0, 1213.0], [2301.0, 1115.5], [2355.0, 1175.5], [2419.16650390625, 1114.5], [2487.5, 1039.8333740234375], [1641.8333740234375, 932.8333129882812], [1640.0, 878.5], [1844.1666259765625, 985.8333129882812], [1956.833251953125, 1021.8333129882812], [2046.166748046875, 1038.5], [2130.833251953125, 1049.1666259765625], [2211.5, 1053.5], [2298.5, 1055.0]]",
PBX,Right,pbx002v17_r,Landmarked_PBX/marked_tiff/Right/PBX002V17_R_MARK.tif,Landmarked_PBX/txt/Right/PBX002V17_R.txt,Raw_Images/PBX/PBX002V17_R.tif,PBX,36,36,roi,3840,2160,"[[1419.5, 962.5], [1367.5, 1098.5], [1487.5, 1198.5], [1766.5, 1192.5], [1878.8333740234375, 1195.1666259765625], [1987.5, 1203.1666259765625], [2076.833251953125, 1207.8333740234375], [2142.833251953125, 1213.1666259765625], [2218.166748046875, 1216.5], [2286.166748046875, 1209.1666259765625], [2383.5, 1172.0], [2459.5, 1109.5], [2506.5, 1016.5], [1860.5, 1067.5], [1921.5, 1105.5], [1969.5, 1097.5], [2011.5, 1128.5], [2065.5, 1115.5], [2091.5, 1161.5], [2142.5, 1122.0], [2168.5, 1156.0], [2213.0, 1125.5], [2240.5, 1144.0], [2289.5, 1183.5], [2291.5, 1088.5], [2350.833251953125, 1138.8333740234375], [2409.5, 1076.8333740234375], [2453.5, 1011.0], [1666.1666259765625, 970.8333129882812], [1662.8333740234375, 912.8333129882812], [1858.1666259765625, 995.5], [1966.75, 1023.5], [2063.5, 1037.75], [2139.75, 1040.75], [2208.5, 1040.5], [2289.5, 1035.5]]",
PBX,Right,pbx002v18_r,Landmarked_PBX/marked_tiff/Right/PBX002V18_R_MARK.tif,Landmarked_PBX/txt/Right/PBX002V18_R.txt,Raw_Images/PBX/PBX002V18_R.tif,PBX,36,36,roi,3840,2160,"[[1395.5, 923.5], [1388.8333740234375, 1116.8333740234375], [1554.1666259765625, 1196.8333740234375], [1768.5, 1168.5], [1877.5, 1178.5], [1978.5, 1181.8333740234375], [2054.833251953125, 1190.8333740234375], [2127.5, 1200.8333740234375], [2201.5, 1204.8333740234375], [2272.833251953125, 1199.1666259765625], [2368.5, 1166.5], [2446.5, 1105.8333740234375], [2495.83349609375, 1020.5], [1853.5, 1042.5], [1917.5, 1091.1666259765625], [1966.833251953125, 1076.5], [2005.5, 1124.5], [2057.5, 1103.1666259765625], [2079.5, 1149.8333740234375], [2125.5, 1113.1666259765625], [2146.833251953125, 1165.8333740234375], [2202.166748046875, 1117.8333740234375], [2224.166748046875, 1143.8333740234375], [2273.5, 1170.5], [2274.5, 1087.1666259765625], [2340.5, 1132.5], [2400.833251953125, 1080.5], [2446.16650390625, 1010.5], [1660.5, 947.8333129882812], [1658.5, 894.5], [1852.5, 983.5], [1967.5, 1009.5], [2058.5, 1023.0], [2128.5, 1028.5], [2202.0, 1031.0], [2274.5, 1030.5]]",
PBX,Right,pbx002v19_r,Landmarked_PBX/marked_tiff/Right/PBX002V19_R_MARK.tif,Landmarked_PBX/txt/Right/PBX002V19_R.txt,Raw_Images/PBX/PBX002V19_R.tif,PBX,36,36,roi,3840,2160,"[[1396.0, 933.0], [1360.5, 1147.5], [1488.5, 1225.5], [1759.1666259765625, 1174.1666259765625], [1861.8333740234375, 1176.1666259765625], [1974.5, 1186.8333740234375], [2056.5, 1203.5], [2127.5, 1208.5], [2201.5, 1216.5], [2261.5, 1217.5], [2366.833251953125, 1189.8333740234375], [2454.5, 1131.8333740234375], [2514.83349609375, 1050.8333740234375], [1850.5, 1041.1666259765625], [1912.75, 1087.25], [1961.5, 1080.25], [1999.5, 1129.25], [2054.0, 1109.5], [2081.0, 1161.0], [2139.0, 1122.5], [2157.0, 1172.0], [2204.0, 1131.0], [2231.5, 1159.0], [2286.5, 1103.5], [2270.833251953125, 1192.8333740234375], [2341.5, 1152.5], [2406.83349609375, 1096.8333740234375], [2467.5, 1036.5], [1660.0, 943.0], [1659.0, 891.5], [1850.5, 983.5], [1962.0, 1013.75], [2057.25, 1033.25], [2138.5, 1044.25], [2208.0, 1046.75], [2287.25, 1049.75]]",
PBX,Right,pbx002v21_r,Landmarked_PBX/marked_tiff/Right/PBX002V21_R_MARK.tif,Landmarked_PBX/txt/Right/PBX002V21_R.txt,Raw_Images/PBX/PBX002V21_R.tif,PBX,36,36,roi,3840,2160,"[[1392.0, 913.0], [1378.5, 1099.5], [1539.8333740234375, 1207.5], [1767.5, 1177.5], [1874.5, 1183.5], [1965.0, 1190.5], [2059.0, 1202.0], [2138.5, 1210.0], [2216.166748046875, 1215.1666259765625], [2277.5, 1213.8333740234375], [2385.5, 1182.5], [2472.5, 1118.5], [2517.5, 1029.5], [1850.5, 1044.5], [1917.5, 1091.5], [1961.5, 1080.5], [2002.5, 1125.5], [2054.5, 1110.5], [2084.5, 1155.5], [2135.5, 1124.5], [2158.5, 1160.5], [2207.5, 1131.5], [2233.5, 1153.5], [2286.5, 1187.8333740234375], [2287.833251953125, 1099.1666259765625], [2353.166748046875, 1146.5], [2419.16650390625, 1089.1666259765625], [2463.83349609375, 1021.8333129882812], [1679.1666259765625, 941.1666870117188], [1676.5, 887.1666870117188], [1849.0, 974.5], [1959.0, 1009.5], [2057.0, 1029.5], [2134.5, 1038.1666259765625], [2207.5, 1040.8333740234375], [2285.5, 1042.1666259765625]]",
PBX,Right,pbx002v22_r,Landmarked_PBX/marked_tiff/Right/PBX002V22_R_MARK.tif,Landmarked_PBX/txt/Right/PBX002V22_R.txt,Raw_Images/PBX/PBX002V22_R.tif,PBX,36,36,roi,3840,2160,"[[1412.0, 951.0], [1387.5, 1087.5], [1533.5, 1191.5], [1791.5, 1168.5], [1905.5, 1170.5], [1995.5, 1180.5], [2078.5, 1186.5], [2139.5, 1195.5], [2210.5, 1197.5], [2273.0, 1191.5], [2361.5, 1157.8333740234375], [2474.5, 1017.5], [2431.0, 1096.5], [1860.5, 1047.5], [1921.833251953125, 1087.5], [1964.5, 1078.1666259765625], [2007.833251953125, 1120.8333740234375], [2060.5, 1100.8333740234375], [2085.166748046875, 1150.8333740234375], [2132.5, 1113.5], [2151.833251953125, 1150.1666259765625], [2194.166748046875, 1118.5], [2222.166748046875, 1137.8333740234375], [2271.5, 1166.5], [2271.5, 1084.5], [2329.5, 1123.5], [2387.5, 1069.0], [2433.5, 1009.5], [1677.5, 955.5], [1672.8333740234375, 891.8333129882812], [1856.1666259765625, 981.5], [1964.166748046875, 1007.8333129882812], [2059.0, 1026.5], [2131.0, 1032.0], [2195.5, 1035.5], [2269.5, 1033.0]]",
PBX,Right,pbx002v24_r,Landmarked_PBX/marked_tiff/Right/PBX002V24_R_MARK.tif,Landmarked_PBX/txt/Right/PBX002V24_R.txt,Raw_Images/PBX/PBX002V24_R.tif,PBX,36,36,roi,3840,2160,"[[1375.0, 932.0], [1371.5, 1147.5], [1553.5, 1231.5], [1778.1666259765625, 1197.8333740234375], [1877.5, 1197.1666259765625], [1980.833251953125, 1213.1666259765625], [2070.833251953125, 1224.5], [2136.166748046875, 1230.5], [2206.5, 1235.5], [2271.833251953125, 1237.1666259765625], [2390.5, 1209.8333740234375], [2480.5, 1142.5], [2538.16650390625, 1053.5], [1852.5, 1054.0], [1906.5, 1097.5], [1961.5, 1088.5], [1989.5, 1137.5], [2047.5, 1117.5], [2084.5, 1179.5], [2127.5, 1137.5], [2154.5, 1185.5], [2202.5, 1145.0], [2227.0, 1173.5], [2276.5, 1209.1666259765625], [2283.833251953125, 1113.8333740234375], [2363.166748046875, 1174.5], [2430.5, 1112.5], [2489.16650390625, 1042.5], [1648.5, 946.5], [1648.0, 883.0], [1854.0, 989.5], [1964.5, 1025.0], [2051.0, 1042.0], [2127.75, 1052.5], [2206.5, 1060.1666259765625], [2283.5, 1062.5]]",
PBX,Right,pbx002v25_r,Landmarked_PBX/marked_tiff/Right/PBX002V25_R_MARK.tif,Landmarked_PBX/txt/Right/PBX002V25_R.txt,Raw_Images/PBX/PBX002V25_R.tif,PBX,36,36,roi,3840,2160,"[[1441.0, 913.0], [1408.5, 1103.5], [1564.5, 1204.5], [1781.5, 1180.5], [1895.8333740234375, 1181.1666259765625], [1995.166748046875, 1189.1666259765625], [2077.166748046875, 1198.5], [2141.833251953125, 1202.5], [2211.833251953125, 1206.5], [2272.166748046875, 1202.5], [2373.5, 1171.5], [2452.16650390625, 1111.5], [2506.83349609375, 1026.1666259765625], [1875.8333740234375, 1043.1666259765625], [1923.166748046875, 1083.1666259765625], [1973.166748046875, 1073.1666259765625], [2012.5, 1111.1666259765625], [2057.5, 1102.5], [2089.5, 1143.5], [2132.5, 1111.5], [2157.5, 1159.5], [2200.5, 1116.5], [2224.5, 1152.5], [2275.5, 1176.5], [2281.5, 1085.5], [2349.833251953125, 1136.1666259765625], [2407.5, 1081.8333740234375], [2457.83349609375, 1018.8333129882812], [1685.5, 948.0], [1684.0, 887.5], [1874.0, 979.5], [1972.5, 1010.5], [2057.0, 1026.5], [2135.0, 1035.5], [2200.0, 1039.5], [2281.5, 1037.5]]",
PBX,Right,pbx002v26_r,Landmarked_PBX/marked_tiff/Right/PBX002V26_R_MARK.tif,Landmarked_PBX/txt/Right/PBX002V26_R.txt,Raw_Images/PBX/PBX002V26_R.tif,PBX,36,36,roi,3840,2160,"[[1376.1666259765625, 950.1666870117188], [1350.8333740234375, 1159.5], [1565.5, 1258.1666259765625], [1768.8333740234375, 1206.8333740234375], [1876.833251953125, 1214.8333740234375], [2006.166748046875, 1222.1666259765625], [2092.166748046875, 1234.1666259765625], [2160.166748046875, 1236.1666259765625], [2227.5, 1238.5], [2294.0, 1235.0], [2403.5, 1205.5], [2494.83349609375, 1138.1666259765625], [2551.5, 1055.5], [1858.1666259765625, 1070.5], [1926.833251953125, 1109.8333740234375], [1984.166748046875, 1093.8333740234375], [2027.5, 1149.1666259765625], [2081.5, 1131.1666259765625], [2114.166748046875, 1167.8333740234375], [2153.5, 1142.5], [2181.5, 1178.5], [2222.5, 1148.5], [2250.5, 1167.5], [2301.5, 1208.5], [2301.5, 1109.0], [2383.0, 1162.0], [2442.5, 1106.0], [2490.0, 1046.0], [1653.5, 966.0], [1650.5, 906.5], [1852.8333740234375, 1000.8333129882812], [1980.833251953125, 1035.5], [2077.0, 1049.0], [2152.0, 1056.5], [2215.0, 1060.5], [2298.0, 1063.5]]",
PBX,Right,pbx002v28_r,Landmarked_PBX/marked_tiff/Right/PBX002V28_R_MARK.tif,Landmarked_PBX/txt/Right/PBX002V28_R.txt,Raw_Images/PBX/PBX002V28_R.tif,PBX,36,36,roi,3840,2160,"[[1468.8333740234375, 911.8333129882812], [1445.5, 1141.5], [1677.5, 1230.5], [1810.1666259765625, 1200.5], [1908.8333740234375, 1203.8333740234375], [1993.5, 1217.1666259765625], [2073.5, 1236.5], [2139.5, 1246.5], [2195.5, 1249.5], [2261.5, 1254.1666259765625], [2357.5, 1222.8333740234375], [2443.5, 1153.5], [2491.5, 1077.5], [1873.5, 1055.5], [1927.5, 1106.5], [1975.5, 1100.5], [2011.5, 1146.5], [2056.5, 1128.5], [2085.5, 1172.5], [2126.5, 1146.5], [2155.5, 1177.5], [2189.5, 1156.5], [2218.833251953125, 1180.1666259765625], [2263.5, 1226.1666259765625], [2277.5, 1129.5], [2340.166748046875, 1196.1666259765625], [2400.833251953125, 1131.5], [2450.166748046875, 1063.5], [1723.5, 963.5], [1718.8333740234375, 895.5], [1870.8333740234375, 985.8333129882812], [1971.5, 1027.1666259765625], [2053.5, 1049.8333740234375], [2126.166748046875, 1064.5], [2189.5, 1072.5], [2277.5, 1076.5]]",
PBX,Right,pbx002v29_r,Landmarked_PBX/marked_tiff/Right/PBX002V29_R_MARK.tif,Landmarked_PBX/txt/Right/PBX002V29_R.txt,Raw_Images/PBX/PBX002V29_R.tif,PBX,36,36,roi,3840,2160,"[[1374.0, 892.0], [1364.8333740234375, 1123.5], [1534.1666259765625, 1219.5], [1766.5, 1178.5], [1921.5, 1192.5], [2024.5, 1210.5], [2089.5, 1219.5], [2148.833251953125, 1223.5], [2227.5, 1228.8333740234375], [2303.5, 1224.8333740234375], [2407.5, 1186.0], [2546.5, 1031.5], [2495.5, 1117.5], [1855.5, 1051.5], [1925.5, 1093.5], [1965.5, 1086.1666259765625], [2013.5, 1132.1666259765625], [2057.5, 1114.8333740234375], [2096.166748046875, 1167.5], [2139.5, 1131.5], [2164.5, 1176.5], [2216.166748046875, 1134.1666259765625], [2238.833251953125, 1169.1666259765625], [2306.5, 1193.5], [2302.833251953125, 1107.5], [2385.5, 1160.5], [2438.5, 1091.5], [2490.5, 1028.5], [1646.5, 918.5], [1646.5, 865.8333129882812], [1854.0, 979.5], [1964.5, 1019.5], [2055.5, 1040.0], [2132.166748046875, 1049.5], [2210.166748046875, 1056.1666259765625], [2305.5, 1053.5]]",
PBX,Right,pbx002v31_r,Landmarked_PBX/marked_tiff/Right/PBX002V31_R_MARK.tif,Landmarked_PBX/txt/Right/PBX002V31_R.txt,Raw_Images/PBX/PBX002V31_R.tif,PBX,36,36,roi,3840,2160,"[[1363.0, 906.0], [1349.1666259765625, 1083.5], [1521.1666259765625, 1207.5], [1748.1666259765625, 1193.1666259765625], [1876.166748046875, 1195.8333740234375], [1962.833251953125, 1203.8333740234375], [2042.833251953125, 1210.5], [2114.833251953125, 1217.1666259765625], [2184.166748046875, 1222.5], [2249.5, 1219.5], [2356.833251953125, 1190.8333740234375], [2441.83349609375, 1131.5], [2499.5, 1051.5], [1831.5, 1049.5], [1897.5, 1091.5], [1948.5, 1088.5], [1981.5, 1132.5], [2032.5, 1109.5], [2056.5, 1169.5], [2112.5, 1129.5], [2120.5, 1188.5], [2175.5, 1136.5], [2192.5, 1197.5], [2252.0, 1198.0], [2258.0, 1101.0], [2336.5, 1156.8333740234375], [2397.16650390625, 1096.8333740234375], [2442.5, 1042.8333740234375], [1638.5, 938.1666870117188], [1633.0, 877.0], [1827.1666259765625, 980.8333129882812], [1943.166748046875, 1019.5], [2025.5, 1036.5], [2109.833251953125, 1050.1666259765625], [2177.5, 1056.5], [2257.5, 1057.5]]",
PBX,Right,pbx002v32_r,Landmarked_PBX/marked_tiff/Right/PBX002V32_R_MARK.tif,Landmarked_PBX/txt/Right/PBX002V32_R.txt,Raw_Images/PBX/PBX002V32_R.tif,PBX,36,36,roi,3840,2160,"[[1376.0, 892.0], [1368.8333740234375, 1122.1666259765625], [1531.5, 1244.8333740234375], [1765.5, 1198.5], [1886.5, 1194.5], [1983.5, 1206.5], [2078.5, 1224.5], [2141.5, 1225.5], [2219.5, 1233.5], [2278.5, 1235.5], [2393.5, 1204.5], [2487.5, 1131.5], [2550.5, 1038.5], [1867.5, 1048.5], [1924.5, 1088.5], [1974.5, 1079.5], [2017.5, 1135.5], [2064.5, 1108.5], [2093.5, 1168.5], [2138.166748046875, 1123.5], [2156.5, 1186.5], [2215.5, 1124.8333740234375], [2240.5, 1159.5], [2291.0, 1204.5], [2302.5, 1097.5], [2373.5, 1177.5], [2435.5, 1110.5], [2494.5, 1031.5], [1665.5, 930.5], [1662.5, 875.5], [1865.5, 982.5], [1972.5, 1016.5], [2059.5, 1034.5], [2139.5, 1043.5], [2215.5, 1049.5], [2299.5, 1050.5]]",
PBX,Right,pbx002v33_r,Landmarked_PBX/marked_tiff/Right/PBX002V33_R_MARK.tif,Landmarked_PBX/txt/Right/PBX002V33_R.txt,Raw_Images/PBX/PBX002V33_R.tif,PBX,36,36,roi,3840,2160,"[[1415.5, 945.5], [1403.5, 1139.5], [1573.5, 1227.5], [1782.5, 1197.5], [1908.5, 1201.5], [1993.5, 1214.5], [2074.5, 1221.5], [2146.5, 1221.5], [2210.5, 1228.5], [2274.0, 1229.5], [2374.5, 1200.5], [2461.5, 1140.5], [2509.5, 1052.5], [1878.1666259765625, 1064.8333740234375], [1932.833251953125, 1106.1666259765625], [1976.833251953125, 1096.8333740234375], [2019.5, 1136.8333740234375], [2062.166748046875, 1126.1666259765625], [2090.166748046875, 1167.5], [2135.5, 1136.8333740234375], [2166.166748046875, 1174.1666259765625], [2203.5, 1144.8333740234375], [2230.166748046875, 1175.5], [2280.5, 1203.5], [2284.166748046875, 1116.8333740234375], [2352.5, 1163.5], [2412.5, 1104.5], [2456.5, 1040.5], [1688.1666259765625, 965.8333129882812], [1684.1666259765625, 906.5], [1874.0, 1001.0], [1975.0, 1032.5], [2059.5, 1049.0], [2135.5, 1059.0], [2208.5, 1064.0], [2284.0, 1064.0]]",
PBX,Right,pbx002v35_r,Landmarked_PBX/marked_tiff/Right/PBX002V35_R_MARK.tif,Landmarked_PBX/txt/Right/PBX002V35_R.txt,Raw_Images/PBX/PBX002V35_R.tif,PBX,36,36,roi,3840,2160,"[[1428.0, 952.0], [1404.8333740234375, 1148.8333740234375], [1619.5, 1247.5], [1799.5, 1208.5], [1905.5, 1219.5], [2002.5, 1232.5], [2079.5, 1242.5], [2149.5, 1255.5], [2226.5, 1261.5], [2292.5, 1256.5], [2404.833251953125, 1225.1666259765625], [2490.83349609375, 1153.1666259765625], [2539.5, 1075.1666259765625], [1879.5, 1084.5], [1937.5, 1131.5], [1987.5, 1119.5], [2016.5, 1171.5], [2072.5, 1145.5], [2099.5, 1204.5], [2148.5, 1161.5], [2170.5, 1208.5], [2224.5, 1168.5], [2248.5, 1194.5], [2299.833251953125, 1232.5], [2299.166748046875, 1129.1666259765625], [2375.833251953125, 1189.8333740234375], [2434.5, 1129.1666259765625], [2480.5, 1062.5], [1687.5, 978.5], [1684.0, 916.0], [1872.1666259765625, 1010.5], [1984.833251953125, 1049.1666259765625], [2066.166748046875, 1063.1666259765625], [2143.5, 1075.8333740234375], [2228.166748046875, 1081.8333740234375], [2297.5, 1083.1666259765625]]",
PBX,Right,pbx002v36_r,Landmarked_PBX/marked_tiff/Right/PBX002V36_R_MARK.tif,Landmarked_PBX/txt/Right/PBX002V36_R.txt,Raw_Images/PBX/PBX002V36_R.tif,PBX,36,36,roi,3840,2160,"[[1438.0, 941.0], [1439.5, 1133.5], [1586.8333740234375, 1223.1666259765625], [1816.5, 1182.5], [1914.5, 1182.5], [2000.5, 1202.5], [2081.5, 1219.5], [2150.5, 1226.5], [2215.5, 1226.5], [2269.5, 1228.5], [2365.5, 1192.5], [2446.5, 1130.5], [2496.5, 1054.5], [1864.5, 1050.5], [1930.5, 1098.5], [1976.5, 1088.5], [2019.5, 1136.5], [2066.5, 1118.5], [2096.5, 1166.5], [2136.5, 1130.5], [2166.5, 1171.5], [2203.5, 1140.5], [2229.5, 1162.5], [2276.5, 1198.5], [2264.5, 1111.5], [2343.833251953125, 1164.1666259765625], [2403.166748046875, 1106.8333740234375], [2446.5, 1046.1666259765625], [1674.5, 932.5], [1671.5, 869.5], [1861.5, 981.5], [1973.5, 1023.5], [2064.5, 1042.5], [2137.5, 1052.5], [2202.5, 1057.5], [2264.5, 1057.5]]",
PBX,Right,pbx004v01_r,Landmarked_PBX/marked_tiff/Right/PBX004V01_R_MARK.tif,Landmarked_PBX/txt/Right/PBX004V01_R.txt,Raw_Images/PBX/PBX004V01_R.tif,PBX,36,36,roi,3840,2160,"[[1369.0, 909.0], [1343.5, 1136.8333740234375], [1523.5, 1207.5], [1756.8333740234375, 1183.5], [1885.166748046875, 1203.1666259765625], [1968.5, 1219.8333740234375], [2056.5, 1236.5], [2128.5, 1243.8333740234375], [2209.5, 1250.5], [2277.5, 1249.5], [2379.5, 1213.5], [2467.5, 1142.5], [2513.5, 1059.8333740234375], [1845.5, 1066.5], [1894.833251953125, 1110.5], [1956.166748046875, 1107.8333740234375], [1998.833251953125, 1159.8333740234375], [2051.833251953125, 1132.8333740234375], [2078.5, 1182.1666259765625], [2133.166748046875, 1154.1666259765625], [2157.833251953125, 1192.1666259765625], [2203.833251953125, 1160.8333740234375], [2233.833251953125, 1186.1666259765625], [2277.5, 1220.5], [2283.166748046875, 1127.5], [2357.5, 1175.5], [2421.5, 1107.5], [2459.5, 1049.5], [1666.5, 958.8333129882812], [1664.5, 896.1666870117188], [1846.5, 995.8333129882812], [1956.833251953125, 1033.1666259765625], [2056.166748046875, 1051.8333740234375], [2133.5, 1062.5], [2204.166748046875, 1068.5], [2279.5, 1069.8333740234375]]",
PBX,Right,pbx004v02_r,Landmarked_PBX/marked_tiff/Right/PBX004V02_R_MARK.tif,Landmarked_PBX/txt/Right/PBX004V02_R.txt,Raw_Images/PBX/PBX004V02_R.tif,PBX,36,36,roi,3840,2160,"[[1368.0, 924.0], [1343.5, 1122.1666259765625], [1518.1666259765625, 1216.8333740234375], [1776.5, 1177.5], [1891.5, 1190.5], [1990.5, 1202.8333740234375], [2086.5, 1214.8333740234375], [2137.833251953125, 1218.8333740234375], [2215.5, 1226.5], [2287.5, 1220.5], [2397.16650390625, 1182.5], [2482.5, 1121.1666259765625], [2545.5, 1032.5], [1861.5, 1049.5], [1917.5, 1089.5], [1973.5, 1083.5], [2016.5, 1130.5], [2063.5, 1108.5], [2095.5, 1163.5], [2146.5, 1120.5], [2174.5, 1158.5], [2216.5, 1123.5], [2241.5, 1142.5], [2292.5, 1195.5], [2293.166748046875, 1090.5], [2373.16650390625, 1142.5], [2435.83349609375, 1086.5], [2489.16650390625, 1018.5], [1646.8333740234375, 941.5], [1645.5, 878.1666870117188], [1862.5, 985.5], [1973.5, 1014.5], [2062.5, 1029.5], [2146.5, 1039.5], [2213.5, 1039.5], [2290.5, 1042.5]]",
PBX,Right,pbx004v05_r,Landmarked_PBX/marked_tiff/Right/PBX004V05_R_MARK.tif,Landmarked_PBX/txt/Right/PBX004V05_R.txt,Raw_Images/PBX/PBX004V05_R.tif,PBX,36,36,roi,3840,2160,"[[1434.0, 938.0], [1403.5, 1119.5], [1542.1666259765625, 1223.5], [1774.1666259765625, 1196.8333740234375], [1885.5, 1203.5], [1987.5, 1214.5], [2054.5, 1224.5], [2114.5, 1228.5], [2196.5, 1232.5], [2273.0, 1225.0], [2367.0, 1193.0], [2454.5, 1128.5], [2507.5, 1044.8333740234375], [1872.5, 1067.5], [1923.5, 1115.5], [1975.5, 1106.5], [2004.5, 1141.5], [2058.5, 1118.5], [2084.5, 1165.5], [2145.5, 1139.5], [2156.5, 1176.5], [2199.5, 1145.5], [2223.5, 1180.5], [2276.0, 1192.5], [2274.5, 1106.5], [2340.5, 1143.5], [2397.0, 1091.0], [2441.0, 1032.0], [1693.0, 972.0], [1692.0, 920.5], [1872.0, 1008.5], [1976.5, 1040.5], [2055.5, 1052.5], [2139.5, 1059.5], [2195.5, 1062.5], [2275.5, 1060.5]]",
PBX,Right,pbx005v02_r,Landmarked_PBX/marked_tiff/Right/PBX005V02_R_MARK.tif,Landmarked_PBX/txt/Right/PBX005V02_R.txt,Raw_Images/PBX/PBX005V02_R.tif,PBX,36,36,roi,3840,2160,"[[1396.5, 922.5], [1391.5, 1132.5], [1577.5, 1231.5], [1759.1666259765625, 1195.5], [1876.5, 1205.5], [1981.166748046875, 1221.5], [2082.5, 1238.8333740234375], [2147.166748046875, 1244.8333740234375], [2222.5, 1248.5], [2286.0, 1241.5], [2384.0, 1200.0], [2464.5, 1130.0], [2516.0, 1043.0], [1859.1666259765625, 1048.5], [1919.833251953125, 1106.5], [1969.833251953125, 1101.1666259765625], [2013.166748046875, 1145.8333740234375], [2060.5, 1126.5], [2099.166748046875, 1174.5], [2149.166748046875, 1137.1666259765625], [2167.166748046875, 1186.5], [2211.833251953125, 1143.8333740234375], [2241.5, 1168.5], [2286.5, 1214.0], [2286.5, 1106.5], [2353.0, 1166.0], [2410.5, 1106.5], [2457.0, 1035.5], [1675.0, 940.0], [1671.0, 879.0], [1856.5, 981.5], [1966.0, 1021.5], [2056.5, 1042.5], [2144.5, 1052.5], [2210.5, 1058.5], [2286.5, 1056.5]]",
PBX,Right,pbx005v03_r,Landmarked_PBX/marked_tiff/Right/PBX005V03_R_MARK.tif,Landmarked_PBX/txt/Right/PBX005V03_R.txt,Raw_Images/PBX/PBX005V03_R.tif,PBX,36,36,roi,3840,2160,"[[1426.5, 927.5], [1419.8333740234375, 1142.1666259765625], [1629.1666259765625, 1196.8333740234375], [1816.5, 1177.5], [1926.5, 1188.5], [2031.5, 1199.5], [2116.5, 1207.5], [2184.5, 1216.5], [2262.5, 1218.5], [2326.5, 1216.5], [2421.5, 1183.5], [2492.5, 1120.5], [2531.5, 1034.1666259765625], [1895.5, 1059.5], [1957.5, 1105.8333740234375], [2005.5, 1094.5], [2047.5, 1142.5], [2097.5, 1117.8333740234375], [2130.833251953125, 1157.1666259765625], [2172.166748046875, 1131.1666259765625], [2201.5, 1167.1666259765625], [2245.5, 1132.5], [2273.5, 1155.8333740234375], [2322.5, 1187.5], [2307.5, 1104.5], [2387.5, 1148.5], [2440.5, 1090.5], [2476.5, 1027.5], [1702.1666259765625, 953.5], [1698.8333740234375, 895.5], [1896.1666259765625, 996.1666870117188], [2002.833251953125, 1028.1666259765625], [2092.5, 1041.5], [2169.5, 1048.5], [2245.5, 1050.5], [2305.5, 1048.5]]",
PBX,Right,pbx005v04_r,Landmarked_PBX/marked_tiff/Right/PBX005V04_R_MARK.tif,Landmarked_PBX/txt/Right/PBX005V04_R.txt,Raw_Images/PBX/PBX005V04_R.tif,PBX,36,36,roi,3840,2160,"[[1384.8333740234375, 908.8333129882812], [1358.1666259765625, 1143.5], [1520.8333740234375, 1220.8333740234375], [1771.5, 1202.1666259765625], [1895.5, 1202.1666259765625], [2000.833251953125, 1214.1666259765625], [2094.166748046875, 1228.8333740234375], [2164.833251953125, 1230.1666259765625], [2239.5, 1232.8333740234375], [2295.5, 1233.5], [2404.5, 1196.1666259765625], [2490.5, 1134.1666259765625], [2544.5, 1050.5], [1866.8333740234375, 1059.1666259765625], [1930.166748046875, 1102.5], [1992.833251953125, 1099.8333740234375], [2026.833251953125, 1145.8333740234375], [2076.833251953125, 1125.1666259765625], [2111.5, 1178.5], [2156.833251953125, 1133.8333740234375], [2195.5, 1168.5], [2233.5, 1138.5], [2262.5, 1160.5], [2306.0, 1204.5], [2303.5, 1110.0], [2379.5, 1158.0], [2442.5, 1099.0], [2485.0, 1043.0], [1673.1666259765625, 950.8333129882812], [1669.1666259765625, 888.1666870117188], [1865.8333740234375, 992.8333129882812], [1992.166748046875, 1031.5], [2075.5, 1047.5], [2154.5, 1055.5], [2236.5, 1060.0], [2302.833251953125, 1059.5]]",
PBX,Right,pbx005v07_r,Landmarked_PBX/marked_tiff/Right/PBX005V07_R_MARK.tif,Landmarked_PBX/txt/Right/PBX005V07_R.txt,Raw_Images/PBX/PBX005V07_R.tif,PBX,36,36,roi,3840,2160,"[[1389.0, 890.0], [1375.8333740234375, 1106.1666259765625], [1542.5, 1208.8333740234375], [1808.5, 1169.5], [1928.5, 1177.5], [2040.5, 1191.5], [2125.5, 1201.5], [2182.5, 1205.5], [2263.5, 1207.5], [2333.833251953125, 1203.5], [2448.5, 1166.1666259765625], [2536.5, 1103.5], [2591.83349609375, 1013.5], [1894.5, 1027.1666259765625], [1957.833251953125, 1079.1666259765625], [2017.833251953125, 1071.8333740234375], [2061.833251953125, 1116.5], [2115.166748046875, 1090.5], [2142.5, 1146.5], [2196.5, 1109.5], [2208.5, 1160.5], [2261.5, 1112.5], [2292.5, 1137.5], [2339.166748046875, 1177.8333740234375], [2347.5, 1081.5], [2418.83349609375, 1128.5], [2490.16650390625, 1061.1666259765625], [2534.83349609375, 1003.1666870117188], [1690.1666259765625, 918.1666870117188], [1686.1666259765625, 862.8333129882812], [1893.833251953125, 967.5], [2014.5, 1004.1666870117188], [2112.0, 1020.5], [2198.5, 1026.5], [2264.5, 1029.5], [2349.0, 1026.5]]",
PBX,Right,pbx005v08_r,Landmarked_PBX/marked_tiff/Right/PBX005V08_R_MARK.tif,Landmarked_PBX/txt/Right/PBX005V08_R.txt,Raw_Images/PBX/PBX005V08_R.tif,PBX,36,36,roi,3840,2160,"[[1474.1666259765625, 978.8333129882812], [1454.1666259765625, 1136.1666259765625], [1576.8333740234375, 1238.8333740234375], [1819.1666259765625, 1197.5], [1923.8333740234375, 1212.1666259765625], [2019.5, 1222.5], [2109.5, 1237.5], [2184.166748046875, 1242.8333740234375], [2254.166748046875, 1251.5], [2314.5, 1255.0], [2427.0, 1223.5], [2513.0, 1161.0], [2568.0, 1080.5], [1907.5, 1059.5], [1958.8333740234375, 1105.5], [2015.5, 1105.5], [2056.166748046875, 1148.8333740234375], [2104.833251953125, 1133.5], [2128.833251953125, 1186.8333740234375], [2178.5, 1151.5], [2189.5, 1214.5], [2250.5, 1161.5], [2268.5, 1195.5], [2321.0, 1230.0], [2334.5, 1135.8333740234375], [2404.5, 1187.1666259765625], [2468.5, 1126.5], [2513.83349609375, 1065.8333740234375], [1794.1666259765625, 983.1666870117188], [1791.5, 943.1666870117188], [1906.5, 1013.5], [2015.5, 1042.5], [2104.5, 1061.5], [2176.5, 1074.5], [2246.5, 1080.5], [2333.5, 1083.5]]",
PBX,Right,pbx006v02b_r,Landmarked_PBX/marked_tiff/Right/PBX006V02b_R_MARK.tif,Landmarked_PBX/txt/Right/PBX006V02b_R.txt,Raw_Images/PBX/PBX006V02b_R.tif,PBX,36,36,roi,3840,2160,"[[1422.0, 910.0], [1419.5, 1100.8333740234375], [1564.8333740234375, 1175.5], [1818.5, 1159.5], [1925.5, 1173.5], [2028.5, 1190.5], [2119.5, 1202.5], [2191.5, 1206.5], [2263.5, 1207.5], [2333.5, 1202.5], [2422.5, 1167.5], [2500.5, 1095.5], [2536.5, 1018.5], [1907.1666259765625, 1046.1666259765625], [1955.166748046875, 1090.1666259765625], [2017.166748046875, 1090.5], [2059.833251953125, 1128.5], [2102.5, 1109.1666259765625], [2143.166748046875, 1143.1666259765625], [2181.833251953125, 1123.8333740234375], [2210.5, 1149.8333740234375], [2246.5, 1127.5], [2276.5, 1146.5], [2329.5, 1171.5], [2314.5, 1091.5], [2396.5, 1127.5], [2450.5, 1068.5], [2482.5, 1008.5], [1714.8333740234375, 953.5], [1710.8333740234375, 894.1666870117188], [1903.5, 986.1666870117188], [2012.166748046875, 1016.1666870117188], [2097.5, 1029.5], [2175.5, 1036.5], [2240.5, 1039.5], [2309.5, 1036.5]]",
PBX,Right,pbx006v03a_r,Landmarked_PBX/marked_tiff/Right/PBX006V03a_R_MARK.tif,Landmarked_PBX/txt/Right/PBX006V03a_R.txt,Raw_Images/PBX/PBX006V03a_R.tif,PBX,36,36,roi,3840,2160,"[[1403.0, 936.0], [1392.5, 1111.5], [1569.5, 1224.5], [1782.5, 1191.5], [1887.0, 1198.0], [1981.5, 1206.5], [2072.5, 1216.8333740234375], [2145.166748046875, 1224.1666259765625], [2221.166748046875, 1230.1666259765625], [2285.166748046875, 1224.8333740234375], [2377.0, 1189.0], [2454.5, 1122.5], [2493.5, 1040.0], [1869.8333740234375, 1062.5], [1920.5, 1104.5], [1969.833251953125, 1093.8333740234375], [2009.166748046875, 1141.8333740234375], [2061.166748046875, 1123.8333740234375], [2089.833251953125, 1166.5], [2136.5, 1137.1666259765625], [2168.5, 1175.8333740234375], [2206.5, 1137.8333740234375], [2234.833251953125, 1160.5], [2286.0, 1190.0], [2283.833251953125, 1105.5], [2346.0, 1148.0], [2395.0, 1096.5], [2429.0, 1032.5], [1683.0, 960.5], [1682.5, 909.75], [1869.0, 998.0], [1970.0, 1028.0], [2059.5, 1046.0], [2139.5, 1051.0], [2208.833251953125, 1052.1666259765625], [2284.166748046875, 1052.1666259765625]]",
PBX,Right,pbx006v04b_r,Landmarked_PBX/marked_tiff/Right/PBX006V04b_R_MARK.tif,Landmarked_PBX/txt/Right/PBX006V04b_R.txt,Raw_Images/PBX/PBX006v04b_R.tif,PBX,36,36,roi,3840,2160,"[[1411.0, 928.0], [1406.5, 1144.5], [1560.5, 1213.5], [1777.5, 1172.5], [1889.5, 1174.5], [1993.833251953125, 1183.8333740234375], [2069.833251953125, 1189.1666259765625], [2136.5, 1201.1666259765625], [2211.166748046875, 1201.1666259765625], [2273.833251953125, 1197.5], [2374.166748046875, 1160.8333740234375], [2449.5, 1096.1666259765625], [2482.83349609375, 1012.1666870117188], [1872.5, 1043.5], [1926.5, 1091.5], [1981.166748046875, 1082.1666259765625], [2015.833251953125, 1130.1666259765625], [2060.5, 1096.1666259765625], [2098.5, 1146.1666259765625], [2139.166748046875, 1112.1666259765625], [2166.5, 1138.8333740234375], [2205.833251953125, 1111.5], [2233.833251953125, 1136.8333740234375], [2277.833251953125, 1171.8333740234375], [2271.5, 1081.8333740234375], [2342.5, 1132.5], [2392.5, 1076.5], [2434.16650390625, 1009.8333129882812], [1677.5, 960.0], [1672.0, 903.5], [1870.5, 991.0], [1972.5, 1016.0], [2060.0, 1030.5], [2132.0, 1034.0], [2198.5, 1036.0], [2270.833251953125, 1032.1666259765625]]",
PBX,Right,pbx006v07_r,Landmarked_PBX/marked_tiff/Right/PBX006V07_R_MARK.tif,Landmarked_PBX/txt/Right/PBX006V07_R.txt,Raw_Images/PBX/PBX006V07_R.tif,PBX,36,36,roi,3840,2160,"[[1405.0, 951.0], [1393.5, 1124.5], [1549.5, 1232.5], [1776.5, 1186.5], [1902.5, 1191.5], [2008.5, 1206.5], [2095.5, 1216.5], [2168.5, 1215.5], [2254.5, 1222.5], [2314.5, 1210.5], [2408.833251953125, 1169.8333740234375], [2488.16650390625, 1106.5], [2532.5, 1028.5], [1869.5, 1055.5], [1937.5, 1104.5], [1995.5, 1099.5], [2033.5, 1135.5], [2082.5, 1116.5], [2113.5, 1163.5], [2158.5, 1126.5], [2185.5, 1173.5], [2236.833251953125, 1135.1666259765625], [2267.5, 1155.1666259765625], [2320.833251953125, 1179.8333740234375], [2306.833251953125, 1100.5], [2380.833251953125, 1135.8333740234375], [2441.5, 1077.1666259765625], [2485.5, 1018.5], [1682.5, 961.1666870117188], [1679.1666259765625, 910.5], [1866.5, 995.8333129882812], [1989.833251953125, 1027.1666259765625], [2076.5, 1041.8333740234375], [2149.833251953125, 1046.5], [2228.5, 1047.1666259765625], [2304.5, 1042.5]]",
PBX,Right,pbx006v08_r,Landmarked_PBX/marked_tiff/Right/PBX006V08_R_MARK.tif,Landmarked_PBX/txt/Right/PBX006V08_R.txt,Raw_Images/PBX/PBX006V08_R.tif,PBX,36,36,roi,3840,2160,"[[1397.5, 962.5], [1394.5, 1118.5], [1543.5, 1194.5], [1818.5, 1161.5], [1926.5, 1177.5], [2019.5, 1189.5], [2108.5, 1207.5], [2176.5, 1211.5], [2251.5, 1217.5], [2316.5, 1211.5], [2410.5, 1169.5], [2486.0, 1106.5], [2529.5, 1019.5], [1884.5, 1059.5], [1940.5, 1102.5], [1996.5, 1085.5], [2033.5, 1134.5], [2085.5, 1110.5], [2118.5, 1155.5], [2161.5, 1125.5], [2194.0, 1166.5], [2232.0, 1127.5], [2267.5, 1156.0], [2316.0, 1183.0], [2318.0, 1090.5], [2382.5, 1139.5], [2439.5, 1079.0], [2481.0, 1013.5], [1678.5, 961.5], [1672.0, 903.5], [1881.0, 990.25], [1991.5, 1021.1666870117188], [2078.166748046875, 1035.1666259765625], [2158.5, 1040.5], [2225.5, 1044.1666259765625], [2312.166748046875, 1040.1666259765625]]",
PBX,Right,pbx006v09_r,Landmarked_PBX/marked_tiff/Right/PBX006V09_R_MARK.tif,Landmarked_PBX/txt/Right/PBX006V09_R.txt,Raw_Images/PBX/PBX006V09_R.tif,PBX,36,36,roi,3840,2160,"[[1394.0, 916.0], [1370.1666259765625, 1105.1666259765625], [1538.1666259765625, 1217.1666259765625], [1766.5, 1186.5], [1896.5, 1196.5], [2004.5, 1208.5], [2088.5, 1213.5], [2158.5, 1220.5], [2244.5, 1227.5], [2312.833251953125, 1219.8333740234375], [2414.5, 1178.1666259765625], [2491.16650390625, 1112.1666259765625], [2539.83349609375, 1033.5], [1871.0, 1055.0], [1927.0, 1101.5], [1977.5, 1089.5], [2029.0, 1130.5], [2076.0, 1115.0], [2108.5, 1167.5], [2155.166748046875, 1128.1666259765625], [2185.5, 1160.8333740234375], [2228.166748046875, 1135.1666259765625], [2258.833251953125, 1158.1666259765625], [2314.833251953125, 1195.8333740234375], [2298.166748046875, 1107.1666259765625], [2384.5, 1143.0], [2440.5, 1082.5], [2481.0, 1024.5], [1676.5, 962.0], [1675.0, 904.0], [1869.1666259765625, 1001.1666870117188], [1975.166748046875, 1031.8333740234375], [2067.833251953125, 1045.1666259765625], [2150.5, 1049.8333740234375], [2226.5, 1051.1666259765625], [2299.833251953125, 1049.1666259765625]]",
PBX,Right,pbx006v11_r,Landmarked_PBX/marked_tiff/Right/PBX006V11_R_MARK.tif,Landmarked_PBX/txt/Right/PBX006V11_R.txt,Raw_Images/PBX/PBX006V11_R.tif,PBX,36,36,roi,3840,2160,"[[1412.0, 907.0], [1392.5, 1140.5], [1530.5, 1218.5], [1754.5, 1189.5], [1875.5, 1198.5], [1987.5, 1214.5], [2075.5, 1228.5], [2148.5, 1232.5], [2227.5, 1236.5], [2288.833251953125, 1229.1666259765625], [2388.166748046875, 1191.8333740234375], [2473.5, 1127.8333740234375], [2520.16650390625, 1047.1666259765625], [1863.5, 1055.5], [1926.5, 1105.5], [1979.5, 1107.5], [2023.5, 1140.5], [2077.5, 1123.5], [2100.5, 1171.5], [2150.5, 1138.5], [2173.5, 1178.5], [2222.5, 1144.5], [2249.5, 1168.8333740234375], [2291.833251953125, 1206.5], [2294.166748046875, 1110.5], [2366.5, 1154.8333740234375], [2422.5, 1096.5], [2462.16650390625, 1038.5], [1686.1666259765625, 952.8333129882812], [1683.0, 905.25], [1858.8333740234375, 993.8333129882812], [1972.833251953125, 1029.8333740234375], [2072.0, 1050.0], [2145.5, 1058.0], [2219.5, 1062.5], [2293.0, 1061.5]]",
PBX,Right,pbx006v13_r,Landmarked_PBX/marked_tiff/Right/PBX006V13_R_MARK.tif,Landmarked_PBX/txt/Right/PBX006V13_R.txt,Raw_Images/PBX/PBX006V13_R.tif,PBX,36,36,roi,3840,2160,"[[1398.1666259765625, 939.5], [1366.8333740234375, 1092.8333740234375], [1509.5, 1208.8333740234375], [1746.1666259765625, 1180.1666259765625], [1867.5, 1188.8333740234375], [1970.5, 1200.5], [2053.5, 1208.5], [2130.5, 1219.5], [2202.5, 1232.5], [2260.5, 1233.5], [2370.0, 1205.5], [2457.0, 1149.5], [2515.16650390625, 1076.8333740234375], [1858.8333740234375, 1047.5], [1910.166748046875, 1095.5], [1970.833251953125, 1095.5], [2000.833251953125, 1134.8333740234375], [2058.833251953125, 1122.1666259765625], [2081.5, 1166.8333740234375], [2139.5, 1133.5], [2170.833251953125, 1161.5], [2200.5, 1144.5], [2224.166748046875, 1177.5], [2268.25, 1207.25], [2277.5, 1121.5], [2348.833251953125, 1168.1666259765625], [2410.16650390625, 1114.8333740234375], [2458.16650390625, 1064.1666259765625], [1664.0, 956.0], [1662.0, 888.5], [1857.5, 987.8333129882812], [1969.166748046875, 1025.5], [2054.5, 1044.1666259765625], [2137.166748046875, 1055.1666259765625], [2195.833251953125, 1061.1666259765625], [2274.5, 1069.1666259765625]]",
PBX,Right,pbx006v14_r,Landmarked_PBX/marked_tiff/Right/PBX006V14_R_MARK.tif,Landmarked_PBX/txt/Right/PBX006V14_R.txt,Raw_Images/PBX/PBX006V14_R.tif,PBX,36,36,roi,3840,2160,"[[1370.5, 920.8333129882812], [1357.1666259765625, 1100.8333740234375], [1521.1666259765625, 1212.8333740234375], [1750.5, 1185.5], [1866.5, 1192.5], [1977.5, 1208.5], [2069.5, 1218.5], [2129.5, 1225.5], [2204.5, 1234.5], [2267.5, 1231.5], [2388.83349609375, 1195.1666259765625], [2468.83349609375, 1127.8333740234375], [2521.5, 1039.1666259765625], [1845.5, 1055.5], [1900.5, 1092.5], [1961.5, 1087.5], [2002.5, 1133.5], [2053.5, 1112.5], [2080.5, 1162.5], [2129.5, 1131.5], [2149.5, 1179.5], [2199.5, 1134.5], [2226.5, 1156.5], [2274.5, 1206.0], [2276.5, 1100.0], [2360.0, 1160.5], [2414.5, 1098.0], [2455.16650390625, 1033.1666259765625], [1645.5, 946.0], [1642.0, 871.0], [1840.8333740234375, 987.8333129882812], [1958.166748046875, 1024.5], [2047.5, 1041.1666259765625], [2128.5, 1048.5], [2196.0, 1052.5], [2273.5, 1053.5]]",
PBX,Right,pbx006v20_r,Landmarked_PBX/marked_tiff/Right/PBX006V20_R_MARK.tif,Landmarked_PBX/txt/Right/PBX006V20_R.txt,Raw_Images/PBX/PBX006V20_R.tif,PBX,36,36,roi,3840,2160,"[[1411.0, 944.0], [1384.5, 1097.5], [1527.5, 1207.5], [1771.8333740234375, 1179.5], [1889.1666259765625, 1184.1666259765625], [1982.5, 1201.5], [2074.5, 1212.1666259765625], [2145.166748046875, 1218.8333740234375], [2215.833251953125, 1222.8333740234375], [2281.166748046875, 1220.1666259765625], [2383.833251953125, 1192.8333740234375], [2469.83349609375, 1128.1666259765625], [2525.16650390625, 1051.5], [1866.5, 1051.5], [1925.5, 1098.5], [1978.5, 1090.1666259765625], [2018.5, 1135.5], [2074.5, 1117.5], [2095.166748046875, 1164.8333740234375], [2149.833251953125, 1127.5], [2173.166748046875, 1173.5], [2219.166748046875, 1140.1666259765625], [2241.833251953125, 1157.5], [2287.0, 1196.5], [2287.5, 1108.5], [2359.0, 1151.0], [2423.0, 1095.5], [2461.0, 1043.5], [1674.1666259765625, 948.1666870117188], [1672.5, 896.1666870117188], [1861.8333740234375, 988.8333129882812], [1977.833251953125, 1024.1666259765625], [2071.5, 1043.0], [2143.5, 1053.0], [2215.5, 1060.5], [2285.5, 1060.5]]",
PBX,Right,pbx006v21_r,Landmarked_PBX/marked_tiff/Right/PBX006V21_R_MARK.tif,Landmarked_PBX/txt/Right/PBX006V21_R.txt,Raw_Images/PBX/PBX006V21_R.tif,PBX,36,36,roi,3840,2160,"[[1398.0, 890.0], [1388.8333740234375, 1089.5], [1539.5, 1198.8333740234375], [1754.5, 1169.5], [1877.5, 1175.5], [1975.5, 1189.5], [2050.5, 1197.5], [2116.5, 1203.5], [2190.5, 1212.5], [2246.166748046875, 1205.5], [2343.5, 1174.8333740234375], [2418.83349609375, 1108.8333740234375], [2457.5, 1028.1666259765625], [1857.5, 1038.5], [1903.5, 1080.5], [1954.5, 1075.5], [1983.5, 1118.5], [2041.5, 1101.5], [2067.5, 1144.5], [2110.5, 1118.5], [2132.5, 1154.5], [2174.833251953125, 1117.8333740234375], [2203.5, 1141.5], [2248.166748046875, 1185.1666259765625], [2239.833251953125, 1098.5], [2315.166748046875, 1138.5], [2368.5, 1083.8333740234375], [2405.833251953125, 1022.5], [1665.8333740234375, 930.5], [1660.5, 868.5], [1853.5, 980.5], [1950.5, 1013.5], [2039.5, 1033.5], [2104.5, 1039.5], [2168.166748046875, 1041.8333740234375], [2237.5, 1039.1666259765625]]",
PBX,Right,pbx006v22_r,Landmarked_PBX/marked_tiff/Right/PBX006V22_R_MARK.tif,Landmarked_PBX/txt/Right/PBX006V22_R.txt,Raw_Images/PBX/PBX006V22_R.tif,PBX,36,36,roi,3840,2160,"[[1384.0, 914.0], [1358.5, 1098.1666259765625], [1509.1666259765625, 1218.1666259765625], [1750.5, 1189.5], [1874.5, 1197.5], [2017.5, 1210.5], [2075.5, 1217.5], [2140.5, 1224.5], [2215.5, 1235.5], [2285.833251953125, 1227.1666259765625], [2386.5, 1194.1666259765625], [2475.83349609375, 1120.8333740234375], [2524.5, 1037.5], [1856.5, 1051.5], [1920.5, 1097.5], [1977.5, 1093.5], [2017.5, 1135.5], [2067.5, 1120.5], [2096.5, 1165.5], [2146.5, 1135.5], [2161.5, 1191.5], [2220.5, 1137.5], [2243.5, 1165.5], [2289.166748046875, 1197.5], [2290.0, 1111.5], [2353.166748046875, 1152.8333740234375], [2416.5, 1091.5], [2455.16650390625, 1034.8333740234375], [1657.8333740234375, 949.8333129882812], [1653.8333740234375, 888.5], [1853.5, 990.8333129882812], [1978.833251953125, 1028.8333740234375], [2064.833251953125, 1043.5], [2149.5, 1052.5], [2214.5, 1055.5], [2287.5, 1055.5]]",
PBX,Right,pbx008v01_r,Landmarked_PBX/marked_tiff/Right/PBX008V01_R_MARK.tif,Landmarked_PBX/txt/Right/PBX008V01_R.txt,Raw_Images/PBX/PBX008V01_R.tif,PBX,36,36,roi,3840,2160,"[[1386.0, 916.0], [1356.8333740234375, 1091.5], [1495.5, 1207.5], [1778.1666259765625, 1184.8333740234375], [1898.166748046875, 1194.1666259765625], [1993.5, 1205.5], [2078.5, 1218.5], [2146.5, 1223.5], [2214.5, 1228.5], [2274.5, 1228.5], [2380.5, 1196.5], [2470.5, 1127.5], [2529.5, 1039.5], [1867.5, 1046.5], [1921.5, 1088.5], [1979.5, 1091.5], [2017.5, 1133.5], [2059.5, 1116.5], [2098.5, 1166.5], [2147.5, 1130.5], [2167.5, 1159.5], [2211.5, 1138.5], [2237.0, 1156.5], [2280.5, 1204.5], [2294.0, 1106.0], [2357.5, 1166.5], [2425.0, 1097.5], [2464.0, 1033.5], [1679.1666259765625, 946.1666870117188], [1677.1666259765625, 882.8333129882812], [1863.0, 982.0], [1982.5, 1022.0], [2055.5, 1041.8333740234375], [2145.833251953125, 1051.1666259765625], [2208.166748046875, 1051.8333740234375], [2290.833251953125, 1049.5]]",
PBX,Right,pbx009v05_r,Landmarked_PBX/marked_tiff/Right/PBX009V05_R_MARK.tif,Landmarked_PBX/txt/Right/PBX009V05_R.txt,Raw_Images/PBX/PBX009V05_R.tif,PBX,36,36,roi,3840,2160,"[[1420.8333740234375, 916.1666870117188], [1398.1666259765625, 1113.5], [1547.5, 1220.1666259765625], [1774.5, 1194.5], [1886.5, 1197.5], [1980.5, 1212.5], [2070.5, 1229.5], [2132.5, 1235.5], [2208.5, 1248.5], [2272.166748046875, 1249.1666259765625], [2376.833251953125, 1219.1666259765625], [2456.16650390625, 1155.1666259765625], [2499.5, 1075.5], [1855.8333740234375, 1053.5], [1927.833251953125, 1096.8333740234375], [1977.166748046875, 1100.1666259765625], [2011.166748046875, 1142.1666259765625], [2061.833251953125, 1124.8333740234375], [2088.5, 1174.8333740234375], [2135.833251953125, 1140.8333740234375], [2154.5, 1184.1666259765625], [2195.833251953125, 1148.1666259765625], [2217.166748046875, 1170.5], [2275.833251953125, 1218.5], [2275.833251953125, 1119.8333740234375], [2349.5, 1181.8333740234375], [2412.166748046875, 1120.5], [2443.5, 1061.8333740234375], [1681.1666259765625, 939.8333129882812], [1677.1666259765625, 883.8333129882812], [1852.5, 986.5], [1967.5, 1034.5], [2058.5, 1053.5], [2138.5, 1065.5], [2192.5, 1069.5], [2272.5, 1073.5]]",
PBX,Right,pbx009v07_r,Landmarked_PBX/marked_tiff/Right/PBX009V07_R_MARK.tif,Landmarked_PBX/txt/Right/PBX009V07_R.txt,Raw_Images/PBX/PBX009V07_R.tif,PBX,36,36,roi,3840,2160,"[[1396.0, 938.0], [1371.5, 1127.5], [1558.5, 1234.5], [1764.5, 1194.5], [1888.5, 1199.5], [1981.5, 1209.5], [2073.5, 1223.5], [2145.5, 1232.5], [2214.5, 1240.5], [2274.166748046875, 1235.1666259765625], [2369.166748046875, 1201.5], [2449.16650390625, 1142.8333740234375], [2502.5, 1057.5], [1852.8333740234375, 1059.5], [1918.166748046875, 1103.5], [1968.833251953125, 1104.8333740234375], [2006.166748046875, 1138.1666259765625], [2055.5, 1128.8333740234375], [2086.166748046875, 1168.8333740234375], [2132.833251953125, 1142.1666259765625], [2162.166748046875, 1164.8333740234375], [2202.166748046875, 1143.5], [2226.166748046875, 1164.8333740234375], [2278.833251953125, 1202.5], [2288.166748046875, 1111.8333740234375], [2347.0, 1168.5], [2409.5, 1108.5], [2451.5, 1044.5], [1656.5, 954.5], [1656.0, 897.0], [1848.8333740234375, 996.5], [1966.833251953125, 1034.5], [2054.833251953125, 1050.5], [2136.166748046875, 1060.5], [2204.166748046875, 1063.1666259765625], [2286.833251953125, 1063.8333740234375]]",
PBX,Right,pbx009v12_r,Landmarked_PBX/marked_tiff/Right/PBX009V12_R_MARK.tif,Landmarked_PBX/txt/Right/PBX009V12_R.txt,Raw_Images/PBX/PBX009V12_R.tif,PBX,36,36,roi,3840,2160,"[[1365.0, 945.0], [1351.5, 1132.1666259765625], [1522.1666259765625, 1214.8333740234375], [1745.5, 1184.5], [1869.5, 1188.5], [1977.5, 1201.5], [2062.5, 1210.5], [2131.5, 1223.5], [2204.833251953125, 1230.5], [2274.833251953125, 1230.5], [2385.5, 1202.5], [2472.83349609375, 1143.1666259765625], [2530.83349609375, 1057.1666259765625], [1841.5, 1053.8333740234375], [1905.5, 1099.1666259765625], [1964.833251953125, 1092.5], [2001.5, 1139.1666259765625], [2059.5, 1120.5], [2085.5, 1170.5], [2142.0, 1134.0], [2158.5, 1174.0], [2209.0, 1138.0], [2233.0, 1164.5], [2288.5, 1110.5], [2284.5, 1202.5], [2360.0, 1157.0], [2423.5, 1100.0], [2468.5, 1048.0], [1645.5, 954.1666870117188], [1644.8333740234375, 894.8333129882812], [1837.5, 984.8333129882812], [1960.166748046875, 1024.1666259765625], [2053.5, 1044.1666259765625], [2134.833251953125, 1052.8333740234375], [2207.5, 1060.0], [2289.5, 1064.5]]",
PBX,Right,pbx009v14_r,Landmarked_PBX/marked_tiff/Right/PBX009V14_R_MARK.tif,Landmarked_PBX/txt/Right/PBX009V14_R.txt,Raw_Images/PBX/PBX009V14_R.tif,PBX,36,36,roi,3840,2160,"[[1412.0, 913.0], [1366.5, 1090.1666259765625], [1479.8333740234375, 1199.5], [1780.5, 1167.5], [1896.5, 1174.5], [1983.5, 1187.5], [2063.5, 1204.5], [2133.5, 1208.5], [2205.5, 1214.5], [2277.5, 1215.5], [2383.833251953125, 1189.1666259765625], [2465.83349609375, 1134.5], [2517.83349609375, 1047.8333740234375], [1870.5, 1039.5], [1929.5, 1095.5], [1977.5, 1087.5], [2015.5, 1129.5], [2065.5, 1107.5], [2088.5, 1159.5], [2146.5, 1123.5], [2166.5, 1158.5], [2209.5, 1130.5], [2238.5, 1150.5], [2288.166748046875, 1187.5], [2272.833251953125, 1104.1666259765625], [2358.166748046875, 1143.5], [2413.5, 1092.8333740234375], [2456.16650390625, 1036.1666259765625], [1686.5, 948.0], [1686.5, 897.5], [1869.5, 987.0], [1977.5, 1020.0], [2062.5, 1036.1666259765625], [2144.166748046875, 1046.5], [2208.0, 1050.5], [2271.0, 1053.0]]",
PBX,Right,pbx009v17_r,Landmarked_PBX/marked_tiff/Right/PBX009V17_R_MARK.tif,Landmarked_PBX/txt/Right/PBX009V17_R.txt,Raw_Images/PBX/PBX009V17_R.tif,PBX,36,36,roi,3840,2160,"[[1390.0, 917.0], [1352.5, 1101.5], [1472.5, 1206.5], [1747.5, 1166.8333740234375], [1863.5, 1181.5], [1982.5, 1197.5], [2054.5, 1205.5], [2117.5, 1219.5], [2201.5, 1219.5], [2272.5, 1216.0], [2365.0, 1183.5], [2454.16650390625, 1117.8333740234375], [2502.83349609375, 1024.5], [1842.5, 1040.1666259765625], [1904.5, 1090.8333740234375], [1954.5, 1082.1666259765625], [1995.166748046875, 1124.8333740234375], [2053.833251953125, 1109.5], [2079.166748046875, 1155.5], [2132.5, 1123.0], [2147.5, 1170.5], [2198.5, 1124.5], [2229.5, 1153.5], [2273.0, 1188.5], [2275.166748046875, 1093.5], [2345.0, 1147.5], [2406.0, 1083.5], [2444.5, 1017.0], [1655.0, 927.5], [1654.5, 884.5], [1837.8333740234375, 983.1666870117188], [1953.166748046875, 1022.5], [2050.0, 1039.0], [2132.5, 1046.5], [2199.0, 1049.5], [2273.0, 1047.0]]",
PBX,Right,pbx009v18_r,Landmarked_PBX/marked_tiff/Right/PBX009V18_R_MARK.tif,Landmarked_PBX/txt/Right/PBX009V18_R.txt,Raw_Images/PBX/PBX009V18_R.tif,PBX,36,36,roi,3840,2160,"[[1372.0, 919.0], [1319.5, 1102.5], [1442.5, 1183.5], [1745.8333740234375, 1149.1666259765625], [1851.833251953125, 1155.1666259765625], [1950.5, 1164.5], [2043.5, 1173.5], [2110.5, 1179.5], [2187.5, 1190.5], [2256.833251953125, 1191.1666259765625], [2365.83349609375, 1162.1666259765625], [2460.5, 1091.5], [2515.5, 1005.8333129882812], [1817.5, 1011.5], [1888.5, 1065.5], [1948.5, 1051.5], [1985.0, 1102.5], [2037.5, 1085.0], [2067.0, 1131.0], [2117.5, 1097.0], [2143.5, 1134.0], [2193.5, 1102.5], [2219.5, 1120.5], [2264.5, 1162.8333740234375], [2269.5, 1065.1666259765625], [2345.5, 1122.5], [2412.5, 1059.5], [2454.5, 996.5], [1626.1666259765625, 910.8333129882812], [1623.5, 849.5], [1815.5, 950.5], [1947.5, 987.5], [2032.5, 1004.5], [2109.5, 1012.5], [2187.5, 1015.5], [2265.166748046875, 1016.5]]",
PBX,Right,pbx009v19_r,Landmarked_PBX/marked_tiff/Right/PBX009V19_R_MARK.tif,Landmarked_PBX/txt/Right/PBX009V19_R.txt,,,36,36,roi,3840,2160,"[[1369.0, 912.0], [1359.8333740234375, 1095.5], [1529.1666259765625, 1207.5], [1750.5, 1178.5], [1855.5, 1193.5], [1974.5, 1206.5], [2068.5, 1220.5], [2134.5, 1222.5], [2199.833251953125, 1235.8333740234375], [2271.166748046875, 1239.8333740234375], [2382.5, 1210.0], [2466.5, 1149.5], [2538.5, 1066.5], [1849.8333740234375, 1038.8333740234375], [1906.5, 1088.0], [1951.5, 1080.0], [2000.5, 1135.5], [2044.5, 1112.5], [2077.0, 1174.5], [2117.166748046875, 1130.5], [2139.833251953125, 1191.1666259765625], [2191.166748046875, 1133.8333740234375], [2221.166748046875, 1164.5], [2276.5, 1211.1666259765625], [2290.5, 1113.8333740234375], [2359.0, 1178.5], [2427.5, 1116.0], [2476.5, 1059.5], [1653.5, 925.5], [1650.8333740234375, 866.8333129882812], [1848.5, 978.1666870117188], [1951.166748046875, 1012.8333129882812], [2037.833251953125, 1036.1666259765625], [2113.833251953125, 1049.5], [2189.5, 1055.5], [2290.5, 1063.5]]",no_raw_match
PBX,Right,pbx009v20_r,Landmarked_PBX/marked_tiff/Right/PBX009V20_R_MARK.tif,Landmarked_PBX/txt/Right/PBX009V20_R.txt,Raw_Images/PBX/PBX009V20_R.tif,PBX,36,36,roi,3840,2160,"[[1378.0, 932.0], [1346.1666259765625, 1074.1666259765625], [1421.5, 1186.8333740234375], [1740.5, 1164.1666259765625], [1879.166748046875, 1174.8333740234375], [1985.166748046875, 1188.8333740234375], [2073.166748046875, 1199.5], [2147.166748046875, 1208.1666259765625], [2213.166748046875, 1214.1666259765625], [2283.0, 1212.5], [2392.5, 1176.5], [2485.83349609375, 1113.1666259765625], [2541.83349609375, 1029.8333740234375], [1848.5, 1044.5], [1924.5, 1097.1666259765625], [1978.5, 1079.1666259765625], [2017.166748046875, 1131.1666259765625], [2074.5, 1105.5], [2097.5, 1157.0], [2151.5, 1114.5], [2186.5, 1145.5], [2222.5, 1122.5], [2250.0, 1144.5], [2291.5, 1188.0], [2295.5, 1096.5], [2369.5, 1141.5], [2437.16650390625, 1079.8333740234375], [2469.16650390625, 1023.1666870117188], [1663.1666259765625, 946.8333129882812], [1661.8333740234375, 891.1666870117188], [1851.5, 983.0], [1980.5, 1018.5], [2078.5, 1035.8333740234375], [2152.5, 1044.5], [2222.5, 1048.5], [2295.0, 1049.0]]",
PBX,Right,pbx009v21_r,Landmarked_PBX/marked_tiff/Right/PBX009V21_R_MARK.tif,Landmarked_PBX/txt/Right/PBX009V21_R.txt,Raw_Images/PBX/PBX009V21_R.tif,PBX,36,36,roi,3840,2160,"[[1389.0, 953.0], [1367.5, 1113.5], [1477.5, 1218.5], [1746.8333740234375, 1195.8333740234375], [1882.833251953125, 1199.8333740234375], [1980.5, 1208.5], [2059.5, 1216.5], [2124.5, 1221.5], [2204.5, 1230.5], [2269.5, 1228.5], [2379.833251953125, 1197.1666259765625], [2466.5, 1132.5], [2521.5, 1048.5], [1848.8333740234375, 1058.5], [1916.166748046875, 1103.1666259765625], [1972.166748046875, 1096.5], [2011.5, 1137.8333740234375], [2058.833251953125, 1120.5], [2087.5, 1163.8333740234375], [2142.166748046875, 1127.8333740234375], [2157.5, 1176.5], [2210.5, 1139.5], [2231.5, 1158.5], [2278.5, 1196.0], [2280.0, 1110.0], [2351.166748046875, 1155.8333740234375], [2415.83349609375, 1097.1666259765625], [2457.16650390625, 1042.5], [1665.1666259765625, 953.5], [1660.5, 910.5], [1842.5, 996.5], [1968.166748046875, 1032.1666259765625], [2056.0, 1047.5], [2141.5, 1056.0], [2203.5, 1059.0], [2275.0, 1060.0]]",
PBX,Right,pbx009v24_r,Landmarked_PBX/marked_tiff/Right/PBX009V24_R_MARK.tif,Landmarked_PBX/txt/Right/PBX009V24_R.txt,Raw_Images/PBX/PBX009V24_R.tif,PBX,36,36,roi,3840,2160,"[[1366.0, 942.0], [1351.8333740234375, 1127.5], [1501.1666259765625, 1212.8333740234375], [1754.1666259765625, 1179.1666259765625], [1882.166748046875, 1184.5], [1984.833251953125, 1199.1666259765625], [2071.5, 1203.1666259765625], [2138.166748046875, 1212.5], [2214.5, 1219.5], [2280.5, 1216.5], [2394.5, 1177.0], [2474.0, 1113.5], [2521.5, 1032.5], [1844.5, 1054.5], [1908.5, 1098.5], [1966.5, 1091.5], [2006.5, 1135.5], [2057.5, 1115.5], [2092.5, 1158.5], [2145.5, 1125.5], [2162.5, 1166.5], [2212.166748046875, 1134.5], [2234.166748046875, 1158.1666259765625], [2289.166748046875, 1186.5], [2295.166748046875, 1095.8333740234375], [2367.0, 1143.5], [2428.5, 1085.0], [2467.5, 1024.0], [1644.1666259765625, 948.8333129882812], [1638.8333740234375, 888.1666870117188], [1838.8333740234375, 988.8333129882812], [1964.5, 1026.8333740234375], [2052.0, 1039.5], [2143.0, 1048.0], [2209.0, 1049.5], [2293.833251953125, 1045.8333740234375]]",
PBX,Right,pbx009v26_r,Landmarked_PBX/marked_tiff/Right/PBX009V26_R_MARK.tif,Landmarked_PBX/txt/Right/PBX009V26_R.txt,Raw_Images/PBX/PBX009V26_R.tif,PBX,36,36,roi,3840,2160,"[[1342.1666259765625, 944.8333129882812], [1324.8333740234375, 1083.5], [1460.8333740234375, 1223.5], [1745.5, 1185.5], [1870.5, 1192.5], [1973.5, 1196.5], [2065.5, 1206.5], [2127.5, 1213.5], [2194.0, 1221.0], [2267.0, 1217.0], [2372.16650390625, 1180.5], [2462.83349609375, 1115.8333740234375], [2518.83349609375, 1034.5], [1841.5, 1056.5], [1908.166748046875, 1099.8333740234375], [1966.166748046875, 1090.5], [1999.5, 1138.5], [2051.5, 1114.5], [2078.5, 1168.5], [2131.5, 1122.5], [2152.5, 1161.5], [2198.5, 1130.5], [2225.5, 1156.5], [2272.5, 1194.5], [2273.5, 1102.5], [2344.166748046875, 1146.5], [2412.83349609375, 1084.5], [2451.5, 1028.5], [1657.5, 949.5], [1654.5, 896.5], [1838.5, 988.5], [1961.166748046875, 1024.5], [2046.5, 1041.0], [2125.5, 1048.5], [2197.0, 1050.5], [2270.5, 1049.0]]",
PBX,Right,pbx009v27_r,Landmarked_PBX/marked_tiff/Right/PBX009V27_R_MARK.tif,Landmarked_PBX/txt/Right/PBX009V27_R.txt,Raw_Images/PBX/PBX009V27_R.tif,PBX,36,36,roi,3840,2160,"[[1370.0, 908.0], [1335.5, 1105.5], [1485.5, 1231.5], [1749.5, 1187.5], [1892.5, 1193.5], [1974.5, 1210.5], [2055.5, 1223.5], [2126.833251953125, 1227.8333740234375], [2209.5, 1235.1666259765625], [2270.833251953125, 1235.1666259765625], [2381.5, 1202.0], [2474.0, 1139.5], [2535.0, 1045.0], [1846.5, 1053.5], [1910.5, 1101.5], [1970.5, 1096.5], [2001.5, 1134.5], [2055.5, 1112.5], [2081.5, 1165.5], [2134.5, 1129.5], [2160.5, 1166.5], [2208.5, 1136.5], [2237.5, 1155.5], [2277.0, 1205.5], [2292.0, 1104.0], [2362.83349609375, 1166.8333740234375], [2432.83349609375, 1101.5], [2478.83349609375, 1036.1666259765625], [1652.8333740234375, 946.8333129882812], [1648.8333740234375, 885.5], [1842.1666259765625, 982.8333129882812], [1966.833251953125, 1022.1666870117188], [2050.833251953125, 1036.8333740234375], [2128.166748046875, 1045.5], [2200.5, 1051.5], [2285.5, 1051.5]]",
PBX,Right,pbx009v28_r,Landmarked_PBX/marked_tiff/Right/PBX009V28_R_MARK.tif,Landmarked_PBX/txt/Right/PBX009V28_R.txt,Raw_Images/PBX/PBX009V28_R.tif,PBX,36,36,roi,3840,2160,"[[1372.0, 929.0], [1358.5, 1102.5], [1478.5, 1201.5], [1750.5, 1179.5], [1871.5, 1185.5], [1983.5, 1201.5], [2069.5, 1214.5], [2135.5, 1221.5], [2208.5, 1228.5], [2266.0, 1231.0], [2373.833251953125, 1198.1666259765625], [2460.16650390625, 1134.8333740234375], [2518.16650390625, 1054.8333740234375], [1846.1666259765625, 1046.5], [1906.833251953125, 1092.5], [1963.5, 1089.8333740234375], [2002.833251953125, 1138.5], [2057.5, 1114.5], [2084.166748046875, 1163.1666259765625], [2133.5, 1129.5], [2158.5, 1172.5], [2201.0, 1133.5], [2222.0, 1161.0], [2272.5, 1203.5], [2278.5, 1107.0], [2351.0, 1161.5], [2416.5, 1100.5], [2457.5, 1043.0], [1659.0, 947.5], [1655.5, 882.0], [1843.0, 975.0], [1958.5, 1013.0], [2049.0, 1035.0], [2130.166748046875, 1045.5], [2190.5, 1051.5], [2275.5, 1055.8333740234375]]",
PBX,Right,pbx009v29_r,Landmarked_PBX/marked_tiff/Right/PBX009V29_R_MARK.tif,Landmarked_PBX/txt/Right/PBX009V29_R.txt,Raw_Images/PBX/PBX009V29_R.tif,PBX,36,36,roi,3840,2160,"[[1378.0, 920.0], [1355.5, 1121.5], [1524.5, 1220.5], [1756.5, 1185.5], [1870.166748046875, 1181.5], [1964.833251953125, 1193.5], [2058.166748046875, 1210.8333740234375], [2128.833251953125, 1219.5], [2205.5, 1222.8333740234375], [2264.5, 1216.5], [2365.833251953125, 1187.8333740234375], [2436.5, 1125.5], [2471.5, 1041.5], [1842.1666259765625, 1046.8333740234375], [1896.166748046875, 1092.8333740234375], [1947.5, 1087.5], [1983.5, 1134.8333740234375], [2041.5, 1114.8333740234375], [2069.5, 1170.8333740234375], [2121.5, 1129.5], [2140.833251953125, 1174.8333740234375], [2187.5, 1131.5], [2215.5, 1158.5], [2268.5, 1189.5], [2266.5, 1102.5], [2333.5, 1144.0], [2383.0, 1089.0], [2418.0, 1032.0], [1650.5, 935.1666870117188], [1646.5, 873.1666870117188], [1837.1666259765625, 973.1666870117188], [1941.833251953125, 1011.8333129882812], [2034.5, 1032.5], [2112.5, 1044.5], [2178.5, 1046.5], [2264.5, 1049.0]]",
PBX,Right,pbx009v30_r,Landmarked_PBX/marked_tiff/Right/PBX009V30_R_MARK.tif,Landmarked_PBX/txt/Right/PBX009V30_R.txt,Raw_Images/PBX/PBX009V30_R.tif,PBX,36,36,roi,3840,2160,"[[1368.1666259765625, 893.0], [1336.0, 1073.5], [1476.0, 1196.1666259765625], [1744.0, 1168.1666259765625], [1857.9998779296875, 1179.5], [1961.3333740234375, 1195.5], [2048.66650390625, 1212.1666259765625], [2110.0, 1212.1666259765625], [2177.33349609375, 1216.8333740234375], [2245.833251953125, 1212.1666259765625], [2348.0, 1174.0], [2437.5, 1112.0], [2495.5, 1029.5], [1831.5, 1038.5], [1893.5, 1077.1666259765625], [1951.5, 1081.8333740234375], [1990.833251953125, 1119.8333740234375], [2035.5, 1100.5], [2060.833251953125, 1158.5], [2110.166748046875, 1115.8333740234375], [2139.5, 1148.5], [2174.5, 1122.5], [2200.5, 1152.5], [2252.166748046875, 1184.8333740234375], [2263.5, 1140.8333740234375], [2331.0, 1137.0], [2391.0, 1073.0], [2426.0, 1025.0], [1649.0, 925.5], [1645.0, 870.0], [1824.1666259765625, 968.8333129882812], [1950.166748046875, 1009.5], [2033.5, 1028.8333740234375], [2109.5, 1037.5], [2174.5, 1042.0], [2256.5, 1044.0]]",
PBX,Right,pbx009v32_r,Landmarked_PBX/marked_tiff/Right/PBX009V32_R_MARK.tif,Landmarked_PBX/txt/Right/PBX009V32_R.txt,Raw_Images/PBX/PBX009V32_R.tif,PBX,36,36,roi,3840,2160,"[[1348.0, 910.0], [1327.8333740234375, 1099.5], [1482.5, 1215.5], [1740.5, 1186.5], [1862.5, 1192.5], [1971.5, 1205.5], [2053.5, 1215.5], [2130.5, 1225.5], [2199.5, 1233.5], [2263.5, 1229.5], [2373.16650390625, 1196.8333740234375], [2468.5, 1125.5], [2519.5, 1043.5], [1836.8333740234375, 1049.8333740234375], [1902.833251953125, 1092.5], [1955.5, 1095.1666259765625], [2006.166748046875, 1127.8333740234375], [2052.166748046875, 1119.8333740234375], [2081.5, 1168.5], [2128.833251953125, 1127.1666259765625], [2149.5, 1179.8333740234375], [2200.833251953125, 1131.8333740234375], [2219.5, 1165.1666259765625], [2260.833251953125, 1133.1666259765625], [2271.5, 1204.0], [2353.5, 1158.0], [2419.0, 1094.0], [2467.0, 1032.5], [1626.1666259765625, 940.5], [1621.8333740234375, 885.1666870117188], [1836.0, 989.0], [1953.5, 1023.5], [2048.5, 1041.5], [2125.0, 1051.0], [2198.5, 1055.5], [2260.5, 1053.5]]",
PBX,Right,pbx009v33_r,Landmarked_PBX/marked_tiff/Right/PBX009V33_R_MARK.tif,Landmarked_PBX/txt/Right/PBX009V33_R.txt,Raw_Images/PBX/PBX009V33_R.tif,PBX,36,36,roi,3840,2160,"[[1396.1666259765625, 914.8333129882812], [1372.1666259765625, 1089.5], [1496.1666259765625, 1202.8333740234375], [1762.5, 1168.5], [1884.5, 1179.5], [1981.5, 1196.5], [2055.5, 1207.5], [2126.5, 1213.5], [2212.5, 1226.5], [2278.5, 1218.8333740234375], [2378.5, 1184.8333740234375], [2465.16650390625, 1114.8333740234375], [2511.16650390625, 1031.5], [1864.1666259765625, 1036.1666259765625], [1920.833251953125, 1094.1666259765625], [1972.166748046875, 1079.5], [2004.833251953125, 1139.5], [2062.166748046875, 1106.1666259765625], [2082.166748046875, 1162.8333740234375], [2141.5, 1120.8333740234375], [2154.833251953125, 1171.5], [2207.0, 1126.5], [2236.166748046875, 1150.1666259765625], [2284.833251953125, 1184.5], [2282.833251953125, 1099.8333740234375], [2353.5, 1142.5], [2408.5, 1081.5], [2445.0, 1025.0], [1674.8333740234375, 937.1666870117188], [1673.5, 885.8333129882812], [1858.1666259765625, 981.1666870117188], [1964.833251953125, 1012.5], [2051.5, 1032.5], [2144.166748046875, 1043.1666259765625], [2205.0, 1047.0], [2282.5, 1048.5]]",
PBX,Right,pbx009v35_r,Landmarked_PBX/marked_tiff/Right/PBX009V35_R_MARK.tif,Landmarked_PBX/txt/Right/PBX009V35_R.txt,Raw_Images/PBX/PBX009V35_R.tif,PBX,36,36,roi,3840,2160,"[[1422.0, 935.0], [1399.5, 1113.5], [1538.5, 1214.5], [1768.5, 1175.5], [1879.5, 1184.5], [1983.833251953125, 1200.1666259765625], [2066.5, 1212.1666259765625], [2133.166748046875, 1224.1666259765625], [2206.5, 1240.1666259765625], [2273.5, 1240.5], [2374.166748046875, 1210.1666259765625], [2460.83349609375, 1150.1666259765625], [2504.5, 1070.5], [1869.5, 1051.0], [1921.5, 1094.0], [1980.0, 1093.5], [2018.0, 1132.0], [2065.0, 1119.5], [2097.5, 1162.5], [2141.833251953125, 1140.1666259765625], [2164.5, 1177.8333740234375], [2209.166748046875, 1146.5], [2232.5, 1170.1666259765625], [2280.5, 1213.0], [2294.5, 1129.5], [2350.5, 1174.0], [2407.5, 1112.5], [2442.5, 1058.5], [1684.5, 956.5], [1680.5, 897.5], [1867.5, 995.5], [1976.166748046875, 1026.8333740234375], [2062.833251953125, 1049.1666259765625], [2136.166748046875, 1063.1666259765625], [2206.833251953125, 1069.8333740234375], [2292.833251953125, 1072.1666259765625]]",
PBX,Right,pbx009v36_r,Landmarked_PBX/marked_tiff/Right/PBX009V36_R_MARK.tif,Landmarked_PBX/txt/Right/PBX009V36_R.txt,Raw_Images/PBX/PBX009V36_R.tif,PBX,36,36,roi,3840,2160,"[[1376.5, 946.5], [1364.5, 1125.5], [1519.5, 1219.5], [1752.1666259765625, 1187.1666259765625], [1877.5, 1187.8333740234375], [1972.833251953125, 1201.8333740234375], [2053.5, 1212.5], [2119.5, 1219.1666259765625], [2202.166748046875, 1225.8333740234375], [2272.5, 1224.5], [2372.5, 1196.0], [2454.0, 1135.5], [2504.0, 1056.0], [1845.1666259765625, 1059.8333740234375], [1905.833251953125, 1102.5], [1951.833251953125, 1091.8333740234375], [1991.833251953125, 1137.1666259765625], [2051.166748046875, 1123.8333740234375], [2079.833251953125, 1163.1666259765625], [2134.5, 1137.8333740234375], [2156.5, 1170.5], [2199.166748046875, 1141.8333740234375], [2226.833251953125, 1162.1666259765625], [2277.5, 1199.5], [2279.5, 1115.5], [2353.0, 1155.5], [2411.0, 1099.5], [2447.5, 1044.5], [1650.0, 961.5], [1647.0, 900.0], [1844.5, 996.0], [1948.5, 1025.5], [2047.0, 1047.0], [2132.0, 1057.0], [2197.5, 1061.0], [2280.0, 1061.0]]",
PBX,Right,pbx010v02_r,Landmarked_PBX/marked_tiff/Right/PBX010V02_R_MARK.tif,Landmarked_PBX/txt/Right/PBX010V02_R.txt,Raw_Images/PBX/PBX010V02_R.tif,PBX,36,36,roi,3840,2160,"[[1371.0, 927.0], [1361.5, 1098.5], [1487.5, 1210.5], [1748.5, 1167.5], [1849.5, 1176.5], [1962.5, 1187.5], [2056.5, 1204.5], [2113.5, 1214.5], [2194.5, 1222.5], [2271.5, 1215.5], [2366.5, 1178.5], [2457.5, 1116.5], [2509.5, 1031.5], [1835.1666259765625, 1040.1666259765625], [1892.5, 1094.8333740234375], [1951.833251953125, 1084.8333740234375], [1991.166748046875, 1128.1666259765625], [2043.833251953125, 1112.1666259765625], [2071.166748046875, 1157.5], [2122.5, 1124.1666259765625], [2140.5, 1174.8333740234375], [2191.5, 1130.5], [2218.5, 1155.5], [2272.833251953125, 1186.5], [2280.5, 1098.5], [2348.5, 1141.1666259765625], [2412.5, 1081.1666259765625], [2452.5, 1021.1666870117188], [1638.5, 950.5], [1634.0, 878.5], [1829.0, 977.5], [1945.5, 1013.5], [2041.5, 1033.5], [2116.5, 1043.1666259765625], [2192.0, 1046.5], [2279.166748046875, 1045.1666259765625]]",
PBX,Right,pbx011v01_r,Landmarked_PBX/marked_tiff/Right/PBX011V01_R_MARK.tif,Landmarked_PBX/txt/Right/PBX011V01_R.txt,Raw_Images/PBX/PBX011V01_R.tif,PBX,36,36,roi,3840,2160,"[[1396.0, 925.0], [1370.5, 1128.5], [1548.5, 1234.5], [1779.5, 1193.1666259765625], [1901.833251953125, 1200.8333740234375], [2020.5, 1220.1666259765625], [2109.166748046875, 1228.8333740234375], [2177.833251953125, 1233.5], [2255.833251953125, 1239.5], [2318.5, 1238.1666259765625], [2423.5, 1204.5], [2515.5, 1138.5], [2570.5, 1048.5], [1879.5, 1060.1666259765625], [1944.166748046875, 1103.5], [1990.166748046875, 1094.1666259765625], [2040.166748046875, 1145.5], [2088.833251953125, 1124.8333740234375], [2121.5, 1173.5], [2170.833251953125, 1137.5], [2194.166748046875, 1196.1666259765625], [2244.833251953125, 1143.5], [2268.833251953125, 1182.8333740234375], [2322.0, 1216.0], [2327.5, 1108.0], [2393.5, 1172.5], [2462.0, 1104.5], [2505.5, 1040.0], [1672.5, 953.0], [1669.0, 888.5], [1880.5, 995.5], [1991.0, 1029.0], [2086.0, 1047.5], [2166.5, 1056.0], [2241.5, 1059.5], [2323.0, 1058.0]]",
PBX,Right,pbx011v03_r,Landmarked_PBX/marked_tiff/Right/PBX011V03_R_MARK.tif,Landmarked_PBX/txt/Right/PBX011V03_R.txt,Raw_Images/PBX/PBX011V03_R.tif,PBX,36,36,roi,3840,2160,"[[1370.0, 925.0], [1357.5, 1096.5], [1544.1666259765625, 1215.1666259765625], [1777.5, 1186.5], [1888.5, 1195.5], [1990.5, 1212.5], [2079.5, 1220.5], [2160.5, 1229.5], [2227.5, 1231.5], [2285.5, 1228.5], [2381.166748046875, 1187.1666259765625], [2470.5, 1114.5], [2520.5, 1031.8333740234375], [1852.5, 1051.1666259765625], [1911.833251953125, 1093.8333740234375], [1964.5, 1086.5], [2005.833251953125, 1137.8333740234375], [2063.833251953125, 1115.8333740234375], [2093.833251953125, 1153.1666259765625], [2142.5, 1131.8333740234375], [2171.833251953125, 1152.5], [2209.166748046875, 1133.5], [2237.166748046875, 1152.5], [2286.5, 1197.0], [2285.0, 1101.5], [2353.166748046875, 1153.5], [2421.16650390625, 1079.1666259765625], [2460.0, 1022.0], [1652.1666259765625, 932.1666870117188], [1649.1666259765625, 878.8333129882812], [1851.5, 984.0], [1964.0, 1017.0], [2059.0, 1037.5], [2140.0, 1046.0], [2205.5, 1047.5], [2284.166748046875, 1047.1666259765625]]",
PBX,Right,pbx011v05_r,Landmarked_PBX/marked_tiff/Right/PBX011V05_R_MARK.tif,Landmarked_PBX/txt/Right/PBX011V05_R.txt,Raw_Images/PBX/PBX011V05_R.tif,PBX,36,36,roi,3840,2160,"[[1379.0, 890.0], [1350.5, 1113.5], [1531.8333740234375, 1244.1666259765625], [1736.5, 1197.5], [1870.5, 1207.5], [1974.5, 1216.5], [2067.5, 1233.5], [2139.166748046875, 1238.1666259765625], [2211.166748046875, 1247.5], [2275.5, 1252.5], [2386.5, 1218.1666259765625], [2479.83349609375, 1154.1666259765625], [2536.5, 1063.5], [1849.8333740234375, 1042.1666259765625], [1909.833251953125, 1089.5], [1959.166748046875, 1092.8333740234375], [2004.5, 1138.1666259765625], [2059.166748046875, 1120.1666259765625], [2087.833251953125, 1175.5], [2135.5, 1135.5], [2155.5, 1198.5], [2207.5, 1145.5], [2231.5, 1183.5], [2281.166748046875, 1221.8333740234375], [2302.5, 1114.5], [2361.833251953125, 1183.1666259765625], [2427.16650390625, 1117.8333740234375], [2476.5, 1053.8333740234375], [1656.5, 923.5], [1653.8333740234375, 864.8333129882812], [1847.1666259765625, 979.5], [1958.5, 1021.5], [2059.166748046875, 1044.8333740234375], [2137.0, 1056.5], [2209.5, 1062.5], [2300.0, 1062.5]]",
PBX,Right,pbx011v06_r,Landmarked_PBX/marked_tiff/Right/PBX011V06_R_MARK.tif,Landmarked_PBX/txt/Right/PBX011V06_R.txt,Raw_Images/PBX/PBX011V06_R.tif,PBX,36,36,roi,3840,2160,"[[1420.0, 953.0], [1425.5, 1134.5], [1559.5, 1214.5], [1794.5, 1169.5], [1893.5, 1179.5], [1998.5, 1192.5], [2091.5, 1199.5], [2153.5, 1210.5], [2224.5, 1210.5], [2288.5, 1201.5], [2380.0, 1170.0], [2445.5, 1111.5], [2474.5, 1034.5], [1859.5, 1054.5], [1922.5, 1099.0], [1969.5, 1089.0], [2011.5, 1135.0], [2062.5, 1112.5], [2096.0, 1152.5], [2137.833251953125, 1131.1666259765625], [2167.833251953125, 1156.1666259765625], [2204.5, 1134.8333740234375], [2231.833251953125, 1151.1666259765625], [2287.5, 1175.5], [2275.833251953125, 1092.8333740234375], [2346.5, 1133.5], [2394.5, 1081.5], [2423.5, 1028.0], [1675.5, 958.0], [1673.0, 894.5], [1857.5, 989.0], [1965.5, 1022.0], [2061.0, 1040.5], [2130.833251953125, 1046.5], [2199.833251953125, 1049.8333740234375], [2275.5, 1049.0]]",
PBX,Right,pbx011v07_r,Landmarked_PBX/marked_tiff/Right/PBX011V07_R_MARK.tif,Landmarked_PBX/txt/Right/PBX011V07_R.txt,Raw_Images/PBX/PBX011V07_R.tif,PBX,36,36,roi,3840,2160,"[[1392.5, 904.5], [1375.5, 1109.5], [1558.5, 1223.5], [1742.5, 1199.5], [1850.8333740234375, 1203.8333740234375], [1956.166748046875, 1215.8333740234375], [2047.166748046875, 1226.8333740234375], [2127.833251953125, 1238.8333740234375], [2203.833251953125, 1246.1666259765625], [2266.833251953125, 1243.8333740234375], [2382.5, 1213.0], [2468.0, 1148.0], [2519.5, 1065.0], [1853.0, 1054.5], [1906.5, 1095.0], [1961.0, 1098.5], [1999.5, 1136.5], [2052.0, 1128.5], [2077.5, 1171.5], [2126.0, 1147.5], [2151.0, 1187.5], [2202.833251953125, 1153.1666259765625], [2226.166748046875, 1173.8333740234375], [2274.166748046875, 1216.5], [2284.833251953125, 1123.8333740234375], [2356.833251953125, 1172.5], [2417.5, 1117.1666259765625], [2465.5, 1053.1666259765625], [1671.5, 940.0], [1668.5, 888.5], [1847.0, 991.0], [1957.5, 1029.0], [2049.5, 1051.0], [2121.5, 1062.8333740234375], [2201.5, 1070.8333740234375], [2282.833251953125, 1072.8333740234375]]",
PBX,Right,pbx011v09_r,Landmarked_PBX/marked_tiff/Right/PBX011V09_R_MARK.tif,Landmarked_PBX/txt/Right/PBX011V09_R.txt,Raw_Images/PBX/PBX011V09_R.tif,PBX,36,36,roi,3840,2160,"[[1380.0, 901.0], [1342.8333740234375, 1081.8333740234375], [1523.5, 1199.8333740234375], [1725.5, 1175.5], [1880.833251953125, 1190.1666259765625], [1983.166748046875, 1207.5], [2072.5, 1220.1666259765625], [2149.833251953125, 1220.8333740234375], [2223.166748046875, 1227.5], [2289.833251953125, 1224.1666259765625], [2409.0, 1189.0], [2509.83349609375, 1112.5], [2557.16650390625, 1017.8333129882812], [1848.5, 1040.1666259765625], [1917.166748046875, 1094.1666259765625], [1976.5, 1088.1666259765625], [2012.5, 1134.1666259765625], [2069.833251953125, 1109.5], [2096.5, 1155.5], [2151.5, 1122.5], [2174.5, 1170.5], [2231.0, 1127.0], [2250.5, 1154.5], [2295.5, 1199.5], [2309.0, 1096.0], [2381.83349609375, 1155.1666259765625], [2452.5, 1081.1666259765625], [2493.83349609375, 1013.8333129882812], [1674.0, 940.0], [1670.1666259765625, 888.5], [1843.5, 977.1666870117188], [1972.166748046875, 1016.5], [2068.5, 1037.0], [2148.5, 1042.0], [2231.5, 1045.5], [2310.166748046875, 1040.1666259765625]]",
PBX,Right,pbx011v11_r,Landmarked_PBX/marked_tiff/Right/PBX011V11_R_MARK.tif,Landmarked_PBX/txt/Right/PBX011V11_R.txt,Raw_Images/PBX/PBX011V11_R.tif,PBX,36,36,roi,3840,2160,"[[1355.0, 893.0], [1328.5, 1096.5], [1476.5, 1212.5], [1750.5, 1186.5], [1874.5, 1199.5], [1982.5, 1218.1666259765625], [2067.833251953125, 1228.8333740234375], [2142.5, 1230.1666259765625], [2219.833251953125, 1234.1666259765625], [2287.833251953125, 1228.8333740234375], [2393.5, 1180.5], [2481.16650390625, 1124.8333740234375], [2538.5, 1030.1666259765625], [1852.5, 1056.5], [1916.5, 1095.5], [1969.5, 1095.5], [2014.5, 1134.5], [2069.5, 1114.5], [2095.5, 1165.5], [2149.5, 1128.5], [2174.5, 1163.5], [2222.5, 1133.5], [2256.5, 1145.5], [2291.5, 1190.5], [2300.5, 1097.5], [2361.5, 1147.5], [2429.5, 1088.5], [2473.5, 1022.5], [1642.0, 939.0], [1639.5, 881.5], [1847.166748046875, 988.5], [1970.5, 1024.5], [2068.5, 1040.5], [2154.5, 1047.1666259765625], [2221.833251953125, 1051.1666259765625], [2300.5, 1049.8333740234375]]",
PBX,Right,pbx011v12_r,Landmarked_PBX/marked_tiff/Right/PBX011V12_R_MARK.tif,Landmarked_PBX/txt/Right/PBX011V12_R.txt,Raw_Images/PBX/PBX011V12_R.tif,PBX,36,36,roi,3840,2160,"[[1377.0, 915.0], [1360.5, 1114.5], [1512.5, 1207.5], [1776.1666259765625, 1172.8333740234375], [1886.833251953125, 1187.5], [1996.833251953125, 1198.8333740234375], [2088.833251953125, 1206.8333740234375], [2159.5, 1214.5], [2229.5, 1220.5], [2298.5, 1216.0], [2402.5, 1179.5], [2484.5, 1116.8333740234375], [2537.83349609375, 1015.5], [1860.1666259765625, 1045.8333740234375], [1925.5, 1095.8333740234375], [1976.833251953125, 1081.1666259765625], [2022.833251953125, 1127.8333740234375], [2070.166748046875, 1109.8333740234375], [2106.166748046875, 1150.5], [2148.5, 1119.0], [2173.5, 1148.0], [2222.0, 1121.5], [2247.5, 1146.5], [2303.0, 1188.5], [2307.0, 1089.0], [2376.166748046875, 1144.5], [2430.83349609375, 1083.1666259765625], [2474.16650390625, 1008.5], [1654.5, 936.0], [1654.5, 880.5], [1858.5, 981.1666870117188], [1977.0, 1014.0], [2071.0, 1030.5], [2148.5, 1038.1666259765625], [2220.833251953125, 1040.5], [2304.833251953125, 1038.5]]",
PBX,Right,pbx011v14_r,Landmarked_PBX/marked_tiff/Right/PBX011V14_R_MARK.tif,Landmarked_PBX/txt/Right/PBX011V14_R.txt,Raw_Images/PBX/PBX011V14_R.tif,PBX,36,36,roi,3840,2160,"[[1385.0, 918.0], [1359.5, 1104.5], [1521.5, 1228.5], [1752.5, 1196.5], [1880.5, 1205.5], [1992.5, 1216.5], [2089.5, 1226.5], [2158.5, 1233.5], [2233.5, 1238.5], [2296.5, 1239.5], [2402.5, 1201.5], [2487.5, 1133.5], [2544.5, 1041.5], [1856.5, 1043.5], [1918.5, 1091.0], [1975.5, 1092.0], [2014.5, 1136.5], [2068.5, 1117.0], [2100.5, 1181.0], [2151.5, 1130.0], [2172.5, 1194.5], [2224.5, 1142.5], [2249.0, 1171.0], [2299.0, 1208.0], [2309.5, 1108.5], [2383.166748046875, 1165.8333740234375], [2441.83349609375, 1104.5], [2487.83349609375, 1032.5], [1659.0, 928.5], [1657.0, 873.5], [1856.0, 983.5], [1973.5, 1022.5], [2064.5, 1042.0], [2148.5, 1054.8333740234375], [2217.833251953125, 1057.5], [2306.5, 1056.8333740234375]]",
PBX,Right,pbx011v16_r,Landmarked_PBX/marked_tiff/Right/PBX011V16_R_MARK.tif,Landmarked_PBX/txt/Right/PBX011V16_R.txt,Raw_Images/PBX/PBX011V16_R.tif,PBX,36,36,roi,3840,2160,"[[1405.0, 934.0], [1395.5, 1124.5], [1572.5, 1212.5], [1765.5, 1198.5], [1872.5, 1199.5], [1976.5, 1214.5], [2058.5, 1228.5], [2120.5, 1233.5], [2185.166748046875, 1238.1666259765625], [2249.166748046875, 1238.8333740234375], [2349.0, 1207.0], [2437.5, 1146.5], [2481.5, 1054.5], [1848.8333740234375, 1060.1666259765625], [1909.5, 1101.5], [1958.166748046875, 1096.1666259765625], [1996.833251953125, 1141.5], [2046.166748046875, 1122.1666259765625], [2068.5, 1178.5], [2118.5, 1139.8333740234375], [2141.5, 1185.1666259765625], [2186.833251953125, 1146.8333740234375], [2206.5, 1166.1666259765625], [2255.5, 1214.0], [2252.0, 1120.5], [2331.5, 1182.5], [2388.0, 1115.5], [2427.83349609375, 1048.5], [1664.5, 943.0], [1660.1666259765625, 883.1666870117188], [1846.8333740234375, 995.1666870117188], [1956.5, 1030.8333740234375], [2041.833251953125, 1047.8333740234375], [2115.833251953125, 1059.1666259765625], [2183.166748046875, 1063.8333740234375], [2253.166748046875, 1063.8333740234375]]",
PBX,Right,pbx011v18_r,Landmarked_PBX/marked_tiff/Right/PBX011V18_R_MARK.tif,Landmarked_PBX/txt/Right/PBX011V18_R.txt,Raw_Images/PBX/PBX011V18_R.tif,PBX,36,36,roi,3840,2160,"[[1393.0, 909.0], [1377.5, 1098.5], [1558.5, 1201.5], [1762.5, 1183.5], [1869.8333740234375, 1192.1666259765625], [1970.5, 1204.8333740234375], [2054.5, 1218.1666259765625], [2114.5, 1223.5], [2183.5, 1231.5], [2256.5, 1230.1666259765625], [2361.0, 1201.0], [2441.5, 1136.5], [2484.5, 1050.5], [1853.1666259765625, 1057.1666259765625], [1911.833251953125, 1095.1666259765625], [1955.166748046875, 1087.1666259765625], [1989.166748046875, 1143.1666259765625], [2044.5, 1114.5], [2074.5, 1172.5], [2119.833251953125, 1129.8333740234375], [2141.5, 1168.5], [2184.5, 1141.5], [2211.5, 1164.5], [2260.166748046875, 1204.8333740234375], [2256.166748046875, 1112.5], [2333.0, 1164.5], [2386.0, 1103.5], [2415.83349609375, 1047.8333740234375], [1659.1666259765625, 943.8333129882812], [1655.8333740234375, 882.5], [1848.5, 987.1666870117188], [1954.5, 1025.8333740234375], [2040.5, 1043.0], [2115.5, 1052.5], [2184.5, 1058.5], [2254.5, 1060.0]]",
PBX,Right,pbx012v01_r,Landmarked_PBX/marked_tiff/Right/PBX012V01_R_MARK.tif,Landmarked_PBX/txt/Right/PBX012V01_R.txt,Raw_Images/PBX/PBX012V01_R.tif,PBX,36,36,roi,3840,2160,"[[1356.0, 945.0], [1311.5, 1098.1666259765625], [1468.8333740234375, 1226.1666259765625], [1740.5, 1189.5], [1894.5, 1193.5], [1966.5, 1204.5], [2057.5, 1211.5], [2126.5, 1220.5], [2201.5, 1222.5], [2261.5, 1225.5], [2377.16650390625, 1198.8333740234375], [2477.83349609375, 1124.8333740234375], [2534.83349609375, 1032.5], [1828.166748046875, 1052.8333740234375], [1901.5, 1102.8333740234375], [1960.833251953125, 1087.5], [2001.5, 1138.8333740234375], [2060.166748046875, 1111.5], [2084.166748046875, 1166.1666259765625], [2135.5, 1124.1666259765625], [2158.5, 1170.5], [2209.5, 1131.5], [2230.5, 1161.5], [2273.5, 1196.5], [2274.166748046875, 1096.5], [2350.5, 1154.8333740234375], [2429.16650390625, 1084.8333740234375], [2471.83349609375, 1021.5], [1628.5, 942.1666870117188], [1626.5, 892.1666870117188], [1826.5, 985.0], [1958.5, 1023.5], [2055.5, 1038.0], [2132.166748046875, 1044.8333740234375], [2203.5, 1048.8333740234375], [2273.5, 1048.1666259765625]]",
PBX,Right,pbx012v02_r,Landmarked_PBX/marked_tiff/Right/PBX012V02_R_MARK.tif,Landmarked_PBX/txt/Right/PBX012V02_R.txt,Raw_Images/PBX/PBX012V02_R.tif,PBX,36,36,roi,3840,2160,"[[1376.0, 917.0], [1325.8333740234375, 1111.5], [1483.1666259765625, 1233.5], [1728.5, 1210.5], [1855.5, 1213.5], [1972.5, 1221.5], [2061.5, 1231.5], [2122.5, 1237.5], [2194.5, 1241.5], [2269.166748046875, 1242.8333740234375], [2383.5, 1214.8333740234375], [2479.5, 1136.1666259765625], [2532.16650390625, 1052.1666259765625], [1832.5, 1050.5], [1904.5, 1109.5], [1956.5, 1098.5], [1999.5, 1141.5], [2049.5, 1122.5], [2072.5, 1169.5], [2127.5, 1138.5], [2143.5, 1188.5], [2201.5, 1145.5], [2222.5, 1183.5], [2276.5, 1215.5], [2277.5, 1110.5], [2360.0, 1173.0], [2429.5, 1102.5], [2475.0, 1043.0], [1643.1666259765625, 943.1666870117188], [1640.1666259765625, 896.5], [1823.8333740234375, 989.5], [1951.833251953125, 1032.8333740234375], [2044.5, 1049.5], [2123.833251953125, 1058.8333740234375], [2197.833251953125, 1064.1666259765625], [2275.5, 1062.5]]",
PBX,Right,pbx012v04_r,Landmarked_PBX/marked_tiff/Right/PBX012V04_R_MARK.tif,Landmarked_PBX/txt/Right/PBX012V04_R.txt,Raw_Images/PBX/PBX012V04_R.tif,PBX,36,36,roi,3840,2160,"[[1409.0, 915.0], [1360.8333740234375, 1116.5], [1519.5, 1221.8333740234375], [1720.5, 1207.5], [1856.5, 1207.5], [1961.5, 1224.5], [2061.5, 1240.5], [2119.5, 1246.5], [2185.5, 1254.5], [2255.5, 1259.5], [2365.166748046875, 1227.5], [2469.16650390625, 1160.1666259765625], [2528.5, 1064.8333740234375], [1840.0, 1046.0], [1910.0, 1096.5], [1962.5, 1094.0], [2001.0, 1137.5], [2049.0, 1126.5], [2078.833251953125, 1177.8333740234375], [2128.833251953125, 1141.1666259765625], [2134.166748046875, 1205.8333740234375], [2195.5, 1152.5], [2220.833251953125, 1172.5], [2263.5, 1226.5], [2282.166748046875, 1114.5], [2347.5, 1191.5], [2417.5, 1117.5], [2464.0, 1056.0], [1663.1666259765625, 919.5], [1661.5, 875.8333129882812], [1840.5, 987.5], [1959.5, 1031.5], [2045.0, 1052.5], [2125.166748046875, 1066.5], [2192.166748046875, 1073.1666259765625], [2281.166748046875, 1075.8333740234375]]",
PBX,Right,pbx012v05_r,Landmarked_PBX/marked_tiff/Right/PBX012V05_R_MARK.tif,Landmarked_PBX/txt/Right/PBX012V05_R.txt,Raw_Images/PBX/PBX012V05_R.tif,PBX,36,36,roi,3840,2160,"[[1391.0, 896.0], [1361.5, 1095.5], [1534.5, 1227.5], [1728.8333740234375, 1203.5], [1848.8333740234375, 1203.5], [1958.166748046875, 1214.1666259765625], [2060.5, 1224.5], [2132.5, 1237.5], [2210.5, 1248.5], [2275.5, 1244.5], [2387.5, 1213.5], [2484.83349609375, 1137.8333740234375], [2526.83349609375, 1052.5], [1850.5, 1043.5], [1913.5, 1090.5], [1962.5, 1091.5], [2004.5, 1128.5], [2060.5, 1123.5], [2088.5, 1169.5], [2138.5, 1135.5], [2154.5, 1187.5], [2208.5, 1144.5], [2234.5, 1181.5], [2283.5, 1220.5], [2297.166748046875, 1110.1666259765625], [2361.5, 1178.5], [2436.5, 1100.5], [2471.5, 1044.5], [1661.5, 922.1666870117188], [1660.8333740234375, 866.8333129882812], [1846.1666259765625, 982.1666870117188], [1955.5, 1022.1666870117188], [2054.833251953125, 1044.8333740234375], [2141.166748046875, 1057.1666259765625], [2206.5, 1062.5], [2294.5, 1065.1666259765625]]",
PBX,Right,pbx012v06_r,Landmarked_PBX/marked_tiff/Right/PBX012V06_R_MARK.tif,Landmarked_PBX/txt/Right/PBX012V06_R.txt,Raw_Images/PBX/PBX012V06_R.tif,PBX,36,36,roi,3840,2160,"[[1355.0, 934.0], [1347.8333740234375, 1115.5], [1519.8333740234375, 1199.5], [1768.5, 1166.5], [1892.5, 1175.5], [1989.5, 1193.5], [2081.5, 1204.5], [2157.5, 1209.5], [2231.5, 1217.5], [2300.5, 1214.5], [2401.5, 1182.1666259765625], [2486.83349609375, 1113.5], [2536.16650390625, 1032.1666259765625], [1844.8333740234375, 1046.8333740234375], [1916.166748046875, 1092.8333740234375], [1975.5, 1084.1666259765625], [2006.166748046875, 1130.1666259765625], [2064.166748046875, 1110.1666259765625], [2099.5, 1155.5], [2142.166748046875, 1122.8333740234375], [2174.166748046875, 1167.5], [2212.833251953125, 1129.5], [2247.5, 1153.5], [2299.5, 1185.5], [2298.833251953125, 1098.1666259765625], [2366.5, 1142.5], [2429.5, 1080.5], [2470.0, 1020.0], [1636.1666259765625, 947.5], [1628.1666259765625, 874.1666870117188], [1836.1666259765625, 976.1666870117188], [1966.833251953125, 1013.5], [2055.5, 1030.1666259765625], [2140.166748046875, 1040.8333740234375], [2208.5, 1044.5], [2291.5, 1045.5]]",
PBX,Right,pbx012v10_r,Landmarked_PBX/marked_tiff/Right/PBX012V10_R_MARK.tif,Landmarked_PBX/txt/Right/PBX012V10_R.txt,Raw_Images/PBX/PBX012V10_R.tif,PBX,36,36,roi,3840,2160,"[[1395.5, 895.5], [1327.5, 1107.5], [1496.8333740234375, 1218.1666259765625], [1740.5, 1195.5], [1874.5, 1203.5], [1969.5, 1220.5], [2057.5, 1227.5], [2138.5, 1234.5], [2209.5, 1241.5], [2267.5, 1238.5], [2382.0, 1208.0], [2471.5, 1130.5], [2511.83349609375, 1053.1666259765625], [1857.5, 1063.5], [1916.5, 1113.5], [1965.5, 1102.5], [2006.5, 1139.5], [2060.5, 1125.5], [2080.5, 1182.5], [2138.5, 1141.5], [2151.5, 1199.5], [2202.5, 1146.5], [2231.5, 1166.5], [2275.0, 1212.0], [2287.0, 1112.5], [2350.5, 1168.5], [2407.0, 1101.5], [2440.5, 1045.5], [1702.5, 973.5], [1700.5, 932.5], [1851.0, 1004.5], [1964.0, 1040.0], [2059.0, 1059.0], [2138.166748046875, 1067.5], [2199.5, 1071.1666259765625], [2285.5, 1067.5]]",
PBX,Right,pbx012v14_r,Landmarked_PBX/marked_tiff/Right/PBX012V14_R_MARK.tif,Landmarked_PBX/txt/Right/PBX012V14_R.txt,Raw_Images/PBX/PBX012V14_R.tif,PBX,36,36,roi,3840,2160,"[[1365.0, 945.0], [1324.5, 1126.5], [1482.5, 1216.5], [1744.5, 1186.5], [1853.5, 1191.5], [1969.5, 1205.5], [2048.5, 1216.5], [2128.5, 1229.5], [2195.166748046875, 1236.5], [2261.166748046875, 1236.5], [2375.5, 1207.5], [2474.5, 1141.5], [2527.5, 1055.5], [1830.1666259765625, 1044.5], [1898.833251953125, 1094.5], [1941.5, 1087.1666259765625], [1991.5, 1138.5], [2044.833251953125, 1117.8333740234375], [2080.166748046875, 1166.5], [2123.5, 1131.8333740234375], [2143.5, 1183.8333740234375], [2196.833251953125, 1141.8333740234375], [2226.5, 1167.5], [2270.5, 1211.5], [2274.5, 1110.5], [2354.5, 1174.5], [2428.5, 1109.5], [2474.5, 1044.5], [1629.5, 943.0], [1632.0, 873.5], [1828.5, 979.5], [1937.5, 1012.5], [2039.5, 1038.5], [2121.5, 1049.5], [2194.5, 1055.5], [2268.5, 1061.5]]",
PBX,Right,pbx012v15_r,Landmarked_PBX/marked_tiff/Right/PBX012V15_R_MARK.tif,Landmarked_PBX/txt/Right/PBX012V15_R.txt,Raw_Images/PBX/PBX012V15_R.tif,PBX,36,36,roi,3840,2160,"[[1402.0, 914.0], [1371.5, 1091.5], [1526.5, 1215.5], [1758.1666259765625, 1183.1666259765625], [1878.1666259765625, 1191.1666259765625], [1962.833251953125, 1202.5], [2072.166748046875, 1221.8333740234375], [2136.833251953125, 1220.5], [2208.5, 1228.5], [2272.5, 1226.5], [2375.5, 1198.5], [2460.5, 1135.5], [2508.5, 1050.5], [1868.5, 1053.1666259765625], [1923.166748046875, 1089.1666259765625], [1969.166748046875, 1088.5], [2007.833251953125, 1145.1666259765625], [2055.833251953125, 1117.8333740234375], [2087.833251953125, 1172.5], [2135.833251953125, 1131.8333740234375], [2158.5, 1175.1666259765625], [2207.833251953125, 1129.8333740234375], [2235.833251953125, 1154.5], [2277.5, 1202.5], [2287.166748046875, 1103.1666259765625], [2350.0, 1166.0], [2409.5, 1098.0], [2443.0, 1038.5], [1683.8333740234375, 933.8333129882812], [1685.1666259765625, 891.8333129882812], [1866.8333740234375, 987.5], [1969.5, 1022.5], [2054.166748046875, 1041.5], [2130.166748046875, 1050.8333740234375], [2202.833251953125, 1057.5], [2286.0, 1059.5]]",
PBX,Right,pbx012v18_r,Landmarked_PBX/marked_tiff/Right/PBX012V18_R_MARK.tif,Landmarked_PBX/txt/Right/PBX012V18_R.txt,Raw_Images/PBX/PBX012V18_R.tif,PBX,36,36,roi,3840,2160,"[[1379.0, 869.0], [1349.5, 1144.5], [1517.5, 1232.5], [1748.8333740234375, 1199.1666259765625], [1858.1666259765625, 1201.8333740234375], [1963.5, 1215.1666259765625], [2051.5, 1228.5], [2123.5, 1237.8333740234375], [2204.833251953125, 1245.8333740234375], [2274.166748046875, 1245.8333740234375], [2386.83349609375, 1224.5], [2488.16650390625, 1146.5], [2529.5, 1069.5], [1844.8333740234375, 1051.8333740234375], [1910.166748046875, 1101.1666259765625], [1964.833251953125, 1100.5], [2008.833251953125, 1139.1666259765625], [2057.5, 1118.5], [2080.833251953125, 1172.5], [2132.5, 1143.5], [2153.5, 1187.8333740234375], [2204.166748046875, 1156.5], [2227.5, 1181.8333740234375], [2278.833251953125, 1225.8333740234375], [2288.166748046875, 1126.5], [2360.833251953125, 1187.1666259765625], [2432.83349609375, 1115.8333740234375], [2474.83349609375, 1055.8333740234375], [1651.5, 924.8333129882812], [1650.8333740234375, 874.1666870117188], [1838.8333740234375, 983.5], [1962.166748046875, 1030.8333740234375], [2053.5, 1051.5], [2130.5, 1063.5], [2201.5, 1068.5], [2284.5, 1073.5]]",
PBX,Right,pbx012v19_r,Landmarked_PBX/marked_tiff/Right/PBX012V19_R_MARK.tif,Landmarked_PBX/txt/Right/PBX012V19_R.txt,Raw_Images/PBX/PBX012V19_R.tif,PBX,36,36,roi,3840,2160,"[[1387.0, 929.0], [1328.5, 1108.5], [1449.8333740234375, 1212.5], [1741.5, 1181.5], [1860.5, 1188.5], [1963.5, 1204.5], [2044.5, 1214.5], [2114.5, 1219.5], [2195.5, 1217.5], [2260.5, 1215.5], [2363.5, 1182.0], [2453.5, 1117.5], [2504.5, 1030.0], [1847.5, 1053.5], [1909.0, 1097.0], [1960.5, 1090.5], [1996.5, 1137.0], [2051.0, 1112.0], [2074.5, 1160.0], [2127.5, 1123.5], [2146.166748046875, 1171.1666259765625], [2200.833251953125, 1127.1666259765625], [2223.5, 1150.5], [2267.5, 1187.8333740234375], [2282.166748046875, 1099.1666259765625], [2338.833251953125, 1141.8333740234375], [2396.16650390625, 1081.8333740234375], [2440.16650390625, 1022.5], [1669.0, 959.0], [1666.5, 907.0], [1843.5, 991.5], [1956.5, 1021.0], [2046.5, 1035.0], [2121.166748046875, 1043.5], [2194.833251953125, 1046.1666259765625], [2278.5, 1046.1666259765625]]",
PBX,Right,pbx012v20_r,Landmarked_PBX/marked_tiff/Right/PBX012V20_R_MARK.tif,Landmarked_PBX/txt/Right/PBX012V20_R.txt,Raw_Images/PBX/PBX012V20_R.tif,PBX,36,36,roi,3840,2160,"[[1391.0, 901.0], [1370.5, 1080.5], [1570.5, 1207.5], [1756.1666259765625, 1191.5], [1884.833251953125, 1193.1666259765625], [1986.166748046875, 1205.8333740234375], [2064.166748046875, 1211.1666259765625], [2134.166748046875, 1221.1666259765625], [2208.5, 1225.5], [2277.5, 1219.5], [2385.5, 1185.5], [2470.5, 1116.5], [2519.5, 1033.5], [1849.5, 1044.1666259765625], [1917.5, 1092.1666259765625], [1970.833251953125, 1090.8333740234375], [2008.833251953125, 1129.5], [2056.166748046875, 1112.1666259765625], [2088.833251953125, 1161.5], [2133.5, 1127.0], [2163.5, 1151.5], [2204.166748046875, 1132.1666259765625], [2232.166748046875, 1151.5], [2279.5, 1194.5], [2291.5, 1099.5], [2356.0, 1159.0], [2419.0, 1083.0], [2453.5, 1026.0], [1666.1666259765625, 935.8333129882812], [1664.1666259765625, 878.5], [1848.8333740234375, 980.5], [1965.5, 1017.1666870117188], [2051.5, 1038.5], [2129.0, 1048.5], [2203.5, 1052.5], [2289.5, 1052.0]]",
PBX,Right,pbx012v21_r,Landmarked_PBX/marked_tiff/Right/PBX012V21_R_MARK.tif,Landmarked_PBX/txt/Right/PBX012V21_R.txt,Raw_Images/PBX/PBX012V21_R.tif,PBX,36,36,roi,3840,2160,"[[1385.0, 913.0], [1346.1666259765625, 1058.8333740234375], [1474.1666259765625, 1181.5], [1754.5, 1158.5], [1884.5, 1165.5], [1991.5, 1181.5], [2079.5, 1196.5], [2146.5, 1203.5], [2226.5, 1206.5], [2303.5, 1203.5], [2405.5, 1172.5], [2499.5, 1104.5], [2543.5, 1022.5], [1855.5, 1034.1666259765625], [1922.833251953125, 1084.8333740234375], [1982.833251953125, 1078.8333740234375], [2020.833251953125, 1114.8333740234375], [2072.166748046875, 1102.8333740234375], [2103.5, 1148.8333740234375], [2155.5, 1120.1666259765625], [2170.833251953125, 1165.5], [2228.833251953125, 1124.8333740234375], [2256.166748046875, 1148.8333740234375], [2310.5, 1172.5], [2305.5, 1085.5], [2379.5, 1129.5], [2441.5, 1076.5], [2480.5, 1015.5], [1667.0, 932.5], [1661.5, 852.8333129882812], [1852.8333740234375, 965.5], [1983.0, 1007.0], [2070.0, 1024.0], [2156.0, 1033.0], [2218.0, 1037.0], [2305.5, 1036.5]]",
PBX,Right,pbx012v23_r,Landmarked_PBX/marked_tiff/Right/PBX012V23_R_MARK.tif,Landmarked_PBX/txt/Right/PBX012V23_R.txt,Raw_Images/PBX/PBX012V23_R.tif,PBX,36,36,roi,3840,2160,"[[1386.0, 930.0], [1331.5, 1092.5], [1462.5, 1205.5], [1773.5, 1179.5], [1906.5, 1184.5], [2013.5, 1198.5], [2105.5, 1212.5], [2175.5, 1208.5], [2242.5, 1209.5], [2300.5, 1206.5], [2409.5, 1169.5], [2510.0, 1103.0], [2571.5, 1022.5], [1873.166748046875, 1053.5], [1938.5, 1096.1666259765625], [1994.5, 1092.8333740234375], [2033.166748046875, 1128.8333740234375], [2085.833251953125, 1114.8333740234375], [2116.5, 1157.5], [2165.833251953125, 1120.8333740234375], [2193.833251953125, 1168.8333740234375], [2243.166748046875, 1122.8333740234375], [2264.833251953125, 1153.5], [2304.166748046875, 1182.1666259765625], [2316.166748046875, 1091.5], [2387.5, 1129.5], [2465.5, 1062.1666259765625], [2502.83349609375, 1014.1666870117188], [1672.8333740234375, 952.8333129882812], [1670.1666259765625, 900.1666870117188], [1867.5, 993.5], [1994.166748046875, 1027.5], [2080.833251953125, 1039.5], [2165.5, 1046.5], [2243.5, 1043.5], [2311.5, 1044.5]]",
PBX,Right,pbx012v25_r,Landmarked_PBX/marked_tiff/Right/PBX012V25_R_MARK.tif,Landmarked_PBX/txt/Right/PBX012V25_R.txt,Raw_Images/PBX/PBX012V25_R.tif,PBX,36,36,roi,3840,2160,"[[1415.0, 954.0], [1367.5, 1104.5], [1507.5, 1207.5], [1758.5, 1178.5], [1865.5, 1188.5], [1971.5, 1200.5], [2054.5, 1217.5], [2113.5, 1222.5], [2182.166748046875, 1224.8333740234375], [2246.166748046875, 1226.8333740234375], [2349.833251953125, 1200.5], [2446.5, 1133.1666259765625], [2502.83349609375, 1059.5], [1845.8333740234375, 1057.1666259765625], [1905.166748046875, 1101.1666259765625], [1963.833251953125, 1090.5], [1997.166748046875, 1132.5], [2052.5, 1115.1666259765625], [2072.5, 1160.5], [2123.833251953125, 1133.1666259765625], [2141.5, 1176.5], [2193.5, 1139.5], [2210.5, 1159.5], [2252.833251953125, 1202.5], [2270.166748046875, 1117.8333740234375], [2327.0, 1169.0], [2398.0, 1099.5], [2441.5, 1047.0], [1666.0, 953.5], [1664.0, 893.5], [1843.1666259765625, 989.5], [1964.166748046875, 1028.8333740234375], [2050.5, 1046.5], [2125.5, 1056.8333740234375], [2188.833251953125, 1059.5], [2269.5, 1062.8333740234375]]",
PBX,Right,pbx013v02_r,Landmarked_PBX/marked_tiff/Right/PBX013V02_R_MARK.tif,Landmarked_PBX/txt/Right/PBX013V02_R.txt,Raw_Images/PBX/PBX013V02_R.tif,PBX,36,36,roi,3840,2160,"[[1400.0, 941.0], [1377.5, 1094.5], [1522.5, 1213.5], [1797.8333740234375, 1180.8333740234375], [1912.5, 1190.1666259765625], [2021.833251953125, 1204.8333740234375], [2109.833251953125, 1215.5], [2177.833251953125, 1226.1666259765625], [2259.5, 1236.5], [2321.5, 1234.5], [2420.5, 1200.5], [2504.5, 1135.5], [2558.5, 1054.5], [1881.5, 1052.5], [1934.5, 1105.5], [1996.5, 1098.5], [2031.5, 1136.5], [2095.5, 1121.5], [2124.5, 1166.5], [2173.5, 1135.5], [2212.5, 1160.5], [2241.5, 1143.5], [2271.5, 1157.5], [2323.0, 1204.5], [2330.5, 1110.0], [2398.0, 1167.0], [2463.0, 1105.0], [2489.5, 1046.5], [1679.5, 953.5], [1677.5, 895.5], [1878.8333740234375, 991.5], [1996.833251953125, 1028.5], [2093.5, 1047.8333740234375], [2173.833251953125, 1057.1666259765625], [2243.5, 1060.0], [2330.5, 1059.0]]",
PBX,Right,pbx013v03_r,Landmarked_PBX/marked_tiff/Right/PBX013V03_R_MARK.tif,Landmarked_PBX/txt/Right/PBX013V03_R.txt,Raw_Images/PBX/PBX013V03_R.tif,PBX,36,36,roi,3840,2160,"[[1464.0, 930.0], [1433.5, 1121.5], [1571.5, 1229.5], [1784.5, 1195.5], [1893.5, 1201.5], [1992.5, 1216.5], [2065.5, 1229.5], [2131.5, 1233.5], [2197.5, 1241.5], [2247.5, 1239.5], [2346.5, 1210.5], [2430.5, 1151.5], [2484.5, 1078.5], [1881.8333740234375, 1065.1666259765625], [1927.8333740234375, 1101.8333740234375], [1977.166748046875, 1105.1666259765625], [2010.5, 1135.8333740234375], [2054.5, 1124.5], [2083.166748046875, 1165.1666259765625], [2127.166748046875, 1140.5], [2150.5, 1181.8333740234375], [2191.833251953125, 1148.5], [2213.166748046875, 1168.5], [2255.166748046875, 1214.5], [2272.5, 1123.8333740234375], [2327.5, 1177.5], [2387.0, 1121.0], [2428.0, 1068.0], [1710.1666259765625, 955.5], [1707.1666259765625, 908.5], [1879.25, 1012.5], [1974.25, 1046.75], [2051.75, 1065.0], [2122.5, 1076.0], [2184.25, 1081.25], [2267.5, 1080.5]]",
PBX,Right,pbx013v06_r,Landmarked_PBX/marked_tiff/Right/PBX013V06_R_MARK.tif,Landmarked_PBX/txt/Right/PBX013V06_R.txt,Raw_Images/PBX/PBX013V06_R.tif,PBX,36,36,roi,3840,2160,"[[1388.5, 903.5], [1366.5, 1095.5], [1486.5, 1218.5], [1748.8333740234375, 1177.8333740234375], [1880.833251953125, 1184.5], [1969.5, 1201.8333740234375], [2056.833251953125, 1218.5], [2130.833251953125, 1228.5], [2206.166748046875, 1233.8333740234375], [2272.5, 1231.5], [2375.5, 1203.5], [2466.5, 1135.5], [2508.5, 1051.5], [1845.1666259765625, 1047.5], [1908.833251953125, 1095.1666259765625], [1963.833251953125, 1092.5], [2000.5, 1131.0], [2053.5, 1119.0], [2080.5, 1168.0], [2137.0, 1135.5], [2166.0, 1161.5], [2205.833251953125, 1149.8333740234375], [2229.166748046875, 1169.1666259765625], [2278.5, 1202.5], [2279.166748046875, 1119.8333740234375], [2344.5, 1165.0], [2407.0, 1103.0], [2439.5, 1045.5], [1656.0, 934.0], [1653.0, 876.0], [1842.0, 985.0], [1961.5, 1026.0], [2051.0, 1045.0], [2136.833251953125, 1059.1666259765625], [2206.833251953125, 1062.5], [2279.5, 1064.5]]",
PBX,Right,pbx013v09_r,Landmarked_PBX/marked_tiff/Right/PBX013V09_R_MARK.tif,Landmarked_PBX/txt/Right/PBX013V09_R.txt,Raw_Images/PBX/PBX013V09_R.tif,PBX,36,36,roi,3840,2160,"[[1403.8333740234375, 971.5], [1359.5, 1127.5], [1531.5, 1254.1666259765625], [1719.5, 1218.1666259765625], [1882.166748046875, 1216.8333740234375], [1993.5, 1227.5], [2082.5, 1245.5], [2154.5, 1253.5], [2243.5, 1255.5], [2321.166748046875, 1245.1666259765625], [2409.5, 1216.1666259765625], [2493.5, 1148.8333740234375], [2534.83349609375, 1072.1666259765625], [1861.5, 1066.5], [1930.833251953125, 1111.1666259765625], [1986.833251953125, 1114.5], [2026.833251953125, 1156.5], [2080.833251953125, 1139.8333740234375], [2108.833251953125, 1184.5], [2160.833251953125, 1155.8333740234375], [2187.5, 1193.1666259765625], [2237.5, 1159.1666259765625], [2264.166748046875, 1184.5], [2322.5, 1221.1666259765625], [2326.5, 1134.1666259765625], [2377.0, 1177.5], [2436.5, 1115.5], [2464.5, 1062.5], [1722.1666259765625, 984.5], [1718.5, 922.1666870117188], [1860.8333740234375, 999.1666870117188], [1985.5, 1046.5], [2074.833251953125, 1066.5], [2156.166748046875, 1076.5], [2233.5, 1078.5], [2323.5, 1075.5]]",
PBX,Right,pbx013v11_r,Landmarked_PBX/marked_tiff/Right/PBX013V11_R_MARK.tif,Landmarked_PBX/txt/Right/PBX013V11_R.txt,Raw_Images/PBX/PBX013V11_R.tif,PBX,36,36,roi,3840,2160,"[[1387.0, 910.0], [1347.8333740234375, 1059.5], [1505.1666259765625, 1208.1666259765625], [1748.5, 1170.5], [1861.5, 1176.5], [1971.5, 1189.5], [2046.5, 1204.0], [2117.0, 1215.5], [2194.5, 1224.0], [2263.833251953125, 1225.8333740234375], [2359.5, 1198.5], [2448.0, 1145.0], [2500.0, 1066.5], [1855.5, 1035.5], [1910.0, 1084.0], [1970.5, 1085.5], [2001.0, 1125.5], [2053.5, 1113.5], [2079.5, 1154.0], [2136.5, 1126.5], [2166.5, 1153.1666259765625], [2199.833251953125, 1136.5], [2227.833251953125, 1161.1666259765625], [2269.166748046875, 1199.8333740234375], [2274.5, 1111.8333740234375], [2333.833251953125, 1160.5], [2395.83349609375, 1111.1666259765625], [2443.83349609375, 1052.5], [1664.0, 932.0], [1661.0, 869.5], [1852.8333740234375, 973.8333129882812], [1970.166748046875, 1013.8333129882812], [2052.5, 1032.5], [2133.5, 1045.5], [2201.5, 1053.5], [2272.5, 1060.5]]",
PBX,Right,pbx013v13_r,Landmarked_PBX/marked_tiff/Right/PBX013V13_R_MARK.tif,Landmarked_PBX/txt/Right/PBX013V13_R.txt,Raw_Images/PBX/PBX013V13_R.tif,PBX,36,36,roi,3840,2160,"[[1353.0, 883.0], [1333.5, 1083.5], [1493.5, 1209.5], [1752.1666259765625, 1172.8333740234375], [1876.833251953125, 1179.5], [1982.166748046875, 1190.1666259765625], [2083.5, 1205.5], [2159.5, 1214.5], [2230.5, 1222.5], [2298.5, 1215.5], [2402.5, 1168.5], [2480.5, 1099.5], [2523.5, 1017.5], [1848.5, 1030.1666259765625], [1909.833251953125, 1082.1666259765625], [1961.833251953125, 1072.1666259765625], [1997.833251953125, 1122.1666259765625], [2055.166748046875, 1100.1666259765625], [2094.5, 1148.1666259765625], [2136.5, 1117.5], [2169.166748046875, 1157.5], [2213.833251953125, 1124.1666259765625], [2245.833251953125, 1142.8333740234375], [2296.0, 1185.0], [2304.0, 1082.5], [2372.0, 1134.5], [2428.0, 1066.0], [2461.83349609375, 1009.8333129882812], [1635.5, 917.0], [1630.0, 853.0], [1843.5, 965.5], [1952.166748046875, 1001.5], [2046.166748046875, 1018.8333129882812], [2125.5, 1028.1666259765625], [2200.833251953125, 1033.5], [2297.5, 1032.1666259765625]]",
PBX,Right,pbx013v14_r,Landmarked_PBX/marked_tiff/Right/PBX013V14_R_MARK.tif,Landmarked_PBX/txt/Right/PBX013V14_R.txt,Raw_Images/PBX/PBX013V14_R.tif,PBX,36,36,roi,3840,2160,"[[1355.0, 916.0], [1328.5, 1103.5], [1503.5, 1205.5], [1758.1666259765625, 1171.5], [1876.833251953125, 1188.8333740234375], [1976.833251953125, 1203.5], [2074.166748046875, 1223.5], [2150.166748046875, 1234.1666259765625], [2232.833251953125, 1236.8333740234375], [2300.833251953125, 1230.1666259765625], [2392.83349609375, 1200.1666259765625], [2468.83349609375, 1139.5], [2520.83349609375, 1058.1666259765625], [1855.166748046875, 1055.1666259765625], [1918.5, 1112.5], [1972.5, 1102.5], [2008.5, 1150.5], [2060.5, 1127.5], [2089.5, 1180.5], [2144.5, 1142.5], [2174.5, 1178.5], [2218.5, 1145.5], [2246.5, 1176.5], [2303.166748046875, 1203.1666259765625], [2300.5, 1120.5], [2364.16650390625, 1154.1666259765625], [2413.5, 1100.8333740234375], [2453.5, 1047.5], [1644.8333740234375, 941.1666870117188], [1643.5, 884.1666870117188], [1852.0, 993.0], [1973.166748046875, 1030.1666259765625], [2058.5, 1049.1666259765625], [2137.833251953125, 1058.1666259765625], [2215.5, 1063.25], [2298.0, 1063.0]]",
PBX,Right,pbx013v15_r,Landmarked_PBX/marked_tiff/Right/PBX013V15_R_MARK.tif,Landmarked_PBX/txt/Right/PBX013V15_R.txt,Raw_Images/PBX/PBX013V15_R.tif,PBX,36,36,roi,3840,2160,"[[1384.0, 863.0], [1358.5, 1079.5], [1538.5, 1204.5], [1751.5, 1184.5], [1873.5, 1188.5], [1971.5, 1199.5], [2068.5, 1216.5], [2133.5, 1221.5], [2217.5, 1225.5], [2277.5, 1218.5], [2377.5, 1183.5], [2453.5, 1122.5], [2501.5, 1038.5], [1849.1666259765625, 1038.5], [1913.166748046875, 1083.8333740234375], [1961.166748046875, 1078.5], [1999.166748046875, 1128.5], [2049.166748046875, 1112.5], [2077.833251953125, 1155.8333740234375], [2127.166748046875, 1127.8333740234375], [2152.5, 1162.5], [2192.5, 1133.5], [2225.5, 1156.5], [2276.5, 1195.5], [2277.5, 1102.5], [2340.5, 1151.5], [2404.5, 1086.5], [2441.5, 1032.5], [1659.1666259765625, 908.8333129882812], [1655.8333740234375, 858.8333129882812], [1845.8333740234375, 972.1666870117188], [1950.5, 1012.5], [2043.5, 1033.5], [2121.5, 1044.5], [2188.5, 1047.5], [2269.5, 1049.5]]",
PBX,Right,pbx013v17_r,Landmarked_PBX/marked_tiff/Right/PBX013V17_R_MARK.tif,Landmarked_PBX/txt/Right/PBX013V17_R.txt,Raw_Images/PBX/PBX013V17_R.tif,PBX,36,36,roi,3840,2160,"[[1349.0, 953.0], [1308.5, 1121.5], [1468.5, 1221.5], [1720.5, 1198.5], [1857.5, 1205.5], [1955.5, 1215.5], [2047.5, 1229.5], [2128.5, 1240.5], [2200.5, 1248.5], [2264.5, 1243.5], [2375.5, 1212.5], [2473.0, 1144.0], [2535.0, 1054.0], [1828.5, 1054.8333740234375], [1896.5, 1098.1666259765625], [1951.166748046875, 1097.5], [1991.166748046875, 1143.5], [2044.833251953125, 1123.5], [2078.5, 1168.8333740234375], [2133.833251953125, 1144.1666259765625], [2149.166748046875, 1190.1666259765625], [2200.5, 1148.5], [2228.5, 1176.5], [2275.166748046875, 1218.1666259765625], [2287.833251953125, 1116.5], [2351.83349609375, 1179.5], [2427.83349609375, 1106.8333740234375], [2476.5, 1044.1666259765625], [1652.5, 943.5], [1652.5, 897.5], [1829.5, 991.5], [1950.5, 1033.0], [2045.5, 1053.5], [2130.166748046875, 1063.5], [2201.5, 1067.5], [2286.166748046875, 1067.5]]",
PBX,Right,pbx013v18_r,Landmarked_PBX/marked_tiff/Right/PBX013V18_R_MARK.tif,Landmarked_PBX/txt/Right/PBX013V18_R.txt,Raw_Images/PBX/PBX013V18_R.tif,PBX,36,36,roi,3840,2160,"[[1390.0, 895.0], [1342.5, 1114.5], [1521.5, 1214.5], [1739.5, 1191.5], [1876.5, 1203.5], [1980.5, 1208.5], [2061.5, 1220.5], [2133.5, 1228.5], [2209.5, 1236.5], [2266.5, 1235.5], [2376.5, 1209.5], [2474.5, 1140.5], [2529.5, 1056.5], [1850.5, 1052.5], [1907.5, 1099.0], [1966.0, 1097.5], [2006.5, 1136.0], [2049.5, 1118.0], [2082.5, 1168.5], [2131.5, 1135.0], [2150.833251953125, 1180.5], [2204.833251953125, 1142.5], [2229.166748046875, 1165.1666259765625], [2275.5, 1214.1666259765625], [2285.833251953125, 1124.8333740234375], [2346.166748046875, 1174.5], [2430.5, 1107.5], [2463.16650390625, 1049.5], [1672.0, 941.5], [1669.0, 899.0], [1846.5, 991.5], [1962.0, 1030.0], [2047.0, 1048.5], [2132.0, 1059.5], [2202.5, 1065.0], [2285.833251953125, 1063.8333740234375]]",
PBX,Right,pbx013v19_r,Landmarked_PBX/marked_tiff/Right/PBX013V19_R_MARK.tif,Landmarked_PBX/txt/Right/PBX013V19_R.txt,Raw_Images/PBX/PBX013V19_R.tif,PBX,36,36,roi,3840,2160,"[[1364.0, 892.0], [1306.5, 1106.5], [1465.5, 1225.8333740234375], [1737.5, 1189.5], [1873.5, 1197.5], [1990.5, 1208.5], [2076.5, 1219.5], [2159.5, 1228.5], [2231.5, 1234.8333740234375], [2304.5, 1234.5], [2417.5, 1199.1666259765625], [2502.83349609375, 1133.1666259765625], [2566.16650390625, 1041.8333740234375], [1852.166748046875, 1054.1666259765625], [1920.166748046875, 1104.8333740234375], [1979.5, 1094.8333740234375], [2021.5, 1140.8333740234375], [2080.833251953125, 1115.5], [2105.5, 1171.5], [2165.5, 1132.5], [2192.5, 1179.5], [2239.5, 1139.5], [2267.5, 1163.5], [2307.5, 1204.0], [2322.5, 1109.5], [2381.5, 1158.0], [2443.5, 1092.0], [2491.5, 1033.5], [1651.8333740234375, 938.5], [1648.5, 883.0], [1847.833251953125, 986.1666870117188], [1977.166748046875, 1026.1666259765625], [2078.0, 1041.5], [2166.5, 1050.0], [2239.0, 1053.0], [2320.5, 1051.5]]",
PBX,Right,pbx013v21a_r,Landmarked_PBX/marked_tiff/Right/PBX013V21a_R_MARK.tif,Landmarked_PBX/txt/Right/PBX013V21a_R.txt,Raw_Images/PBX/PBX013V21a_R.tif,PBX,36,36,roi,3840,2160,"[[1383.0, 904.0], [1345.1666259765625, 1077.5], [1501.1666259765625, 1208.1666259765625], [1743.5, 1180.5], [1878.5, 1190.5], [1969.5, 1202.5], [2047.5, 1217.5], [2116.5, 1222.5], [2196.5, 1227.5], [2270.5, 1227.5], [2357.833251953125, 1199.5], [2447.16650390625, 1134.1666259765625], [2500.5, 1050.1666259765625], [1836.1666259765625, 1046.8333740234375], [1894.833251953125, 1084.8333740234375], [1949.5, 1083.5], [1993.5, 1126.1666259765625], [2039.5, 1114.1666259765625], [2064.166748046875, 1160.1666259765625], [2115.5, 1130.5], [2136.5, 1172.5], [2191.5, 1138.5], [2217.5, 1172.5], [2273.5, 1198.5], [2271.5, 1106.5], [2333.0, 1160.5], [2400.5, 1098.5], [2439.5, 1039.5], [1647.8333740234375, 925.8333129882812], [1644.5, 867.8333129882812], [1832.5, 979.8333129882812], [1946.166748046875, 1017.8333129882812], [2031.5, 1036.5], [2108.833251953125, 1048.5], [2184.833251953125, 1056.5], [2272.833251953125, 1057.8333740234375]]",
PBX,Right,pbx013v22_r,Landmarked_PBX/marked_tiff/Right/PBX013V22_R_MARK.tif,Landmarked_PBX/txt/Right/PBX013V22_R.txt,Raw_Images/PBX/PBX013V22_R.tif,PBX,36,36,roi,3840,2160,"[[1392.0, 906.0], [1351.5, 1100.5], [1512.5, 1206.5], [1749.1666259765625, 1179.1666259765625], [1893.166748046875, 1180.5], [1985.5, 1194.5], [2074.5, 1203.5], [2141.5, 1210.5], [2214.5, 1222.5], [2281.5, 1215.5], [2383.5, 1182.5], [2478.5, 1119.5], [2533.5, 1037.5], [1868.0, 1039.0], [1926.0, 1084.0], [1984.5, 1085.0], [2012.5, 1131.5], [2064.5, 1101.5], [2092.5, 1158.5], [2148.5, 1115.5], [2179.5, 1155.5], [2219.5, 1123.5], [2243.5, 1156.5], [2285.5, 1195.5], [2301.5, 1094.5], [2359.5, 1146.5], [2433.5, 1081.0], [2476.0, 1025.0], [1674.8333740234375, 937.5], [1670.8333740234375, 881.5], [1867.5, 978.5], [1984.5, 1012.0], [2065.0, 1026.5], [2147.0, 1036.5], [2219.0, 1042.0], [2297.5, 1043.0]]",
PBX,Right,pbx013v23_r,Landmarked_PBX/marked_tiff/Right/PBX013V23_R_MARK.tif,Landmarked_PBX/txt/Right/PBX013V23_R.txt,Raw_Images/PBX/PBX013V23_R.tif,PBX,36,36,roi,3840,2160,"[[1400.0, 926.0], [1342.5, 1095.5], [1503.8333740234375, 1224.8333740234375], [1717.5, 1189.5], [1870.5, 1189.5], [1960.5, 1201.5], [2039.5, 1216.5], [2110.5, 1216.5], [2178.166748046875, 1226.5], [2259.5, 1228.5], [2364.833251953125, 1203.8333740234375], [2470.16650390625, 1137.1666259765625], [2518.16650390625, 1057.1666259765625], [1833.5, 1047.5], [1893.5, 1099.5], [1948.833251953125, 1092.8333740234375], [1988.166748046875, 1139.5], [2044.166748046875, 1120.1666259765625], [2067.5, 1160.8333740234375], [2125.5, 1133.5], [2138.5, 1180.5], [2191.5, 1140.5], [2220.5, 1172.5], [2261.5, 1206.5], [2268.5, 1109.5], [2335.333251953125, 1166.5], [2403.5, 1102.5], [2448.5, 1047.5], [1647.0, 947.0], [1642.5, 886.0], [1829.5, 985.1666870117188], [1948.25, 1022.0], [2041.5, 1040.5], [2124.0, 1052.5], [2188.5, 1059.5], [2265.5, 1060.5]]",
PBX,Right,rx008v06_r,Landmarked_PBX/marked_tiff/Right/RX008V06_R_MARK.tif,Landmarked_PBX/txt/Right/RX008V06_R.txt,Raw_Images/PBX/RX008V06_R.tif,PBX,36,36,roi,3840,2160,"[[1386.0, 921.0], [1367.5, 1116.5], [1509.5, 1216.5], [1723.5, 1186.1666259765625], [1848.8333740234375, 1186.8333740234375], [1959.5, 1199.5], [2064.166748046875, 1208.8333740234375], [2122.833251953125, 1214.1666259765625], [2193.5, 1222.5], [2256.5, 1221.5], [2372.5, 1198.8333740234375], [2477.16650390625, 1128.1666259765625], [2538.5, 1047.5], [1845.1666259765625, 1032.1666259765625], [1906.5, 1088.1666259765625], [1961.833251953125, 1081.5], [1999.166748046875, 1128.1666259765625], [2053.166748046875, 1108.8333740234375], [2073.833251953125, 1157.5], [2127.166748046875, 1122.1666259765625], [2145.833251953125, 1176.8333740234375], [2198.5, 1130.5], [2221.833251953125, 1162.1666259765625], [2268.5, 1196.0], [2278.5, 1097.5], [2347.833251953125, 1157.8333740234375], [2424.16650390625, 1091.8333740234375], [2468.16650390625, 1035.8333740234375], [1660.0, 930.5], [1658.0, 880.0], [1840.8333740234375, 973.5], [1957.166748046875, 1011.5], [2048.5, 1030.5], [2121.166748046875, 1040.5], [2192.5, 1047.0], [2276.0, 1049.0]]",duplicate_txt_identical
PBX,Right,rx008v07_r,Landmarked_PBX/marked_tiff/Right/RX008V07_R_MARK.tif,Landmarked_PBX/txt/Right/RX008V07_R.txt,Raw_Images/PBX/RX008V07_R.tif,PBX,36,36,roi,3840,2160,"[[1400.0, 900.0], [1364.5, 1107.5], [1522.5, 1213.5], [1748.5, 1190.5], [1858.5, 1204.5], [1975.5, 1221.5], [2068.5, 1232.5], [2131.5, 1247.5], [2212.5, 1254.5], [2273.5, 1256.5], [2385.0, 1226.0], [2481.5, 1164.1666259765625], [2542.83349609375, 1076.1666259765625], [1844.5, 1050.8333740234375], [1912.5, 1099.5], [1974.5, 1100.1666259765625], [2008.5, 1140.8333740234375], [2061.833251953125, 1129.5], [2089.166748046875, 1176.8333740234375], [2137.833251953125, 1148.8333740234375], [2158.5, 1194.8333740234375], [2206.5, 1160.8333740234375], [2235.166748046875, 1184.1666259765625], [2277.833251953125, 1229.5], [2288.5, 1129.5], [2359.5, 1186.0], [2432.5, 1123.0], [2479.5, 1066.5], [1682.1666259765625, 939.8333129882812], [1676.8333740234375, 892.5], [1840.5, 988.8333129882812], [1972.5, 1038.1666259765625], [2058.5, 1058.5], [2133.5, 1069.5], [2201.5, 1074.5], [2284.5, 1079.5]]",duplicate_txt_identical
PBX,Right,rx009v01_r,Landmarked_PBX/marked_tiff/Right/RX009V01_R_MARK.tif,Landmarked_PBX/txt/Right/RX009V01_R.txt,Raw_Images/PBX/RX009V01_R.tif,PBX,36,36,roi,3840,2160,"[[1388.0, 896.0], [1359.5, 1108.5], [1498.5, 1219.5], [1732.1666259765625, 1202.5], [1856.1666259765625, 1205.1666259765625], [1962.833251953125, 1211.8333740234375], [2065.833251953125, 1223.8333740234375], [2133.166748046875, 1224.5], [2207.833251953125, 1235.8333740234375], [2277.166748046875, 1233.5], [2391.16650390625, 1202.8333740234375], [2500.5, 1126.5], [2561.16650390625, 1037.5], [1846.1666259765625, 1042.5], [1911.5, 1093.1666259765625], [1965.5, 1091.8333740234375], [2006.166748046875, 1129.1666259765625], [2058.833251953125, 1114.5], [2088.166748046875, 1162.5], [2136.833251953125, 1128.5], [2148.833251953125, 1190.5], [2204.0, 1135.5], [2231.0, 1176.5], [2280.0, 1207.0], [2294.5, 1103.5], [2370.0, 1170.0], [2449.5, 1092.0], [2488.5, 1028.5], [1659.0, 928.0], [1656.0, 882.5], [1844.5, 984.8333129882812], [1964.166748046875, 1025.1666259765625], [2053.5, 1043.0], [2133.5, 1053.5], [2201.0, 1059.0], [2290.5, 1058.1666259765625]]",duplicate_txt_identical
Parents,Bottom,ll279xll297-1_b03,Landmarked_Parents/marked_tiff/Bottom/LL279xLL297-1_B03_MARK.tif,Landmarked_Parents/txt/Bottom/LL279xLL297-1_B03.txt,Raw_Images/Parents/LL279xLL297-1_B03.tif,Parents,17,17,roi,2560,1920,"[[2134.166748046875, 895.1666870117188], [1802.8333740234375, 891.1666870117188], [1727.8333740234375, 882.8333129882812], [1650.5, 870.8333129882812], [1568.1666259765625, 865.8333129882812], [1788.75, 980.0], [1747.5, 944.5], [1660.5, 950.5], [1679.5, 973.0], [1650.0, 993.0], [1732.0, 1012.0], [1788.5, 1006.8333129882812], [2000.8333740234375, 1130.8333740234375], [1774.1666259765625, 1084.1666259765625], [1702.1666259765625, 1081.5], [1632.5, 1085.5], [1552.5, 1089.5]]",
Parents,Bottom,ll280xll283-1_b07,Landmarked_Parents/marked_tiff/Bottom/LL280xLL283-1_B07_MARK.tif,Landmarked_Parents/txt/Bottom/LL280xLL283-1_B07.txt,Raw_Images/Parents/LL280xLL283-1_B07.tif,Parents,17,17,roi,2560,1920,"[[2051.0, 968.0], [1709.8333740234375, 963.8333129882812], [1625.8333740234375, 961.1666870117188], [1549.8333740234375, 957.1666870117188], [1459.1666259765625, 950.5], [1699.1666259765625, 1083.8333740234375], [1641.8333740234375, 1051.1666259765625], [1565.8333740234375, 1047.1666259765625], [1601.8333740234375, 1082.5], [1559.8333740234375, 1096.5], [1626.5, 1107.5], [1699.875, 1091.375], [1934.8333740234375, 1170.5], [1700.8333740234375, 1167.1666259765625], [1616.1666259765625, 1171.8333740234375], [1534.1666259765625, 1173.8333740234375], [1454.5, 1184.1666259765625]]",
Parents,Bottom,ll280xll284-1_b18,Landmarked_Parents/marked_tiff/Bottom/LL280xLL284-1_B18_MARK.tif,Landmarked_Parents/txt/Bottom/LL280xLL284-1_B18.txt,Raw_Images/Parents/LL280xLL284-1_B18.tif,Parents,17,17,roi,2560,1920,"[[2109.0, 870.0], [1801.5, 855.8333129882812], [1724.8333740234375, 847.1666870117188], [1640.5, 836.1666870117188], [1550.5, 825.5], [1798.5, 950.0], [1744.0, 930.0], [1667.5, 925.5], [1686.0, 945.5], [1665.0, 958.5], [1750.0, 966.0], [1798.9166259765625, 955.5], [1993.5, 1044.5], [1783.5, 1030.0], [1708.5, 1033.1666259765625], [1627.1666259765625, 1036.8333740234375], [1540.5, 1041.1666259765625]]",
Parents,Bottom,ll280xll285-1_b10,Landmarked_Parents/marked_tiff/Bottom/LL280xLL285-1_B10_MARK.tif,Landmarked_Parents/txt/Bottom/LL280xLL285-1_B10.txt,Raw_Images/Parents/LL280xLL285-1_B10.tif,Parents,17,17,roi,2560,1920,"[[2077.0, 968.5], [1735.5, 966.0], [1661.5, 958.5], [1588.0, 947.0], [1495.0, 929.0], [1729.0, 1061.0], [1682.1666259765625, 1037.1666259765625], [1597.8333740234375, 1031.8333740234375], [1620.5, 1053.1666259765625], [1601.1666259765625, 1069.5], [1677.1666259765625, 1082.8333740234375], [1729.5, 1075.5], [1954.5, 1193.5], [1713.1666259765625, 1156.1666259765625], [1645.5, 1148.0], [1568.5, 1153.5], [1483.5, 1157.5]]",
Parents,Bottom,ll280xll288-1_b29,Landmarked_Parents/marked_tiff/Bottom/LL280xLL288-1_B29_MARK.tif,Landmarked_Parents/txt/Bottom/LL280xLL288-1_B29.txt,Raw_Images/Parents/LL280xLL288-1_B29.tif,Parents,17,17,roi,2560,1920,"[[1964.5, 864.0], [1618.1666259765625, 852.1666870117188], [1545.5, 848.1666870117188], [1468.1666259765625, 842.5], [1414.1666259765625, 836.8333129882812], [1603.1666259765625, 944.5], [1520.5, 924.5], [1474.5, 913.1666870117188], [1507.75, 940.0], [1478.0, 958.0], [1540.0, 958.75], [1603.25, 953.25], [1853.8333740234375, 1063.5], [1592.5, 1035.5], [1529.8333740234375, 1037.8333740234375], [1462.75, 1045.5], [1378.8333740234375, 1037.1666259765625]]",
Parents,Bottom,ll280xll297-1_b27,Landmarked_Parents/marked_tiff/Bottom/LL280xLL297-1_B27_MARK.tif,Landmarked_Parents/txt/Bottom/LL280xLL297-1_B27.txt,Raw_Images/Parents/LL280xLL297-1_B27.tif,Parents,17,17,roi,2560,1920,"[[2029.0, 901.0], [1704.0, 893.0], [1614.0, 895.5], [1526.0, 882.0], [1436.5, 880.0], [1712.5, 984.0], [1638.5, 952.0], [1566.5, 947.8333129882812], [1610.5, 975.5], [1569.0, 990.5], [1636.5, 1005.5], [1713.0, 995.3333129882812], [1898.5, 1097.5], [1677.8333740234375, 1065.5], [1611.1666259765625, 1066.1666259765625], [1521.8333740234375, 1068.8333740234375], [1436.5, 1066.5]]",
Parents,Bottom,ll280xll298-1_b22,Landmarked_Parents/marked_tiff/Bottom/LL280xLL298-1_B22_MARK.tif,Landmarked_Parents/txt/Bottom/LL280xLL298-1_B22.txt,Raw_Images/Parents/LL280xLL298-1_B22.tif,Parents,17,17,roi,2560,1920,"[[2093.166748046875, 855.5], [1749.5, 844.0], [1671.5, 834.5], [1589.1666259765625, 826.5], [1502.5, 817.1666870117188], [1752.5, 935.5], [1676.8333740234375, 904.8333129882812], [1600.1666259765625, 900.1666870117188], [1637.8333740234375, 928.5], [1611.1666259765625, 954.5], [1682.5, 960.5], [1754.5, 952.5], [1973.8333740234375, 1037.8333740234375], [1730.5, 1019.5], [1651.5, 1022.5], [1568.8333740234375, 1022.5], [1485.8333740234375, 1035.1666259765625]]",
Parents,Bottom,ll280xlx022-1_b20,Landmarked_Parents/marked_tiff/Bottom/LL280xLX022-1_B20_MARK.tif,Landmarked_Parents/txt/Bottom/LL280xLX022-1_B20.txt,Raw_Images/Parents/LL280xLX022-1_B20.tif,Parents,17,17,roi,2560,1920,"[[2110.5, 898.5], [1746.0, 907.5], [1664.0, 906.0], [1581.0, 902.5], [1499.0, 887.5], [1752.8333740234375, 999.8333129882812], [1682.0, 974.0], [1605.5, 973.0], [1645.0, 1000.5], [1603.8333740234375, 1018.5], [1672.5, 1024.5], [1754.0, 1019.25], [1991.0, 1132.0], [1721.8333740234375, 1089.5], [1649.8333740234375, 1094.1666259765625], [1572.5, 1101.5], [1489.1666259765625, 1105.5]]",
Parents,Bottom,ll282xll255v1-1_b07,Landmarked_Parents/marked_tiff/Bottom/LL282xLL255v1-1_B07_MARK.tif,Landmarked_Parents/txt/Bottom/LL282xLL255v1-1_B07.txt,Raw_Images/Parents/LL282xLL255v1-1_B07.tif,Parents,17,17,roi,2560,1920,"[[2108.0, 947.0], [1784.5, 960.5], [1689.5, 959.5], [1617.5, 945.5], [1529.5, 931.5], [1765.8333740234375, 1068.8333740234375], [1721.5, 1038.5], [1644.5, 1029.0], [1680.0, 1066.5], [1639.1666259765625, 1088.1666259765625], [1718.5, 1089.5], [1766.1666259765625, 1072.6666259765625], [1990.8333740234375, 1133.8333740234375], [1761.5, 1129.8333740234375], [1688.5, 1140.1666259765625], [1605.5, 1141.8333740234375], [1513.5, 1140.5]]",
Parents,Bottom,ll282xll284-1_b23,Landmarked_Parents/marked_tiff/Bottom/LL282xLL284-1_B23_MARK.tif,Landmarked_Parents/txt/Bottom/LL282xLL284-1_B23.txt,Raw_Images/Parents/LL282xLL284-1_B23.tif,Parents,17,17,roi,2560,1920,"[[2154.0, 880.0], [1811.1666259765625, 864.5], [1732.5, 857.8333129882812], [1655.1666259765625, 841.8333129882812], [1565.8333740234375, 830.5], [1817.5, 947.0], [1745.5, 917.0], [1682.5, 907.5], [1694.8333740234375, 935.5], [1678.8333740234375, 965.5], [1748.1666259765625, 973.5], [1819.1666259765625, 966.5], [2039.5, 1080.5], [1792.8333740234375, 1034.5], [1719.5, 1029.1666259765625], [1644.1666259765625, 1039.1666259765625], [1561.5, 1050.5]]",
Parents,Bottom,ll282xll287-1_b04,Landmarked_Parents/marked_tiff/Bottom/LL282xLL287-1_B04_MARK.tif,Landmarked_Parents/txt/Bottom/LL282xLL287-1_B04.txt,Raw_Images/Parents/LL282xLL287-1_B04.tif,Parents,17,17,roi,2560,1920,"[[2167.0, 814.0], [1841.1666259765625, 819.5], [1763.1666259765625, 813.1666870117188], [1677.5, 810.5], [1588.5, 803.5], [1841.3333740234375, 909.8333129882812], [1787.5, 883.0], [1712.0, 889.5], [1747.5, 911.0], [1709.5, 922.0], [1788.5, 929.5], [1841.6666259765625, 919.5], [2026.5, 979.1666870117188], [1829.0, 981.5], [1751.5, 987.5], [1672.5, 998.5], [1583.5, 1006.5]]",
Parents,Bottom,ll282xll427v1-1_b04,Landmarked_Parents/marked_tiff/Bottom/LL282xLL427v1-1_B04_MARK.tif,Landmarked_Parents/txt/Bottom/LL282xLL427v1-1_B04.txt,Raw_Images/Parents/LL282xLL427v1-1_B04.tif,Parents,17,17,roi,2560,1920,"[[2010.0, 828.0], [1680.5, 858.5], [1601.5, 855.5], [1525.5, 849.0], [1456.0, 842.5], [1665.75, 965.25], [1621.8333740234375, 930.5], [1555.1666259765625, 935.8333129882812], [1578.0, 965.5], [1550.5, 993.8333129882812], [1616.5, 1001.5], [1666.5, 980.5], [1897.1666259765625, 1111.8333740234375], [1674.5, 1077.8333740234375], [1593.8333740234375, 1067.1666259765625], [1517.8333740234375, 1070.5], [1448.1666259765625, 1079.8333740234375]]",
Parents,Bottom,ll283xlx024-1_b13,Landmarked_Parents/marked_tiff/Bottom/LL283xLX024-1_B13_MARK.tif,Landmarked_Parents/txt/Bottom/LL283xLX024-1_B13.txt,Raw_Images/Parents/LL283xLX024-1_B13.tif,Parents,17,17,roi,2560,1920,"[[2140.0, 952.0], [1802.1666259765625, 951.8333129882812], [1723.5, 945.1666870117188], [1644.1666259765625, 930.8333129882812], [1553.5, 922.8333129882812], [1819.0, 1043.75], [1740.5, 1015.5], [1662.0, 1012.0], [1687.5, 1042.0], [1648.0, 1059.0], [1717.5, 1063.5], [1819.5, 1059.75], [1992.5, 1127.5], [1771.8333740234375, 1124.1666259765625], [1700.5, 1132.8333740234375], [1620.5, 1133.0], [1532.0, 1142.5]]",
Parents,Bottom,ll285xll286-1_b18,Landmarked_Parents/marked_tiff/Bottom/LL285xLL286-1_B18_MARK.tif,Landmarked_Parents/txt/Bottom/LL285xLL286-1_B18.txt,Raw_Images/Parents/LL285xLL286-1_B18.tif,Parents,17,17,roi,2560,1920,"[[2299.5, 908.5], [2008.1666259765625, 908.5], [1925.5, 899.1666870117188], [1845.5, 884.5], [1757.5, 877.8333129882812], [1988.5, 996.25], [1888.1666259765625, 959.8333129882812], [1806.8333740234375, 959.8333129882812], [1886.8333740234375, 983.8333129882812], [1817.5, 999.8333129882812], [1892.1666259765625, 1007.8333129882812], [1988.5, 997.875], [2166.833251953125, 1085.5], [1986.1666259765625, 1063.5], [1913.5, 1059.5], [1839.5, 1060.8333740234375], [1745.5, 1064.5]]",
Parents,Bottom,ll286xll288-1_b38,Landmarked_Parents/marked_tiff/Bottom/LL286xLL288-1_B38_MARK.tif,Landmarked_Parents/txt/Bottom/LL286xLL288-1_B38.txt,Raw_Images/Parents/LL286xLL288-1_B38.tif,Parents,17,17,roi,2560,1920,"[[2225.0, 916.0], [1885.5, 902.5], [1791.5, 894.5], [1704.5, 883.5], [1620.5, 876.5], [1872.5, 992.0], [1806.0, 953.0], [1729.0, 945.0], [1751.5, 977.0], [1728.5, 1010.5], [1774.5, 1014.5], [1874.1666259765625, 1017.8333129882812], [2091.5, 1136.5], [1827.5, 1087.5], [1770.5, 1077.5], [1699.5, 1086.5], [1607.0, 1088.5]]",
Parents,Bottom,ll286xll288-2_b02,Landmarked_Parents/marked_tiff/Bottom/LL286xLL288-2_B02_MARK.tif,Landmarked_Parents/txt/Bottom/LL286xLL288-2_B02.txt,Raw_Images/Parents/LL286xLL288-2_B02.tif,Parents,17,17,roi,2560,1920,"[[2082.5, 863.5], [1772.0, 860.0], [1692.5, 851.5], [1613.5, 845.5], [1525.0, 834.0], [1777.1666259765625, 945.1666870117188], [1723.5, 909.5], [1646.5, 902.5], [1678.5, 931.5], [1654.5, 951.5], [1728.5, 962.5], [1777.8333740234375, 960.5], [1965.1666259765625, 1074.5], [1753.8333740234375, 1029.1666259765625], [1684.5, 1021.8333129882812], [1605.5, 1030.5], [1517.5, 1029.1666259765625]]",
Parents,Bottom,ll286xlx022-1_b53,Landmarked_Parents/marked_tiff/Bottom/LL286xLX022-1_B53_MARK.tif,Landmarked_Parents/txt/Bottom/LL286xLX022-1_B53.txt,Raw_Images/Parents/LL286xLX022-1_B53.tif,Parents,17,17,roi,2560,1920,"[[2036.0, 924.0], [1680.1666259765625, 917.1666870117188], [1602.8333740234375, 907.8333129882812], [1529.5, 899.1666870117188], [1444.5, 884.5], [1669.5, 1004.0], [1617.5, 972.0], [1542.0, 963.0], [1563.1666259765625, 1000.1666870117188], [1539.5, 1020.5], [1610.5, 1028.1666259765625], [1669.75, 1016.75], [1907.8333740234375, 1105.8333740234375], [1661.1666259765625, 1085.8333740234375], [1587.8333740234375, 1083.1666259765625], [1512.5, 1093.1666259765625], [1428.5, 1093.5]]",
Parents,Bottom,ll287xlx022-1_b24,Landmarked_Parents/marked_tiff/Bottom/LL287xLX022-1_B24_MARK.tif,Landmarked_Parents/txt/Bottom/LL287xLX022-1_B24.txt,Raw_Images/Parents/LL287xLX022-1_B24.tif,Parents,17,17,roi,2560,1920,"[[2099.0, 974.0], [1796.5, 966.1666870117188], [1710.8333740234375, 959.5], [1635.75, 942.25], [1528.1666259765625, 934.1666870117188], [1780.5, 1044.5], [1756.5, 1013.8333129882812], [1687.8333740234375, 1007.8333129882812], [1688.5, 1035.1666259765625], [1686.1666259765625, 1060.5], [1753.5, 1067.8333740234375], [1780.75, 1051.25], [1981.5, 1172.5], [1778.8333740234375, 1124.8333740234375], [1705.5, 1127.5], [1619.8333740234375, 1129.1666259765625], [1521.5, 1128.8333740234375]]",
Parents,Bottom,ll288xll022-1_b38,Landmarked_Parents/marked_tiff/Bottom/LL288xLL022-1_B38_MARK.tif,Landmarked_Parents/txt/Bottom/LL288xLL022-1_B38.txt,Raw_Images/Parents/LL288xLL022-1_B38.tif,Parents,17,17,roi,2560,1920,"[[2025.5, 850.5], [1710.0, 848.5], [1634.5, 843.5], [1543.5, 836.5], [1458.1666259765625, 829.8333129882812], [1693.0, 933.5], [1623.5, 917.8333129882812], [1548.8333740234375, 903.1666870117188], [1618.0, 930.75], [1566.1666259765625, 963.1666870117188], [1617.5, 961.0], [1693.5, 944.25], [1912.5, 1034.0], [1696.5, 1018.5], [1624.5, 1020.5], [1527.1666259765625, 1015.8333129882812], [1440.0, 1022.0]]",
Parents,Bottom,ll288xll255v2-1_b37,Landmarked_Parents/marked_tiff/Bottom/LL288xLL255v2-1_B37_MARK.tif,Landmarked_Parents/txt/Bottom/LL288xLL255v2-1_B37.txt,Raw_Images/Parents/LL288xLL255v2-1_B37.tif,Parents,17,17,roi,2560,1920,"[[2076.166748046875, 948.5], [1714.5, 956.5], [1628.5, 950.5], [1555.5, 939.5], [1462.5, 927.5], [1717.1666259765625, 1047.8333740234375], [1649.8333740234375, 1018.8333129882812], [1563.8333740234375, 1014.1666870117188], [1614.5, 1045.5], [1569.1666259765625, 1060.8333740234375], [1643.8333740234375, 1067.1666259765625], [1717.125, 1056.75], [1957.0, 1148.0], [1701.5, 1125.1666259765625], [1622.5, 1126.8333740234375], [1543.5, 1128.0], [1447.5, 1133.1666259765625]]",
Parents,Bottom,ll288xlx022-2_b01,Landmarked_Parents/marked_tiff/Bottom/LL288xLX022-2_B01_MARK.tif,Landmarked_Parents/txt/Bottom/LL288xLX022-2_B01.txt,Raw_Images/Parents/LL288xLX022-2_B01.tif,Parents,17,17,roi,2560,1920,"[[2022.0, 835.0], [1664.5, 830.1666870117188], [1588.5, 818.1666870117188], [1509.8333740234375, 807.5], [1431.1666259765625, 788.8333129882812], [1659.5, 924.0], [1599.0, 887.5], [1520.5, 886.0], [1558.8333740234375, 919.5], [1519.5, 938.5], [1598.5, 943.5], [1659.625, 930.625], [1909.0, 1013.0], [1657.5, 999.8333129882812], [1579.1666259765625, 999.5], [1503.5, 1002.0], [1418.8333740234375, 1009.8333129882812]]",
Parents,Bottom,ll289xll286-1_b08,Landmarked_Parents/marked_tiff/Bottom/LL289xLL286-1_B08_MARK.tif,Landmarked_Parents/txt/Bottom/LL289xLL286-1_B08.txt,Raw_Images/Parents/LL289xLL286-1_B08.tif,Parents,17,17,roi,2560,1920,"[[2168.166748046875, 863.1666870117188], [1859.1666259765625, 861.5], [1784.5, 860.1666870117188], [1712.5, 854.8333129882812], [1623.8333740234375, 844.1666870117188], [1866.1666259765625, 959.1666870117188], [1806.0, 933.0], [1734.8333740234375, 931.5], [1766.5, 956.5], [1730.25, 972.0], [1805.5, 986.75], [1866.75, 977.5], [2046.8333740234375, 1079.1666259765625], [1839.5, 1047.5], [1774.5, 1054.5], [1699.5, 1058.5], [1601.1666259765625, 1054.8333740234375]]",
Parents,Bottom,ll297xll283-1_b44,Landmarked_Parents/marked_tiff/Bottom/LL297xLL283-1_B44 (1)_MARK.tif,Landmarked_Parents/txt/Bottom/LL297xLL283-1_B44.txt,Raw_Images/Parents/LL297xLL283-1_B44.tif,Parents,17,17,roi,2560,1920,"[[2061.0, 919.0], [1692.5, 918.5], [1631.8333740234375, 908.5], [1557.1666259765625, 890.8333129882812], [1474.5, 881.5], [1686.25, 998.5], [1632.8333740234375, 961.8333129882812], [1556.1666259765625, 960.5], [1590.8333740234375, 987.1666870117188], [1549.5, 1010.5], [1626.1666259765625, 1018.5], [1686.25, 1009.0], [1925.1666259765625, 1128.5], [1681.1666259765625, 1087.8333740234375], [1610.5, 1083.1666259765625], [1537.1666259765625, 1089.1666259765625], [1457.8333740234375, 1096.5]]",
Parents,Bottom,lx024xll247v1-1_b12,Landmarked_Parents/marked_tiff/Bottom/LX024xLL247v1-1_B12_MARK.tif,Landmarked_Parents/txt/Bottom/LX024xLL247v1-1_B12.txt,Raw_Images/Parents/LX024xLL247v1-1_B12.tif,Parents,17,17,roi,2560,1920,"[[2061.166748046875, 812.5], [1771.5, 834.0], [1694.5, 833.5], [1614.8333740234375, 826.5], [1522.0, 819.0], [1761.6666259765625, 934.5], [1730.5, 905.5], [1657.5, 904.5], [1664.5, 934.0], [1660.5, 962.0], [1731.5, 977.0], [1760.8333740234375, 962.5], [1941.5, 1103.5], [1748.1666259765625, 1038.5], [1680.5, 1027.0], [1606.5, 1030.0], [1514.5, 1037.0]]",
Parents,Bottom,lx025xll247v2-1_b08,Landmarked_Parents/marked_tiff/Bottom/LX025xLL247v2-1_B08_MARK.tif,Landmarked_Parents/txt/Bottom/LX025xLL247v2-1_B08.txt,Raw_Images/Parents/LX025xLL247v2-1_B08.tif,Parents,17,17,roi,2560,1920,"[[2062.833251953125, 793.1666870117188], [1722.5, 815.5], [1656.1666259765625, 812.1666870117188], [1582.8333740234375, 808.1666870117188], [1497.5, 796.1666870117188], [1712.1666259765625, 908.1666870117188], [1668.0, 881.5], [1599.5, 876.0], [1632.5, 908.5], [1589.5, 930.5], [1648.5, 933.5], [1712.1666259765625, 924.8333129882812], [1939.0, 1025.5], [1703.0, 992.5], [1640.0, 994.0], [1569.0, 992.0], [1484.0, 997.0]]",
Parents,Bottom,lx028xll255v2-1_b06,Landmarked_Parents/marked_tiff/Bottom/LX028xLL255v2-1_B06_MARK.tif,Landmarked_Parents/txt/Bottom/LX028xLL255v2-1_B06.txt,Raw_Images/Parents/LX028xLL255v2-1_B06.tif,Parents,17,17,roi,2560,1920,"[[2233.0, 886.0], [1969.8333740234375, 908.5], [1905.0, 906.0], [1827.0, 897.5], [1751.5, 881.5], [1964.8333740234375, 1008.0], [1947.5, 976.5], [1880.5, 976.5], [1873.5, 1011.0], [1854.0, 1024.0], [1944.25, 1035.5], [1965.0, 1017.1666870117188], [2111.5, 1094.5], [1955.5, 1077.5], [1872.5, 1084.5], [1813.5, 1085.5], [1715.5, 1085.5]]",
Parents,Bottom,lx028xll258v2-1_b05,Landmarked_Parents/marked_tiff/Bottom/LX028xLL258v2-1_B05_MARK.tif,Landmarked_Parents/txt/Bottom/LX028xLL258v2-1_B05.txt,Raw_Images/Parents/LX028xLL258v2-1_B05.tif,Parents,17,17,roi,2560,1920,"[[2204.0, 936.0], [1881.8333740234375, 947.8333129882812], [1809.1666259765625, 938.5], [1733.8333740234375, 927.1666870117188], [1651.8333740234375, 913.8333129882812], [1888.25, 1042.5], [1845.0, 1010.5], [1770.0, 1014.0], [1784.1666259765625, 1040.1666259765625], [1770.0, 1067.0], [1840.0, 1078.5], [1888.5, 1065.25], [2079.5, 1161.5], [1862.0, 1134.0], [1797.0, 1134.0], [1717.0, 1139.5], [1633.0, 1142.0]]",
Parents,Bottom,lx037xll255v2-1_b04,Landmarked_Parents/marked_tiff/Bottom/LX037xLL255v2-1_B04_MARK.tif,Landmarked_Parents/txt/Bottom/LX037xLL255v2-1_B04.txt,Raw_Images/Parents/LX037xLL255v2-1_B04.tif,Parents,17,17,roi,2560,1920,"[[2079.0, 950.0], [1786.5, 946.8333129882812], [1717.8333740234375, 938.8333129882812], [1638.5, 926.8333129882812], [1555.1666259765625, 916.1666870117188], [1783.25, 1032.25], [1752.5, 1002.5], [1672.5, 1002.1666870117188], [1696.5, 1026.8333740234375], [1673.5, 1049.5], [1748.5, 1061.5], [1784.125, 1047.875], [1959.1666259765625, 1148.1666259765625], [1766.5, 1123.5], [1702.5, 1122.1666259765625], [1632.5, 1126.8333740234375], [1537.5, 1131.5]]",
Parents,Bottom,lx037xll258v2-1_b13,Landmarked_Parents/marked_tiff/Bottom/LX037xLL258v2-1_B13_MARK.tif,Landmarked_Parents/txt/Bottom/LX037xLL258v2-1_B13.txt,Raw_Images/Parents/LX037xLL258v2-1_B13.tif,Parents,17,17,roi,2560,1920,"[[2162.0, 905.0], [1884.8333740234375, 893.1666870117188], [1826.1666259765625, 886.5], [1736.1666259765625, 872.5], [1654.8333740234375, 864.5], [1879.5, 983.8333129882812], [1846.5, 953.5], [1780.8333740234375, 950.5], [1794.5, 975.8333129882812], [1778.1666259765625, 996.5], [1847.8333740234375, 1014.5], [1879.6666259765625, 1001.3333129882812], [2035.8333740234375, 1107.1666259765625], [1862.5, 1073.8333740234375], [1801.1666259765625, 1077.1666259765625], [1727.1666259765625, 1080.5], [1649.8333740234375, 1080.5]]",
Parents,Bottom,np078xnp060v4-1_b38,Landmarked_Parents/marked_tiff/Bottom/NP078xNP060v4-1_B38_MARK.tif,Landmarked_Parents/txt/Bottom/NP078xNP060v4-1_B38.txt,Raw_Images/Parents/NP078xNP060v4-1_B38.tif,Parents,17,17,roi,2560,1920,"[[2059.5, 995.5], [1787.5, 1005.5], [1697.5, 995.5], [1610.5, 983.5], [1524.5, 978.5], [1819.875, 1078.375], [1757.0, 1047.0], [1678.5, 1042.5], [1690.0, 1069.5], [1670.5, 1085.0], [1750.5, 1089.0], [1819.875, 1081.0], [1977.5, 1124.5], [1767.5, 1119.5], [1684.5, 1123.5], [1597.0, 1123.0], [1495.8333740234375, 1124.1666259765625]]",
Parents,Bottom,np081xnp060v4-1_b05,Landmarked_Parents/marked_tiff/Bottom/NP081xNP060v4-1_B05_MARK.tif,Landmarked_Parents/txt/Bottom/NP081xNP060v4-1_B05.txt,Raw_Images/Parents/NP081xNP060v4-1_B05.tif,Parents,17,17,roi,2560,1920,"[[2069.0, 977.0], [1846.5, 986.1666870117188], [1759.8333740234375, 982.8333129882812], [1709.8333740234375, 973.5], [1665.0, 970.0], [1863.5, 1050.6666259765625], [1815.5, 1039.0], [1741.5, 1033.5], [1727.75, 1048.25], [1739.5, 1058.5], [1820.0, 1059.0], [1863.1666259765625, 1056.1666259765625], [1973.8333740234375, 1088.1666259765625], [1842.8333740234375, 1102.5], [1761.8333740234375, 1113.1666259765625], [1717.8333740234375, 1122.5], [1664.5, 1123.8333740234375]]",
Parents,Bottom,np086xpx014-1_b27,Landmarked_Parents/marked_tiff/Bottom/NP086xPX014-1_B27_MARK.tif,Landmarked_Parents/txt/Bottom/NP086xPX014-1_B27.txt,Raw_Images/Parents/NP086xPX014-1_B27.tif,Parents,17,17,roi,2560,1920,"[[2005.0, 972.0], [1740.5, 960.1666870117188], [1649.1666259765625, 948.8333129882812], [1571.1666259765625, 941.5], [1460.5, 935.5], [1756.0, 1027.75], [1710.5, 1004.0], [1613.5, 999.5], [1634.8333740234375, 1016.8333129882812], [1608.1666259765625, 1029.5], [1697.5, 1036.0], [1756.0833740234375, 1032.1666259765625], [1932.5, 1090.5], [1729.1666259765625, 1077.8333740234375], [1639.8333740234375, 1077.1666259765625], [1560.5, 1085.5], [1465.5, 1079.5]]",
Parents,Bottom,np089xnp060v2-1_b01,Landmarked_Parents/marked_tiff/Bottom/NP089xNP060v2-1_B01_MARK.tif,Landmarked_Parents/txt/Bottom/NP089xNP060v2-1_B01.txt,Raw_Images/Parents/NP089xNP060v2-1_B01.tif,Parents,17,17,roi,2560,1920,"[[2029.5, 981.5], [1771.8333740234375, 972.5], [1681.1666259765625, 959.1666870117188], [1579.5, 949.5], [1483.5, 938.5], [1781.5, 1037.1666259765625], [1747.5, 1011.5], [1656.5, 1007.0], [1667.8333740234375, 1027.0], [1643.0, 1037.5], [1739.5, 1046.0], [1781.625, 1041.375], [1935.5, 1111.0], [1756.5, 1087.5], [1668.5, 1089.0], [1575.1666259765625, 1091.1666259765625], [1471.1666259765625, 1091.1666259765625]]",
Parents,Bottom,np091xpx013-1_b08,Landmarked_Parents/marked_tiff/Bottom/NP091xPX013-1_B08_MARK.tif,Landmarked_Parents/txt/Bottom/NP091xPX013-1_B08.txt,Raw_Images/Parents/NP091xPX013-1_B08.tif,Parents,17,17,roi,2560,1920,"[[2056.0, 967.0], [1809.5, 960.1666870117188], [1721.5, 950.5], [1627.5, 939.5], [1527.5, 930.5], [1793.5, 1022.8333129882812], [1760.1666259765625, 1006.1666870117188], [1682.5, 994.5], [1654.0, 1011.5], [1688.5, 1029.5], [1768.1666259765625, 1035.5], [1793.875, 1031.375], [1960.5, 1095.5], [1789.8333740234375, 1075.5], [1708.8333740234375, 1076.8333740234375], [1615.8333740234375, 1079.1666259765625], [1524.1666259765625, 1075.8333740234375]]",
Parents,Bottom,np096xnp081-1_b18,Landmarked_Parents/marked_tiff/Bottom/NP096xNP081-1_B18_MARK.tif,Landmarked_Parents/txt/Bottom/NP096xNP081-1_B18.txt,Raw_Images/Parents/NP096xNP081-1_B18.tif,Parents,17,17,roi,2560,1920,"[[2063.0, 1011.0], [1825.5, 993.1666870117188], [1737.1666259765625, 978.5], [1647.5, 964.1666870117188], [1549.5, 950.1666870117188], [1836.6666259765625, 1055.3333740234375], [1796.0, 1027.5], [1719.5, 1016.0], [1701.0, 1040.5], [1712.5, 1060.0], [1788.0, 1068.0], [1836.625, 1056.5], [1975.1666259765625, 1112.8333740234375], [1806.5, 1099.0], [1726.0, 1100.5], [1635.8333740234375, 1104.1666259765625], [1533.0, 1104.0]]",
Parents,Bottom,np096xnp086-1_b01,Landmarked_Parents/marked_tiff/Bottom/NP096xNP086-1_B01_MARK.tif,Landmarked_Parents/txt/Bottom/NP096xNP086-1_B01.txt,Raw_Images/Parents/NP096xNP086-1_B01.tif,Parents,17,17,roi,2560,1920,"[[2026.0, 1020.0], [1761.0, 1026.0], [1679.5, 1015.0], [1591.0, 997.0], [1485.5, 987.5], [1803.0, 1089.75], [1735.1666259765625, 1065.5], [1659.1666259765625, 1056.5], [1652.25, 1081.75], [1654.5, 1098.5], [1735.0, 1102.5], [1803.0, 1094.75], [1936.5, 1146.25], [1755.0, 1137.5], [1670.5, 1140.5], [1577.1666259765625, 1144.8333740234375], [1478.5, 1139.5]]",
Parents,Bottom,np096xpx013-1_b10,Landmarked_Parents/marked_tiff/Bottom/NP096xPX013-1_B10_MARK.tif,Landmarked_Parents/txt/Bottom/NP096xPX013-1_B10.txt,Raw_Images/Parents/NP096xPX013-1_B10.tif,Parents,17,17,roi,2560,1920,"[[2073.5, 988.5], [1803.5, 980.0], [1720.5, 965.5], [1632.5, 965.5], [1538.5, 955.5], [1844.8333740234375, 1042.8333740234375], [1775.0, 1015.0], [1687.0, 1014.0], [1696.1666259765625, 1032.1666259765625], [1688.5, 1051.5], [1777.0, 1055.0], [1844.875, 1045.375], [1984.1666259765625, 1091.8333740234375], [1794.5, 1086.5], [1710.0, 1095.0], [1624.0, 1102.5], [1522.5, 1107.5]]",
Parents,Bottom,px013xnp060v4-2_b10,Landmarked_Parents/marked_tiff/Bottom/PX013xNP060v4-2_B10_MARK.tif,Landmarked_Parents/txt/Bottom/PX013xNP060v4-2_B10.txt,Raw_Images/Parents/PX013xNP060v4-2_B10.tif,Parents,17,17,roi,2560,1920,"[[2094.0, 1008.0], [1814.8333740234375, 1025.8333740234375], [1722.8333740234375, 1022.5], [1635.1666259765625, 1008.8333129882812], [1538.8333740234375, 998.5], [1828.5, 1095.0], [1784.75, 1069.0], [1692.0, 1069.0], [1690.0, 1091.5], [1697.0, 1110.5], [1787.5, 1116.0], [1828.5833740234375, 1096.6666259765625], [1917.8333740234375, 1130.1666259765625], [1801.8333740234375, 1144.8333740234375], [1718.5, 1149.5], [1624.5, 1150.8333740234375], [1529.5, 1155.5]]",
Parents,Bottom,px013xnp097-1_b07,Landmarked_Parents/marked_tiff/Bottom/PX013xNP097-1_B07_MARK.tif,Landmarked_Parents/txt/Bottom/PX013xNP097-1_B07.txt,Raw_Images/Parents/PX013xNP097-1_B07.tif,Parents,17,17,roi,2560,1920,"[[2048.0, 896.0], [1779.1666259765625, 881.5], [1687.8333740234375, 872.1666870117188], [1591.5, 863.5], [1509.5, 852.5], [1777.3333740234375, 953.5], [1737.0, 926.0], [1650.5, 923.0], [1649.5, 943.5], [1646.0, 962.0], [1735.5, 964.5], [1777.375, 957.75], [1971.5, 1020.5], [1772.5, 1009.5], [1675.5, 1010.5], [1577.5, 1012.5], [1503.0, 1022.0]]",
Parents,Bottom,px013xpx012-1_b00,Landmarked_Parents/marked_tiff/Bottom/PX013xPX012-1_B00_MARK.tif,Landmarked_Parents/txt/Bottom/PX013xPX012-1_B00.txt,Raw_Images/Parents/PX013xPX012-1_B00.tif,Parents,17,17,roi,2560,1920,"[[2032.1666259765625, 940.8333129882812], [1764.5, 936.8333129882812], [1671.1666259765625, 935.5], [1621.0, 937.5], [1572.5, 928.5], [1772.0, 1006.0], [1724.5, 987.5], [1645.8333740234375, 982.1666870117188], [1658.5, 997.0], [1652.5, 1014.1666870117188], [1726.5, 1014.0], [1772.0, 1012.0], [1941.5, 1067.0], [1756.0, 1060.0], [1668.5, 1060.5], [1622.5, 1060.1666259765625], [1584.5, 1061.5]]",
Parents,Bottom,px014xnp012-5_b01,Landmarked_Parents/marked_tiff/Bottom/PX014xNP012-5_B01_MARK.tif,Landmarked_Parents/txt/Bottom/PX014xNP012-5_B01.txt,Raw_Images/Parents/PX014xNP012-5_B01.tif,Parents,17,17,roi,2560,1920,"[[2048.0, 906.0], [1809.5, 896.5], [1724.1666259765625, 886.8333129882812], [1630.8333740234375, 872.1666870117188], [1544.1666259765625, 861.5], [1822.375, 963.375], [1786.5, 938.5], [1700.5, 932.0], [1699.0, 955.0], [1699.0, 970.5], [1780.5, 975.0], [1822.625, 968.0], [1957.5, 1023.5], [1799.8333740234375, 1012.1666870117188], [1716.5, 1017.5], [1618.0, 1019.0], [1520.5, 1022.5]]",
Parents,Bottom,px014xnp060v2-2_b02,Landmarked_Parents/marked_tiff/Bottom/PX014xNP060v2-2_B02_MARK.tif,Landmarked_Parents/txt/Bottom/PX014xNP060v2-2_B02.txt,Raw_Images/Parents/PX014xNP060v2-2_B02.tif,Parents,17,17,roi,2560,1920,"[[2108.166748046875, 986.1666870117188], [1904.1666259765625, 972.8333129882812], [1820.1666259765625, 962.1666870117188], [1721.5, 951.5], [1621.5, 951.5], [1918.375, 1032.125], [1882.0, 1015.5], [1795.5, 1005.0], [1762.1666259765625, 1016.1666870117188], [1808.8333740234375, 1040.8333740234375], [1889.5, 1044.1666259765625], [1918.375, 1033.625], [2030.5, 1113.0], [1899.0, 1088.5], [1815.0, 1086.0], [1720.5, 1090.5], [1625.5, 1085.5]]",
Parents,Bottom,px014xnp060v4-2_b04,Landmarked_Parents/marked_tiff/Bottom/PX014xNP060v4-2_B04_MARK.tif,Landmarked_Parents/txt/Bottom/PX014xNP060v4-2_B04.txt,Raw_Images/Parents/PX014xNP060v4-2_B04.tif,Parents,17,17,roi,2560,1920,"[[2072.5, 1032.5], [1843.1666259765625, 1035.1666259765625], [1749.1666259765625, 1027.1666259765625], [1653.0, 1008.0], [1554.5, 993.5], [1854.5, 1101.5], [1818.1666259765625, 1090.1666259765625], [1723.1666259765625, 1077.8333740234375], [1717.5, 1086.8333740234375], [1727.1666259765625, 1093.5], [1818.1666259765625, 1105.1666259765625], [1854.75, 1105.3333740234375], [1986.8333740234375, 1169.5], [1826.8333740234375, 1154.8333740234375], [1741.8333740234375, 1154.1666259765625], [1647.0, 1156.0], [1554.0, 1163.5]]",
Parents,Bottom,px014xnp068v1-1_b11,Landmarked_Parents/marked_tiff/Bottom/PX014xNP068v1-1_B11_MARK.tif,Landmarked_Parents/txt/Bottom/PX014xNP068v1-1_ B11.txt,Raw_Images/Parents/PX014xNP068v1-1_ B11.tif,Parents,17,17,roi,2560,1920,"[[2003.0, 1022.0], [1738.1666259765625, 1040.8333740234375], [1645.5, 1031.1666259765625], [1556.1666259765625, 1019.1666870117188], [1464.8333740234375, 1008.5], [1739.3333740234375, 1113.0], [1700.5, 1089.5], [1602.0, 1084.0], [1620.5, 1104.5], [1593.5, 1118.5], [1686.0, 1121.0], [1739.3125, 1114.125], [1922.1666259765625, 1167.5], [1720.1666259765625, 1160.8333740234375], [1633.5, 1166.8333740234375], [1536.8333740234375, 1162.1666259765625], [1440.5, 1161.5]]",
Parents,Bottom,px014xnp072-36_b00,Landmarked_Parents/marked_tiff/Bottom/PX014xNP072-36_B00_MARK.tif,Landmarked_Parents/txt/Bottom/PX014xNP072-36_B00.txt,Raw_Images/Parents/PX014xNP072-36_B00.tif,Parents,17,17,roi,2560,1920,"[[2089.5, 921.5], [1832.5, 927.5], [1753.5, 915.5], [1655.5, 911.5], [1562.5, 898.5], [1858.125, 991.625], [1810.5, 971.5], [1719.0, 971.0], [1726.0, 990.0], [1732.0, 1001.0], [1817.5, 1005.0], [1858.25, 997.125], [2010.8333740234375, 1018.8333129882812], [1839.8333740234375, 1035.1666259765625], [1754.1666259765625, 1045.8333740234375], [1662.5, 1048.5], [1556.5, 1050.5]]",
Parents,Bottom,px014xnp072-4_b04,Landmarked_Parents/marked_tiff/Bottom/PX014xNP072-4_B04_MARK.tif,Landmarked_Parents/txt/Bottom/PX014xNP072-4_B04.txt,Raw_Images/Parents/PX014xNP072-4_B04.tif,Parents,17,17,roi,2560,1920,"[[2051.0, 995.0], [1749.5, 1003.1666870117188], [1657.5, 990.5], [1574.8333740234375, 983.1666870117188], [1482.8333740234375, 971.1666870117188], [1759.25, 1075.75], [1714.5, 1049.1666259765625], [1622.5, 1045.1666259765625], [1624.5, 1065.8333740234375], [1629.1666259765625, 1085.1666259765625], [1705.8333740234375, 1084.5], [1759.1666259765625, 1078.5], [1963.0, 1131.5], [1738.5, 1120.5], [1655.1666259765625, 1123.8333740234375], [1564.1666259765625, 1125.1666259765625], [1474.1666259765625, 1124.5]]",
Parents,Left,ll279xll297-1_l04,Landmarked_Parents/marked_tiff/Left Side/LL279xLL297-1_L04_MARK.tif,Landmarked_Parents/txt/Left/LL279xLL297-1_L04.txt,Raw_Images/Parents/LL279xLL297-1_L04.tif,Parents,32,32,roi,2560,1920,"[[2060.0, 750.0], [2062.833251953125, 978.1666870117188], [1821.5, 1078.1666259765625], [1541.5, 1029.5], [1377.5, 1046.5], [1186.5, 1061.5], [1046.5, 1079.5], [950.5, 1090.8333740234375], [861.8333129882812, 1108.1666259765625], [709.5, 1111.5], [625.5, 1037.5], [557.5, 965.5], [492.5, 882.5], [1422.5, 853.5], [1320.5, 919.5], [1241.5, 911.5], [1155.5, 975.1666870117188], [1088.833251953125, 953.8333129882812], [1031.5, 1009.8333740234375], [963.5, 973.8333129882812], [922.1666259765625, 1016.5], [863.5, 992.5], [830.1666259765625, 1039.1666259765625], [759.8333740234375, 947.5], [1692.5, 735.5], [1693.5, 615.5], [1419.5, 753.5], [1237.0, 811.0], [1081.5, 839.5], [957.5, 851.0], [858.5, 859.0], [757.0, 867.5]]",
Parents,Left,ll280xll283-1_l08,Landmarked_Parents/marked_tiff/Left Side/LL280xLL283-1_L08_MARK.tif,Landmarked_Parents/txt/Left/LL280xLL283-1_L08.txt,Raw_Images/Parents/LL280xLL283-1_L08.tif,Parents,32,32,roi,2560,1920,"[[2042.0, 926.0], [2024.16650390625, 1223.5], [1833.5, 1280.8333740234375], [1506.5, 1226.5], [1348.5, 1229.5], [1190.5, 1249.5], [1040.5, 1265.5], [940.8333129882812, 1271.8333740234375], [848.8333129882812, 1293.1666259765625], [670.5, 1288.5], [574.1666870117188, 1215.8333740234375], [489.1666564941406, 1134.5], [426.5, 1055.8333740234375], [1390.5, 1031.5], [1272.5, 1115.5], [1196.5, 1104.5], [1142.5, 1172.5], [1056.5, 1142.5], [1018.5, 1201.5], [945.5, 1160.5], [912.5, 1218.5], [830.5, 1178.5], [803.5, 1227.5], [688.5, 1141.1666259765625], [1654.1666259765625, 916.5], [1649.5, 816.5], [1381.833251953125, 942.5], [1197.833251953125, 998.5], [1057.833251953125, 1018.5], [934.5, 1034.5], [819.1666259765625, 1043.8333740234375], [671.1666870117188, 1054.5]]",
Parents,Left,ll280xll284-1_l16,Landmarked_Parents/marked_tiff/Left Side/LL280xLL284-1_L16_MARK.tif,Landmarked_Parents/txt/Left/LL280xLL284-1_L16.txt,Raw_Images/Parents/LL280xLL284-1_L16.tif,Parents,32,32,roi,2560,1920,"[[2008.5, 807.5], [2019.8333740234375, 1135.8333740234375], [1821.1666259765625, 1235.8333740234375], [1517.5, 1181.5], [1334.5, 1187.5], [1160.8333740234375, 1197.8333740234375], [1022.166748046875, 1199.8333740234375], [924.1666870117188, 1204.5], [831.5, 1230.5], [668.5, 1225.5], [583.5, 1149.1666259765625], [500.8333435058594, 1066.5], [428.5, 967.8333129882812], [1345.5, 957.5], [1250.5, 1039.5], [1175.166748046875, 1023.8333129882812], [1113.166748046875, 1089.1666259765625], [1026.5, 1059.8333740234375], [993.8333740234375, 1125.8333740234375], [910.5, 1079.1666259765625], [886.5, 1143.1666259765625], [808.0, 1096.5], [792.5, 1149.5], [708.5, 1058.5], [1619.5, 823.1666870117188], [1612.5, 745.5], [1343.5, 876.5], [1170.833251953125, 931.5], [1016.166748046875, 955.5], [905.5, 968.8333129882812], [802.8333740234375, 976.8333129882812], [703.5, 976.5]]",
Parents,Left,ll280xll285-1_l12,Landmarked_Parents/marked_tiff/Left Side/LL280xLL285-1_L12_MARK.tif,Landmarked_Parents/txt/Left/LL280xLL285-1_L12.txt,Raw_Images/Parents/LL280xLL285-1_L12.tif,Parents,32,32,roi,2560,1920,"[[2035.0, 842.0], [2043.5, 1012.5], [1799.5, 1210.5], [1546.5, 1163.5], [1392.5, 1168.5], [1229.5, 1178.5], [1096.0, 1191.5], [997.8333129882812, 1196.8333740234375], [909.5, 1212.8333740234375], [818.5, 1218.1666259765625], [690.5, 1173.1666259765625], [595.5, 1086.5], [514.5, 989.5], [1415.5, 948.5], [1317.5, 1025.5], [1244.5, 1022.5], [1187.5, 1074.5], [1116.5, 1055.5], [1066.5, 1115.5], [993.5, 1080.5], [969.5, 1144.5], [901.5, 1094.5], [881.5, 1156.5], [801.1666259765625, 1040.5], [1667.5, 836.5], [1664.8333740234375, 741.8333129882812], [1411.166748046875, 865.5], [1240.166748046875, 919.8333129882812], [1111.5, 943.1666870117188], [981.5, 961.1666870117188], [895.5, 969.8333129882812], [799.1666259765625, 974.5]]",
Parents,Left,ll280xll288-1_l02,Landmarked_Parents/marked_tiff/Left Side/LL280xLL288-1_L02_MARK.tif,Landmarked_Parents/txt/Left/LL280xLL288-1_L02.txt,Raw_Images/Parents/LL280xLL288-1_L02.tif,Parents,32,32,roi,2560,1920,"[[1974.833251953125, 833.8333129882812], [2006.833251953125, 1055.1666259765625], [1780.16650390625, 1255.1666259765625], [1499.5, 1195.5], [1309.5, 1190.5], [1148.5, 1200.5], [1018.5, 1208.5], [936.5, 1211.5], [844.5, 1224.5], [679.5, 1225.5], [591.5, 1166.5], [492.8333435058594, 1088.5], [415.5, 1010.5], [1310.5, 974.5], [1220.1666259765625, 1050.5], [1149.5, 1035.8333740234375], [1076.8333740234375, 1094.5], [1008.1666259765625, 1075.8333740234375], [980.5, 1135.1666259765625], [897.8333740234375, 1093.8333740234375], [891.1666259765625, 1156.5], [804.5, 1107.1666259765625], [795.5, 1160.5], [699.5, 1068.5], [1535.1666259765625, 881.8333129882812], [1529.8333740234375, 775.1666870117188], [1307.5, 893.5], [1147.5, 937.5], [1005.5, 964.5], [899.5, 978.5], [800.1666259765625, 991.1666870117188], [694.5, 996.5]]",
Parents,Left,ll280xll297-1_l13,Landmarked_Parents/marked_tiff/Left Side/LL280xLL297-1_L13_MARK.tif,Landmarked_Parents/txt/Left/LL280xLL297-1_L13.txt,Raw_Images/Parents/LL280xLL297-1_L13.tif,Parents,32,32,roi,2560,1920,"[[1951.5, 784.5], [2015.5, 1050.5], [1795.5, 1170.5], [1533.5, 1115.5], [1358.8333740234375, 1119.5], [1190.8333740234375, 1130.1666259765625], [1036.5, 1141.5], [958.5, 1155.5], [864.5, 1169.5], [694.5, 1171.5], [600.5, 1097.5], [511.5, 1025.5], [431.5, 935.8333129882812], [1353.5, 909.5], [1263.5, 991.5], [1189.5, 979.5], [1125.5, 1035.5], [1045.5, 1013.5], [1013.5, 1071.5], [925.5, 1041.5], [905.5, 1087.5], [827.5, 1055.5], [811.5, 1105.5], [717.5, 1011.5], [1600.5, 798.5], [1596.5, 702.5], [1349.5, 821.5], [1193.5, 873.8333129882812], [1045.5, 903.1666870117188], [918.8333740234375, 919.1666870117188], [813.5, 932.5], [715.5, 933.5]]",
Parents,Left,ll280xll298-1_l24,Landmarked_Parents/marked_tiff/Left Side/LL280xLL298-1_L24_MARK.tif,Landmarked_Parents/txt/Left/LL280xLL298-1_L24.txt,Raw_Images/Parents/LL280xLL298-1_L24.tif,Parents,32,32,roi,2560,1920,"[[1973.83349609375, 755.8333129882812], [2016.5, 1003.8333129882812], [1832.5, 1110.5], [1520.5, 1041.5], [1344.5, 1039.5], [1166.5, 1045.5], [1030.5, 1051.5], [938.5, 1061.5], [836.5, 1073.5], [671.5, 1061.8333740234375], [594.5, 995.5], [516.8333129882812, 913.8333129882812], [442.1666564941406, 827.1666870117188], [1378.1666259765625, 832.5], [1274.1666259765625, 915.1666870117188], [1188.8333740234375, 901.8333129882812], [1126.1666259765625, 960.5], [1044.8333740234375, 933.8333129882812], [1008.8333740234375, 991.1666870117188], [937.5, 947.5], [898.5, 999.5], [830.5, 961.5], [803.5, 1017.5], [721.5, 908.5], [1605.5, 723.5], [1605.5, 643.5], [1378.5, 748.5], [1180.5, 803.5], [1039.5, 829.5], [929.5, 837.5], [823.5, 840.5], [720.5, 838.5]]",
Parents,Left,ll280xlx022-1_l17,Landmarked_Parents/marked_tiff/Left Side/LL280xLX022-1_L17_MARK.tif,Landmarked_Parents/txt/Left/LL280xLX022-1_L17.txt,Raw_Images/Parents/LL280xLX022-1_L17.tif,Parents,32,32,roi,2560,1920,"[[2028.1666259765625, 899.1666870117188], [2057.5, 1156.5], [1847.5, 1298.5], [1557.5, 1223.5], [1367.5, 1233.5], [1208.5, 1252.5], [1068.5, 1274.5], [968.5, 1280.5], [870.5, 1296.5], [692.5, 1294.5], [601.5, 1231.5], [517.5, 1155.5], [441.5, 1065.5], [1395.5, 1019.5], [1290.5, 1103.5], [1213.5, 1096.5], [1151.5, 1158.5], [1068.5, 1137.5], [1035.5, 1195.5], [946.5, 1160.5], [922.5, 1212.5], [853.5, 1179.5], [833.5, 1234.5], [723.5, 1126.5], [1667.1666259765625, 889.8333129882812], [1661.8333740234375, 795.1666870117188], [1392.5, 932.1666870117188], [1205.166748046875, 993.1666870117188], [1061.166748046875, 1025.1666259765625], [941.5, 1041.5], [845.5, 1051.5], [718.5, 1060.5]]",
Parents,Left,ll282xll255v1-1_l11,Landmarked_Parents/marked_tiff/Left Side/LL282xLL255v1-1_L11_MARK.tif,Landmarked_Parents/txt/Left/LL282xLL255v1-1_L11.txt,Raw_Images/Parents/LL282xLL255v1-1_L11.tif,Parents,32,32,roi,2560,1920,"[[1836.0, 901.0], [1913.5, 1122.5], [1739.5, 1232.5], [1457.1666259765625, 1184.8333740234375], [1316.8333740234375, 1184.5], [1141.1666259765625, 1202.1666259765625], [1006.5, 1208.5], [909.5, 1226.8333740234375], [827.5, 1242.1666259765625], [684.5, 1243.5], [606.1666870117188, 1189.8333740234375], [529.8333129882812, 1131.8333740234375], [435.8333435058594, 1065.8333740234375], [1290.166748046875, 1007.5], [1201.5, 1095.5], [1114.166748046875, 1084.1666259765625], [1077.5, 1137.5], [998.5, 1121.5], [969.5, 1171.5], [887.5, 1148.5], [871.5, 1187.5], [798.8333740234375, 1166.5], [789.5, 1211.8333740234375], [696.5, 1117.5], [1508.5, 909.5], [1504.5, 805.5], [1288.5, 927.5], [1109.833251953125, 989.8333129882812], [997.5, 1019.5], [885.1666259765625, 1036.5], [793.5, 1047.5], [693.8333740234375, 1052.1666259765625]]",
Parents,Left,ll282xll284-1_l22,Landmarked_Parents/marked_tiff/Left Side/LL282xLL284-1_L22_MARK.tif,Landmarked_Parents/txt/Left/LL282xLL284-1_L22.txt,Raw_Images/Parents/LL282xLL284-1_L22.tif,Parents,32,32,roi,2560,1920,"[[2004.0, 827.0], [2014.83349609375, 1134.8333740234375], [1829.5, 1236.1666259765625], [1522.1666259765625, 1178.8333740234375], [1352.8333740234375, 1193.5], [1172.5, 1218.5], [1035.5, 1240.5], [936.5, 1252.5], [850.5, 1268.5], [704.1666870117188, 1280.1666259765625], [611.5, 1218.8333740234375], [522.1666870117188, 1148.1666259765625], [439.5, 1058.8333740234375], [1370.833251953125, 980.8333129882812], [1271.833251953125, 1066.1666259765625], [1182.5, 1062.5], [1126.5, 1126.1666259765625], [1049.166748046875, 1108.8333740234375], [1007.5, 1166.5], [922.5, 1135.5], [897.5, 1188.5], [829.5, 1155.5], [808.5, 1207.5], [726.5, 1123.5], [1634.5, 848.5], [1632.5, 753.5], [1370.166748046875, 888.1666870117188], [1178.5, 959.8333129882812], [1044.5, 993.8333129882812], [918.1666259765625, 1017.5], [826.8333740234375, 1030.1666259765625], [724.5, 1040.5]]",
Parents,Left,ll282xll287-1_l00,Landmarked_Parents/marked_tiff/Left Side/LL282xLL287-1_L00_MARK.tif,Landmarked_Parents/txt/Left/LL282xLL287-1_L00.txt,Raw_Images/Parents/LL282xLL287-1_L00.tif,Parents,32,32,roi,2560,1920,"[[1971.0, 908.0], [1961.833251953125, 1167.8333740234375], [1767.5, 1236.5], [1465.1666259765625, 1203.8333740234375], [1303.8333740234375, 1209.1666259765625], [1155.8333740234375, 1227.8333740234375], [1034.1666259765625, 1241.5], [924.8333129882812, 1246.8333740234375], [820.8333129882812, 1261.5], [672.8333129882812, 1268.1666259765625], [586.5, 1203.5], [495.8333435058594, 1120.8333740234375], [423.5, 1039.8333740234375], [1356.5, 1010.5], [1245.5, 1089.5], [1170.5, 1079.5], [1109.5, 1132.5], [1028.5, 1114.5], [986.5, 1174.5], [910.5, 1134.5], [884.5, 1192.5], [815.5, 1151.5], [796.5, 1208.5], [708.5, 1110.1666259765625], [1611.5, 898.5], [1608.5, 804.5], [1353.5, 928.8333129882812], [1166.166748046875, 979.5], [1027.5, 1011.0], [908.0, 1026.5], [813.0, 1035.5], [704.5, 1035.5]]",
Parents,Left,ll282xll297-1_l30,Landmarked_Parents/marked_tiff/Left Side/LL282xLL297-1_L30_MARK.tif,Landmarked_Parents/txt/Left/LL282xLL297-1_L30.txt,Raw_Images/Parents/LL282xLL297-1_L30.tif,Parents,32,32,roi,2560,1920,"[[2070.0, 834.0], [2078.833251953125, 1142.1666259765625], [1865.5, 1241.5], [1577.5, 1171.5], [1408.5, 1181.8333740234375], [1232.5, 1200.5], [1100.1666259765625, 1223.8333740234375], [997.5, 1231.8333740234375], [906.8333129882812, 1247.8333740234375], [773.5, 1255.8333740234375], [676.5, 1204.5], [589.5, 1134.5], [513.5, 1056.5], [1443.5, 965.5], [1343.5, 1044.5], [1267.5, 1036.5], [1197.5, 1099.5], [1122.5, 1086.5], [1077.833251953125, 1151.1666259765625], [997.8333740234375, 1121.8333740234375], [973.8333740234375, 1187.1666259765625], [903.1666259765625, 1137.8333740234375], [879.1666259765625, 1201.8333740234375], [794.5, 1108.5], [1709.5, 846.5], [1709.5, 739.5], [1444.5, 876.5], [1265.5, 941.5], [1121.5, 978.1666870117188], [993.5, 1004.8333740234375], [893.5, 1019.8333740234375], [791.5, 1028.5]]",
Parents,Left,ll282xll427v1-1_l05,Landmarked_Parents/marked_tiff/Left Side/LL282xLL427v1-1_L05_MARK.tif,Landmarked_Parents/txt/Left/LL282xLL427v1-1_L05.txt,Raw_Images/Parents/LL282xLL427v1-1_L05.tif,Parents,32,32,roi,2560,1920,"[[1901.8333740234375, 844.5], [1908.5, 1164.5], [1711.5, 1243.5], [1429.833251953125, 1181.5], [1276.5, 1186.5], [1107.5, 1215.5], [970.5, 1233.1666259765625], [871.1666870117188, 1237.5], [779.8333129882812, 1263.8333740234375], [635.5, 1255.5], [544.5, 1188.5], [466.5, 1118.5], [389.5, 1042.5], [1296.5, 961.5], [1193.833251953125, 1049.5], [1119.166748046875, 1040.1666259765625], [1053.833251953125, 1100.8333740234375], [978.5, 1082.5], [940.5, 1152.5], [862.5, 1108.5], [843.5, 1180.5], [769.5, 1131.5], [748.5, 1192.0], [673.5, 1090.5], [1531.5, 851.5], [1527.5, 751.5], [1297.5, 875.5], [1113.5, 943.5], [972.5, 976.5], [857.5, 997.5], [762.8333740234375, 1013.8333740234375], [671.5, 1022.5]]",
Parents,Left,ll283xlx024-1_l12,Landmarked_Parents/marked_tiff/Left Side/LL283xLX024-1_L12_MARK.tif,Landmarked_Parents/txt/Left/LL283xLX024-1_L12.txt,Raw_Images/Parents/LL283xLX024-1_L12.tif,Parents,32,32,roi,2560,1920,"[[1997.5, 785.5], [2043.5, 1127.5], [1835.5, 1221.5], [1533.5, 1179.5], [1394.8333740234375, 1203.1666259765625], [1222.8333740234375, 1219.1666259765625], [1087.5, 1238.5], [1000.1666870117188, 1249.8333740234375], [910.8333129882812, 1263.1666259765625], [756.5, 1275.5], [662.5, 1212.5], [592.5, 1133.5], [532.5, 1045.5], [1415.5, 986.5], [1309.5, 1058.5], [1240.5, 1049.5], [1177.5, 1109.5], [1102.5, 1087.5], [1065.5, 1170.5], [988.8333740234375, 1142.8333740234375], [968.8333740234375, 1201.5], [896.8333740234375, 1157.5], [875.5, 1198.8333740234375], [738.5, 1122.5], [1682.5, 865.1666870117188], [1682.5, 765.1666870117188], [1409.5, 895.5], [1233.166748046875, 960.5], [1097.166748046875, 997.8333129882812], [983.8333740234375, 1016.5], [889.1666259765625, 1028.5], [736.5, 1033.5]]",
Parents,Left,ll285xll286-1_l16,Landmarked_Parents/marked_tiff/Left Side/LL285xLL286-1_L16_MARK.tif,Landmarked_Parents/txt/Left/LL285xLL286-1_L16.txt,,,32,32,roi,2560,1920,"[[2033.5, 818.8333129882812], [2041.5, 1042.8333740234375], [1790.833251953125, 1194.8333740234375], [1543.5, 1150.5], [1404.5, 1153.5], [1247.5, 1163.5], [1126.5, 1176.5], [1026.5, 1184.5], [942.5, 1195.1666259765625], [818.8333129882812, 1201.8333740234375], [734.1666870117188, 1130.8333740234375], [670.1666870117188, 1057.5], [614.8333129882812, 982.1666870117188], [1437.5, 937.5], [1352.5, 1006.5], [1278.5, 994.5], [1224.5, 1063.5], [1154.5, 1042.5], [1111.5, 1099.5], [1044.0, 1062.5], [1015.5, 1118.0], [959.5, 1076.5], [931.5, 1134.5], [866.5, 1051.5], [1671.5, 793.5], [1672.5, 691.5], [1434.5, 842.5], [1276.5, 902.0], [1150.0, 932.0], [1036.5, 951.5], [952.5, 960.0], [861.5, 963.0]]",no_raw_match
Parents,Left,ll286xll288-1_l42,Landmarked_Parents/marked_tiff/Left Side/LL286xLL288-1_L42_MARK.tif,Landmarked_Parents/txt/Left/LL286xLL288-1_L42.txt,Raw_Images/Parents/LL286xLL288-1_L42.tif,Parents,32,32,roi,2560,1920,"[[2079.5, 854.5], [2068.5, 1100.5], [1863.5, 1205.5], [1586.1666259765625, 1159.1666259765625], [1426.166748046875, 1175.1666259765625], [1235.5, 1207.1666259765625], [1096.5, 1236.5], [985.5, 1244.5], [893.5, 1273.5], [740.8333129882812, 1290.1666259765625], [646.5, 1238.8333740234375], [569.1666870117188, 1166.8333740234375], [491.5, 1085.5], [1433.833251953125, 979.8333129882812], [1337.166748046875, 1063.1666259765625], [1258.5, 1053.5], [1190.5, 1117.5], [1113.166748046875, 1105.5], [1071.166748046875, 1163.5], [995.8333740234375, 1136.8333740234375], [961.1666259765625, 1194.1666259765625], [889.8333740234375, 1164.8333740234375], [863.1666259765625, 1219.5], [771.5, 1122.5], [1711.5, 842.5], [1711.5, 725.5], [1431.5, 874.5], [1256.5, 946.1666870117188], [1109.5, 988.5], [995.5, 1013.5], [887.5, 1031.8333740234375], [767.5, 1046.5]]",
Parents,Left,ll286xll288-2_l01,Landmarked_Parents/marked_tiff/Left Side/LL286xLL288-2_L01_MARK.tif,Landmarked_Parents/txt/Left/LL286xLL288-2_L01.txt,Raw_Images/Parents/LL286xLL288-2_L01.tif,Parents,32,32,roi,2560,1920,"[[1952.5, 795.5], [2021.5, 1102.8333740234375], [1846.83349609375, 1208.1666259765625], [1542.166748046875, 1170.1666259765625], [1359.1666259765625, 1177.1666259765625], [1193.5, 1203.1666259765625], [1058.1666259765625, 1226.5], [957.5, 1235.8333740234375], [855.5, 1258.5], [700.1666870117188, 1272.1666259765625], [617.5, 1222.5], [533.5, 1155.5], [449.5, 1074.5], [1353.5, 980.5], [1256.5, 1059.5], [1191.5, 1055.5], [1123.5, 1117.5], [1053.5, 1113.5], [1017.5, 1171.5], [936.5, 1140.5], [923.5, 1194.5], [832.5, 1162.5], [819.5, 1213.5], [742.5, 1129.5], [1595.5, 758.5], [1599.5, 858.5], [1350.5, 892.5], [1192.166748046875, 954.1666870117188], [1050.833251953125, 990.8333129882812], [931.5, 1016.1666259765625], [823.5, 1031.5], [734.5, 1040.5]]",
Parents,Left,ll286xll297-1_l07,Landmarked_Parents/marked_tiff/Left Side/LL286xLL297-1_L07_MARK.tif,Landmarked_Parents/txt/Left/LL286xLL297-1_L07.txt,Raw_Images/Parents/LL286xLL297-1_L07.tif,Parents,32,32,roi,2560,1920,"[[1977.0, 784.0], [2009.16650390625, 1101.1666259765625], [1831.8333740234375, 1201.1666259765625], [1514.5, 1163.8333740234375], [1372.8333740234375, 1173.8333740234375], [1194.1666259765625, 1203.1666259765625], [1048.8333740234375, 1219.1666259765625], [936.8333129882812, 1229.8333740234375], [846.1666870117188, 1251.1666259765625], [675.5, 1259.5], [586.5, 1190.5], [508.5, 1110.5], [429.5, 1027.5], [1360.833251953125, 953.1666870117188], [1264.833251953125, 1027.8333740234375], [1198.166748046875, 1027.8333740234375], [1128.833251953125, 1091.8333740234375], [1050.166748046875, 1075.8333740234375], [999.5, 1130.5], [924.8333740234375, 1106.5], [890.1666259765625, 1158.5], [815.5, 1123.5], [798.5, 1172.5], [724.5, 1091.5], [1616.5, 811.5], [1613.5, 728.5], [1356.5, 872.8333129882812], [1194.5, 931.5], [1050.5, 968.5], [922.5, 991.5], [811.5, 1004.5], [722.5, 1010.5]]",
Parents,Left,ll286xlx022-1_l15,Landmarked_Parents/marked_tiff/Left Side/LL286xLX022-1_L15_MARK.tif,Landmarked_Parents/txt/Left/LL286xLX022-1_L15.txt,Raw_Images/Parents/LL286xLX022-1_L15.tif,Parents,32,32,roi,2560,1920,"[[2035.5, 906.5], [2038.8333740234375, 1165.1666259765625], [1874.8333740234375, 1255.8333740234375], [1574.833251953125, 1203.8333740234375], [1400.166748046875, 1203.8333740234375], [1234.5, 1220.5], [1081.5, 1238.5], [977.5, 1249.5], [879.5, 1266.5], [730.5, 1274.5], [634.5, 1211.5], [543.5, 1128.5], [484.5, 1052.5], [1410.5, 998.5], [1309.166748046875, 1076.5], [1237.166748046875, 1067.1666259765625], [1165.166748046875, 1132.5], [1087.833251953125, 1117.8333740234375], [1046.5, 1168.5], [975.8333740234375, 1144.5], [939.8333740234375, 1195.1666259765625], [869.1666259765625, 1160.5], [838.5, 1208.5], [773.5, 1114.5], [1653.8333740234375, 896.8333129882812], [1648.5, 787.5], [1407.5, 906.5], [1240.5, 964.5], [1087.5, 997.5], [976.5, 1014.5], [862.5, 1025.5], [772.5, 1033.5]]",
Parents,Left,ll287xlx022-1_l17,Landmarked_Parents/marked_tiff/Left Side/LL287xLX022-1_L17_MARK.tif,Landmarked_Parents/txt/Left/LL287xLX022-1_L17.txt,Raw_Images/Parents/LL287xLX022-1_L17.tif,Parents,32,32,roi,2560,1920,"[[2032.0, 873.0], [2024.5, 1163.5], [1783.5, 1241.5], [1516.5, 1197.5], [1347.5, 1208.5], [1184.5, 1221.5], [1037.5, 1229.5], [934.5, 1236.5], [838.5, 1254.5], [710.1666870117188, 1253.8333740234375], [615.5, 1180.5], [544.8333129882812, 1095.1666259765625], [470.1666564941406, 1000.5], [1384.5, 985.5], [1274.1666259765625, 1057.5], [1206.8333740234375, 1047.1666259765625], [1136.8333740234375, 1107.5], [1060.1666259765625, 1091.1666259765625], [1014.1666259765625, 1152.8333740234375], [943.5, 1109.0], [918.8333740234375, 1179.1666259765625], [844.0, 1119.5], [820.5, 1187.0], [738.5, 1082.5], [1658.5, 867.5], [1657.5, 777.5], [1382.1666259765625, 897.5], [1205.5, 949.5], [1056.5, 974.5], [941.5, 989.5], [840.5, 992.1666870117188], [735.5, 997.5]]",
Parents,Left,ll288xll022-1_l39,Landmarked_Parents/marked_tiff/Left Side/LL288xLL022-1_L39_MARK.tif,Landmarked_Parents/txt/Left/LL288xLL022-1_L39.txt,Raw_Images/Parents/LL288xLL022-1_L39.tif,Parents,32,33,roi,2560,1920,"[[1937.0, 847.0], [1961.5, 1135.5], [1759.8333740234375, 1276.1666259765625], [1464.5, 1224.5], [1304.5, 1223.5], [1140.5, 1235.5], [1007.5, 1246.5], [917.5, 1251.5], [815.5, 1248.8333740234375], [671.5, 1259.5], [575.5, 1185.5], [481.5, 1099.5], [418.1666564941406, 1014.5], [1309.5, 1003.5], [1225.5, 1077.5], [1150.5, 1070.5], [1090.5, 1124.5], [1012.5, 1103.5], [976.5, 1162.5], [898.5, 1120.5], [871.5, 1177.5], [798.5, 1135.5], [777.5, 1182.5], [699.8333740234375, 1113.5], [1575.5, 889.5], [1572.5, 799.5], [1303.5, 933.5], [1147.833251953125, 977.5], [1006.5, 1000.1666870117188], [896.8333740234375, 1012.5], [794.1666259765625, 1018.5], [692.8333740234375, 1019.8333129882812], [369.5, 245.5]]",n_mismatch_roi:33
Parents,Left,ll288xll255v2-1_l32,Landmarked_Parents/marked_tiff/Left Side/LL288xLL255v2-1_L32_MARK.tif,Landmarked_Parents/txt/Left/LL288xLL255v2-1_L32.txt,Raw_Images/Parents/LL288xLL255v2-1_L32.tif,Parents,32,32,roi,2560,1920,"[[2108.0, 886.0], [2110.833251953125, 1168.1666259765625], [1914.83349609375, 1262.8333740234375], [1605.5, 1231.5], [1459.5, 1245.5], [1283.5, 1269.5], [1157.0, 1292.5], [1054.1666259765625, 1298.8333740234375], [962.5, 1313.8333740234375], [812.5, 1333.5], [721.8333129882812, 1273.8333740234375], [643.1666870117188, 1196.5], [567.1666870117188, 1103.1666259765625], [1482.5, 1042.5], [1390.5, 1120.8333740234375], [1319.833251953125, 1110.1666259765625], [1254.5, 1176.8333740234375], [1173.166748046875, 1162.1666259765625], [1131.833251953125, 1223.5], [1060.1666259765625, 1188.5], [1029.5, 1250.1666259765625], [961.5, 1206.1666259765625], [940.8333740234375, 1268.8333740234375], [807.5, 1178.5], [1738.5, 915.5], [1736.5, 821.5], [1477.166748046875, 956.5], [1314.166748046875, 1017.1666870117188], [1163.833251953125, 1052.5], [1058.8333740234375, 1069.1666259765625], [961.8333740234375, 1080.1666259765625], [807.0, 1093.0]]",
Parents,Left,ll288xlx022-2_l02,Landmarked_Parents/marked_tiff/Left Side/LL288xLX022-2_L02_MARK.tif,Landmarked_Parents/txt/Left/LL288xLX022-2_L02.txt,Raw_Images/Parents/LL288xLX022-2_L02.tif,Parents,32,32,roi,2560,1920,"[[1947.0, 887.0], [1927.1666259765625, 1149.5], [1721.8333740234375, 1228.1666259765625], [1432.1666259765625, 1191.1666259765625], [1270.8333740234375, 1196.5], [1104.1666259765625, 1215.1666259765625], [959.0, 1232.5], [871.0, 1250.5], [781.0, 1268.0], [626.5, 1282.1666259765625], [492.83331298828125, 1213.5], [383.5, 1144.1666259765625], [304.5, 1060.5], [1313.5, 1012.5], [1206.166748046875, 1086.5], [1132.166748046875, 1075.8333740234375], [1068.5, 1141.5], [991.0, 1119.0], [951.1666870117188, 1183.8333740234375], [874.8333129882812, 1150.5], [853.5, 1213.5], [778.0, 1168.5], [763.1666259765625, 1223.5], [614.8333740234375, 1132.1666259765625], [1586.1666259765625, 893.5], [1582.8333740234375, 780.1666870117188], [1314.833251953125, 917.1666870117188], [1130.833251953125, 979.1666870117188], [986.5, 1008.5], [871.1666870117188, 1022.5], [772.5, 1033.8333740234375], [614.8333740234375, 1040.8333740234375]]",
Parents,Left,ll289xll286-1_l10,Landmarked_Parents/marked_tiff/Left Side/LL289xLL286-1_L10_MARK.tif,Landmarked_Parents/txt/Left/LL289xLL286-1_L10.txt,Raw_Images/Parents/LL289xLL286-1_L10.tif,Parents,32,32,roi,2560,1920,"[[1979.0, 956.0], [2018.5, 1179.5], [1834.5, 1278.1666259765625], [1489.1666259765625, 1227.5], [1321.1666259765625, 1243.5], [1157.5, 1257.5], [1022.5, 1268.5], [904.5, 1280.5], [818.5, 1297.5], [653.5, 1295.5], [564.8333129882812, 1241.1666259765625], [495.5, 1169.1666259765625], [415.5, 1083.8333740234375], [1337.5, 1032.5], [1237.5, 1109.5], [1160.5, 1100.5], [1094.5, 1158.5], [1017.5, 1146.5], [971.8333129882812, 1198.8333740234375], [890.5, 1165.5], [867.8333740234375, 1220.1666259765625], [793.1666259765625, 1181.5], [775.8333740234375, 1238.8333740234375], [705.1666259765625, 1140.5], [1595.5, 926.5], [1594.5, 815.5], [1333.166748046875, 944.1666870117188], [1156.5, 998.8333129882812], [1014.5, 1030.1666259765625], [883.1666259765625, 1048.8333740234375], [787.8333740234375, 1059.1666259765625], [702.5, 1064.5]]",
Parents,Left,ll297xll283-1_l54,Landmarked_Parents/marked_tiff/Left Side/LL297xLL283-1_L54 (1)_MARK.tif,Landmarked_Parents/txt/Left/LL297xLL283-1_L54.txt,Raw_Images/Parents/LL297xLL283-1_L54.tif,Parents,32,32,roi,2560,1920,"[[2014.5, 951.5], [2050.5, 1208.8333740234375], [1843.83349609375, 1307.5], [1579.5, 1251.5], [1395.5, 1251.5], [1233.5, 1261.1666259765625], [1101.5, 1267.5], [989.5, 1271.5], [907.5, 1290.5], [777.1666870117188, 1291.5], [672.8333129882812, 1222.5], [586.1666870117188, 1138.5], [510.1666564941406, 1042.5], [1420.1666259765625, 1041.5], [1304.5, 1112.5], [1234.5, 1102.5], [1168.5, 1162.5], [1096.5, 1132.5], [1055.5, 1191.5], [979.5, 1151.5], [961.8333740234375, 1218.8333740234375], [887.1666259765625, 1166.1666259765625], [864.5, 1224.1666259765625], [799.5, 1118.5], [1669.5, 924.5], [1668.5, 837.5], [1418.1666259765625, 951.1666870117188], [1234.1666259765625, 1004.8333129882812], [1091.1666259765625, 1027.8333740234375], [977.1666259765625, 1038.5], [885.1666259765625, 1043.8333740234375], [794.1666259765625, 1043.8333740234375]]",
Parents,Left,lx024xll247v1-1_l11,Landmarked_Parents/marked_tiff/Left Side/LX024xLL247v1-1_L11_MARK.tif,Landmarked_Parents/txt/Left/LX024xLL247v1-1_L11.txt,Raw_Images/Parents/LX024xLL247v1-1_L11.tif,Parents,32,32,roi,2560,1920,"[[1930.0, 909.0], [1960.1666259765625, 1160.8333740234375], [1745.5, 1285.1666259765625], [1460.1666259765625, 1235.1666259765625], [1274.8333740234375, 1255.1666259765625], [1105.5, 1283.1666259765625], [969.5, 1303.1666259765625], [855.5, 1321.5], [763.5, 1334.5], [608.5, 1326.5], [529.1666870117188, 1267.1666259765625], [453.1666564941406, 1202.5], [382.0, 1132.5], [1294.166748046875, 1066.5], [1192.5, 1142.0], [1117.0, 1131.0], [1053.833251953125, 1199.8333740234375], [976.0, 1180.5], [941.8333129882812, 1249.1666259765625], [856.0, 1205.5], [829.5, 1269.5], [759.0, 1225.5], [731.5, 1286.5], [664.5, 1192.1666259765625], [1555.5, 956.5], [1551.5, 831.5], [1293.166748046875, 972.5], [1115.166748046875, 1038.5], [974.5, 1075.1666259765625], [853.8333740234375, 1095.5], [757.1666259765625, 1110.1666259765625], [661.1666259765625, 1120.8333740234375]]",
Parents,Left,lx025xll247v2-1_l07,Landmarked_Parents/marked_tiff/Left Side/LX025xLL247v2-1_L07_MARK.tif,Landmarked_Parents/txt/Left/LX025xLL247v2-1_L07.txt,Raw_Images/Parents/LX025xLL247v2-1_L07.tif,Parents,32,32,roi,2560,1920,"[[2004.0, 805.0], [2038.8333740234375, 1085.8333740234375], [1846.8333740234375, 1184.5], [1565.5, 1140.5], [1386.5, 1147.5], [1216.5, 1168.5], [1082.5, 1187.5], [987.5, 1193.5], [892.5, 1208.5], [764.5, 1221.5], [674.5, 1161.5], [594.5, 1089.5], [522.5, 1006.5], [1395.5, 947.5], [1305.5, 1020.5], [1232.5, 1014.5], [1160.5, 1074.5], [1086.5, 1058.1666259765625], [1048.5, 1114.8333740234375], [970.5, 1085.8333740234375], [945.8333740234375, 1130.5], [877.1666259765625, 1105.1666259765625], [859.8333740234375, 1149.1666259765625], [784.5, 1068.5], [1653.1666259765625, 823.5], [1657.1666259765625, 720.5], [1391.0, 858.5], [1225.5, 916.5], [1086.166748046875, 949.8333129882812], [963.5, 965.8333129882812], [870.5, 977.5], [782.5, 984.5]]",
Parents,Left,lx028xll255v2-1_l00,Landmarked_Parents/marked_tiff/Left Side/LX028xLL255v2-1_L00_MARK.tif,Landmarked_Parents/txt/Left/LX028xLL255v2-1_L00.txt,,,32,32,roi,2560,1920,"[[1976.0, 797.0], [2004.5, 1091.1666259765625], [1787.166748046875, 1179.1666259765625], [1509.5, 1148.5], [1327.5, 1150.5], [1154.5, 1166.5], [1014.5, 1173.8333740234375], [909.8333129882812, 1176.5], [823.1666870117188, 1191.1666259765625], [695.5, 1193.0], [602.5, 1137.5], [521.5, 1064.5], [448.5, 987.5], [1337.5, 953.5], [1245.166748046875, 1017.1666870117188], [1165.833251953125, 1009.1666870117188], [1104.166748046875, 1067.8333740234375], [1029.166748046875, 1049.1666259765625], [987.5, 1105.5], [907.1666259765625, 1067.8333740234375], [880.0, 1123.5], [809.5, 1081.5], [783.5, 1134.5], [709.5, 1045.5], [1601.5, 816.5], [1601.5, 725.5], [1336.5, 862.5], [1163.166748046875, 920.5], [1029.5, 945.5], [907.1666259765625, 960.5], [809.8333740234375, 967.1666870117188], [707.5, 967.5]]",no_raw_match
Parents,Left,lx028xll258v2-1_l03,Landmarked_Parents/marked_tiff/Left Side/LX028xLL258v2-1_L03_MARK.tif,Landmarked_Parents/txt/Left/LX028xLL258v2-1_L03.txt,Raw_Images/Parents/LX028xLL258v2-1_L03.tif,Parents,32,32,roi,2560,1920,"[[2030.0, 866.0], [2037.5, 1195.8333740234375], [1824.166748046875, 1277.1666259765625], [1553.1666259765625, 1242.8333740234375], [1366.1666259765625, 1248.8333740234375], [1180.8333740234375, 1269.5], [1040.1666259765625, 1274.1666259765625], [941.8333129882812, 1269.8333740234375], [861.1666870117188, 1285.8333740234375], [736.5, 1294.5], [631.5, 1226.8333740234375], [541.5, 1147.5], [468.8333435058594, 1068.1666259765625], [1380.8333740234375, 1036.5], [1278.8333740234375, 1107.1666259765625], [1206.1666259765625, 1103.8333740234375], [1133.5, 1157.8333740234375], [1063.5, 1142.5], [1013.5, 1203.5], [941.5, 1159.0], [912.5, 1214.5], [844.0, 1177.0], [817.5, 1228.5], [754.5, 1135.5], [1638.5, 916.8333129882812], [1636.5, 819.5], [1376.0, 952.0], [1205.0, 1008.5], [1059.5, 1037.0], [939.5, 1049.8333740234375], [842.1666259765625, 1057.1666259765625], [750.5, 1053.5]]",
Parents,Left,lx037xll255v2-1_l03,Landmarked_Parents/marked_tiff/Left Side/LX037xLL255v2-1_L03_MARK.tif,Landmarked_Parents/txt/Left/LX037xLL255v2-1_L03.txt,Raw_Images/Parents/LX037xLL255v2-1_L03.tif,Parents,32,32,roi,2560,1920,"[[2016.5, 805.5], [2030.833251953125, 1078.1666259765625], [1812.16650390625, 1171.5], [1546.5, 1121.5], [1375.5, 1132.5], [1197.5, 1142.5], [1057.8333740234375, 1152.1666259765625], [950.5, 1156.8333740234375], [856.5, 1172.1666259765625], [746.5, 1179.5], [645.1666870117188, 1111.5], [558.5, 1030.5], [492.5, 943.5], [1383.5, 921.5], [1278.166748046875, 998.8333129882812], [1203.5, 985.5], [1136.833251953125, 1044.1666259765625], [1060.833251953125, 1025.5], [1016.8333129882812, 1082.8333740234375], [926.1666259765625, 1050.8333740234375], [908.8333740234375, 1097.5], [839.5, 1055.5], [819.5, 1110.5], [751.5, 1016.5], [1645.5, 821.5], [1642.5, 713.5], [1382.5, 830.5], [1204.5, 884.5], [1058.5, 913.0], [926.0, 925.5], [840.5, 933.5], [747.5, 935.5]]",
Parents,Left,lx037xll258v2-1_l09,Landmarked_Parents/marked_tiff/Left Side/LX037xLL258v2-1_L09_MARK.tif,Landmarked_Parents/txt/Left/LX037xLL258v2-1_L09.txt,Raw_Images/Parents/LX037xLL258v2-1_L09.tif,Parents,32,32,roi,2560,1920,"[[1933.5, 826.5], [2000.5, 1048.5], [1820.1666259765625, 1211.5], [1517.5, 1155.5], [1332.5, 1160.5], [1153.5, 1172.5], [1018.5, 1177.5], [919.5, 1189.5], [830.5, 1200.5], [687.5, 1196.5], [600.5, 1132.5], [517.5, 1058.5], [445.5, 974.5], [1322.5, 962.5], [1219.5, 1023.5], [1150.5, 1021.5], [1089.5, 1081.5], [1010.5, 1061.5], [975.5, 1113.5], [892.5, 1072.5], [878.5, 1133.5], [800.5, 1087.8333740234375], [791.1666259765625, 1146.5], [708.5, 1033.5], [1568.5, 855.5], [1564.5, 751.1666870117188], [1319.5, 860.5], [1144.0, 912.5], [1006.5, 935.0], [885.5, 951.0], [794.5, 958.0], [705.8333740234375, 959.8333129882812]]",
Parents,Left,np078xnp060v4-1_l45,Landmarked_Parents/marked_tiff/Left Side/NP078xNP060v4-1_L45_MARK.tif,Landmarked_Parents/txt/Left/NP078xNP060v4-1_L45.txt,Raw_Images/Parents/NP078xNP060v4-1_L45.tif,Parents,32,32,roi,2560,1920,"[[1901.0, 816.0], [1977.5, 1046.5], [1821.5, 1202.5], [1398.5, 1142.5], [1233.8333740234375, 1170.1666259765625], [1111.1666259765625, 1190.1666259765625], [993.8333129882812, 1204.8333740234375], [891.5, 1220.5], [803.5, 1229.5], [718.5, 1215.5], [636.1666870117188, 1158.8333740234375], [565.5, 1094.5], [504.5, 1006.5], [1284.5, 1002.8333129882812], [1195.166748046875, 1069.5], [1135.166748046875, 1062.8333740234375], [1079.166748046875, 1121.5], [1007.1666259765625, 1098.8333740234375], [980.5, 1165.5], [901.8333740234375, 1122.8333740234375], [876.5, 1168.1666259765625], [808.5, 1134.8333740234375], [781.8333740234375, 1172.1666259765625], [687.5, 1093.5], [1530.5, 873.5], [1528.5, 781.5], [1282.0, 917.5], [1132.5, 965.1666870117188], [1000.5, 991.0], [900.0, 1004.0], [798.5, 1011.5], [679.0, 1014.5]]",
Parents,Left,np081xnp060v4-1_l09,Landmarked_Parents/marked_tiff/Left Side/NP081xNP060v4-1_L09_MARK.tif,Landmarked_Parents/txt/Left/NP081xNP060v4-1_L09.txt,Raw_Images/Parents/NP081xNP060v4-1_L09.tif,Parents,32,32,roi,2560,1920,"[[1871.5, 922.5], [1954.5, 1126.5], [1806.5, 1255.8333740234375], [1406.166748046875, 1207.5], [1236.833251953125, 1221.1666259765625], [1112.5, 1246.1666259765625], [991.8333740234375, 1261.5], [902.5, 1272.1666259765625], [787.1666870117188, 1272.1666259765625], [703.8333129882812, 1247.1666259765625], [639.8333129882812, 1189.8333740234375], [580.5, 1115.5], [539.5, 1029.1666259765625], [1283.166748046875, 1071.8333740234375], [1203.166748046875, 1157.1666259765625], [1133.0, 1123.5], [1073.0, 1170.5], [1005.5, 1158.5], [974.8333740234375, 1208.8333740234375], [890.1666259765625, 1175.5], [874.8333740234375, 1223.5], [798.5, 1175.5], [772.5, 1210.5], [744.1666870117188, 1134.5], [1524.5, 941.5], [1525.5, 865.5], [1286.5, 981.5], [1129.5, 1020.5], [1001.5, 1039.5], [889.5, 1049.5], [796.5, 1050.5], [743.1666870117188, 1048.8333740234375]]",
Parents,Left,np086xpx014-1_l30,Landmarked_Parents/marked_tiff/Left Side/NP086xPX014-1_L30_MARK.tif,Landmarked_Parents/txt/Left/NP086xPX014-1_L30.txt,Raw_Images/Parents/NP086xPX014-1_L30.tif,Parents,32,32,roi,2560,1920,"[[1916.0, 838.0], [1977.166748046875, 1043.5], [1833.1666259765625, 1226.1666259765625], [1445.5, 1193.5], [1297.5, 1210.5], [1167.5, 1233.0], [1064.5, 1249.0], [970.5, 1258.0], [868.0, 1270.5], [778.5, 1258.5], [699.5, 1208.5], [629.5, 1135.5], [577.5, 1053.5], [1331.5, 1044.5], [1255.5, 1111.5], [1189.5, 1105.5], [1143.5, 1166.5], [1067.5, 1139.5], [1045.5, 1200.5], [966.0, 1156.5], [951.5, 1216.5], [876.0, 1173.0], [841.0, 1193.0], [748.5, 1134.5], [1575.5, 906.5], [1575.5, 832.5], [1328.0, 969.5], [1185.5, 1015.5], [1062.0, 1043.5], [962.5, 1053.5], [874.5, 1059.0], [744.5, 1060.5]]",
Parents,Left,np089xnp060v2-1_l05,Landmarked_Parents/marked_tiff/Left Side/NP089xNP060v2-1_L05_MARK.tif,Landmarked_Parents/txt/Left/NP089xNP060v2-1_L05.txt,Raw_Images/Parents/NP089xNP060v2-1_L05.tif,Parents,32,32,roi,2560,1920,"[[1835.0, 838.0], [1923.5, 1092.5], [1746.5, 1239.5], [1373.5, 1204.5], [1200.5, 1216.5], [1061.5, 1249.5], [945.5, 1263.5], [849.5, 1271.5], [747.5, 1279.5], [652.5, 1260.5], [578.5, 1205.5], [503.5, 1124.1666259765625], [452.8333435058594, 1041.5], [1237.5, 1060.5], [1153.5, 1124.1666259765625], [1089.5, 1112.8333740234375], [1036.1666259765625, 1180.1666259765625], [956.1666259765625, 1148.1666259765625], [925.5, 1220.1666259765625], [846.8333740234375, 1164.1666259765625], [821.5, 1224.1666259765625], [753.5, 1172.1666259765625], [729.5, 1222.8333740234375], [635.5, 1137.5], [1477.5, 947.5], [1478.5, 853.5], [1237.8333740234375, 978.8333129882812], [1087.8333740234375, 1022.8333129882812], [952.5, 1042.8333740234375], [840.5, 1052.8333740234375], [751.8333740234375, 1054.8333740234375], [632.5, 1052.5]]",
Parents,Left,np091xpx013-1_l13,Landmarked_Parents/marked_tiff/Left Side/NP091xPX013-1_L13_MARK.tif,Landmarked_Parents/txt/Left/NP091xPX013-1_L13.txt,Raw_Images/Parents/NP091xPX013-1_L13.tif,Parents,32,32,roi,2560,1920,"[[1915.833251953125, 854.8333129882812], [2003.5, 1105.0], [1853.5, 1239.1666259765625], [1477.5, 1195.5], [1311.5, 1211.5], [1178.5, 1232.5], [1063.5, 1247.5], [964.1666870117188, 1256.5], [862.8333129882812, 1261.8333740234375], [785.5, 1248.5], [711.5, 1195.5], [649.5, 1129.5], [597.5, 1050.5], [1341.5, 1050.5], [1257.5, 1115.5], [1192.5, 1110.5], [1140.5, 1159.5], [1067.5, 1141.5], [1041.5, 1202.5], [960.5, 1157.5], [939.8333740234375, 1211.5], [866.5, 1167.5], [837.8333129882812, 1199.5], [819.5, 1133.5], [1578.5, 929.5], [1576.5, 847.5], [1338.0, 968.0], [1190.5, 1014.5], [1066.1666259765625, 1037.1666259765625], [954.8333740234375, 1049.1666259765625], [861.5, 1054.5], [817.5, 1053.5]]",
Parents,Left,np096xnp081-1_l24,Landmarked_Parents/marked_tiff/Left Side/NP096xNP081-1_L24_MARK.tif,Landmarked_Parents/txt/Left/NP096xNP081-1_L24.txt,Raw_Images/Parents/NP096xNP081-1_L24.tif,Parents,32,32,roi,2560,1920,"[[1809.0, 867.0], [1905.83349609375, 1124.1666259765625], [1755.166748046875, 1264.1666259765625], [1398.5, 1218.1666259765625], [1234.5, 1224.8333740234375], [1097.1666259765625, 1247.5], [978.5, 1274.1666259765625], [873.1666870117188, 1286.1666259765625], [779.1666870117188, 1296.8333740234375], [695.1666870117188, 1290.1666259765625], [615.1666870117188, 1233.5], [541.1666870117188, 1162.8333740234375], [477.1666564941406, 1076.8333740234375], [1249.5, 1057.5], [1170.5, 1120.1666259765625], [1110.5, 1119.5], [1058.5, 1174.5], [984.5, 1154.5], [960.5, 1220.5], [878.5, 1179.5], [847.5, 1221.5], [781.5, 1195.5], [751.5, 1226.5], [727.5, 1147.5], [1495.5, 923.5], [1493.5, 834.5], [1249.5, 971.5], [1113.1666259765625, 1019.1666870117188], [982.5, 1048.5], [875.8333740234375, 1064.5], [783.1666259765625, 1072.5], [724.5, 1071.5]]",
Parents,Left,np096xnp086-1_l08,Landmarked_Parents/marked_tiff/Left Side/NP096xNP086-1_L08_MARK.tif,Landmarked_Parents/txt/Left/NP096xNP086-1_L08.txt,Raw_Images/Parents/NP096xNP086-1_L08.tif,Parents,32,32,roi,2560,1920,"[[1917.0, 874.0], [1976.5, 1081.5], [1833.5, 1264.5], [1410.5, 1215.5], [1234.5, 1228.5], [1105.5, 1248.5], [1000.1666870117188, 1264.5], [904.1666870117188, 1267.1666259765625], [804.1666870117188, 1277.8333740234375], [717.5, 1268.5], [636.8333129882812, 1206.5], [566.1666870117188, 1135.1666259765625], [514.1666870117188, 1052.5], [1289.5, 1069.5], [1197.5, 1130.5], [1138.5, 1126.5], [1083.5, 1176.5], [1014.5, 1151.5], [981.5, 1212.5], [902.5, 1172.1666259765625], [881.1666259765625, 1222.5], [809.8333740234375, 1183.1666259765625], [779.8333740234375, 1211.1666259765625], [700.5, 1140.5], [1532.5, 940.5], [1529.833251953125, 850.1666870117188], [1289.166748046875, 977.5], [1137.5, 1022.5], [1014.1666259765625, 1045.8333740234375], [898.1666259765625, 1057.1666259765625], [806.1666259765625, 1059.8333740234375], [698.5, 1056.5]]",
Parents,Left,np096xpx013-1_l14,Landmarked_Parents/marked_tiff/Left Side/NP096xPX013-1_L14_MARK.tif,Landmarked_Parents/txt/Left/NP096xPX013-1_L14.txt,Raw_Images/Parents/NP096xPX013-1_L14.tif,Parents,32,32,roi,2560,1920,"[[1903.0, 868.0], [1992.5, 1057.1666259765625], [1831.1666259765625, 1229.1666259765625], [1433.5, 1212.5], [1266.5, 1231.5], [1148.5, 1254.5], [1045.5, 1274.5], [955.5, 1286.5], [857.5, 1304.5], [770.5, 1296.8333740234375], [683.5, 1247.5], [607.5, 1170.5], [549.5, 1081.5], [1311.5, 1072.5], [1226.166748046875, 1141.8333740234375], [1164.833251953125, 1132.8333740234375], [1114.833251953125, 1188.1666259765625], [1044.1666259765625, 1170.1666259765625], [1019.5, 1225.8333740234375], [941.5, 1190.8333740234375], [924.1666259765625, 1234.1666259765625], [846.1666259765625, 1203.1666259765625], [822.1666259765625, 1236.8333740234375], [733.1666870117188, 1176.5], [1513.166748046875, 973.5], [1514.5, 862.8333129882812], [1312.833251953125, 981.1666870117188], [1162.5, 1034.8333740234375], [1043.8333740234375, 1064.1666259765625], [938.5, 1078.5], [842.5, 1085.5], [733.1666870117188, 1085.5]]",
Parents,Left,np096xpx013-2_l07,Landmarked_Parents/marked_tiff/Left Side/NP096xPX013-2_L07_MARK.tif,Landmarked_Parents/txt/Left/NP096xPX013-2_L07.txt,Raw_Images/Parents/NP096xPX013-2_L07.tif,Parents,32,32,roi,2560,1920,"[[1884.0, 827.0], [1953.166748046875, 1095.8333740234375], [1797.16650390625, 1242.5], [1383.5, 1219.5], [1230.5, 1235.5], [1092.5, 1258.5], [976.8333129882812, 1282.5], [874.1666870117188, 1291.8333740234375], [779.5, 1298.5], [697.8333129882812, 1293.8333740234375], [613.5, 1233.8333740234375], [535.5, 1153.1666259765625], [487.8333435058594, 1065.1666259765625], [1274.5, 1070.5], [1185.5, 1126.5], [1110.5, 1122.5], [1059.5, 1173.5], [992.5, 1154.5], [953.5, 1213.5], [883.5, 1178.5], [838.5, 1215.5], [789.8333740234375, 1196.8333740234375], [755.1666259765625, 1214.1666259765625], [739.5, 1140.5], [1522.5, 910.5], [1521.5, 847.5], [1277.5, 984.1666870117188], [1110.1666259765625, 1035.1666259765625], [993.5, 1057.8333740234375], [885.5, 1069.8333740234375], [787.5, 1074.1666259765625], [737.5, 1072.5]]",
Parents,Left,px013xnp060v4-2_l15,Landmarked_Parents/marked_tiff/Left Side/PX013xNP060v4-2_L15_MARK.tif,Landmarked_Parents/txt/Left/PX013xNP060v4-2_L15.txt,Raw_Images/Parents/PX013xNP060v4-2_L15.tif,Parents,32,32,roi,2560,1920,"[[1920.166748046875, 772.8333129882812], [1997.5, 992.8333129882812], [1821.5, 1148.8333740234375], [1437.5, 1126.5], [1277.5, 1157.5], [1145.5, 1182.5], [1025.5, 1194.5], [927.1666870117188, 1209.5], [819.1666870117188, 1217.5], [750.5, 1206.5], [694.0, 1156.5], [645.5, 1113.0], [605.0, 1061.0], [1290.5, 995.5], [1230.5, 1049.5], [1159.5, 1045.5], [1114.5, 1115.5], [1033.5, 1087.5], [1011.5, 1155.5], [926.5, 1110.5], [889.8333740234375, 1136.5], [826.5, 1115.8333740234375], [800.5, 1153.8333740234375], [779.1666870117188, 1081.5], [1570.5, 848.5], [1568.5, 763.5], [1287.833251953125, 917.5], [1155.833251953125, 961.5], [1031.1666259765625, 991.5], [917.1666259765625, 1007.8333129882812], [821.1666870117188, 1016.8333129882812], [775.8333129882812, 1018.1666870117188]]",
Parents,Left,px013xnp097-1_l11,Landmarked_Parents/marked_tiff/Left Side/PX013xNP097-1_L11_MARK.tif,Landmarked_Parents/txt/Left/PX013xNP097-1_L11.txt,Raw_Images/Parents/PX013xNP097-1_L11.tif,Parents,32,32,roi,2560,1920,"[[1905.0, 834.0], [1975.833251953125, 1025.8333740234375], [1835.833251953125, 1203.8333740234375], [1420.5, 1161.5], [1270.5, 1177.5], [1143.5, 1202.5], [1027.5, 1220.5], [936.8333129882812, 1236.5], [831.5, 1240.5], [755.5, 1231.1666259765625], [677.5, 1178.5], [605.5, 1111.5], [540.5, 1017.5], [1311.5, 1014.5], [1228.5, 1075.5], [1161.5, 1070.5], [1115.0, 1131.0], [1042.8333740234375, 1105.5], [1001.5, 1154.1666259765625], [935.5, 1126.5], [904.8333740234375, 1166.8333740234375], [845.5, 1140.1666259765625], [810.1666259765625, 1170.1666259765625], [793.5, 1081.5], [1555.5, 881.8333129882812], [1557.5, 807.1666870117188], [1312.833251953125, 927.1666870117188], [1160.833251953125, 978.1666870117188], [1036.1666259765625, 1001.5], [932.8333740234375, 1014.8333129882812], [840.1666259765625, 1020.8333129882812], [789.5, 1021.5]]",
Parents,Left,px013xpx012-1_l04,Landmarked_Parents/marked_tiff/Left Side/PX013xPX012-1_L04_MARK.tif,Landmarked_Parents/txt/Left/PX013xPX012-1_L04.txt,Raw_Images/Parents/PX013xPX012-1_L04.tif,Parents,32,32,roi,2560,1920,"[[1876.5, 908.5], [1947.5, 1146.5], [1812.5, 1244.5], [1404.5, 1199.5], [1243.166748046875, 1214.1666259765625], [1103.166748046875, 1244.8333740234375], [995.5, 1258.5], [896.5, 1266.5], [794.5, 1260.5], [710.5, 1246.5], [634.8333129882812, 1191.5], [564.1666870117188, 1119.5], [518.8333129882812, 1036.1666259765625], [1270.5, 1062.5], [1206.166748046875, 1146.1666259765625], [1118.166748046875, 1126.1666259765625], [1082.166748046875, 1184.8333740234375], [997.5, 1152.5], [975.5, 1211.5], [894.5, 1166.5], [875.5, 1215.5], [803.5, 1171.5], [779.5, 1211.5], [752.5, 1137.5], [1531.5, 936.5], [1528.5, 866.5], [1270.166748046875, 995.1666870117188], [1110.5, 1034.5], [996.8333740234375, 1048.5], [890.1666259765625, 1053.8333740234375], [806.1666259765625, 1055.1666259765625], [748.5, 1052.5]]",
Parents,Left,px014xnp012-5_l05,Landmarked_Parents/marked_tiff/Left Side/PX014xNP012-5_L05_MARK.tif,Landmarked_Parents/txt/Left/PX014xNP012-5_L05.txt,Raw_Images/Parents/PX014xNP012-5_L05.tif,Parents,32,32,roi,2560,1920,"[[1944.0, 849.0], [1997.5, 1027.1666259765625], [1823.8333740234375, 1228.8333740234375], [1445.5, 1188.5], [1294.5, 1201.5], [1152.5, 1221.5], [1030.5, 1232.5], [936.5, 1239.5], [833.5, 1252.5], [779.5, 1249.5], [687.5, 1180.5], [615.5, 1109.5], [553.5, 1020.5], [1326.5, 1029.5], [1234.0, 1094.5], [1173.5, 1087.5], [1115.0, 1147.5], [1046.5, 1121.5], [1013.5, 1183.5], [933.8333740234375, 1137.8333740234375], [913.0, 1177.5], [841.8333740234375, 1141.8333740234375], [807.5, 1166.5], [778.5, 1107.5], [1559.833251953125, 924.1666870117188], [1558.5, 821.5], [1329.0, 939.5], [1171.5, 987.5], [1043.5, 1009.0], [931.5, 1018.5], [839.5, 1022.5], [781.5, 1022.5]]",
Parents,Left,px014xnp060v2-2_l04,Landmarked_Parents/marked_tiff/Left Side/PX014xNP060v2-2_L04_MARK.tif,Landmarked_Parents/txt/Left/PX014xNP060v2-2_L04.txt,,,32,32,roi,2560,1920,"[[1968.0, 765.0], [2040.16650390625, 980.1666870117188], [1874.83349609375, 1205.5], [1459.5, 1140.5], [1306.5, 1147.5], [1167.5, 1167.5], [1052.1666259765625, 1177.8333740234375], [953.5, 1184.5], [848.1666870117188, 1189.8333740234375], [763.5, 1172.5], [678.5, 1113.5], [599.8333129882812, 1031.1666259765625], [543.5, 962.5], [1336.5, 969.5], [1249.833251953125, 1030.8333740234375], [1182.5, 1034.1666259765625], [1133.166748046875, 1090.1666259765625], [1062.5, 1062.0], [1035.5, 1127.5], [950.5, 1078.5], [928.0, 1122.0], [860.1666259765625, 1083.1666259765625], [824.1666259765625, 1109.1666259765625], [811.5, 1037.8333740234375], [1591.5, 833.5], [1590.5, 771.5], [1331.5, 891.5], [1179.5, 934.5], [1060.5, 955.5], [945.1666259765625, 965.1666870117188], [855.8333740234375, 969.8333129882812], [809.8333740234375, 968.5]]",no_raw_match
Parents,Left,px014xnp060v4-2_l08,Landmarked_Parents/marked_tiff/Left Side/PX014xNP060v4-2_L08_MARK.tif,Landmarked_Parents/txt/Left/PX014xNP060v4-2_L08.txt,Raw_Images/Parents/PX014xNP060v4-2_L08.tif,Parents,32,32,roi,2560,1920,"[[1885.0, 841.0], [1968.5, 1034.5], [1792.5, 1266.5], [1417.5, 1236.5], [1261.5, 1255.5], [1131.5, 1287.5], [1024.5, 1300.5], [930.5, 1316.5], [821.5, 1333.5], [724.5, 1316.5], [646.5, 1263.5], [579.5, 1202.5], [514.5, 1114.5], [1291.833251953125, 1092.1666259765625], [1208.5, 1163.5], [1146.5, 1157.5], [1092.5, 1221.5], [1019.5, 1197.5], [992.8333740234375, 1251.5], [915.5, 1218.1666259765625], [885.5, 1260.1666259765625], [819.5, 1232.8333740234375], [787.8333740234375, 1265.8333740234375], [772.5, 1193.5], [1530.5, 939.5], [1523.5, 872.5], [1284.5, 1010.5], [1136.5, 1066.5], [1004.5, 1097.5], [902.5, 1111.5], [810.5, 1117.8333740234375], [765.5, 1117.5]]",
Parents,Left,px014xnp068v1-1_l16,Landmarked_Parents/marked_tiff/Left Side/PX014xNP068v1-1_L16_MARK.tif,Landmarked_Parents/txt/Left/PX014xNP068v1-1_ L16.txt,Raw_Images/Parents/PX014xNP068v1-1_ L16.tif,Parents,32,32,roi,2560,1920,"[[1880.0, 836.0], [1946.8333740234375, 1018.1666870117188], [1814.8333740234375, 1220.8333740234375], [1383.5, 1169.5], [1231.5, 1182.5], [1101.5, 1201.5], [999.5, 1223.5], [891.0, 1230.5], [790.5, 1241.5], [705.5, 1229.5], [622.5, 1170.1666259765625], [549.1666870117188, 1091.5], [495.0, 1008.5], [1277.833251953125, 1016.5], [1183.833251953125, 1080.5], [1118.5, 1074.5], [1068.5, 1124.8333740234375], [1000.8333740234375, 1101.8333740234375], [975.1666259765625, 1161.5], [883.5, 1122.0], [851.5, 1163.0], [785.5, 1132.5], [751.5, 1155.5], [743.5, 1095.5], [1519.5, 894.5], [1517.5, 809.5], [1276.0, 929.5], [1116.0, 981.5], [999.5, 1001.1666870117188], [881.5, 1013.5], [782.5, 1017.25], [738.5, 1015.5]]",
Parents,Left,px014xnp072-36_l01,Landmarked_Parents/marked_tiff/Left Side/PX014xNP072-36_L01_MARK.tif,Landmarked_Parents/txt/Left/PX014xNP072-36_L01.txt,Raw_Images/Parents/PX014xNP072-36_L01.tif,Parents,32,32,roi,2560,1920,"[[1912.0, 871.0], [1971.5, 1045.5], [1805.5, 1221.5], [1425.5, 1177.5], [1259.5, 1183.5], [1134.5, 1204.5], [1036.5, 1214.5], [934.5, 1222.5], [831.8333129882812, 1230.8333740234375], [742.5, 1217.5], [669.5, 1160.5], [598.5, 1085.5], [538.5, 994.5], [1307.5, 1022.5], [1218.833251953125, 1089.5], [1164.833251953125, 1076.1666259765625], [1107.5, 1134.1666259765625], [1040.5, 1103.0], [1011.1666259765625, 1167.8333740234375], [928.5, 1120.5], [913.0, 1181.5], [833.0, 1125.5], [803.5, 1153.5], [796.5, 1074.5], [1536.833251953125, 908.5], [1537.0, 836.5], [1305.5, 941.5], [1163.0, 980.5], [1038.0, 997.5], [927.5, 1007.0], [830.1666259765625, 1009.5], [790.5, 1008.5]]",
Parents,Left,px014xnp072-4_l08,Landmarked_Parents/marked_tiff/Left Side/PX014xNP072-4_L08_MARK.tif,Landmarked_Parents/txt/Left/PX014xNP072-4_L08.txt,Raw_Images/Parents/PX014xNP072-4_L08.tif,Parents,32,32,roi,2560,1920,"[[1934.0, 843.0], [1999.5, 1052.5], [1813.5, 1240.5], [1428.5, 1203.1666259765625], [1277.1666259765625, 1226.5], [1154.5, 1252.5], [1048.5, 1272.1666259765625], [945.8333129882812, 1296.8333740234375], [847.8333129882812, 1308.8333740234375], [756.1666870117188, 1296.1666259765625], [669.5, 1244.5], [597.5, 1177.5], [538.8333129882812, 1093.5], [1334.833251953125, 1060.1666259765625], [1234.833251953125, 1134.8333740234375], [1181.5, 1125.5], [1119.5, 1178.8333740234375], [1046.8333740234375, 1163.8333740234375], [1021.8333740234375, 1228.1666259765625], [935.5, 1188.8333740234375], [899.1666259765625, 1227.1666259765625], [847.1666259765625, 1198.8333740234375], [814.0, 1221.0], [788.5, 1166.5], [1568.5, 918.5], [1567.5, 828.5], [1331.5, 968.5], [1179.5, 1026.0], [1041.5, 1055.0], [933.0, 1070.5], [840.0, 1081.5], [788.5, 1084.5]]",
Parents,Right,ll279xll297-1_r01,Landmarked_Parents/marked_tiff/Right Side/LL279xLL297-1_R01_MARK.tif,Landmarked_Parents/txt/Right/LL279xLL297-1_R01.txt,Raw_Images/Parents/LL279xLL297-1_R01.tif,Parents,36,36,roi,2560,1920,"[[543.5, 746.8333129882812], [510.1666564941406, 1065.5], [745.5, 1240.5], [1001.5, 1194.5], [1195.5, 1210.5], [1384.5, 1227.5], [1532.5, 1248.5], [1622.5, 1258.0], [1714.0, 1274.0], [1798.5, 1289.5], [1986.5, 1249.5], [2126.5, 1156.5], [2224.5, 1022.5], [1175.5, 960.5], [1278.5, 1044.5], [1349.5, 1036.5], [1430.5, 1103.5], [1502.5, 1086.1666259765625], [1555.833251953125, 1155.5], [1623.5, 1107.5], [1655.5, 1182.5], [1717.5, 1124.5], [1748.5, 1197.5], [1814.5, 1246.5], [1835.5, 1083.5], [1948.5, 1193.5], [2049.5, 1094.5], [2124.5, 1006.5], [922.5, 806.5], [919.0, 725.0], [1171.5, 866.5], [1348.5, 934.5], [1503.5, 972.5], [1621.5, 990.5], [1719.5, 1002.5], [1834.5, 1009.5]]",
Parents,Right,ll280xll283-1_r05,Landmarked_Parents/marked_tiff/Right Side/LL280xLL283-1_R05_MARK.tif,Landmarked_Parents/txt/Right/LL280xLL283-1_R05.txt,Raw_Images/Parents/LL280xLL283-1_R05.tif,Parents,36,36,roi,2560,1920,"[[465.0, 747.0], [433.5, 1110.5], [617.5, 1234.5], [926.8333740234375, 1201.8333740234375], [1117.5, 1199.5], [1278.5, 1209.5], [1416.5, 1215.5], [1514.5, 1232.5], [1605.5, 1239.5], [1688.5, 1246.5], [1871.1666259765625, 1215.8333740234375], [2028.5, 1119.8333740234375], [2156.16650390625, 974.5], [1139.833251953125, 949.5], [1186.5, 1017.5], [1277.166748046875, 1004.1666259765625], [1329.166748046875, 1060.1666259765625], [1407.833251953125, 1038.8333740234375], [1447.833251953125, 1116.1666259765625], [1525.1666259765625, 1058.8333740234375], [1549.1666259765625, 1138.8333740234375], [1619.8333740234375, 1082.8333740234375], [1650.5, 1137.5], [1705.5, 1202.5], [1746.5, 1054.5], [1859.1666259765625, 1163.8333740234375], [1964.5, 1058.5], [2057.83349609375, 953.1666870117188], [848.1666259765625, 794.5], [842.8333740234375, 719.8333129882812], [1130.5, 885.5], [1272.5, 924.5], [1408.5, 954.5], [1530.5, 963.5], [1621.5, 968.5], [1752.5, 968.5]]",
Parents,Right,ll280xll284-1_r14,Landmarked_Parents/marked_tiff/Right Side/LL280xLL284-1_R14_MARK.tif,Landmarked_Parents/txt/Right/LL280xLL284-1_R14.txt,Raw_Images/Parents/LL280xLL284-1_R14.tif,Parents,36,36,roi,2560,1920,"[[537.0, 752.0], [513.8333129882812, 1130.5], [802.5, 1238.5], [1025.5, 1198.5], [1199.833251953125, 1197.1666259765625], [1372.0, 1207.5], [1507.5, 1217.8333740234375], [1602.166748046875, 1226.8333740234375], [1697.0, 1238.0], [1775.0, 1243.0], [1961.5, 1207.5], [2104.5, 1119.5], [2218.0, 968.5], [1195.166748046875, 942.1666870117188], [1275.166748046875, 1018.1666259765625], [1339.5, 993.5], [1413.5, 1069.5], [1486.5, 1042.5], [1534.5, 1107.5], [1599.5, 1053.5], [1639.5, 1130.5], [1701.5, 1071.5], [1729.5, 1133.5], [1785.5, 1209.5], [1814.5, 1044.5], [1943.5, 1163.5], [2034.5, 1059.5], [2119.5, 952.5], [928.8333740234375, 804.8333129882812], [923.5, 760.8333129882812], [1195.5, 874.5], [1340.5, 921.5], [1485.833251953125, 945.1666870117188], [1600.5, 958.5], [1703.166748046875, 966.5], [1839.166748046875, 966.5]]",
Parents,Right,ll280xll285-1_r07,Landmarked_Parents/marked_tiff/Right Side/LL280xLL285-1_R07_MARK.tif,Landmarked_Parents/txt/Right/LL280xLL285-1_R07.txt,Raw_Images/Parents/LL280xLL285-1_R07.tif,Parents,36,36,roi,2560,1920,"[[538.5, 820.8333129882812], [510.5, 1084.8333740234375], [741.1666870117188, 1287.5], [947.5, 1232.5], [1134.5, 1237.5], [1301.0, 1241.5], [1437.5, 1252.5], [1530.5, 1255.5], [1629.1666259765625, 1268.8333740234375], [1714.5, 1272.5], [1879.5, 1239.5], [2030.5, 1147.5], [2146.5, 1021.5], [1134.5, 980.5], [1221.5, 1059.5], [1306.5, 1063.5], [1360.5, 1114.5], [1435.5, 1097.5], [1472.0, 1159.0], [1543.5, 1113.5], [1577.5, 1178.0], [1642.5, 1134.0], [1665.5, 1189.5], [1732.0, 1233.0], [1752.5, 1093.5], [1867.5, 1189.5], [1954.5, 1097.5], [2050.5, 1006.5], [873.5, 842.5], [872.5, 756.0], [1135.5, 899.0], [1309.0, 959.5], [1440.5, 989.0], [1541.5, 1002.5], [1649.0, 1011.5], [1752.0, 1015.5]]",
Parents,Right,ll280xll288-1_r04,Landmarked_Parents/marked_tiff/Right Side/LL280xLL288-1_R04_MARK.tif,Landmarked_Parents/txt/Right/LL280xLL288-1_R04.txt,Raw_Images/Parents/LL280xLL288-1_R04.tif,Parents,36,36,roi,2560,1920,"[[568.0, 759.0], [545.5, 1103.5], [791.5, 1223.5], [1056.1666259765625, 1202.8333740234375], [1190.5, 1197.5], [1342.5, 1201.5], [1482.5, 1210.5], [1573.5, 1212.5], [1659.8333740234375, 1226.1666259765625], [1738.5, 1234.1666259765625], [1907.1666259765625, 1202.5], [2049.5, 1118.5], [2172.5, 976.5], [1192.5, 939.5], [1262.5, 1013.5], [1331.166748046875, 992.1666870117188], [1398.5, 1058.5], [1458.5, 1037.5], [1505.5, 1100.5], [1569.5, 1053.5], [1598.5, 1132.5], [1658.5, 1074.5], [1685.5, 1142.5], [1752.5, 1187.5], [1822.5, 1057.5], [1890.8333740234375, 1151.8333740234375], [1993.5, 1055.8333740234375], [2083.0, 959.5], [927.5, 800.5], [927.1666259765625, 718.8333129882812], [1189.5, 862.5], [1328.5, 914.5], [1457.166748046875, 933.1666870117188], [1569.166748046875, 949.8333129882812], [1660.5, 958.5], [1821.5, 967.5]]",
Parents,Right,ll280xll297-1_r10,Landmarked_Parents/marked_tiff/Right Side/LL280xLL297-1_R10_MARK.tif,Landmarked_Parents/txt/Right/LL280xLL297-1_R10.txt,Raw_Images/Parents/LL280xLL297-1_R10.tif,Parents,36,36,roi,2560,1920,"[[518.1666870117188, 733.8333129882812], [493.5, 1101.5], [773.5, 1277.5], [972.1666259765625, 1193.5], [1145.0, 1210.0], [1330.166748046875, 1212.1666259765625], [1459.833251953125, 1222.8333740234375], [1565.0, 1228.5], [1652.5, 1238.5], [1735.0, 1243.5], [1929.1666259765625, 1211.5], [2092.16650390625, 1113.1666259765625], [2202.5, 971.0], [1158.5, 941.5], [1244.833251953125, 1013.5], [1301.0, 994.5], [1382.166748046875, 1070.8333740234375], [1455.5, 1041.5], [1506.166748046875, 1106.8333740234375], [1568.8333740234375, 1062.8333740234375], [1602.1666259765625, 1134.8333740234375], [1666.5, 1083.1666259765625], [1687.5, 1149.5], [1754.5, 1197.5], [1827.5, 1052.5], [1911.5, 1160.5], [2026.5, 1048.5], [2111.5, 958.5], [889.8333740234375, 789.1666870117188], [889.5, 727.8333129882812], [1153.5, 863.5], [1301.5, 915.5], [1460.5, 951.5], [1571.8333740234375, 966.5], [1665.8333740234375, 975.1666870117188], [1831.1666259765625, 977.8333129882812]]",
Parents,Right,ll280xll298-1_r19,Landmarked_Parents/marked_tiff/Right Side/LL280xLL298-1_R19_MARK.tif,Landmarked_Parents/txt/Right/LL280xLL298-1_R19.txt,Raw_Images/Parents/LL280xLL298-1_R19.tif,Parents,36,36,roi,2560,1920,"[[541.5, 803.5], [531.5, 1085.5], [805.5, 1279.5], [1037.5, 1223.5], [1211.166748046875, 1219.1666259765625], [1385.166748046875, 1229.1666259765625], [1514.166748046875, 1241.8333740234375], [1614.8333740234375, 1243.8333740234375], [1706.8333740234375, 1254.5], [1784.8333740234375, 1261.1666259765625], [1969.5, 1219.5], [2105.5, 1128.5], [2213.5, 979.5], [1182.5, 971.5], [1272.166748046875, 1050.8333740234375], [1335.5, 1020.1666870117188], [1411.5, 1100.8333740234375], [1475.5, 1063.5], [1529.166748046875, 1133.1666259765625], [1597.8333740234375, 1078.8333740234375], [1637.1666259765625, 1157.5], [1698.5, 1100.1666259765625], [1727.8333740234375, 1166.5], [1801.1666259765625, 1223.8333740234375], [1821.1666259765625, 1070.5], [1945.5, 1177.8333740234375], [2037.5, 1075.1666259765625], [2122.5, 966.5], [927.1666259765625, 844.8333129882812], [925.8333740234375, 775.5], [1183.5, 902.5], [1334.5, 948.5], [1474.5, 973.5], [1598.5, 985.5], [1698.5, 989.5], [1818.5, 987.5]]",
Parents,Right,ll280xlx022-1_r13,Landmarked_Parents/marked_tiff/Right Side/LL280xLX022-1_R13_MARK.tif,Landmarked_Parents/txt/Right/LL280xLX022-1_R13.txt,Raw_Images/Parents/LL280xLX022-1_R13.tif,Parents,36,36,roi,2560,1920,"[[508.8333435058594, 754.1666870117188], [489.1666564941406, 1013.8333740234375], [769.1666259765625, 1196.8333740234375], [980.8333740234375, 1137.5], [1156.166748046875, 1140.8333740234375], [1328.5, 1151.5], [1466.5, 1164.5], [1567.1666259765625, 1173.1666259765625], [1654.5, 1185.5], [1738.5, 1187.5], [1918.5, 1148.5], [2062.5, 1056.5], [2160.166748046875, 922.5], [1144.5, 895.5], [1223.5, 981.5], [1297.5, 969.5], [1361.5, 1034.5], [1433.5, 1013.5], [1482.5, 1072.5], [1546.5, 1035.5], [1586.5, 1095.5], [1648.5, 1053.5], [1677.5, 1102.5], [1751.833251953125, 1147.1666259765625], [1819.833251953125, 997.8333129882812], [1886.833251953125, 1106.1666259765625], [1986.833251953125, 1004.8333129882812], [2068.166748046875, 912.5], [879.5, 761.5], [873.8333740234375, 680.5], [1144.8333740234375, 817.8333129882812], [1292.8333740234375, 869.8333129882812], [1428.8333740234375, 901.8333129882812], [1546.1666259765625, 916.5], [1649.5, 924.5], [1817.5, 931.5]]",
Parents,Right,ll282xll255v1-1_r16,Landmarked_Parents/marked_tiff/Right Side/LL282xLL255v1-1_R16_MARK.tif,Landmarked_Parents/txt/Right/LL282xLL255v1-1_R16.txt,Raw_Images/Parents/LL282xLL255v1-1_R16.tif,Parents,36,36,roi,2560,1920,"[[548.5, 802.5], [503.1666564941406, 1070.5], [769.5, 1230.5], [988.1666259765625, 1189.1666259765625], [1130.8333740234375, 1187.1666259765625], [1284.1666259765625, 1192.5], [1408.1666259765625, 1209.8333740234375], [1502.8333740234375, 1217.8333740234375], [1595.5, 1229.5], [1679.5, 1232.5], [1842.5, 1198.5], [1976.5, 1112.5], [2083.5, 980.5], [1128.5, 944.5], [1201.8333740234375, 1006.5], [1273.8333740234375, 1001.1666870117188], [1340.5, 1058.5], [1408.5, 1033.1666259765625], [1447.1666259765625, 1094.5], [1515.1666259765625, 1054.5], [1537.833251953125, 1129.1666259765625], [1604.1666259765625, 1072.8333740234375], [1632.833251953125, 1132.8333740234375], [1688.5, 1191.5], [1715.1666259765625, 1048.8333740234375], [1820.5, 1148.5], [1912.5, 1056.5], [2003.5, 966.5], [894.5, 804.5], [888.5, 729.5], [1129.5, 862.5], [1273.5, 919.5], [1409.5, 950.5], [1513.5, 964.5], [1609.5, 972.5], [1717.1666259765625, 980.5]]",
Parents,Right,ll282xll284-1_r21,Landmarked_Parents/marked_tiff/Right Side/LL282xLL284-1_R21_MARK.tif,Landmarked_Parents/txt/Right/LL282xLL284-1_R21.txt,Raw_Images/Parents/LL282xLL284-1_R21.tif,Parents,36,36,roi,2560,1920,"[[516.0, 768.0], [524.5, 1106.5], [765.5, 1242.5], [1036.5, 1160.5], [1201.833251953125, 1172.5], [1372.5, 1181.8333740234375], [1507.5, 1196.5], [1603.5, 1198.5], [1690.5, 1208.5], [1778.1666259765625, 1212.5], [1939.8333740234375, 1180.8333740234375], [2077.16650390625, 1091.5], [2181.16650390625, 952.8333129882812], [1169.5, 928.5], [1257.5, 1012.1666870117188], [1325.5, 999.5], [1405.5, 1062.8333740234375], [1475.5, 1041.5], [1529.5, 1100.1666259765625], [1590.8333740234375, 1068.1666259765625], [1626.8333740234375, 1126.8333740234375], [1680.5, 1080.5], [1714.5, 1138.5], [1788.5, 1175.5], [1797.5, 1027.5], [1908.5, 1132.5], [2006.5, 1027.5], [2081.5, 939.5], [891.8333740234375, 806.8333129882812], [886.5, 712.1666870117188], [1170.5, 851.5], [1327.5, 902.5], [1477.5, 931.5], [1592.5, 947.5], [1684.5, 954.5], [1797.5, 957.5]]",
Parents,Right,ll282xll287-1_r03,Landmarked_Parents/marked_tiff/Right Side/LL282xLL287-1_R03_MARK.tif,Landmarked_Parents/txt/Right/LL282xLL287-1_R03.txt,Raw_Images/Parents/LL282xLL287-1_R03.tif,Parents,36,36,roi,2560,1920,"[[483.5, 779.8333129882812], [489.5, 1129.5], [717.5, 1279.5], [977.5, 1212.5], [1181.5, 1201.5], [1365.5, 1197.5], [1505.166748046875, 1204.5], [1623.5, 1206.5], [1717.5, 1213.8333740234375], [1801.5, 1213.1666259765625], [1993.5, 1164.8333740234375], [2141.5, 1067.5], [2260.16650390625, 907.5], [1157.5, 927.5], [1255.5, 1014.5], [1333.5, 981.5], [1411.5, 1059.5], [1485.5, 1027.5], [1539.5, 1095.5], [1613.5, 1041.5], [1641.5, 1123.5], [1721.5, 1049.5], [1743.5, 1125.5], [1817.1666259765625, 1171.1666259765625], [1845.5, 1016.5], [1960.1666259765625, 1114.8333740234375], [2065.5, 1008.1666870117188], [2158.5, 898.5], [869.5, 799.5], [871.5, 728.5], [1157.5, 849.5], [1337.5, 892.5], [1485.833251953125, 914.8333129882812], [1613.8333740234375, 928.1666870117188], [1720.5, 928.5], [1845.5, 928.5]]",
Parents,Right,ll282xll297-1_r34,Landmarked_Parents/marked_tiff/Right Side/LL282xLL297-1_R34_MARK.tif,Landmarked_Parents/txt/Right/LL282xLL297-1_R34.txt,Raw_Images/Parents/LL282xLL297-1_R34.tif,Parents,36,36,roi,2560,1920,"[[419.5, 878.5], [439.5, 1230.5], [700.8333740234375, 1313.5], [911.5, 1233.5], [1106.5, 1236.5], [1282.5, 1245.5], [1420.5, 1257.5], [1510.5, 1273.1666259765625], [1601.1666259765625, 1282.5], [1687.8333740234375, 1279.8333740234375], [1848.5, 1230.5], [1984.5, 1155.5], [2084.16650390625, 1024.8333740234375], [1062.166748046875, 1009.5], [1163.5, 1084.1666259765625], [1235.5, 1073.5], [1315.5, 1125.5], [1382.0, 1111.5], [1436.833251953125, 1174.8333740234375], [1499.0, 1131.0], [1536.0, 1200.5], [1591.5, 1146.8333740234375], [1623.5, 1214.8333740234375], [1700.8333740234375, 1242.8333740234375], [1723.5, 1146.8333740234375], [1833.5, 1196.5], [1907.5, 1099.5], [1994.8333740234375, 1016.8333129882812], [793.5, 879.5], [792.5, 785.8333129882812], [1061.833251953125, 918.5], [1236.5, 974.0], [1383.833251953125, 1006.8333129882812], [1502.5, 1022.8333129882812], [1593.1666259765625, 1029.5], [1724.0, 1037.0]]",
Parents,Right,ll282xll427v1-1_r03,Landmarked_Parents/marked_tiff/Right Side/LL282xLL427v1-1_R03_MARK.tif,Landmarked_Parents/txt/Right/LL282xLL427v1-1_R03.txt,Raw_Images/Parents/LL282xLL427v1-1_R03.tif,Parents,36,36,roi,2560,1920,"[[523.8333129882812, 763.8333129882812], [543.8333129882812, 1125.1666259765625], [789.1666259765625, 1219.8333740234375], [1016.8333740234375, 1142.1666259765625], [1171.833251953125, 1134.5], [1345.833251953125, 1138.5], [1479.833251953125, 1149.1666259765625], [1578.0, 1155.5], [1664.166748046875, 1172.5], [1748.5, 1166.8333740234375], [1908.166748046875, 1118.8333740234375], [2028.166748046875, 1025.8333740234375], [2117.5, 880.5], [1148.833251953125, 879.1666870117188], [1235.5, 950.5], [1306.166748046875, 940.5], [1377.833251953125, 1006.5], [1448.5, 979.8333129882812], [1496.5, 1041.1666259765625], [1553.5, 999.1666870117188], [1599.5, 1068.5], [1649.5, 1010.5], [1681.833251953125, 1073.1666259765625], [1755.5, 1122.5], [1752.5, 972.5], [1873.5, 1068.5], [1956.5, 971.5], [2028.0, 870.0], [886.5, 754.5], [880.5, 664.5], [1148.833251953125, 799.8333129882812], [1306.5, 846.0], [1451.833251953125, 875.1666870117188], [1555.0, 886.0], [1650.5, 893.0], [1753.5, 892.5]]",
Parents,Right,ll283xlx024-1_r08,Landmarked_Parents/marked_tiff/Right Side/LL283xLX024-1_R08_MARK.tif,Landmarked_Parents/txt/Right/LL283xLX024-1_R08.txt,Raw_Images/Parents/LL283xLX024-1_R08.tif,Parents,36,36,roi,2560,1920,"[[554.0, 746.0], [491.5, 1059.5], [711.5, 1241.5], [941.5, 1194.5], [1115.5, 1215.5], [1281.5, 1224.5], [1417.5, 1231.5], [1510.5, 1248.1666259765625], [1592.1666259765625, 1256.8333740234375], [1666.5, 1277.5], [1839.1666259765625, 1266.833251953125], [2013.8333740234375, 1180.1666259765625], [2132.5, 1053.5], [1146.5, 970.5], [1228.5, 1037.5], [1296.5, 1029.5], [1355.5, 1091.5], [1428.5, 1068.5], [1463.5, 1137.5], [1543.5, 1091.5], [1561.5, 1151.5], [1626.5, 1103.5], [1639.5, 1177.5], [1695.5, 1239.5], [1742.5, 1106.5], [1842.1666259765625, 1215.1666259765625], [1948.8333740234375, 1117.8333740234375], [2053.5, 1031.5], [898.5, 827.5], [899.5, 761.5], [1148.5, 897.5], [1298.5, 953.5], [1430.5, 982.5], [1548.5, 1002.5], [1632.5, 1014.5], [1745.1666259765625, 1025.1666259765625]]",
Parents,Right,ll285xll286-1_r17,Landmarked_Parents/marked_tiff/Right Side/LL285xLL286-1_R17_MARK.tif,Landmarked_Parents/txt/Right/LL285xLL286-1_R17.txt,,,36,36,roi,2560,1920,"[[647.5, 894.5], [618.5, 1205.5], [819.5, 1324.5], [1064.5, 1279.5], [1244.5, 1276.5], [1403.5, 1288.5], [1545.5, 1300.5], [1645.5, 1304.5], [1738.5, 1312.5], [1812.5, 1320.8333740234375], [1982.1666259765625, 1281.5], [2128.5, 1214.5], [2252.83349609375, 1094.8333740234375], [1250.5, 1058.0], [1338.166748046875, 1121.5], [1406.166748046875, 1118.1666259765625], [1479.5, 1178.5], [1548.5, 1159.5], [1590.5, 1223.5], [1664.5, 1187.5], [1692.5, 1242.5], [1761.5, 1195.5], [1773.0, 1266.0], [1843.1666259765625, 1287.5], [1859.1666259765625, 1171.1666259765625], [1955.1666259765625, 1242.1666259765625], [2076.5, 1153.5], [2171.16650390625, 1076.8333740234375], [1003.5, 916.5], [1000.5, 838.5], [1247.0, 969.0], [1402.5, 1025.5], [1548.0, 1056.0], [1662.5, 1073.0], [1760.0, 1082.0], [1857.5, 1087.1666259765625]]",no_raw_match
Parents,Right,ll286xll288-1_r48,Landmarked_Parents/marked_tiff/Right Side/LL286xLL288-1_R48_MARK.tif,Landmarked_Parents/txt/Right/LL286xLL288-1_R48.txt,Raw_Images/Parents/LL286xLL288-1_R48.tif,Parents,36,36,roi,2560,1920,"[[471.8333435058594, 681.8333129882812], [441.1666564941406, 1013.8333740234375], [674.5, 1197.833251953125], [917.1666259765625, 1124.5], [1119.5, 1126.5], [1286.5, 1141.5], [1434.5, 1154.1666259765625], [1545.1666259765625, 1167.5], [1633.5, 1182.5], [1709.5, 1185.5], [1892.1666259765625, 1158.5], [2048.166748046875, 1065.1666259765625], [2172.166748046875, 929.1666870117188], [1122.5, 869.5], [1214.5, 946.8333740234375], [1295.8333740234375, 934.8333129882812], [1359.8333740234375, 1002.8333740234375], [1430.5, 981.5], [1479.833251953125, 1049.5], [1553.1666259765625, 1009.5], [1581.5, 1074.5], [1658.5, 1029.5], [1684.5, 1083.5], [1752.5, 1135.5], [1787.5, 1015.5], [1889.5, 1098.5], [1989.5, 997.5], [2088.5, 909.5], [858.5, 725.8333129882812], [858.1666259765625, 637.5], [1127.5, 781.5], [1298.0, 846.0], [1434.5, 877.5], [1556.5, 898.5], [1663.1666259765625, 909.1666259765625], [1789.833251953125, 919.8333740234375]]",
Parents,Right,ll286xll288-2_r05,Landmarked_Parents/marked_tiff/Right Side/LL286xLL288-2_R05_MARK.tif,Landmarked_Parents/txt/Right/LL286xLL288-2_R05.txt,Raw_Images/Parents/LL286xLL288-2_R05.tif,Parents,36,36,roi,2560,1920,"[[486.0, 865.0], [482.1666564941406, 1141.8333740234375], [722.1666870117188, 1301.8333740234375], [958.5, 1252.5], [1151.5, 1235.1666259765625], [1307.1666259765625, 1238.1666259765625], [1448.8333740234375, 1252.8333740234375], [1551.5, 1268.8333740234375], [1632.5, 1272.8333740234375], [1714.5, 1280.5], [1890.5, 1245.8333740234375], [2022.5, 1163.1666259765625], [2123.833251953125, 1027.1666259765625], [1127.5, 1004.5], [1212.8333740234375, 1070.8333740234375], [1287.5, 1064.5], [1348.5, 1125.5], [1423.5, 1107.5], [1470.5, 1163.5], [1532.5, 1130.5], [1568.5, 1189.5], [1629.5, 1147.5], [1660.5, 1201.1666259765625], [1731.5, 1237.5], [1730.5, 1099.5], [1863.5, 1203.5], [1953.5, 1113.5], [2033.5, 1011.5], [867.8333740234375, 874.5], [866.5, 771.5], [1129.5, 909.5], [1289.5, 964.5], [1427.5, 996.5], [1532.833251953125, 1008.5], [1636.833251953125, 1020.5], [1729.5, 1022.5]]",
Parents,Right,ll286xll297-1_r09,Landmarked_Parents/marked_tiff/Right Side/LL286xLL297-1_R09_MARK.tif,Landmarked_Parents/txt/Right/LL286xLL297-1_R09.txt,Raw_Images/Parents/LL286xLL297-1_R09.tif,Parents,36,36,roi,2560,1920,"[[477.8333435058594, 785.1666870117188], [472.5, 1137.1666259765625], [689.8333129882812, 1230.5], [930.1666259765625, 1182.5], [1104.833251953125, 1201.1666259765625], [1262.5, 1214.5], [1409.5, 1228.5], [1515.5, 1238.8333740234375], [1604.8333740234375, 1254.8333740234375], [1691.5, 1260.1666259765625], [1861.8333740234375, 1234.1666259765625], [2000.5, 1138.1666259765625], [2112.5, 1011.5], [1107.166748046875, 959.5], [1184.5, 1032.8333740234375], [1259.166748046875, 1027.5], [1325.833251953125, 1087.5], [1397.833251953125, 1074.1666259765625], [1444.5, 1136.8333740234375], [1509.8333740234375, 1099.5], [1528.5, 1176.5], [1601.8333740234375, 1111.5], [1627.1666259765625, 1191.5], [1703.5, 1222.5], [1713.5, 1081.5], [1840.5, 1173.5], [1940.5, 1085.5], [2032.5, 996.5], [848.5, 815.5], [849.8333740234375, 735.5], [1110.5, 879.5], [1263.5, 932.5], [1402.5, 966.5], [1513.8333740234375, 985.1666870117188], [1608.5, 997.1666259765625], [1714.5, 1002.5]]",
Parents,Right,ll286xlx022-1_r16,Landmarked_Parents/marked_tiff/Right Side/LL286xLX022-1_R16_MARK.tif,Landmarked_Parents/txt/Right/LL286xLX022-1_R16.txt,Raw_Images/Parents/LL286xLX022-1_R16.tif,Parents,36,36,roi,2560,1920,"[[552.5, 836.5], [570.1666870117188, 1156.1666259765625], [766.1666870117188, 1269.5], [1021.1666259765625, 1206.1666259765625], [1195.166748046875, 1193.1666259765625], [1364.5, 1196.5], [1505.833251953125, 1206.5], [1607.1666259765625, 1215.8333740234375], [1699.1666259765625, 1223.8333740234375], [1781.8333740234375, 1226.5], [1941.5, 1187.5], [2079.5, 1101.5], [2188.16650390625, 971.1666870117188], [1195.166748046875, 962.1666870117188], [1285.833251953125, 1031.5], [1359.166748046875, 1024.8333740234375], [1416.5, 1080.8333740234375], [1491.166748046875, 1066.1666259765625], [1535.166748046875, 1120.8333740234375], [1608.5, 1090.5], [1637.5, 1150.5], [1700.5, 1104.5], [1720.5, 1166.5], [1795.1666259765625, 1196.5], [1800.5, 1050.5], [1920.5, 1136.5], [2009.5, 1048.5], [2095.5, 957.5], [932.8333740234375, 838.5], [931.5, 763.8333129882812], [1192.833251953125, 880.1666870117188], [1360.833251953125, 932.1666870117188], [1491.5, 956.1666870117188], [1615.5, 969.5], [1707.5, 976.5], [1800.5, 978.5]]",
Parents,Right,ll287xlx022-1_r27,Landmarked_Parents/marked_tiff/Right Side/LL287xLX022-1_R27_MARK.tif,Landmarked_Parents/txt/Right/LL287xLX022-1_R27.txt,Raw_Images/Parents/LL287xLX022-1_R27.tif,Parents,36,36,roi,2560,1920,"[[629.8333129882812, 906.5], [620.5, 1226.5], [879.5, 1317.5], [1134.5, 1261.5], [1307.5, 1269.5], [1473.5, 1284.5], [1618.833251953125, 1299.1666259765625], [1714.1666259765625, 1300.5], [1810.1666259765625, 1319.1666259765625], [1905.5, 1320.1666259765625], [2073.5, 1288.1666259765625], [2204.16650390625, 1205.5], [2301.5, 1063.5], [1276.5, 1036.5], [1377.5, 1113.5], [1442.5, 1107.5], [1526.5, 1169.5], [1592.5, 1145.5], [1636.5, 1214.5], [1706.5, 1171.8333740234375], [1735.8333740234375, 1242.5], [1813.1666259765625, 1190.5], [1835.8333740234375, 1262.5], [1919.8333740234375, 1289.1666259765625], [1907.8333740234375, 1133.1666259765625], [2042.5, 1221.5], [2129.5, 1136.5], [2200.16650390625, 1048.8333740234375], [1004.5, 916.5], [999.5, 815.5], [1277.5, 951.5], [1441.5, 1000.5], [1589.5, 1031.5], [1702.8333740234375, 1048.8333740234375], [1806.8333740234375, 1058.1666259765625], [1909.5, 1060.8333740234375]]",
Parents,Right,ll288xll022-1_r41,Landmarked_Parents/marked_tiff/Right Side/LL288xLL022-1_R41_MARK.tif,Landmarked_Parents/txt/Right/LL288xLL022-1_R41.txt,Raw_Images/Parents/LL288xLL022-1_R41.tif,Parents,36,36,roi,2560,1920,"[[567.5, 777.5], [576.5, 1053.5], [831.5, 1243.5], [1095.5, 1195.5], [1243.5, 1182.5], [1382.166748046875, 1190.5], [1508.833251953125, 1199.8333740234375], [1593.5, 1195.5], [1670.8333740234375, 1201.5], [1751.5, 1210.8333740234375], [1923.5, 1170.5], [2047.5, 1072.5], [2136.5, 925.5], [1190.166748046875, 941.8333129882812], [1262.166748046875, 1008.8333129882812], [1328.833251953125, 992.8333129882812], [1400.833251953125, 1055.1666259765625], [1453.5, 1027.5], [1512.833251953125, 1091.1666259765625], [1569.833251953125, 1049.1666259765625], [1612.5, 1103.1666259765625], [1659.8333740234375, 1057.1666259765625], [1692.8333740234375, 1108.1666259765625], [1754.1666259765625, 1172.8333740234375], [1761.8333740234375, 1017.8333740234375], [1903.8333740234375, 1118.1666259765625], [1983.8333740234375, 1024.8333740234375], [2047.5, 914.8333129882812], [936.5, 807.5], [934.8333740234375, 724.8333129882812], [1188.166748046875, 858.5], [1324.166748046875, 902.5], [1452.166748046875, 929.1666870117188], [1568.166748046875, 942.5], [1663.1666259765625, 946.8333129882812], [1763.1666259765625, 946.8333129882812]]",
Parents,Right,ll288xll255v2-1_r30,Landmarked_Parents/marked_tiff/Right Side/LL288xLL255v2-1_R30_MARK.tif,Landmarked_Parents/txt/Right/LL288xLL255v2-1_R30.txt,Raw_Images/Parents/LL288xLL255v2-1_R30.tif,Parents,36,36,roi,2560,1920,"[[540.0, 732.0], [555.5, 1047.5], [795.5, 1132.8333740234375], [1073.5, 1091.5], [1217.5, 1097.5], [1376.5, 1116.5], [1507.5, 1131.8333740234375], [1608.1666259765625, 1133.8333740234375], [1690.8333740234375, 1143.8333740234375], [1777.1666259765625, 1156.5], [1951.5, 1122.5], [2090.5, 1028.5], [2174.0, 898.5], [1171.5, 888.5], [1257.5, 963.5], [1332.5, 947.5], [1400.5, 1015.5], [1467.5, 991.5], [1520.5, 1052.5], [1581.5, 1007.5], [1624.5, 1076.5], [1675.5, 1022.5], [1711.5, 1073.5], [1786.5, 1119.5], [1786.5, 989.5], [1924.5, 1078.5], [2012.5, 982.5], [2090.5, 892.5], [904.5, 749.5], [900.5, 647.5], [1173.5, 800.5], [1333.166748046875, 856.1666870117188], [1469.166748046875, 886.1666870117188], [1580.5, 900.0], [1673.5, 909.0], [1785.5, 909.5]]",
Parents,Right,ll288xlx022-2_r00,Landmarked_Parents/marked_tiff/Right Side/LL288xLX022-2_R00_MARK.tif,Landmarked_Parents/txt/Right/LL288xLX022-2_R00.txt,Raw_Images/Parents/LL288xLX022-2_R00.tif,Parents,36,36,roi,2560,1920,"[[480.5, 728.5], [475.5, 1116.5], [699.5, 1281.166748046875], [923.1666259765625, 1215.1666259765625], [1106.5, 1226.5], [1277.5, 1238.5], [1414.1666259765625, 1254.166748046875], [1520.833251953125, 1264.833251953125], [1598.1666259765625, 1279.5], [1691.5, 1283.5], [1865.5, 1248.833251953125], [2022.8333740234375, 1163.5], [2146.16650390625, 1023.1666259765625], [1152.5, 986.5], [1203.5, 1028.5], [1272.5, 1026.5], [1342.5, 1087.5], [1407.166748046875, 1068.5], [1456.5, 1136.5], [1528.5, 1095.8333740234375], [1562.5, 1157.8333740234375], [1625.1666259765625, 1115.1666259765625], [1650.5, 1167.1666259765625], [1712.1666259765625, 1235.1666259765625], [1745.1666259765625, 1097.1666259765625], [1861.5, 1198.5], [1961.5, 1098.5], [2046.5, 1005.5], [866.5, 831.5], [864.5, 765.5], [1154.166748046875, 922.1666870117188], [1272.833251953125, 962.1666870117188], [1408.833251953125, 992.8333740234375], [1528.8333740234375, 1011.5], [1626.1666259765625, 1019.5], [1742.5, 1019.5]]",
Parents,Right,ll289xll286-1_r07,Landmarked_Parents/marked_tiff/Right Side/LL289xLL286-1_R07_MARK.tif,Landmarked_Parents/txt/Right/LL289xLL286-1_R07.txt,Raw_Images/Parents/LL289xLL286-1_R07.tif,Parents,36,36,roi,2560,1920,"[[583.5, 844.5], [620.5, 1159.5], [888.5, 1267.5], [1134.166748046875, 1204.1666259765625], [1306.833251953125, 1206.8333740234375], [1447.0, 1210.5], [1593.833251953125, 1223.1666259765625], [1689.8333740234375, 1225.8333740234375], [1771.0, 1235.0], [1847.0, 1236.5], [2008.1666259765625, 1201.1666259765625], [2150.83349609375, 1098.5], [2229.83349609375, 978.5], [1251.5, 983.5], [1341.833251953125, 1044.8333740234375], [1403.166748046875, 1032.8333740234375], [1477.833251953125, 1095.5], [1547.166748046875, 1074.1666259765625], [1605.833251953125, 1126.1666259765625], [1665.8333740234375, 1091.5], [1708.5, 1143.5], [1759.1666259765625, 1102.1666259765625], [1787.5, 1168.5], [1859.5, 1196.5], [1850.8333740234375, 1057.1666259765625], [1988.1666259765625, 1152.1666259765625], [2074.16650390625, 1051.5], [2134.16650390625, 974.1666870117188], [951.5, 846.5], [950.5, 736.5], [1250.0, 882.0], [1405.5, 929.0], [1546.0, 958.0], [1668.5, 973.0], [1759.0, 981.5], [1852.1666259765625, 981.1666870117188]]",
Parents,Right,ll297xll283-1_r42,Landmarked_Parents/marked_tiff/Right Side/LL297xLL283-1_R42 (1)_MARK.tif,Landmarked_Parents/txt/Right/LL297xLL283-1_R42.txt,Raw_Images/Parents/LL297xLL283-1_R42.tif,Parents,36,36,roi,2560,1920,"[[529.0, 879.0], [530.1666870117188, 1136.1666259765625], [803.5, 1268.1666259765625], [992.5, 1218.5], [1170.5, 1221.5], [1331.5, 1227.1666259765625], [1465.5, 1235.1666259765625], [1571.5, 1242.5], [1648.8333740234375, 1252.5], [1730.5, 1254.8333740234375], [1907.8333740234375, 1217.8333740234375], [2038.5, 1125.8333740234375], [2114.5, 999.1666870117188], [1150.5, 997.5], [1241.5, 1067.5], [1292.5, 1040.5], [1375.5, 1116.5], [1441.166748046875, 1086.8333740234375], [1486.833251953125, 1150.8333740234375], [1547.833251953125, 1106.1666259765625], [1585.8333740234375, 1168.8333740234375], [1640.5, 1117.5], [1671.8333740234375, 1178.8333740234375], [1741.8333740234375, 1215.5], [1736.5, 1081.5], [1872.5, 1170.5], [1951.5, 1078.5], [2020.5, 984.5], [874.5, 859.5], [872.5, 768.5], [1154.833251953125, 904.5], [1294.5, 949.5], [1440.5, 976.5], [1552.5, 991.5], [1648.1666259765625, 998.5], [1736.1666259765625, 1002.1666870117188]]",
Parents,Right,lx024xll247v1-1_r09,Landmarked_Parents/marked_tiff/Right Side/LX024xLL247v1-1_R09_MARK.tif,Landmarked_Parents/txt/Right/LX024xLL247v1-1_R09.txt,Raw_Images/Parents/LX024xLL247v1-1_R09.tif,Parents,36,36,roi,2560,1920,"[[515.5, 817.1666870117188], [545.5, 1163.5], [759.5, 1278.1666259765625], [1009.5, 1207.8333740234375], [1201.5, 1209.1666259765625], [1337.5, 1211.8333740234375], [1498.833251953125, 1223.8333740234375], [1632.833251953125, 1226.1666259765625], [1722.833251953125, 1236.8333740234375], [1805.5, 1232.1666259765625], [1963.833251953125, 1170.8333740234375], [2081.166748046875, 1088.1666259765625], [2182.5, 948.5], [1165.833251953125, 963.5], [1269.833251953125, 1040.8333740234375], [1344.5, 1025.5], [1408.5, 1095.5], [1484.5, 1063.5], [1537.833251953125, 1143.5], [1607.166748046875, 1088.8333740234375], [1643.5, 1153.5], [1708.5, 1094.5], [1739.5, 1156.1666259765625], [1816.5, 1195.5], [1805.5, 1052.5], [1919.5, 1124.5], [2006.5, 1028.5], [2093.5, 943.0], [894.5, 835.5], [892.5, 741.5], [1166.5, 875.5], [1344.5, 930.5], [1488.5, 956.5], [1608.5, 967.5], [1711.0, 971.5], [1805.0, 976.0]]",
Parents,Right,lx025xll247v2-1_r06,Landmarked_Parents/marked_tiff/Right Side/LX025xLL247v2-1_R06_MARK.tif,Landmarked_Parents/txt/Right/LX025xLL247v2-1_R06.txt,Raw_Images/Parents/LX025xLL247v2-1_R06.tif,Parents,36,36,roi,2560,1920,"[[544.5, 759.5], [488.5, 1073.5], [728.5, 1236.5], [934.5, 1186.5], [1128.5, 1189.5], [1306.5, 1199.8333740234375], [1436.833251953125, 1214.8333740234375], [1542.1666259765625, 1220.5], [1624.1666259765625, 1235.1666259765625], [1702.5, 1241.5], [1874.8333740234375, 1208.1666259765625], [2014.8333740234375, 1112.1666259765625], [2128.5, 983.5], [1141.833251953125, 939.8333129882812], [1219.166748046875, 1005.1666870117188], [1303.166748046875, 997.1666870117188], [1364.5, 1065.1666259765625], [1435.166748046875, 1035.8333740234375], [1476.5, 1101.1666259765625], [1547.1666259765625, 1063.8333740234375], [1575.1666259765625, 1123.8333740234375], [1642.5, 1083.8333740234375], [1664.5, 1135.1666259765625], [1720.5, 1196.1666259765625], [1735.5, 1055.5], [1852.5, 1154.5], [1943.5, 1062.5], [2039.5, 968.5], [903.5, 808.5], [902.8333740234375, 739.5], [1142.833251953125, 868.1666870117188], [1311.166748046875, 925.8333129882812], [1439.166748046875, 952.5], [1545.8333740234375, 967.1666870117188], [1646.5, 975.5], [1737.5, 978.5]]",
Parents,Right,lx028xll255v2-1_r01,Landmarked_Parents/marked_tiff/Right Side/LX028xLL255v2-1_R01_MARK.tif,Landmarked_Parents/txt/Right/LX028xLL255v2-1_R01.txt,,,36,36,roi,2560,1920,"[[472.0, 846.0], [500.8333435058594, 1156.5], [793.5, 1249.5], [1007.5, 1209.5], [1188.5, 1203.8333740234375], [1349.833251953125, 1206.5], [1493.5, 1208.5], [1592.5, 1209.1666259765625], [1674.0, 1212.0], [1759.5, 1223.0], [1904.5, 1173.0], [2020.8333740234375, 1096.1666259765625], [2106.0, 970.5], [1141.5, 985.5], [1226.5, 1046.5], [1284.5, 1031.5], [1370.5, 1092.5], [1438.5, 1075.5], [1498.5, 1128.1666259765625], [1556.5, 1085.5], [1600.5, 1142.1666259765625], [1649.5, 1096.5], [1685.8333740234375, 1138.8333740234375], [1767.8333740234375, 1185.1666259765625], [1745.5, 1057.5], [1871.5, 1133.1666259765625], [1949.5, 1046.5], [2023.0, 965.0], [857.1666259765625, 866.1666870117188], [852.5, 767.5], [1142.5, 898.5], [1287.5, 941.5], [1442.5, 968.5], [1561.5, 977.5], [1654.5, 980.5], [1746.5, 980.5]]",no_raw_match
Parents,Right,lx028xll258v2-1_r01,Landmarked_Parents/marked_tiff/Right Side/LX028xLL258v2-1_R01_MARK.tif,Landmarked_Parents/txt/Right/LX028xLL258v2-1_R01.txt,Raw_Images/Parents/LX028xLL258v2-1_R01.tif,Parents,36,36,roi,2560,1920,"[[499.5, 849.8333129882812], [524.5, 1125.8333740234375], [800.5, 1256.5], [1028.5, 1220.5], [1203.5, 1233.0], [1374.833251953125, 1244.5], [1515.5, 1256.5], [1612.0, 1255.5], [1692.5, 1268.5], [1779.0, 1277.0], [1941.5, 1231.5], [2058.5, 1147.5], [2149.5, 1034.0], [1149.5, 1016.5], [1255.5, 1080.5], [1322.5, 1077.5], [1393.5, 1133.5], [1462.5, 1117.5], [1518.5, 1173.5], [1583.0, 1138.0], [1623.0, 1194.5], [1680.1666259765625, 1152.8333740234375], [1710.1666259765625, 1198.8333740234375], [1782.8333740234375, 1241.5], [1775.8333740234375, 1112.5], [1901.5, 1197.5], [1976.8333740234375, 1106.5], [2056.83349609375, 1023.1666870117188], [889.5, 876.5], [889.5, 781.5], [1151.5, 921.5], [1327.0, 975.0], [1466.5, 1003.0], [1588.1666259765625, 1021.5], [1686.1666259765625, 1032.1666259765625], [1775.8333740234375, 1032.5]]",
Parents,Right,lx037xll255v2-1_r01,Landmarked_Parents/marked_tiff/Right Side/LX037xLL255v2-1_R01_MARK.tif,Landmarked_Parents/txt/Right/LX037xLL255v2-1_R01.txt,Raw_Images/Parents/LX037xLL255v2-1_R01.tif,Parents,36,36,roi,2560,1920,"[[474.0, 687.0], [468.5, 979.8333740234375], [717.8333129882812, 1107.8333740234375], [967.1666259765625, 1064.8333740234375], [1162.833251953125, 1082.8333740234375], [1327.833251953125, 1095.1666259765625], [1457.833251953125, 1111.1666259765625], [1562.8333740234375, 1121.5], [1649.5, 1137.5], [1747.5, 1146.5], [1910.5, 1109.5], [2041.5, 1034.5], [2150.5, 917.5], [1134.5, 863.5], [1227.5, 930.5], [1283.5, 918.5], [1369.5, 988.5], [1444.5, 974.5], [1488.5, 1042.5], [1568.1666259765625, 1001.1666259765625], [1600.8333740234375, 1056.5], [1661.5, 1020.5], [1686.1666259765625, 1081.1666259765625], [1764.1666259765625, 1104.5], [1760.5, 976.5], [1881.8333740234375, 1059.1666259765625], [1980.5, 973.1666259765625], [2059.83349609375, 901.1666870117188], [864.5, 724.5], [862.5, 614.5], [1137.5, 764.1666870117188], [1286.166748046875, 822.8333129882812], [1447.5, 864.5], [1569.5, 885.5], [1665.5, 897.5], [1761.5, 906.5]]",
Parents,Right,lx037xll258v2-1_r07,Landmarked_Parents/marked_tiff/Right Side/LX037xLL258v2-1_R07_MARK.tif,Landmarked_Parents/txt/Right/LX037xLL258v2-1_R07.txt,Raw_Images/Parents/LX037xLL258v2-1_R07.tif,Parents,36,36,roi,2560,1920,"[[510.5, 699.5], [513.5, 1061.5], [747.5, 1215.5], [972.5, 1155.5], [1150.5, 1168.5], [1336.5, 1178.5], [1472.5, 1190.5], [1586.5, 1197.5], [1659.5, 1212.5], [1734.5, 1212.5], [1907.8333740234375, 1166.8333740234375], [2047.1666259765625, 1074.8333740234375], [2162.5, 940.8333129882812], [1160.5, 899.5], [1252.5, 959.5], [1325.5, 961.5], [1396.833251953125, 1026.5], [1472.166748046875, 1002.5], [1518.166748046875, 1069.8333740234375], [1592.1666259765625, 1026.5], [1614.8333740234375, 1098.5], [1676.8333740234375, 1045.1666259765625], [1700.5, 1109.5], [1758.5, 1167.5], [1786.5, 1031.5], [1879.5, 1120.5], [1978.5, 1024.5], [2071.5, 927.5], [903.5, 764.5], [900.5, 684.5], [1159.5, 810.5], [1327.5, 869.5], [1471.5, 902.8333129882812], [1594.8333740234375, 921.8333129882812], [1678.1666259765625, 929.8333129882812], [1786.8333740234375, 934.5]]",
Parents,Right,np078xnp060v4-1_r41,Landmarked_Parents/marked_tiff/Right Side/NP078xNP060v4-1_R41_MARK.tif,Landmarked_Parents/txt/Right/NP078xNP060v4-1_R41.txt,Raw_Images/Parents/NP078xNP060v4-1_R41.tif,Parents,36,36,roi,2560,1920,"[[596.0, 909.0], [567.5, 1181.1666259765625], [755.5, 1313.1666259765625], [1107.5, 1251.5], [1261.5, 1255.5], [1373.5, 1273.5], [1504.5, 1291.5], [1595.5, 1298.5], [1676.5, 1304.5], [1757.5, 1288.5], [1878.5, 1240.5], [1966.5, 1167.5], [2014.5, 1054.5], [1213.5, 1090.5], [1282.5, 1147.5], [1333.5, 1129.5], [1385.0, 1193.5], [1459.5, 1169.5], [1500.0, 1225.5], [1563.5, 1189.5], [1596.5, 1239.5], [1650.0, 1194.5], [1681.5, 1226.5], [1760.1666259765625, 1246.8333740234375], [1770.1666259765625, 1141.8333740234375], [1843.5, 1197.5], [1904.5, 1118.0], [1950.5, 1048.5], [946.5, 934.5], [943.8333740234375, 847.8333129882812], [1215.833251953125, 1001.5], [1333.5, 1036.5], [1462.833251953125, 1063.1666259765625], [1557.5, 1073.5], [1646.5, 1077.5], [1766.8333740234375, 1074.8333740234375]]",
Parents,Right,np081xnp060v4-1_r07,Landmarked_Parents/marked_tiff/Right Side/NP081xNP060v4-1_R07_MARK.tif,Landmarked_Parents/txt/Right/NP081xNP060v4-1_R07.txt,Raw_Images/Parents/NP081xNP060v4-1_R07.tif,Parents,36,36,roi,2560,1920,"[[609.0, 900.0], [536.5, 1100.5], [740.5, 1259.5], [1102.833251953125, 1216.1666259765625], [1240.166748046875, 1224.1666259765625], [1374.5, 1242.1666259765625], [1489.5, 1261.5], [1597.5, 1274.8333740234375], [1705.5, 1278.8333740234375], [1789.5, 1264.1666259765625], [1905.5, 1208.5], [1997.5, 1136.5], [2049.5, 1028.5], [1213.166748046875, 1058.5], [1292.5, 1128.5], [1350.5, 1110.5], [1423.5, 1162.5], [1479.833251953125, 1147.5], [1510.5, 1202.1666259765625], [1589.5, 1163.5], [1611.5, 1213.5], [1680.5, 1167.5], [1717.1666259765625, 1196.5], [1791.8333740234375, 1224.8333740234375], [1734.5, 1121.5], [1871.5, 1168.5], [1931.5, 1098.5], [1984.5, 1016.5], [954.8333740234375, 900.5], [953.5, 829.8333129882812], [1213.5, 967.5], [1349.5, 1009.5], [1478.5, 1033.5], [1593.5, 1044.5], [1687.5, 1046.5], [1737.5, 1048.5]]",
Parents,Right,np086xpx014-1_r28,Landmarked_Parents/marked_tiff/Right Side/NP086xPX014-1_R28_MARK.tif,Landmarked_Parents/txt/Right/NP086xPX014-1_R28.txt,Raw_Images/Parents/NP086xPX014-1_R28.tif,Parents,36,36,roi,2560,1920,"[[618.0, 831.0], [565.1666870117188, 1087.5], [751.8333129882812, 1252.8333740234375], [1101.5, 1203.5], [1260.5, 1210.5], [1379.5, 1227.5], [1487.5, 1239.5], [1583.5, 1238.5], [1687.5, 1249.5], [1776.5, 1238.5], [1890.833251953125, 1188.1666259765625], [1982.833251953125, 1117.5], [2042.166748046875, 1007.5], [1212.833251953125, 1041.5], [1289.5, 1095.5], [1355.166748046875, 1091.5], [1405.833251953125, 1154.8333740234375], [1476.5, 1119.5], [1509.833251953125, 1187.5], [1581.833251953125, 1136.8333740234375], [1607.166748046875, 1188.8333740234375], [1676.5, 1144.8333740234375], [1707.166748046875, 1186.1666259765625], [1787.5, 1201.5], [1794.833251953125, 1105.8333740234375], [1863.5, 1136.5], [1922.5, 1073.5], [1985.0, 995.5], [958.5, 896.5], [957.5, 829.5], [1210.5, 958.5], [1355.5, 1004.5], [1474.833251953125, 1026.1666259765625], [1579.5, 1032.8333740234375], [1672.5, 1035.5], [1795.5, 1027.8333740234375]]",
Parents,Right,np089xnp060v2-1_r04,Landmarked_Parents/marked_tiff/Right Side/NP089xNP060v2-1_R04_MARK.tif,Landmarked_Parents/txt/Right/NP089xNP060v2-1_R04.txt,Raw_Images/Parents/NP089xNP060v2-1_R04.tif,Parents,36,36,roi,2560,1920,"[[635.0, 823.0], [561.8333129882812, 1077.5], [744.5, 1230.8333740234375], [1113.5, 1191.5], [1290.166748046875, 1206.1666259765625], [1427.833251953125, 1228.5], [1546.5, 1242.5], [1641.5, 1243.5], [1741.0, 1253.5], [1836.0, 1237.0], [1953.5, 1181.5], [2044.5, 1115.5], [2106.5, 1005.5], [1245.5, 1038.5], [1318.5, 1094.5], [1386.5, 1086.5], [1450.5, 1149.5], [1520.5, 1123.5], [1557.5, 1198.5], [1626.5, 1137.5], [1653.5, 1199.5], [1726.166748046875, 1140.1666259765625], [1761.5, 1172.8333740234375], [1841.5, 1196.8333740234375], [1850.166748046875, 1098.1666259765625], [1921.5, 1138.5], [1984.5, 1066.5], [2042.0, 997.75], [993.1666259765625, 901.1666870117188], [989.1666259765625, 823.8333129882812], [1248.5, 953.5], [1387.166748046875, 994.1666870117188], [1521.833251953125, 1016.8333129882812], [1625.166748046875, 1027.5], [1727.166748046875, 1030.1666259765625], [1850.5, 1027.5]]",
Parents,Right,np091xpx013-1_r09,Landmarked_Parents/marked_tiff/Right Side/NP091xPX013-1_R09_MARK.tif,Landmarked_Parents/txt/Right/NP091xPX013-1_R09.txt,Raw_Images/Parents/NP091xPX013-1_R09.tif,Parents,36,36,roi,2560,1920,"[[625.1666870117188, 810.1666870117188], [546.5, 1102.1666259765625], [713.1666870117188, 1251.5], [1042.5, 1209.5], [1218.5, 1208.5], [1374.833251953125, 1224.1666259765625], [1484.833251953125, 1236.1666259765625], [1576.1666259765625, 1242.1666259765625], [1657.5, 1244.5], [1728.1666259765625, 1236.5], [1843.5, 1191.5], [1948.1666259765625, 1120.1666259765625], [2010.8333740234375, 1007.5], [1207.833251953125, 1023.1666870117188], [1271.166748046875, 1077.1666259765625], [1334.5, 1074.5], [1387.833251953125, 1133.1666259765625], [1459.833251953125, 1104.5], [1493.833251953125, 1182.5], [1558.5, 1125.5], [1586.5, 1191.5], [1651.0, 1133.0], [1686.0, 1156.0], [1732.8333740234375, 1194.5], [1718.5, 1093.8333740234375], [1822.5, 1148.5], [1888.5, 1082.1666259765625], [1939.8333740234375, 998.5], [955.5, 884.5], [952.8333740234375, 803.5], [1203.5, 945.5], [1334.5, 985.5], [1458.0, 1009.5], [1555.5, 1020.5], [1648.1666259765625, 1024.1666259765625], [1714.1666259765625, 1023.1666870117188]]",
Parents,Right,np096xnp081-1_r20,Landmarked_Parents/marked_tiff/Right Side/NP096xNP081-1_R20_MARK.tif,Landmarked_Parents/txt/Right/NP096xNP081-1_R20.txt,Raw_Images/Parents/NP096xNP081-1_R20.tif,Parents,36,36,roi,2560,1920,"[[656.0, 761.0], [593.5, 1065.5], [768.5, 1245.5], [1114.833251953125, 1195.833251953125], [1282.833251953125, 1187.8333740234375], [1406.166748046875, 1201.5], [1518.833251953125, 1222.1666259765625], [1614.833251953125, 1226.8333740234375], [1699.5, 1237.5], [1780.1666259765625, 1232.8333740234375], [1898.5, 1190.5], [2004.5, 1112.5], [2071.5, 994.5], [1250.0, 1004.0], [1323.0, 1057.0], [1380.0, 1052.5], [1439.5, 1104.5], [1496.0, 1087.5], [1530.833251953125, 1169.8333740234375], [1598.0, 1107.0], [1623.5, 1170.1666259765625], [1688.1666259765625, 1119.5], [1715.5, 1152.1666259765625], [1788.1666259765625, 1184.8333740234375], [1815.5, 1073.5], [1875.8333740234375, 1127.5], [1949.8333740234375, 1062.1666259765625], [2006.0, 981.0], [1009.5, 851.5], [1008.5, 782.5], [1249.5, 923.5], [1381.5, 964.5], [1497.5, 986.1666870117188], [1599.5, 998.8333129882812], [1688.8333740234375, 1004.8333129882812], [1816.8333740234375, 1008.8333129882812]]",
Parents,Right,np096xnp086-1_r03,Landmarked_Parents/marked_tiff/Right Side/NP096xNP086-1_R03_MARK.tif,Landmarked_Parents/txt/Right/NP096xNP086-1_R03.txt,Raw_Images/Parents/NP096xNP086-1_R03.tif,Parents,36,36,roi,2560,1920,"[[596.5, 857.5], [548.5, 1116.5], [714.5, 1274.5], [1109.5, 1226.5], [1269.833251953125, 1231.1666259765625], [1397.833251953125, 1249.8333740234375], [1511.5, 1261.5], [1606.1666259765625, 1268.8333740234375], [1700.8333740234375, 1269.5], [1781.5, 1264.8333740234375], [1907.5, 1210.5], [2002.5, 1139.5], [2057.5, 1029.5], [1223.166748046875, 1063.1666259765625], [1293.0, 1116.0], [1356.5, 1113.8333740234375], [1420.5, 1171.1666259765625], [1480.5, 1145.5], [1524.5, 1207.1666259765625], [1587.5, 1163.5], [1620.0, 1215.0], [1683.5, 1173.5], [1716.8333740234375, 1196.1666259765625], [1791.5, 1228.5], [1797.8333740234375, 1116.5], [1877.1666259765625, 1164.1666259765625], [1940.5, 1086.8333740234375], [1998.0, 1015.5], [967.5, 907.5], [965.5, 841.5], [1223.166748046875, 972.8333129882812], [1357.833251953125, 1014.1666870117188], [1481.5, 1036.1666259765625], [1587.8333740234375, 1046.8333740234375], [1685.8333740234375, 1050.8333740234375], [1793.1666259765625, 1047.1666259765625]]",
Parents,Right,np096xpx013-1_r12,Landmarked_Parents/marked_tiff/Right Side/NP096xPX013-1_R12_MARK.tif,Landmarked_Parents/txt/Right/NP096xPX013-1_R12.txt,Raw_Images/Parents/NP096xPX013-1_R12.tif,Parents,36,36,roi,2560,1920,"[[672.0, 874.0], [625.5, 1089.5], [832.1666870117188, 1292.1666259765625], [1165.5, 1250.5], [1328.5, 1248.5], [1449.5, 1257.5], [1564.5, 1270.5], [1657.5, 1273.5], [1746.5, 1281.5], [1828.8333740234375, 1271.1666259765625], [1949.5, 1224.5], [2043.5, 1148.5], [2094.5, 1031.5], [1287.5, 1079.5], [1359.5, 1124.5], [1416.5, 1114.5], [1468.5, 1167.5], [1535.5, 1145.5], [1577.5, 1200.5], [1640.5, 1166.5], [1671.5, 1224.5], [1731.5, 1180.5], [1761.0, 1202.5], [1836.5, 1233.5], [1855.8333740234375, 1133.5], [1920.5, 1179.5], [1979.1666259765625, 1109.5], [2027.1666259765625, 1027.5], [1030.5, 925.5], [1029.1666259765625, 845.5], [1288.5, 983.5], [1419.5, 1023.5], [1544.5, 1045.5], [1651.0, 1055.5], [1739.5, 1057.5], [1858.1666259765625, 1055.1666259765625]]",
Parents,Right,np096xpx013-2_r06,Landmarked_Parents/marked_tiff/Right Side/NP096xPX013-2_R06_MARK.tif,Landmarked_Parents/txt/Right/NP096xPX013-2_R06.txt,Raw_Images/Parents/NP096xPX013-2_R06.tif,Parents,36,36,roi,2560,1920,"[[617.5, 785.5], [548.5, 1061.8333740234375], [708.5, 1227.1666259765625], [1071.5, 1186.5], [1247.5, 1188.5], [1384.5, 1203.5], [1496.5, 1221.5], [1589.8333740234375, 1222.8333740234375], [1677.8333740234375, 1224.1666259765625], [1765.5, 1213.5], [1893.5, 1173.5], [1988.5, 1093.5], [2055.5, 979.5], [1220.5, 1008.5], [1282.5, 1057.5], [1356.5, 1057.5], [1410.5, 1100.5], [1473.5, 1086.5], [1515.0, 1135.0], [1573.0, 1105.0], [1601.5, 1154.5], [1657.8333740234375, 1116.1666259765625], [1694.5, 1146.8333740234375], [1768.5, 1180.0], [1787.1666259765625, 1070.8333740234375], [1857.1666259765625, 1124.8333740234375], [1927.8333740234375, 1052.1666259765625], [2000.5, 970.8333129882812], [972.5, 860.5], [973.5, 792.5], [1221.5, 936.1666870117188], [1358.166748046875, 976.8333129882812], [1476.833251953125, 997.5], [1570.5, 1007.5], [1661.1666259765625, 1010.1666870117188], [1789.1666259765625, 1004.8333129882812]]",
Parents,Right,px013xnp060v4-2_r12,Landmarked_Parents/marked_tiff/Right Side/PX013xNP060v4-2_R12_MARK.tif,Landmarked_Parents/txt/Right/PX013xNP060v4-2_R12.txt,Raw_Images/Parents/PX013xNP060v4-2_R12.tif,Parents,36,36,roi,2560,1920,"[[564.0, 825.0], [527.5, 1078.1666259765625], [739.5, 1238.1666259765625], [1111.833251953125, 1186.5], [1281.166748046875, 1200.5], [1418.5, 1219.8333740234375], [1529.833251953125, 1228.5], [1635.5, 1233.5], [1726.5, 1233.5], [1809.5, 1216.5], [1935.5, 1174.5], [2037.5, 1096.5], [2092.0, 995.0], [1238.166748046875, 1022.8333129882812], [1296.833251953125, 1088.8333740234375], [1371.5, 1078.8333740234375], [1434.0, 1144.0], [1497.5, 1114.5], [1537.5, 1180.0], [1606.0, 1129.0], [1641.5, 1156.5], [1700.5, 1130.5], [1736.5, 1157.5], [1809.5, 1182.5], [1751.5, 1082.5], [1894.5, 1129.5], [1960.5, 1056.5], [2014.0, 984.5], [939.5, 890.5], [939.5, 797.5], [1240.5, 943.5], [1372.5, 984.1666870117188], [1500.5, 1004.0], [1610.0, 1014.0], [1700.0, 1016.0], [1750.5, 1015.5]]",
Parents,Right,px013xnp097-1_r09,Landmarked_Parents/marked_tiff/Right Side/PX013xNP097-1_R09_MARK.tif,Landmarked_Parents/txt/Right/PX013xNP097-1_R09.txt,Raw_Images/Parents/PX013xNP097-1_R09.tif,Parents,36,36,roi,2560,1920,"[[564.0, 812.0], [510.1666564941406, 1042.1666259765625], [703.5, 1222.1666259765625], [1032.5, 1180.1666259765625], [1219.1666259765625, 1184.1666259765625], [1346.8333740234375, 1200.5], [1472.5, 1215.8333740234375], [1559.1666259765625, 1226.5], [1652.1666259765625, 1230.8333740234375], [1744.1666259765625, 1214.1666259765625], [1856.1666259765625, 1168.8333740234375], [1942.833251953125, 1110.1666259765625], [2013.833251953125, 1012.1666870117188], [1191.5, 992.5], [1255.5, 1055.5], [1316.5, 1053.5], [1377.5, 1118.5], [1447.5, 1089.5], [1479.5, 1159.5], [1539.5, 1105.5], [1571.5, 1171.5], [1633.5, 1115.5], [1672.833251953125, 1144.8333740234375], [1750.833251953125, 1169.5], [1755.5, 1065.5], [1826.5, 1110.5], [1888.5, 1047.8333740234375], [1951.5, 972.5], [927.5, 849.5], [924.5, 785.5], [1192.5, 916.1666870117188], [1317.5, 957.0], [1450.0, 983.0], [1542.5, 996.0], [1636.1666259765625, 1000.5], [1756.1666259765625, 998.5]]",
Parents,Right,px013xpx012-1_r03,Landmarked_Parents/marked_tiff/Right Side/PX013xPX012-1_R03_MARK.tif,Landmarked_Parents/txt/Right/PX013xPX012-1_R03.txt,Raw_Images/Parents/PX013xPX012-1_R03.tif,Parents,36,36,roi,2560,1920,"[[614.0, 839.0], [562.8333129882812, 1025.5], [713.5, 1226.5], [1117.833251953125, 1190.1666259765625], [1251.166748046875, 1202.1666259765625], [1385.833251953125, 1219.5], [1499.166748046875, 1232.8333740234375], [1588.166748046875, 1243.1666259765625], [1686.833251953125, 1248.8333740234375], [1769.5, 1231.5], [1883.833251953125, 1184.1666259765625], [1989.5, 1108.5], [2041.166748046875, 997.5], [1226.166748046875, 1026.5], [1284.5, 1083.5], [1350.5, 1069.5], [1405.5, 1141.5], [1463.5, 1106.5], [1508.5, 1176.5], [1565.5, 1124.5], [1600.5, 1177.5], [1655.5, 1133.5], [1696.5, 1166.5], [1769.5, 1194.5], [1723.5, 1104.5], [1854.5, 1138.5], [1917.5, 1066.5], [1970.5, 984.5], [962.5, 865.5], [958.5, 801.5], [1224.5, 943.5], [1348.5, 985.5], [1454.5, 1007.5], [1562.5, 1018.5], [1656.5, 1024.5], [1724.5, 1021.5]]",
Parents,Right,px014xnp012-5_r00,Landmarked_Parents/marked_tiff/Right Side/PX014xNP012-5_R00_MARK.tif,Landmarked_Parents/txt/Right/PX014xNP012-5_R00.txt,Raw_Images/Parents/PX014xNP012-5_R00.tif,Parents,36,36,roi,2560,1920,"[[556.0, 839.0], [511.5, 1052.5], [677.5, 1276.5], [1035.166748046875, 1228.1666259765625], [1200.5, 1224.1666259765625], [1329.833251953125, 1233.5], [1448.5, 1246.8333740234375], [1539.1666259765625, 1254.8333740234375], [1629.5, 1256.5], [1721.5, 1241.5], [1842.1666259765625, 1191.8333740234375], [1932.8333740234375, 1111.8333740234375], [1999.0, 1001.0], [1167.166748046875, 1030.1666259765625], [1234.166748046875, 1086.8333740234375], [1307.5, 1071.5], [1360.166748046875, 1128.1666259765625], [1417.833251953125, 1107.5], [1457.5, 1178.8333740234375], [1521.833251953125, 1120.8333740234375], [1541.8333740234375, 1209.8333740234375], [1615.8333740234375, 1129.8333740234375], [1649.8333740234375, 1152.5], [1730.5, 1187.1666259765625], [1735.5, 1083.5], [1818.1666259765625, 1144.5], [1876.8333740234375, 1071.1666259765625], [1932.0, 987.0], [921.5, 885.5], [921.5, 821.5], [1169.833251953125, 944.8333129882812], [1310.5, 986.8333129882812], [1421.166748046875, 1004.8333129882812], [1526.5, 1016.8333129882812], [1618.5, 1019.5], [1737.8333740234375, 1016.8333129882812]]",
Parents,Right,px014xnp060v2-2_r03,Landmarked_Parents/marked_tiff/Right Side/PX014xNP060v2-2_R03_MARK.tif,Landmarked_Parents/txt/Right/PX014xNP060v2-2_R03.txt,,,36,36,roi,2560,1920,"[[692.0, 709.0], [608.5, 953.5], [826.5, 1188.8333740234375], [1139.833251953125, 1141.1666259765625], [1315.833251953125, 1153.1666259765625], [1450.5, 1178.5], [1558.5, 1189.5], [1657.5, 1194.5], [1753.5, 1204.5], [1850.5, 1201.1666259765625], [1979.5, 1152.5], [2084.5, 1077.5], [2147.5, 971.5], [1293.833251953125, 962.1666870117188], [1377.166748046875, 1020.8333740234375], [1447.166748046875, 1014.8333740234375], [1500.5, 1077.5], [1567.166748046875, 1055.5], [1601.5, 1119.8333740234375], [1673.5, 1076.5], [1685.5, 1152.5], [1770.1666259765625, 1092.5], [1800.8333740234375, 1126.5], [1871.1666259765625, 1155.1666259765625], [1812.5, 1047.1666259765625], [1950.8333740234375, 1099.8333740234375], [2026.8333740234375, 1032.5], [2091.5, 954.0], [1047.5, 800.5], [1047.5, 756.5], [1291.5, 889.5], [1445.0, 939.0], [1565.5, 959.5], [1668.5, 970.5], [1763.0, 976.0], [1808.5, 976.5]]",no_raw_match
Parents,Right,px014xnp060v4-2_r07,Landmarked_Parents/marked_tiff/Right Side/PX014xNP060v4-2_R07_MARK.tif,Landmarked_Parents/txt/Right/PX014xNP060v4-2_R07.txt,Raw_Images/Parents/PX014xNP060v4-2_R07.tif,Parents,36,36,roi,2560,1920,"[[637.0, 779.0], [563.1666870117188, 1016.5], [711.1666870117188, 1263.1666259765625], [1104.5, 1212.5], [1258.5, 1210.5], [1391.5, 1221.0], [1519.5, 1234.5], [1616.5, 1240.5], [1721.5, 1249.5], [1816.5, 1230.5], [1926.5, 1187.1666259765625], [2023.833251953125, 1108.5], [2081.166748046875, 997.8333129882812], [1237.5, 1015.5], [1318.5, 1078.5], [1369.5, 1072.5], [1433.5, 1139.5], [1493.5, 1107.5], [1534.833251953125, 1174.5], [1603.5, 1125.5], [1636.833251953125, 1163.1666259765625], [1701.166748046875, 1130.5], [1736.833251953125, 1158.8333740234375], [1821.5, 1189.5], [1754.5, 1077.5], [1908.833251953125, 1136.1666259765625], [1960.166748046875, 1061.5], [2018.833251953125, 984.1666870117188], [1000.5, 864.5], [999.5, 803.5], [1237.5, 936.1666870117188], [1366.833251953125, 985.5], [1491.5, 1007.5], [1598.5, 1018.5], [1694.5, 1019.5], [1755.5, 1019.5]]",
Parents,Right,px014xnp068v1-1_r12,Landmarked_Parents/marked_tiff/Right Side/PX014xNP068v1-1_R12_MARK.tif,Landmarked_Parents/txt/Right/PX014xNP068v1-1_ R12.txt,Raw_Images/Parents/PX014xNP068v1-1_ R12.tif,Parents,36,36,roi,2560,1920,"[[626.8333129882812, 817.8333129882812], [549.5, 1062.5], [685.5, 1296.5], [1091.5, 1239.5], [1237.5, 1242.5], [1395.833251953125, 1259.8333740234375], [1488.5, 1271.8333740234375], [1594.5, 1281.5], [1694.8333740234375, 1287.5], [1801.5, 1274.0], [1922.5, 1224.5], [2011.5, 1151.5], [2075.5, 1040.8333740234375], [1228.5, 1042.1666259765625], [1305.833251953125, 1114.1666259765625], [1367.166748046875, 1106.1666259765625], [1421.833251953125, 1175.5], [1493.833251953125, 1143.5], [1521.833251953125, 1215.5], [1597.1666259765625, 1160.8333740234375], [1621.1666259765625, 1221.5], [1699.1666259765625, 1167.5], [1731.1666259765625, 1200.1666259765625], [1808.5, 1232.5], [1750.5, 1121.5], [1885.8333740234375, 1175.8333740234375], [1955.5, 1103.8333740234375], [2018.8333740234375, 1028.8333740234375], [988.5, 901.5], [988.5, 839.5], [1227.5, 967.5], [1367.5, 1020.1666870117188], [1498.5, 1046.0], [1601.5, 1055.5], [1699.5, 1057.5], [1753.1666259765625, 1057.5]]",
Parents,Right,px014xnp072-36_r02,Landmarked_Parents/marked_tiff/Right Side/PX014xNP072-36_R02_MARK.tif,Landmarked_Parents/txt/Right/PX014xNP072-36_R02.txt,Raw_Images/Parents/PX014xNP072-36_R02.tif,Parents,36,36,roi,2560,1920,"[[610.5, 838.5], [541.5, 1014.5], [719.5, 1247.5], [1110.5, 1211.5], [1263.5, 1219.5], [1392.5, 1236.1666259765625], [1501.833251953125, 1252.1666259765625], [1601.1666259765625, 1264.1666259765625], [1699.5, 1272.5], [1790.0, 1265.5], [1916.5, 1223.5], [2019.5, 1152.5], [2082.5, 1045.5], [1227.5, 1047.5], [1297.166748046875, 1103.1666259765625], [1364.5, 1098.8333740234375], [1420.5, 1152.8333740234375], [1484.5, 1132.5], [1517.166748046875, 1201.5], [1587.5, 1153.1666259765625], [1616.5, 1209.5], [1684.5, 1164.8333740234375], [1718.1666259765625, 1189.8333740234375], [1795.5, 1232.5], [1735.5, 1122.5], [1884.5, 1178.5], [1958.5, 1113.5], [2020.5, 1028.5], [984.5, 897.5], [984.5, 821.5], [1227.5, 949.5], [1367.5, 998.5], [1487.5, 1022.5], [1592.0, 1038.5], [1686.5, 1047.0], [1741.5, 1049.5]]",
Parents,Right,px014xnp072-4_r06,Landmarked_Parents/marked_tiff/Right Side/PX014xNP072-4_R06_MARK.tif,Landmarked_Parents/txt/Right/PX014xNP072-4_R06.txt,Raw_Images/Parents/PX014xNP072-4_R06.tif,Parents,36,36,roi,2560,1920,"[[563.5, 865.8333129882812], [518.1666870117188, 1059.8333740234375], [726.1666870117188, 1287.8333740234375], [1063.5, 1235.5], [1214.5, 1244.1666259765625], [1344.0, 1265.5], [1450.5, 1284.8333740234375], [1542.5, 1296.5], [1629.833251953125, 1301.8333740234375], [1712.5, 1296.5], [1840.5, 1251.5], [1940.166748046875, 1177.8333740234375], [1998.5, 1066.5], [1173.833251953125, 1079.5], [1243.166748046875, 1131.5], [1305.833251953125, 1122.1666259765625], [1356.5, 1183.5], [1429.0, 1162.0], [1463.0, 1229.0], [1531.5, 1180.8333740234375], [1552.833251953125, 1242.1666259765625], [1624.166748046875, 1184.8333740234375], [1649.5, 1220.1666259765625], [1715.0, 1249.5], [1674.166748046875, 1138.1666259765625], [1804.5, 1208.1666259765625], [1878.5, 1130.5], [1937.0, 1052.5], [917.5, 902.5], [913.5, 831.5], [1170.5, 979.5], [1305.166748046875, 1025.8333740234375], [1430.166748046875, 1053.8333740234375], [1532.166748046875, 1067.8333740234375], [1622.833251953125, 1073.8333740234375], [1677.5, 1075.5]]",
