ind,genPC1_LecPine,genPC2_LecPine,genPC3_LecPine,ID,avg_perc_PP_reads_mapped,MERGED_FINAL_read_count,species,city,state,area,latitude,longitude,host,stage,lcPC1,lcPC2,change_tmax,site_number,grouped_site_number_5km,allele_imbalance,average_depth_coverage,missingness,heterozygosity,pop,admix_prop_k2,lec_blue_k2,pine_orange_k2,lec_blue_k3,pine_orange_k3,lec_purple_k3,lec_blue_k4,pine_orange_k4,lec_purple_k4,lec_green_k4
21074D-06-01,-0.0909532,-0.00361621,0.136863,AG001_AG1,0.9496,45314600,pinetum,Arrington,TN,Central,35.8428,-86.6612,white,larva,-0.890367367,-1.201586252,0.251053397,7,7,29.88882,23.4,0.007336428,0.062745098,pinetum_TN,0,0,1,0,0.9048,0.0952,0,0.7846,6.00E-04,0.2147
21074D-06-04,0.0202362,0.0444152,-0.00108661,AG008_F10,0.98155,42546108,lecontei,Kings_Mountain,NC,Central,35.187,-81.2913,virginia,adultF,0.622175066,-1.121585666,0.808802732,4,4,14.33974,21.4,0.007727639,0.131799133,lecontei_NC,0.0073,0.9927,0.0073,0.1802,0,0.8198,0.0257,0,0.3027,0.6716
21074D-06-05,0.0201726,0.0442941,-0.00101041,AG009_F3,0.94605,45532920,lecontei,Kings_Mountain,NC,Central,35.187,-81.2913,virginia,adultF,0.622175066,-1.121585666,0.808802732,4,4,11.59912,22.5,0.005766751,0.166894173,lecontei_NC,0.0072,0.9928,0.0072,0.1803,0,0.8196,0.0253,0,0.288,0.6867
21074D-06-06,0.0201186,0.0441482,-0.00099387,AG010,0.9331,42076196,lecontei,Kings_Mountain,NC,Central,35.187,-81.2913,virginia,adultF,0.622175066,-1.121585666,0.808802732,4,4,14.06141,20,0.012755435,0.165727369,lecontei_NC,0.0073,0.9927,0.0073,0.1792,0,0.8208,0.025,0,0.2884,0.6866
21074D-06-07,0.0202132,0.0441127,-0.0009134,AG011,0.933,36612420,lecontei,Kings_Mountain,NC,Central,35.187,-81.2913,virginia,adultF,0.622175066,-1.121585666,0.808802732,4,4,16.04674,18,0.027616651,0.166318153,lecontei_NC,0.0073,0.9927,0.0073,0.1814,0,0.8186,0.0257,0,0.2876,0.6867
21074D-06-09,0.0203449,0.0436933,-0.00094994,AG024_F1,0.9789,36928742,lecontei,Cary,NC,Central,35.7835,-78.8246,loblolly,adultF,-1.970652019,-0.386446543,0.295069472,6,6,14.5964,18.8,0.02142005,0.157471843,lecontei_NC,0.0045,0.9955,0.0045,0.1848,0,0.8152,0.0268,0,0.2865,0.6867
21074D-06-10,0.0201797,0.0437439,-0.000799148,AG028,0.979,38957364,lecontei,Cary,NC,Central,35.7835,-78.8246,loblolly,adultF,-1.970652019,-0.386446543,0.295069472,6,6,13.78682,19.9,0.014735642,0.158741752,lecontei_NC,0.0047,0.9953,0.0047,0.184,0,0.816,0.0267,0,0.2868,0.6865
21074D-06-11,0.0202669,0.043742,-0.00148146,AG029_F1,0.9802,36220170,lecontei,Cary,NC,Central,35.7835,-78.8246,loblolly,adultF,-1.970652019,-0.386446543,0.295069472,6,6,16.25093,18.2,0.024100575,0.156860125,lecontei_NC,0.0054,0.9946,0.0054,0.184,0,0.816,0.0268,0,0.2868,0.6864
21074D-06-12,0.0202863,0.0438123,-0.00109334,AG030_F1,0.9792,49316876,lecontei,Cary,NC,Central,35.7835,-78.8246,loblolly,adultF,-1.970652019,-0.386446543,0.295069472,6,6,10.59971,25.2,0.003776884,0.152375319,lecontei_NC,0.0048,0.9952,0.0048,0.1841,0,0.8159,0.0272,0,0.2867,0.6861
21074D-06-13,0.0202538,0.0433823,-0.00110476,AG031,0.98015,40503784,lecontei,Raleigh,NC,Central,35.7819,-78.6389,longleaf,adultF,-2.001867965,-0.287741181,0.326970641,5,5,14.39203,20.7,0.01093461,0.155782894,lecontei_NC,0.006,0.994,0.006,0.1862,0,0.8137,0.027,0,0.286,0.687
21074D-06-14,-0.0874587,-0.00283575,0.109225,AG033_AG1,0.94115,36348906,pinetum,Knoxville,TN,Central,35.9854,-83.9934,white,larva,-1.970904341,-0.613450176,0.724738204,12,11,34.8629,19,0.027133674,0.092845689,pinetum_TN,0.0285,0.0285,0.9715,0.0015,0.8859,0.1126,0,0.7748,0.0073,0.2179
21074D-06-15,-0.0999471,-0.012072,-0.127742,AG035_AG1,0.91965,39393348,pinetum,Dayton,OH,Central,39.6741,-84.2271,white,larva,-1.938995308,0.673690323,0.781915568,81,55,44.71803,20.7,0.01735338,0.049307958,pinetum_OH,0.0082,0.0082,0.9918,0.0011,0.9899,0.009,0,0.9896,0.0104,0
21074D-06-16,-0.0933756,-0.00881013,-0.0477773,AG039_F1,0.94235,38600502,pinetum,Canton,OH,Central,40.7557,-81.4498,white,adultF,-1.849977312,-0.831973832,0.737373767,90,63,35.53532,19.1,0.02334713,0.079578666,pinetum_OH,0,0,1,0,0.9799,0.0201,0,0.9532,0,0.0468
21074D-06-18,-0.100939,-0.0125565,-0.110666,AG045_F2,0.96165,54811794,pinetum,Demotte,IN,Central,41.1655,-87.2717,white,adultF,-1.086942374,-1.223232523,0.271502576,92,65,27.76255,28.2,0.007012833,0.049519205,pinetum_IN,0,0,1,0,1,0,0,1,0,0
21074D-06-22,-0.103036,-0.0135999,-0.130008,AG064,0.96945,49800846,pinetum,West_Lafeyette,IN,Central,40.4693,-86.9132,white,adultF,-1.633508441,-0.589725734,0.29710147,88,61,37.57554,24.7,0.006959705,0.03430314,pinetum_IN,0,0,1,0,1,0,0,1,0,0
21074D-06-23,-0.103292,-0.0136874,-0.131097,AG065_F1,0.97205,60016634,pinetum,West_Lafeyette,IN,Central,40.4693,-86.9132,white,adultF,-1.633508441,-0.589725734,0.29710147,88,61,37.88604,28.5,0.007780767,0.028115539,pinetum_IN,0,0,1,0,1,0,0,1,0,0
21074D-06-24,-0.103039,-0.0135941,-0.130199,AG066_F1,0.972,45382120,pinetum,West_Lafeyette,IN,Central,40.4693,-86.9132,white,adultF,-1.633508441,-0.589725734,0.29710147,88,61,39.977,22,0.009142763,0.034061885,pinetum_IN,0,0,1,0,1,0,0,1,0,0
21074D-06-25,-0.103177,-0.0136204,-0.13052,AG067,0.97145,48134704,pinetum,West_Lafeyette,IN,Central,40.4693,-86.9132,white,adultF,-1.633508441,-0.589725734,0.29710147,88,61,40.12768,23.8,0.007312279,0.03024789,pinetum_IN,0,0,1,0,1,0,0,1,0,0
21074D-06-26,-0.101583,-0.01306,-0.128415,AG068_F2,0.95975,43008790,pinetum,West_Lafeyette,IN,Central,40.4693,-86.9132,white,adultF,-1.633508441,-0.589725734,0.29710147,88,61,45.41984,17.1,0.064269811,0.036553767,pinetum_IN,0,0,1,0,1,0,0,1,0,0
21074D-06-27,-0.103186,-0.0136023,-0.12982,AG070_F1,0.9646,54767544,pinetum,West_Lafeyette,IN,Central,40.4693,-86.9132,white,adultF,-1.633508441,-0.589725734,0.29710147,88,61,32.68966,28.2,0.006911407,0.037846881,pinetum_IN,0,0,1,0,1,0,0,1,0,0
21074D-06-28,-0.103124,-0.0136109,-0.130112,AG071_F3,0.96855,55290610,pinetum,West_Lafeyette,IN,Central,40.4693,-86.9132,white,adultF,-1.633508441,-0.589725734,0.29710147,88,61,34.47002,27.2,0.006563664,0.037138412,pinetum_IN,0,0,1,0,1,0,0,1,0,0
21074D-06-29,-0.103224,-0.0136432,-0.130249,AG073_F1,0.97055,51498244,pinetum,West_Lafeyette,IN,Central,40.4693,-86.9132,white,adultF,-1.633508441,-0.589725734,0.29710147,88,61,35.82867,25.9,0.007244662,0.035232475,pinetum_IN,0,0,1,0,1,0,0,1,0,0
21074D-06-30,-0.10277,-0.0135543,-0.129455,AG074_F2,0.97055,41868752,pinetum,West_Lafeyette,IN,Central,40.4693,-86.9132,white,adultF,-1.633508441,-0.589725734,0.29710147,88,61,42.45949,20.8,0.013397795,0.03695019,pinetum_IN,0,0,1,0,1,0,0,1,0,0
21074D-06-31,0.0202983,0.0351057,-0.00122959,AG078_F7,0.9727,47143494,lecontei,Salem,NH,Central,42.7553,-71.2203,pitch,adultF,-1.233048028,0.184040541,0.987538772,101,73,11.04102,24.2,0.003738246,0.152796025,lecontei_NH,0.0086,0.9914,0.0086,0.2521,0,0.7479,0.0808,0,0.2662,0.653
21074D-06-32,0.0323185,-0.0547286,0.000577251,AG090_AG1,0.9501,38375356,lecontei,Baxter,MN,North,46.3478,-94.2733,jack,larva,-0.510541442,0.739356116,-0.717483575,187,120,49.81279,19.6,0.01627634,0.016825495,lecontei_MN,0,1,0,1,0,0,0.89,0,0,0.11
21074D-06-33,0.032186,-0.0555291,0.000677355,AG091_AG1,0.93345,38815844,lecontei,Sauntry,WI,North,46.3745,-91.8158,jack,larva,0.534799752,0.382358195,-0.128853168,189,122,30.34542,20.6,0.00856319,0.030578343,lecontei_WI,0,1,0,1,0,0,0.89,0,0,0.11
21074D-06-34,0.0321992,-0.0558577,0.000696627,AG092_AG1,0.9424,43183248,lecontei,Minong,WI,North,46.1797,-91.802,jack,larva,1.214510572,0.058646174,-0.148340516,185,118,26.98804,23.2,0.005225816,0.032359553,lecontei_WI,0,1,0,1,0,0,0.89,0,0,0.11
21074D-06-35,0.0321991,-0.0558102,0.000655719,AG093_AG1,0.84725,34791842,lecontei,Minong,WI,North,46.1797,-91.802,jack,larva,1.214510572,0.058646174,-0.148340516,185,118,33.66997,18.9,0.024457979,0.033834196,lecontei_WI,0,1,0,1,0,0,0.89,0,0,0.11
21074D-06-36,0.0321884,-0.0558566,0.000712069,AG094_AG1,0.8846,39647494,lecontei,Minong,WI,North,46.1797,-91.802,jack,larva,1.214510572,0.058646174,-0.148340516,185,118,33.10312,21.4,0.011832948,0.031681484,lecontei_WI,0,1,0,1,0,0,0.89,0,0,0.11
21074D-06-37,-0.101568,-0.0129362,-0.116506,AG101,0.9664,40441530,pinetum,Auburn,IN,Central,41.3811,-85.0525,white,adultF,-2.038918079,-0.799325321,0.303153237,94,67,48.43841,20.6,0.015402151,0.04482488,pinetum_IN,0,0,1,0,1,0,0,1,0,0
21074D-06-38,0.0324481,-0.0571104,0.000888604,AG106_AG1,0.92505,49410996,lecontei,Morley,MI,North,43.4595,-85.4743,jack,larva,0.68645207,-0.947370144,0.43582954,105,77,21.66662,26.8,0.002487334,0.042424008,lecontei_MI,0,1,0,1,0,0,1,0,0,0
21074D-06-39,0.0324666,-0.0569293,0.000874071,AG107_AG1,0.8844,39366966,lecontei,Morley,MI,North,43.4595,-85.4743,jack,larva,0.68645207,-0.947370144,0.43582954,105,77,27.6523,21,0.008640467,0.04205398,lecontei_MI,0,1,0,1,0,0,1,0,0,0
21074D-06-40,0.0323785,-0.0569349,0.000823795,AG108_AG1,0.93555,45279742,lecontei,Morley,MI,North,43.4595,-85.4743,jack,larva,0.68645207,-0.947370144,0.43582954,105,77,20.63096,23.2,0.002941333,0.052000581,lecontei_MI,0,1,0,1,0,0,1,0,0,0
21074D-06-41,0.0324264,-0.0562396,0.00084691,AG111,0.98035,33007084,lecontei,Bitely,MI,North,43.7596,-85.7407,jack,adultF,1.323001761,-0.654492019,0.412292459,111,80,25.98877,16.1,0.054726176,0.057184316,lecontei_MI,0,1,0,1,0,0,1,0,0,0
21074D-06-42,0.0324199,-0.0570501,0.000924877,AG112_AG1,0.8823,36895646,lecontei,Bitely,MI,North,43.7853,-85.7458,jack,larva,1.505018091,-0.952235629,0.412067861,116,80,20.74783,19.7,0.018473888,0.057557178,lecontei_MI,0,1,0,1,0,0,1,0,0,0
21074D-06-43,0.0323527,-0.0560845,0.000851806,AG113_AG1,0.9593,43517450,lecontei,Bitely,MI,North,43.7892,-85.7404,jack,larva,1.55655662,-0.963775252,0.442582105,118,80,18.52804,22.6,0.003825181,0.061059746,lecontei_MI,0,1,0,1,0,0,1,0,0,0
21074D-06-44,0.0323164,-0.0568032,0.000890537,AG114_AG1,0.8284,39580728,lecontei,Bitely,MI,North,43.7892,-85.7404,jack,larva,1.55655662,-0.963775252,0.442582105,118,80,19.92077,21,0.007510299,0.062133201,lecontei_MI,0,1,0,1,0,0,1,0,0,0
21074D-06-45,0.0323022,-0.0568026,0.000861079,AG115_AG1,0.894,33455878,lecontei,Bitely,MI,North,43.7892,-85.7404,jack,larva,1.55655662,-0.963775252,0.442582105,118,80,24.20003,18.1,0.027664949,0.062442567,lecontei_MI,0,1,0,1,0,0,1,0,0,0
21074D-06-46,0.0323032,-0.0567006,0.000881632,AG116_AG1,0.9789,39038170,lecontei,Kaleva,MI,North,44.3947,-86.0105,red,larva,4.161126287,-0.490732941,0.316721522,136,91,21.33511,20.7,0.008505233,0.057743268,lecontei_MI,0,1,0,1,0,0,1,0,0,0
21074D-06-47,0.0323613,-0.0567385,0.00088479,AG117_AG1,0.91215,36926126,lecontei,Kaleva,MI,North,44.3947,-86.0105,red,larva,4.161126287,-0.490732941,0.316721522,136,91,22.25018,19.6,0.015165492,0.057167658,lecontei_MI,0,1,0,1,0,0,1,0,0,0
21074D-06-48,0.0322819,-0.0563437,0.000788851,AG118_AG1,0.9553,36741836,lecontei,Kaleva,MI,North,44.3947,-86.0105,jack,larva,4.161126287,-0.490732941,0.316721522,136,91,20.3836,19.7,0.013088689,0.05862317,lecontei_MI,0,1,0,1,0,0,0.9991,0,0,9.00E-04
21074D-06-50,0.0323008,-0.0567296,0.000771847,AG120_AG1,0.9485,41129146,lecontei,Roscommon,MI,North,44.5547,-84.7347,jack,larva,3.37496731,-0.897524022,0.250140374,138,93,18.52228,22.7,0.006254558,0.064324387,lecontei_MI,0,1,0,1,0,0,1,0,0,0
21074D-06-51,0.0324192,-0.0564664,0.000857938,AG121_AG1,0.97445,35626922,lecontei,Grayling,MI,North,44.6008,-84.7122,jack,larva,3.299767408,-0.729563342,0.104503235,141,94,25.2029,19.4,0.016459872,0.04963637,lecontei_MI,0,1,0,1,0,0,1,0,0,0
21074D-06-52,0.0323449,-0.0563297,0.000787415,AG122_AG1,0.89295,35880124,lecontei,Grayling,MI,North,44.6008,-84.7122,jack,larva,3.299767408,-0.729563342,0.104503235,141,94,24.65488,19.5,0.018396611,0.062020272,lecontei_MI,0,1,0,1,0,0,1,0,0,0
21074D-06-53,-0.0944909,-0.00987024,-0.0545612,AG123_AG1,0.97055,44409202,pinetum,Grayling,MI,North,44.6534,-84.71,white,larva,2.806383109,-0.619545743,0.118037327,142,95,31.8716,23.6,0.008510063,0.058050437,pinetum_MI,0,0,1,0,0.9866,0.0134,0,0.9687,0,0.0313
21074D-06-54,-0.0935373,-0.00965344,-0.0541408,AG124_AG1,0.8479,33561364,pinetum,Grayling,MI,North,44.6534,-84.71,white,larva,2.806383109,-0.619545743,0.118037327,142,95,40.89339,18.2,0.03771571,0.07245533,pinetum_MI,0,0,1,0,0.9865,0.0135,0,0.9684,0,0.0315
21074D-06-55,0.0321554,-0.0553486,0.00081367,AG125_AG1,0.9714,41481158,lecontei,Cheboygan,MI,North,45.5009,-84.6146,red,larva,-0.222710216,2.137154065,0.05465603,166,109,17.46649,22.1,0.005090582,0.068720115,lecontei_MI,0,1,0,1,0,0,0.9801,0,0,0.0199
21074D-06-56,0.0322228,-0.0553158,0.000858085,AG128_AG1,0.7946,30866304,lecontei,Millersburg,MI,North,45.5848,-84.1575,jack,larva,-0.574572046,4.005527485,0.1971431,168,111,25.69346,16.5,0.054731006,0.070014357,lecontei_MI,0,1,0,1,0,0,0.9852,0,0,0.0147
21074D-06-57,0.0322732,-0.0557491,0.000833945,AG129_AG1,0.9691,35421092,lecontei,Millersburg,MI,North,45.4861,-84.0649,jack,larva,0.951295836,2.581840376,0.194334567,162,107,28.08733,19.3,0.020487904,0.047582184,lecontei_MI,0,1,0,1,0,0,0.9929,0,0,0.0071
21074D-06-58,0.0322264,-0.0557143,0.00079856,AG131_AG1,0.96515,38299188,lecontei,Millersburg,MI,North,45.492,-84.0294,jack,larva,0.589842109,3.099298709,0.173448553,164,107,20.37558,20.7,0.008915764,0.065510738,lecontei_MI,0,1,0,1,0,0,0.9939,0,0,0.0061
21074D-06-60,-0.0933459,-0.00973556,-0.0530526,AG134_AG1,0.85855,32771582,pinetum,Ossineke,MI,North,44.9166,-83.436,white,larva,-0.348808908,2.611110844,-0.251396911,155,102,39.57247,18,0.043178185,0.079966079,pinetum_MI,0,0,1,0,0.9859,0.0141,0,0.967,0,0.033
21074D-06-61,-0.098369,-0.0116068,-0.0902021,AG135_AG1,0.83235,39105178,pinetum,Ann_Arbor,MI,North,42.257,-83.7013,white,larva,-1.994130886,-0.412192906,0.876469816,99,71,35.39495,21.4,0.014904684,0.058520418,pinetum_MI,0,0,1,0,1,0,0,1,0,0
21074D-06-62,-0.0991839,-0.0117991,-0.100678,AG137_AG1,0.87205,33431434,pinetum,Toledo,OH,Central,41.6163,-83.5797,white,larva,-2.118629872,0.026097806,0.747650778,96,68,43.49477,18.2,0.039951895,0.060042158,pinetum_OH,0,0,1,0,1,0,0,1,0,0
21074D-06-63,-0.0914353,-0.00332294,0.0815061,AG139_AG1,0.9652,46875178,pinetum,Petersburg,IN,Central,38.4843,-87.3034,white,larva,-1.635260823,-0.854190621,0.842566886,69,43,18.4911,25.6,0.00599375,0.129348713,pinetum_IN,0.0206,0.0206,0.9794,0.001,0.9066,0.0923,0,0.8131,0.0107,0.1763
21074D-06-64,-0.10015,-0.0119906,-0.103657,AG141_AG1,0.8272,32156346,pinetum,Bloomington,IN,Central,39.1871,-86.5447,white,larva,-1.148611411,-0.730690857,0.506325318,76,50,43.81943,17.5,0.042738675,0.05641776,pinetum_IN,0,0,1,0,0.994,0.006,0,0.9861,0,0.0139
21074D-06-65,-0.0999691,-0.0117886,-0.0990023,AG143_AG1,0.8839,32339992,pinetum,Bloomington,IN,Central,39.1871,-86.5447,white,larva,-1.148611411,-0.730690857,0.506325318,76,50,40.52989,17.4,0.050219996,0.062160884,pinetum_IN,0,0,1,0,0.9926,0.0074,0,0.9827,0,0.0173
21074D-06-66,-0.101272,-0.0128672,-0.117898,AG147_AG1,0.81915,32574738,pinetum,Auburn,IN,Central,41.3811,-85.0525,white,larva,-2.038918079,-0.799325321,0.303153237,94,67,47.42698,17.3,0.050519442,0.051279573,pinetum_IN,0,0,1,0,1,0,0,1,0,0
21074D-06-67,-0.0950847,-0.0100058,-0.063138,AG149_AG1,0.88235,35086408,pinetum,Grandville,MI,North,42.9105,-85.7664,white,larva,-1.557156507,0.661492227,0.363064583,102,74,32.38421,18.7,0.030804302,0.082224138,pinetum_MI,0,0,1,0,0.9895,0.0105,0,0.9756,0,0.0244
21074D-06-68,-0.0968703,-0.0111191,-0.078764,AG151_AG1,0.8933,38864690,pinetum,Okemos,MI,North,42.69,-84.4515,white,larva,-1.90290445,-0.528029419,0.521675322,100,72,35.18281,21.4,0.01586098,0.06794101,pinetum_MI,0,0,1,0,0.996,0.004,0,0.9906,0,0.0094
21074D-06-69,-0.0925565,-0.00815772,-0.0439158,AG153_AG1,0.82415,32319370,pinetum,Canton,OH,Central,40.8947927,-81.3314,white,larva,-1.88943767,-0.774412046,0.71839213,91,64,36.41807,17.6,0.046901941,0.078859622,pinetum_OH,0,0,1,0,0.9785,0.0215,0,0.9499,0,0.0501
21074D-06-70,-0.0974788,-0.0100122,-0.0701837,AG155_AG1,0.8712,41913062,pinetum,Florence,KY,Central,38.9377,-84.6335,white,larva,-1.632898488,-0.565584468,0.396663719,75,49,24.34121,22.8,0.010152186,0.10873055,pinetum_KY,0.0093,0.0093,0.9907,0.0011,0.971,0.0279,0,0.948,0.0117,0.0403
21074D-06-71,0.0316588,-0.0556723,0.000575009,AG157_AG1,0.9031,36637450,lecontei,Vilas_County,WI,North,46.00368,-89.24941,red,larva,0.55808516,0.957631321,0.012983741,179,116,32.59762,19.2,0.019029312,0.046255951,lecontei_WI,0,1,0,1,0,0,0.89,0,0,0.11
21074D-06-72,0.0315966,-0.0554653,0.000556452,AG159_AG1,0.898,34675978,lecontei,Vilas_County,WI,North,46.00371,-89.24945,red,larva,0.558085276,0.95793312,0.012983741,180,116,40.69534,18,0.030799473,0.03170846,lecontei_WI,0,1,0,1,0,0,0.89,0,0,0.11
21074D-06-73,0.0315105,-0.0555483,0.000506541,AG160_AG1,0.9712,36394456,lecontei,Vilas_County,WI,North,46.00377,-89.24921,red,larva,0.55992197,0.95607683,0.012983741,181,116,32.35261,19.7,0.017251955,0.031831608,lecontei_WI,0,1,0,1,0,0,0.89,0,0,0.11
21074D-06-74,0.031612,-0.0554484,0.000364436,AG162_AG1,0.9711,39667976,lecontei,Vilas_County,WI,North,45.869019,-89.26766,red,larva,0.15048919,1.394620174,-0.079597947,173,114,24.73844,21.7,0.007833894,0.044736086,lecontei_WI,0,1,0,1,0,0,0.89,0,0,0.11
21074D-06-75,0.0316185,-0.0558022,0.000393637,AG163_AG1,0.9732,39081452,lecontei,Vilas_County,WI,North,45.86893,-89.26749,red,larva,0.151319976,1.395433683,-0.079597947,172,114,28.8202,21.4,0.008099532,0.035764369,lecontei_WI,0,1,0,1,0,0,0.89,0,0,0.11
21074D-06-76,0.0316873,-0.0555172,0.000473722,AG164_AG1,0.9215,39664706,lecontei,Vilas_County,WI,North,45.86876,-89.26758,red,larva,0.152541459,1.393078906,-0.07737351,171,114,26.35039,21.4,0.007737299,0.047535374,lecontei_WI,0,1,0,1,0,0,0.89,0,0,0.11
21074D-06-77,0.0226906,0.0638171,-0.00348817,AG167_AG1,0.8404,34891894,lecontei,London,KY,Central,37.1492326,-84.1186227,virginia,larva,-0.679675,-0.452530277,0.278929734,25,22,19.67485,18.3,0.031021642,0.124395642,lecontei_KY,0,1,0,0.0978,0,0.9022,0.0024,0,0.84,0.1576
21074D-06-78,0.0226406,0.0633445,-0.0034793,AG168_AG1,0.8034,35196960,lecontei,London,KY,Central,37.1492326,-84.1186227,virginia,larva,-0.679675,-0.452530277,0.278929734,25,22,19.48645,18.6,0.028886882,0.124549904,lecontei_KY,0,1,0,0.0983,0,0.9017,0.0025,0,0.837,0.1605
21074D-06-79,0.0211839,0.0530896,-0.00127583,AG169_AG1,0.9325,38447522,lecontei,Morristown,TN,Central,36.25605,-83.27879,virginia,larva,-1.133068627,0.920428125,0.420098774,15,14,12.73915,20.7,0.01327705,0.173974547,lecontei_TN,0.0041,0.9959,0.0041,0.1344,0,0.8656,0.0122,0,0.5775,0.4102
21074D-06-80,0.0210511,0.0525508,-0.00100844,AG177_F2,0.94365,39857282,lecontei,Crossville,TN,Central,35.95903,-84.98548,virginia,adultF,0.23965649,1.48270193,0.370892571,10,10,13.55412,20.4,0.011581799,0.165247177,lecontei_TN,0,1,0,0.1384,0,0.8616,0.0133,0,0.5553,0.4314
21074D-06-81,0.0211125,0.051352,-0.00116333,AG178,0.98135,38970738,lecontei,Crossville,TN,Central,35.95903,-84.98548,virginia,adultF,0.23965649,1.48270193,0.370892571,10,10,14.37417,19.6,0.01372139,0.136052456,lecontei_TN,0,1,0,0.1443,0,0.8557,0.0141,0,0.5245,0.4613
21074D-06-82,0.021127,0.0520428,-0.000800267,AG179,0.91175,38564554,lecontei,Crossville,TN,Central,35.95903,-84.98548,virginia,adultF,0.23965649,1.48270193,0.370892571,10,10,13.22751,19.9,0.013397795,0.165923388,lecontei_TN,0.0021,0.9979,0.0021,0.1393,0,0.8607,0.0139,0,0.5455,0.4405
21074D-06-83,0.0212402,0.0522015,-0.000898602,AG180_F5,0.93005,37865218,lecontei,Crossville,TN,Central,35.95903,-84.98548,virginia,adultF,0.23965649,1.48270193,0.370892571,10,10,13.758,19.7,0.014218856,0.167585311,lecontei_TN,8.00E-04,0.9992,8.00E-04,0.1386,0,0.8614,0.013,0,0.5419,0.4451
21074D-06-84,0.0210005,0.0524859,-0.00114093,AG181_F2,0.981,37469690,lecontei,Crossville,TN,Central,35.95903,-84.98548,virginia,adultF,0.23965649,1.48270193,0.370892571,10,10,14.10547,19.6,0.014919174,0.169582271,lecontei_TN,4.00E-04,0.9996,4.00E-04,0.1366,0,0.8634,0.0125,0,0.5353,0.4522
21074D-06-85,-0.0874546,-0.00264763,0.124445,AG184_AG1,0.9655,38954774,pinetum,Murfreesboro,TN,Central,35.84774,-86.42716,white,larva,-1.850506767,-0.366941172,0.315580304,8,8,27.12894,20.8,0.015030259,0.094803787,pinetum_TN,0.0292,0.0292,0.9708,0.0013,0.8805,0.1182,0,0.7626,0.0069,0.2304
21074D-06-86,-0.0866948,-0.00228687,0.125295,AG187_AG1,0.9149,37058822,pinetum,Lebanon,TN,Central,36.18923,-86.29696,white,larva,-1.750989058,-0.787444517,0.504765524,14,13,32.17975,20.3,0.01948814,0.081821943,pinetum_TN,0.0338,0.0338,0.9662,0.0015,0.8762,0.1223,0,0.7587,0.008,0.2332
21074D-06-87,0.0202829,0.0458015,-7.08E-05,AG188,0.96835,34189486,lecontei,Woodlawn,TN,Central,36.54157,-87.52759,loblolly,adultF,0.149339922,-0.609462709,0.423889281,16,15,20.19462,18.4,0.025568827,0.087948254,lecontei_TN,0.0031,0.9969,0.0031,0.1657,0,0.8343,0.0215,0,0.355,0.6235
21074D-06-88,0.0222562,0.0647356,-0.00441539,AG189_AG1,0.97595,36864478,lecontei,Columbus,OH,Central,40.00819,-83.02937,pitch,adultF,-2.29380024,-0.125103565,0.746718466,84,58,16.74444,19,0.018507696,0.110753529,lecontei_OH,0.0113,0.9887,0.0113,0.089,8.00E-04,0.9102,0,0,0.9009,0.0991
21074D-06-89,0.0227292,0.0647687,-0.00411777,AG198_AG1,0.94215,32583628,lecontei,Columbus,OH,Central,40.00819,-83.02937,pitch,larva,-2.29380024,-0.125103565,0.746718466,84,58,19.59904,17.6,0.03406923,0.09279232,lecontei_OH,0.0052,0.9948,0.0052,0.0909,0,0.9091,3.00E-04,0,0.8948,0.1048
21074D-06-90,0.0222176,0.0647692,-0.00436253,AG201_AG1,0.97355,39986354,lecontei,Columbus,OH,Central,40.00819,-83.02937,pitch,adultF,-2.29380024,-0.125103565,0.746718466,84,58,15.49633,20.4,0.011639757,0.106143013,lecontei_OH,0.0113,0.9887,0.0113,0.089,8.00E-04,0.9102,0,0,0.9029,0.0971
21074D-06-91,0.0311148,-0.0479124,0.000575593,CAN002_AG1,0.9269,34890860,lecontei,Ontario,CAN,North,44.735556,-79.160833,jack,larva,1.820036877,1.802281917,0.739502366,151,99,20.98311,18.8,0.018275867,0.074277421,lecontei_CAN,0,1,0,0.9671,0,0.0329,0.8919,0,0.0109,0.0972
21074D-06-92,0.0311992,-0.0478187,0.000626175,CAN005_AG1,0.8605,34667672,lecontei,Ontario,CAN,North,44.735556,-79.160833,red,larva,1.820036877,1.802281917,0.739502366,151,99,23.2433,18.5,0.023492024,0.077305438,lecontei_CAN,0,1,0,0.9654,0,0.0346,0.8889,0,0.0114,0.0997
21074D-06-93,0.0309739,-0.0476241,0.0005737,CAN007_AG1,0.9583,35838480,lecontei,Ontario,CAN,North,44.862778,-78.113333,red,larva,0.790029051,0.255401015,0.867627259,154,101,26.49006,19.1,0.019990437,0.057858164,lecontei_CAN,0,1,0,0.9602,0,0.0398,0.8843,0,0.0132,0.1025
21074D-06-94,0.0308284,-0.0476163,0.000632338,CAN009_AG1,0.93815,38955160,lecontei,Ontario,CAN,North,44.862778,-78.113333,white,larva,0.790029051,0.255401015,0.867627259,154,101,19.77572,20.9,0.011929543,0.079001266,lecontei_CAN,0,1,0,0.9599,0,0.0401,0.8836,0,0.0134,0.103
21074D-06-95,-0.0900509,-0.00753816,-0.0172842,CAN010_AG1,0.89645,35662192,pinetum,Ontario,CAN,North,44.862778,-78.113333,white,larva,0.790029051,0.255401015,0.867627259,154,101,31.70568,19.1,0.026220846,0.103888503,pinetum_CAN,0,0,1,0,0.9695,0.0305,0,0.9288,0,0.0712
21074D-06-96,0.0308301,-0.0473806,0.000638182,CAN013_AG1,0.94505,41380084,lecontei,Ontario,CAN,North,45.316111,-77.764444,red,larva,0.847926327,-0.036962924,0.755599259,159,104,17.2025,22,0.007191534,0.077553999,lecontei_CAN,0,1,0,0.957,0,0.043,0.8806,0,0.0144,0.105
21074D-06-97,0.0307617,-0.0471205,0.000544508,CAN019_AG1,0.94965,41609270,lecontei,Ontario,CAN,North,45.316111,-77.764444,red,larva,0.847926327,-0.036962924,0.755599259,159,104,20.98051,22.1,0.00600824,0.061116105,lecontei_CAN,0,1,0,0.956,0,0.044,0.8801,0,0.0148,0.1051
21074D-06-98,0.0307308,-0.0473471,0.000631851,CAN021_AG1,0.96055,44601752,lecontei,Ontario,CAN,North,45.482778,-77.675278,red,larva,0.734352557,0.477083686,0.793153409,161,106,16.39513,23.4,0.002936503,0.082963171,lecontei_CAN,0,1,0,0.956,0,0.044,0.8798,0,0.0148,0.1054
21074D-06-100,0.0308202,-0.0465169,0.000449539,CAN023_AG1,0.87105,41354244,lecontei,Ontario,CAN,North,45.482778,-77.675278,red,larva,0.734352557,0.477083686,0.793153409,161,106,17.99297,22,0.005472135,0.082922162,lecontei_CAN,0,1,0,0.9525,0,0.0475,0.8752,0,0.016,0.1089
21074D-06-101,0.0309405,-0.0457758,0.000567047,CAN026_AG1,0.9426,41396952,lecontei,Ontario,CAN,North,45.486389,-77.672222,red,larva,0.792448092,0.413238987,0.829572014,163,106,20.89417,22.2,0.005476964,0.055231528,lecontei_CAN,0,1,0,0.947,0,0.0529,0.8678,0,0.0178,0.1144
21074D-06-104,0.030728,-0.0463937,0.000572371,CAN036_AG1,0.95655,46056408,lecontei,Ontario,CAN,North,45.797778,-77.191944,red,larva,-0.14381617,-0.344307228,1.056025069,169,112,17.27927,24.3,0.002221696,0.067399523,lecontei_CAN,0,1,0,0.9497,0,0.0503,0.8717,0,0.017,0.1113
21074D-06-105,0.0305194,-0.0455942,0.000503934,CAN037_AG1,0.9073,36075180,lecontei,Ontario,CAN,North,45.833611,-77.236944,red,larva,0.219582987,-0.311333797,1.071986628,170,113,25.39796,18.5,0.024173022,0.062362654,lecontei_CAN,0,1,0,0.9459,0,0.0541,0.8657,0,0.0182,0.1161
21074D-06-106,0.0307203,-0.0462675,0.000385884,CAN038_AG1,0.9851,44965802,lecontei,Ontario,CAN,North,45.833611,-77.236944,red,larva,0.219582987,-0.311333797,1.071986628,170,113,18.31419,23,0.00299929,0.067471467,lecontei_CAN,0,1,0,0.9493,0,0.0507,0.8707,0,0.0171,0.1122
21074D-06-108,0.0312639,-0.0493209,0.000573573,CAN040_AG1,0.89085,39598576,lecontei,Ontario,CAN,North,46.288333,-78.811667,red,larva,1.430902552,-0.017361871,0.892101667,186,119,32.94981,19.7,0.014122261,0.036938151,lecontei_CAN,0,1,0,0.976,0,0.024,0.9018,0,0.0077,0.0905
21074D-06-109,0.0323419,-0.0568542,0.000783543,CAN043_AG1,0.97915,39703902,lecontei,Grayling,MI,North,44.600556,-84.711944,jack,larva,3.303915382,-0.722322512,0.106261438,140,94,20.97585,20.8,0.007775937,0.065143425,lecontei_MI,0,1,0,1,0,0,1,0,0,0
21074D-06-110,0.03232,-0.0566464,0.000955868,CAN044_AG1,0.97175,43229156,lecontei,Grayling,MI,North,44.600556,-84.711944,jack,larva,3.303915382,-0.722322512,0.106261438,140,94,22.92003,23,0.003805862,0.048176825,lecontei_MI,0,1,0,1,0,0,1,0,0,0
21074D-06-111,0.0323636,-0.0571521,0.000797115,CAN048_AG1,0.972,43349064,lecontei,Grayling,MI,North,44.657029,-84.695521,red,larva,3.266249351,-0.356974227,0.129370011,146,95,19.75373,22.8,0.003525735,0.062291888,lecontei_MI,0,1,0,1,0,0,1,0,0,0
21074D-06-112,0.0323581,-0.0569103,0.000820546,CAN049_AG1,0.97595,43623386,lecontei,Grayling,MI,North,44.657029,-84.695521,red,larva,3.266249351,-0.356974227,0.129370011,146,95,20.60162,23,0.003356693,0.055773089,lecontei_MI,0,1,0,1,0,0,1,0,0,0
21074D-06-113,0.032334,-0.0571203,0.000841438,CAN051_AG1,0.9758,40975246,lecontei,Grayling,MI,North,44.657029,-84.695521,scots,larva,3.266249351,-0.356974227,0.129370011,146,95,21.09299,21.7,0.007645533,0.061591699,lecontei_MI,0,1,0,1,0,0,1,0,0,0
21074D-06-114,0.0323574,-0.0568448,0.000824648,CAN054_AG1,0.9802,43230188,lecontei,Grayling,MI,North,44.657029,-84.695521,jack,larva,3.266249351,-0.356974227,0.129370011,146,95,20.50315,22.9,0.003250438,0.056716866,lecontei_MI,0,1,0,1,0,0,1,0,0,0
21074D-06-115,0.0323907,-0.056856,0.000869107,CAN055_AG1,0.9463,39470974,lecontei,Grayling,MI,North,44.657029,-84.695521,jack,larva,3.266249351,-0.356974227,0.129370011,146,95,21.80217,21,0.006621621,0.058873579,lecontei_MI,0,1,0,1,0,0,1,0,0,0
21074D-06-116,0.032361,-0.0566932,0.000787683,CAN057_AG1,0.956,39693804,lecontei,Tustin,MI,North,44.121667,-85.470833,jack,larva,1.750940629,-0.457865203,0.540974295,128,86,22.15486,21.3,0.00985274,0.062080201,lecontei_MI,0,1,0,1,0,0,1,0,0,0
21074D-06-117,0.0323857,-0.0570371,0.000806446,CAN059_AG1,0.8744,37266804,lecontei,Bitely,MI,North,43.758889,-85.740556,scots,larva,1.307656532,-0.645599531,0.420259199,108,80,23.62521,20,0.012200011,0.060296397,lecontei_MI,0,1,0,1,0,0,1,0,0,0
21074D-06-118,0.0324198,-0.0566393,0.000938237,CAN060_AG1,0.9573,40075594,lecontei,Bitely,MI,North,43.789444,-85.740278,scots,larva,1.55982477,-0.964349086,0.442582105,119,80,22.17538,21.2,0.006500877,0.060203303,lecontei_MI,0,1,0,1,0,0,1,0,0,0
21074D-06-119,0.032295,-0.0561552,0.000834602,CAN061_AG1,0.71675,31382066,lecontei,Bitely,MI,North,43.789444,-85.740278,jack,larva,1.55982477,-0.964349086,0.442582105,119,80,31.39373,16.1,0.062835367,0.059405583,lecontei_MI,0,1,0,1,0,0,1,0,0,0
21074D-06-120,0.032369,-0.0569936,0.000820501,CAN062_AG1,0.83075,49530176,lecontei,Bitely,MI,North,43.769167,-85.741389,jack,larva,1.324552353,-0.798214577,0.441050202,114,80,19.96211,26.2,0.004998817,0.051375149,lecontei_MI,0,1,0,1,0,0,1,0,0,0
21074D-06-121,0.0322859,-0.0542457,0.000638204,CAN098_AG1,0.98005,43002504,lecontei,Black_River_Falls,WI,North,44.33459167,-90.72986389,jack,larva,2.668017079,-0.313953298,-0.25449845,134,89,24.082,22,0.006935556,0.050347011,lecontei_WI,0,1,0,1,0,0,0.89,0,0,0.11
21074D-06-122,0.0322661,-0.0564834,0.000810326,CAN099_AG1,0.9787,49063460,lecontei,Manistee,MI,North,43.79946944,-85.73645,red,larva,1.743696758,-0.936288929,0.463267217,123,80,18.50478,25.7,0.001410294,0.059978622,lecontei_MI,0,1,0,1,0,0,1,0,0,0
21074D-06-123,0.0322816,-0.0566024,0.000851191,CAN100_AG1,0.961,48879292,lecontei,Grayling,MI,North,44.70448611,-84.9063,jack,larva,2.057136395,-0.990072906,-0.056875902,148,97,19.51692,25.8,0.001970548,0.054780997,lecontei_MI,0,1,0,1,0,0,0.9997,0,0,3.00E-04
21074D-06-124,0.0318005,-0.0551701,0.000527787,CAN101_AG1,0.9589,46447240,lecontei,Manistique,MI,North,45.92354722,-86.30213056,jack,larva,-0.286627493,3.932947827,0.107906694,175,115,20.74953,25.1,0.002424547,0.054820452,lecontei_MI,0,1,0,1,0,0,0.9046,0,0,0.0954
21074D-06-125,0.032169,-0.0549342,0.000596355,CAN107_AG1,0.9676,46709694,lecontei,Warrens,WI,North,44.130225,-90.39338611,jack,larva,0.741679094,1.409601421,-0.429990443,129,87,21.92611,24.8,0.001859463,0.047686099,lecontei_WI,0,1,0,1,0,0,0.89,0,0,0.11
21074D-06-126,0.023612,0.0719784,-0.00467045,LL002_AG1,0.9218,45451242,lecontei,Lexington,KY,Central,38.014,-84.504,shortleaf,larva,-2.265811222,-0.288857847,0.378060503,41,32,11.52991,23.7,0.002685355,0.162383228,lecontei_KY,0,1,0,0.09,0,0.91,0,0,1,0
21074D-06-127,0.0230186,0.0690184,-0.0039814,LL005_AG1,0.98755,48140076,lecontei,Lexington,KY,Central,38.014,-84.504,pitch,larva,-2.265811222,-0.288857847,0.378060503,41,32,11.63811,23.4,0.002617738,0.158716169,lecontei_KY,0.0017,0.9983,0.0017,0.0898,0,0.9102,0,0,0.9834,0.0166
21074D-06-128,0.0224459,0.0616963,-0.00325943,LL010_AG1,0.9871,46338750,lecontei,Bronston,KY,Central,36.9279046,-84.619317,virginia,larva,0.266575774,0.270438672,0.399176377,20,18,10.48107,24.2,0.003192481,0.170058337,lecontei_KY,0,1,0,0.1068,0,0.8932,0.0042,0,0.7916,0.2042
21074D-06-129,0.0226845,0.0627397,-0.00363057,LL013_AG1,0.98155,40639544,lecontei,London,KY,Central,37.071333,-84.211417,shortleaf,larva,0.556209491,-0.574750832,0.280500819,24,21,12.1874,21.6,0.006993514,0.161390266,lecontei_KY,0,1,0,0.1041,0,0.8959,0.0037,0,0.8266,0.1697
21074D-06-130,0.0225294,0.0626457,-0.00371394,LL014_AG1,0.95525,42334680,lecontei,London,KY,Central,37.071333,-84.211417,shortleaf,larva,0.556209491,-0.574750832,0.280500819,24,21,12.87388,21.6,0.008273404,0.139186504,lecontei_KY,0,1,0,0.1041,0,0.8959,0.0041,0,0.8281,0.1677
21074D-06-131,0.0237192,0.0726615,-0.00475173,LL028_AG1,0.91285,37845106,lecontei,Lexington,KY,Central,38.014,-84.504,shortleaf,larva,-2.265811222,-0.288857847,0.378060503,41,32,17.41043,19.8,0.013006583,0.110669616,lecontei_KY,0,1,0,0.09,0,0.91,0,0,1,0
21074D-06-132,0.0204014,0.0361204,-0.00156798,LL031_AG1,0.9385,40813436,lecontei,Piscataway,NJ,Central,40.54955,-74.430806,scots,larva,-2.0120483,-0.295593523,1.109541624,89,62,13.43208,21.6,0.007099769,0.154072157,lecontei_NJ,0.0088,0.9912,0.0088,0.244,2.00E-04,0.7559,0.0748,0,0.2848,0.6404
21074D-06-133,0.0203761,0.0428232,-0.00120078,LL042_AG1,0.90725,38122120,lecontei,Amelia,VA,Central,37.249044,-77.725283,shortleaf,larva,4.608109961,-0.727177091,0.628436011,26,23,14.98976,19.1,0.016783467,0.162314441,lecontei_VA,0.0061,0.9939,0.0061,0.1924,0,0.8075,0.029,0,0.3028,0.6681
21074D-06-134,0.0236293,0.0707103,-0.00457237,LL053_AG1,0.9608,40403890,lecontei,Lexington,KY,Central,38.014,-84.504,virginia,larva,-2.265811222,-0.288857847,0.378060503,41,32,12.9705,21.2,0.008828828,0.158068619,lecontei_KY,0,1,0,0.09,0,0.91,0,0,1,0
21074D-06-135,0.0235263,0.0719024,-0.00465787,LL062_AG1,0.9809,40370062,lecontei,Lexington,KY,Central,38.014,-84.504,shortleaf,larva,-2.265811222,-0.288857847,0.378060503,41,32,13.02891,21.5,0.009809272,0.153498717,lecontei_KY,0,1,0,0.09,0,0.91,0,0,1,0
21074D-06-136,0.0236412,0.0720643,-0.00474636,LL064_AG1,0.94735,38852958,lecontei,Lexington,KY,Central,38.014,-84.504,pitch,larva,-2.265811222,-0.288857847,0.378060503,41,32,13.64312,20.5,0.010466122,0.150223055,lecontei_KY,0,1,0,0.09,0,0.91,0,0,1,0
21074D-06-137,0.0236307,0.0714963,-0.00470142,LL070_AG1,0.97755,41113426,lecontei,Lexington,KY,Central,38.014,-84.504,pitch,larva,-2.265811222,-0.288857847,0.378060503,41,32,12.33928,21.8,0.010398505,0.155356864,lecontei_KY,0,1,0,0.09,0,0.91,0,0,1,0
21074D-06-138,0.023606,0.072435,-0.00506045,LL072_AG1,0.96785,41742012,lecontei,Lexington,KY,Central,38.014,-84.504,virginia,larva,-2.265811222,-0.288857847,0.378060503,41,32,14.59168,22.4,0.006611961,0.10075846,lecontei_KY,0,1,0,0.09,0,0.91,0,0,1,0
21074D-06-139,0.023476,0.0708088,-0.00448785,LL078_AG1,0.96565,43202794,lecontei,Lexington,KY,Central,38.014,-84.504,pitch,larva,-2.265811222,-0.288857847,0.378060503,41,32,11.66833,22.5,0.004539988,0.15944476,lecontei_KY,0,1,0,0.09,0,0.91,0,0,1,0
21074D-06-140,0.0198883,0.0360867,-0.0012822,LL084_AG1,0.93655,40192980,lecontei,Yarmouth,MA,Central,41.645447,-70.230227,pitch,larva,-1.140378451,4.11841117,1.047666201,97,69,14.4153,21.4,0.008722573,0.150426568,lecontei_MA,0.0109,0.9891,0.0109,0.2407,3.00E-04,0.759,0.0701,0,0.288,0.6419
21074D-06-141,0.0233843,0.0695809,-0.00431356,LL097_AG1,0.94,43116032,lecontei,Lexington,KY,Central,38.043602,-84.496549,mugo,larva,-2.307991035,-0.385557331,0.386869693,50,32,11.11818,23.1,0.003757565,0.158408114,lecontei_KY,0,1,0,0.09,0,0.91,0,0,1,0
21074D-06-142,0.0234599,0.0699474,-0.00457232,LL098_AG1,0.9536,46499082,lecontei,Lexington,KY,Central,38.043602,-84.496549,mugo,larva,-2.307991035,-0.385557331,0.386869693,50,32,10.7651,24,0.002554951,0.164361805,lecontei_KY,0,1,0,0.09,0,0.91,0,0,0.9879,0.0121
21074D-06-143,0.0233053,0.0697172,-0.00444991,LL100_AG1,0.93315,42089498,lecontei,Lexington,KY,Central,38.023298,-84.493682,austrian,larva,-2.289588632,-0.335137918,0.376932073,43,32,13.46482,22.5,0.005051944,0.12939132,lecontei_KY,0,1,0,0.09,0,0.91,0,0,0.9893,0.0107
21074D-06-144,0.0235124,0.0715144,-0.00488366,LL102_AG1,0.97945,45840776,lecontei,Lexington,KY,Central,38.014,-84.504,pitch,larva,-2.265811222,-0.288857847,0.378060503,41,32,11.21814,23,0.00408116,0.156049349,lecontei_KY,0,1,0,0.09,0,0.91,0,0,1,0
21074D-06-145,0.0233002,0.0691425,-0.004325,LL109_AG1,0.9697,42851224,lecontei,Lexington,KY,Central,38.02395556,-84.531925,mugo,larva,-2.265684575,-0.409537823,0.383523919,45,32,11.31167,23,0.003883139,0.146524764,lecontei_KY,0,1,0,0.09,0,0.91,0,0,0.9764,0.0236
21074D-06-146,0.0231548,0.0696505,-0.00401931,LL112_AG1,0.9797,46759252,lecontei,Lexington,KY,Central,38.02395556,-84.531925,mugo,larva,-2.265684575,-0.409537823,0.383523919,45,32,9.831982,24.8,0.001772527,0.152345149,lecontei_KY,0.0021,0.9979,0.0021,0.0898,0,0.9102,0,0,0.9851,0.0149
21074D-06-147,0.0235159,0.0696585,-0.00430754,LL113_AG1,0.98,47133446,lecontei,Lexington,KY,Central,38.02395556,-84.531925,mugo,larva,-2.265684575,-0.409537823,0.383523919,45,32,9.851051,24.8,0.002086463,0.158433236,lecontei_KY,0,1,0,0.09,0,0.91,0,0,0.9834,0.0166
21074D-06-148,0.0234236,0.0687836,-0.00435654,LL117_AG1,0.94285,46987706,lecontei,Lexington,KY,Central,37.98361111,-84.4175,loblolly,larva,-2.131433649,-0.853653371,0.361180771,36,31,10.27879,24.7,0.002477674,0.161516636,lecontei_KY,0,1,0,0.09,0,0.91,0,0,0.9641,0.0359
21074D-06-149,0.0237841,0.0728455,-0.00478272,LL121_AG1,0.91585,46736682,lecontei,Lexington,KY,Central,38.014,-84.504,pitch,larva,-2.265811222,-0.288857847,0.378060503,41,32,11.51724,23.6,0.004168095,0.140319905,lecontei_KY,0,1,0,0.09,0,0.91,0,0,1,0
21074D-06-150,0.023601,0.0710123,-0.00466609,LL122_AG1,0.89335,45259158,lecontei,Lexington,KY,Central,38.014,-84.504,pitch,larva,-2.265811222,-0.288857847,0.378060503,41,32,10.85231,23.9,0.003298736,0.158989368,lecontei_KY,0,1,0,0.09,0,0.91,0,0,1,0
21074D-06-151,0.0234134,0.0700063,-0.00465242,LL123_AG1,0.91915,45209902,lecontei,Lexington,KY,Central,38.033416,-84.507113,mugo,larva,-2.296834876,-0.331960286,0.375405141,48,32,10.22112,23.7,0.002772291,0.162983412,lecontei_KY,0,1,0,0.09,0,0.91,0,0,0.9948,0.0052
21074D-06-152,0.0234046,0.0696485,-0.0045913,LL124_AG1,0.9449,47772014,lecontei,Lexington,KY,Central,38.033416,-84.507113,mugo,larva,-2.296834876,-0.331960286,0.375405141,48,32,9.81276,24.7,0.002033335,0.161585071,lecontei_KY,0,1,0,0.09,0,0.91,0,0,0.9834,0.0166
21074D-06-153,0.023308,0.0689849,-0.00428925,LL125_AG1,0.98385,39777570,lecontei,Lexington,KY,Central,37.98361111,-84.4175,loblolly,larva,-2.131433649,-0.853653371,0.361180771,36,31,12.66418,20.9,0.007838724,0.160033297,lecontei_KY,0,1,0,0.09,0,0.91,0,0,0.9572,0.0427
21074D-06-154,0.0235509,0.070546,-0.00452563,LL128_AG1,0.98,40697172,lecontei,Lexington,KY,Central,38.043602,-84.496549,mugo,larva,-2.307991035,-0.385557331,0.386869693,50,32,11.66127,21.9,0.005984091,0.161182644,lecontei_KY,0,1,0,0.09,0,0.91,0,0,1,0
21074D-06-155,0.0234708,0.0700018,-0.00445297,LL129_AG1,0.9393,38969826,lecontei,Lexington,KY,Central,38.043602,-84.496549,mugo,larva,-2.307991035,-0.385557331,0.386869693,50,32,13.88917,20,0.010615845,0.160677761,lecontei_KY,0,1,0,0.09,0,0.91,0,0,1,0
21074D-06-156,0.0235231,0.0702725,-0.00454528,LL130_AG1,0.905,38036370,lecontei,Lexington,KY,Central,38.043602,-84.496549,mugo,larva,-2.307991035,-0.385557331,0.386869693,50,32,14.27567,19.9,0.010809036,0.167539829,lecontei_KY,0,1,0,0.09,0,0.91,0,0,1,0
21074D-06-157,0.0235104,0.0701181,-0.00457374,LL131_AG1,0.98005,42226062,lecontei,Lexington,KY,Central,38.043602,-84.496549,mugo,larva,-2.307991035,-0.385557331,0.386869693,50,32,11.00368,22.8,0.004085989,0.162834682,lecontei_KY,0,1,0,0.09,0,0.91,0,0,1,0
21074D-06-158,0.0234178,0.0701826,-0.00462654,LL133_AG1,0.9774,46265950,lecontei,Lexington,KY,Central,38.02395556,-84.531925,mugo,larva,-2.265684575,-0.409537823,0.383523919,45,32,9.329136,25,0.002666036,0.160961176,lecontei_KY,0,1,0,0.09,0,0.91,0,0,0.996,0.004
21074D-06-159,0.0235092,0.0700938,-0.00449086,LL134_AG1,0.9452,43353990,lecontei,Lexington,KY,Central,38.02395556,-84.531925,mugo,larva,-2.265684575,-0.409537823,0.383523919,45,32,11.53844,22.5,0.00385416,0.157885295,lecontei_KY,0,1,0,0.09,0,0.91,0,0,0.9984,0.0016
21074D-06-160,0.0234602,0.0703001,-0.00459302,LL135_AG1,0.92435,41166238,lecontei,Lexington,KY,Central,38.02395556,-84.531925,mugo,larva,-2.265684575,-0.409537823,0.383523919,45,32,12.18759,21.6,0.006225579,0.15155521,lecontei_KY,0,1,0,0.09,0,0.91,0,0,1,0
21074D-06-161,0.0234724,0.0714271,-0.00455185,LL136_AG1,0.9397,36226972,lecontei,Lexington,KY,Central,38.014,-84.504,virginia,larva,-2.265811222,-0.288857847,0.378060503,41,32,15.14757,19,0.015836831,0.148530206,lecontei_KY,0,1,0,0.09,0,0.91,0,0,1,0
21074D-06-162,0.0234916,0.0713387,-0.00486807,LL139_AG1,0.9823,41801220,lecontei,Lexington,KY,Central,38.014,-84.504,shortleaf,larva,-2.265811222,-0.288857847,0.378060503,41,32,11.118,22.4,0.004438563,0.153815553,lecontei_KY,0,1,0,0.09,0,0.91,0,0,1,0
21074D-06-163,0.0235363,0.0707264,-0.00470483,LL148_AG1,0.9661,39497774,lecontei,Lexington,KY,Central,38.01478,-84.500971,virginia,larva,-2.27238193,-0.28756105,0.373702669,42,32,13.28775,20.6,0.009954165,0.16035085,lecontei_KY,0,1,0,0.09,0,0.91,0,0,1,0
21074D-06-164,0.0233568,0.0688679,-0.00419613,LL149_AG1,0.96995,39845750,lecontei,Lexington,KY,Central,38.01478,-84.500971,virginia,larva,-2.27238193,-0.28756105,0.373702669,42,32,13.21611,20.7,0.008452106,0.161121097,lecontei_KY,0,1,0,0.09,0,0.91,0,0,0.9609,0.0391
21074D-06-165,0.023552,0.0713447,-0.00460847,LL150_AG1,0.9314,38395844,lecontei,Lexington,KY,Central,38.01478,-84.500971,virginia,larva,-2.27238193,-0.28756105,0.373702669,42,32,13.72806,20,0.011296843,0.154394021,lecontei_KY,0,1,0,0.09,0,0.91,0,0,1,0
21074D-06-166,0.023357,0.0689874,-0.00436699,LL151_AG1,0.879,39985848,lecontei,Lexington,KY,Central,38.01478,-84.500971,virginia,larva,-2.27238193,-0.28756105,0.373702669,42,32,13.52624,20.6,0.011939203,0.159416748,lecontei_KY,0,1,0,0.09,0,0.91,0,0,0.9677,0.0322
21074D-06-167,0.0234632,0.0703569,-0.00452551,LL152_AG1,0.9778,41471818,lecontei,Lexington,KY,Central,38.01478,-84.500971,virginia,larva,-2.27238193,-0.28756105,0.373702669,42,32,12.50507,21.4,0.0072833,0.161656312,lecontei_KY,0,1,0,0.09,0,0.91,0,0,1,0
21074D-06-168,0.0234287,0.0714067,-0.00463907,LL153_AG1,0.96935,49504020,lecontei,Lexington,KY,Central,38.01478,-84.500971,virginia,larva,-2.27238193,-0.28756105,0.373702669,42,32,8.96953,26.4,0.001661442,0.15349411,lecontei_KY,0,1,0,0.0898,0,0.9101,0,0,1,0
21074D-06-169,0.0235079,0.0706918,-0.0047053,LL179_AG1,0.93145,35082488,lecontei,Lexington,KY,Central,38.014,-84.504,shortleaf,larva,-2.265811222,-0.288857847,0.378060503,41,32,15.00557,18.4,0.021960985,0.158778679,lecontei_KY,0,1,0,0.09,0,0.91,0,0,1,0
21074D-06-170,0.0227494,0.0654095,-0.00346749,LL180_AG1,0.98015,40086416,lecontei,Goshen,KY,Central,38.402354,-85.585931,shortleaf,larva,-1.016857113,-0.655135045,0.507968447,68,42,13.62943,21.2,0.008630807,0.120957605,lecontei_KY,0,1,0,0.09,0,0.91,0,0,0.8611,0.1389
21074D-06-171,0.0227015,0.0650783,-0.00335056,LL181_AG1,0.9566,37723670,lecontei,Goshen,KY,Central,38.402354,-85.585931,shortleaf,larva,-1.016857113,-0.655135045,0.507968447,68,42,15.3855,19.8,0.012117904,0.124860663,lecontei_KY,0,1,0,0.09,0,0.91,0,0,0.8568,0.1432
21074D-06-172,0.0227878,0.0632355,-0.00387779,LL194_AG1,0.97305,35416002,lecontei,Slade,KY,Central,37.806022,-83.67789,virginia,larva,0.556663425,-0.878862023,0.316866094,31,28,15.41479,19.1,0.017382359,0.158343573,lecontei_KY,0,1,0,0.1024,0,0.8976,0.0029,0,0.8569,0.1402
21074D-06-173,0.0227432,0.0630597,-0.00391629,LL195_AG1,0.95385,37191108,lecontei,Slade,KY,Central,37.806022,-83.67789,virginia,larva,0.556663425,-0.878862023,0.316866094,31,28,14.09001,19.7,0.014378239,0.159473127,lecontei_KY,0,1,0,0.1041,0,0.8959,0.0043,0,0.8539,0.1419
21074D-06-174,0.0228035,0.0634853,-0.00409944,NL011_F3,0.9831,40492294,lecontei,Hilda,KY,Central,38.2409154,-83.5102133,virginia,adultF,-0.177031813,-1.281612307,0.227013642,63,40,13.22224,21,0.007336428,0.159057072,lecontei_KY,0,1,0,0.1041,0,0.8959,0.0051,0,0.8559,0.1391
21074D-06-175,0.0236298,0.0709693,-0.00435674,NL064_F1,0.9847,39228400,lecontei,Lexington,KY,Central,38.0939,-84.5545,loblolly,adultF,-2.321159475,-0.974585742,0.348717466,55,35,14.90646,20.3,0.010234292,0.133177182,lecontei_KY,0,1,0,0.09,0,0.91,0,0,1,0
21074D-06-176,0.0197356,0.0441895,-0.000859304,NL067_F2,0.9761,42659438,lecontei,Gainseville,FL,Central,29.624,-82.3082,longleaf,adultF,0.537133679,0.360823296,0.437152942,1,1,16.31857,20.1,0.022410154,0.116101557,lecontei_FL,0.0062,0.9938,0.0062,0.175,0,0.825,0.0237,0,0.2899,0.6864
21074D-06-177,0.0199989,0.0439963,-0.00100788,NL069_F2,0.9781,36504818,lecontei,Gainseville,FL,Central,29.6703,-82.2558,longleaf,adultF,0.943262098,1.017656417,0.47266647,2,2,19.85566,18.6,0.021883709,0.089700669,lecontei_FL,0.0057,0.9943,0.0057,0.1773,0,0.8227,0.024,0,0.2891,0.6869
21074D-06-178,0.0198754,0.0427894,-0.00151783,NL071_AG1,0.98255,39121384,lecontei,Scottsville,VA,Central,37.890181,-78.384636,virginia,larva,3.353646917,-0.998605526,0.81542003,32,29,12.40308,20.8,0.010388845,0.169957735,lecontei_VA,0.0149,0.9851,0.0149,0.193,0.006,0.801,0.0295,0.0011,0.316,0.6535
21074D-06-179,0.0202458,0.0440998,-0.000955108,NL072_F4,0.9837,37036242,lecontei,Swansboro,NC,Central,34.693461,-77.168331,longleaf,adultF,0.738420311,0.987844175,-0.164522044,3,3,15.26492,19.5,0.014808089,0.134364138,lecontei_NC,0.0049,0.9951,0.0049,0.1781,0,0.8219,0.0249,0,0.2888,0.6862
21074D-06-180,0.0202037,0.044492,-0.0010901,NL073_F2,0.98355,36855408,lecontei,Swansboro,NC,Central,34.693461,-77.168331,longleaf,adultF,0.738420311,0.987844175,-0.164522044,3,3,16.47717,19,0.018512526,0.133641052,lecontei_NC,0.0047,0.9953,0.0047,0.1756,0,0.8244,0.0238,0,0.2897,0.6864
21074D-06-181,0.0203139,0.0434965,-0.00126355,NL074_F6,0.9838,37442082,lecontei,Virginia_Beach,VA,Central,36.912924,-75.996487,loblolly,adultF,-1.040393392,5.404074206,0.832664008,18,17,14.94426,19.3,0.014276814,0.139647122,lecontei_VA,0.0046,0.9954,0.0046,0.1847,0,0.8153,0.0267,0,0.2865,0.6867
21074D-06-182,0.0204007,0.0433371,-0.00111554,NL076_F1,0.9814,39125612,lecontei,Virginia_Beach,VA,Central,36.916399,-76.040295,longleaf,adultF,-1.090202479,4.572330075,0.846133705,19,17,14.62804,20.1,0.011456225,0.139659073,lecontei_VA,0.0045,0.9955,0.0045,0.1866,0,0.8134,0.0268,0,0.2859,0.6873
21074D-06-183,0.0233273,0.0700134,-0.00419288,NL082_F5,0.9809,38549600,lecontei,Lexington,KY,Central,38.0938813,-84.5537273,loblolly,adultF,-2.325174375,-0.970176281,0.342102499,54,35,14.39101,19.9,0.010910461,0.152595342,lecontei_KY,0,1,0,0.09,0,0.91,0,0,0.9894,0.0106
21074D-06-184,0.0236162,0.07074,-0.00432276,NL083_F8,0.98355,38692622,lecontei,Lexington,KY,Central,38.0938813,-84.5537273,loblolly,adultF,-2.325174375,-0.970176281,0.342102499,54,35,14.6878,19.7,0.013702071,0.148326249,lecontei_KY,0,1,0,0.09,0,0.91,0,0,1,0
21074D-06-185,0.0234635,0.0701259,-0.00437737,NL085_F2,0.98275,40201680,lecontei,Lexington,KY,Central,38.0938813,-84.5537273,loblolly,adultF,-2.325174375,-0.970176281,0.342102499,54,35,13.6656,20.8,0.007858043,0.140023951,lecontei_KY,0,1,0,0.09,0,0.91,0,0,1,0
21074D-06-186,0.0234548,0.0705925,-0.004372,NL086_F1,0.9847,46184644,lecontei,Lexington,KY,Central,38.0938813,-84.5537273,loblolly,adultF,-2.325174375,-0.970176281,0.342102499,54,35,10.74493,23.5,0.00300895,0.14593123,lecontei_KY,0,1,0,0.09,0,0.91,0,0,1,0
21074D-06-187,0.0232327,0.0709823,-0.00377145,NL089_F2,0.98435,42541590,lecontei,Lexington,KY,Central,38.0938813,-84.5537273,loblolly,adultF,-2.325174375,-0.970176281,0.342102499,54,35,13.29875,21.7,0.005158199,0.133318122,lecontei_KY,0.0018,0.9982,0.0018,0.0898,0,0.9102,0,0,1,0
21074D-06-188,0.0235691,0.0704503,-0.00444647,NL090,0.98685,45820118,lecontei,Lexington,KY,Central,38.0938813,-84.5537273,loblolly,adultF,-2.325174375,-0.970176281,0.342102499,54,35,13.01431,23.2,0.003289076,0.129070399,lecontei_KY,0,1,0,0.09,0,0.91,0,0,1,0
21074D-06-189,0.0233618,0.0697085,-0.00419178,NL093_F1,0.9855,43580984,lecontei,Lexington,KY,Central,38.0938813,-84.5537273,loblolly,adultF,-2.325174375,-0.970176281,0.342102499,54,35,12.06238,21.8,0.004945689,0.15174372,lecontei_KY,0,1,0,0.09,0,0.91,0,0,0.9921,0.0079
21074D-06-190,0.0234064,0.0705349,-0.00435333,NL095_F2,0.9813,45773572,lecontei,Lexington,KY,Central,38.0938813,-84.5537273,loblolly,adultF,-2.325174375,-0.970176281,0.342102499,54,35,11.00196,23.7,0.002830248,0.154303677,lecontei_KY,0,1,0,0.09,0,0.91,0,0,0.9988,0.0011
21074D-06-191,0.0231091,0.0650926,-0.00424645,NL097_AG1,0.9304,45266534,lecontei,Lancaster,OH,Central,39.66042,-82.66602,virginia,larva,-0.95893198,-1.504559442,0.623860634,80,54,12.66097,23.7,0.004197074,0.119914638,lecontei_OH,0,1,0,0.1004,0,0.8996,0.0032,0,0.8877,0.1091
21074D-06-192,0.0231561,0.0651216,-0.00440104,NL106_AG1,0.96245,44694908,lecontei,Lancaster,OH,Central,39.66042,-82.66602,virginia,larva,-0.95893198,-1.504559442,0.623860634,80,54,14.02467,23.6,0.003767224,0.100053813,lecontei_OH,0,1,0,0.0992,0,0.9008,0.0023,0,0.8892,0.1086
21074D-06-241,-0.0892803,-0.0034158,0.120141,NP003_AG1,0.9294,33020214,pinetum,Crossville,TN,Central,35.98003,-85.01518,white,larva,-0.248720963,-0.322812194,0.325324082,11,10,30.84072,17.5,0.039695917,0.088311623,pinetum_TN,0.0079,0.0079,0.9921,0,0.9006,0.0993,0,0.7806,0.0011,0.2182
21074D-06-242,-0.089202,-0.00261146,0.135363,NP005_AG1,0.95545,34240080,pinetum,Lexington,KY,Central,38.041545,-84.441641,white,larva,-2.281881439,-0.725575222,0.370626336,49,34,25.47973,18.7,0.027017759,0.105666278,pinetum_KY,0.0079,0.0079,0.9921,0,0.9002,0.0998,0,0.7817,0.0083,0.21
21074D-06-243,-0.095555,-0.00788196,0.00179204,NP021_AG1,0.9371,32920642,pinetum,Walton,KY,Central,38.857269,-84.617782,white,larva,-1.129056947,-0.336425951,0.351640241,72,46,22.31941,17.8,0.034817845,0.143069456,pinetum_KY,0.0014,0.0014,0.9986,0,0.9526,0.0474,0,0.8972,0.0056,0.0971
21074D-06-244,-0.096521,-0.00866346,-0.030032,NP022_AG1,0.9586,35971286,pinetum,Walton,KY,Central,38.857269,-84.617782,white,larva,-1.129056947,-0.336425951,0.351640241,72,46,22.53315,19.4,0.020371989,0.117994784,pinetum_KY,0.0092,0.0092,0.9908,8.00E-04,0.9587,0.0405,0,0.9181,0.0107,0.0712
21074D-06-245,-0.0950413,-0.00813094,-0.0358603,NP023_AG1,0.9619,33840166,pinetum,Walton,KY,Central,38.857269,-84.617782,white,larva,-1.129056947,-0.336425951,0.351640241,72,46,23.93271,18.5,0.027520056,0.126763711,pinetum_KY,0.0152,0.0152,0.9848,0.0014,0.9527,0.0459,0,0.9136,0.016,0.0704
21074D-06-246,-0.0906715,-0.00340583,0.13143,NP045_F1,0.9535,34857118,pinetum,Georgetown,KY,Central,38.24932,-84.549175,white,adultF,-2.179329207,-0.90617855,0.369226066,65,41,21.80778,18.5,0.026843887,0.106108958,pinetum_KY,0,0,1,0,0.91,0.09,0,0.79,0,0.21
21074D-06-247,-0.0331667,0.0337828,0.0653717,NP046_AG1,0.96675,34153408,F1 hybrid,Lexington,KY,Central,38.0916,-84.5602,white,larva,-2.316876747,-1.036110414,0.349996423,52,35,12.80962,18.1,0.027201291,0.512513839,pinetum_KY,0.507,0.507,0.493,0.0441,0.4287,0.5272,0,0.3796,0.5178,0.1026
21074D-06-248,-0.100404,-0.0120163,-0.125268,NP049_AG1,0.9561,34508634,pinetum,Octa,OH,Central,39.618801,-83.603688,white,larva,-2.356617443,-1.317452859,0.5221441,77,51,40.55498,18.8,0.028428053,0.049696018,pinetum_OH,0,0,1,0,0.9972,0.0028,0,0.9967,0.0032,0
21074D-06-249,-0.0901584,-0.00305147,0.135212,NP057_AG1,0.88435,36155862,pinetum,Lexington,KY,Central,38.002862,-84.525032,white,larva,-2.239129658,-0.371303859,0.389395831,40,32,23.68971,19,0.022052751,0.101450492,pinetum_KY,0.0084,0.0084,0.9916,0,0.9004,0.0996,0,0.7818,0.0073,0.2109
21074D-06-250,-0.0886901,-0.00238977,0.131125,NP058_AG1,0.63795,23421552,pinetum,Lexington,KY,Central,38.055704,-84.528322,white,larva,-2.327445815,-0.570894782,0.368324797,51,32,31.1089,12.5,0.230636226,0.106644235,pinetum_KY,0.0116,0.0116,0.9884,0,0.8973,0.1027,0,0.7793,0.0107,0.21
21074D-06-251,-0.10254,-0.0135046,-0.128857,NP073,0.9676,35979140,pinetum,Georgetown,KY,Central,38.248397,-84.54513,white,adultF,-2.182424808,-0.744070692,0.400122281,64,41,41.40989,17.8,0.034305889,0.03955568,pinetum_KY,0,0,1,0,1,0,0,1,0,0
21074D-06-252,-0.0909938,-0.00349775,0.131262,NP145_F6,0.96105,35669760,pinetum,Lexington,KY,Central,38.032384,-84.565478,white,adultF,-2.214207119,-0.639701016,0.378169649,46,33,24.47641,18.9,0.023178088,0.107174289,pinetum_KY,0,0,1,0,0.91,0.09,0,0.79,0,0.21
21074D-06-253,-0.100342,-0.0119611,-0.125004,NP159_AG1,0.8818,34649718,pinetum,Octa,OH,Central,39.618801,-83.603688,white,larva,-2.356617443,-1.317452859,0.5221441,77,51,37.40888,18.4,0.029157349,0.048738384,pinetum_OH,0,0,1,0,1,0,0,1,0,0
21074D-06-254,-0.100657,-0.0122389,-0.124713,NP168_AG1,0.8731,34990820,pinetum,Octa,OH,Central,39.618801,-83.603688,white,larva,-2.356617443,-1.317452859,0.5221441,77,51,40.3355,18.4,0.028655053,0.049757354,pinetum_OH,0,0,1,0,1,0,0,1,0,0
21074D-06-255,-0.0903135,-0.00342486,0.136431,NP173,0.96075,36964560,pinetum,Lexington,KY,Central,38.032384,-84.565478,white,adultF,-2.214207119,-0.639701016,0.378169649,46,33,26.49966,19.3,0.020338181,0.084860825,pinetum_KY,0,0,1,0,0.91,0.09,0,0.79,0,0.21
21074D-06-256,-0.0901238,-0.00318351,0.134437,NP174_F2,0.96955,36203050,pinetum,Lexington,KY,Central,38.032384,-84.565478,white,adultF,-2.214207119,-0.639701016,0.378169649,46,33,24.29278,18.4,0.026892185,0.103245467,pinetum_KY,0,0,1,0,0.91,0.09,0,0.7899,1.00E-04,0.21
21074D-06-257,-0.0896622,-0.00292677,0.130943,NP175,0.96585,34295054,pinetum,Lexington,KY,Central,38.0916,-84.5602,white,adultF,-2.316876747,-1.036110414,0.349996423,52,35,26.54138,17.3,0.039333684,0.10372791,pinetum_KY,0.0069,0.0069,0.9931,0,0.9013,0.0987,0,0.7825,0.0075,0.21
21074D-06-258,-0.0904614,-0.00320391,0.136745,NP176_AG1,0.9548,35772222,pinetum,Lexington,KY,Central,37.979613,-84.453537,white,larva,-2.201992544,-0.622324668,0.357411335,35,31,26.55155,19,0.027486247,0.095700196,pinetum_KY,0,0,1,0,0.91,0.09,0,0.79,0,0.21
21074D-06-259,-0.0991791,-0.0114514,-0.123831,NP177,0.96875,35746326,pinetum,Jefferson_Township,OH,Central,39.618801,-83.603696,white,adultF,-2.356617443,-1.317452859,0.5221441,77,51,42.12303,17.6,0.035745162,0.045995953,pinetum_OH,0,0,1,0,0.9988,0.0012,0,0.9983,0.0017,0
21074D-06-260,-0.0907196,-0.00382928,0.114333,NP184_F1,0.96845,37058018,pinetum,Frankfort,KY,Central,38.210412,-84.819839,white,adultF,-1.687832334,-1.010420038,0.482986607,61,38,23.58397,18.3,0.029558221,0.118763344,pinetum_KY,0.0116,0.0116,0.9884,0,0.9036,0.0964,0,0.7943,0.0084,0.1973
21074D-06-261,-0.0832328,-0.00407185,0.00447213,NP189_AG1,0.8841,32091402,pinetum,Woodridge,VA,Central,37.893,-78.373,white,larva,3.059923412,-1.133766556,0.811213453,33,29,26.84699,16.9,0.055759748,0.113460594,pinetum_VA,0.0501,0.0501,0.9499,0.0102,0.908,0.0819,0.0017,0.8536,0.0151,0.1297
21074D-06-262,-0.0884868,-0.00652065,-0.000550718,NP190_F4,0.96305,38130920,pinetum,Jordan,NY,North,43.04105,-76.45767,white,adultF,-1.133964303,-0.879968569,0.553117715,103,75,24.09416,19.3,0.020077373,0.099570215,pinetum_NY,0,0,1,0,0.9623,0.0377,0,0.9121,0,0.0879
21074D-06-263,-0.0882514,-0.00656693,-0.00057378,NP191_F2,0.96925,46542044,pinetum,Jordan,NY,North,43.04105,-76.45767,white,adultF,-1.133964303,-0.879968569,0.553117715,103,75,21.2552,22.7,0.008481084,0.097382765,pinetum_NY,0,0,1,0,0.9623,0.0377,0,0.9122,0,0.0878
21074D-06-264,-0.0883273,-0.00662845,-0.00181269,NP192_F3,0.96025,35786092,pinetum,Jordan,NY,North,43.04105,-76.45767,white,adultF,-1.133964303,-0.879968569,0.553117715,103,75,26.05811,18.4,0.028626074,0.098795756,pinetum_NY,0,0,1,0,0.9628,0.0372,0,0.9134,0,0.0866
21074D-06-265,-0.0881191,-0.00680048,-0.000763767,NP193_F9,0.9572,32040772,pinetum,Jordan,NY,North,43.04105,-76.45767,white,adultF,-1.133964303,-0.879968569,0.553117715,103,75,29.51378,16.6,0.054315645,0.085463451,pinetum_NY,0,0,1,0,0.9627,0.0373,0,0.9132,0,0.0868
21074D-06-266,-0.0829768,-0.00426251,0.00402855,NP194_AG1,0.952,35223708,pinetum,Vienna,VA,Central,38.9375511,-77.2816069,white,larva,-0.995656196,-0.650585821,0.484645416,74,48,21.08635,18.9,0.026805249,0.111732564,pinetum_VA,0.0489,0.0489,0.9511,0.0072,0.9089,0.0839,9.00E-04,0.8542,0.0158,0.1291
21074D-06-267,-0.0837161,-0.00473367,0.00331482,NP195_F3,0.96155,37654380,pinetum,Vienna,VA,Central,38.9375511,-77.2816069,white,adultF,-0.995656196,-0.650585821,0.484645416,74,48,22.12118,19.5,0.019174205,0.111907189,pinetum_VA,0.0446,0.0446,0.9554,0.0092,0.9139,0.0768,0.0014,0.8598,0.0134,0.1253
21074D-06-268,-0.0834078,-0.00443952,0.00355553,NP196_AG1,0.9576,37510776,pinetum,Vienna,VA,Central,38.9375511,-77.2816069,white,larva,-0.995656196,-0.650585821,0.484645416,74,48,20.00473,20.1,0.020458925,0.109628081,pinetum_VA,0.044,0.044,0.956,0.0062,0.9138,0.08,8.00E-04,0.8591,0.0143,0.1258
21074D-06-269,-0.0901813,-0.00339505,0.131157,NP197_F6,0.9657,36760932,pinetum,Lexington,KY,Central,38.0999085,-84.5578321,white,adultF,-2.320583659,-1.018955999,0.340338123,57,35,23.53105,19,0.022641983,0.105010353,pinetum_KY,0.0078,0.0078,0.9922,0,0.901,0.099,0,0.782,0.0011,0.2169
21074D-06-270,-0.0895,-0.00262767,0.135059,NP198_F1,0.97075,37423750,pinetum,Lexington,KY,Central,38.031864,-84.56518,white,adultF,-2.214207119,-0.639701016,0.378169649,46,33,24.15838,18.9,0.0252887,0.108724413,pinetum_KY,0.0071,0.0071,0.9929,0,0.9008,0.0992,0,0.782,0.008,0.21
21074D-06-271,-0.0897085,-0.00288148,0.135943,NP199,0.9648,34606670,pinetum,Lexington,KY,Central,38.031864,-84.56518,white,adultF,-2.214207119,-0.639701016,0.378169649,46,33,27.47784,17.7,0.034972398,0.096457599,pinetum_KY,0.0061,0.0061,0.9939,0,0.9021,0.0979,0,0.7832,0.0068,0.21
21074D-06-272,-0.0937408,-0.00927791,-0.050707,NP200_F3,0.96675,34870222,pinetum,Jose_Lake,MI,North,44.478233,-83.836663,white,adultF,1.312194558,0.129675438,0.019803693,137,92,42.07453,17.1,0.048123874,0.082390847,pinetum_MI,0,0,1,0,0.9849,0.015,0,0.9649,0,0.0351
21074D-06-273,-0.0901089,-0.0034062,0.129613,NP201,0.95955,36487650,pinetum,Georgetown,KY,Central,38.250169,-84.5490826,white,adultF,-2.180716395,-0.979657695,0.369226066,66,41,25.18022,18.7,0.024192341,0.107325282,pinetum_KY,0,0,1,0,0.91,0.09,0,0.79,0,0.21
21074D-06-274,-0.0908036,-0.00342957,0.138158,NP205_AG1,0.9589,37558690,pinetum,Lexington,KY,Central,37.985055,-84.426356,white,adultF,-2.140585555,-0.757271854,0.356241841,38,31,24.77441,19.7,0.018357973,0.093836102,pinetum_KY,0,0,1,0,0.91,0.09,0,0.79,0,0.21
21074D-06-275,-0.0895993,-0.00301313,0.136045,NP206_AG1,0.96935,33232960,pinetum,Lexington,KY,Central,37.985055,-84.426356,white,adultF,-2.140585555,-0.757271854,0.356241841,38,31,29.51559,16.7,0.053093712,0.100027543,pinetum_KY,0,0,1,0,0.91,0.09,0,0.79,0,0.21
21074D-06-276,-0.0916192,-0.00422963,0.125208,NP210_AG1,0.96805,35964802,pinetum,Georgetown,KY,Central,38.25022,-84.55082,white,adultF,-2.182827699,-1.031217267,0.383862282,67,41,33.60536,18.4,0.027891948,0.074639546,pinetum_KY,0,0,1,0,0.9128,0.0872,0,0.7965,0,0.2035
21074D-06-277,-0.0905889,-0.00367583,0.126294,NP211_AG1,0.9646,33611244,pinetum,Georgetown,KY,Central,38.25022,-84.55082,white,adultF,-2.182827699,-1.031217267,0.383862282,67,41,27.90707,17.6,0.037416264,0.092969463,pinetum_KY,0,0,1,0,0.9119,0.0881,0,0.7943,0,0.2056
21074D-06-278,-0.0907593,-0.00359813,0.137818,NP212_AG1,0.96405,37979746,pinetum,Lexington,KY,Central,37.985055,-84.426356,white,adultF,-2.140585555,-0.757271854,0.356241841,38,31,26.43049,19.5,0.019082439,0.095003397,pinetum_KY,0,0,1,0,0.91,0.09,0,0.79,0,0.21
21074D-06-279,-0.0904899,-0.00340324,0.133772,NP213_AG1,0.96675,34986228,pinetum,Lexington,KY,Central,38.09983,-84.55747,white,adultF,-2.321066914,-1.017444581,0.340338123,56,35,28.67419,17.7,0.03557129,0.100964524,pinetum_KY,0,0,1,0,0.9046,0.0953,0,0.7853,0.0047,0.21
21074D-06-280,-0.0906037,-0.00353819,0.132125,NP214_AG1,0.9646,34830120,pinetum,Lexington,KY,Central,38.09983,-84.55747,white,adultF,-2.321066914,-1.017444581,0.340338123,56,35,32.23448,17.1,0.048408831,0.096931369,pinetum_KY,0,0,1,0,0.91,0.09,0,0.79,0,0.21
21074D-06-281,-0.0901148,-0.00350835,0.12606,NP218_AG1,0.96515,36026880,pinetum,Georgetown,KY,Central,38.250169,-84.5490826,white,adultF,-2.180716395,-0.979657695,0.369226066,66,41,32.45677,17.7,0.03793305,0.109586084,pinetum_KY,0.0075,0.0075,0.9925,0,0.904,0.096,0,0.789,0.0074,0.2036
21074D-06-282,-0.0914255,-0.00398673,0.126431,NP219_AG1,0.95765,35124424,pinetum,Georgetown,KY,Central,38.250169,-84.5490826,white,adultF,-2.180716395,-0.979657695,0.369226066,66,41,30.104,18.6,0.0267811,0.103551294,pinetum_KY,0,0,1,0,0.9126,0.0874,0,0.796,0,0.204
21074D-06-283,-0.0905816,-0.00361368,0.122372,NP220_AG1,0.967,36793762,pinetum,Georgetown,KY,Central,38.250169,-84.5490826,white,adultF,-2.180716395,-0.979657695,0.369226066,66,41,28.68349,17.9,0.035392588,0.106753922,pinetum_KY,0,0,1,0,0.9135,0.0865,0,0.7981,0,0.2019
21074D-06-284,0.0322626,-0.0539364,0.000609824,RB004_AG1,0.8807,33700486,lecontei,Wisconsin_Rapids,WI,North,44.349528,-89.822306,jack,larva,0.347645187,0.258383033,-0.388754195,135,90,30.56187,17.9,0.028123777,0.04988421,lecontei_WI,0,1,0,1,0,0,0.89,0,0,0.11
21074D-06-285,-0.0867564,-0.00620069,0.00314342,RB007_AG1,0.96105,38685686,pinetum,Skinner,ME,Central,45.439538,-70.611534,white,larva,3.120205475,-0.143618227,0.119194091,160,105,30.6106,17.1,0.065655956,0.107446176,pinetum_ME,0.0078,0.0078,0.9922,7.00E-04,0.9523,0.047,0,0.8991,0.0027,0.0982
21074D-06-286,0.0231529,0.0693998,-0.00414677,RB017_AG1,0.96795,36100408,lecontei,Lexington,KY,Central,37.983767,-84.510784,mugo,larva,-2.18323796,-0.398404907,0.368034189,37,32,13.79434,19.4,0.016947679,0.158430775,lecontei_KY,0,1,0,0.0898,0,0.9102,0,0,0.9752,0.0248
21074D-06-287,0.0233534,0.00991796,-0.000232201,RB018_AG1,0.9705,34352488,lecontei,Dorchester,NH,Central,43.797104,-71.915259,red,larva,1.581348865,-0.451473128,0.405781916,122,81,19.98732,18.1,0.032470575,0.129364136,lecontei_NH,0.0052,0.9948,0.0052,0.4666,0,0.5334,0.3244,0,0.1873,0.4883
21074D-06-288,0.0226345,0.0628228,-0.00359731,RB020_AG1,0.9645,34767814,lecontei,Keavy,KY,Central,37.066,-84.159,shortleaf,larva,-0.322605533,-1.016543642,0.298274866,23,21,16.65576,18.4,0.024269617,0.16435176,lecontei_KY,0,1,0,0.1055,0,0.8945,0.0038,0,0.8231,0.1731
21074D-06-193,0.0217562,0.0685062,-0.00246545,RB022_AG1,0.9632,35455596,lecontei,Lexington,KY,Central,38.0235,-84.494056,austrian,adultF,-2.291005341,-0.334606484,0.376932073,44,32,14.58112,18.5,0.025375636,0.151460641,lecontei_KY,0.0188,0.9812,0.0188,0.0882,0.011,0.9008,0,0.0112,0.9696,0.0192
21074D-06-194,0.0210997,0.0377485,-0.00188453,RB025_AG1,0.89965,33507212,lecontei,Pottersdale,PA,Central,41.26825,-78.279778,mugo,larva,0.912208174,-1.212049578,0.677683774,93,66,25.33002,17.3,0.039106685,0.061286139,lecontei_PA,0.0067,0.9933,0.0067,0.2433,2.00E-04,0.7565,0.0898,0,0.3711,0.539
21074D-06-195,0.0203584,0.0418911,-0.00129189,RB026_AG1,0.8193,28219752,lecontei,Amelia,VA,Central,37.333041,-77.980957,loblolly,larva,1.072110682,-0.876607215,0.566359856,28,25,19.6428,13.6,0.166419543,0.140724947,lecontei_VA,0.0059,0.9941,0.0059,0.1971,0,0.8029,0.0305,0,0.2983,0.6712
21074D-06-196,0.0202721,0.0381031,-0.00137255,RB028_AG1,0.90035,35633340,lecontei,Washington,NJ,Central,39.690281,-74.593048,pitch,adultF,2.297467871,0.087085579,0.464645539,82,56,15.34707,16.9,0.10819661,0.151050383,lecontei_NJ,0.0088,0.9912,0.0088,0.2256,0,0.7744,0.0511,0,0.272,0.6769
21074D-06-197,0.0234265,0.0680893,-0.0043633,RB040_AG1,0.92165,33303184,lecontei,Lexington,KY,Central,38.209167,-84.389889,scots,larva,-2.261533188,-1.54870313,0.363316169,60,37,15.3792,18.2,0.031659172,0.138278452,lecontei_KY,0,1,0,0.09,0,0.91,0,0,0.9522,0.0477
21074D-06-198,0.0235126,0.0705631,-0.00451731,RB042_AG1,0.965,36131170,lecontei,Lexington,KY,Central,38.0235,-84.494056,austrian,larva,-2.291005341,-0.334606484,0.376932073,44,32,13.82604,19,0.025206594,0.135956003,lecontei_KY,0,1,0,0.09,0,0.91,0,0,0.9968,0.0031
21074D-06-199,0.0323588,-0.0571282,0.000834617,RB083_AG1,0.97505,35908486,lecontei,Lilley,MI,North,43.796,-85.74,jack,larva,1.672460387,-0.962450502,0.433361473,121,80,23.0405,19.1,0.018981014,0.057956173,lecontei_MI,0,1,0,1,0,0,1,0,0,0
21074D-06-200,0.0323169,-0.0566883,0.000876488,RB088_AG1,0.9696,34892934,lecontei,Lilley,MI,North,43.796,-85.74,jack,larva,1.672460387,-0.962450502,0.433361473,121,80,23.93506,18.7,0.019792416,0.061064001,lecontei_MI,0,1,0,1,0,0,1,0,0,0
21074D-06-201,0.0324044,-0.0567553,0.000921324,RB089_AG1,0.86825,35807560,lecontei,Lilley,MI,North,43.796,-85.74,jack,larva,1.672460387,-0.962450502,0.433361473,121,80,24.73123,18.6,0.020541031,0.057584962,lecontei_MI,0,1,0,1,0,0,1,0,0,0
21074D-06-202,0.032315,-0.0566973,0.00086053,RB090_AG1,0.935,33022760,lecontei,Grayling,MI,North,44.657,-84.414,scots,larva,2.494700344,-0.031038609,0.043675624,145,96,24.74728,17.6,0.031118238,0.062351076,lecontei_MI,0,1,0,1,0,0,1,0,0,0
21074D-06-204,0.0324145,-0.0567347,0.000791412,RB092_AG1,0.97585,35903226,lecontei,Grayling,MI,North,44.657,-84.414,jack,larva,2.494700344,-0.031038609,0.043675624,145,96,21.9806,19.1,0.015783703,0.055824635,lecontei_MI,0,1,0,1,0,0,1,0,0,0
21074D-06-205,0.0318422,-0.0523606,0.00049476,RB095_AG1,0.9456,35265072,lecontei,Gilchrist,MI,North,46.094,-85.339,jack,larva,0.301415069,3.114115053,0.038780892,182,117,26.06787,18.4,0.023028365,0.052970867,lecontei_MI,0,1,0,1,0,0,0.9149,0,0,0.0851
21074D-06-206,0.0316586,-0.0534711,0.000522914,RB096_AG1,0.97555,31609522,lecontei,Naubinway,MI,North,46.096,-85.394,jack,larva,0.24533951,3.240265446,0.043913044,184,117,26.88251,16.6,0.04520669,0.036891279,lecontei_MI,0,1,0,1,0,0,0.9162,0,0,0.0838
21074D-06-209,0.0317126,-0.0553886,0.000454596,RB100_AG1,0.9531,34639730,lecontei,Watersmeet,MI,North,46.354,-89.179,jack,larva,0.752169259,-0.21249135,-0.207785359,188,121,31.75152,18.3,0.021410391,0.037558732,lecontei_MI,0,1,0,1,0,0,0.89,0,0,0.11
21074D-06-210,0.0320853,-0.0557951,0.000758291,RB101_AG1,0.97265,36292668,lecontei,Hayes,WI,North,44.985,-88.449,red,larva,-0.953696096,-0.228696659,-0.049981023,158,103,34.08089,19.5,0.02057484,0.042689692,lecontei_WI,0,1,0,1,0,0,0.89,0,0,0.11
21074D-06-211,0.0320034,-0.0557667,0.000645701,RB104_AG1,0.9729,37036374,lecontei,Hayes,WI,North,44.985,-88.449,red,larva,-0.953696096,-0.228696659,-0.049981023,158,103,30.86123,19.4,0.014962642,0.0318704,lecontei_WI,0,1,0,1,0,0,0.89,0,0,0.11
21074D-06-212,0.0320505,-0.0558808,0.000733525,RB105_AG1,0.9776,37329336,lecontei,Hayes,WI,North,44.985,-88.449,red,larva,-0.953696096,-0.228696659,-0.049981023,158,103,27.77741,19.8,0.012050288,0.038273512,lecontei_WI,0,1,0,1,0,0,0.89,0,0,0.11
21074D-06-213,0.0213076,0.0466627,-0.00220427,RB106_AG1,0.8286,29180844,lecontei,Forge,VA,Central,37.913,-79.896,virginia,larva,0.865732206,-1.49029533,0.300542145,34,30,16.71409,15.3,0.082420103,0.174672604,lecontei_VA,0.0032,0.9968,0.0032,0.1782,0,0.8218,0.0336,0,0.4776,0.4888
21074D-06-214,0.0215294,0.0494053,-0.00259951,RB107_AG1,0.945,34563840,lecontei,Mountain_Grove,VA,Central,38.212,-79.719,pitch,larva,0.382383729,-1.485817153,-0.35223069,62,39,13.8116,18.3,0.027727736,0.160574841,lecontei_VA,0.0025,0.9975,0.0025,0.1667,0,0.8333,0.0316,0,0.5385,0.4298
21074D-06-215,0.0211296,0.0454637,-0.00230819,RB108_AG1,0.95815,35482092,lecontei,Deer_Run,WV,Central,38.678,-79.399,pitch,larva,0.48155982,-1.53117678,-0.539055883,71,45,13.45831,19,0.018097165,0.17857178,lecontei_WV,0.0042,0.9958,0.0042,0.1898,0,0.8102,0.0461,0,0.4702,0.4837
21074D-06-216,0.0200983,0.0378053,-0.00137678,RB110_AG1,0.8824,33642904,lecontei,Pemberton_Township,NJ,Central,39.934,-74.533,pitch,larva,0.634601661,1.19546187,0.586887131,83,57,15.36193,17.5,0.032320852,0.15454913,lecontei_NJ,0.0087,0.9913,0.0087,0.2274,1.00E-04,0.7726,0.052,0,0.2714,0.6766
21074D-06-217,0.0200562,0.0381778,-0.00150334,RB112_AG1,0.9074,33454938,lecontei,Bass_River,NJ,Central,39.621,-74.428,pitch,larva,1.244626397,0.672919477,0.319050027,78,52,18.65192,17.6,0.032615468,0.124156249,lecontei_NJ,0.009,0.991,0.009,0.224,0,0.7759,0.0458,0,0.2726,0.6816
21074D-06-218,0.0210345,0.0446359,-0.00207625,RB118_AG1,0.9087,35531554,lecontei,Brandywine,WV,Central,38.592,-79.172,virginia,larva,0.879324017,-0.99551546,-0.304304472,70,44,14.19226,18.7,0.019724799,0.176158451,lecontei_WV,0.0042,0.9958,0.0042,0.1944,0,0.8056,0.0468,0,0.4455,0.5076
21074D-06-219,0.0207119,0.0453174,-0.00169077,RB119_AG1,0.85415,32795178,lecontei,Buena_Vista,VA,Central,37.713,-79.367,virginia,larva,-0.106473636,-1.132395967,0.204656831,30,27,17.80858,16.7,0.045834561,0.169989725,lecontei_VA,0.0052,0.9948,0.0052,0.1802,0,0.8198,0.0286,0,0.4047,0.5666
21074D-06-220,0.0231402,0.0682221,-0.00438732,RB120_AG1,0.97975,46686144,lecontei,Lexington,KY,Central,38.209167,-84.389889,scots,adultF,-2.261533188,-1.54870313,0.363316169,60,37,11.23894,23.8,0.003786543,0.121702664,lecontei_KY,0,1,0,0.0899,0,0.91,0,0,0.9552,0.0448
21074D-06-221,0.0235384,0.0715594,-0.00476198,RB132_AG1,0.95545,35671576,lecontei,Lexington,KY,Central,38.014,-84.504,pitch,larva,-2.265811222,-0.288857847,0.378060503,41,32,14.43045,18.9,0.01820342,0.153792798,lecontei_KY,0,1,0,0.09,0,0.91,0,0,1,0
21074D-06-222,0.0323984,-0.0568936,0.000951707,RB136_AG1,0.97765,37343256,lecontei,Brohman,MI,North,43.759,-85.741,red,larva,1.314446849,-0.646262937,0.427268199,109,80,23.67476,19.4,0.014185048,0.052059654,lecontei_MI,0,1,0,1,0,0,1,0,0,0
21074D-06-223,0.0233237,0.0688202,-0.00428315,RB144_AG1,0.9809,36655514,lecontei,Lexington,KY,Central,38.209167,-84.389889,scots,adultF,-2.261533188,-1.54870313,0.363316169,60,37,13.48808,19,0.016141107,0.136455792,lecontei_KY,0,1,0,0.09,0,0.91,0,0,0.9519,0.048
21074D-06-224,0.0233263,0.0684476,-0.00434675,RB148_AG1,0.98305,38124900,lecontei,Lexington,KY,Central,38.209167,-84.389889,scots,adultF,-2.261533188,-1.54870313,0.363316169,60,37,15.75524,18.9,0.01713604,0.117852001,lecontei_KY,0,1,0,0.09,0,0.91,0,0,0.9553,0.0446
21074D-06-225,0.0234151,0.068725,-0.00420122,RB149_AG1,0.97815,36343496,lecontei,Lexington,KY,Central,38.209167,-84.389889,scots,adultF,-2.261533188,-1.54870313,0.363316169,60,37,15.38697,18.3,0.02227492,0.15111368,lecontei_KY,0,1,0,0.09,0,0.91,0,0,0.9588,0.0412
21074D-06-226,0.0233936,0.0685567,-0.00443594,RB151_AG1,0.9827,37949290,lecontei,Lexington,KY,Central,38.209167,-84.389889,scots,larva,-2.261533188,-1.54870313,0.363316169,60,37,13.80952,18.8,0.018242059,0.142961155,lecontei_KY,0,1,0,0.09,0,0.91,0,0,0.9597,0.0403
21074D-06-227,0.0231238,0.0694206,-0.0040672,RB162_AG1,0.96025,34660798,lecontei,Lexington,KY,Central,38.0235,-84.494056,austrian,larva,-2.291005341,-0.334606484,0.376932073,44,32,13.46615,18.4,0.023902554,0.162622464,lecontei_KY,0,1,0,0.0898,0,0.9102,0,0,0.9698,0.0302
21074D-06-228,0.0207712,0.0455769,-0.00148906,RB223_AG1,0.8998,36919824,lecontei,Bassett,VA,Central,36.801917,-79.937083,shortleaf,larva,1.190380184,-1.192188011,0.644415164,17,16,14.89064,17.7,0.02914286,0.174111385,lecontei_VA,0.0044,0.9956,0.0044,0.1809,0,0.8191,0.0258,0,0.3935,0.5807
21074D-06-229,0.0198485,0.0447047,-0.001647,RB224_AG1,0.8094,29633868,lecontei,Penhook,VA,Central,36.973472,-79.607611,pitch,larva,2.617979914,-1.461564369,0.734919894,22,20,20.52025,13.7,0.152215176,0.145300314,lecontei_VA,0.0186,0.9814,0.0186,0.179,0.0088,0.8122,0.0253,0.0019,0.3501,0.6227
21074D-06-230,0.0205564,0.0445717,-0.00184857,RB225_AG1,0.8302,30488934,lecontei,Penhook,VA,Central,36.973472,-79.607611,pitch,larva,2.617979914,-1.461564369,0.734919894,22,20,16.58603,15.9,0.066066487,0.145493096,lecontei_VA,0.0068,0.9932,0.0068,0.183,2.00E-04,0.8169,0.0264,0,0.3541,0.6194
21074D-06-232,0.0204446,0.0426275,-0.00144816,RB227_AG1,0.9,32047888,lecontei,Amelia,VA,Central,37.319056,-78.042833,pitch,larva,1.832998097,0.185904887,0.516735752,27,24,16.54444,16.4,0.052910181,0.166047916,lecontei_VA,0.0046,0.9954,0.0046,0.1911,0,0.8089,0.0293,0,0.2843,0.6864
21074D-06-233,0.0205097,0.0422884,-0.00139346,RB228_AG1,0.83945,30741230,lecontei,Amelia,VA,Central,37.319056,-78.042833,pitch,larva,1.832998097,0.185904887,0.516735752,27,24,19.5226,16.2,0.066940676,0.165625372,lecontei_VA,0.005,0.995,0.005,0.1952,0,0.8047,0.0304,0,0.2828,0.6868
21074D-06-234,0.0204161,0.0426229,-0.00137992,RB229_AG1,0.90525,30927200,lecontei,Amelia,VA,Central,37.319056,-78.042833,pitch,larva,1.832998097,0.185904887,0.516735752,27,24,17.96912,16.7,0.047766471,0.166038578,lecontei_VA,0.0048,0.9952,0.0048,0.1926,0,0.8074,0.0295,0,0.2981,0.6724
21074D-06-235,0.0203662,0.0423684,-0.00130718,RB230_AG1,0.9658,33519758,lecontei,Amelia,VA,Central,37.355528,-77.861917,pitch,larva,2.098408019,-0.542808836,0.712415997,29,26,15.068,18,0.029075243,0.160752926,lecontei_VA,0.0055,0.9945,0.0055,0.1962,0,0.8038,0.0304,0,0.3006,0.669
21074D-06-236,0.0323886,-0.0569722,0.000929655,RB235_AG1,0.9616,35603378,lecontei,Bitely,MI,North,43.759139,-85.740639,jack,larva,1.313010049,-0.648517965,0.412292459,110,80,26.3036,19.1,0.015720916,0.043254463,lecontei_MI,0,1,0,1,0,0,1,0,0,0
21074D-06-237,0.0323925,-0.0563971,0.000904565,RB236_AG1,0.97555,33976346,lecontei,Bitely,MI,North,43.759139,-85.740639,jack,larva,1.313010049,-0.648517965,0.412292459,110,80,25.80713,17.7,0.0276408,0.059103146,lecontei_MI,0,1,0,1,0,0,1,0,0,0
21074D-06-238,0.0324462,-0.0561844,0.000779247,RB237_AG1,0.84665,33126074,lecontei,Manistee,MI,North,43.785583,-85.740528,jack,larva,1.489771785,-0.943968006,0.416635688,117,80,26.54695,16.6,0.046027752,0.061280181,lecontei_MI,0,1,0,1,0,0,1,0,0,0
21074D-06-239,0.0324368,-0.0569257,0.000921678,RB239_AG1,0.9519,34125704,lecontei,Manistee,MI,North,43.790944,-85.740167,jack,larva,1.55982477,-0.964349086,0.451674437,119,80,22.9871,18.3,0.022332878,0.061864888,lecontei_MI,0,1,0,1,0,0,1,0,0,0
21074D-06-240,0.032345,-0.0567286,0.000916453,RB244_AG1,0.98175,37094042,lecontei,Manistee,MI,North,43.793222,-85.74,jack,larva,1.637506743,-0.96705918,0.45277429,120,80,26.04829,18.3,0.020956392,0.058004045,lecontei_MI,0,1,0,1,0,0,1,0,0,0
21074D-06-289,0.0324055,-0.056773,0.000841362,RB245_AG1,0.95775,50324198,lecontei,Grayling,MI,North,44.599667,-84.713278,jack,larva,3.294230346,-0.747175616,0.117704146,139,94,16.89623,27,0.001410294,0.058068167,lecontei_MI,0,1,0,1,0,0,1,0,0,0
21074D-06-290,0.0323385,-0.0567863,0.000849668,RB247_AG1,0.9482,48312546,lecontei,Grayling,MI,North,44.599667,-84.713278,jack,larva,3.294230346,-0.747175616,0.117704146,139,94,19.57594,25.4,0.001787017,0.050208294,lecontei_MI,0,1,0,1,0,0,1,0,0,0
21074D-06-291,0.0323639,-0.0568638,0.000846713,RB249_AG1,0.95895,34686364,lecontei,Grayling,MI,North,44.658167,-84.694694,red,larva,3.343957811,-0.350619656,0.118219688,147,95,21.20341,19.1,0.017203657,0.05671124,lecontei_MI,0,1,0,1,0,0,1,0,0,0
21074D-06-292,0.0324412,-0.0570199,0.00092965,RB250_AG1,0.9394,42198370,lecontei,Grayling,MI,North,44.658167,-84.694694,red,larva,3.343957811,-0.350619656,0.118219688,147,95,19.99436,22.7,0.003926607,0.055746814,lecontei_MI,0,1,0,1,0,0,1,0,0,0
21074D-06-293,0.0324107,-0.056791,0.000815557,RB251_AG1,0.90005,38524656,lecontei,Grayling,MI,North,44.658167,-84.694694,red,larva,3.343957811,-0.350619656,0.118219688,147,95,21.81902,20.6,0.008398978,0.055340704,lecontei_MI,0,1,0,1,0,0,1,0,0,0
21074D-06-295,0.0323753,-0.0571368,0.000803132,RB253_AG1,0.97825,47486106,lecontei,Grayling,MI,North,44.658167,-84.694694,red,larva,3.343957811,-0.350619656,0.118219688,147,95,17.63349,25.6,0.003709267,0.059147474,lecontei_MI,0,1,0,1,0,0,1,0,0,0
21074D-06-296,0.0323652,-0.056951,0.000834576,RB257_AG1,0.9507,46401240,lecontei,Grayling,MI,North,44.658167,-84.694694,jack,larva,3.343957811,-0.350619656,0.118219688,147,95,18.63405,23.8,0.00471386,0.061463656,lecontei_MI,0,1,0,1,0,0,1,0,0,0
21074D-06-298,0.0323614,-0.0568301,0.000939047,RB259_AG1,0.96585,37650046,lecontei,Grayling,MI,North,44.656889,-84.695778,jack,larva,3.249028541,-0.357129675,0.128241109,144,95,22.92972,20.3,0.009789953,0.0592473,lecontei_MI,0,1,0,1,0,0,1,0,0,0
21074D-06-299,0.0323635,-0.0568269,0.000792525,RB260_AG1,0.9742,37620646,lecontei,Grayling,MI,North,44.656889,-84.695778,jack,larva,3.249028541,-0.357129675,0.128241109,144,95,22.73036,20.1,0.010234292,0.058200361,lecontei_MI,0,1,0,1,0,0,1,0,0,0
21074D-06-300,0.0320661,-0.055759,0.000628815,RB267_AG1,0.95315,42854320,lecontei,Suring,WI,North,44.984528,-88.449222,red,larva,-0.950481129,-0.224521954,-0.047332372,157,103,25.01153,22.9,0.003593352,0.04205424,lecontei_WI,0,1,0,1,0,0,0.89,0,0,0.11
21074D-06-301,0.0322445,-0.0548367,0.00056443,RB279_AG1,0.93465,42212152,lecontei,Necedah,WI,North,44.115028,-90.118333,jack,larva,0.62395237,1.022567987,-0.481887176,127,85,30.26545,22.9,0.004375776,0.028174617,lecontei_WI,0,1,0,1,0,0,0.89,0,0,0.11
21074D-06-302,0.032197,-0.0550152,0.000578944,RB283_AG1,0.83105,34711758,lecontei,Necedah,WI,North,44.135833,-90.127667,jack,larva,0.249494984,1.338102614,-0.478253242,130,85,27.11694,17.9,0.028176905,0.05085108,lecontei_WI,0,1,0,1,0,0,0.89,0,0,0.11
21074D-06-304,0.0323798,-0.0537879,0.000510673,RB285_AG1,0.97915,42689848,lecontei,Necedah,WI,North,44.207472,-90.136306,jack,larva,0.101003934,1.274328884,-0.465349552,133,88,22.45557,22.6,0.008500403,0.049496076,lecontei_WI,0,1,0,1,0,0,0.89,0,0,0.11
21074D-06-305,0.0209272,0.0390176,-0.00163304,RB286_AG1,0.79665,36220632,lecontei,Big_Spring,MD,Central,39.631111,-77.963056,virginia,larva,-0.604438464,-1.161851801,0.357761833,79,53,19.25961,18.8,0.023390598,0.139867264,lecontei_MD,0.0073,0.9927,0.0073,0.2304,0,0.7696,0.0709,0,0.3529,0.5762
21074D-06-306,0.0205314,0.0390754,-0.00171662,RB287_AG1,0.86485,43828548,lecontei,Big_Spring,MD,Central,39.631111,-77.963056,virginia,larva,-0.604438464,-1.161851801,0.357761833,79,53,12.06761,23,0.0047042,0.17366978,lecontei_MD,0.0109,0.9891,0.0109,0.2285,0.003,0.7686,0.0675,3.00E-04,0.3408,0.5914
21074D-06-307,0.0207446,0.0393167,-0.00172658,RB288_AG1,0.86085,40567808,lecontei,Big_Spring,MD,Central,39.631111,-77.963056,virginia,larva,-0.604438464,-1.161851801,0.357761833,79,53,12.90726,21.2,0.008466595,0.171907879,lecontei_MD,0.0072,0.9928,0.0072,0.2279,0,0.772,0.0656,0,0.3405,0.5939
21074D-06-308,0.0200704,0.0375056,-0.00141407,RB290_AG1,0.92585,44568286,lecontei,Old_Bridge,NJ,Central,40.387417,-74.335083,pitch,larva,-0.936386937,0.347576384,1.159974298,86,59,11.91752,23.5,0.005100242,0.157553897,lecontei_NJ,0.0123,0.9877,0.0123,0.2301,5.00E-04,0.7694,0.0559,1.00E-04,0.2713,0.6727
21074D-06-309,0.02029,0.0376589,-0.00144243,RB291_AG1,0.97585,47262724,lecontei,Old_Bridge,NJ,Central,40.426722,-74.302778,scots,larva,-0.758878012,0.489352514,1.181939176,87,60,10.46949,25.5,0.002617738,0.154677565,lecontei_NJ,0.0072,0.9928,0.0072,0.2317,0,0.7683,0.0533,0,0.27,0.6767
21074D-06-310,0.0199818,0.0373667,-0.00145995,RB292_AG1,0.8791,40453092,lecontei,Old_Bridge,NJ,Central,40.426722,-74.302778,scots,larva,-0.758878012,0.489352514,1.181939176,87,60,12.30864,22.1,0.006752025,0.158234096,lecontei_NJ,0.0131,0.9869,0.0131,0.2312,3.00E-04,0.7685,0.0556,0,0.2699,0.6745
21074D-06-311,0.0283898,-0.0288441,0.000190415,RB294_AG1,0.9394,46046396,lecontei,Bolton,NY,North,43.55925,-73.732722,scots,larva,1.775254691,-0.091531107,0.305936733,106,78,16.83991,24.3,0.003337374,0.082807548,lecontei_NY,0,1,0,0.7896,0,0.2104,0.6913,0,0.0738,0.2349
21074D-06-312,0.0284496,-0.0294826,0.00029712,RB297_AG1,0.9217,40522278,lecontei,Bolton,NY,North,43.55925,-73.732722,scots,larva,1.775254691,-0.091531107,0.305936733,106,78,19.35421,21.3,0.007119088,0.088118691,lecontei_NY,0,1,0,0.7952,0,0.2048,0.6985,0,0.0718,0.2297
21074D-06-313,0.0202498,0.0344201,-0.00100289,RB304_AG1,0.8897,32988392,lecontei,Ossippee,NH,Central,43.819389,-71.205167,pitch,larva,1.247431253,1.271856531,0.50621529,124,82,18.34413,18.1,0.028828925,0.142953054,lecontei_NH,0.0119,0.9881,0.0119,0.2627,0,0.7373,0.094,0,0.2589,0.6471
21074D-06-314,0.0202881,0.0350636,-0.00119588,RB305_AG1,0.90495,35119392,lecontei,Ossippee,NH,Central,43.819389,-71.205167,pitch,larva,1.247431253,1.271856531,0.50621529,124,82,16.72557,19.4,0.017604528,0.142612731,lecontei_NH,0.0102,0.9898,0.0102,0.2564,1.00E-04,0.7435,0.0859,0,0.2612,0.6529
21074D-06-315,0.0201337,0.0338947,-0.00114093,RB306_AG1,0.97105,38135090,lecontei,Ossippee,NH,Central,43.819389,-71.205167,pitch,larva,1.247431253,1.271856531,0.50621529,124,82,14.46997,21.1,0.010166676,0.127190842,lecontei_NH,0.009,0.991,0.009,0.2687,0,0.7313,0.1057,0,0.2569,0.6374
21074D-06-316,0.0202549,0.034127,-0.00124542,RB307_AG1,0.815,34004144,lecontei,Ossippee,NH,Central,43.819389,-71.205167,pitch,larva,1.247431253,1.271856531,0.50621529,124,82,21.66441,18.5,0.03043241,0.127542989,lecontei_NH,0.0081,0.9919,0.0081,0.2677,0,0.7322,0.1045,0,0.2572,0.6383
21074D-06-317,0.0199599,0.0327575,-0.00131129,RB308_AG1,0.92505,37064906,lecontei,Ossippee,NH,Central,43.675972,-71.081639,pitch,larva,1.760875303,2.764702829,0.66659455,107,79,16.1006,19.7,0.020314032,0.142533881,lecontei_NH,0.0119,0.9881,0.0119,0.2794,2.00E-04,0.7204,0.125,0,0.2531,0.622
21074D-06-318,0.0235015,0.0710535,-0.00466935,RB341_AG1,0.84985,40310316,lecontei,Lexington,KY,Central,38.014,-84.504,virginia,larva,-2.265811222,-0.288857847,0.378060503,41,32,12.73376,21.9,0.006505706,0.159609532,lecontei_KY,0,1,0,0.09,0,0.91,0,0,1,0
21074D-06-319,0.0237213,0.0727096,-0.00490795,RB342_AG1,0.93855,49251604,lecontei,Lexington,KY,Central,38.014,-84.504,shortleaf,larva,-2.265811222,-0.288857847,0.378060503,41,32,10.31577,27.5,0.001956059,0.133882426,lecontei_KY,0,1,0,0.09,0,0.91,0,0,1,0
21074D-06-320,0.0236395,0.0719544,-0.00488548,RB343_AG1,0.96645,46298318,lecontei,Lexington,KY,Central,38.014,-84.504,pitch,larva,-2.265811222,-0.288857847,0.378060503,41,32,11.1931,25.2,0.002158909,0.141983137,lecontei_KY,0,1,0,0.09,0,0.91,0,0,1,0
21074D-06-321,0.0235362,0.0726386,-0.00483608,RB344_AG1,0.9251,44231442,lecontei,Lexington,KY,Central,38.014,-84.504,pitch,larva,-2.265811222,-0.288857847,0.378060503,41,32,11.42791,24.4,0.003313225,0.126345324,lecontei_KY,0,1,0,0.09,0,0.91,0,0,1,0
21074D-06-322,0.0236626,0.0734727,-0.00486818,RB345_AG1,0.91235,39959954,lecontei,Lexington,KY,Central,38.014,-84.504,pitch,larva,-2.265811222,-0.288857847,0.378060503,41,32,13.15742,21.8,0.0064236,0.140191232,lecontei_KY,0,1,0,0.09,0,0.91,0,0,1,0
21074D-06-323,0.0237477,0.0715751,-0.00466992,RB353_AG1,0.93875,39054008,lecontei,Lexington,KY,Central,38.014,-84.504,shortleaf,larva,-2.265811222,-0.288857847,0.378060503,41,32,12.42532,21.6,0.009277997,0.159017784,lecontei_KY,0,1,0,0.09,0,0.91,0,0,1,0
21074D-06-324,0.02357,0.0727867,-0.00464281,RB354_AG1,0.9144,48883508,lecontei,Lexington,KY,Central,38.014,-84.504,virginia,larva,-2.265811222,-0.288857847,0.378060503,41,32,10.7264,27.1,0.002864056,0.122713799,lecontei_KY,0,1,0,0.09,0,0.91,0,0,1,0
21074D-06-325,0.0235552,0.0710158,-0.00477858,RB359_AG1,0.9166,34878898,lecontei,Lexington,KY,Central,38.014,-84.504,virginia,larva,-2.265811222,-0.288857847,0.378060503,41,32,17.32024,19.2,0.02014016,0.123699348,lecontei_KY,0,1,0,0.09,0,0.91,0,0,1,0
21074D-06-326,0.0233217,0.0681525,-0.00446055,RB361_AG1,0.95375,36650546,lecontei,Lexington,KY,Central,37.98361111,-84.4175,loblolly,larva,-2.131433649,-0.853653371,0.361180771,36,31,14.30665,20.1,0.014030495,0.163335685,lecontei_KY,0,1,0,0.09,0,0.91,0,0,0.9495,0.0505
21074D-06-327,0.0200525,0.0378081,-0.00129996,RB368_AG1,0.94845,39331560,lecontei,Old_Bridge,NJ,Central,40.368141,-74.302177,pitch,larva,-1.032016443,0.02086546,1.168178161,85,59,13.24158,21.7,0.007539278,0.154485907,lecontei_NJ,0.0087,0.9913,0.0087,0.2289,0,0.7711,0.0547,0,0.2709,0.6745
21074D-06-328,0.0201462,0.0378725,-0.00148244,RB369_AG1,0.96705,41820228,lecontei,Old_Bridge,NJ,Central,40.368141,-74.302177,pitch,larva,-1.032016443,0.02086546,1.168178161,85,59,11.64842,22.8,0.005447986,0.158458826,lecontei_NJ,0.0091,0.9909,0.0091,0.2284,1.00E-04,0.7715,0.0552,0,0.271,0.6737
21074D-06-329,0.0233629,0.0692115,-0.00436696,RB370_AG1,0.95805,43191552,lecontei,Lexington,KY,Central,38.033089,-84.506953,mugo,larva,-2.296664654,-0.330739374,0.368729896,47,32,11.28714,23.7,0.004032862,0.159576944,lecontei_KY,0,1,0,0.09,0,0.91,0,0,0.9823,0.0177
21074D-06-330,0.0307805,-0.0467493,0.000342811,RB371_AG1,0.9135,42545102,lecontei,Ontario,CAN,North,45.492978,-77.59689233,red,larva,1.181139931,-0.03884047,0.688563043,165,108,16.21528,23.3,0.003747905,0.081760579,lecontei_CAN,0,1,0,0.952,0,0.048,0.8741,0,0.0162,0.1097
21074D-06-331,0.0305971,-0.0464783,0.000531745,RB372_AG1,0.96815,41378552,lecontei,Ontario,CAN,North,45.512013,-77.44665869,red,larva,0.83013253,-0.532082886,0.897637387,167,110,16.15527,23,0.004351627,0.079646662,lecontei_CAN,0,1,0,0.9504,0,0.0496,0.8744,0,0.0168,0.1088
21074D-06-332,0.0324155,-0.0566408,0.000872173,RB380_AG1,0.92375,48113036,lecontei,Manistee,MI,North,43.7675,-85.74027778,jack,larva,1.332042297,-0.774954881,0.420935918,112,80,16.48053,26.9,0.00149723,0.059693623,lecontei_MI,0,1,0,1,0,0,1,0,0,0
21074D-06-333,0.0324929,-0.0570607,0.000834645,RB381_AG1,0.92145,37941664,lecontei,Manistee,MI,North,43.76861111,-85.74083333,jack,larva,1.331861421,-0.79178151,0.434867347,113,80,29.15885,21.1,0.00750547,0.035373123,lecontei_MI,0,1,0,1,0,0,1,0,0,0
21074D-06-334,0.0324642,-0.0564626,0.000832354,RB383_AG1,0.7596,37561790,lecontei,Manistee,MI,North,43.76972222,-85.74166667,jack,larva,1.322906475,-0.807564651,0.437235168,115,80,24.21801,20.1,0.0107221,0.055304669,lecontei_MI,0,1,0,1,0,0,1,0,0,0
21074D-06-335,0.032448,-0.0565965,0.000829966,RB384_AG1,0.81885,33371952,lecontei,Manistee,MI,North,43.76972222,-85.74166667,jack,larva,1.322906475,-0.807564651,0.437235168,115,80,25.64205,18.4,0.023665896,0.056537505,lecontei_MI,0,1,0,1,0,0,1,0,0,0
21074D-06-336,0.0324325,-0.0568717,0.000870955,RB386,0.9732,42880878,lecontei,Grayling,MI,North,44.65666667,-84.69555556,jack,adultF,3.245367294,-0.35864502,0.128241109,143,95,19.93451,22.4,0.004129457,0.058338264,lecontei_MI,0,1,0,1,0,0,1,0,0,0
21074D-06-337,0.0324029,-0.0568233,0.000787012,RB388_AG1,0.8917,35003522,lecontei,Grayling,MI,North,44.65666667,-84.69555556,jack,larva,3.245367294,-0.35864502,0.128241109,143,95,24.58296,19.2,0.016059001,0.057558265,lecontei_MI,0,1,0,1,0,0,1,0,0,0
21074D-06-338,0.0323279,-0.0531399,0.000682763,RB396,0.9722,45056960,lecontei,Necedah,WI,North,44.15611111,-90.13222222,jack,adultF,0.114852785,1.413251542,-0.453648556,132,85,21.46716,22.2,0.005766751,0.04895679,lecontei_WI,0,1,0,1,0,0,0.89,0,0,0.11
21074D-06-339,0.0322869,-0.0542793,0.000689025,RB397_F2,0.96605,45119300,lecontei,Necedah,WI,North,44.15611111,-90.13222222,jack,adultF,0.114852785,1.413251542,-0.453648556,132,85,21.44887,23.4,0.003153843,0.047815849,lecontei_WI,0,1,0,1,0,0,0.89,0,0,0.11
21074D-06-340,0.0322734,-0.0543927,0.000709142,RB398_F4,0.97065,51554748,lecontei,Necedah,WI,North,44.15611111,-90.13222222,jack,adultF,0.114852785,1.413251542,-0.453648556,132,85,19.25214,26.5,0.001873953,0.047904539,lecontei_WI,0,1,0,1,0,0,0.89,0,0,0.11
21074D-06-341,0.0322776,-0.0544415,0.000573901,RB399_F11,0.9716,46701200,lecontei,Necedah,WI,North,44.15611111,-90.13222222,jack,adultF,0.114852785,1.413251542,-0.453648556,132,85,20.07894,24.3,0.002439036,0.050052289,lecontei_WI,0,1,0,1,0,0,0.89,0,0,0.11
21074D-06-342,0.0323635,-0.0536356,0.000558137,RB400,0.9678,46912822,lecontei,Necedah,WI,North,44.15611111,-90.13222222,jack,adultF,0.114852785,1.413251542,-0.453648556,132,85,20.44775,23.9,0.002685355,0.047861187,lecontei_WI,0,1,0,1,0,0,0.89,0,0,0.11
21074D-06-343,0.0321961,-0.0549903,0.000708218,RB401_AG1,0.92575,39613458,lecontei,Necedah,WI,North,44.03624444,-90.08230556,jack,larva,3.182091744,-0.433578103,-0.408818061,126,84,22.00629,21.8,0.005433496,0.050329248,lecontei_WI,0,1,0,1,0,0,0.89,0,0,0.11
21074D-06-344,0.0323719,-0.0528712,0.000520964,RB402,0.9743,47857614,lecontei,Necedah,WI,North,44.03624444,-90.08230556,jack,adultF,3.182091744,-0.433578103,-0.408818061,126,84,24.97414,23.8,0.004090819,0.033263499,lecontei_WI,0,1,0,1,0,0,0.89,0,0,0.11
21074D-06-345,0.0321073,-0.0550377,0.000619445,RB403_F3,0.96735,44372446,lecontei,Necedah,WI,North,44.15416667,-90.13194444,jack,adultF,0.122498815,1.411545736,-0.451955431,131,85,24.56081,22.9,0.004124628,0.048458983,lecontei_WI,0,1,0,1,0,0,0.89,0,0,0.11
21074D-06-346,0.0228476,0.0629647,-0.00382229,RB404_AG1,0.92575,40215934,lecontei,Morehead,KY,Central,38.186126,-83.556797,shortleaf,larva,-0.281017631,-0.560879957,0.156859819,59,36,13.96435,21.9,0.00578124,0.156695101,lecontei_KY,0,1,0,0.1062,0,0.8938,0.0079,0,0.8509,0.1412
21074D-06-347,0.0317214,-0.0548015,0.000403753,RB405_AG1,0.94495,41966478,lecontei,Manistique,MI,North,45.94854722,-86.26133056,red,larva,-0.577750213,4.36464001,0.111543687,178,115,21.6727,23.2,0.004385435,0.052129368,lecontei_MI,0,1,0,1,0,0,0.9016,0,0,0.0984
21074D-06-348,0.0318086,-0.0550335,0.000456091,RB406_F6,0.97275,53077330,lecontei,Manistique,MI,North,45.94854722,-86.26133056,red,adultF,-0.577750213,4.36464001,0.111543687,178,115,19.95687,27.2,0.002410058,0.051193416,lecontei_MI,0,1,0,1,0,0,0.9012,0,0,0.0988
21074D-06-349,0.0319966,-0.0536887,0.000506349,RB407_AG1,0.93405,44189924,lecontei,Thompson_Township,MI,North,45.91780833,-86.31300833,jack,larva,-0.092006145,3.653819528,0.131733217,174,115,19.17144,24.8,0.003091056,0.055438474,lecontei_MI,0,1,0,1,0,0,0.9026,0,0,0.0973
21074D-06-350,0.0318446,-0.0547906,0.000588882,RB408_AG1,0.96325,45456338,lecontei,Thompson_Township,MI,North,45.91780833,-86.31300833,jack,larva,-0.092006145,3.653819528,0.131733217,174,115,22.2629,23.7,0.002849567,0.052228287,lecontei_MI,0,1,0,1,0,0,0.9033,0,0,0.0967
21074D-06-351,0.031761,-0.0546406,0.000452996,RB409_F1,0.96995,40531086,lecontei,Thompson_Township,MI,North,45.92626667,-86.29398889,red,adultF,-0.482569105,4.163353245,0.114579735,177,115,22.17017,21,0.007944979,0.055052482,lecontei_MI,0,1,0,1,0,0,0.9044,0,0,0.0956
21074D-06-352,0.0317208,-0.0549115,0.000421252,RB412_F8,0.969,48820966,lecontei,Thompson_Township,MI,North,45.92626667,-86.29398889,red,adultF,-0.482569105,4.163353245,0.114579735,177,115,23.00937,23.5,0.003448459,0.049254853,lecontei_MI,0,1,0,1,0,0,0.9038,0,0,0.0961
21074D-06-353,0.0318624,-0.0548869,0.000664017,RB413_F1,0.96915,46159786,lecontei,Thompson_Township,MI,North,45.92626667,-86.29398889,red,adultF,-0.482569105,4.163353245,0.114579735,177,115,20.30417,23.7,0.005047114,0.055795033,lecontei_MI,0,1,0,1,0,0,0.9047,0,0,0.0953
21074D-06-354,0.031832,-0.0550267,0.00052664,RB414_F11,0.9724,43173116,lecontei,Thompson_Township,MI,North,45.92626667,-86.29398889,red,adultF,-0.482569105,4.163353245,0.114579735,177,115,21.56172,22.8,0.003627161,0.051498318,lecontei_MI,0,1,0,1,0,0,0.903,0,0,0.097
21074D-06-355,0.0318035,-0.0549496,0.000551797,RB415_F4,0.9657,52287708,lecontei,Thompson_Township,MI,North,45.92626667,-86.29398889,red,adultF,-0.482569105,4.163353245,0.114579735,177,115,19.31686,25.3,0.004515839,0.054542632,lecontei_MI,0,1,0,1,0,0,0.902,0,0,0.098
21074D-06-356,0.0320112,-0.0558512,0.00070239,RB416_F3,0.96775,42832266,lecontei,Suring,WI,North,44.98333333,-88.44805556,red,adultF,-0.965749462,-0.20114707,-0.042942565,156,103,27.73233,21.6,0.009191061,0.040566231,lecontei_WI,0,1,0,1,0,0,0.89,0,0,0.11
21074D-06-357,0.0320544,-0.0559152,0.000701748,RB417,0.96835,41376886,lecontei,Suring,WI,North,44.98333333,-88.44805556,red,adultF,-0.965749462,-0.20114707,-0.042942565,156,103,24.30266,21.3,0.008915764,0.043508136,lecontei_WI,0,1,0,1,0,0,0.89,0,0,0.11
21074D-06-358,0.0320124,-0.0555791,0.000658292,RB418_F9,0.9679,45011066,lecontei,Suring,WI,North,44.98333333,-88.44805556,red,adultF,-0.965749462,-0.20114707,-0.042942565,156,103,24.5887,20.9,0.009683698,0.050637912,lecontei_WI,0,1,0,1,0,0,0.89,0,0,0.11
21074D-06-359,0.0320476,-0.0560168,0.000663021,RB419_F3,0.96905,41644530,lecontei,Suring,WI,North,44.98333333,-88.44805556,red,adultF,-0.965749462,-0.20114707,-0.042942565,156,103,26.40133,22.1,0.004776647,0.034853926,lecontei_WI,0,1,0,1,0,0,0.89,0,0,0.11
21074D-06-360,0.0320811,-0.05605,0.000729961,RB421_F2,0.9693,46480714,lecontei,Suring,WI,North,44.98333333,-88.44805556,red,adultF,-0.965749462,-0.20114707,-0.042942565,156,103,25.41967,24.4,0.002680525,0.036669346,lecontei_WI,0,1,0,1,0,0,0.89,0,0,0.11
21074D-06-361,0.0321584,-0.0540421,0.00065881,RB427_AG1,0.919,36704944,lecontei,Rothschild,WI,North,44.86194444,-89.63666667,jack,larva,-0.655188803,0.135314774,-0.110627498,153,100,23.1836,19.8,0.013388135,0.053427454,lecontei_WI,0,1,0,1,0,0,0.89,0,0,0.11
21074D-06-362,0.0322177,-0.0539982,0.000524416,RB428_AG1,0.85015,36433696,lecontei,Rothschild,WI,North,44.86194444,-89.63666667,jack,larva,-0.655188803,0.135314774,-0.110627498,153,100,25.20435,19.2,0.016580616,0.053483027,lecontei_WI,0,1,0,1,0,0,0.89,0,0,0.11
21074D-06-363,0.0321191,-0.055414,0.000719157,RB429_AG1,0.9265,36500748,lecontei,Rothschild,WI,North,44.86194444,-89.63666667,jack,larva,-0.655188803,0.135314774,-0.110627498,153,100,22.20167,20,0.011924713,0.054775638,lecontei_WI,0,1,0,1,0,0,0.89,0,0,0.11
21074D-06-364,0.0321542,-0.0555361,0.000638984,RB431_AG1,0.91385,39896998,lecontei,Mosinee,WI,North,44.84388889,-89.69055556,red,larva,-0.067940799,0.384387158,-0.113294415,152,100,30.65641,21.9,0.007012833,0.032515066,lecontei_WI,0,1,0,1,0,0,0.89,0,0,0.11
21074D-06-365,0.0321616,-0.0554522,0.000640635,RB432_AG1,0.93115,41149570,lecontei,Mosinee,WI,North,44.84388889,-89.69055556,red,larva,-0.067940799,0.384387158,-0.113294415,152,100,24.3639,22.8,0.004622094,0.041107855,lecontei_WI,0,1,0,1,0,0,0.89,0,0,0.11
21074D-06-366,0.0321275,-0.0551919,0.000731255,RB434_AG1,0.9417,42430234,lecontei,Mosinee,WI,North,44.84388889,-89.69055556,jack,larva,-0.067940799,0.384387158,-0.113294415,152,100,22.54342,23.4,0.004057011,0.046903869,lecontei_WI,0,1,0,1,0,0,0.89,0,0,0.11
21074D-06-367,0.0321904,-0.055462,0.000758977,RB435_AG1,0.96705,39072016,lecontei,Mosinee,WI,North,44.84388889,-89.69055556,jack,larva,-0.067940799,0.384387158,-0.113294415,152,100,30.15615,21.7,0.007017662,0.029874122,lecontei_WI,0,1,0,1,0,0,0.89,0,0,0.11
21074D-06-368,0.0321893,-0.0550287,0.000614558,RB438_AG1,0.9128,42600062,lecontei,Friendship,WI,North,44.02555556,-89.70527778,jack,larva,0.850396078,0.066466574,-0.395602875,125,83,20.16952,23.7,0.003477438,0.04906242,lecontei_WI,0,1,0,1,0,0,0.89,0,0,0.11
21074D-06-369,0.032333,-0.0538835,0.000612551,RB439_AG1,0.9314,33231758,lecontei,Friendship,WI,North,44.02555556,-89.70527778,jack,larva,0.850396078,0.066466574,-0.395602875,125,83,26.30257,18.4,0.031567407,0.05086952,lecontei_WI,0,1,0,1,0,0,0.89,0,0,0.11
21074D-06-370,0.0322969,-0.053995,0.00053839,RB440_AG1,0.81045,33264198,lecontei,Friendship,WI,North,44.02555556,-89.70527778,jack,larva,0.850396078,0.066466574,-0.395602875,125,83,26.65337,18,0.026621718,0.051831674,lecontei_WI,0,1,0,1,0,0,0.89,0,0,0.11
21074D-06-371,0.0322121,-0.0544563,0.000747311,RB441_AG1,0.944,34054664,lecontei,Necedah,WI,North,44.03624444,-90.08230556,jack,larva,3.182091744,-0.433578103,-0.408818061,126,84,28.71487,18.4,0.021830581,0.040912659,lecontei_WI,0,1,0,1,0,0,0.89,0,0,0.11
21074D-06-372,0.0323102,-0.0565807,0.000868459,RB446_AG1,0.95975,36126910,lecontei,Frederic,MI,North,44.73135,-84.748931,red,larva,2.559004809,-1.188988816,-0.057129992,150,98,21.9496,20.1,0.012678158,0.060193519,lecontei_MI,0,1,0,1,0,0,1,0,0,0
21074D-06-373,0.0323374,-0.0564479,0.000962947,RB447_AG1,0.9689,37208752,lecontei,Frederic,MI,North,44.73135,-84.748931,red,larva,2.559004809,-1.188988816,-0.057129992,150,98,20.45144,20.5,0.009070317,0.060447139,lecontei_MI,0,1,0,1,0,0,1,0,0,0
21074D-06-375,0.0323512,-0.0569652,0.000802782,RB452_AG1,0.91255,37680866,lecontei,Frederic,MI,North,44.719761,-84.745342,red,larva,2.825013035,-1.056604503,-0.034581743,149,98,21.6792,20.2,0.009785123,0.060939504,lecontei_MI,0,1,0,1,0,0,1,0,0,0
21074D-06-376,0.0323876,-0.0565763,0.000767726,RB457_AG1,0.92535,35356678,lecontei,Frederic,MI,North,44.73135,-84.748931,red,larva,2.559004809,-1.188988816,-0.057129992,150,98,22.66376,19.4,0.015097875,0.058389686,lecontei_MI,0,1,0,1,0,0,1,0,0,0
21074D-06-377,0.0324005,-0.0570073,0.000866286,RB462_F3,0.9672,40547550,lecontei,Frederic,MI,North,44.73135,-84.748931,jack,adultF,2.559004809,-1.188988816,-0.057129992,150,98,22.68867,20.4,0.015151003,0.061801169,lecontei_MI,0,1,0,1,0,0,1,0,0,0
21074D-06-378,0.032431,-0.0571339,0.00090952,RB463_F6,0.97395,42248446,lecontei,Frederic,MI,North,44.73135,-84.748931,jack,adultF,2.559004809,-1.188988816,-0.057129992,150,98,21.92551,21.2,0.008611488,0.057247669,lecontei_MI,0,1,0,1,0,0,1,0,0,0
21074D-06-379,0.032342,-0.0567379,0.000895307,RB464,0.9694,44227004,lecontei,Frederic,MI,North,44.73135,-84.748931,jack,adultF,2.559004809,-1.188988816,-0.057129992,150,98,21.88333,22.2,0.007365406,0.053813667,lecontei_MI,0,1,0,1,0,0,1,0,0,0
21074D-06-380,0.0323689,-0.0567976,0.000779532,RB466_F2,0.9704,46221552,lecontei,Frederic,MI,North,44.73135,-84.748931,jack,adultF,2.559004809,-1.188988816,-0.057129992,150,98,21.3648,22.8,0.007804916,0.057756057,lecontei_MI,0,1,0,1,0,0,1,0,0,0
21074D-06-381,0.0322962,-0.0567045,0.000801929,RB467_F2,0.9698,47872540,lecontei,Frederic,MI,North,44.73135,-84.748931,jack,adultF,2.559004809,-1.188988816,-0.057129992,150,98,20.94455,24.4,0.004989157,0.053486137,lecontei_MI,0,1,0,1,0,0,1,0,0,0
21074D-06-382,0.0324125,-0.0570066,0.000983508,RB468_F5,0.96945,39580190,lecontei,Frederic,MI,North,44.73135,-84.748931,jack,adultF,2.559004809,-1.188988816,-0.057129992,150,98,20.32056,19.9,0.017213317,0.058938005,lecontei_MI,0,1,0,1,0,0,1,0,0,0
21074D-06-383,0.032275,-0.0567664,0.000876402,RB470_F2,0.97305,55773884,lecontei,Frederic,MI,North,44.73135,-84.748931,jack,adultF,2.559004809,-1.188988816,-0.057129992,150,98,16.97165,27.4,0.002723993,0.062789065,lecontei_MI,0,1,0,1,0,0,1,0,0,0
21074D-06-384,0.0323118,-0.056608,0.000858097,RB471_F2,0.97375,39338512,lecontei,Frederic,MI,North,44.73135,-84.748931,jack,adultF,2.559004809,-1.188988816,-0.057129992,150,98,25.54242,19.1,0.02164705,0.056460332,lecontei_MI,0,1,0,1,0,0,1,0,0,0
21074D-06-385,0.0322713,-0.0565422,0.00093132,RB472_F3,0.96735,45491810,lecontei,Frederic,MI,North,44.73135,-84.748931,jack,adultF,2.559004809,-1.188988816,-0.057129992,150,98,19.50161,22.5,0.007940149,0.059219591,lecontei_MI,0,1,0,1,0,0,1,0,0,0
21074D-06-386,0.0317346,-0.0537809,0.000636709,RB480_AG1,0.93925,48197350,lecontei,Naubinway,MI,North,46.095806,-85.394444,red,larva,0.235844747,3.253666028,0.039657625,183,117,19.35315,26,0.001806336,0.049014153,lecontei_MI,0,1,0,1,0,0,0.9184,0,0,0.0815
21074D-06-388,0.0323386,-0.0565765,0.000868601,RB484_AG1,0.90165,55029024,lecontei,Frederic,MI,North,44.73135,-84.748931,red,larva,2.559004809,-1.188988816,-0.057129992,150,98,16.66369,29.2,0.001429613,0.057958047,lecontei_MI,0,1,0,1,0,0,1,0,0,0
21074D-06-389,0.0323287,-0.0568484,0.000870325,RB485_AG1,0.8851,45432582,lecontei,Frederic,MI,North,44.73135,-84.748931,red,larva,2.559004809,-1.188988816,-0.057129992,150,98,19.34959,24,0.003897628,0.058460449,lecontei_MI,0,1,0,1,0,0,1,0,0,0
21074D-06-390,0.0234001,0.0704729,-0.00423913,RIB_X001_F,0.96455,50626742,lecontei,Lexington,KY,Central,38.10843188,-84.54534853,shortleaf,adultF,-2.338806894,-1.031630991,0.338951326,58,35,8.97304,26.5,0.001564847,0.157557141,lecontei_KY,0,1,0,0.09,0,0.91,0,0,0.9892,0.0108
21074D-06-391,0.0233021,0.0701559,-0.00421321,RIB_X005_F,0.9711,40776814,lecontei,Lexington,KY,Central,38.10843188,-84.54534853,shortleaf,adultF,-2.338806894,-1.031630991,0.338951326,58,35,11.88424,21.8,0.005592879,0.157806801,lecontei_KY,0,1,0,0.09,0,0.91,0,0,1,0
21074D-06-392,-0.0899359,-0.00286929,0.136963,RIB_X011_F,0.9618,38076906,pinetum,Lexington,KY,Central,38.032384,-84.565478,white,adultF,-2.214207119,-0.639701016,0.378169649,46,33,24.68128,19.9,0.017913634,0.100359005,pinetum_KY,0.0058,0.0058,0.9942,0,0.9021,0.0978,0,0.7831,0.0068,0.21
21074D-06-393,0.0232264,0.0694304,-0.0039808,RIB_X027_F,0.9722,34034030,lecontei,Lexington,KY,Central,38.10843188,-84.54534853,shortleaf,adultF,-2.338806894,-1.031630991,0.338951326,58,35,16.11646,18,0.024515936,0.16302179,lecontei_KY,0,1,0,0.09,0,0.91,0,0,0.992,0.0079
21074D-06-394,-0.0914502,-0.00408171,0.122185,RIB_X034_F,0.95635,36669018,pinetum,Georgetown,KY,Central,38.24932,-84.549175,white,adultF,-2.179329207,-0.90617855,0.369226066,65,41,27.64274,19.5,0.01993731,0.105321775,pinetum_KY,0,0,1,0,0.9145,0.0855,0,0.8005,0,0.1995
21074D-06-395,-0.0983665,-0.0103652,-0.0730108,RIB_X036_F,0.9578,33693626,pinetum,Florence,KY,Central,38.9377,-84.6335,white,adultF,-1.632898488,-0.565584468,0.396663719,75,49,31.04551,17.6,0.036517926,0.100747915,pinetum_KY,0,0,1,0,0.9834,0.0165,0,0.9614,0,0.0386
21074D-06-396,-0.0893795,-0.0027431,0.135161,RIB_X053_F,0.9576,34614792,pinetum,Lexington,KY,Central,38.032384,-84.565478,white,adultF,-2.214207119,-0.639701016,0.378169649,46,33,27.97551,18.3,0.028964158,0.106922587,pinetum_KY,0,0,1,0,0.9076,0.0924,0,0.7877,0.0023,0.21
21074D-06-397,-0.0915127,-0.00395416,0.118734,RIB_X054_F,0.94975,36223766,pinetum,Georgetown,KY,Central,38.24932,-84.549175,white,adultF,-2.179329207,-0.90617855,0.369226066,65,41,25.37787,19.2,0.021173732,0.107709767,pinetum_KY,0,0,1,0,0.9157,0.0843,0,0.8033,0,0.1967
21074D-06-398,0.023465,0.0694776,-0.00422435,RIB_X055_F,0.9723,41536242,lecontei,Lexington,KY,Central,38.10843188,-84.54534853,virginia,adultF,-2.338806894,-1.031630991,0.338951326,58,35,11.74159,21.6,0.005877836,0.158498193,lecontei_KY,0,1,0,0.09,0,0.91,0,0,0.9885,0.0115
21074D-06-399,-0.0972354,-0.0110879,-0.0774403,RID_X011_F,0.9566,42591594,pinetum,Okemos,MI,North,42.69,-84.4515,white,adultF,-1.90290445,-0.528029419,0.521675322,100,72,30.04667,22.9,0.008727403,0.064431257,pinetum_MI,0,0,1,0,0.9954,0.0046,0,0.9892,0,0.0108
21074D-06-400,0.0233158,0.0705506,-0.00420913,RID_X026_F,0.9758,44368992,lecontei,Lexington,KY,Central,38.10843188,-84.54534853,shortleaf,adultF,-2.338806894,-1.031630991,0.338951326,58,35,10.63015,22.8,0.003786543,0.153661552,lecontei_KY,0,1,0,0.09,0,0.91,0,0,1,0
21074D-06-401,0.0232823,0.069972,-0.00417289,RID_X028_F,0.9738,40826156,lecontei,Lexington,KY,Central,38.09375,-84.554583,loblolly,adultF,-2.320788785,-0.975348882,0.348717466,53,35,12.61773,21.6,0.005800559,0.15794664,lecontei_KY,0,1,0,0.09,0,0.91,0,0,0.9841,0.0159
21074D-06-402,0.0233077,0.0694534,-0.00409588,RID_X029_F,0.976,44380684,lecontei,Lexington,KY,Central,37.98680011,-84.41633162,virginia,adultF,-2.119575659,-0.827681692,0.355960646,39,31,10.94053,23.1,0.003520906,0.160585498,lecontei_KY,0,1,0,0.09,0,0.91,0,0,0.9813,0.0187
21074D-06-403,-0.0980726,-0.0114734,-0.0878803,RID_X037_F,0.95155,40432404,pinetum,Ann_Arbor,MI,North,42.257,-83.7013,white,adultF,-1.994130886,-0.412192906,0.876469816,99,71,36.66826,21,0.012707137,0.048743261,pinetum_MI,0,0,1,0,1,0,0,1,0,0
21074D-06-404,-0.094194,-0.0097242,-0.0528731,RID_X040_F,0.9587,41165378,pinetum,Millersburg,MI,North,45.492,-84.0294,white,adultF,0.589842109,3.099298709,0.173448553,164,107,27.15592,21.6,0.010876652,0.075933729,pinetum_MI,0,0,1,0,0.9858,0.0142,0,0.9668,0,0.0332
21074D-06-405,-0.0996229,-0.0121702,-0.0999735,RID_X055_F,0.9617,38718590,pinetum,Three_Rivers,MI,North,41.9459,-85.6507,white,adultF,-1.39986727,-0.26245993,0.263137689,98,70,32.13251,20.2,0.015972065,0.06151898,pinetum_MI,0,0,1,0,1,0,0,1,0,0
21074D-06-406,-0.0953481,-0.0101268,-0.0626766,RID_X058_F,0.9579,36851528,pinetum,Grandville,MI,North,42.9105,-85.7664,white,adultF,-1.557156507,0.661492227,0.363064583,102,74,30.39715,18.9,0.024462808,0.0736593,pinetum_MI,0,0,1,0,0.9895,0.0105,0,0.9755,0,0.0245
21074D-06-407,-0.0996166,-0.0121993,-0.100656,RID_X059_F,0.9591,37941576,pinetum,Three_Rivers,MI,North,41.9459,-85.6507,white,adultF,-1.39986727,-0.26245993,0.263137689,98,70,35.76894,20,0.016778637,0.05732531,pinetum_MI,0,0,1,0,1,0,0,1,0,0
21074D-06-408,-0.100767,-0.0122811,-0.104787,RIE_X014_F,0.95955,40096680,pinetum,Bloomington,IN,Central,39.1871,-86.5447,white,adultF,-1.148611411,-0.730690857,0.506325318,76,50,35.11605,20.8,0.013112838,0.051826911,pinetum_IN,0,0,1,0,0.9944,0.0056,0,0.987,0,0.0129
21074D-06-409,-0.101593,-0.0129463,-0.118152,RIE_X072_F,0.9581,34029478,pinetum,Auburn,IN,Central,41.3823,-85.0534,white,adultF,-2.039789093,-0.797534012,0.306156399,95,67,37.70799,17.9,0.032934233,0.047375518,pinetum_IN,0,0,1,0,1,0,0,1,0,0
