group,angle,key,marked_tiff,txt,raw_image,raw_group,n_expected,n_found,landmark_source,image_width,image_height,landmarks_px_json,flags
F1,Bottom,rx001-v06_b,../marked_images/landmarked_f1/marked_tiff/bottom/RX001-V06_B_MARK.tif,../marked_images/landmarked_f1/txt/bottom/RX001-V06_B.txt,../raw_images/f1/RX001-V06_B.tif,F1,38,38,autolabel_v1.4,3840,2160,"[[2541.41, 1011.55], [2452.59, 1145.45], [2335.5, 1002.41], [2273.89, 1006.5], [2214.83, 1010.16], [2147.18, 1007.52], [2325.13, 1156.5], [2267.52, 1158.5], [2213.03, 1160.53], [2145.01, 1166.55], [1411.31, 1084.1], [1729.53, 938.73], [1737.85, 1221.55], [2334.33, 1095.79], [2387.0, 1079.64], [2442.49, 1065.32], [2496.11, 1043.46], [2362.76, 1109.83], [2394.68, 1117.72], [2426.13, 1127.55], [2388.05, 997.88], [2440.64, 997.5], [2493.38, 995.97], [2357.51, 1155.5], [2389.73, 1152.75], [2422.09, 1151.5], [2090.45, 995.24], [2030.34, 986.61], [1969.46, 985.23], [1909.35, 972.18], [1848.84, 965.42], [1788.74, 955.13], [2086.88, 1175.07], [2028.86, 1182.13], [1969.93, 1180.41], [1911.81, 1190.5], [1853.94, 1199.12], [1795.4, 1208.01]]",
F1,Bottom,rx001-v5_b,../marked_images/landmarked_f1/marked_tiff/bottom/RX001-V5_B_MARK.tif,../marked_images/landmarked_f1/txt/bottom/RX001-V5_B.txt,../raw_images/f1/RX001-V5_B.tif,F1,38,38,autolabel_v1.4,3840,2160,"[[2445.48, 1039.71], [2373.77, 1157.53], [2296.93, 1017.5], [2243.43, 1022.27], [2186.22, 1026.31], [2117.98, 1012.49], [2294.56, 1166.5], [2247.0, 1165.86], [2194.32, 1161.29], [2137.1, 1161.88], [1409.46, 1092.75], [1736.05, 981.49], [1701.2, 1211.12], [2311.3, 1102.38], [2367.75, 1084.45], [2387.94, 1109.32], [2399.36, 1076.01], [2327.64, 1115.07], [2345.23, 1126.99], [2361.92, 1140.39], [2336.23, 1017.44], [2375.62, 1016.5], [2414.71, 1020.56], [2314.96, 1165.57], [2335.27, 1163.66], [2355.66, 1163.91], [2064.31, 1002.44], [2009.68, 999.62], [1954.97, 994.5], [1900.28, 990.71], [1845.99, 982.5], [1791.06, 981.58], [2075.29, 1171.06], [2012.93, 1173.52], [1950.38, 1177.79], [1887.99, 1186.88], [1825.57, 1191.4], [1763.55, 1203.39]]",
F1,Bottom,rx001-v8_b,../marked_images/landmarked_f1/marked_tiff/bottom/RX001-V8_B_MARK.tif,../marked_images/landmarked_f1/txt/bottom/RX001-V8_B.txt,../raw_images/f1/RX001-V8_B.tif,F1,38,38,autolabel_v1.4,3840,2160,"[[2523.09, 1022.25], [2453.64, 1145.8], [2333.72, 1007.39], [2270.0, 1010.31], [2213.71, 1004.97], [2147.02, 997.04], [2335.41, 1154.35], [2276.15, 1157.5], [2220.94, 1153.66], [2153.26, 1155.12], [1437.4, 1086.29], [1734.23, 953.53], [1718.24, 1237.14], [2345.03, 1085.72], [2388.26, 1069.27], [2435.2, 1057.33], [2481.73, 1043.92], [2371.45, 1100.98], [2400.94, 1112.48], [2429.82, 1126.04], [2381.93, 1006.57], [2430.14, 1007.5], [2478.52, 1008.49], [2364.96, 1153.91], [2395.31, 1152.5], [2425.69, 1151.5], [2089.14, 986.09], [2030.99, 979.32], [1971.41, 983.48], [1912.06, 976.15], [1852.97, 970.3], [1793.16, 966.72], [2091.06, 1165.52], [2028.86, 1173.44], [1965.49, 1176.0], [1903.01, 1188.84], [1840.97, 1200.33], [1778.66, 1215.63]]",
F1,Bottom,rx001v4_b48,../marked_images/landmarked_f1/marked_tiff/bottom/RX001v4_B48_MARK.tif,../marked_images/landmarked_f1/txt/bottom/RX001v4_B48.txt,../raw_images/f1/RX001v4_B48.tif,F1,38,38,autolabel_v1.4,2560,1920,"[[2072.39, 946.3], [1982.59, 1123.43], [1835.36, 916.5], [1754.15, 920.32], [1669.05, 915.5], [1586.12, 911.37], [1827.1, 1139.56], [1753.83, 1137.5], [1666.65, 1134.53], [1580.02, 1136.87], [619.65, 1066.05], [987.53, 836.48], [1047.08, 1211.48], [1853.33, 1044.77], [1911.24, 1029.41], [1971.62, 1011.96], [2030.05, 988.68], [1886.02, 1064.26], [1921.55, 1080.03], [1952.96, 1102.44], [1896.79, 918.32], [1958.44, 917.98], [2019.99, 920.54], [1867.48, 1140.5], [1907.66, 1137.18], [1947.98, 1135.5], [1499.76, 905.03], [1414.03, 891.67], [1334.31, 892.45], [1247.1, 883.5], [1160.96, 866.67], [1073.2, 857.72], [1505.48, 1145.25], [1430.85, 1163.33], [1354.6, 1157.77], [1279.23, 1179.85], [1201.53, 1183.32], [1125.05, 1200.5]]",
F1,Bottom,rx001v7_b32,../marked_images/landmarked_f1/marked_tiff/bottom/RX001v7_B32_MARK.tif,../marked_images/landmarked_f1/txt/bottom/RX001v7_B32.txt,../raw_images/f1/RX001v7_B32.tif,F1,38,38,autolabel_v1.4,2560,1920,"[[2050.37, 1015.36], [1932.62, 1208.08], [1738.78, 978.5], [1648.98, 976.5], [1567.98, 972.84], [1489.01, 964.72], [1717.26, 1213.7], [1637.86, 1210.83], [1556.51, 1206.85], [1477.74, 1204.5], [527.39, 1018.65], [1063.4, 869.89], [1063.91, 1232.66], [1735.33, 1103.22], [1815.9, 1090.47], [1898.22, 1074.81], [1979.22, 1053.56], [1783.46, 1131.17], [1837.03, 1151.17], [1889.84, 1173.69], [1818.47, 981.59], [1897.79, 986.5], [1977.56, 988.6], [1771.27, 1216.5], [1825.55, 1215.49], [1879.75, 1212.5], [1428.71, 958.47], [1369.35, 938.0], [1308.08, 934.9], [1246.73, 918.41], [1186.06, 900.37], [1124.53, 888.28], [1418.3, 1209.71], [1358.93, 1207.59], [1299.74, 1211.73], [1241.68, 1212.74], [1182.52, 1221.21], [1123.26, 1223.45]]",
F1,Bottom,rx004-v1_b,../marked_images/landmarked_f1/marked_tiff/bottom/RX004-V1_B_MARK.tif,../marked_images/landmarked_f1/txt/bottom/RX004-V1_B.txt,../raw_images/f1/RX004-V1_B.tif,F1,38,38,autolabel_v1.4,3840,2160,"[[2495.46, 1007.05], [2419.99, 1145.15], [2341.5, 988.43], [2283.97, 987.5], [2226.45, 986.39], [2162.98, 986.48], [2332.44, 1154.41], [2286.73, 1155.5], [2223.45, 1155.04], [2161.81, 1157.27], [1444.48, 1089.31], [1714.73, 928.8], [1733.29, 1224.46], [2334.28, 1090.18], [2377.2, 1075.58], [2422.48, 1062.01], [2464.03, 1039.23], [2356.55, 1101.03], [2379.05, 1114.53], [2402.17, 1127.39], [2381.38, 989.5], [2421.27, 988.3], [2460.91, 990.34], [2354.75, 1152.5], [2377.05, 1150.5], [2399.54, 1150.5], [2099.42, 980.22], [2034.88, 974.66], [1970.25, 971.72], [1906.01, 962.5], [1841.91, 953.6], [1777.71, 944.05], [2100.4, 1165.3], [2040.4, 1174.54], [1978.63, 1173.99], [1917.62, 1187.5], [1855.59, 1195.87], [1793.69, 1206.61]]",
F1,Bottom,rx005-v1_b,../marked_images/landmarked_f1/marked_tiff/bottom/RX005-V1_B_MARK.tif,../marked_images/landmarked_f1/txt/bottom/RX005-V1_B.txt,../raw_images/f1/RX005-V1_B.tif,F1,38,38,autolabel_v1.4,3840,2160,"[[2481.42, 1012.67], [2405.96, 1139.24], [2310.69, 997.21], [2262.8, 998.38], [2207.2, 1000.47], [2138.05, 998.66], [2306.96, 1149.49], [2259.3, 1149.95], [2202.34, 1155.75], [2141.84, 1157.91], [1400.49, 1077.7], [1736.44, 934.64], [1693.21, 1214.1], [2322.03, 1093.26], [2363.83, 1077.94], [2407.77, 1062.98], [2449.62, 1042.93], [2342.2, 1104.97], [2365.6, 1113.55], [2388.27, 1123.81], [2354.51, 997.5], [2398.31, 997.5], [2442.2, 998.56], [2332.26, 1147.5], [2357.56, 1145.5], [2382.95, 1146.42], [2082.2, 987.5], [2024.19, 980.7], [1966.16, 978.16], [1909.06, 966.34], [1851.61, 955.61], [1793.47, 948.45], [2075.85, 1164.11], [2010.12, 1173.46], [1949.34, 1160.5], [1892.55, 1179.53], [1826.39, 1191.5], [1759.19, 1199.62]]",
F1,Bottom,rx005-v2_b,../marked_images/landmarked_f1/marked_tiff/bottom/RX005-V2_B_MARK.tif,../marked_images/landmarked_f1/txt/bottom/RX005-V2_B.txt,../raw_images/f1/RX005-V2_B.tif,F1,38,38,autolabel_v1.4,3840,2160,"[[2477.16, 1004.23], [2400.6, 1122.6], [2354.55, 990.5], [2314.84, 989.5], [2261.03, 991.49], [2205.42, 992.92], [2345.81, 1131.56], [2312.2, 1135.5], [2261.11, 1142.49], [2211.15, 1146.26], [1422.5, 1099.45], [1785.03, 955.64], [1729.1, 1222.7], [2337.28, 1077.86], [2373.82, 1063.91], [2412.56, 1050.64], [2447.89, 1030.23], [2351.99, 1089.81], [2369.22, 1099.86], [2387.15, 1108.6], [2386.45, 989.5], [2418.34, 988.5], [2450.06, 991.36], [2360.19, 1130.5], [2374.67, 1130.5], [2389.04, 1129.32], [2147.9, 983.69], [2087.61, 980.01], [2026.92, 977.69], [1966.55, 974.02], [1905.61, 970.68], [1845.61, 962.96], [2141.62, 1153.5], [2071.85, 1161.92], [2002.77, 1173.34], [1934.04, 1175.9], [1865.39, 1189.98], [1796.95, 1203.53]]",
F1,Bottom,rx006-v1_b,../marked_images/landmarked_f1/marked_tiff/bottom/RX006-V1_B_MARK.tif,../marked_images/landmarked_f1/txt/bottom/RX006-V1_B.txt,../raw_images/f1/RX006-V1_B.tif,F1,38,38,autolabel_v1.4,3840,2160,"[[2529.03, 1010.94], [2448.22, 1149.59], [2325.21, 1001.31], [2267.53, 1004.75], [2208.35, 1005.69], [2147.45, 998.72], [2328.05, 1156.5], [2276.61, 1157.73], [2211.58, 1157.77], [2155.17, 1160.47], [1422.28, 1085.19], [1763.51, 948.98], [1766.27, 1236.61], [2319.3, 1084.57], [2372.2, 1069.47], [2427.4, 1055.7], [2481.73, 1038.8], [2351.57, 1099.07], [2385.77, 1114.03], [2420.19, 1127.8], [2377.01, 999.54], [2428.84, 998.5], [2480.72, 997.5], [2358.35, 1156.5], [2388.66, 1154.76], [2418.89, 1153.5], [2095.25, 987.83], [2039.86, 984.17], [1984.53, 979.42], [1929.01, 973.88], [1873.72, 969.05], [1817.73, 964.63], [2099.72, 1171.35], [2043.18, 1175.82], [1986.86, 1181.5], [1931.29, 1192.47], [1875.01, 1200.62], [1819.85, 1216.17]]",
F1,Bottom,rx006-v2_b,../marked_images/landmarked_f1/marked_tiff/bottom/RX006-V2_B_MARK.tif,../marked_images/landmarked_f1/txt/bottom/RX006-V2_B.txt,../raw_images/f1/RX006-V2_B.tif,F1,38,38,autolabel_v1.4,3840,2160,"[[2547.75, 1018.14], [2456.92, 1159.53], [2354.23, 1008.5], [2286.41, 1008.27], [2225.42, 1010.54], [2163.44, 1005.67], [2344.03, 1167.5], [2298.26, 1167.52], [2228.97, 1164.51], [2169.97, 1165.88], [1434.45, 1079.92], [1809.53, 971.17], [1888.71, 1198.47], [2350.32, 1095.69], [2400.42, 1081.51], [2453.6, 1068.24], [2504.26, 1047.12], [2377.65, 1110.08], [2406.54, 1123.54], [2434.83, 1137.62], [2403.44, 1005.5], [2452.82, 1004.5], [2502.12, 1004.49], [2373.0, 1167.5], [2401.89, 1166.49], [2430.69, 1164.56], [2113.56, 996.59], [2062.47, 994.5], [2012.48, 985.49], [1961.13, 981.92], [1910.78, 971.1], [1859.59, 968.49], [2129.75, 1169.54], [2089.09, 1171.44], [2049.01, 1175.81], [2008.98, 1176.41], [1969.15, 1183.82], [1929.2, 1192.06]]",
F1,Bottom,rx008-v2_b,../marked_images/landmarked_f1/marked_tiff/bottom/RX008-V2_B_MARK.tif,../marked_images/landmarked_f1/txt/bottom/RX008-V2_B.txt,../raw_images/f1/RX008-V2_B.tif,F1,38,38,autolabel_v1.4,3840,2160,"[[2546.55, 1017.18], [2464.65, 1153.99], [2348.48, 998.25], [2292.86, 994.33], [2217.14, 991.49], [2153.9, 990.79], [2351.64, 1162.58], [2271.79, 1163.86], [2219.01, 1159.34], [2151.02, 1160.54], [1456.45, 1063.05], [1802.51, 944.0], [1725.52, 1220.77], [2336.27, 1098.02], [2389.05, 1079.13], [2445.94, 1065.89], [2501.19, 1047.04], [2366.97, 1113.17], [2401.44, 1123.26], [2435.62, 1134.38], [2399.51, 1003.02], [2450.4, 1001.61], [2501.48, 997.62], [2380.52, 1161.45], [2409.24, 1160.53], [2438.11, 1160.47], [2103.42, 985.78], [2052.88, 982.58], [2002.39, 978.5], [1952.34, 969.74], [1902.09, 964.5], [1852.09, 955.48], [2089.65, 1165.5], [2028.39, 1174.5], [1967.36, 1179.25], [1905.82, 1185.15], [1845.03, 1197.49], [1784.39, 1210.38]]",
F1,Bottom,rx008-v4_b,../marked_images/landmarked_f1/marked_tiff/bottom/RX008-V4_B_MARK.tif,../marked_images/landmarked_f1/txt/bottom/RX008-V4_B.txt,../raw_images/f1/RX008-V4_B.tif,F1,38,38,autolabel_v1.4,3840,2160,"[[2499.85, 1016.39], [2423.48, 1161.3], [2329.86, 1005.5], [2272.05, 1007.5], [2213.06, 1008.54], [2153.8, 1004.23], [2327.3, 1165.5], [2275.85, 1168.5], [2212.69, 1164.07], [2157.31, 1161.86], [1468.4, 1077.78], [1719.14, 947.55], [1794.86, 1214.18], [2327.3, 1090.44], [2372.15, 1076.82], [2420.13, 1065.12], [2466.25, 1047.62], [2352.24, 1106.59], [2379.87, 1120.25], [2404.5, 1138.6], [2373.25, 1004.5], [2416.51, 1002.0], [2459.81, 1003.06], [2351.79, 1165.5], [2376.28, 1165.5], [2400.78, 1165.5], [2092.37, 996.6], [2030.53, 989.64], [1967.91, 986.31], [1905.41, 977.39], [1842.71, 970.41], [1780.45, 962.0], [2104.79, 1164.36], [2052.01, 1164.68], [2000.21, 1171.5], [1948.09, 1179.47], [1896.76, 1187.94], [1846.11, 1200.68]]",
F1,Bottom,rx009-v9_b,../marked_images/landmarked_f1/marked_tiff/bottom/RX009-V9_B_MARK.tif,../marked_images/landmarked_f1/txt/bottom/RX009-V9_B.txt,../raw_images/f1/RX009-V9_B.tif,F1,38,38,autolabel_v1.4,3840,2160,"[[2518.89, 1031.85], [2433.33, 1152.37], [2355.3, 1006.5], [2307.3, 1006.5], [2255.55, 1007.99], [2200.12, 1003.79], [2333.71, 1165.52], [2291.91, 1165.5], [2246.57, 1164.52], [2189.52, 1162.76], [1485.3, 1075.21], [1820.57, 956.74], [1796.69, 1226.98], [2333.3, 1093.45], [2379.15, 1079.86], [2428.39, 1069.28], [2476.89, 1055.87], [2357.25, 1109.88], [2384.99, 1120.72], [2412.38, 1132.75], [2397.58, 1008.79], [2439.9, 1010.5], [2482.02, 1014.33], [2358.47, 1160.54], [2383.84, 1159.32], [2409.15, 1157.5], [2146.47, 997.03], [2092.48, 991.79], [2037.89, 989.19], [1983.64, 982.4], [1929.66, 973.29], [1874.94, 966.29], [2132.03, 1164.5], [2074.89, 1168.5], [2018.5, 1175.8], [1963.07, 1184.66], [1906.55, 1193.62], [1851.59, 1209.49]]",
F1,Bottom,rx010-v1_b,../marked_images/landmarked_f1/marked_tiff/bottom/RX010-V1_B_MARK.tif,../marked_images/landmarked_f1/txt/bottom/RX010-V1_B.txt,../raw_images/f1/RX010-V1_B.tif,F1,38,38,autolabel_v1.4,3840,2160,"[[2569.1, 1026.35], [2478.44, 1152.13], [2371.37, 1007.5], [2315.37, 1007.5], [2252.51, 1006.3], [2175.01, 995.49], [2362.7, 1157.61], [2314.94, 1158.13], [2253.97, 1154.8], [2191.04, 1162.17], [1439.49, 1089.69], [1730.85, 944.78], [1768.4, 1235.37], [2374.32, 1089.33], [2423.19, 1076.08], [2474.21, 1064.09], [2524.63, 1049.71], [2398.86, 1106.13], [2427.9, 1118.18], [2456.39, 1131.48], [2422.08, 1006.5], [2472.87, 1006.5], [2523.5, 1008.36], [2391.94, 1158.5], [2421.32, 1157.5], [2450.69, 1156.64], [2111.62, 987.5], [2048.21, 979.58], [1984.05, 982.49], [1920.51, 970.66], [1856.91, 970.51], [1792.96, 961.5], [2130.24, 1172.47], [2068.98, 1177.51], [2007.69, 1184.5], [1948.56, 1197.5], [1888.21, 1203.0], [1828.34, 1219.03]]",
F1,Bottom,rx010-v2_b,../marked_images/landmarked_f1/marked_tiff/bottom/RX010-V2_B_MARK.tif,../marked_images/landmarked_f1/txt/bottom/RX010-V2_B.txt,../raw_images/f1/RX010-V2_B.tif,F1,38,38,autolabel_v1.4,3840,2160,"[[2453.85, 1042.75], [2367.4, 1185.28], [2247.73, 1031.8], [2180.3, 1031.5], [2123.35, 1031.9], [2064.02, 1022.38], [2237.67, 1186.53], [2181.96, 1185.8], [2124.12, 1184.26], [2065.49, 1183.77], [1321.45, 1113.1], [1649.19, 966.37], [1654.6, 1236.32], [2243.06, 1119.88], [2296.45, 1105.0], [2351.78, 1089.81], [2405.76, 1070.21], [2273.42, 1135.47], [2307.09, 1149.32], [2340.45, 1163.98], [2299.79, 1031.5], [2351.83, 1030.5], [2404.19, 1031.5], [2270.47, 1188.51], [2303.29, 1189.5], [2336.26, 1189.61], [2009.63, 1004.66], [1949.23, 1002.7], [1890.08, 997.5], [1829.62, 990.69], [1770.57, 983.5], [1709.15, 980.46], [2008.25, 1196.44], [1949.38, 1200.01], [1891.29, 1202.38], [1832.61, 1213.38], [1774.19, 1218.77], [1714.45, 1228.46]]",
F1,Bottom,rx010-v3_b,../marked_images/landmarked_f1/marked_tiff/bottom/RX010-V3_B_MARK.tif,../marked_images/landmarked_f1/txt/bottom/RX010-V3_B.txt,../raw_images/f1/RX010-V3_B.tif,F1,38,38,autolabel_v1.4,3840,2160,"[[2499.5, 1025.32], [2415.61, 1150.13], [2336.9, 1004.07], [2287.25, 1006.5], [2226.37, 1012.65], [2163.64, 1009.37], [2331.86, 1156.9], [2282.69, 1162.4], [2221.58, 1166.25], [2162.85, 1173.07], [1428.49, 1078.99], [1726.74, 945.55], [1710.52, 1231.99], [2357.34, 1101.06], [2394.83, 1086.56], [2433.64, 1072.03], [2470.07, 1052.45], [2371.96, 1112.26], [2388.14, 1123.93], [2404.43, 1135.46], [2379.74, 1004.49], [2422.72, 1004.5], [2465.54, 1006.22], [2353.1, 1155.5], [2374.41, 1155.5], [2395.89, 1155.5], [2104.52, 993.28], [2040.87, 990.46], [1977.98, 981.5], [1914.62, 977.35], [1852.94, 969.43], [1789.52, 958.77], [2099.16, 1184.46], [2034.36, 1187.94], [1969.85, 1191.1], [1905.09, 1200.48], [1841.13, 1207.84], [1775.44, 1218.02]]",
F1,Bottom,rx011-v1_b,../marked_images/landmarked_f1/marked_tiff/bottom/RX011-V1_B_MARK.tif,../marked_images/landmarked_f1/txt/bottom/RX011-V1_B.txt,../raw_images/f1/RX011-V1_B.tif,F1,38,38,autolabel_v1.4,3840,2160,"[[2534.39, 1010.31], [2452.45, 1146.37], [2359.31, 993.39], [2287.91, 993.5], [2230.84, 991.09], [2167.51, 983.95], [2346.39, 1150.5], [2288.49, 1149.5], [2230.47, 1145.4], [2166.71, 1148.5], [1426.45, 1076.16], [1757.01, 936.18], [1767.79, 1222.94], [2338.3, 1078.53], [2388.05, 1063.85], [2440.76, 1052.66], [2492.55, 1037.72], [2366.03, 1096.18], [2397.89, 1109.19], [2429.43, 1122.98], [2404.16, 992.5], [2449.15, 992.5], [2493.95, 994.44], [2373.29, 1151.54], [2400.1, 1151.51], [2426.99, 1150.5], [2110.62, 970.25], [2052.1, 967.22], [1992.54, 967.65], [1934.0, 957.49], [1875.84, 953.49], [1815.93, 947.09], [2109.54, 1160.76], [2053.18, 1164.22], [1995.63, 1167.5], [1939.61, 1182.03], [1883.07, 1193.67], [1825.0, 1206.39]]",
F1,Left,rx001-v5_l,../marked_images/landmarked_f1/marked_tiff/left/RX001-V5_L_MARK.tif,../marked_images/landmarked_f1/txt/left/RX001-V5_L.txt,../raw_images/f1/RX001-V5_L.tif,F1,40,40,autolabel_v1.4,3840,2160,"[[1423.5, 1108.83], [2357.09, 1183.45], [2428.33, 879.76], [2098.22, 1161.47], [1977.46, 1171.5], [1869.31, 1189.8], [1778.85, 1198.24], [1709.95, 1201.73], [1641.21, 1211.12], [1576.07, 1210.02], [1982.17, 1025.83], [1928.17, 1075.17], [1831.5, 1122.5], [1755.5, 1149.17], [1684.17, 1165.83], [1597.5, 1148.5], [1547.5, 1092.5], [1986.74, 968.66], [2457.2, 950.79], [2476.48, 1024.72], [2476.66, 1099.18], [2428.91, 1157.56], [2271.79, 1166.07], [2185.15, 1165.5], [1491.5, 1176.83], [1368.83, 1039.5], [1913.83, 995.39], [1839.01, 1016.22], [1762.7, 1031.0], [1685.22, 1037.53], [1607.58, 1041.3], [1529.87, 1041.5], [1452.2, 1038.44], [1374.68, 1036.33], [1300.91, 1046.13], [1349.2, 1107.05], [1866.17, 1073.83], [1774.17, 1100.5], [1698.17, 1116.5], [1624.83, 1129.17]]",
F1,Left,rx001-v6_l,../marked_images/landmarked_f1/marked_tiff/left/RX001-V6_L_MARK.tif,../marked_images/landmarked_f1/txt/left/RX001-V6_L.txt,../raw_images/f1/RX001-V6_L.tif,F1,40,40,autolabel_v1.4,3840,2160,"[[1366.0, 1067.5], [2374.19, 1188.5], [2459.79, 874.69], [2114.91, 1163.54], [1990.63, 1174.04], [1861.04, 1193.17], [1790.04, 1207.37], [1722.58, 1218.37], [1647.99, 1226.2], [1583.25, 1225.45], [1975.5, 1041.5], [1909.5, 1097.5], [1820.17, 1132.83], [1740.83, 1158.17], [1674.83, 1174.17], [1593.5, 1167.5], [1548.5, 1121.5], [1983.91, 971.41], [2484.64, 947.77], [2488.48, 1023.63], [2488.84, 1099.94], [2445.59, 1160.98], [2288.15, 1172.55], [2202.68, 1165.5], [1497.5, 1185.0], [1423.0, 1128.0], [1929.93, 990.4], [1875.38, 1007.73], [1819.8, 1021.4], [1763.73, 1032.75], [1707.29, 1042.24], [1650.63, 1050.33], [1593.5, 1053.71], [1536.34, 1056.67], [1479.16, 1057.68], [1422.01, 1055.7], [1860.83, 1090.83], [1765.5, 1121.5], [1687.5, 1140.17], [1627.5, 1146.5]]",
F1,Left,rx001-v8_l,../marked_images/landmarked_f1/marked_tiff/left/RX001-V8_L_MARK.tif,../marked_images/landmarked_f1/txt/left/RX001-V8_L.txt,../raw_images/f1/RX001-V8_L.tif,F1,40,40,autolabel_v1.4,3840,2160,"[[1360.83, 1047.83], [2364.75, 1176.36], [2469.28, 871.05], [2120.68, 1149.79], [1998.19, 1164.44], [1877.19, 1186.5], [1785.4, 1201.45], [1724.72, 1207.11], [1633.19, 1215.41], [1571.98, 1210.51], [2001.5, 1022.83], [1926.83, 1075.5], [1833.5, 1119.5], [1762.17, 1159.5], [1692.83, 1175.5], [1608.17, 1162.83], [1545.5, 1098.5], [2009.55, 959.95], [2486.2, 944.56], [2502.5, 1019.68], [2483.4, 1093.39], [2436.61, 1152.27], [2283.97, 1168.8], [2205.32, 1155.97], [1488.83, 1176.5], [1416.83, 1115.83], [1952.01, 976.24], [1895.34, 995.4], [1836.88, 1008.1], [1778.0, 1018.59], [1718.79, 1027.1], [1659.34, 1033.74], [1599.63, 1037.56], [1539.88, 1040.48], [1480.09, 1041.44], [1420.32, 1041.42], [1872.83, 1074.17], [1774.83, 1103.5], [1694.83, 1120.83], [1628.83, 1132.17]]",
F1,Left,rx001v4_l53,../marked_images/landmarked_f1/marked_tiff/left/RX001v4_L53_MARK.tif,../marked_images/landmarked_f1/txt/left/RX001v4_L53.txt,../raw_images/f1/RX001v4_L53.tif,F1,40,40,autolabel_v1.4,2560,1920,"[[475.5, 1114.5], [1853.78, 1276.5], [1959.56, 844.81], [1517.45, 1229.5], [1330.91, 1242.5], [1182.62, 1273.23], [1061.77, 1295.28], [972.03, 1308.86], [870.89, 1327.63], [776.39, 1331.34], [1361.5, 1061.5], [1270.5, 1130.5], [1133.5, 1187.5], [1027.5, 1229.5], [928.83, 1255.83], [827.17, 1265.5], [734.5, 1192.5], [1373.65, 958.14], [1982.61, 948.79], [2022.24, 1041.66], [2023.27, 1151.76], [1960.77, 1239.39], [1741.43, 1260.26], [1630.04, 1241.85], [657.5, 1277.5], [561.5, 1206.5], [1296.92, 991.16], [1218.2, 1018.97], [1138.11, 1042.56], [1056.88, 1061.79], [974.68, 1076.61], [891.94, 1088.05], [809.04, 1098.26], [725.87, 1105.86], [642.51, 1110.84], [559.03, 1113.64], [1197.5, 1131.5], [1053.83, 1176.83], [941.17, 1200.83], [847.83, 1218.17]]",
F1,Left,rx001v7_l36,../marked_images/landmarked_f1/marked_tiff/left/RX001v7_L36_MARK.tif,../marked_images/landmarked_f1/txt/left/RX001v7_L36.txt,../raw_images/f1/RX001v7_L36.tif,F1,40,40,autolabel_v1.4,2560,1920,"[[535.5, 979.17], [1970.74, 1157.54], [1891.23, 798.44], [1574.61, 1120.61], [1384.57, 1133.6], [1222.66, 1164.97], [1119.77, 1184.9], [1028.76, 1190.94], [929.34, 1214.78], [842.13, 1219.5], [1415.5, 971.5], [1312.83, 1036.83], [1174.5, 1084.83], [1079.17, 1112.83], [983.83, 1140.17], [875.5, 1130.83], [795.5, 1069.5], [1433.21, 828.96], [1979.96, 840.89], [2049.56, 909.95], [2075.39, 1004.58], [2044.32, 1096.65], [1838.5, 1154.41], [1707.53, 1131.53], [718.5, 1159.5], [617.5, 1076.5], [1357.9, 865.49], [1279.59, 895.12], [1199.54, 919.49], [1118.24, 939.22], [1035.99, 954.73], [953.1, 966.47], [870.01, 976.8], [786.52, 982.42], [702.85, 984.13], [619.15, 982.75], [1244.83, 1019.5], [1103.17, 1062.17], [989.83, 1086.83], [898.17, 1105.17]]",
F1,Left,rx004-v1_l,../marked_images/landmarked_f1/marked_tiff/left/RX004-V1_L_MARK.tif,../marked_images/landmarked_f1/txt/left/RX004-V1_L.txt,../raw_images/f1/RX004-V1_L.tif,F1,40,40,autolabel_v1.4,3840,2160,"[[1376.17, 1058.83], [2372.45, 1201.41], [2491.67, 887.26], [2137.6, 1174.6], [1990.88, 1183.5], [1888.84, 1200.64], [1792.77, 1215.37], [1720.92, 1215.21], [1649.02, 1224.81], [1577.58, 1221.52], [1992.17, 1033.5], [1926.83, 1084.17], [1834.83, 1132.17], [1754.83, 1153.5], [1681.5, 1171.0], [1611.0, 1171.5], [1561.0, 1101.5], [2002.78, 959.34], [2495.55, 964.87], [2510.45, 1043.11], [2503.25, 1121.98], [2445.44, 1175.62], [2294.44, 1188.98], [2216.45, 1179.5], [1508.17, 1193.5], [1436.17, 1133.5], [1948.74, 980.59], [1893.76, 999.29], [1837.53, 1013.9], [1780.64, 1025.61], [1723.34, 1034.99], [1665.69, 1042.14], [1607.77, 1046.67], [1549.77, 1049.94], [1491.72, 1050.85], [1433.72, 1050.87], [1869.5, 1081.5], [1777.5, 1109.5], [1700.17, 1129.5], [1634.0, 1138.0]]",
F1,Left,rx005-v1_l,../marked_images/landmarked_f1/marked_tiff/left/RX005-V1_L_MARK.tif,../marked_images/landmarked_f1/txt/left/RX005-V1_L.txt,../raw_images/f1/RX005-V1_L.tif,F1,40,40,autolabel_v1.4,3840,2160,"[[1365.5, 1039.5], [2386.48, 1195.59], [2475.38, 877.39], [2095.85, 1175.5], [1962.77, 1180.08], [1857.13, 1197.58], [1770.34, 1206.82], [1701.05, 1208.35], [1630.62, 1217.5], [1563.97, 1212.51], [1985.5, 1032.5], [1918.5, 1084.5], [1826.5, 1124.5], [1747.5, 1153.5], [1679.5, 1168.5], [1596.5, 1159.5], [1539.5, 1106.5], [1996.92, 957.8], [2489.58, 953.29], [2508.38, 1029.33], [2507.51, 1105.52], [2457.54, 1165.88], [2289.28, 1192.46], [2192.79, 1183.81], [1486.5, 1177.5], [1423.5, 1111.5], [1941.54, 976.0], [1885.81, 993.09], [1829.26, 1007.07], [1772.02, 1017.88], [1714.28, 1025.83], [1656.2, 1030.82], [1598.1, 1035.61], [1539.89, 1037.51], [1481.63, 1036.28], [1423.47, 1033.37], [1858.5, 1075.5], [1770.5, 1099.5], [1684.5, 1112.5], [1617.5, 1125.5]]",
F1,Left,rx005-v2_l,../marked_images/landmarked_f1/marked_tiff/left/RX005-V2_L_MARK.tif,../marked_images/landmarked_f1/txt/left/RX005-V2_L.txt,../raw_images/f1/RX005-V2_L.tif,F1,40,40,autolabel_v1.4,3840,2160,"[[1366.17, 1080.5], [2389.46, 1200.5], [2456.5, 853.58], [2107.45, 1186.26], [1972.87, 1196.67], [1882.77, 1211.5], [1788.48, 1226.52], [1713.61, 1234.68], [1647.14, 1241.46], [1573.29, 1246.5], [1995.5, 1018.17], [1921.5, 1105.17], [1842.83, 1132.17], [1768.17, 1174.17], [1700.17, 1192.17], [1615.5, 1183.5], [1552.83, 1118.83], [2003.12, 953.18], [2480.71, 935.64], [2501.52, 1017.61], [2509.54, 1102.32], [2462.33, 1171.0], [2295.05, 1198.13], [2201.37, 1192.5], [1490.83, 1216.5], [1424.83, 1154.5], [1948.49, 976.64], [1892.67, 997.11], [1836.0, 1015.0], [1778.53, 1030.1], [1720.4, 1042.58], [1661.93, 1053.34], [1603.0, 1061.19], [1543.82, 1066.81], [1484.48, 1070.18], [1425.13, 1072.88], [1863.5, 1096.83], [1781.5, 1112.83], [1712.17, 1133.5], [1640.17, 1146.83]]",
F1,Left,rx006-v1_l,../marked_images/landmarked_f1/marked_tiff/left/RX006-V1_L_MARK.tif,../marked_images/landmarked_f1/txt/left/RX006-V1_L.txt,../raw_images/f1/RX006-V1_L.tif,F1,40,40,autolabel_v1.4,3840,2160,"[[1365.17, 1069.17], [2380.0, 1188.46], [2448.64, 885.91], [2116.88, 1162.63], [1984.01, 1171.46], [1880.25, 1187.55], [1792.4, 1201.78], [1714.21, 1209.46], [1649.29, 1219.63], [1580.34, 1222.5], [1979.5, 1027.5], [1914.5, 1079.0], [1823.5, 1124.0], [1750.17, 1151.83], [1686.5, 1174.5], [1623.0, 1194.5], [1552.0, 1111.0], [1988.51, 950.84], [2474.62, 957.72], [2495.89, 1031.16], [2500.47, 1106.21], [2451.62, 1162.92], [2292.11, 1182.43], [2204.46, 1173.5], [1498.5, 1202.5], [1431.17, 1144.5], [1934.29, 971.5], [1879.86, 991.58], [1824.04, 1007.42], [1767.74, 1021.37], [1710.93, 1033.03], [1653.64, 1042.21], [1596.3, 1051.08], [1538.63, 1057.3], [1480.75, 1060.7], [1422.78, 1062.33], [1862.0, 1073.0], [1770.5, 1106.5], [1698.17, 1124.17], [1625.5, 1138.0]]",
F1,Left,rx006-v2_l,../marked_images/landmarked_f1/marked_tiff/left/RX006-V2_L_MARK.tif,../marked_images/landmarked_f1/txt/left/RX006-V2_L.txt,../raw_images/f1/RX006-V2_L.tif,F1,40,40,autolabel_v1.4,3840,2160,"[[1354.0, 1071.5], [2373.04, 1175.35], [2443.25, 865.49], [2111.86, 1150.33], [1991.36, 1160.5], [1874.53, 1180.99], [1781.62, 1197.44], [1713.35, 1206.29], [1624.34, 1219.48], [1562.1, 1218.49], [1979.17, 1028.83], [1913.83, 1081.5], [1819.17, 1122.17], [1743.83, 1151.5], [1680.17, 1177.17], [1607.83, 1187.17], [1541.5, 1115.5], [1987.67, 945.39], [2471.5, 936.49], [2484.78, 1011.67], [2488.31, 1086.95], [2443.67, 1146.71], [2285.92, 1166.45], [2199.37, 1155.5], [1478.5, 1196.0], [1410.5, 1136.5], [1933.62, 969.35], [1878.05, 989.63], [1821.36, 1006.41], [1764.0, 1020.75], [1706.1, 1032.73], [1647.71, 1042.14], [1589.07, 1049.92], [1530.2, 1055.33], [1471.15, 1058.43], [1412.1, 1060.42], [1862.5, 1076.17], [1765.17, 1106.83], [1683.83, 1131.5], [1623.83, 1139.5]]",
F1,Left,rx006-v3_l,../marked_images/landmarked_f1/marked_tiff/left/RX006-V3_L_MARK.tif,../marked_images/landmarked_f1/txt/left/RX006-V3_L.txt,../raw_images/f1/RX006-V3_L.tif,F1,40,40,autolabel_v1.4,3840,2160,"[[1358.5, 1118.5], [2363.25, 1243.43], [2460.63, 923.04], [2107.53, 1220.0], [1971.19, 1234.5], [1865.96, 1254.3], [1775.7, 1268.46], [1696.73, 1273.6], [1630.52, 1282.49], [1568.61, 1280.42], [1974.5, 1086.5], [1911.5, 1139.5], [1816.5, 1179.5], [1741.5, 1215.5], [1671.5, 1233.5], [1603.5, 1238.83], [1563.17, 1166.17], [1983.29, 1015.77], [2480.99, 1001.28], [2498.51, 1081.29], [2494.34, 1162.77], [2439.04, 1221.89], [2279.12, 1229.22], [2193.67, 1222.5], [1488.5, 1253.5], [1420.5, 1192.5], [1929.91, 1038.52], [1875.31, 1058.25], [1819.69, 1074.88], [1763.0, 1086.86], [1705.57, 1095.31], [1647.95, 1102.37], [1590.08, 1107.01], [1532.11, 1110.05], [1474.09, 1111.22], [1416.07, 1110.98], [1858.5, 1136.5], [1760.5, 1167.5], [1687.5, 1187.5], [1613.5, 1196.5]]",
F1,Left,rx008-v2_l,../marked_images/landmarked_f1/marked_tiff/left/RX008-V2_L_MARK.tif,../marked_images/landmarked_f1/txt/left/RX008-V2_L.txt,../raw_images/f1/RX008-V2_L.tif,F1,40,40,autolabel_v1.4,3840,2160,"[[1361.83, 1040.83], [2347.0, 1189.53], [2484.24, 959.85], [2115.92, 1165.84], [1984.6, 1168.42], [1865.8, 1184.49], [1777.15, 1195.5], [1724.49, 1198.07], [1642.8, 1208.5], [1581.31, 1209.57], [1987.83, 1034.83], [1913.17, 1085.5], [1827.0, 1128.5], [1746.0, 1147.5], [1671.0, 1156.5], [1599.5, 1162.0], [1550.5, 1089.5], [1999.14, 959.94], [2487.51, 1021.37], [2479.93, 1083.81], [2458.06, 1140.73], [2407.65, 1178.71], [2283.5, 1222.14], [2211.11, 1178.12], [1499.17, 1179.5], [1421.17, 1114.17], [1944.17, 981.06], [1888.22, 999.47], [1830.87, 1012.95], [1772.91, 1023.35], [1714.55, 1031.2], [1655.9, 1036.74], [1597.06, 1039.76], [1538.17, 1040.5], [1479.31, 1038.81], [1420.54, 1035.85], [1861.17, 1078.83], [1772.0, 1107.0], [1692.0, 1122.5], [1621.0, 1130.0]]",
F1,Left,rx008-v3_l,../marked_images/landmarked_f1/marked_tiff/left/RX008-V3_L_MARK.tif,../marked_images/landmarked_f1/txt/left/RX008-V3_L_MARK.txt,../raw_images/f1/RX008-V3_L.tif,F1,40,40,autolabel_v1.4,3840,2160,"[[1372.5, 1050.5], [2384.03, 1184.46], [2470.88, 866.91], [2122.64, 1160.5], [1990.28, 1172.61], [1882.52, 1191.41], [1799.43, 1203.33], [1726.13, 1211.53], [1667.38, 1223.31], [1589.44, 1221.33], [2002.5, 1018.5], [1930.5, 1083.17], [1846.5, 1123.17], [1769.17, 1157.17], [1703.17, 1173.17], [1626.5, 1175.17], [1555.83, 1102.5], [2010.83, 955.57], [2487.37, 941.7], [2501.5, 1017.15], [2497.44, 1093.94], [2453.96, 1155.53], [2297.0, 1174.65], [2210.07, 1165.5], [1507.5, 1196.5], [1428.5, 1125.5], [1956.06, 977.93], [1900.24, 997.58], [1843.22, 1013.32], [1785.35, 1025.38], [1726.87, 1034.32], [1668.09, 1041.19], [1609.07, 1045.42], [1549.97, 1048.26], [1490.82, 1049.13], [1431.65, 1048.84], [1879.17, 1073.83], [1792.5, 1103.17], [1712.5, 1127.17], [1644.17, 1132.17]]",
F1,Left,rx008-v4_l,../marked_images/landmarked_f1/marked_tiff/left/RX008-V4_L_MARK.tif,../marked_images/landmarked_f1/txt/left/RX008-V4_L.txt,../raw_images/f1/RX008-V4_L.tif,F1,40,40,autolabel_v1.4,3840,2160,"[[1392.5, 1063.5], [2350.81, 1181.9], [2437.5, 905.47], [2105.58, 1163.5], [1988.79, 1171.5], [1887.85, 1179.7], [1795.61, 1201.99], [1717.6, 1212.52], [1653.64, 1220.87], [1591.37, 1223.72], [2009.83, 1032.17], [1943.83, 1083.5], [1852.5, 1124.83], [1772.5, 1156.17], [1698.5, 1172.17], [1617.17, 1164.17], [1569.17, 1109.5], [2020.19, 948.36], [2455.63, 971.76], [2466.5, 1039.72], [2460.41, 1107.5], [2416.01, 1159.63], [2268.52, 1179.49], [2186.87, 1169.5], [1506.0, 1192.5], [1448.5, 1135.5], [1967.32, 973.55], [1912.81, 994.84], [1856.97, 1012.34], [1800.12, 1026.34], [1742.56, 1037.15], [1684.46, 1044.52], [1626.33, 1051.73], [1568.01, 1057.02], [1509.53, 1059.5], [1450.97, 1060.11], [1884.5, 1078.17], [1797.83, 1109.5], [1719.17, 1132.17], [1644.5, 1142.17]]",
F1,Left,rx009-v4_l,../marked_images/landmarked_f1/marked_tiff/left/RX009-V4_L_MARK.tif,../marked_images/landmarked_f1/txt/left/RX009-V4_L.txt,../raw_images/f1/RX009-V4_L.tif,F1,40,40,autolabel_v1.4,3840,2160,"[[1372.5, 1054.5], [2390.57, 1182.52], [2453.25, 903.69], [2110.15, 1164.5], [1975.33, 1174.5], [1871.55, 1191.72], [1785.31, 1200.82], [1723.18, 1205.84], [1650.46, 1216.6], [1584.42, 1218.27], [1984.5, 1032.5], [1920.5, 1085.83], [1831.17, 1125.83], [1750.5, 1144.5], [1684.5, 1168.5], [1611.5, 1164.5], [1568.5, 1097.5], [1993.45, 961.32], [2465.83, 966.29], [2487.82, 1029.79], [2480.85, 1095.47], [2446.84, 1151.27], [2296.8, 1183.27], [2203.56, 1172.62], [1502.5, 1187.5], [1430.5, 1121.5], [1939.24, 980.19], [1884.34, 996.95], [1828.69, 1010.97], [1772.49, 1022.55], [1715.87, 1031.97], [1658.98, 1039.6], [1601.78, 1044.41], [1544.49, 1047.93], [1487.13, 1049.5], [1429.76, 1050.41], [1865.83, 1082.5], [1778.5, 1109.17], [1694.5, 1123.5], [1632.5, 1137.5]]",
F1,Left,rx009-v9_l,../marked_images/landmarked_f1/marked_tiff/left/RX009-V9_L_MARK.tif,../marked_images/landmarked_f1/txt/left/RX009-V9_L.txt,../raw_images/f1/RX009-V9_L.tif,F1,40,40,autolabel_v1.4,3840,2160,"[[1402.5, 1073.17], [2296.75, 1208.5], [2386.33, 912.22], [2123.71, 1190.53], [1996.66, 1192.78], [1902.2, 1204.44], [1815.27, 1212.88], [1750.86, 1216.23], [1693.8, 1219.65], [1631.0, 1225.54], [1977.5, 1027.5], [1927.5, 1085.5], [1842.5, 1117.5], [1780.5, 1151.5], [1724.5, 1170.5], [1663.5, 1180.5], [1564.17, 1114.5], [1987.49, 961.49], [2439.77, 978.14], [2453.3, 1063.7], [2445.42, 1148.99], [2386.26, 1201.28], [2239.92, 1196.9], [2181.5, 1198.5], [1541.83, 1205.17], [1468.5, 1148.5], [1937.18, 982.33], [1885.99, 1000.83], [1833.86, 1016.6], [1780.71, 1028.54], [1727.26, 1038.95], [1673.51, 1047.67], [1619.45, 1054.38], [1565.3, 1060.27], [1510.98, 1063.87], [1456.63, 1067.12], [1875.5, 1078.5], [1800.5, 1106.5], [1733.5, 1125.5], [1664.5, 1133.5]]",
F1,Left,rx010-v2_l,../marked_images/landmarked_f1/marked_tiff/left/RX010-V2_L_MARK.tif,../marked_images/landmarked_f1/txt/left/RX010-V2_L.txt,../raw_images/f1/RX010-V2_L.tif,F1,40,40,autolabel_v1.4,3840,2160,"[[1353.5, 1075.5], [2349.68, 1264.47], [2431.75, 987.5], [2105.73, 1238.07], [1984.33, 1237.95], [1865.27, 1242.41], [1768.42, 1252.52], [1689.8, 1257.6], [1624.56, 1264.5], [1547.51, 1261.25], [1975.5, 1072.5], [1921.5, 1125.5], [1826.5, 1159.5], [1746.5, 1195.5], [1679.5, 1212.5], [1597.5, 1192.5], [1538.5, 1137.5], [1987.87, 1007.3], [2452.12, 1051.94], [2473.23, 1118.36], [2461.27, 1185.64], [2411.89, 1233.58], [2268.12, 1259.5], [2186.88, 1249.3], [1467.5, 1223.5], [1404.5, 1154.5], [1932.69, 1026.16], [1876.31, 1041.3], [1819.19, 1053.46], [1761.5, 1062.33], [1703.49, 1068.89], [1645.29, 1073.52], [1586.98, 1076.7], [1528.6, 1076.76], [1470.23, 1075.33], [1411.87, 1073.82], [1867.5, 1120.5], [1778.5, 1144.5], [1698.5, 1158.5], [1625.5, 1170.5]]",
F1,Left,rx011-v1_l,../marked_images/landmarked_f1/marked_tiff/left/RX011-V1_L_MARK.tif,../marked_images/landmarked_f1/txt/left/RX011-V1_L.txt,../raw_images/f1/RX011-V1_L.tif,F1,40,40,autolabel_v1.4,3840,2160,"[[1337.0, 1045.0], [2337.33, 1199.29], [2435.69, 872.78], [2080.11, 1175.89], [1947.54, 1183.6], [1837.32, 1197.08], [1739.27, 1212.17], [1654.53, 1219.98], [1579.43, 1226.67], [1514.33, 1222.39], [1956.5, 1020.17], [1891.83, 1076.17], [1799.17, 1121.5], [1715.17, 1158.17], [1634.5, 1177.5], [1546.5, 1153.5], [1511.5, 1105.5], [1966.49, 955.37], [2454.57, 951.84], [2475.57, 1031.1], [2466.42, 1111.65], [2411.39, 1171.48], [2251.82, 1188.47], [2166.11, 1181.5], [1446.5, 1184.5], [1387.0, 1119.5], [1911.94, 975.39], [1856.13, 991.78], [1799.68, 1005.78], [1742.61, 1016.82], [1685.1, 1025.46], [1627.33, 1032.12], [1569.35, 1036.79], [1511.26, 1039.47], [1453.12, 1040.07], [1395.0, 1040.64], [1828.5, 1074.83], [1740.5, 1103.5], [1649.17, 1124.83], [1585.5, 1137.5]]",
F1,Right,rx001-v5_r,../marked_images/landmarked_f1/marked_tiff/right/RX001-V5_R_MARK.tif,../marked_images/landmarked_f1/txt/right/RX001-V5_R.txt,../raw_images/f1/RX001-V5_R.tif,F1,42,42,autolabel_v1.4,3840,2160,"[[2523.4, 1052.07], [1507.1, 1215.54], [1371.56, 925.14], [1753.12, 1187.5], [1882.24, 1195.5], [1995.02, 1207.19], [2074.86, 1220.18], [2143.31, 1225.13], [2205.42, 1233.68], [2278.9, 1233.22], [1843.83, 1061.83], [1897.17, 1100.5], [2001.17, 1141.83], [2092.83, 1169.83], [2153.5, 1183.83], [2226.83, 1172.5], [2291.5, 1112.5], [1827.79, 962.1], [1354.37, 1000.07], [1347.36, 1076.46], [1371.61, 1148.17], [1432.85, 1193.78], [1588.34, 1200.55], [1670.46, 1194.5], [2339.5, 1213.47], [2397.85, 1187.29], [2451.48, 1152.83], [2495.46, 1106.22], [1886.08, 990.45], [1946.4, 1014.03], [2008.57, 1031.85], [2072.13, 1044.18], [2136.45, 1052.11], [2201.07, 1056.99], [2265.85, 1058.95], [2330.64, 1058.42], [2395.01, 1052.61], [2458.96, 1045.12], [1961.17, 1096.5], [2058.17, 1125.83], [2136.83, 1139.83], [2196.83, 1145.17]]",duplicate_txt_identical
F1,Right,rx001-v6_r,../marked_images/landmarked_f1/marked_tiff/right/RX001-V6_R_MARK.tif,../marked_images/landmarked_f1/txt/right/RX001-V6_R.txt,../raw_images/f1/RX001-V6_R.tif,F1,42,42,autolabel_v1.4,3840,2160,"[[2499.32, 1055.34], [1525.43, 1236.76], [1381.13, 904.95], [1735.06, 1203.5], [1869.39, 1204.5], [1980.02, 1213.61], [2066.45, 1225.01], [2130.6, 1234.08], [2191.51, 1242.0], [2252.01, 1245.64], [1836.5, 1047.17], [1901.17, 1092.5], [1993.17, 1137.17], [2070.5, 1171.17], [2137.17, 1187.83], [2207.83, 1176.5], [2273.17, 1115.17], [1823.81, 979.02], [1365.75, 991.68], [1349.5, 1078.95], [1369.83, 1162.47], [1442.56, 1211.93], [1594.73, 1220.82], [1664.49, 1208.62], [2314.17, 1224.7], [2373.95, 1200.55], [2428.11, 1163.39], [2472.67, 1113.98], [1881.75, 1002.56], [1941.65, 1020.47], [2002.71, 1033.62], [2064.39, 1043.93], [2126.33, 1052.37], [2188.64, 1057.8], [2251.13, 1059.92], [2313.63, 1058.81], [2375.74, 1052.75], [2437.44, 1046.28], [1951.83, 1094.5], [2041.83, 1120.5], [2117.83, 1137.17], [2183.83, 1147.17]]",duplicate_txt_identical
F1,Right,rx001-v8_r,../marked_images/landmarked_f1/marked_tiff/right/RX001-V8_R_MARK.tif,../marked_images/landmarked_f1/txt/right/RX001-V8_R.txt,../raw_images/f1/RX001-V8_R.tif,F1,42,42,autolabel_v1.4,3840,2160,"[[2518.97, 1056.68], [1548.54, 1220.25], [1383.5, 912.62], [1758.0, 1190.86], [1875.09, 1197.5], [1979.49, 1210.65], [2066.13, 1221.17], [2132.83, 1227.43], [2204.2, 1230.45], [2267.62, 1228.5], [1840.17, 1042.5], [1901.5, 1095.83], [1994.17, 1140.5], [2079.5, 1175.83], [2143.5, 1190.5], [2223.5, 1171.17], [2278.83, 1107.83], [1828.37, 972.5], [1368.39, 997.57], [1363.5, 1083.19], [1391.55, 1163.89], [1464.47, 1208.49], [1617.52, 1206.97], [1687.47, 1199.02], [2329.2, 1214.35], [2389.35, 1193.06], [2440.3, 1155.19], [2486.98, 1110.51], [1887.59, 996.64], [1948.61, 1015.9], [2010.95, 1030.18], [2074.27, 1039.77], [2137.87, 1047.34], [2201.79, 1051.44], [2265.79, 1053.73], [2329.8, 1053.07], [2393.53, 1047.81], [2456.64, 1041.96], [1954.83, 1089.83], [2050.83, 1117.17], [2125.5, 1135.17], [2201.5, 1141.83]]",duplicate_txt_identical
F1,Right,rx001v4_r51,../marked_images/landmarked_f1/marked_tiff/right/RX001v4_R51_MARK.tif,../marked_images/landmarked_f1/txt/right/RX001v4_R51.txt,../raw_images/f1/RX001v4_R51.tif,F1,42,42,autolabel_v1.4,2560,1920,"[[2157.74, 1025.12], [719.03, 1284.5], [568.65, 795.44], [1036.56, 1223.0], [1217.21, 1220.31], [1371.07, 1236.84], [1493.23, 1253.08], [1585.27, 1260.74], [1684.56, 1274.37], [1773.72, 1275.8], [1196.5, 1008.5], [1277.5, 1073.5], [1411.0, 1131.5], [1520.5, 1176.17], [1617.17, 1194.5], [1714.5, 1197.17], [1819.17, 1112.83], [1179.16, 912.34], [560.55, 904.22], [536.59, 1023.7], [536.89, 1145.43], [614.73, 1233.79], [825.57, 1267.98], [930.26, 1241.62], [1869.28, 1260.97], [1959.35, 1224.54], [2040.09, 1171.65], [2112.4, 1107.58], [1263.43, 945.4], [1349.83, 972.31], [1437.72, 993.68], [1526.7, 1009.99], [1616.42, 1021.84], [1706.61, 1029.55], [1797.07, 1032.67], [1887.57, 1033.52], [1977.68, 1027.75], [2067.43, 1018.9], [1352.5, 1075.5], [1485.83, 1112.5], [1595.0, 1134.5], [1691.83, 1148.5]]",
F1,Right,rx001v7_r33,../marked_images/landmarked_f1/marked_tiff/right/RX001v7_R33_MARK.tif,../marked_images/landmarked_f1/txt/right/RX001v7_R33.txt,../raw_images/f1/RX001v7_R33.tif,F1,42,42,autolabel_v1.4,2560,1920,"[[2098.93, 1013.39], [711.08, 1268.5], [592.63, 858.93], [965.5, 1221.5], [1180.0, 1218.51], [1328.3, 1232.61], [1451.45, 1255.64], [1543.19, 1265.94], [1639.35, 1271.49], [1722.81, 1279.06], [1167.5, 991.5], [1249.83, 1047.5], [1374.5, 1112.83], [1473.83, 1170.17], [1571.17, 1188.83], [1659.5, 1187.5], [1767.5, 1107.5], [1149.1, 891.42], [513.92, 937.84], [495.22, 1050.33], [530.45, 1156.93], [618.44, 1231.19], [795.91, 1252.85], [880.63, 1236.61], [1818.21, 1258.63], [1908.68, 1221.18], [1990.2, 1167.27], [2057.88, 1098.03], [1229.44, 927.65], [1312.18, 957.99], [1396.88, 982.63], [1483.6, 998.93], [1571.04, 1010.44], [1658.92, 1018.03], [1747.07, 1022.01], [1835.32, 1021.65], [1923.12, 1014.36], [2010.84, 1008.26], [1324.5, 1047.5], [1445.5, 1088.5], [1553.5, 1116.5], [1639.0, 1136.5]]",
F1,Right,rx004-v1_r,../marked_images/landmarked_f1/marked_tiff/right/RX004-V1_R_MARK.tif,../marked_images/landmarked_f1/txt/right/RX004-V1_R.txt,../raw_images/f1/RX004-V1_R.tif,F1,42,42,autolabel_v1.4,3840,2160,"[[2526.5, 1055.61], [1506.3, 1219.43], [1347.44, 888.79], [1723.16, 1189.82], [1858.36, 1193.78], [1970.66, 1208.53], [2069.21, 1222.25], [2130.42, 1222.75], [2206.75, 1229.07], [2275.15, 1228.44], [1835.17, 1040.17], [1900.5, 1089.5], [1999.17, 1134.17], [2082.5, 1159.5], [2157.5, 1174.5], [2235.17, 1164.17], [2286.5, 1102.17], [1822.66, 962.3], [1342.5, 974.76], [1334.5, 1060.77], [1356.39, 1142.85], [1423.72, 1195.39], [1578.28, 1206.56], [1650.49, 1196.49], [2337.44, 1213.68], [2396.15, 1188.06], [2449.62, 1153.16], [2495.95, 1108.55], [1883.78, 984.69], [1946.03, 1003.61], [2009.26, 1018.88], [2073.17, 1031.13], [2137.47, 1041.16], [2202.23, 1047.68], [2267.07, 1053.44], [2332.07, 1056.02], [2397.0, 1053.7], [2461.73, 1049.12], [1960.5, 1086.17], [2057.17, 1115.5], [2134.5, 1131.5], [2213.17, 1138.83]]",duplicate_txt_identical
F1,Right,rx005-v1_r,../marked_images/landmarked_f1/marked_tiff/right/RX005-V1_R_MARK.tif,../marked_images/landmarked_f1/txt/right/RX005-V1_R.txt,../raw_images/f1/RX005-V1_R.tif,F1,42,42,autolabel_v1.4,3840,2160,"[[2486.24, 1051.56], [1517.68, 1209.5], [1379.5, 892.18], [1741.66, 1192.47], [1866.34, 1195.49], [1970.67, 1204.4], [2060.92, 1217.5], [2127.28, 1223.41], [2180.41, 1229.4], [2243.42, 1230.02], [1846.5, 1024.5], [1897.5, 1082.5], [1994.5, 1131.5], [2067.5, 1154.5], [2130.5, 1171.5], [2197.5, 1157.5], [2258.5, 1110.5], [1835.71, 958.35], [1364.14, 973.88], [1348.18, 1055.62], [1374.33, 1131.78], [1440.88, 1180.41], [1592.64, 1207.75], [1666.9, 1198.14], [2305.1, 1215.7], [2362.65, 1189.33], [2415.36, 1154.06], [2458.16, 1107.34], [1891.47, 981.59], [1949.19, 999.42], [2007.78, 1014.07], [2066.83, 1026.76], [2126.29, 1037.28], [2186.29, 1044.34], [2246.65, 1046.82], [2307.05, 1046.92], [2367.25, 1043.04], [2427.05, 1039.47], [1954.5, 1075.5], [2037.5, 1105.5], [2113.5, 1123.5], [2174.5, 1132.5]]",duplicate_txt_identical
F1,Right,rx005-v2_r,../marked_images/landmarked_f1/marked_tiff/right/RX005-V2_R_MARK.tif,../marked_images/landmarked_f1/txt/right/RX005-V2_R.txt,../raw_images/f1/RX005-V2_R.tif,F1,42,42,autolabel_v1.4,3840,2160,"[[2564.57, 1053.8], [1515.3, 1219.43], [1388.17, 906.21], [1760.26, 1192.48], [1883.18, 1199.52], [1991.97, 1205.85], [2080.84, 1216.84], [2154.95, 1221.17], [2227.21, 1228.77], [2296.3, 1232.5], [1860.17, 1043.17], [1928.83, 1089.83], [2028.83, 1139.83], [2110.83, 1168.5], [2184.83, 1179.83], [2264.5, 1159.5], [2311.0, 1107.0], [1847.38, 962.14], [1368.24, 981.81], [1356.52, 1064.37], [1371.31, 1144.73], [1435.81, 1196.73], [1597.08, 1210.31], [1678.72, 1202.5], [2361.76, 1217.96], [2426.22, 1195.66], [2484.56, 1160.7], [2527.0, 1107.58], [1909.92, 983.75], [1973.59, 1002.06], [2037.94, 1017.78], [2102.95, 1030.46], [2168.58, 1039.6], [2234.51, 1046.3], [2300.64, 1050.2], [2366.88, 1051.0], [2433.03, 1048.11], [2498.94, 1044.66], [1992.17, 1085.17], [2088.83, 1118.5], [2165.5, 1131.83], [2234.5, 1144.5]]",duplicate_txt_identical
F1,Right,rx006-v1_r,../marked_images/landmarked_f1/marked_tiff/right/RX006-V1_R_MARK.tif,../marked_images/landmarked_f1/txt/right/RX006-V1_R.txt,../raw_images/f1/RX006-V1_R.tif,F1,42,42,autolabel_v1.4,3840,2160,"[[2500.41, 1042.76], [1534.35, 1231.6], [1389.5, 880.39], [1758.47, 1196.75], [1875.5, 1194.0], [1976.27, 1200.45], [2058.79, 1213.49], [2139.31, 1214.5], [2194.58, 1219.53], [2259.6, 1219.5], [1842.5, 1026.5], [1902.5, 1068.5], [1995.5, 1114.5], [2072.5, 1143.5], [2141.5, 1163.5], [2207.5, 1155.5], [2264.83, 1092.83], [1827.22, 948.35], [1371.19, 970.67], [1360.47, 1062.28], [1378.51, 1150.16], [1451.38, 1205.48], [1609.08, 1219.9], [1683.53, 1207.52], [2319.62, 1206.01], [2379.9, 1185.28], [2431.1, 1147.49], [2473.17, 1099.32], [1885.0, 972.48], [1944.14, 993.13], [2004.38, 1010.24], [2065.7, 1023.25], [2127.68, 1032.56], [2189.96, 1039.55], [2252.44, 1044.53], [2314.91, 1045.19], [2376.98, 1036.49], [2438.8, 1031.23], [1953.5, 1065.5], [2043.5, 1095.5], [2115.5, 1111.5], [2182.5, 1123.5]]",duplicate_txt_identical
F1,Right,rx006-v2_r,../marked_images/landmarked_f1/marked_tiff/right/RX006-V2_R_MARK.tif,../marked_images/landmarked_f1/txt/right/RX006-V2_R.txt,../raw_images/f1/RX006-V2_R.tif,F1,42,42,autolabel_v1.4,3840,2160,"[[2547.65, 1056.94], [1490.48, 1217.01], [1367.97, 936.01], [1730.3, 1180.61], [1861.62, 1183.5], [1966.17, 1195.5], [2066.71, 1207.78], [2135.81, 1211.61], [2220.04, 1220.45], [2277.14, 1215.83], [1838.17, 1053.5], [1913.5, 1102.83], [2008.83, 1137.5], [2088.5, 1161.5], [2163.5, 1177.17], [2238.5, 1170.83], [2289.17, 1114.5], [1823.52, 956.74], [1350.52, 1010.37], [1341.45, 1086.62], [1354.31, 1161.73], [1414.82, 1208.1], [1570.62, 1204.96], [1649.85, 1189.5], [2341.73, 1204.58], [2404.79, 1185.57], [2461.92, 1153.22], [2510.05, 1108.52], [1885.86, 981.43], [1949.73, 1001.78], [2014.85, 1017.66], [2080.88, 1029.48], [2147.35, 1038.63], [2214.18, 1044.54], [2281.14, 1048.52], [2348.19, 1049.23], [2415.18, 1046.27], [2481.84, 1043.86], [1966.17, 1084.17], [2066.17, 1112.83], [2145.17, 1130.17], [2217.83, 1133.83]]",duplicate_txt_identical
F1,Right,rx008-v2_r,../marked_images/landmarked_f1/marked_tiff/right/RX008-V2_R_MARK.tif,../marked_images/landmarked_f1/txt/right/RX008-V2_R.txt,../raw_images/f1/RX008-V2_R.tif,F1,42,42,autolabel_v1.4,3840,2160,"[[2500.98, 1040.48], [1533.48, 1217.59], [1374.46, 948.03], [1734.36, 1188.61], [1866.48, 1186.25], [1967.05, 1198.5], [2055.92, 1207.92], [2124.57, 1213.33], [2188.99, 1221.5], [2254.14, 1221.1], [1832.5, 1027.5], [1896.5, 1078.5], [1986.5, 1118.5], [2069.5, 1150.5], [2135.5, 1162.5], [2206.83, 1170.5], [2264.83, 1088.5], [1818.62, 951.67], [1372.52, 1020.59], [1371.55, 1094.11], [1407.78, 1156.92], [1462.22, 1206.36], [1590.77, 1212.38], [1662.25, 1198.49], [2317.43, 1207.94], [2375.62, 1178.94], [2429.33, 1142.37], [2474.57, 1095.92], [1875.76, 979.02], [1936.18, 998.13], [1997.78, 1012.77], [2060.24, 1023.0], [2123.1, 1030.91], [2185.63, 1041.21], [2248.97, 1042.27], [2312.34, 1042.5], [2375.42, 1038.45], [2438.13, 1032.32], [1949.5, 1077.5], [2039.5, 1099.5], [2113.5, 1117.5], [2181.5, 1131.17]]",duplicate_txt_identical
F1,Right,rx008-v3_r,../marked_images/landmarked_f1/marked_tiff/right/RX008-V3_R_MARK.tif,../marked_images/landmarked_f1/txt/right/RX008-V3_R.txt,../raw_images/f1/RX008-V3_R.tif,F1,42,42,autolabel_v1.4,3840,2160,"[[2529.3, 1026.11], [1487.97, 1218.77], [1349.48, 900.5], [1735.97, 1170.5], [1868.62, 1175.3], [1972.85, 1188.61], [2057.54, 1196.37], [2124.17, 1199.8], [2200.59, 1207.38], [2257.84, 1203.9], [1820.5, 1016.5], [1893.5, 1077.5], [1989.5, 1116.5], [2071.5, 1147.5], [2154.5, 1145.5], [2216.5, 1137.5], [2279.5, 1079.17], [1808.64, 952.42], [1335.79, 980.37], [1332.44, 1061.23], [1351.21, 1139.85], [1412.69, 1190.61], [1579.15, 1268.5], [1593.47, 1185.01], [2322.95, 1185.9], [2387.26, 1164.19], [2445.72, 1129.34], [2494.6, 1081.9], [1871.11, 975.2], [1935.03, 993.52], [2000.11, 1007.11], [2066.06, 1016.01], [2132.35, 1021.9], [2198.8, 1025.51], [2265.32, 1026.64], [2331.73, 1023.62], [2397.98, 1017.28], [2464.05, 1013.02], [1952.5, 1070.5], [2040.5, 1089.5], [2123.5, 1107.5], [2189.5, 1117.5]]",duplicate_txt_identical
F1,Right,rx008-v4_r,../marked_images/landmarked_f1/marked_tiff/right/RX008-V4_R_MARK.tif,../marked_images/landmarked_f1/txt/right/RX008-V4_R.txt,../raw_images/f1/RX008-V4_R.tif,F1,42,42,autolabel_v1.4,3840,2160,"[[2509.9, 1075.35], [1549.7, 1211.49], [1398.09, 944.82], [1750.07, 1184.36], [1874.98, 1191.36], [1975.49, 1202.48], [2069.21, 1215.19], [2133.59, 1224.36], [2206.42, 1232.71], [2278.11, 1234.06], [1838.5, 1052.17], [1907.83, 1103.5], [2003.83, 1142.17], [2084.5, 1170.17], [2156.5, 1186.17], [2224.5, 1187.5], [2278.5, 1114.5], [1825.2, 958.35], [1383.51, 1019.14], [1381.45, 1094.97], [1408.82, 1164.32], [1475.1, 1200.87], [1616.62, 1202.62], [1683.61, 1193.73], [2334.6, 1218.0], [2388.62, 1194.2], [2440.45, 1166.01], [2483.66, 1126.11], [1882.92, 985.37], [1942.52, 1008.0], [2003.6, 1026.2], [2065.95, 1039.68], [2129.06, 1049.08], [2192.3, 1057.6], [2255.83, 1063.35], [2319.54, 1066.43], [2383.3, 1066.28], [2446.9, 1065.22], [1962.5, 1098.83], [2051.17, 1127.5], [2127.83, 1147.5], [2198.5, 1158.17]]",duplicate_txt_identical
F1,Right,rx009-v4_r,../marked_images/landmarked_f1/marked_tiff/right/RX009-V4_R_MARK.tif,../marked_images/landmarked_f1/txt/right/RX009-V4_R.txt,../raw_images/f1/RX009-V4_R.tif,F1,42,42,autolabel_v1.4,3840,2160,"[[2521.86, 1043.37], [1480.29, 1206.5], [1383.12, 902.94], [1723.14, 1184.1], [1850.09, 1187.55], [1976.04, 1201.87], [2069.02, 1208.72], [2124.07, 1211.22], [2200.45, 1216.65], [2262.25, 1215.6], [1838.5, 1031.5], [1902.5, 1084.5], [2000.5, 1123.5], [2085.5, 1145.5], [2147.5, 1168.17], [2232.17, 1150.83], [2283.5, 1098.17], [1828.58, 968.13], [1368.41, 975.79], [1350.59, 1047.8], [1365.2, 1120.5], [1410.34, 1179.59], [1561.79, 1201.38], [1641.75, 1188.43], [2324.98, 1199.24], [2385.49, 1175.31], [2439.53, 1139.2], [2486.93, 1094.6], [1888.98, 989.31], [1950.58, 1006.6], [2013.04, 1020.38], [2076.16, 1030.81], [2139.74, 1038.17], [2203.57, 1042.91], [2267.35, 1048.31], [2331.23, 1048.11], [2394.9, 1042.31], [2458.27, 1036.07], [1957.5, 1081.5], [2048.5, 1103.5], [2131.5, 1118.83], [2202.17, 1125.5]]",duplicate_txt_identical
F1,Right,rx009-v9_r,../marked_images/landmarked_f1/marked_tiff/right/RX009-V9_R_MARK.tif,../marked_images/landmarked_f1/txt/right/RX009-V9_R.txt,../raw_images/f1/RX009-V9_R.tif,F1,42,42,autolabel_v1.4,3840,2160,"[[2356.41, 1056.56], [1457.87, 1174.37], [1290.5, 920.55], [1601.0, 1163.53], [1725.55, 1165.76], [1843.68, 1178.79], [1910.17, 1180.09], [1969.14, 1187.09], [2033.04, 1197.3], [2096.22, 1203.5], [1703.83, 1019.17], [1765.83, 1065.83], [1849.83, 1105.17], [1926.5, 1139.83], [1982.5, 1163.17], [2063.83, 1140.5], [2106.5, 1091.17], [1691.56, 925.52], [1270.76, 1012.5], [1282.16, 1103.46], [1315.69, 1171.58], [1365.33, 1163.09], [1504.72, 1163.75], [1552.93, 1167.29], [2159.28, 1195.73], [2219.93, 1177.21], [2277.85, 1152.93], [2324.76, 1109.14], [1747.36, 953.33], [1804.84, 977.39], [1863.99, 996.85], [1924.52, 1011.7], [1985.86, 1022.93], [2047.54, 1032.14], [2109.49, 1039.19], [2171.67, 1043.66], [2233.9, 1043.46], [2295.76, 1042.05], [1817.17, 1065.17], [1898.5, 1090.5], [1973.83, 1106.5], [2033.83, 1119.17]]",duplicate_txt_identical
F1,Right,rx010-v1_r,../marked_images/landmarked_f1/marked_tiff/right/RX010-V1_R_MARK.tif,../marked_images/landmarked_f1/txt/right/RX010-V1_R.txt,../raw_images/f1/RX010-V1_R.tif,F1,42,42,autolabel_v1.4,3840,2160,"[[2519.8, 1056.28], [1530.96, 1222.87], [1397.71, 867.3], [1736.12, 1199.5], [1859.09, 1201.16], [1956.08, 1207.37], [2053.99, 1222.14], [2132.26, 1232.07], [2199.23, 1240.38], [2264.35, 1241.5], [1851.83, 1029.5], [1899.83, 1074.83], [1992.83, 1116.17], [2075.5, 1152.17], [2146.83, 1174.83], [2219.5, 1159.5], [2273.5, 1096.17], [1839.58, 956.75], [1388.21, 955.77], [1371.5, 1043.71], [1388.68, 1128.37], [1455.8, 1187.02], [1599.64, 1219.54], [1668.09, 1211.65], [2328.11, 1225.97], [2387.62, 1198.76], [2442.67, 1161.36], [2488.63, 1113.12], [1897.21, 982.64], [1957.02, 1003.11], [2018.21, 1018.85], [2080.26, 1030.64], [2142.89, 1039.11], [2205.83, 1045.05], [2269.01, 1047.19], [2332.21, 1048.77], [2395.24, 1046.15], [2457.88, 1043.55], [1958.17, 1070.83], [2048.17, 1106.83], [2124.83, 1123.5], [2193.5, 1129.5]]",duplicate_txt_identical
F1,Right,rx010-v2_r,../marked_images/landmarked_f1/marked_tiff/right/RX010-V2_R_MARK.tif,../marked_images/landmarked_f1/txt/right/RX010-V2_R.txt,../raw_images/f1/RX010-V2_R.tif,F1,42,42,autolabel_v1.4,3840,2160,"[[2570.89, 1074.5], [1459.56, 1199.41], [1402.59, 921.06], [1703.69, 1180.5], [1856.51, 1188.52], [1964.56, 1204.26], [2058.36, 1219.85], [2127.07, 1225.57], [2209.42, 1237.5], [2281.7, 1236.79], [1858.5, 1039.5], [1907.5, 1091.5], [2007.5, 1135.5], [2090.5, 1173.5], [2155.5, 1193.5], [2241.5, 1180.5], [2292.5, 1125.5], [1850.53, 968.58], [1390.88, 987.74], [1358.42, 1049.25], [1355.71, 1115.2], [1396.45, 1170.97], [1541.25, 1196.5], [1622.56, 1189.47], [2348.78, 1222.67], [2415.77, 1204.38], [2476.67, 1171.05], [2531.51, 1128.48], [1913.12, 991.54], [1976.39, 1012.59], [2041.18, 1028.34], [2106.73, 1040.35], [2172.71, 1049.95], [2238.89, 1057.99], [2305.42, 1062.55], [2372.04, 1065.35], [2438.64, 1064.48], [2505.04, 1064.0], [1960.5, 1083.5], [2062.5, 1117.5], [2146.5, 1138.5], [2211.5, 1149.5]]",duplicate_txt_identical
F1,Right,rx010-v3_r,../marked_images/landmarked_f1/marked_tiff/right/RX010-V3_R_MARK.tif,../marked_images/landmarked_f1/txt/right/RX010-V3_R.txt,../raw_images/f1/RX010-V3_R.tif,F1,42,42,autolabel_v1.4,3840,2160,"[[2555.1, 1044.9], [1560.36, 1227.46], [1374.42, 892.61], [1734.91, 1205.47], [1881.9, 1201.17], [1984.32, 1209.94], [2078.85, 1222.81], [2143.33, 1232.04], [2214.52, 1238.52], [2281.35, 1241.05], [1855.5, 1041.5], [1912.5, 1083.5], [2002.5, 1121.5], [2093.5, 1155.5], [2162.5, 1172.5], [2229.5, 1164.5], [2286.5, 1102.0], [1839.92, 956.59], [1362.25, 988.39], [1352.08, 1084.83], [1388.42, 1172.92], [1469.38, 1226.35], [1618.71, 1226.94], [1676.4, 1213.8], [2350.51, 1227.67], [2415.08, 1198.11], [2473.22, 1156.68], [2521.31, 1104.17], [1909.6, 984.02], [1981.24, 1005.5], [2054.33, 1021.58], [2128.39, 1032.88], [2202.6, 1043.15], [2277.32, 1046.28], [2352.22, 1045.53], [2426.35, 1040.16], [2493.74, 1007.42], [2520.18, 978.62], [1961.5, 1072.5], [2061.5, 1104.5], [2140.5, 1129.5], [2207.5, 1138.5]]",duplicate_txt_identical
F1,Right,rx011-v1_r,../marked_images/landmarked_f1/marked_tiff/right/RX011-V1_R_MARK.tif,../marked_images/landmarked_f1/txt/right/RX011-V1_R.txt,../raw_images/f1/RX011-V1_R.tif,F1,42,42,autolabel_v1.4,3840,2160,"[[2491.09, 1056.87], [1533.13, 1215.49], [1356.25, 896.5], [1744.36, 1194.53], [1861.25, 1201.5], [1965.41, 1211.56], [2062.13, 1223.51], [2136.56, 1232.32], [2215.26, 1238.02], [2275.6, 1236.5], [1839.5, 1040.5], [1891.5, 1087.17], [1991.5, 1135.83], [2074.17, 1171.17], [2151.5, 1176.5], [2220.17, 1168.5], [2264.5, 1109.5], [1824.56, 950.27], [1345.54, 983.41], [1340.17, 1071.2], [1375.75, 1151.14], [1447.06, 1201.5], [1603.52, 1206.25], [1673.59, 1198.64], [2329.94, 1219.58], [2379.5, 1190.16], [2424.18, 1151.3], [2466.63, 1109.31], [1879.3, 979.79], [1936.76, 1003.69], [1996.7, 1020.13], [2057.77, 1031.73], [2119.4, 1040.37], [2181.16, 1048.01], [2243.24, 1052.39], [2305.42, 1052.27], [2367.57, 1049.25], [2429.52, 1047.75], [1946.83, 1084.5], [2040.17, 1119.17], [2120.17, 1131.17], [2194.83, 1135.83]]",duplicate_txt_identical
LBX,Bottom,feb1xpbx013-1-v12_b,../marked_images/landmarked_lbx/marked_tiff/bottom/FEB1xPBX013-1-V12_B_MARK.tif,../marked_images/landmarked_lbx/txt/bottom/FEB1xPBX013-1-V12_B.txt,../raw_images/lbx/FEB1xPBX013-1-V12_B.tif,LBX,38,38,autolabel_v1.4,3840,2160,"[[2536.31, 1039.97], [2449.55, 1156.71], [2369.26, 1022.2], [2313.57, 1019.88], [2254.28, 1020.48], [2201.36, 1015.22], [2354.16, 1166.5], [2310.62, 1170.5], [2255.61, 1169.84], [2202.42, 1175.02], [1521.49, 1093.98], [1747.25, 936.19], [1754.81, 1250.8], [2380.32, 1108.29], [2421.17, 1097.27], [2464.01, 1085.49], [2504.95, 1068.28], [2397.22, 1119.48], [2415.97, 1130.14], [2434.82, 1141.38], [2412.63, 1023.5], [2456.01, 1022.5], [2499.21, 1023.72], [2378.41, 1164.51], [2402.67, 1162.18], [2426.94, 1161.67], [2136.2, 1008.34], [2071.82, 996.67], [2006.34, 992.29], [1941.0, 981.88], [1876.55, 966.79], [1811.91, 951.6], [2138.19, 1181.19], [2074.37, 1190.26], [2009.83, 1193.22], [1945.62, 1205.51], [1881.37, 1217.02], [1817.34, 1231.02]]",
LBX,Bottom,feb1xpbx013-1-v18_b,../marked_images/landmarked_lbx/marked_tiff/bottom/FEB1xPBX013-1-V18_B_MARK.tif,../marked_images/landmarked_lbx/txt/bottom/FEB1xPBX013-1-V18_B.txt,../raw_images/lbx/FEB1xPBX013-1-V18_B.tif,LBX,38,38,autolabel_v1.4,3840,2160,"[[2501.78, 1058.5], [2413.32, 1169.4], [2254.55, 1043.47], [2199.27, 1037.88], [2139.26, 1032.12], [2070.51, 1031.72], [2251.83, 1174.13], [2195.25, 1179.42], [2136.58, 1182.73], [2067.44, 1185.03], [1454.5, 1102.11], [1775.05, 987.74], [1699.14, 1263.47], [2329.06, 1117.12], [2370.45, 1101.51], [2416.08, 1090.62], [2461.15, 1077.77], [2347.44, 1132.64], [2371.88, 1141.14], [2394.82, 1153.06], [2317.33, 1041.51], [2379.83, 1044.5], [2442.47, 1044.5], [2292.19, 1173.67], [2333.15, 1173.5], [2373.83, 1173.0], [2030.47, 1015.76], [1987.53, 1017.0], [1946.06, 1004.5], [1903.13, 999.5], [1860.57, 991.98], [1818.0, 988.1], [2015.71, 1200.6], [1962.71, 1201.41], [1909.78, 1213.72], [1856.41, 1222.35], [1803.39, 1232.38], [1750.72, 1245.91]]",
LBX,Bottom,kmm20-v09_b,../marked_images/landmarked_lbx/marked_tiff/bottom/KMM20-V09_B_MARK.tif,../marked_images/landmarked_lbx/txt/bottom/KMM20-V09_B.txt,../raw_images/lbx/KMM20-V09_B.tif,LBX,38,38,autolabel_v1.4,3840,2160,"[[2506.62, 1016.89], [2413.59, 1132.51], [2307.74, 999.47], [2261.93, 1001.46], [2202.82, 1000.41], [2140.71, 995.31], [2314.55, 1143.5], [2261.12, 1145.55], [2202.84, 1149.92], [2141.9, 1153.59], [1421.31, 1087.68], [1675.29, 925.27], [1688.17, 1240.09], [2339.32, 1084.27], [2381.78, 1069.71], [2426.68, 1057.94], [2470.0, 1041.3], [2356.57, 1097.13], [2377.17, 1106.83], [2397.49, 1117.5], [2358.54, 999.45], [2409.34, 999.5], [2460.14, 1001.59], [2339.94, 1142.5], [2365.27, 1140.84], [2390.72, 1140.5], [2076.27, 983.29], [2009.91, 976.88], [1941.99, 973.48], [1874.79, 963.85], [1807.57, 953.51], [1740.45, 944.26], [2077.49, 1166.5], [2011.98, 1174.66], [1945.79, 1178.5], [1881.68, 1191.61], [1816.79, 1206.17], [1751.64, 1219.96]]",
LBX,Bottom,kmm20-v29_b,../marked_images/landmarked_lbx/marked_tiff/bottom/KMM20-V29_B_MARK.tif,../marked_images/landmarked_lbx/txt/bottom/KMM20-V29_B.txt,../raw_images/lbx/KMM20-V29_B.tif,LBX,38,38,autolabel_v1.4,3840,2160,"[[2487.3, 1000.81], [2389.65, 1117.94], [2290.0, 983.5], [2236.1, 984.5], [2180.36, 986.5], [2116.58, 986.03], [2281.56, 1132.51], [2228.04, 1135.59], [2175.61, 1142.78], [2111.72, 1150.91], [1393.5, 1075.68], [1718.04, 933.37], [1701.9, 1203.71], [2313.29, 1081.72], [2358.14, 1065.35], [2405.02, 1049.88], [2450.45, 1030.52], [2330.16, 1093.43], [2351.54, 1098.51], [2372.43, 1105.32], [2340.71, 982.49], [2391.51, 982.5], [2442.43, 983.19], [2309.35, 1130.28], [2337.07, 1127.54], [2364.95, 1126.5], [2060.41, 976.23], [2003.03, 974.4], [1945.89, 967.5], [1888.66, 961.79], [1831.99, 950.65], [1775.01, 941.86], [2053.32, 1158.5], [1995.03, 1163.35], [1935.95, 1165.88], [1877.06, 1173.57], [1818.23, 1181.52], [1759.52, 1190.43]]",
LBX,Bottom,kmm5-v11_b,../marked_images/landmarked_lbx/marked_tiff/bottom/KMM5-V11_B_MARK.tif,../marked_images/landmarked_lbx/txt/bottom/KMM5-V11_B.txt,../raw_images/lbx/KMM5-V11_B.tif,LBX,38,38,autolabel_v1.4,3840,2160,"[[2501.65, 1014.72], [2416.6, 1154.37], [2290.3, 1001.48], [2228.59, 1004.49], [2163.23, 1008.5], [2096.51, 1009.56], [2273.5, 1168.5], [2221.7, 1170.5], [2156.31, 1172.53], [2093.29, 1175.11], [1383.36, 1078.8], [1702.34, 942.94], [1690.15, 1253.77], [2291.33, 1093.22], [2344.73, 1076.72], [2400.34, 1062.71], [2454.81, 1044.56], [2320.16, 1111.55], [2354.49, 1122.0], [2388.28, 1134.24], [2344.04, 999.49], [2397.9, 1000.16], [2451.8, 999.5], [2309.79, 1166.44], [2346.04, 1164.1], [2382.21, 1160.83], [2040.45, 998.99], [1983.64, 996.28], [1926.65, 991.58], [1869.97, 984.34], [1813.82, 973.61], [1757.72, 959.41], [2034.1, 1176.54], [1976.37, 1188.92], [1917.06, 1188.47], [1860.55, 1201.64], [1803.08, 1214.21], [1745.99, 1232.18]]",
LBX,Bottom,lbx001v07_b,../marked_images/landmarked_lbx/marked_tiff/bottom/LBX001V07_B_MARK.tif,../marked_images/landmarked_lbx/txt/bottom/LBX001V07_B.txt,../raw_images/lbx/LBX001V07_B.tif,LBX,38,38,autolabel_v1.4,3840,2160,"[[2535.58, 1025.46], [2445.49, 1112.03], [2311.6, 1004.5], [2260.02, 1000.15], [2207.71, 991.04], [2141.61, 984.16], [2320.86, 1131.54], [2265.37, 1136.51], [2207.25, 1141.5], [2133.46, 1147.85], [1421.49, 1061.61], [1720.12, 923.21], [1712.56, 1229.64], [2343.34, 1071.12], [2390.39, 1058.52], [2440.0, 1050.11], [2489.64, 1041.71], [2367.32, 1082.74], [2395.69, 1088.46], [2423.91, 1094.81], [2368.38, 1006.5], [2424.98, 1010.54], [2481.61, 1014.23], [2352.0, 1126.51], [2383.61, 1122.73], [2415.26, 1119.07], [2081.43, 974.5], [2021.48, 967.78], [1960.73, 966.41], [1900.31, 957.47], [1840.14, 946.41], [1779.62, 937.52], [2072.94, 1157.31], [2012.73, 1167.38], [1951.25, 1171.04], [1892.77, 1186.5], [1832.94, 1199.12], [1772.37, 1212.58]]",
LBX,Bottom,lbx001v12_b,../marked_images/landmarked_lbx/marked_tiff/bottom/LBX001V12_B_MARK.tif,../marked_images/landmarked_lbx/txt/bottom/LBX001V12_B.txt,../raw_images/lbx/LBX001V12_B.tif,LBX,38,38,autolabel_v1.4,3840,2160,"[[2508.54, 1086.84], [2417.51, 1168.98], [2294.27, 1059.52], [2233.57, 1051.39], [2178.48, 1039.93], [2111.3, 1030.96], [2280.5, 1186.5], [2230.79, 1189.5], [2174.14, 1193.82], [2102.5, 1197.02], [1416.42, 1095.38], [1685.07, 956.2], [1686.46, 1271.69], [2318.38, 1125.85], [2364.86, 1114.71], [2413.71, 1108.44], [2462.51, 1101.39], [2341.58, 1137.6], [2369.08, 1144.89], [2396.69, 1151.73], [2349.03, 1061.5], [2403.44, 1067.49], [2457.91, 1072.87], [2315.38, 1185.5], [2349.69, 1179.6], [2384.24, 1175.39], [2050.29, 1020.27], [1989.38, 1012.19], [1927.42, 1009.97], [1866.22, 999.9], [1805.73, 986.56], [1745.15, 972.53], [2042.67, 1204.3], [1982.84, 1212.73], [1922.43, 1214.03], [1864.16, 1227.48], [1804.74, 1239.54], [1745.48, 1255.27]]",
LBX,Bottom,lbx001v15_b,../marked_images/landmarked_lbx/marked_tiff/bottom/LBX001V15_B_MARK.tif,../marked_images/landmarked_lbx/txt/bottom/LBX001V15_B.txt,../raw_images/lbx/LBX001V15_B.tif,LBX,38,38,autolabel_v1.4,3840,2160,"[[2573.51, 1042.02], [2495.57, 1133.54], [2362.69, 1025.48], [2307.82, 1017.52], [2250.25, 1017.97], [2184.04, 1009.13], [2364.66, 1149.5], [2312.94, 1150.65], [2259.83, 1156.28], [2196.31, 1166.57], [1474.5, 1100.23], [1745.39, 947.89], [1757.98, 1262.29], [2393.3, 1088.49], [2436.8, 1076.37], [2483.98, 1068.47], [2530.95, 1059.16], [2417.84, 1101.13], [2445.62, 1109.3], [2473.54, 1116.98], [2415.89, 1026.5], [2469.09, 1029.51], [2522.37, 1031.5], [2398.04, 1148.5], [2431.23, 1145.41], [2464.33, 1141.5], [2121.64, 997.05], [2059.05, 993.52], [1996.05, 993.13], [1933.82, 981.19], [1870.68, 975.5], [1807.86, 962.85], [2133.17, 1178.82], [2072.35, 1192.59], [2007.73, 1192.71], [1946.65, 1208.04], [1884.33, 1225.72], [1820.96, 1243.19]]",
LBX,Bottom,lbx001v29_b,../marked_images/landmarked_lbx/marked_tiff/bottom/LBX001V29_B_MARK.tif,../marked_images/landmarked_lbx/txt/bottom/LBX001V29_B.txt,../raw_images/lbx/LBX001V29_B.tif,LBX,38,38,autolabel_v1.4,3840,2160,"[[2567.74, 1014.67], [2488.92, 1101.79], [2352.38, 1004.42], [2300.76, 1006.38], [2246.66, 999.37], [2186.53, 990.96], [2350.86, 1122.5], [2300.54, 1131.45], [2251.46, 1143.14], [2191.39, 1151.64], [1492.4, 1089.26], [1776.98, 933.14], [1788.06, 1236.12], [2403.29, 1075.33], [2443.42, 1058.76], [2487.3, 1047.02], [2531.06, 1034.81], [2423.51, 1082.61], [2446.63, 1086.23], [2469.72, 1090.09], [2406.59, 1001.5], [2460.98, 1002.5], [2515.39, 1003.21], [2386.06, 1119.51], [2421.21, 1116.06], [2456.16, 1110.66], [2129.8, 980.5], [2070.76, 980.42], [2012.11, 973.11], [1952.14, 970.86], [1893.91, 961.85], [1834.79, 949.75], [2134.6, 1162.75], [2075.36, 1168.81], [2016.63, 1177.26], [1960.13, 1190.34], [1903.12, 1201.52], [1844.74, 1215.92]]",
LBX,Bottom,lbx001v30_b,../marked_images/landmarked_lbx/marked_tiff/bottom/LBX001V30_B_MARK.tif,../marked_images/landmarked_lbx/txt/bottom/LBX001V30_B.txt,../raw_images/lbx/LBX001V30_B.tif,LBX,38,38,autolabel_v1.4,3840,2160,"[[2483.92, 1022.27], [2395.62, 1114.22], [2282.42, 1006.5], [2232.42, 1006.5], [2186.52, 1005.5], [2127.74, 1003.05], [2288.99, 1131.15], [2239.92, 1139.88], [2187.61, 1147.99], [2129.26, 1156.95], [1368.33, 1092.91], [1687.64, 929.7], [1687.29, 1244.16], [2303.27, 1086.95], [2347.3, 1070.05], [2394.6, 1057.48], [2441.72, 1044.26], [2325.0, 1095.89], [2350.25, 1098.16], [2375.5, 1100.62], [2333.72, 1007.55], [2384.79, 1010.33], [2436.17, 1009.5], [2316.11, 1127.5], [2343.31, 1124.39], [2370.53, 1121.77], [2064.42, 997.37], [2001.16, 992.5], [1937.95, 981.54], [1874.3, 977.2], [1811.65, 962.73], [1748.83, 950.43], [2065.18, 1166.57], [2001.12, 1172.5], [1937.46, 1185.5], [1875.1, 1196.44], [1811.05, 1205.17], [1748.81, 1222.89]]",
LBX,Bottom,lbx001v31_b,../marked_images/landmarked_lbx/marked_tiff/bottom/LBX001V31_B_MARK.tif,../marked_images/landmarked_lbx/txt/bottom/LBX001V31_B.txt,../raw_images/lbx/LBX001V31_B.tif,LBX,38,38,autolabel_v1.4,3840,2160,"[[2548.64, 1065.12], [2461.64, 1144.87], [2323.38, 1044.5], [2264.1, 1040.48], [2212.47, 1031.21], [2147.49, 1024.22], [2313.39, 1162.5], [2265.3, 1170.28], [2215.6, 1181.99], [2144.66, 1184.79], [1443.4, 1090.77], [1742.58, 959.04], [1583.37, 1374.88], [2360.34, 1112.1], [2406.44, 1099.41], [2455.03, 1090.69], [2503.62, 1081.97], [2383.43, 1122.23], [2411.04, 1126.15], [2438.57, 1130.76], [2380.75, 1043.5], [2437.87, 1047.28], [2495.04, 1050.58], [2350.98, 1158.51], [2388.67, 1155.5], [2426.46, 1153.5], [2090.45, 1015.42], [2032.98, 1006.5], [1974.21, 1006.18], [1916.07, 994.36], [1858.06, 983.52], [1799.68, 974.82], [2058.16, 1191.21], [1970.95, 1200.55], [1884.78, 1219.38], [1797.28, 1235.44], [1710.92, 1258.78], [1635.55, 1306.44]]",
LBX,Bottom,lbx002v02_b,../marked_images/landmarked_lbx/marked_tiff/bottom/LBX002V02_B_MARK.tif,../marked_images/landmarked_lbx/txt/bottom/LBX002V02_B.txt,../raw_images/lbx/LBX002V02_B.tif,LBX,38,38,autolabel_v1.4,3840,2160,"[[2564.1, 1059.36], [2486.92, 1164.23], [2359.74, 1039.5], [2303.84, 1038.5], [2244.93, 1038.95], [2177.59, 1031.97], [2346.86, 1177.5], [2298.13, 1180.27], [2242.74, 1186.74], [2172.49, 1188.01], [1432.5, 1097.94], [1760.79, 950.75], [1735.51, 1253.0], [2384.26, 1124.0], [2428.26, 1107.82], [2475.4, 1094.69], [2522.32, 1080.81], [2407.66, 1137.78], [2435.43, 1143.98], [2463.08, 1150.63], [2411.89, 1038.48], [2464.09, 1041.5], [2516.39, 1043.36], [2382.64, 1175.5], [2418.28, 1172.61], [2454.24, 1172.5], [2118.07, 1022.15], [2059.44, 1011.65], [1998.52, 1010.37], [1939.6, 994.24], [1878.95, 984.82], [1819.5, 969.27], [2111.75, 1193.08], [2051.65, 1204.69], [1988.3, 1202.41], [1925.12, 1214.49], [1861.47, 1223.24], [1798.29, 1237.26]]",
LBX,Bottom,lbx002v04_b,../marked_images/landmarked_lbx/marked_tiff/bottom/LBX002V04_B_MARK.tif,../marked_images/landmarked_lbx/txt/bottom/LBX002V04_B.txt,../raw_images/lbx/LBX002V04_B.tif,LBX,38,38,autolabel_v1.4,3840,2160,"[[2609.6, 1042.54], [2523.43, 1120.6], [2384.25, 1025.93], [2316.03, 1021.81], [2256.06, 1020.78], [2189.71, 1014.7], [2363.61, 1151.28], [2312.6, 1160.11], [2260.72, 1169.4], [2194.06, 1174.86], [1494.48, 1097.26], [1707.96, 962.36], [1744.25, 1201.49], [2330.61, 1095.61], [2398.82, 1091.5], [2471.38, 1082.28], [2543.22, 1067.52], [2375.69, 1103.52], [2425.7, 1106.61], [2475.98, 1108.52], [2441.4, 1025.37], [2498.59, 1026.5], [2555.88, 1028.5], [2404.0, 1141.5], [2445.36, 1136.43], [2486.85, 1131.5], [2122.89, 1002.14], [2053.7, 993.27], [1983.99, 987.5], [1916.07, 973.5], [1846.35, 977.25], [1777.36, 971.5], [2126.85, 1188.5], [2060.08, 1198.84], [1991.79, 1205.53], [1923.59, 1218.03], [1856.75, 1218.68], [1810.65, 1203.5]]",
LBX,Bottom,lbx004v01_b,../marked_images/landmarked_lbx/marked_tiff/bottom/LBX004V01_B_MARK.tif,../marked_images/landmarked_lbx/txt/bottom/LBX004V01_B.txt,../raw_images/lbx/LBX004V01_B.tif,LBX,38,38,autolabel_v1.4,3840,2160,"[[2589.86, 1026.79], [2504.92, 1124.31], [2372.35, 1013.5], [2310.84, 1015.11], [2253.97, 1007.08], [2184.37, 1001.91], [2364.75, 1139.5], [2311.18, 1143.05], [2255.36, 1150.87], [2178.05, 1158.8], [1442.49, 1071.34], [1792.77, 947.05], [1783.87, 1237.81], [2389.03, 1082.74], [2437.48, 1067.27], [2489.73, 1056.37], [2541.94, 1045.34], [2416.93, 1093.54], [2448.35, 1098.96], [2479.28, 1106.91], [2427.49, 1011.77], [2482.56, 1012.5], [2537.85, 1014.42], [2400.44, 1136.53], [2436.23, 1134.5], [2471.95, 1132.5], [2128.29, 989.21], [2074.17, 986.66], [2018.03, 982.13], [1961.22, 974.56], [1905.98, 969.15], [1849.13, 959.46], [2121.41, 1174.2], [2066.26, 1181.83], [2008.91, 1181.58], [1952.83, 1195.83], [1896.8, 1203.4], [1840.48, 1220.43]]",
LBX,Bottom,lbx005v01_b,../marked_images/landmarked_lbx/marked_tiff/bottom/LBX005V01_B_MARK.tif,../marked_images/landmarked_lbx/txt/bottom/LBX005V01_B.txt,../raw_images/lbx/LBX005V01_B.tif,LBX,38,38,autolabel_v1.4,3840,2160,"[[2621.72, 1037.28], [2523.55, 1133.24], [2403.65, 1017.5], [2339.69, 1017.05], [2275.13, 1013.52], [2204.7, 1005.33], [2381.92, 1150.51], [2324.9, 1154.05], [2269.42, 1160.79], [2208.49, 1167.26], [1446.19, 1064.91], [1765.33, 940.23], [1736.84, 1254.36], [2412.34, 1093.07], [2464.22, 1079.43], [2518.29, 1067.63], [2572.66, 1057.2], [2438.61, 1103.03], [2468.93, 1109.12], [2499.01, 1116.38], [2459.11, 1017.5], [2514.24, 1021.16], [2569.28, 1024.46], [2418.1, 1147.47], [2454.26, 1144.25], [2490.37, 1140.5], [2143.0, 989.7], [2079.61, 989.77], [2016.26, 982.3], [1952.41, 977.38], [1891.5, 964.36], [1827.8, 955.66], [2141.24, 1181.82], [2073.09, 1186.59], [2004.77, 1190.19], [1938.59, 1206.5], [1871.42, 1219.76], [1803.58, 1234.72]]",
LBX,Bottom,lbx005v07_b,../marked_images/landmarked_lbx/marked_tiff/bottom/LBX005V07_B._MARK.tif,../marked_images/landmarked_lbx/txt/bottom/LBX005V07_B.txt,../raw_images/lbx/LBX005V07_B.tif,LBX,38,38,autolabel_v1.4,3840,2160,"[[2550.09, 1033.7], [2474.04, 1108.97], [2419.25, 1015.5], [2377.54, 1016.5], [2319.83, 1017.41], [2259.24, 1010.67], [2401.28, 1125.46], [2369.69, 1129.71], [2316.81, 1136.14], [2257.56, 1145.55], [1535.7, 1087.51], [1721.36, 937.61], [1716.27, 1244.41], [2406.27, 1082.02], [2441.01, 1069.37], [2479.06, 1061.13], [2516.79, 1051.43], [2421.53, 1090.51], [2440.0, 1094.85], [2458.41, 1099.32], [2452.94, 1018.45], [2486.8, 1019.82], [2520.44, 1023.4], [2420.38, 1121.79], [2439.66, 1119.62], [2459.01, 1118.12], [2182.59, 1002.44], [2106.37, 998.5], [2030.19, 984.41], [1952.51, 974.99], [1875.57, 962.6], [1797.56, 955.76], [2179.85, 1158.2], [2102.91, 1164.21], [2026.75, 1179.7], [1949.48, 1197.5], [1871.21, 1208.53], [1792.69, 1222.68]]",
LBX,Bottom,lbx005v10_b,../marked_images/landmarked_lbx/marked_tiff/bottom/LBX005V10_B_MARK.tif,../marked_images/landmarked_lbx/txt/bottom/LBX005V10_B.txt,../raw_images/lbx/LBX005V10_B.tif,LBX,38,38,autolabel_v1.4,3840,2160,"[[2599.59, 1030.46], [2520.55, 1129.3], [2358.53, 1015.5], [2300.91, 1017.5], [2246.55, 1012.26], [2184.1, 1003.45], [2360.93, 1145.67], [2301.35, 1149.61], [2247.61, 1160.76], [2183.9, 1165.83], [1508.97, 1101.95], [1810.77, 934.05], [1774.2, 1249.44], [2388.3, 1091.56], [2439.97, 1075.37], [2494.86, 1064.9], [2549.36, 1052.53], [2419.57, 1101.47], [2454.3, 1108.18], [2489.04, 1114.68], [2419.81, 1013.5], [2481.12, 1013.13], [2542.36, 1015.6], [2401.63, 1144.62], [2442.48, 1143.25], [2482.87, 1137.43], [2130.98, 991.1], [2076.87, 989.46], [2023.01, 978.19], [1968.38, 974.95], [1917.53, 960.0], [1863.07, 952.13], [2125.64, 1177.02], [2067.54, 1185.98], [2007.66, 1190.69], [1949.08, 1205.46], [1891.26, 1219.03], [1831.96, 1233.11]]",
LBX,Bottom,lbx005v11_b,../marked_images/landmarked_lbx/marked_tiff/bottom/LBX005V11_B_MARK.tif,../marked_images/landmarked_lbx/txt/bottom/LBX005V11_B.txt,../raw_images/lbx/LBX005V11_B.tif,LBX,38,38,autolabel_v1.4,3840,2160,"[[2571.06, 1032.96], [2490.21, 1116.43], [2366.04, 1006.5], [2310.23, 1006.43], [2252.43, 997.31], [2186.22, 987.89], [2357.83, 1132.68], [2304.54, 1132.79], [2248.16, 1138.89], [2185.28, 1143.53], [1444.13, 1058.34], [1739.99, 930.6], [1703.7, 1220.6], [2400.33, 1076.14], [2442.25, 1066.26], [2486.41, 1058.27], [2530.38, 1049.27], [2420.35, 1089.29], [2445.54, 1095.44], [2470.54, 1102.35], [2418.66, 1008.5], [2471.25, 1012.7], [2523.82, 1016.85], [2391.53, 1129.5], [2425.11, 1125.5], [2458.81, 1122.51], [2122.98, 980.12], [2059.7, 971.79], [1995.29, 970.49], [1931.12, 961.64], [1867.63, 950.02], [1803.28, 944.48], [2116.51, 1151.01], [2048.25, 1162.47], [1978.98, 1165.68], [1909.98, 1175.33], [1840.6, 1188.39], [1771.12, 1200.86]]",
LBX,Bottom,lbx005v12_b,../marked_images/landmarked_lbx/marked_tiff/bottom/LBX005V12_B_MARK.tif,../marked_images/landmarked_lbx/txt/bottom/LBX005V12_B.txt,../raw_images/lbx/LBX005V12_B.tif,LBX,38,38,autolabel_v1.4,3840,2160,"[[2567.84, 1037.72], [2477.55, 1106.78], [2383.89, 1030.82], [2307.33, 1011.29], [2248.56, 1000.95], [2179.92, 993.64], [2354.41, 1119.03], [2298.71, 1127.03], [2243.19, 1138.12], [2169.83, 1141.54], [1458.13, 1070.64], [1782.35, 938.59], [1689.73, 1224.93], [2405.29, 1081.34], [2444.32, 1068.62], [2487.1, 1061.68], [2529.78, 1053.94], [2422.51, 1088.62], [2442.71, 1091.46], [2462.85, 1094.58], [2426.12, 1017.53], [2474.0, 1023.5], [2522.19, 1026.52], [2385.7, 1117.5], [2416.89, 1114.5], [2448.18, 1112.5], [2123.97, 981.35], [2067.1, 976.34], [2009.66, 971.51], [1952.04, 966.5], [1895.85, 953.58], [1838.12, 950.85], [2100.06, 1148.5], [2030.87, 1161.57], [1961.11, 1166.55], [1893.6, 1177.05], [1824.91, 1187.3], [1756.93, 1204.64]]",
LBX,Bottom,lbx005v14_b,../marked_images/landmarked_lbx/marked_tiff/bottom/LBX005V14_B_MARK.tif,../marked_images/landmarked_lbx/txt/bottom/LBX005V14_B.txt,../raw_images/lbx/LBX005V14_B.tif,LBX,38,38,autolabel_v1.4,3840,2160,"[[2580.51, 1020.96], [2480.92, 1103.93], [2378.21, 1000.5], [2306.78, 996.48], [2246.86, 986.09], [2176.53, 981.99], [2366.23, 1115.5], [2300.97, 1118.63], [2246.14, 1124.19], [2166.3, 1130.69], [1472.97, 1060.82], [1815.53, 937.51], [1791.98, 1200.5], [2378.32, 1064.69], [2425.87, 1049.35], [2478.05, 1041.5], [2530.36, 1034.55], [2404.53, 1075.51], [2433.69, 1082.06], [2457.64, 1092.25], [2430.0, 1000.5], [2481.6, 1004.5], [2533.3, 1007.49], [2396.43, 1109.69], [2421.91, 1115.18], [2452.16, 1109.5], [2125.97, 971.83], [2075.14, 969.32], [2023.28, 963.82], [1971.47, 958.38], [1920.0, 947.39], [1867.66, 944.5], [2112.31, 1135.51], [2059.41, 1150.01], [2004.45, 1152.51], [1952.98, 1168.65], [1898.85, 1173.59], [1846.03, 1189.32]]",
LBX,Bottom,lbx007v01_b,../marked_images/landmarked_lbx/marked_tiff/bottom/LBX007V01_B_MARK.tif,../marked_images/landmarked_lbx/txt/bottom/LBX007V01_B.txt,../raw_images/lbx/LBX007V01_B.tif,LBX,38,38,autolabel_v1.4,3840,2160,"[[2569.64, 1044.11], [2485.31, 1132.03], [2368.14, 1026.5], [2301.3, 1023.97], [2243.6, 1015.24], [2179.17, 1009.17], [2354.49, 1151.5], [2306.77, 1153.5], [2243.8, 1155.82], [2181.35, 1164.03], [1453.45, 1098.39], [1764.89, 961.33], [1767.5, 1255.66], [2387.33, 1089.16], [2432.08, 1078.59], [2478.96, 1068.87], [2525.87, 1059.89], [2410.23, 1101.2], [2437.04, 1109.15], [2463.94, 1116.8], [2419.42, 1024.5], [2470.43, 1029.5], [2521.61, 1032.79], [2388.2, 1148.81], [2421.81, 1144.91], [2455.47, 1141.5], [2120.09, 1001.86], [2061.96, 995.69], [2002.21, 996.5], [1942.65, 988.27], [1883.14, 981.92], [1823.2, 976.14], [2122.25, 1178.5], [2063.11, 1187.07], [2002.33, 1192.55], [1943.56, 1207.26], [1884.09, 1219.09], [1824.93, 1234.65]]",
LBX,Bottom,lbx007v02_b,../marked_images/landmarked_lbx/marked_tiff/bottom/LBX007V02_B_MARK.tif,../marked_images/landmarked_lbx/txt/bottom/LBX007V02_B.txt,../raw_images/lbx/LBX007V02_B.tif,LBX,38,38,autolabel_v1.4,3840,2160,"[[2566.45, 1020.72], [2479.58, 1118.45], [2357.49, 1009.25], [2305.79, 1012.38], [2243.26, 1012.45], [2181.53, 1005.7], [2355.0, 1142.3], [2297.05, 1155.87], [2247.48, 1157.45], [2184.07, 1162.65], [1483.97, 1071.59], [1738.95, 951.65], [1681.26, 1250.41], [2316.32, 1099.64], [2379.09, 1088.84], [2445.64, 1075.95], [2509.87, 1053.87], [2355.84, 1104.51], [2397.95, 1108.42], [2440.41, 1108.5], [2410.54, 1006.49], [2463.82, 1006.5], [2517.09, 1006.89], [2386.72, 1136.44], [2418.71, 1131.53], [2450.94, 1128.89], [2118.78, 993.53], [2055.29, 991.38], [1991.62, 986.49], [1928.12, 978.35], [1865.06, 966.5], [1801.57, 957.53], [2111.87, 1169.51], [2039.81, 1179.68], [1966.53, 1184.59], [1895.61, 1197.22], [1823.33, 1211.32], [1751.64, 1228.29]]",
LBX,Bottom,lbx008v01_b,../marked_images/landmarked_lbx/marked_tiff/bottom/LBX008V01_B_MARK.tif,../marked_images/landmarked_lbx/txt/bottom/LBX008V01_B.txt,../raw_images/lbx/LBX008V01_B.tif,LBX,38,38,autolabel_v1.4,3840,2160,"[[2595.62, 1055.74], [2498.62, 1121.26], [2365.7, 1036.5], [2314.31, 1030.5], [2255.96, 1022.12], [2199.79, 1015.34], [2350.2, 1140.81], [2307.35, 1148.61], [2259.71, 1160.17], [2199.94, 1168.2], [1481.4, 1107.78], [1738.48, 954.99], [1829.58, 1229.99], [2433.28, 1096.84], [2472.25, 1084.26], [2514.46, 1076.76], [2556.74, 1069.74], [2448.02, 1104.52], [2466.3, 1106.61], [2484.19, 1110.86], [2424.02, 1037.5], [2482.14, 1041.32], [2540.36, 1043.98], [2387.87, 1137.5], [2425.45, 1133.26], [2463.0, 1128.86], [2136.72, 1001.63], [2070.06, 1000.71], [2003.83, 996.54], [1937.69, 985.74], [1872.26, 981.44], [1805.36, 968.58], [2146.91, 1175.21], [2093.72, 1178.98], [2041.37, 1194.7], [1989.42, 1201.39], [1935.78, 1208.28], [1883.09, 1218.5]]",
LBX,Bottom,lbx008v02_b,../marked_images/landmarked_lbx/marked_tiff/bottom/LBX008V02_B_MARK.tif,../marked_images/landmarked_lbx/txt/bottom/LBX008V02_B.txt,../raw_images/lbx/LBX008V02_B.tif,LBX,38,38,autolabel_v1.4,3840,2160,"[[2546.92, 1044.15], [2468.12, 1120.47], [2362.96, 1032.5], [2305.87, 1024.89], [2248.19, 1018.18], [2183.02, 1012.46], [2363.76, 1136.69], [2314.83, 1144.55], [2252.62, 1148.69], [2187.93, 1158.9], [1483.5, 1119.44], [1738.57, 975.02], [1719.12, 1265.79], [2405.13, 1088.49], [2438.24, 1075.83], [2475.87, 1068.14], [2513.28, 1059.41], [2418.65, 1100.01], [2436.54, 1104.51], [2454.11, 1110.16], [2409.51, 1031.37], [2456.38, 1032.5], [2503.27, 1033.5], [2390.46, 1133.8], [2417.14, 1130.44], [2443.84, 1127.53], [2121.04, 1004.7], [2056.95, 1003.5], [1992.65, 1000.74], [1928.35, 1000.49], [1865.55, 993.94], [1801.47, 987.36], [2121.02, 1175.49], [2053.42, 1186.03], [1985.29, 1194.1], [1918.43, 1206.36], [1850.69, 1221.7], [1784.54, 1242.78]]",
LBX,Bottom,lbx008v04_b,../marked_images/landmarked_lbx/marked_tiff/bottom/LBX008V04_B_MARK.tif,../marked_images/landmarked_lbx/txt/bottom/LBX008V04_B.txt,../raw_images/lbx/LBX008V04_B.tif,LBX,38,38,autolabel_v1.4,3840,2160,"[[2570.08, 1032.23], [2474.92, 1109.19], [2365.83, 1018.5], [2310.39, 1015.51], [2252.3, 1008.18], [2187.02, 1000.38], [2350.96, 1125.5], [2297.99, 1132.64], [2247.18, 1142.2], [2184.34, 1153.62], [1488.43, 1090.77], [1761.84, 942.33], [1746.81, 1232.56], [2404.27, 1080.97], [2444.47, 1067.27], [2487.83, 1057.66], [2531.32, 1048.62], [2420.6, 1089.03], [2440.17, 1092.9], [2459.55, 1097.68], [2417.63, 1018.5], [2469.34, 1021.5], [2521.13, 1021.5], [2382.74, 1123.5], [2414.44, 1120.42], [2446.14, 1117.5], [2127.82, 987.33], [2066.12, 981.71], [2005.7, 985.2], [1944.63, 973.7], [1883.76, 965.26], [1821.97, 957.69], [2121.41, 1161.46], [2058.61, 1171.96], [1995.31, 1176.77], [1932.6, 1187.73], [1870.18, 1199.41], [1807.67, 1213.01]]",
LBX,Bottom,lbx008v05_b,../marked_images/landmarked_lbx/marked_tiff/bottom/LBX008V05_B_MARK.tif,../marked_images/landmarked_lbx/txt/bottom/LBX008V05_B.txt,../raw_images/lbx/LBX008V05_B.tif,LBX,38,38,autolabel_v1.4,3840,2160,"[[2570.45, 1033.84], [2476.56, 1126.15], [2379.38, 1019.5], [2317.97, 1015.5], [2255.91, 1013.64], [2191.81, 1011.9], [2361.45, 1142.5], [2319.74, 1145.5], [2258.73, 1147.74], [2193.79, 1154.26], [1479.49, 1105.05], [1753.95, 954.16], [1722.76, 1236.38], [2391.37, 1082.1], [2433.9, 1068.51], [2480.71, 1058.54], [2527.71, 1049.47], [2412.22, 1094.02], [2434.94, 1103.59], [2458.56, 1111.69], [2427.68, 1021.41], [2475.98, 1023.5], [2524.36, 1024.5], [2390.59, 1139.2], [2419.74, 1135.75], [2448.95, 1132.7], [2130.78, 997.75], [2067.7, 993.27], [2004.35, 986.41], [1940.75, 981.5], [1880.3, 974.59], [1816.85, 966.28], [2127.03, 1167.47], [2059.09, 1174.49], [1991.72, 1185.3], [1923.7, 1192.3], [1857.15, 1206.4], [1789.61, 1219.45]]",
LBX,Bottom,lbx008v06_b,../marked_images/landmarked_lbx/marked_tiff/bottom/LBX008V06_B_MARK.tif,../marked_images/landmarked_lbx/txt/bottom/LBX008V06_B.txt,../raw_images/lbx/LBX008V06_B.tif,LBX,38,38,autolabel_v1.4,3840,2160,"[[2548.66, 1034.96], [2459.88, 1128.86], [2360.55, 1015.5], [2308.64, 1014.5], [2247.68, 1008.93], [2187.24, 1000.14], [2350.17, 1143.49], [2306.31, 1144.78], [2244.77, 1150.28], [2190.75, 1156.3], [1450.49, 1094.78], [1707.45, 930.63], [1687.86, 1237.55], [2384.33, 1093.84], [2424.79, 1080.16], [2468.72, 1068.7], [2512.13, 1055.35], [2402.54, 1102.78], [2423.12, 1108.88], [2443.37, 1116.02], [2408.43, 1016.52], [2456.01, 1020.86], [2503.57, 1023.41], [2378.36, 1141.81], [2406.42, 1137.5], [2434.7, 1135.5], [2120.98, 989.33], [2051.7, 984.56], [1982.24, 980.31], [1913.38, 968.98], [1844.14, 962.5], [1775.67, 947.76], [2119.86, 1165.09], [2047.12, 1174.29], [1975.04, 1178.44], [1903.19, 1190.15], [1831.67, 1200.18], [1759.52, 1217.65]]",
LBX,Bottom,lbx008v07_b,../marked_images/landmarked_lbx/marked_tiff/bottom/LBX008V07_B_MARK.tif,../marked_images/landmarked_lbx/txt/bottom/LBX008V07_B.txt,../raw_images/lbx/LBX008V07_B.tif,LBX,38,38,autolabel_v1.4,3840,2160,"[[2573.68, 1024.03], [2481.57, 1121.41], [2346.83, 1013.5], [2295.02, 1015.5], [2234.2, 1014.43], [2170.03, 1009.96], [2337.76, 1138.5], [2287.11, 1143.81], [2231.14, 1154.24], [2169.82, 1161.23], [1471.48, 1115.27], [1814.62, 954.54], [1727.11, 1240.79], [2388.09, 1091.26], [2433.24, 1074.03], [2482.14, 1059.82], [2531.02, 1045.49], [2410.3, 1099.47], [2435.37, 1103.61], [2460.31, 1108.47], [2404.03, 1010.5], [2461.33, 1012.5], [2518.62, 1012.5], [2374.31, 1134.24], [2411.02, 1131.35], [2447.72, 1128.61], [2119.6, 995.61], [2068.6, 996.04], [2018.43, 980.42], [1966.96, 983.3], [1918.23, 967.01], [1866.37, 964.77], [2107.63, 1171.95], [2045.4, 1180.96], [1982.42, 1184.94], [1917.6, 1192.07], [1854.16, 1204.86], [1790.0, 1220.5]]",
LBX,Bottom,lbx008v08_b,../marked_images/landmarked_lbx/marked_tiff/bottom/LBX008V08_B_MARK.tif,../marked_images/landmarked_lbx/txt/bottom/LBX008V08_B.txt,../raw_images/lbx/LBX008V08_B.tif,LBX,38,38,autolabel_v1.4,3840,2160,"[[2567.57, 1036.88], [2487.61, 1127.67], [2368.84, 1022.5], [2309.6, 1019.39], [2251.35, 1013.19], [2191.63, 1003.31], [2355.6, 1145.58], [2311.89, 1148.55], [2253.83, 1153.28], [2193.33, 1162.32], [1481.31, 1087.1], [1744.09, 963.62], [1707.6, 1258.47], [2388.05, 1085.91], [2432.18, 1073.32], [2479.04, 1063.36], [2526.07, 1054.35], [2410.93, 1097.84], [2438.02, 1104.64], [2464.77, 1112.75], [2418.97, 1022.5], [2469.31, 1023.76], [2519.62, 1025.51], [2389.21, 1141.51], [2422.89, 1138.37], [2456.59, 1135.51], [2129.45, 994.5], [2065.47, 995.58], [2001.24, 991.34], [1936.32, 989.66], [1874.0, 982.5], [1808.71, 975.46], [2125.25, 1174.17], [2055.84, 1186.27], [1985.97, 1192.18], [1916.08, 1205.08], [1845.47, 1214.8], [1775.83, 1234.52]]",
LBX,Bottom,lbx008v10_b,../marked_images/landmarked_lbx/marked_tiff/bottom/LBX008V10_B_MARK.tif,../marked_images/landmarked_lbx/txt/bottom/LBX008V10_B.txt,../raw_images/lbx/LBX008V10_B.tif,LBX,38,38,autolabel_v1.4,3840,2160,"[[2561.53, 1055.07], [2475.6, 1124.37], [2328.58, 1039.5], [2279.89, 1032.45], [2227.11, 1025.53], [2169.55, 1022.7], [2323.83, 1148.5], [2277.75, 1158.57], [2221.94, 1170.53], [2173.82, 1176.82], [1494.08, 1110.95], [1745.89, 960.5], [1746.27, 1247.09], [2381.27, 1102.11], [2424.36, 1086.53], [2471.49, 1078.25], [2518.66, 1070.22], [2403.29, 1109.5], [2428.59, 1111.22], [2453.83, 1113.84], [2387.37, 1041.5], [2446.26, 1042.5], [2505.05, 1044.51], [2361.92, 1141.13], [2400.46, 1136.41], [2439.07, 1132.5], [2112.23, 1006.83], [2051.28, 1004.2], [1990.13, 1000.49], [1928.38, 992.74], [1867.63, 984.53], [1806.03, 976.68], [2112.7, 1186.03], [2052.76, 1195.37], [1990.44, 1195.54], [1929.7, 1208.27], [1868.74, 1219.26], [1806.84, 1230.42]]",
LBX,Bottom,lbx008v13_b,../marked_images/landmarked_lbx/marked_tiff/bottom/LBX008V13_B_MARK.tif,../marked_images/landmarked_lbx/txt/bottom/LBX008V13_B.txt,../raw_images/lbx/LBX008V13_B.tif,LBX,38,38,autolabel_v1.4,3840,2160,"[[2566.16, 1020.21], [2481.92, 1119.42], [2358.65, 1003.58], [2307.05, 1001.5], [2248.2, 994.24], [2186.32, 986.85], [2355.59, 1134.5], [2304.24, 1139.29], [2255.33, 1146.83], [2189.79, 1153.62], [1444.4, 1052.72], [1731.86, 932.82], [1743.52, 1247.51], [2368.32, 1077.38], [2416.65, 1061.75], [2468.07, 1051.67], [2519.07, 1039.66], [2395.09, 1089.14], [2425.8, 1095.82], [2456.17, 1103.9], [2411.51, 1002.79], [2464.14, 1006.46], [2516.92, 1008.5], [2387.77, 1131.73], [2419.94, 1128.5], [2452.23, 1126.5], [2122.82, 976.17], [2056.74, 972.25], [1992.97, 969.11], [1928.34, 956.85], [1863.56, 954.51], [1797.24, 944.81], [2127.77, 1168.34], [2065.14, 1181.49], [1999.61, 1185.91], [1935.87, 1200.13], [1872.85, 1215.5], [1807.46, 1229.04]]",
LBX,Bottom,lbx009v01_b,../marked_images/landmarked_lbx/marked_tiff/bottom/LBX009V01_B_MARK.tif,../marked_images/landmarked_lbx/txt/bottom/LBX009V01_B.txt,../raw_images/lbx/LBX009V01_B.tif,LBX,38,38,autolabel_v1.4,3840,2160,"[[2567.8, 1022.33], [2486.85, 1118.76], [2358.76, 1010.5], [2298.95, 1012.5], [2232.6, 1011.5], [2164.47, 1002.23], [2357.02, 1132.5], [2300.06, 1137.83], [2232.73, 1147.61], [2169.54, 1155.74], [1417.28, 1077.82], [1778.64, 966.79], [1736.32, 1225.59], [2383.34, 1087.96], [2428.26, 1071.8], [2477.09, 1059.13], [2525.31, 1044.4], [2408.1, 1096.66], [2435.6, 1101.03], [2463.15, 1105.52], [2411.55, 1008.5], [2464.35, 1010.5], [2517.24, 1011.48], [2390.41, 1131.79], [2423.58, 1128.35], [2456.85, 1126.16], [2111.29, 989.94], [2055.32, 991.94], [2001.09, 982.46], [1945.24, 982.5], [1891.58, 966.93], [1835.46, 967.61], [2108.27, 1166.5], [2046.78, 1173.48], [1983.62, 1175.51], [1922.43, 1188.01], [1862.0, 1197.83], [1798.58, 1208.61]]",
LBX,Bottom,lbx009v03_b,../marked_images/landmarked_lbx/marked_tiff/bottom/LBX009V03_B_MARK.tif,../marked_images/landmarked_lbx/txt/bottom/LBX009V03_B.txt,../raw_images/lbx/LBX009V03_B.tif,LBX,38,38,autolabel_v1.4,3840,2160,"[[2579.04, 1048.97], [2508.63, 1107.77], [2379.68, 1023.04], [2315.33, 1012.97], [2263.45, 1003.93], [2194.11, 1000.44], [2369.15, 1130.82], [2325.13, 1142.09], [2263.22, 1149.83], [2196.64, 1160.8], [1472.5, 1105.56], [1734.49, 947.99], [1797.9, 1213.72], [2451.32, 1084.33], [2482.09, 1073.43], [2516.03, 1067.89], [2549.98, 1062.56], [2463.55, 1092.24], [2479.77, 1094.85], [2495.82, 1098.45], [2430.48, 1023.2], [2480.86, 1029.44], [2531.28, 1035.45], [2404.78, 1127.19], [2440.35, 1123.04], [2475.72, 1117.2], [2129.97, 990.33], [2064.41, 985.49], [1998.25, 984.5], [1931.95, 976.12], [1866.47, 969.54], [1799.76, 963.03], [2141.1, 1176.66], [2084.16, 1183.58], [2026.09, 1192.1], [1969.88, 1199.13], [1912.52, 1208.4], [1854.8, 1216.33]]",
LBX,Bottom,lbx009v05_b,../marked_images/landmarked_lbx/marked_tiff/bottom/LBX009V05_B_MARK.tif,../marked_images/landmarked_lbx/txt/bottom/LBX009V05_B.txt,../raw_images/lbx/LBX009V05_B.tif,LBX,38,38,autolabel_v1.4,3840,2160,"[[2574.16, 1024.72], [2495.31, 1104.24], [2375.29, 1004.5], [2317.49, 1006.5], [2254.02, 1004.31], [2193.6, 995.54], [2366.71, 1123.97], [2311.67, 1136.16], [2252.32, 1144.33], [2203.05, 1152.36], [1561.07, 1045.25], [1720.62, 929.69], [1682.32, 1221.43], [2432.31, 1082.45], [2467.99, 1069.62], [2505.72, 1058.26], [2543.64, 1047.47], [2446.18, 1090.18], [2463.97, 1092.13], [2481.75, 1094.08], [2426.59, 1002.5], [2477.78, 1005.5], [2529.07, 1007.5], [2399.98, 1122.5], [2432.96, 1117.7], [2466.14, 1114.51], [2127.12, 983.5], [2058.61, 978.55], [1990.46, 977.57], [1923.46, 962.14], [1856.73, 956.5], [1788.85, 941.67], [2129.72, 1163.44], [2056.37, 1174.2], [1981.87, 1173.6], [1908.01, 1185.74], [1832.58, 1190.75], [1757.4, 1205.02]]",
LBX,Bottom,lbx009v07_b,../marked_images/landmarked_lbx/marked_tiff/bottom/LBX009V07_B_MARK.tif,../marked_images/landmarked_lbx/txt/bottom/LBX009V07_B.txt,../raw_images/lbx/LBX009V07_B.tif,LBX,38,38,autolabel_v1.4,3840,2160,"[[2585.14, 1029.6], [2503.43, 1118.79], [2373.76, 1016.49], [2305.96, 1018.5], [2242.21, 1017.06], [2178.79, 1009.67], [2358.77, 1137.26], [2302.21, 1145.07], [2242.62, 1156.11], [2180.43, 1161.0], [1445.48, 1076.71], [1752.15, 934.64], [1757.09, 1222.35], [2409.27, 1094.09], [2452.27, 1078.33], [2498.46, 1065.51], [2544.28, 1051.41], [2431.28, 1101.5], [2456.58, 1103.5], [2481.7, 1107.27], [2427.47, 1013.5], [2481.36, 1014.5], [2535.16, 1016.37], [2395.88, 1135.5], [2432.96, 1131.5], [2470.06, 1127.68], [2118.37, 996.5], [2056.41, 990.71], [1995.84, 983.15], [1933.73, 974.6], [1874.62, 962.25], [1812.47, 952.74], [2120.76, 1170.54], [2061.32, 1181.54], [1999.7, 1183.05], [1938.77, 1191.41], [1879.35, 1198.78], [1817.77, 1207.95]]",
LBX,Bottom,lbx009v09_b,../marked_images/landmarked_lbx/marked_tiff/bottom/LBX009V09_B_MARK.tif,../marked_images/landmarked_lbx/txt/bottom/LBX009V09_B.txt,../raw_images/lbx/LBX009V09_B.tif,LBX,38,38,autolabel_v1.4,3840,2160,"[[2592.19, 1018.25], [2521.63, 1110.83], [2385.23, 1003.31], [2313.63, 1005.47], [2246.55, 1000.33], [2180.71, 993.31], [2368.93, 1120.5], [2308.59, 1124.84], [2250.97, 1135.2], [2178.82, 1142.39], [1455.36, 1098.12], [1754.42, 951.48], [1799.7, 1221.93], [2395.33, 1074.76], [2442.72, 1058.69], [2494.47, 1047.75], [2546.41, 1037.8], [2425.97, 1084.85], [2459.57, 1088.77], [2492.99, 1094.39], [2437.53, 1001.5], [2489.83, 1003.5], [2542.05, 1006.31], [2407.79, 1121.37], [2446.53, 1120.5], [2485.23, 1117.5], [2120.75, 979.5], [2059.11, 979.43], [1998.76, 981.17], [1937.23, 973.65], [1878.65, 969.03], [1816.48, 960.49], [2125.56, 1157.6], [2073.46, 1167.42], [2017.53, 1167.42], [1963.99, 1180.5], [1909.52, 1190.49], [1854.64, 1206.57]]",
LBX,Bottom,lbx009v10_b,../marked_images/landmarked_lbx/marked_tiff/bottom/LBX009V10_B_MARK.tif,../marked_images/landmarked_lbx/txt/bottom/LBX009V10_B.txt,../raw_images/lbx/LBX009V10_B.tif,LBX,38,38,autolabel_v1.4,3840,2160,"[[2538.22, 1038.42], [2451.88, 1145.46], [2341.78, 1023.5], [2286.07, 1026.5], [2225.19, 1022.21], [2159.75, 1011.06], [2308.68, 1151.21], [2252.95, 1155.52], [2185.04, 1161.8], [2111.36, 1168.55], [1459.98, 1069.92], [1679.52, 934.65], [1742.13, 1208.46], [2351.11, 1108.6], [2398.31, 1094.79], [2447.15, 1080.45], [2494.93, 1062.86], [2374.08, 1120.69], [2402.07, 1125.51], [2429.88, 1131.35], [2392.07, 1021.5], [2442.4, 1022.98], [2492.53, 1026.79], [2344.82, 1153.5], [2381.21, 1154.5], [2417.58, 1153.2], [2092.05, 992.52], [2023.25, 978.53], [1953.51, 970.54], [1886.71, 956.54], [1816.56, 953.5], [1747.88, 941.23], [2058.71, 1176.5], [2005.48, 1175.25], [1952.33, 1180.05], [1900.83, 1188.81], [1848.07, 1189.84], [1794.87, 1197.9]]",
LBX,Bottom,lbx009v15_b,../marked_images/landmarked_lbx/marked_tiff/bottom/LBX009V15_B_MARK.tif,../marked_images/landmarked_lbx/txt/bottom/LBX009V15_B.txt,../raw_images/lbx/LBX009V15_B.tif,LBX,38,38,autolabel_v1.4,3840,2160,"[[2550.39, 1028.59], [2483.13, 1112.88], [2372.7, 1008.47], [2315.02, 1010.49], [2261.0, 1005.43], [2195.19, 994.24], [2368.66, 1128.5], [2315.55, 1131.36], [2259.81, 1136.84], [2197.51, 1145.75], [1440.31, 1064.0], [1593.47, 884.76], [1579.81, 1274.08], [2405.3, 1084.55], [2441.26, 1072.3], [2480.14, 1063.1], [2517.49, 1049.07], [2423.85, 1091.5], [2446.02, 1094.68], [2467.87, 1099.79], [2418.9, 1007.5], [2465.1, 1010.5], [2511.3, 1013.5], [2398.1, 1128.08], [2427.23, 1124.26], [2456.37, 1120.63], [2109.1, 984.59], [2021.8, 973.42], [1933.84, 966.5], [1847.38, 953.0], [1760.78, 939.85], [1674.3, 919.94], [2107.8, 1157.82], [2018.37, 1169.26], [1929.13, 1179.72], [1838.07, 1190.88], [1746.02, 1208.3], [1654.79, 1229.44]]",
LBX,Bottom,lbx009v21_b,../marked_images/landmarked_lbx/marked_tiff/bottom/LBX009V21_B_MARK.tif,../marked_images/landmarked_lbx/txt/bottom/LBX009V21_B.txt,../raw_images/lbx/LBX009V21_B.tif,LBX,38,38,autolabel_v1.4,3840,2160,"[[2572.62, 1030.98], [2486.58, 1103.51], [2362.24, 1014.5], [2300.44, 1016.5], [2242.06, 1012.78], [2174.78, 1005.74], [2347.6, 1127.5], [2299.07, 1136.67], [2242.11, 1149.63], [2174.52, 1156.86], [1450.31, 1090.57], [1777.93, 943.07], [1754.52, 1229.49], [2420.33, 1083.24], [2458.22, 1070.57], [2498.18, 1059.58], [2538.47, 1049.99], [2434.53, 1090.5], [2452.88, 1091.87], [2471.07, 1094.63], [2415.49, 1013.01], [2468.65, 1016.38], [2521.95, 1018.48], [2383.19, 1123.51], [2418.77, 1119.47], [2454.07, 1113.49], [2119.27, 998.78], [2062.76, 987.56], [2005.46, 984.39], [1948.38, 973.31], [1892.24, 965.71], [1834.22, 957.72], [2115.11, 1171.15], [2056.85, 1180.63], [1995.66, 1180.91], [1935.38, 1191.74], [1875.53, 1201.51], [1814.07, 1211.14]]",
LBX,Bottom,lbx009v22_b,../marked_images/landmarked_lbx/marked_tiff/bottom/LBX009V22_B_MARK.tif,../marked_images/landmarked_lbx/txt/bottom/LBX009V22_B.txt,../raw_images/lbx/LBX009V22_B.tif,LBX,38,38,autolabel_v1.4,3840,2160,"[[2555.94, 1033.71], [2467.92, 1124.72], [2371.34, 1017.5], [2307.63, 1016.5], [2244.64, 1015.21], [2177.65, 1009.58], [2357.81, 1143.91], [2312.32, 1149.05], [2243.28, 1151.88], [2179.68, 1156.79], [1453.17, 1088.32], [1747.83, 948.44], [1732.5, 1251.0], [2385.3, 1089.43], [2427.27, 1076.62], [2472.69, 1067.17], [2517.39, 1054.71], [2405.33, 1098.47], [2428.07, 1104.13], [2450.75, 1110.08], [2418.22, 1018.48], [2464.74, 1023.43], [2511.51, 1023.8], [2385.98, 1140.57], [2414.13, 1137.08], [2442.15, 1132.52], [2116.91, 1000.41], [2055.59, 994.68], [1993.64, 991.04], [1931.84, 981.59], [1870.47, 970.01], [1808.35, 964.39], [2114.99, 1163.86], [2054.09, 1183.48], [1988.13, 1185.49], [1924.1, 1198.43], [1859.69, 1213.56], [1795.64, 1231.03]]",
LBX,Bottom,lbx010v02_b,../marked_images/landmarked_lbx/marked_tiff/bottom/LBX010V02_B_MARK.tif,../marked_images/landmarked_lbx/txt/bottom/LBX010V02_B.txt,../raw_images/lbx/LBX010V02_B.tif,LBX,38,38,autolabel_v1.4,3840,2160,"[[2579.15, 1023.71], [2508.07, 1125.93], [2375.82, 1014.47], [2306.48, 1019.5], [2246.05, 1015.97], [2177.91, 1009.46], [2364.95, 1150.15], [2305.17, 1152.49], [2250.37, 1158.07], [2184.86, 1168.54], [1463.31, 1089.49], [1691.46, 923.98], [1702.39, 1258.5], [2396.29, 1089.26], [2441.27, 1074.07], [2489.12, 1060.23], [2537.47, 1049.02], [2423.04, 1098.7], [2452.9, 1104.66], [2482.66, 1111.09], [2431.39, 1010.27], [2483.69, 1014.07], [2528.88, 1020.79], [2402.19, 1147.84], [2439.24, 1143.26], [2476.14, 1137.67], [2108.25, 999.1], [2038.46, 991.5], [1968.16, 989.5], [1898.22, 979.49], [1827.22, 969.69], [1758.25, 949.82], [2116.25, 1179.41], [2047.49, 1188.5], [1979.6, 1198.76], [1909.7, 1204.27], [1840.08, 1218.31], [1770.98, 1238.84]]",
LBX,Bottom,lbx010v03_b,../marked_images/landmarked_lbx/marked_tiff/bottom/LBX010V03_B_MARK.tif,../marked_images/landmarked_lbx/txt/bottom/LBX010V03_B.txt,../raw_images/lbx/LBX010V03_B.tif,LBX,38,38,autolabel_v1.4,3840,2160,"[[2551.8, 1023.58], [2477.92, 1106.57], [2357.82, 1006.5], [2298.79, 1004.18], [2242.49, 996.97], [2184.54, 987.98], [2351.89, 1125.5], [2298.68, 1133.03], [2247.77, 1141.13], [2190.79, 1148.83], [1464.96, 1087.91], [1641.17, 893.28], [1637.52, 1275.52], [2388.27, 1074.12], [2427.97, 1061.15], [2470.73, 1051.2], [2513.31, 1040.4], [2409.73, 1082.25], [2434.27, 1086.67], [2458.55, 1092.37], [2407.02, 1005.42], [2456.22, 1008.5], [2505.41, 1011.61], [2384.09, 1122.41], [2416.28, 1119.39], [2448.39, 1115.47], [2106.15, 977.68], [2025.45, 974.5], [1945.1, 972.5], [1866.33, 961.5], [1786.25, 949.91], [1707.67, 933.46], [2110.96, 1158.65], [2031.29, 1169.63], [1950.43, 1180.46], [1868.0, 1191.32], [1786.88, 1208.62], [1707.42, 1234.34]]",
LBX,Bottom,lbx010v04_b,../marked_images/landmarked_lbx/marked_tiff/bottom/LBX010V04_B_MARK.tif,../marked_images/landmarked_lbx/txt/bottom/LBX010V04_B.txt,../raw_images/lbx/LBX010V04_B.tif,LBX,38,38,autolabel_v1.4,3840,2160,"[[2564.8, 1022.72], [2478.13, 1105.53], [2368.52, 1003.5], [2308.75, 1003.93], [2248.09, 999.19], [2183.57, 992.99], [2355.67, 1125.99], [2304.89, 1135.92], [2246.3, 1143.51], [2188.31, 1149.83], [1440.14, 1063.51], [1793.38, 935.94], [1709.5, 1215.02], [2408.27, 1080.87], [2446.43, 1066.76], [2487.15, 1054.79], [2527.21, 1040.8], [2424.05, 1088.68], [2443.17, 1092.15], [2462.19, 1096.18], [2419.4, 1002.51], [2470.1, 1005.5], [2520.87, 1007.68], [2386.97, 1121.65], [2418.55, 1117.74], [2450.32, 1115.5], [2128.26, 982.5], [2071.99, 978.86], [2016.46, 970.51], [1960.48, 964.5], [1904.79, 956.05], [1849.13, 946.13], [2120.51, 1164.39], [2053.68, 1169.19], [1984.3, 1170.05], [1915.3, 1176.12], [1846.76, 1187.95], [1777.66, 1198.98]]",
LBX,Bottom,lbx010v06_b,../marked_images/landmarked_lbx/marked_tiff/bottom/LBX010V06_B_MARK.tif,../marked_images/landmarked_lbx/txt/bottom/LBX010V06_B.txt,../raw_images/lbx/LBX010V06_B.tif,LBX,38,38,autolabel_v1.4,3840,2160,"[[2593.92, 1029.13], [2510.92, 1131.77], [2362.32, 1012.5], [2296.72, 1012.06], [2246.28, 1004.26], [2181.99, 999.31], [2362.48, 1146.75], [2308.79, 1149.92], [2248.13, 1155.81], [2178.47, 1159.65], [1482.5, 1085.32], [1833.25, 950.23], [1767.38, 1256.31], [2393.29, 1089.67], [2442.34, 1074.02], [2494.54, 1062.74], [2546.5, 1050.34], [2421.42, 1100.98], [2453.16, 1107.53], [2484.76, 1114.81], [2421.2, 1011.5], [2479.97, 1013.5], [2538.85, 1014.57], [2400.26, 1146.51], [2437.79, 1142.19], [2475.43, 1138.51], [2132.62, 986.49], [2082.32, 986.6], [2032.74, 979.92], [1982.87, 975.5], [1933.56, 964.58], [1883.2, 961.59], [2119.35, 1169.95], [2060.32, 1182.06], [2001.87, 1187.85], [1941.39, 1199.03], [1882.26, 1211.33], [1823.53, 1230.5]]",
LBX,Bottom,lbx010v12_b,../marked_images/landmarked_lbx/marked_tiff/bottom/LBX010V12_B_MARK.tif,../marked_images/landmarked_lbx/txt/bottom/LBX010V12_B.txt,../raw_images/lbx/LBX010V12_B.tif,LBX,38,38,autolabel_v1.4,3840,2160,"[[2610.92, 1023.02], [2519.92, 1137.28], [2379.99, 998.35], [2314.37, 994.5], [2262.65, 993.25], [2181.95, 986.5], [2392.84, 1157.5], [2333.52, 1161.5], [2267.94, 1164.35], [2195.29, 1166.25], [1443.73, 1089.98], [1745.11, 894.53], [1828.96, 1233.28], [2396.34, 1086.9], [2447.91, 1070.64], [2504.0, 1058.5], [2559.73, 1044.72], [2426.09, 1101.86], [2459.41, 1110.22], [2492.71, 1119.01], [2438.77, 1000.5], [2497.39, 1004.5], [2556.09, 1007.48], [2425.36, 1153.44], [2457.96, 1149.46], [2490.63, 1146.18], [2118.27, 984.31], [2055.24, 972.81], [1991.66, 965.79], [1928.76, 950.92], [1865.06, 941.67], [1804.02, 920.51], [2142.3, 1171.47], [2090.17, 1178.57], [2037.12, 1182.5], [1985.1, 1194.34], [1932.22, 1204.5], [1879.43, 1214.44]]",
LBX,Bottom,lbx010v16_b,../marked_images/landmarked_lbx/marked_tiff/bottom/LBX010V16_B_MARK.tif,../marked_images/landmarked_lbx/txt/bottom/LBX010V16_B.txt,../raw_images/lbx/LBX010V16_B.tif,LBX,38,38,autolabel_v1.4,3840,2160,"[[2603.92, 1030.35], [2516.65, 1129.09], [2383.73, 1003.5], [2328.04, 1001.5], [2270.26, 999.2], [2194.72, 996.29], [2382.69, 1153.28], [2315.88, 1161.37], [2261.49, 1165.44], [2189.41, 1173.0], [1432.47, 1084.36], [1726.8, 918.78], [1742.31, 1236.83], [2442.28, 1096.23], [2481.48, 1079.5], [2524.07, 1066.87], [2565.86, 1051.77], [2459.5, 1106.98], [2480.45, 1111.53], [2501.5, 1115.52], [2440.51, 1005.5], [2497.11, 1009.5], [2553.86, 1011.86], [2416.78, 1148.79], [2450.83, 1145.09], [2484.6, 1138.51], [2126.98, 989.32], [2059.11, 982.94], [1991.28, 977.47], [1925.51, 961.57], [1858.81, 952.86], [1792.22, 938.58], [2125.32, 1184.54], [2061.75, 1192.12], [1996.56, 1199.76], [1932.47, 1210.5], [1868.86, 1224.34], [1804.79, 1240.41]]",
LBX,Bottom,lbx010v17_b,../marked_images/landmarked_lbx/marked_tiff/bottom/LBX010V17_B_MARK.tif,../marked_images/landmarked_lbx/txt/bottom/LBX010V17_B.txt,../raw_images/lbx/LBX010V17_B.tif,LBX,38,38,autolabel_v1.4,3840,2160,"[[2589.59, 1028.5], [2506.62, 1122.71], [2376.32, 1007.21], [2310.39, 1006.5], [2243.78, 1007.43], [2178.83, 1000.04], [2346.47, 1136.5], [2295.74, 1142.69], [2240.98, 1154.04], [2175.71, 1162.62], [1457.12, 1079.29], [1785.52, 924.66], [1737.27, 1251.0], [2400.29, 1090.26], [2446.66, 1075.71], [2496.23, 1064.08], [2545.25, 1050.31], [2425.73, 1099.55], [2454.35, 1103.4], [2482.85, 1108.07], [2430.68, 1006.5], [2484.77, 1010.47], [2538.96, 1013.69], [2387.3, 1137.05], [2427.69, 1132.5], [2468.38, 1129.51], [2125.51, 982.5], [2067.77, 977.83], [2010.0, 972.88], [1952.63, 963.39], [1898.22, 956.56], [1841.39, 942.45], [2112.88, 1172.47], [2050.12, 1185.1], [1987.53, 1190.58], [1924.15, 1199.86], [1861.09, 1209.68], [1797.77, 1226.2]]",
LBX,Bottom,lbx010v18_b,../marked_images/landmarked_lbx/marked_tiff/bottom/LBX010V18_B_MARK.tif,../marked_images/landmarked_lbx/txt/bottom/LBX010V18_B.txt,../raw_images/lbx/LBX010V18_B.tif,LBX,38,38,autolabel_v1.4,3840,2160,"[[2593.92, 1033.28], [2491.59, 1120.58], [2369.42, 1003.23], [2309.82, 999.09], [2248.84, 993.45], [2176.18, 988.02], [2361.42, 1136.5], [2299.91, 1139.51], [2247.13, 1143.81], [2173.38, 1148.31], [1471.38, 1073.61], [1824.26, 925.26], [1910.97, 1195.87], [2383.32, 1076.27], [2434.74, 1064.95], [2488.78, 1055.92], [2543.03, 1048.3], [2408.52, 1089.34], [2437.88, 1097.3], [2467.5, 1104.25], [2426.43, 1007.37], [2483.24, 1014.5], [2540.28, 1018.93], [2394.62, 1133.51], [2427.81, 1130.6], [2461.0, 1127.52], [2126.24, 977.5], [2075.49, 974.23], [2025.02, 964.5], [1973.94, 960.67], [1924.59, 947.25], [1873.66, 940.28], [2135.43, 1154.43], [2097.01, 1154.88], [2059.97, 1166.18], [2021.8, 1171.5], [1985.27, 1181.21], [1948.29, 1186.17]]",
LBX,Bottom,lbx010v22_b,../marked_images/landmarked_lbx/marked_tiff/bottom/LBX010V22_B_MARK.tif,../marked_images/landmarked_lbx/txt/bottom/LBX010V22_B.txt,../raw_images/lbx/LBX010V22_B.tif,LBX,38,38,autolabel_v1.4,3840,2160,"[[2625.47, 1027.88], [2546.92, 1140.87], [2385.37, 1016.6], [2315.96, 1014.49], [2257.86, 1006.41], [2190.19, 999.78], [2370.09, 1153.5], [2319.06, 1149.56], [2260.32, 1159.81], [2192.81, 1169.57], [1468.43, 1096.19], [1801.39, 949.28], [1917.02, 1219.28], [2402.27, 1084.99], [2456.74, 1069.26], [2514.42, 1057.58], [2572.29, 1047.05], [2436.95, 1101.13], [2475.72, 1110.78], [2514.25, 1121.26], [2445.97, 1012.43], [2506.58, 1012.42], [2567.33, 1014.96], [2415.41, 1153.5], [2460.42, 1155.47], [2503.81, 1147.5], [2136.47, 982.62], [2080.4, 985.76], [2025.01, 980.76], [1968.22, 979.44], [1914.56, 972.45], [1857.5, 962.34], [2152.82, 1179.39], [2112.5, 1176.36], [2077.23, 1197.18], [2036.0, 1197.86], [1996.6, 1206.72], [1955.75, 1214.35]]",
LBX,Bottom,lbx010v24_b,../marked_images/landmarked_lbx/marked_tiff/bottom/LBX010V24_B_MARK.tif,../marked_images/landmarked_lbx/txt/bottom/LBX010V24_B.txt,../raw_images/lbx/LBX010V24_B.tif,LBX,38,38,autolabel_v1.4,3840,2160,"[[2585.88, 1038.55], [2510.6, 1135.41], [2376.42, 1017.48], [2314.84, 1018.49], [2254.2, 1012.42], [2188.38, 1006.68], [2369.44, 1148.5], [2314.0, 1147.91], [2255.57, 1156.43], [2191.92, 1161.66], [1440.39, 1101.34], [1742.6, 946.69], [1747.14, 1244.8], [2416.27, 1092.96], [2458.19, 1080.32], [2503.06, 1070.84], [2547.33, 1058.77], [2438.86, 1104.34], [2464.85, 1111.45], [2490.67, 1119.15], [2429.71, 1017.5], [2482.82, 1021.49], [2536.03, 1024.5], [2405.41, 1148.5], [2441.11, 1145.5], [2476.72, 1141.5], [2126.3, 993.31], [2061.51, 992.01], [1998.42, 986.4], [1933.79, 981.28], [1870.55, 969.51], [1805.85, 962.42], [2129.46, 1174.49], [2067.47, 1186.26], [2002.26, 1188.57], [1938.89, 1202.83], [1874.83, 1213.56], [1810.6, 1227.73]]",
LBX,Bottom,lbx010v26_b,../marked_images/landmarked_lbx/marked_tiff/bottom/LBX010V26_B_MARK.tif,../marked_images/landmarked_lbx/txt/bottom/LBX010V26_B.txt,../raw_images/lbx/LBX010V26_B.tif,LBX,38,38,autolabel_v1.4,3840,2160,"[[2542.4, 1008.78], [2462.91, 1098.94], [2365.85, 990.5], [2306.14, 991.44], [2250.55, 992.5], [2185.03, 990.73], [2353.73, 1119.6], [2300.52, 1131.45], [2250.65, 1140.5], [2191.6, 1150.01], [1452.45, 1076.08], [1741.93, 927.71], [1688.93, 1209.03], [2393.34, 1079.9], [2429.92, 1063.2], [2469.85, 1048.78], [2508.31, 1030.96], [2409.6, 1086.46], [2428.49, 1087.52], [2447.24, 1089.95], [2411.16, 990.33], [2456.53, 991.5], [2501.73, 994.65], [2381.8, 1116.44], [2409.81, 1111.73], [2437.91, 1107.71], [2122.15, 981.57], [2058.69, 974.3], [1995.1, 970.89], [1931.31, 963.39], [1868.15, 951.33], [1804.41, 942.97], [2119.67, 1158.03], [2048.68, 1167.54], [1976.72, 1172.57], [1904.17, 1180.41], [1831.92, 1190.48], [1759.73, 1202.51]]",
LBX,Bottom,lbx010v27_b,../marked_images/landmarked_lbx/marked_tiff/bottom/LBX010V27_B_MARK.tif,../marked_images/landmarked_lbx/txt/bottom/LBX010V27_B.txt,../raw_images/lbx/LBX010V27_B.tif,LBX,38,38,autolabel_v1.4,3840,2160,"[[2550.61, 1016.39], [2469.92, 1129.03], [2349.93, 997.5], [2298.22, 1000.5], [2233.33, 1000.95], [2180.67, 995.38], [2349.48, 1144.5], [2295.58, 1145.5], [2242.07, 1145.88], [2174.99, 1151.98], [1432.23, 1037.55], [1761.42, 923.29], [1667.59, 1213.56], [2385.32, 1081.64], [2426.2, 1067.56], [2470.22, 1054.43], [2513.68, 1039.62], [2404.78, 1096.12], [2427.84, 1105.65], [2451.09, 1114.75], [2401.22, 995.5], [2452.51, 997.5], [2503.65, 1001.25], [2380.28, 1142.52], [2411.07, 1140.34], [2441.78, 1137.5], [2121.5, 984.61], [2060.99, 979.5], [2000.55, 973.39], [1940.31, 962.71], [1880.74, 950.56], [1820.48, 939.77], [2102.63, 1160.5], [2029.86, 1171.28], [1957.52, 1181.76], [1884.73, 1191.93], [1812.23, 1208.11], [1740.17, 1224.46]]",
LBX,Bottom,lbx011v01_b,../marked_images/landmarked_lbx/marked_tiff/bottom/LBX011V01_B_ MARK.tif,../marked_images/landmarked_lbx/txt/bottom/LBX011V01_B.txt,../raw_images/lbx/LBX011V01_B.tif,LBX,38,38,autolabel_v1.4,3840,2160,"[[2585.25, 1026.47], [2497.39, 1137.69], [2373.5, 1019.5], [2315.79, 1022.5], [2249.59, 1018.65], [2184.37, 1012.2], [2362.81, 1155.91], [2313.58, 1162.58], [2247.79, 1166.39], [2184.34, 1178.07], [1416.55, 1074.36], [1769.15, 960.89], [1753.57, 1257.97], [2394.29, 1093.34], [2441.35, 1077.31], [2491.41, 1063.52], [2541.28, 1049.09], [2418.71, 1106.26], [2446.9, 1112.84], [2474.67, 1121.06], [2426.79, 1017.5], [2480.07, 1018.5], [2533.36, 1018.5], [2397.48, 1154.49], [2431.98, 1149.86], [2466.63, 1146.51], [2125.63, 995.7], [2066.42, 996.56], [2008.72, 990.24], [1947.8, 990.5], [1890.68, 979.5], [1829.18, 974.49], [2123.46, 1191.75], [2062.95, 1201.33], [2000.92, 1199.75], [1939.5, 1215.57], [1877.58, 1225.22], [1814.37, 1237.43]]",
LBX,Bottom,lbx011v02_b,../marked_images/landmarked_lbx/marked_tiff/bottom/LBX011V02_B_MARK.tif,../marked_images/landmarked_lbx/txt/bottom/LBX011V02_B.txt,../raw_images/lbx/LBX011V02_B.tif,LBX,38,38,autolabel_v1.4,3840,2160,"[[2581.5, 1029.97], [2492.57, 1134.36], [2363.65, 1014.39], [2303.95, 1016.84], [2247.32, 1012.92], [2183.2, 1005.11], [2356.88, 1147.51], [2307.5, 1151.34], [2241.56, 1161.26], [2176.67, 1168.53], [1446.48, 1104.69], [1781.93, 943.79], [1721.06, 1277.72], [2375.37, 1094.1], [2425.22, 1078.07], [2479.27, 1065.81], [2532.99, 1052.14], [2403.38, 1106.72], [2434.71, 1112.79], [2465.87, 1119.82], [2418.78, 1012.5], [2473.97, 1013.5], [2529.15, 1016.71], [2391.65, 1145.82], [2426.38, 1144.5], [2461.07, 1141.57], [2126.87, 988.52], [2068.83, 986.62], [2011.91, 984.28], [1954.04, 975.76], [1897.35, 969.76], [1838.88, 960.34], [2112.4, 1182.77], [2048.13, 1197.43], [1981.21, 1198.5], [1914.03, 1208.57], [1848.0, 1225.19], [1782.83, 1247.28]]",
LBX,Bottom,lbx011v03_b,../marked_images/landmarked_lbx/marked_tiff/bottom/LBX011V03_B_MARK.tif,../marked_images/landmarked_lbx/txt/bottom/LBX011V03_B.txt,../raw_images/lbx/LBX011V03_B.tif,LBX,38,38,autolabel_v1.4,3840,2160,"[[2560.18, 1020.9], [2476.64, 1131.41], [2370.21, 999.44], [2310.4, 1001.5], [2243.06, 1003.46], [2182.59, 994.28], [2355.37, 1151.5], [2297.56, 1149.5], [2245.66, 1152.84], [2181.44, 1160.72], [1451.4, 1099.48], [1752.1, 939.88], [1746.95, 1238.84], [2376.27, 1088.08], [2422.42, 1074.04], [2471.39, 1062.0], [2519.54, 1046.98], [2400.14, 1100.42], [2427.75, 1107.31], [2455.01, 1115.5], [2419.0, 997.5], [2467.79, 999.5], [2516.35, 1004.18], [2387.75, 1150.5], [2419.68, 1145.5], [2451.97, 1143.5], [2123.42, 982.03], [2061.25, 982.7], [1999.18, 978.08], [1936.05, 975.36], [1876.7, 965.37], [1813.6, 956.6], [2119.72, 1173.87], [2057.76, 1176.19], [1995.55, 1179.02], [1933.54, 1191.25], [1871.53, 1204.4], [1808.45, 1218.68]]",
LBX,Bottom,lbx011v04_b,../marked_images/landmarked_lbx/marked_tiff/bottom/LBX011V04_B_MARK.tif,../marked_images/landmarked_lbx/txt/bottom/LBX011V04_B.txt,../raw_images/lbx/LBX011V04_B.tif,LBX,38,38,autolabel_v1.4,3840,2160,"[[2595.0, 1045.96], [2520.54, 1136.81], [2369.54, 1031.5], [2306.02, 1030.5], [2252.83, 1025.4], [2189.2, 1015.59], [2361.53, 1151.5], [2312.19, 1157.32], [2254.24, 1168.79], [2192.67, 1176.4], [1495.45, 1107.96], [1865.19, 970.19], [1864.25, 1228.74], [2402.29, 1104.35], [2449.1, 1087.83], [2499.77, 1076.69], [2550.44, 1065.51], [2430.93, 1112.64], [2462.53, 1116.42], [2493.94, 1121.83], [2426.19, 1034.48], [2483.01, 1035.5], [2539.76, 1035.84], [2401.89, 1150.15], [2442.08, 1147.09], [2482.23, 1143.56], [2143.4, 1002.56], [2097.28, 1002.6], [2051.39, 989.05], [2004.99, 991.32], [1959.3, 979.91], [1913.07, 976.53], [2146.64, 1187.28], [2101.39, 1194.35], [2053.54, 1199.54], [2006.99, 1207.31], [1958.82, 1211.38], [1912.25, 1221.46]]",
LBX,Bottom,lbx012v01_b,../marked_images/landmarked_lbx/marked_tiff/bottom/LBX012V01_B_MARK.tif,../marked_images/landmarked_lbx/txt/bottom/LBX012V01_B.txt,../raw_images/lbx/LBX012V01_B.tif,LBX,38,38,autolabel_v1.4,3840,2160,"[[2591.49, 1031.76], [2502.81, 1136.59], [2379.95, 1022.46], [2316.25, 1025.5], [2260.29, 1021.39], [2192.56, 1015.27], [2375.33, 1151.61], [2318.48, 1155.3], [2265.19, 1165.12], [2196.45, 1171.77], [1419.32, 1142.89], [1772.73, 960.73], [1779.27, 1246.42], [2398.27, 1096.94], [2446.3, 1081.54], [2496.84, 1067.67], [2547.58, 1054.49], [2421.77, 1111.4], [2450.2, 1116.68], [2478.5, 1122.75], [2433.16, 1019.5], [2486.45, 1021.5], [2539.84, 1022.5], [2408.12, 1149.5], [2440.81, 1146.68], [2473.59, 1144.5], [2135.34, 1002.53], [2074.47, 997.99], [2014.17, 992.43], [1953.45, 989.64], [1894.42, 980.5], [1833.17, 973.52], [2137.73, 1184.28], [2078.95, 1194.1], [2018.0, 1196.77], [1958.16, 1205.5], [1898.68, 1213.29], [1838.64, 1228.55]]",
LBX,Bottom,lbx013v01_b,../marked_images/landmarked_lbx/marked_tiff/bottom/LBX013V01_B_MARK.tif,../marked_images/landmarked_lbx/txt/bottom/LBX013V01_B.txt,../raw_images/lbx/LBX013V01_B.tif,LBX,38,38,autolabel_v1.4,3840,2160,"[[2526.17, 1039.88], [2451.11, 1126.41], [2349.48, 1025.5], [2297.67, 1027.5], [2231.67, 1021.21], [2163.44, 1011.02], [2338.25, 1146.53], [2296.54, 1149.5], [2236.96, 1159.03], [2173.97, 1167.96], [1494.46, 1114.03], [1731.72, 972.78], [1820.68, 1208.32], [2377.31, 1095.5], [2413.14, 1081.48], [2452.22, 1069.43], [2491.75, 1059.25], [2395.07, 1103.51], [2415.59, 1107.77], [2435.74, 1113.4], [2394.69, 1022.5], [2439.96, 1024.69], [2485.18, 1027.5], [2367.54, 1144.54], [2396.64, 1140.6], [2425.81, 1137.17], [2102.13, 1005.5], [2040.37, 998.95], [1978.58, 999.75], [1916.86, 993.61], [1855.44, 988.62], [1793.27, 983.69], [2122.66, 1177.45], [2070.73, 1183.88], [2018.36, 1191.5], [1966.59, 1200.42], [1916.82, 1194.16], [1868.82, 1202.78]]",
LBX,Bottom,lbx013v04_b,../marked_images/landmarked_lbx/marked_tiff/bottom/LBX013V04_B_MARK.tif,../marked_images/landmarked_lbx/txt/bottom/LBX013V04_B.txt,../raw_images/lbx/LBX013V04_B.tif,LBX,38,38,autolabel_v1.4,3840,2160,"[[2587.31, 1044.49], [2502.6, 1137.64], [2388.94, 1021.5], [2319.03, 1020.5], [2251.65, 1018.61], [2187.49, 1012.54], [2372.72, 1155.5], [2313.21, 1160.53], [2250.76, 1165.3], [2180.55, 1170.7], [1485.18, 1090.23], [1782.53, 961.99], [1753.69, 1251.6], [2402.31, 1102.55], [2447.58, 1089.23], [2496.55, 1079.99], [2544.65, 1066.69], [2425.97, 1112.87], [2452.8, 1118.64], [2479.73, 1123.8], [2439.9, 1021.52], [2490.5, 1025.75], [2541.19, 1028.93], [2406.01, 1153.5], [2439.2, 1150.75], [2472.09, 1145.5], [2131.39, 999.22], [2072.56, 1000.03], [2014.64, 989.48], [1956.08, 987.1], [1899.88, 976.15], [1840.29, 974.48], [2119.23, 1180.08], [2060.62, 1193.04], [2000.2, 1193.44], [1938.54, 1206.24], [1876.5, 1218.0], [1814.16, 1231.8]]",
LBX,Bottom,lbx013v05_b,../marked_images/landmarked_lbx/marked_tiff/bottom/LBX013V05_B_MARK.tif,../marked_images/landmarked_lbx/txt/bottom/LBX013V05_B.txt,../raw_images/lbx/LBX013V05_B.tif,LBX,38,38,autolabel_v1.4,3840,2160,"[[2558.9, 1045.59], [2469.58, 1123.53], [2366.72, 1026.5], [2313.12, 1024.63], [2245.42, 1014.97], [2185.54, 1004.73], [2348.28, 1136.5], [2305.45, 1145.35], [2241.9, 1153.9], [2186.25, 1162.69], [1509.5, 1082.08], [1721.36, 931.47], [1750.46, 1222.99], [2407.34, 1093.04], [2445.24, 1082.41], [2485.12, 1073.37], [2524.7, 1063.2], [2421.15, 1101.91], [2439.17, 1105.92], [2456.81, 1111.16], [2415.45, 1027.81], [2463.94, 1032.5], [2512.7, 1034.83], [2379.12, 1135.08], [2409.92, 1133.16], [2440.64, 1130.5], [2120.38, 991.29], [2053.74, 982.84], [1986.21, 981.43], [1920.56, 965.6], [1853.39, 963.19], [1786.93, 949.65], [2124.59, 1174.21], [2063.18, 1180.57], [2000.34, 1179.77], [1938.6, 1192.5], [1875.27, 1199.4], [1812.59, 1209.28]]",
LBX,Bottom,lbx013v07_b,../marked_images/landmarked_lbx/marked_tiff/bottom/LBX013V07_B_MARK.tif,../marked_images/landmarked_lbx/txt/bottom/LBX013V07_B.txt,../raw_images/lbx/LBX013V07_B.tif,LBX,38,38,autolabel_v1.4,3840,2160,"[[2481.92, 1056.89], [2422.79, 1150.45], [2326.3, 1040.5], [2278.6, 1039.69], [2218.84, 1029.86], [2161.14, 1021.47], [2313.39, 1161.5], [2269.57, 1159.76], [2214.9, 1161.16], [2157.76, 1164.18], [1458.27, 1089.24], [1713.9, 953.11], [1688.5, 1240.27], [2353.28, 1106.14], [2384.7, 1095.4], [2419.03, 1086.83], [2452.49, 1075.09], [2368.49, 1120.29], [2388.62, 1127.74], [2408.43, 1135.99], [2366.03, 1041.49], [2405.72, 1044.5], [2445.42, 1047.47], [2341.37, 1161.5], [2369.17, 1159.44], [2396.88, 1156.5], [2098.32, 1010.82], [2035.13, 997.7], [1970.43, 993.75], [1906.04, 983.51], [1841.69, 975.5], [1776.89, 969.84], [2092.28, 1168.49], [2026.21, 1185.88], [1959.25, 1186.65], [1891.85, 1197.92], [1823.71, 1209.49], [1755.71, 1222.92]]",
LBX,Bottom,lbx013v08_b,../marked_images/landmarked_lbx/marked_tiff/bottom/LBX013V08_B_MARK.tif,../marked_images/landmarked_lbx/txt/bottom/LBX013V08_B.txt,../raw_images/lbx/LBX013V08_B.tif,LBX,38,38,autolabel_v1.4,3840,2160,"[[2542.82, 1067.63], [2461.52, 1148.19], [2359.15, 1043.37], [2296.0, 1037.54], [2238.67, 1027.17], [2175.01, 1021.31], [2343.67, 1159.5], [2292.31, 1161.28], [2235.02, 1166.8], [2174.55, 1172.36], [1440.36, 1086.87], [1693.48, 936.27], [1669.23, 1234.88], [2400.31, 1112.42], [2435.18, 1101.29], [2472.78, 1093.43], [2509.98, 1083.84], [2414.58, 1122.27], [2432.65, 1128.03], [2450.45, 1134.51], [2405.78, 1047.06], [2452.34, 1051.72], [2498.86, 1056.5], [2373.47, 1157.5], [2403.28, 1155.62], [2433.16, 1154.5], [2112.66, 1001.86], [2042.38, 993.4], [1972.08, 986.49], [1903.92, 971.72], [1833.08, 969.71], [1762.29, 956.83], [2102.84, 1183.3], [2030.32, 1191.44], [1958.15, 1198.31], [1885.29, 1209.41], [1811.53, 1211.53], [1739.28, 1230.46]]",
LBX,Bottom,lbx013v09_b,../marked_images/landmarked_lbx/marked_tiff/bottom/LBX013V09_B_MARK.tif,../marked_images/landmarked_lbx/txt/bottom/LBX013V09_B.txt,../raw_images/lbx/LBX013V09_B.tif,LBX,38,38,autolabel_v1.4,3840,2160,"[[2504.92, 1022.15], [2419.12, 1141.51], [2276.84, 1007.5], [2208.94, 1008.5], [2151.66, 1006.5], [2089.35, 1001.84], [2268.8, 1156.51], [2211.0, 1158.5], [2156.17, 1159.68], [2084.62, 1163.78], [1346.49, 1074.07], [1689.0, 921.75], [1677.85, 1252.34], [2289.31, 1092.53], [2342.11, 1076.58], [2398.14, 1062.11], [2453.66, 1045.61], [2321.15, 1105.18], [2356.27, 1112.7], [2391.0, 1121.85], [2334.7, 1007.5], [2392.29, 1008.53], [2450.07, 1010.4], [2307.09, 1154.52], [2345.01, 1150.7], [2383.22, 1147.83], [2032.71, 989.45], [1975.2, 985.24], [1917.02, 980.34], [1859.64, 966.36], [1802.54, 957.01], [1744.82, 942.34], [2025.94, 1173.41], [1967.53, 1184.92], [1908.61, 1192.88], [1850.4, 1201.65], [1792.99, 1216.44], [1734.3, 1230.37]]",
LBX,Bottom,lbx013v10_b,../marked_images/landmarked_lbx/marked_tiff/bottom/LBX013V10_B_MARK.tif,../marked_images/landmarked_lbx/txt/bottom/LBX013V10_B.txt,../raw_images/lbx/LBX013V10_B.tif,LBX,38,38,autolabel_v1.4,3840,2160,"[[2581.75, 1027.41], [2497.58, 1128.48], [2363.11, 1017.5], [2299.31, 1019.39], [2246.39, 1013.62], [2184.1, 1009.15], [2349.26, 1147.53], [2301.65, 1148.1], [2250.86, 1156.67], [2187.48, 1162.73], [1483.89, 1102.37], [1821.51, 966.66], [1840.26, 1222.06], [2381.3, 1089.43], [2430.66, 1075.54], [2483.18, 1063.76], [2535.2, 1049.8], [2408.89, 1101.33], [2440.43, 1105.98], [2471.76, 1111.81], [2418.3, 1016.5], [2473.1, 1018.91], [2528.41, 1018.5], [2386.97, 1144.86], [2424.57, 1141.95], [2461.65, 1135.52], [2134.6, 994.46], [2082.29, 994.41], [2030.18, 988.28], [1977.76, 986.45], [1926.02, 975.9], [1873.38, 975.5], [2138.46, 1176.79], [2089.42, 1178.78], [2039.54, 1187.77], [1990.56, 1193.75], [1940.43, 1201.99], [1890.29, 1210.56]]",
LBX,Bottom,lbx013v11_b,../marked_images/landmarked_lbx/marked_tiff/bottom/LBX013V11_B_MARK.tif,../marked_images/landmarked_lbx/txt/bottom/LBX013V11_B.txt,../raw_images/lbx/LBX013V11_B.tif,LBX,38,38,autolabel_v1.4,3840,2160,"[[2565.61, 1023.65], [2477.61, 1144.31], [2349.88, 1008.5], [2286.07, 1010.5], [2230.82, 1012.49], [2167.93, 1005.98], [2341.67, 1161.01], [2286.57, 1161.5], [2231.85, 1163.06], [2173.17, 1166.45], [1440.08, 1110.98], [1803.67, 956.39], [1782.84, 1234.56], [2357.34, 1095.96], [2408.33, 1079.53], [2463.19, 1066.44], [2516.91, 1049.2], [2386.82, 1109.41], [2419.58, 1115.77], [2451.87, 1124.48], [2404.67, 1006.5], [2459.37, 1007.5], [2514.16, 1009.5], [2375.38, 1156.65], [2410.12, 1154.11], [2444.67, 1149.76], [2118.72, 992.27], [2065.14, 995.66], [2013.89, 981.35], [1960.72, 983.29], [1909.92, 969.35], [1856.58, 968.44], [2117.61, 1178.7], [2063.21, 1186.04], [2006.68, 1191.93], [1950.99, 1199.31], [1895.07, 1205.48], [1838.34, 1217.53]]",
LBX,Bottom,lbx013v14_b,../marked_images/landmarked_lbx/marked_tiff/bottom/LBX013V14_B_MARK.tif,../marked_images/landmarked_lbx/txt/bottom/LBX013V14_B.txt,../raw_images/lbx/LBX013V14_B.tif,LBX,38,38,autolabel_v1.4,3840,2160,"[[2539.47, 1037.72], [2460.58, 1125.42], [2372.76, 1016.44], [2311.05, 1018.13], [2252.34, 1017.03], [2195.82, 1007.63], [2360.93, 1140.55], [2315.61, 1145.45], [2254.34, 1152.84], [2181.28, 1161.93], [1499.5, 1104.43], [1747.68, 947.38], [1814.86, 1210.56], [2395.31, 1098.59], [2430.72, 1085.44], [2469.6, 1074.65], [2507.06, 1059.49], [2410.66, 1106.3], [2428.73, 1110.05], [2446.71, 1114.08], [2416.24, 1016.5], [2459.54, 1018.5], [2502.74, 1021.65], [2386.81, 1139.5], [2412.46, 1136.26], [2438.18, 1133.5], [2133.28, 995.52], [2068.12, 992.14], [2003.49, 988.37], [1938.69, 982.82], [1875.51, 973.88], [1810.72, 965.31], [2129.74, 1171.52], [2079.29, 1181.56], [2026.18, 1185.32], [1974.11, 1193.41], [1921.49, 1198.57], [1868.66, 1205.97]]",
LBX,Bottom,lbx013v16_b,../marked_images/landmarked_lbx/marked_tiff/bottom/LBX013V16_B_MARK.tif,../marked_images/landmarked_lbx/txt/bottom/LBX013V16_B.txt,../raw_images/lbx/LBX013V16_B.tif,LBX,38,38,autolabel_v1.4,3840,2160,"[[2467.55, 1029.92], [2388.64, 1113.12], [2275.28, 1013.5], [2207.47, 1015.41], [2145.81, 1011.43], [2085.76, 1002.03], [2262.42, 1132.5], [2205.73, 1136.09], [2151.05, 1146.85], [2084.05, 1153.31], [1368.42, 1107.67], [1685.0, 953.46], [1671.46, 1240.67], [2315.03, 1085.12], [2352.43, 1072.36], [2392.48, 1061.75], [2431.96, 1049.18], [2331.74, 1093.66], [2352.45, 1096.47], [2373.04, 1099.96], [2324.66, 1012.5], [2373.85, 1015.5], [2423.13, 1015.71], [2294.62, 1129.5], [2326.54, 1124.51], [2358.69, 1120.94], [2031.15, 992.41], [1973.25, 991.89], [1915.66, 978.21], [1858.38, 980.5], [1802.02, 969.08], [1742.8, 967.3], [2026.07, 1164.85], [1969.25, 1177.75], [1908.98, 1179.27], [1850.05, 1193.5], [1790.26, 1205.74], [1729.81, 1219.56]]",
LBX,Bottom,lbx013v18_b,../marked_images/landmarked_lbx/marked_tiff/bottom/LBX013V18_B_MARK.tif,../marked_images/landmarked_lbx/txt/bottom/LBX013V18_B.txt,../raw_images/lbx/LBX013V18_B.tif,LBX,38,38,autolabel_v1.4,3840,2160,"[[2529.25, 1056.28], [2453.88, 1146.15], [2347.53, 1033.5], [2289.63, 1032.5], [2231.62, 1031.69], [2170.18, 1022.11], [2335.18, 1153.44], [2281.53, 1162.14], [2231.06, 1167.66], [2168.61, 1170.11], [1447.73, 1073.9], [1751.66, 949.38], [1683.09, 1235.84], [2386.31, 1116.55], [2421.61, 1103.7], [2460.2, 1093.43], [2497.19, 1078.43], [2402.63, 1124.26], [2421.67, 1128.25], [2440.35, 1133.43], [2394.41, 1034.5], [2441.01, 1038.5], [2487.62, 1042.46], [2365.17, 1154.14], [2395.52, 1153.5], [2426.0, 1153.5], [2114.69, 1003.13], [2052.54, 1002.67], [1993.4, 985.5], [1932.35, 986.94], [1874.56, 967.5], [1812.47, 966.49], [2102.34, 1185.44], [2032.36, 1192.26], [1962.39, 1191.69], [1892.43, 1201.4], [1822.12, 1207.5], [1751.74, 1216.88]]",
LBX,Bottom,lbx014v02_b,../marked_images/landmarked_lbx/marked_tiff/bottom/LBX014V02_B_MARK.tif,../marked_images/landmarked_lbx/txt/bottom/LBX014V02_B.txt,../raw_images/lbx/LBX014V02_B.tif,LBX,38,38,autolabel_v1.4,3840,2160,"[[2571.61, 1029.7], [2507.0, 1142.84], [2386.98, 1021.5], [2321.46, 1025.48], [2266.52, 1020.14], [2203.57, 1006.7], [2388.26, 1158.5], [2332.55, 1159.5], [2276.71, 1165.45], [2206.84, 1174.03], [1467.49, 1107.3], [1729.28, 976.2], [1744.68, 1258.3], [2417.31, 1097.5], [2457.97, 1083.63], [2501.88, 1072.2], [2544.75, 1057.37], [2439.06, 1109.41], [2463.94, 1116.83], [2488.11, 1126.31], [2433.6, 1017.77], [2480.45, 1018.47], [2527.19, 1019.5], [2419.12, 1157.28], [2449.84, 1154.68], [2480.62, 1152.45], [2137.32, 1001.5], [2069.5, 1001.09], [2001.53, 1000.5], [1933.14, 993.65], [1866.01, 989.5], [1797.39, 985.71], [2140.58, 1183.97], [2075.69, 1195.62], [2008.13, 1196.47], [1942.39, 1213.5], [1876.65, 1224.75], [1810.2, 1239.8]]",
LBX,Bottom,lbx016v01_b,../marked_images/landmarked_lbx/marked_tiff/bottom/LBX016V01_B_MARK.tif,../marked_images/landmarked_lbx/txt/bottom/LBX016V01_B.txt,../raw_images/lbx/LBX016V01_B.tif,LBX,38,38,autolabel_v1.4,3840,2160,"[[2566.99, 1029.84], [2485.22, 1138.4], [2364.81, 1019.38], [2315.01, 1021.5], [2252.67, 1017.58], [2192.58, 1009.67], [2368.94, 1152.16], [2319.14, 1154.54], [2257.71, 1159.29], [2196.5, 1168.82], [1480.29, 1119.88], [1694.22, 955.25], [1729.57, 1261.97], [2403.28, 1094.8], [2444.6, 1081.57], [2488.37, 1069.56], [2531.09, 1054.08], [2423.05, 1106.2], [2446.24, 1113.98], [2469.35, 1122.02], [2416.11, 1017.42], [2467.33, 1018.5], [2518.53, 1019.5], [2398.76, 1150.49], [2428.57, 1148.59], [2458.46, 1147.48], [2121.75, 1000.93], [2050.67, 993.62], [1978.75, 992.48], [1907.31, 982.94], [1836.05, 979.52], [1765.11, 967.53], [2131.6, 1180.5], [2066.59, 1198.34], [1997.91, 1199.21], [1930.89, 1211.97], [1864.18, 1230.29], [1796.01, 1242.83]]",
LBX,Bottom,lbx016v03_b,../marked_images/landmarked_lbx/marked_tiff/bottom/LBX016V03_B_MARK.tif,../marked_images/landmarked_lbx/txt/bottom/LBX016V03_B.txt,../raw_images/lbx/LBX016V03_B.tif,LBX,38,38,autolabel_v1.4,3840,2160,"[[2557.18, 1028.91], [2473.66, 1119.01], [2353.52, 1011.5], [2294.34, 1010.03], [2240.5, 1002.31], [2186.27, 992.26], [2347.03, 1133.63], [2295.98, 1143.27], [2244.7, 1151.83], [2187.35, 1160.63], [1487.3, 1084.05], [1724.97, 937.17], [1724.68, 1232.46], [2401.33, 1086.14], [2440.07, 1072.85], [2481.14, 1062.29], [2521.45, 1049.01], [2417.17, 1096.66], [2437.61, 1101.3], [2457.99, 1106.16], [2405.49, 1011.5], [2457.28, 1013.5], [2508.99, 1016.35], [2379.4, 1132.5], [2411.6, 1129.54], [2443.81, 1126.5], [2121.39, 982.98], [2055.2, 978.91], [1989.32, 975.4], [1922.3, 972.55], [1859.03, 963.5], [1791.51, 952.51], [2122.41, 1171.5], [2056.51, 1182.78], [1990.8, 1182.97], [1923.64, 1191.8], [1857.88, 1204.48], [1790.55, 1215.06]]",
LBX,Bottom,lbx016v04_b,../marked_images/landmarked_lbx/marked_tiff/bottom/LBX016V04_B_MARK.tif,../marked_images/landmarked_lbx/txt/bottom/LBX016V04_B.txt,../raw_images/lbx/LBX016V04_B.tif,LBX,38,38,autolabel_v1.4,3840,2160,"[[2563.8, 1035.58], [2475.92, 1123.49], [2364.87, 1023.17], [2311.31, 1021.24], [2246.3, 1022.12], [2184.14, 1012.76], [2358.12, 1143.48], [2301.2, 1148.97], [2250.07, 1160.89], [2190.45, 1168.04], [1436.44, 1098.78], [1732.44, 956.98], [1729.05, 1236.13], [2375.35, 1088.99], [2420.27, 1073.82], [2469.46, 1062.8], [2518.76, 1052.44], [2399.34, 1099.95], [2426.23, 1105.16], [2453.12, 1110.53], [2415.27, 1022.6], [2465.38, 1025.5], [2515.76, 1026.5], [2387.94, 1137.7], [2418.09, 1134.09], [2448.32, 1131.52], [2120.93, 1004.14], [2056.3, 999.95], [1991.55, 993.26], [1926.14, 989.5], [1862.65, 980.82], [1797.19, 970.16], [2127.04, 1175.93], [2061.69, 1186.6], [1994.68, 1190.25], [1928.43, 1198.51], [1862.25, 1209.64], [1794.99, 1219.34]]",
LBX,Bottom,lbx016v06_b,../marked_images/landmarked_lbx/marked_tiff/bottom/LBX016V06_B_MARK.tif,../marked_images/landmarked_lbx/txt/bottom/LBX016V06_B.txt,../raw_images/lbx/LBX016V06_B.tif,LBX,38,38,autolabel_v1.4,3840,2160,"[[2542.63, 1056.2], [2467.85, 1131.25], [2334.71, 1045.5], [2267.96, 1036.81], [2221.57, 1027.48], [2155.24, 1018.87], [2337.02, 1148.5], [2281.87, 1153.33], [2232.87, 1166.23], [2173.69, 1178.32], [1479.46, 1126.15], [1841.68, 1004.54], [1783.39, 1263.37], [2381.33, 1100.81], [2418.8, 1085.58], [2460.92, 1077.51], [2503.08, 1069.55], [2401.76, 1110.44], [2425.33, 1114.47], [2448.84, 1118.83], [2387.61, 1045.49], [2440.0, 1046.14], [2492.94, 1046.5], [2370.22, 1145.5], [2403.33, 1141.66], [2436.52, 1138.49], [2110.83, 1005.93], [2066.25, 1013.37], [2022.27, 1002.05], [1978.23, 1010.58], [1933.1, 1000.53], [1888.74, 1005.84], [2117.43, 1190.79], [2063.83, 1202.17], [2006.33, 1200.89], [1950.57, 1213.77], [1894.12, 1226.3], [1837.94, 1242.14]]",
LBX,Bottom,lbx016v08_b,../marked_images/landmarked_lbx/marked_tiff/bottom/LBX016V08_B_MARK.tif,../marked_images/landmarked_lbx/txt/bottom/LBX016V08_B.txt,../raw_images/lbx/LBX016V08_B.tif,LBX,38,38,autolabel_v1.4,3840,2160,"[[2463.37, 1032.17], [2392.81, 1106.39], [2327.74, 1017.5], [2281.84, 1018.5], [2221.42, 1013.26], [2162.92, 1004.73], [2315.99, 1119.4], [2281.32, 1127.16], [2223.25, 1139.4], [2164.48, 1149.3], [1521.28, 1081.16], [1632.49, 905.99], [1738.71, 1216.59], [2365.31, 1087.52], [2390.18, 1076.05], [2417.96, 1066.3], [2443.81, 1052.29], [2371.15, 1093.54], [2379.66, 1096.39], [2388.11, 1099.41], [2362.63, 1018.5], [2397.52, 1019.5], [2432.36, 1021.18], [2335.76, 1118.38], [2355.37, 1114.77], [2375.14, 1112.5], [2086.96, 993.5], [2009.44, 984.6], [1931.57, 984.63], [1855.71, 974.04], [1778.78, 959.33], [1702.54, 941.03], [2104.97, 1160.68], [2045.88, 1169.53], [1984.14, 1170.81], [1923.19, 1182.43], [1861.69, 1192.37], [1799.67, 1202.02]]",
LBX,Bottom,lbx016v09_b,../marked_images/landmarked_lbx/marked_tiff/bottom/LBX016V09_B_MARK.tif,../marked_images/landmarked_lbx/txt/bottom/LBX016V09_B.txt,../raw_images/lbx/LBX016V09_B.tif,LBX,38,38,autolabel_v1.4,3840,2160,"[[2600.43, 1019.65], [2527.92, 1111.28], [2385.32, 1009.51], [2317.61, 1012.5], [2251.68, 1004.71], [2187.62, 995.65], [2374.22, 1127.62], [2319.87, 1140.16], [2260.21, 1151.97], [2190.26, 1161.51], [1465.46, 1105.1], [1797.33, 935.42], [1792.35, 1222.0], [2427.39, 1086.17], [2469.59, 1070.25], [2515.37, 1056.05], [2561.22, 1042.19], [2451.81, 1093.07], [2478.57, 1095.27], [2505.24, 1098.54], [2439.62, 1007.51], [2493.92, 1007.48], [2548.39, 1007.6], [2413.4, 1126.5], [2452.49, 1124.45], [2491.6, 1120.5], [2133.57, 983.8], [2077.16, 984.86], [2020.83, 974.17], [1963.69, 971.44], [1909.99, 963.48], [1852.94, 952.37], [2133.12, 1172.09], [2077.19, 1179.48], [2019.51, 1177.7], [1962.02, 1187.12], [1906.73, 1195.94], [1849.16, 1207.15]]",
LBX,Bottom,rx013xinv7-1-v17_b,../marked_images/landmarked_lbx/marked_tiff/bottom/RX013xINV7-1-V17_B_MARK.tif,../marked_images/landmarked_lbx/txt/bottom/RX013xINV7-1-V17_B.txt,../raw_images/lbx/RX013xINV7-1-V17_B.tif,LBX,38,38,autolabel_v1.4,3840,2160,"[[2494.52, 1078.05], [2400.92, 1152.96], [2291.78, 1055.31], [2230.68, 1050.03], [2176.74, 1038.7], [2113.79, 1028.32], [2271.68, 1161.5], [2217.67, 1168.0], [2165.61, 1176.99], [2099.23, 1179.44], [1416.46, 1091.9], [1750.78, 961.14], [1692.82, 1223.56], [2332.29, 1124.36], [2371.31, 1111.62], [2413.86, 1103.14], [2456.3, 1094.04], [2348.0, 1133.13], [2367.12, 1136.65], [2385.76, 1142.19], [2343.42, 1054.5], [2394.93, 1059.5], [2446.62, 1062.42], [2304.55, 1161.5], [2337.35, 1159.53], [2370.12, 1158.5], [2063.18, 1014.46], [2011.47, 1007.97], [1959.07, 1002.5], [1906.97, 990.89], [1855.27, 977.85], [1803.17, 971.17], [2041.3, 1186.21], [1983.45, 1194.23], [1925.07, 1193.37], [1866.58, 1200.75], [1809.19, 1202.85], [1750.39, 1209.25]]",
LBX,Bottom,rx013xinv7-1-v18_b,../marked_images/landmarked_lbx/marked_tiff/bottom/RX013xINV7-1-V18_B_MARK.tif,../marked_images/landmarked_lbx/txt/bottom/RX013xINV7-1-V18_B.txt,../raw_images/lbx/RX013xINV7-1-V18_B.tif,LBX,38,38,autolabel_v1.4,3840,2160,"[[2494.16, 1067.25], [2403.15, 1196.3], [2298.83, 1038.49], [2239.22, 1034.38], [2175.6, 1030.5], [2110.87, 1029.16], [2279.0, 1213.64], [2233.18, 1215.5], [2171.55, 1214.74], [2103.58, 1210.05], [1431.49, 1095.7], [1740.31, 957.61], [1729.2, 1248.63], [2304.28, 1142.21], [2352.16, 1126.08], [2403.26, 1112.33], [2453.52, 1095.75], [2327.67, 1157.37], [2354.25, 1168.83], [2381.22, 1179.4], [2348.94, 1042.45], [2399.13, 1045.5], [2449.08, 1049.14], [2310.6, 1209.73], [2342.19, 1205.49], [2373.98, 1203.5], [2057.22, 1022.06], [2004.53, 1015.67], [1950.63, 1011.5], [1897.79, 999.83], [1844.39, 989.45], [1792.04, 974.64], [2050.02, 1215.32], [1997.68, 1219.38], [1943.73, 1219.47], [1890.13, 1225.5], [1836.21, 1230.73], [1782.7, 1239.5]]",
LBX,Bottom,rx013xinv7-1-v24_b,../marked_images/landmarked_lbx/marked_tiff/bottom/RX013xINV7-1-V24_B_MARK.tif,../marked_images/landmarked_lbx/txt/bottom/RX013xINV7-1-V24_B.txt,../raw_images/lbx/RX013xINV7-1-V24_B.tif,LBX,38,38,autolabel_v1.4,3840,2160,"[[2592.73, 1030.33], [2504.89, 1140.12], [2367.59, 1010.5], [2309.75, 1009.5], [2246.32, 1005.6], [2184.29, 999.56], [2366.02, 1152.79], [2306.55, 1154.85], [2252.7, 1162.96], [2189.67, 1166.69], [1504.35, 1067.07], [1838.68, 957.4], [1812.37, 1228.37], [2378.03, 1092.98], [2430.57, 1078.6], [2486.73, 1067.17], [2542.37, 1053.02], [2407.85, 1108.41], [2442.18, 1114.52], [2476.03, 1123.12], [2424.89, 1010.87], [2482.21, 1012.5], [2539.3, 1015.36], [2401.28, 1152.5], [2436.57, 1150.5], [2471.82, 1147.94], [2135.78, 988.6], [2086.97, 988.88], [2037.37, 983.5], [1988.11, 977.7], [1938.1, 972.14], [1888.61, 963.25], [2136.55, 1180.5], [2083.23, 1185.09], [2028.67, 1188.5], [1975.06, 1200.43], [1920.14, 1205.52], [1865.75, 1214.5]]",
LBX,Bottom,rx013xinv7-1-v27_b,../marked_images/landmarked_lbx/marked_tiff/bottom/RX013xINV7-1-V27_B_MARK.tif,../marked_images/landmarked_lbx/txt/bottom/RX013xINV7-1-V27_B.txt,../raw_images/lbx/RX013xINV7-1-V27_B.tif,LBX,38,38,autolabel_v1.4,3840,2160,"[[2456.04, 980.87], [2365.39, 1090.25], [2247.06, 960.5], [2191.35, 959.47], [2133.95, 957.11], [2066.53, 956.55], [2241.2, 1099.51], [2185.74, 1101.52], [2126.94, 1105.56], [2057.78, 1105.73], [1396.22, 979.61], [1607.18, 874.91], [1703.09, 1161.47], [2262.29, 1042.68], [2310.95, 1030.31], [2362.17, 1019.47], [2412.43, 1004.69], [2285.54, 1058.34], [2313.91, 1065.81], [2341.24, 1076.6], [2300.43, 961.53], [2353.49, 964.06], [2406.65, 964.52], [2272.58, 1098.5], [2303.88, 1096.59], [2335.18, 1094.5], [2001.81, 945.57], [1937.63, 931.51], [1873.65, 923.4], [1805.98, 915.5], [1741.32, 894.99], [1674.9, 879.5], [2007.94, 1113.89], [1959.5, 1123.97], [1907.79, 1123.5], [1857.91, 1137.14], [1805.77, 1141.44], [1754.78, 1152.95]]",
LBX,Bottom,rx013xinv7-1-v28_b,../marked_images/landmarked_lbx/marked_tiff/bottom/RX013xINV7-1-V28_B_MARK.tif,../marked_images/landmarked_lbx/txt/bottom/RX013xINV7-1-V28_B.txt,../raw_images/lbx/RX013xINV7-1-V28_B.tif,LBX,38,38,autolabel_v1.4,3840,2160,"[[2550.89, 1043.88], [2467.58, 1149.53], [2351.77, 1028.5], [2290.07, 1031.36], [2233.0, 1028.09], [2176.76, 1023.41], [2341.93, 1164.7], [2284.44, 1166.53], [2233.14, 1166.68], [2171.09, 1170.53], [1501.91, 1096.58], [1836.71, 975.62], [1816.68, 1253.41], [2361.03, 1102.35], [2407.48, 1088.63], [2457.33, 1078.53], [2506.3, 1064.55], [2386.11, 1114.57], [2415.1, 1123.21], [2444.09, 1132.52], [2402.66, 1027.5], [2453.55, 1028.5], [2504.36, 1028.5], [2373.87, 1163.33], [2405.94, 1159.58], [2438.11, 1156.5], [2130.28, 1010.4], [2081.05, 1009.87], [2032.28, 1001.62], [1982.67, 999.42], [1934.28, 987.6], [1885.03, 986.5], [2119.88, 1184.27], [2070.64, 1189.37], [2018.13, 1195.71], [1968.57, 1209.4], [1916.32, 1215.5], [1866.1, 1232.78]]",
LBX,Bottom,rx013xinv7-1-v31_b,../marked_images/landmarked_lbx/marked_tiff/bottom/RX013xINV7-1-V31_B_MARK.tif,../marked_images/landmarked_lbx/txt/bottom/RX013xINV7-1-V31_B.txt,../raw_images/lbx/RX013xINV7-1-V31_B.tif,LBX,38,38,autolabel_v1.4,3840,2160,"[[2536.09, 1030.01], [2454.0, 1108.13], [2349.74, 1016.2], [2300.13, 1016.11], [2239.94, 1010.46], [2183.73, 1007.69], [2343.33, 1126.5], [2292.81, 1133.03], [2241.2, 1143.53], [2184.96, 1151.88], [1519.74, 1099.09], [1810.52, 975.48], [1813.75, 1205.91], [2403.05, 1081.92], [2435.85, 1068.66], [2471.64, 1059.47], [2506.74, 1047.92], [2414.04, 1090.33], [2429.09, 1093.89], [2444.01, 1097.89], [2397.06, 1014.5], [2444.27, 1017.5], [2491.66, 1018.49], [2371.54, 1123.49], [2399.53, 1118.78], [2427.71, 1115.45], [2132.07, 995.5], [2078.22, 995.17], [2024.81, 989.47], [1971.15, 987.48], [1917.91, 979.1], [1864.41, 977.5], [2132.98, 1166.11], [2079.84, 1170.56], [2026.94, 1181.56], [1973.98, 1189.87], [1920.54, 1198.49], [1867.22, 1207.08]]",
LBX,Bottom,rx013xinv7-1-v39_b,../marked_images/landmarked_lbx/marked_tiff/bottom/RX013xINV7-1-V39_B_MARK.tif,../marked_images/landmarked_lbx/txt/bottom/RX013xINV7-1-V39_B.txt,../raw_images/lbx/RX013xINV7-1-V39_B.tif,LBX,38,38,autolabel_v1.4,3840,2160,"[[2521.5, 1028.04], [2437.06, 1109.97], [2339.94, 1004.45], [2288.13, 1002.5], [2228.71, 1002.97], [2165.87, 997.73], [2329.27, 1131.08], [2281.38, 1142.02], [2227.25, 1147.31], [2164.81, 1148.62], [1530.47, 1075.18], [1831.64, 951.07], [1772.04, 1213.84], [2390.33, 1089.21], [2424.02, 1076.12], [2460.08, 1066.09], [2494.45, 1051.53], [2399.99, 1096.64], [2413.69, 1099.29], [2427.42, 1101.71], [2387.24, 1006.34], [2434.53, 1006.5], [2481.74, 1009.48], [2356.71, 1126.39], [2384.07, 1120.64], [2411.79, 1117.91], [2118.5, 989.5], [2070.58, 987.53], [2022.7, 983.5], [1974.96, 975.12], [1927.3, 964.73], [1879.36, 956.99], [2110.5, 1160.02], [2055.55, 1171.48], [1998.83, 1171.67], [1942.06, 1181.59], [1884.99, 1189.6], [1828.11, 1199.83]]",
LBX,Left,feb1xpbx012-1-v35_l,../marked_images/landmarked_lbx/marked_tiff/left/FEB1xPBX012-1-V35_L_MARK.tif,../marked_images/landmarked_lbx/txt/left/FEB1xPBX012-1-V35_L.txt,../raw_images/lbx/FEB1xPBX012-1-V35_L.tif,LBX,40,40,autolabel_v1.4,3840,2160,"[[1354.0, 1078.5], [2361.4, 1192.52], [2416.19, 920.35], [2107.37, 1179.72], [1978.94, 1191.49], [1853.71, 1205.99], [1763.92, 1222.5], [1708.91, 1231.72], [1638.65, 1241.96], [1573.64, 1246.5], [1984.83, 1050.17], [1911.5, 1107.5], [1811.5, 1146.17], [1734.83, 1180.83], [1662.17, 1190.17], [1603.0, 1204.0], [1511.0, 1126.5], [1995.12, 959.25], [2452.72, 972.26], [2460.72, 1038.22], [2451.24, 1104.34], [2421.36, 1163.12], [2276.49, 1194.51], [2192.16, 1185.15], [1487.5, 1215.5], [1418.5, 1151.17], [1940.17, 982.8], [1883.94, 1003.02], [1826.79, 1020.5], [1768.97, 1035.61], [1710.64, 1048.67], [1651.79, 1059.18], [1592.51, 1066.89], [1532.98, 1072.07], [1473.29, 1073.82], [1413.56, 1073.34], [1853.5, 1096.83], [1755.5, 1130.83], [1676.83, 1146.17], [1610.83, 1160.17]]",
LBX,Left,feb1xpbx013-1-v18_l,../marked_images/landmarked_lbx/marked_tiff/left/FEB1xPBX013-1-V18_L_MARK.tif,../marked_images/landmarked_lbx/txt/left/FEB1xPBX013-1-V18_L.txt,../raw_images/lbx/FEB1xPBX013-1-V18_L.tif,LBX,40,40,autolabel_v1.4,3840,2160,"[[1381.83, 1123.5], [2341.53, 1240.52], [2460.47, 970.0], [2092.64, 1202.72], [1981.71, 1213.5], [1866.21, 1229.62], [1770.91, 1242.87], [1702.88, 1247.9], [1647.12, 1260.16], [1559.03, 1265.5], [2007.5, 1068.5], [1928.83, 1122.5], [1833.5, 1167.83], [1753.17, 1196.83], [1684.5, 1208.17], [1614.5, 1207.5], [1561.5, 1155.5], [2017.52, 986.34], [2469.49, 1039.81], [2480.46, 1109.45], [2465.2, 1176.29], [2407.11, 1215.65], [2258.44, 1227.73], [2176.72, 1208.41], [1494.0, 1239.5], [1436.5, 1184.5], [1962.57, 1008.72], [1906.58, 1028.42], [1849.88, 1045.99], [1792.39, 1060.81], [1734.17, 1072.45], [1675.74, 1083.0], [1617.3, 1093.47], [1558.63, 1102.38], [1499.62, 1108.9], [1440.52, 1114.52], [1882.17, 1119.83], [1784.17, 1154.5], [1706.5, 1170.5], [1634.5, 1181.0]]",
LBX,Left,kmm20-v09_l,../marked_images/landmarked_lbx/marked_tiff/left/KMM20-V09_L_MARK.tif,../marked_images/landmarked_lbx/txt/left/KMM20-V09_L.txt,../raw_images/lbx/KMM20-V09_L.tif,LBX,40,40,autolabel_v1.4,3840,2160,"[[1356.0, 1052.5], [2333.87, 1193.5], [2466.94, 908.74], [2103.57, 1169.24], [1994.64, 1178.78], [1880.37, 1191.5], [1765.78, 1201.39], [1688.71, 1208.88], [1612.49, 1216.68], [1544.75, 1218.47], [2006.0, 1027.5], [1938.17, 1080.17], [1824.17, 1122.17], [1739.5, 1150.83], [1662.83, 1172.17], [1584.17, 1162.17], [1538.5, 1107.5], [2017.85, 945.32], [2483.58, 982.44], [2490.91, 1057.84], [2467.18, 1127.43], [2406.65, 1172.73], [2256.41, 1190.23], [2180.63, 1175.5], [1473.5, 1185.0], [1407.0, 1123.0], [1961.34, 969.43], [1903.44, 989.89], [1844.28, 1006.27], [1784.11, 1018.7], [1723.41, 1028.25], [1662.39, 1035.56], [1601.15, 1040.56], [1539.81, 1044.3], [1478.42, 1045.96], [1417.03, 1045.27], [1876.17, 1076.17], [1771.5, 1107.5], [1676.83, 1122.17], [1610.83, 1128.17]]",
LBX,Left,kmm20-v10_l,../marked_images/landmarked_lbx/marked_tiff/left/KMM20-V10_L_MARK.tif,../marked_images/landmarked_lbx/txt/left/KMM20-V10_L.txt,../raw_images/lbx/KMM20-V10_L.tif,LBX,40,40,autolabel_v1.4,3840,2160,"[[1349.5, 1049.5], [2356.87, 1198.66], [2462.95, 915.72], [2070.53, 1179.5], [1981.74, 1178.43], [1869.84, 1195.49], [1759.34, 1205.08], [1685.15, 1208.92], [1611.56, 1219.98], [1539.49, 1219.48], [1990.5, 1031.83], [1926.5, 1083.83], [1825.5, 1121.83], [1739.5, 1152.17], [1660.5, 1162.83], [1583.17, 1152.83], [1539.17, 1103.83], [2000.73, 962.77], [2462.63, 986.12], [2481.04, 1053.58], [2474.56, 1123.29], [2423.19, 1171.62], [2261.2, 1194.66], [2166.23, 1183.5], [1467.5, 1195.0], [1399.0, 1123.0], [1944.49, 983.96], [1887.0, 1001.52], [1828.57, 1015.67], [1769.37, 1026.3], [1709.76, 1034.38], [1649.82, 1039.29], [1589.77, 1042.67], [1529.66, 1044.69], [1469.52, 1044.93], [1409.42, 1044.28], [1873.17, 1078.17], [1772.83, 1106.5], [1684.5, 1123.83], [1607.83, 1131.5]]",
LBX,Left,kmm20-v29_l,../marked_images/landmarked_lbx/marked_tiff/left/KMM20-V29_L_MARK.tif,../marked_images/landmarked_lbx/txt/left/KMM20-V29_L.txt,../raw_images/lbx/KMM20-V29_L.tif,LBX,40,40,autolabel_v1.4,3840,2160,"[[1367.5, 1042.5], [2343.88, 1190.67], [2440.02, 917.78], [2141.1, 1166.5], [2003.78, 1169.5], [1879.44, 1183.6], [1780.22, 1191.11], [1709.52, 1192.02], [1636.68, 1199.29], [1559.13, 1202.47], [2000.5, 1031.17], [1933.17, 1079.83], [1833.17, 1113.17], [1749.83, 1141.83], [1678.5, 1156.5], [1597.17, 1141.17], [1552.5, 1094.5], [2011.79, 956.74], [2466.17, 983.84], [2479.72, 1053.27], [2467.47, 1121.95], [2411.86, 1167.32], [2275.92, 1185.6], [2209.1, 1173.5], [1481.5, 1172.0], [1418.5, 1111.0], [1956.15, 977.63], [1899.47, 995.54], [1841.36, 1008.19], [1782.71, 1017.9], [1723.73, 1025.36], [1664.52, 1030.78], [1605.13, 1033.96], [1545.71, 1036.39], [1486.26, 1037.5], [1426.82, 1038.32], [1875.17, 1077.83], [1779.17, 1101.83], [1691.83, 1113.17], [1623.17, 1121.17]]",
LBX,Left,kmm5-v11_l,../marked_images/landmarked_lbx/marked_tiff/left/KMM5-V11_L_MARK.tif,../marked_images/landmarked_lbx/txt/left/KMM5-V11_L.txt,../raw_images/lbx/KMM5-V11_L.tif,LBX,40,40,autolabel_v1.4,3840,2160,"[[1330.83, 1040.5], [2335.68, 1183.5], [2441.59, 917.48], [2106.13, 1160.5], [1987.11, 1170.49], [1866.67, 1183.39], [1766.07, 1194.83], [1695.85, 1202.2], [1629.3, 1211.5], [1554.15, 1214.18], [1996.83, 1018.17], [1917.5, 1080.17], [1826.17, 1118.83], [1744.83, 1144.17], [1674.83, 1169.5], [1600.83, 1172.17], [1541.5, 1087.5], [2006.89, 947.49], [2450.01, 987.5], [2462.98, 1057.38], [2462.29, 1126.9], [2404.77, 1167.35], [2259.4, 1174.76], [2182.66, 1168.82], [1474.17, 1173.5], [1392.17, 1102.5], [1948.81, 970.53], [1888.93, 988.17], [1828.12, 1002.43], [1766.74, 1014.0], [1704.93, 1023.13], [1642.85, 1030.27], [1580.55, 1034.84], [1518.13, 1037.45], [1455.67, 1037.94], [1393.21, 1036.87], [1865.5, 1071.5], [1768.83, 1100.83], [1683.5, 1117.5], [1611.5, 1125.5]]",
LBX,Left,lbx001v07_l,../marked_images/landmarked_lbx/marked_tiff/left/LBX001V07_L_MARK.tif,../marked_images/landmarked_lbx/txt/left/LBX001V07_L.txt,../raw_images/lbx/LBX001V07_L.tif,LBX,40,40,autolabel_v1.4,3840,2160,"[[1351.5, 1084.5], [2342.0, 1234.5], [2505.66, 913.92], [2133.0, 1207.64], [2014.23, 1218.5], [1899.04, 1229.8], [1785.53, 1241.72], [1697.69, 1249.98], [1633.78, 1262.52], [1571.03, 1269.5], [2006.5, 1035.5], [1946.5, 1093.0], [1841.5, 1138.5], [1752.5, 1177.5], [1672.83, 1194.17], [1601.5, 1192.83], [1554.83, 1127.5], [2015.88, 973.54], [2515.5, 1001.41], [2524.5, 1089.44], [2491.84, 1164.25], [2428.93, 1221.14], [2272.1, 1227.92], [2202.4, 1218.5], [1483.5, 1235.17], [1414.17, 1165.83], [1958.2, 994.93], [1899.44, 1013.21], [1839.78, 1028.27], [1779.54, 1040.7], [1718.85, 1050.8], [1657.86, 1058.97], [1596.69, 1065.77], [1535.35, 1070.43], [1473.88, 1073.25], [1412.47, 1076.19], [1882.5, 1090.5], [1781.0, 1121.0], [1692.5, 1144.5], [1624.83, 1154.17]]",
LBX,Left,lbx001v12_l,../marked_images/landmarked_lbx/marked_tiff/left/LBX001V12_L_MARK.tif,../marked_images/landmarked_lbx/txt/left/LBX001V12_L.txt,../raw_images/lbx/LBX001V12_L.tif,LBX,40,40,autolabel_v1.4,3840,2160,"[[1297.17, 1082.83], [2271.23, 1247.49], [2421.8, 970.26], [2053.1, 1220.63], [1928.37, 1224.78], [1828.5, 1237.59], [1719.83, 1245.84], [1645.9, 1250.71], [1574.12, 1261.53], [1510.76, 1265.5], [1942.83, 1068.5], [1875.83, 1120.83], [1772.5, 1156.83], [1687.17, 1184.83], [1609.17, 1200.83], [1532.17, 1199.5], [1494.17, 1138.83], [1955.44, 993.89], [2434.02, 1045.43], [2435.2, 1119.41], [2407.67, 1188.84], [2346.65, 1233.95], [2199.81, 1231.32], [2126.29, 1228.71], [1427.0, 1221.5], [1361.83, 1155.5], [1898.23, 1014.29], [1839.73, 1030.6], [1780.42, 1043.52], [1720.54, 1053.56], [1660.3, 1061.37], [1599.89, 1067.68], [1539.25, 1071.02], [1478.55, 1073.29], [1417.83, 1073.93], [1357.18, 1073.45], [1818.5, 1110.83], [1714.5, 1137.5], [1626.5, 1157.5], [1554.17, 1166.83]]",
LBX,Left,lbx001v15_l,../marked_images/landmarked_lbx/marked_tiff/left/LBX001V15_L_MARK.tif,../marked_images/landmarked_lbx/txt/left/LBX001V15_L.txt,../raw_images/lbx/LBX001V15_L.tif,LBX,40,40,autolabel_v1.4,3840,2160,"[[1348.83, 1065.17], [2349.25, 1233.07], [2440.62, 893.97], [2113.3, 1198.52], [1995.98, 1203.5], [1885.57, 1215.52], [1786.1, 1227.67], [1700.24, 1234.29], [1627.08, 1242.34], [1572.22, 1246.5], [1973.5, 1041.5], [1912.5, 1090.5], [1818.5, 1132.5], [1736.5, 1169.5], [1658.5, 1183.5], [1587.5, 1182.5], [1551.5, 1125.5], [1985.32, 971.09], [2482.65, 958.66], [2476.51, 1043.37], [2470.05, 1125.3], [2431.44, 1202.78], [2270.4, 1222.97], [2192.31, 1208.39], [1490.83, 1209.17], [1416.83, 1139.17], [1930.29, 992.03], [1874.37, 1010.41], [1817.16, 1024.43], [1759.16, 1034.55], [1700.76, 1041.95], [1642.09, 1047.23], [1583.41, 1052.34], [1524.59, 1055.21], [1465.71, 1055.87], [1406.89, 1055.19], [1866.5, 1084.5], [1769.5, 1115.5], [1678.5, 1136.5], [1607.5, 1147.5]]",
LBX,Left,lbx001v18_l,../marked_images/landmarked_lbx/marked_tiff/left/LBX001V18_L_MARK.tif,../marked_images/landmarked_lbx/txt/left/LBX001V18_L.txt,../raw_images/lbx/LBX001V18_L.tif,LBX,40,40,autolabel_v1.4,3840,2160,"[[1350.5, 1089.0], [2360.53, 1236.5], [2475.5, 933.46], [2121.77, 1217.69], [1994.73, 1223.5], [1890.1, 1236.3], [1785.89, 1250.46], [1712.98, 1253.65], [1643.3, 1264.15], [1573.22, 1266.5], [2006.5, 1066.5], [1937.5, 1122.5], [1831.5, 1161.5], [1748.83, 1191.83], [1672.5, 1205.0], [1599.0, 1216.0], [1554.5, 1137.5], [2016.16, 1000.34], [2490.17, 1011.0], [2504.5, 1088.82], [2492.3, 1165.76], [2436.41, 1220.55], [2282.12, 1222.5], [2201.59, 1223.5], [1488.0, 1225.5], [1415.0, 1159.5], [1957.41, 1017.93], [1898.06, 1033.36], [1838.21, 1046.69], [1777.9, 1057.72], [1717.15, 1066.2], [1656.06, 1071.55], [1594.87, 1075.72], [1533.6, 1078.35], [1472.29, 1079.28], [1410.98, 1078.83], [1872.5, 1120.5], [1780.5, 1143.5], [1690.5, 1164.0], [1615.0, 1178.0]]",
LBX,Left,lbx001v29_l,../marked_images/landmarked_lbx/marked_tiff/left/LBX001V29_L_MARK.tif,../marked_images/landmarked_lbx/txt/left/LBX001V29_L.txt,../raw_images/lbx/LBX001V29_L.tif,LBX,40,40,autolabel_v1.4,3840,2160,"[[1369.5, 1055.5], [2288.73, 1204.3], [2487.54, 917.05], [2122.92, 1186.5], [2003.6, 1191.5], [1893.8, 1191.84], [1790.91, 1209.72], [1712.17, 1214.93], [1640.32, 1224.98], [1571.09, 1229.88], [1986.17, 1032.83], [1925.5, 1087.5], [1829.5, 1120.17], [1742.5, 1146.5], [1684.17, 1176.83], [1612.0, 1187.5], [1562.5, 1112.5], [1996.45, 969.32], [2492.15, 1002.0], [2493.25, 1084.74], [2456.12, 1162.23], [2377.04, 1199.87], [2234.34, 1192.5], [2178.63, 1189.51], [1498.83, 1190.83], [1430.17, 1120.17], [1941.97, 988.68], [1886.26, 1004.42], [1829.76, 1017.06], [1772.7, 1026.83], [1715.32, 1034.39], [1657.69, 1039.97], [1599.91, 1043.78], [1542.05, 1045.6], [1484.17, 1045.42], [1426.41, 1044.81], [1872.83, 1078.83], [1773.5, 1107.83], [1686.17, 1126.83], [1621.5, 1138.5]]",
LBX,Left,lbx001v30_l,../marked_images/landmarked_lbx/marked_tiff/left/LBX001V30_L_MARK.tif,../marked_images/landmarked_lbx/txt/left/LBX001V30_L.txt,../raw_images/lbx/LBX001V30_L.tif,LBX,40,40,autolabel_v1.4,3840,2160,"[[1350.0, 1062.0], [2374.03, 1204.49], [2491.77, 978.45], [2135.3, 1174.94], [2009.86, 1173.5], [1892.37, 1186.5], [1790.07, 1200.49], [1721.45, 1204.77], [1661.61, 1215.96], [1579.48, 1225.5], [1988.83, 1027.83], [1923.5, 1076.5], [1830.5, 1116.5], [1748.5, 1141.5], [1687.5, 1165.5], [1616.5, 1175.5], [1564.5, 1114.5], [1998.76, 956.53], [2493.18, 1037.29], [2496.48, 1096.1], [2473.13, 1149.93], [2431.6, 1188.26], [2293.91, 1198.88], [2214.69, 1186.65], [1497.0, 1199.0], [1421.0, 1132.5], [1941.49, 974.4], [1884.01, 991.52], [1825.78, 1005.96], [1767.11, 1018.38], [1708.06, 1028.82], [1648.7, 1037.42], [1589.13, 1044.47], [1529.33, 1048.96], [1469.42, 1051.85], [1409.52, 1054.57], [1874.5, 1066.5], [1775.5, 1098.5], [1692.5, 1115.5], [1630.5, 1127.5]]",
LBX,Left,lbx002v02_l,../marked_images/landmarked_lbx/marked_tiff/left/LBX002V02_L_MARK.tif,../marked_images/landmarked_lbx/txt/left/LBX002V02_L.txt,../raw_images/lbx/LBX002V02_L.tif,LBX,40,40,autolabel_v1.4,3840,2160,"[[1293.5, 1143.5], [2366.97, 1275.74], [2437.73, 1036.59], [2094.16, 1265.5], [1953.48, 1270.52], [1835.15, 1284.49], [1734.82, 1301.55], [1663.14, 1307.82], [1585.52, 1324.59], [1522.02, 1327.08], [1952.5, 1122.5], [1878.5, 1184.5], [1784.5, 1221.5], [1707.5, 1255.5], [1625.17, 1265.17], [1549.5, 1266.5], [1495.5, 1205.5], [1962.37, 1042.37], [2453.25, 1093.48], [2453.52, 1151.32], [2454.13, 1208.01], [2417.78, 1252.42], [2278.78, 1285.66], [2186.3, 1277.48], [1432.0, 1289.5], [1357.5, 1219.5], [1904.18, 1063.2], [1844.86, 1080.6], [1784.8, 1095.18], [1724.16, 1107.06], [1663.09, 1116.58], [1601.76, 1124.38], [1540.18, 1129.78], [1478.46, 1133.08], [1416.67, 1134.82], [1354.91, 1136.37], [1821.5, 1171.5], [1725.5, 1202.5], [1638.83, 1216.5], [1568.5, 1228.83]]",
LBX,Left,lbx002v04_l,../marked_images/landmarked_lbx/marked_tiff/left/LBX002V04_L_MARK.tif,../marked_images/landmarked_lbx/txt/left/LBX002V04_L.txt,../raw_images/lbx/LBX002V04_L.tif,LBX,40,40,autolabel_v1.4,3840,2160,"[[1344.83, 1056.83], [2350.6, 1236.5], [2508.57, 985.91], [2140.23, 1223.43], [2016.9, 1214.47], [1901.37, 1229.42], [1804.52, 1238.99], [1731.84, 1238.96], [1655.57, 1246.5], [1592.39, 1250.73], [2006.5, 1046.5], [1944.5, 1099.5], [1844.5, 1136.5], [1763.5, 1167.5], [1692.5, 1183.5], [1625.5, 1200.5], [1568.83, 1114.5], [2018.53, 979.16], [2509.85, 1051.58], [2485.2, 1110.34], [2460.77, 1168.72], [2409.93, 1210.04], [2277.82, 1226.87], [2212.53, 1233.45], [1485.5, 1212.17], [1412.17, 1140.83], [1959.95, 999.62], [1900.19, 1016.54], [1839.26, 1028.48], [1778.01, 1038.63], [1716.42, 1046.22], [1654.47, 1050.53], [1592.42, 1052.86], [1530.33, 1052.95], [1468.28, 1050.94], [1406.35, 1048.33], [1887.5, 1093.5], [1787.5, 1121.5], [1704.5, 1138.5], [1636.5, 1143.5]]",
LBX,Left,lbx004v01_l,../marked_images/landmarked_lbx/marked_tiff/left/LBX004V01_L_MARK.tif,../marked_images/landmarked_lbx/txt/left/LBX004V01_L.txt,../raw_images/lbx/LBX004V01_L.tif,LBX,40,40,autolabel_v1.4,3840,2160,"[[1338.17, 1058.5], [2403.05, 1217.49], [2494.87, 921.05], [2152.03, 1190.36], [2005.59, 1195.01], [1877.63, 1203.48], [1775.08, 1214.52], [1697.05, 1219.1], [1621.43, 1230.0], [1551.4, 1230.0], [1998.17, 1038.17], [1931.5, 1090.17], [1826.17, 1123.5], [1739.17, 1156.17], [1665.83, 1176.83], [1591.17, 1183.5], [1538.5, 1107.5], [2008.77, 967.14], [2517.38, 993.11], [2527.79, 1067.3], [2523.53, 1142.42], [2472.34, 1194.99], [2319.15, 1211.5], [2235.66, 1200.51], [1472.83, 1188.5], [1404.17, 1124.5], [1950.14, 986.77], [1890.71, 1003.84], [1830.34, 1017.35], [1769.35, 1027.57], [1708.05, 1035.72], [1646.52, 1041.98], [1584.78, 1045.85], [1522.96, 1047.75], [1461.11, 1048.3], [1399.36, 1049.46], [1874.17, 1080.83], [1769.17, 1107.5], [1679.83, 1126.17], [1604.5, 1134.83]]",
LBX,Left,lbx005v01_l,../marked_images/landmarked_lbx/marked_tiff/left/LBX005V01_L_MARK.tif,../marked_images/landmarked_lbx/txt/left/LBX005V01_L.txt,../raw_images/lbx/LBX005V01_L.tif,LBX,40,40,autolabel_v1.4,3840,2160,"[[1327.5, 1050.5], [2368.77, 1201.5], [2519.74, 896.26], [2169.01, 1179.86], [2020.1, 1190.5], [1884.48, 1205.66], [1775.63, 1213.98], [1698.75, 1216.77], [1619.7, 1230.48], [1557.22, 1234.78], [2005.5, 1025.5], [1942.5, 1079.5], [1827.5, 1126.5], [1746.5, 1160.5], [1670.5, 1182.5], [1581.5, 1169.5], [1534.5, 1102.5], [2015.14, 959.0], [2513.52, 974.92], [2530.95, 1052.55], [2508.03, 1130.64], [2448.59, 1184.63], [2302.1, 1194.9], [2235.95, 1183.5], [1469.5, 1193.0], [1398.0, 1125.0], [1955.03, 978.88], [1893.63, 994.68], [1831.58, 1007.74], [1768.96, 1017.6], [1706.06, 1025.6], [1642.98, 1032.04], [1579.69, 1035.97], [1516.32, 1037.8], [1452.92, 1037.81], [1389.68, 1038.05], [1878.5, 1073.5], [1769.5, 1110.5], [1684.5, 1124.5], [1602.5, 1135.5]]",
LBX,Left,lbx005v02_l,../marked_images/landmarked_lbx/marked_tiff/left/LBX005V02_L_MARK.tif,../marked_images/landmarked_lbx/txt/left/LBX005V02_L.txt,../raw_images/lbx/LBX005V02_L.tif,LBX,40,40,autolabel_v1.4,3840,2160,"[[1321.5, 1052.5], [2348.26, 1199.95], [2470.06, 934.28], [2097.21, 1180.92], [1990.39, 1190.53], [1858.97, 1205.5], [1760.15, 1216.1], [1687.98, 1222.65], [1621.97, 1236.54], [1553.13, 1245.52], [1999.5, 1016.5], [1920.5, 1078.5], [1819.83, 1116.83], [1733.5, 1147.5], [1664.5, 1174.5], [1591.83, 1180.5], [1533.0, 1106.5], [2009.33, 948.04], [2471.53, 995.31], [2474.11, 1061.07], [2449.83, 1120.65], [2404.02, 1166.77], [2264.41, 1202.5], [2180.72, 1192.55], [1454.0, 1206.0], [1381.0, 1126.5], [1950.03, 971.55], [1889.78, 992.44], [1828.51, 1010.04], [1766.26, 1023.67], [1703.17, 1033.12], [1639.83, 1040.65], [1576.31, 1046.51], [1512.61, 1048.5], [1448.83, 1047.82], [1385.09, 1047.46], [1865.5, 1076.5], [1764.5, 1106.5], [1676.83, 1125.83], [1602.5, 1136.17]]",
LBX,Left,lbx005v07_l,../marked_images/landmarked_lbx/marked_tiff/left/LBX005V07_L_MARK.tif,../marked_images/landmarked_lbx/txt/left/LBX005V07_L.txt,../raw_images/lbx/LBX005V07_L.tif,LBX,40,40,autolabel_v1.4,3840,2160,"[[1325.5, 1044.5], [2339.82, 1203.5], [2491.98, 964.98], [2129.86, 1165.1], [1998.87, 1166.45], [1876.41, 1175.52], [1774.28, 1186.93], [1700.0, 1194.75], [1620.07, 1206.36], [1555.03, 1214.54], [1993.5, 1026.17], [1928.17, 1078.17], [1822.83, 1109.5], [1737.5, 1144.17], [1667.5, 1164.17], [1591.5, 1165.0], [1530.17, 1101.17], [2006.44, 943.61], [2492.46, 1030.4], [2486.84, 1090.58], [2459.92, 1150.59], [2402.79, 1181.32], [2269.85, 1190.09], [2201.05, 1173.49], [1468.17, 1185.5], [1393.5, 1115.5], [1947.03, 964.34], [1886.45, 981.33], [1825.28, 996.03], [1763.48, 1007.63], [1701.13, 1016.01], [1638.49, 1021.93], [1575.75, 1026.72], [1512.91, 1029.95], [1450.02, 1031.45], [1387.15, 1031.92], [1872.17, 1072.17], [1768.83, 1097.5], [1678.17, 1119.5], [1603.5, 1126.0]]",
LBX,Left,lbx005v10_l,../marked_images/landmarked_lbx/marked_tiff/left/LBX005V10_L_MARK.tif,../marked_images/landmarked_lbx/txt/left/LBX005V10_L.txt,../raw_images/lbx/LBX005V10_L.tif,LBX,40,40,autolabel_v1.4,3840,2160,"[[1326.0, 1064.5], [2328.48, 1202.92], [2456.66, 912.95], [2123.35, 1177.96], [2000.78, 1189.51], [1871.36, 1205.53], [1769.14, 1216.22], [1695.12, 1218.49], [1629.0, 1230.86], [1559.99, 1239.51], [1990.5, 1026.5], [1921.5, 1089.5], [1826.5, 1128.5], [1738.5, 1157.5], [1665.5, 1182.5], [1584.5, 1171.5], [1538.5, 1123.83], [1999.88, 958.56], [2457.05, 989.09], [2465.96, 1062.7], [2460.31, 1136.19], [2399.39, 1178.88], [2259.52, 1195.7], [2191.58, 1182.73], [1463.83, 1203.83], [1390.5, 1139.17], [1942.02, 982.01], [1882.23, 1000.02], [1821.8, 1015.68], [1760.77, 1028.75], [1699.21, 1039.13], [1637.24, 1046.84], [1575.13, 1053.21], [1512.82, 1056.98], [1450.41, 1058.01], [1388.01, 1057.18], [1869.5, 1082.5], [1768.5, 1111.5], [1678.5, 1135.5], [1606.5, 1145.5]]",
LBX,Left,lbx005v11_l,../marked_images/landmarked_lbx/marked_tiff/left/LBX005V11_L_MARK.tif,../marked_images/landmarked_lbx/txt/left/LBX005V11_L.txt,../raw_images/lbx/LBX005V11_L.tif,LBX,40,40,autolabel_v1.4,3840,2160,"[[1327.5, 1020.5], [2383.21, 1167.44], [2498.46, 899.69], [2129.42, 1149.58], [1985.2, 1161.2], [1865.57, 1174.58], [1755.06, 1183.54], [1691.34, 1187.0], [1621.4, 1198.77], [1557.22, 1204.5], [2003.0, 1004.5], [1934.5, 1065.0], [1826.5, 1100.5], [1738.5, 1134.5], [1662.5, 1150.17], [1580.5, 1138.5], [1536.5, 1082.83], [2012.89, 933.45], [2512.5, 966.25], [2514.21, 1035.5], [2501.51, 1103.4], [2449.14, 1147.04], [2298.55, 1164.39], [2214.15, 1155.5], [1468.83, 1167.17], [1398.17, 1095.83], [1953.27, 954.64], [1892.57, 972.44], [1830.94, 986.57], [1768.68, 997.71], [1706.04, 1006.51], [1643.0, 1011.98], [1579.83, 1015.32], [1516.58, 1016.5], [1453.35, 1015.12], [1390.24, 1012.34], [1876.0, 1051.5], [1766.5, 1083.0], [1676.83, 1099.17], [1601.17, 1109.5]]",
LBX,Left,lbx005v14_l,../marked_images/landmarked_lbx/marked_tiff/left/LBX005V14_L_MARK.tif,../marked_images/landmarked_lbx/txt/left/LBX005V14_L.txt,../raw_images/lbx/LBX005V14_L.tif,LBX,40,40,autolabel_v1.4,3840,2160,"[[1360.5, 1007.5], [2331.21, 1178.37], [2475.58, 878.93], [2096.7, 1156.49], [1972.02, 1159.54], [1869.57, 1169.95], [1774.44, 1174.7], [1703.97, 1175.73], [1631.02, 1184.49], [1556.37, 1188.47], [1999.5, 992.17], [1928.83, 1049.5], [1834.5, 1090.5], [1738.5, 1119.0], [1669.5, 1133.0], [1587.17, 1130.17], [1541.5, 1072.5], [2010.93, 927.21], [2487.5, 959.77], [2499.41, 1041.91], [2467.93, 1114.53], [2412.51, 1167.52], [2253.49, 1165.99], [2175.12, 1161.48], [1480.5, 1146.5], [1419.5, 1081.5], [1954.41, 947.44], [1896.88, 964.51], [1838.55, 978.56], [1779.57, 989.59], [1720.09, 997.57], [1660.21, 1001.89], [1600.26, 1004.92], [1540.25, 1005.45], [1480.25, 1003.86], [1420.3, 1002.25], [1873.5, 1042.5], [1766.5, 1074.0], [1679.83, 1089.83], [1606.5, 1100.17]]",
LBX,Left,lbx007v01_l,../marked_images/landmarked_lbx/marked_tiff/left/LBX007V01_L_MARK.tif,../marked_images/landmarked_lbx/txt/left/LBX007V01_L.txt,../raw_images/lbx/LBX007V01_L.tif,LBX,40,40,autolabel_v1.4,3840,2160,"[[1348.83, 1076.17], [2364.15, 1228.49], [2486.33, 890.89], [2124.86, 1204.45], [1998.23, 1216.5], [1884.07, 1227.68], [1781.73, 1239.6], [1709.55, 1246.51], [1627.74, 1261.31], [1564.98, 1267.86], [2006.5, 1042.5], [1932.5, 1107.5], [1828.5, 1146.5], [1752.5, 1182.5], [1669.0, 1188.0], [1592.5, 1189.0], [1546.5, 1132.83], [2017.11, 971.8], [2493.58, 973.36], [2505.5, 1055.73], [2494.83, 1137.45], [2441.08, 1201.42], [2283.93, 1223.88], [2205.02, 1209.7], [1477.5, 1227.5], [1414.17, 1159.5], [1960.26, 996.58], [1901.41, 1016.09], [1841.65, 1032.56], [1781.11, 1045.74], [1719.94, 1055.81], [1658.4, 1063.45], [1596.65, 1069.08], [1534.77, 1072.82], [1472.8, 1074.16], [1410.8, 1073.88], [1869.5, 1101.5], [1770.0, 1134.5], [1685.0, 1148.5], [1618.5, 1160.0]]",
LBX,Left,lbx007v02_l,../marked_images/landmarked_lbx/marked_tiff/left/LBX007V02_L_MARK.tif,../marked_images/landmarked_lbx/txt/left/LBX007V02_L.txt,../raw_images/lbx/LBX007V02_L.tif,LBX,40,40,autolabel_v1.4,3840,2160,"[[1317.5, 1066.0], [2306.0, 1221.75], [2468.74, 891.32], [2129.95, 1200.49], [1983.82, 1210.44], [1858.07, 1221.5], [1756.95, 1226.0], [1680.0, 1233.53], [1613.27, 1243.48], [1533.35, 1246.39], [1988.83, 1026.17], [1919.5, 1084.83], [1818.17, 1127.5], [1733.5, 1164.83], [1647.5, 1174.83], [1572.17, 1174.83], [1525.5, 1118.5], [1998.79, 962.94], [2471.09, 980.92], [2485.22, 1068.57], [2448.03, 1145.48], [2392.44, 1208.77], [2249.32, 1208.07], [2190.72, 1202.27], [1452.0, 1203.0], [1374.5, 1128.5], [1939.83, 985.04], [1879.59, 1003.57], [1818.3, 1018.21], [1756.36, 1029.63], [1694.04, 1038.96], [1631.52, 1046.91], [1568.73, 1052.34], [1505.79, 1055.19], [1442.79, 1056.01], [1379.88, 1057.03], [1862.17, 1078.17], [1760.17, 1110.17], [1665.5, 1130.83], [1592.83, 1139.5]]",
LBX,Left,lbx008v01_l,../marked_images/landmarked_lbx/marked_tiff/left/LBX008V01_L_MARK.tif,../marked_images/landmarked_lbx/txt/left/LBX008V01_L.txt,../raw_images/lbx/LBX008V01_L.tif,LBX,40,40,autolabel_v1.4,3840,2160,"[[1360.5, 1052.5], [2370.76, 1207.29], [2473.64, 929.0], [2149.98, 1191.91], [2004.88, 1197.5], [1886.4, 1210.48], [1778.27, 1219.01], [1702.43, 1223.07], [1631.81, 1232.09], [1572.27, 1235.47], [2001.17, 1039.5], [1936.5, 1092.83], [1837.83, 1130.83], [1755.17, 1164.17], [1679.17, 1184.17], [1599.17, 1168.83], [1556.5, 1115.5], [2010.64, 977.7], [2501.43, 998.16], [2521.69, 1064.8], [2491.6, 1126.31], [2437.98, 1176.77], [2297.47, 1209.37], [2224.24, 1195.74], [1485.5, 1195.5], [1418.5, 1127.5], [1953.89, 996.94], [1896.26, 1013.44], [1837.72, 1026.4], [1778.77, 1037.3], [1719.46, 1045.87], [1659.82, 1051.89], [1599.94, 1054.93], [1539.99, 1055.17], [1480.13, 1052.57], [1420.36, 1049.05], [1881.83, 1080.83], [1779.83, 1113.5], [1691.17, 1132.83], [1621.17, 1138.83]]",
LBX,Left,lbx008v02_l,../marked_images/landmarked_lbx/marked_tiff/left/LBX008V02_L_MARK.tif,../marked_images/landmarked_lbx/txt/left/LBX008V02_L.txt,../raw_images/lbx/LBX008V02_L.tif,LBX,40,40,autolabel_v1.4,3840,2160,"[[1371.5, 1061.5], [2377.52, 1196.74], [2505.57, 899.06], [2143.64, 1181.02], [2022.51, 1183.94], [1892.93, 1199.62], [1801.03, 1213.5], [1729.14, 1219.95], [1659.27, 1233.6], [1589.2, 1236.24], [2005.17, 1041.5], [1939.17, 1094.83], [1843.17, 1133.5], [1769.83, 1165.5], [1707.83, 1190.83], [1625.0, 1181.5], [1570.0, 1110.0], [2014.38, 972.97], [2534.59, 947.83], [2507.44, 1017.23], [2484.11, 1090.49], [2447.03, 1160.52], [2299.16, 1199.5], [2221.28, 1191.45], [1504.17, 1199.5], [1433.5, 1134.17], [1958.6, 993.53], [1902.02, 1011.83], [1843.98, 1024.56], [1785.51, 1035.32], [1726.72, 1044.0], [1667.48, 1049.22], [1608.09, 1052.04], [1548.65, 1052.89], [1489.2, 1051.99], [1429.81, 1049.85], [1883.17, 1091.5], [1791.17, 1120.83], [1706.5, 1138.17], [1636.5, 1145.0]]",
LBX,Left,lbx008v04_l,../marked_images/landmarked_lbx/marked_tiff/left/LBX008V04_L_MARK.tif,../marked_images/landmarked_lbx/txt/left/LBX008V04_L.txt,../raw_images/lbx/LBX008V04_L.tif,LBX,40,40,autolabel_v1.4,3840,2160,"[[1369.5, 1081.5], [2346.85, 1215.32], [2488.23, 912.84], [2104.01, 1194.5], [2000.69, 1199.5], [1878.72, 1217.39], [1782.11, 1226.92], [1702.82, 1239.85], [1637.65, 1251.61], [1575.15, 1252.43], [2009.0, 1040.0], [1930.5, 1093.5], [1833.5, 1134.5], [1755.5, 1175.5], [1683.5, 1196.5], [1605.5, 1186.5], [1564.5, 1127.5], [2017.49, 978.03], [2489.26, 988.24], [2495.44, 1063.7], [2475.66, 1139.62], [2423.29, 1196.5], [2266.26, 1204.51], [2185.37, 1197.41], [1496.0, 1216.5], [1428.5, 1154.5], [1961.42, 999.5], [1904.39, 1018.21], [1846.41, 1033.69], [1787.61, 1045.84], [1728.41, 1055.91], [1668.76, 1062.81], [1608.92, 1067.8], [1548.99, 1071.44], [1488.99, 1073.21], [1429.0, 1073.34], [1876.5, 1091.5], [1780.5, 1122.5], [1697.5, 1142.5], [1631.5, 1149.5]]",
LBX,Left,lbx008v05_l,../marked_images/landmarked_lbx/marked_tiff/left/LBX008V05_L_MARK.tif,../marked_images/landmarked_lbx/txt/left/LBX008V05_L.txt,../raw_images/lbx/LBX008V05_L.tif,LBX,40,40,autolabel_v1.4,3840,2160,"[[1327.83, 1035.83], [2301.72, 1191.61], [2463.61, 936.34], [2099.74, 1175.62], [1970.21, 1176.5], [1858.01, 1191.36], [1759.28, 1200.6], [1682.67, 1206.71], [1603.76, 1221.58], [1526.55, 1223.5], [1969.83, 1028.5], [1897.17, 1088.5], [1799.17, 1130.5], [1717.83, 1157.83], [1646.5, 1169.83], [1574.5, 1186.5], [1517.83, 1103.17], [1982.54, 949.08], [2472.5, 1006.23], [2465.53, 1077.56], [2435.99, 1141.24], [2373.97, 1180.72], [2234.12, 1191.55], [2166.88, 1183.63], [1449.83, 1173.83], [1384.5, 1105.83], [1926.11, 971.26], [1868.53, 990.29], [1809.91, 1005.77], [1750.49, 1017.56], [1690.44, 1025.87], [1630.03, 1031.29], [1569.44, 1033.72], [1508.81, 1033.99], [1448.25, 1031.53], [1387.87, 1027.24], [1842.5, 1081.83], [1741.83, 1108.5], [1659.17, 1124.5], [1587.17, 1128.5]]",
LBX,Left,lbx008v06_l,../marked_images/landmarked_lbx/marked_tiff/left/LBX008V06_L_MARK.tif,../marked_images/landmarked_lbx/txt/left/LBX008V06_L.txt,../raw_images/lbx/LBX008V06_L.tif,LBX,40,40,autolabel_v1.4,3840,2160,"[[1332.5, 1041.5], [2327.99, 1207.85], [2498.05, 924.68], [2125.2, 1177.19], [1967.95, 1181.5], [1863.29, 1193.5], [1756.44, 1202.53], [1683.0, 1210.29], [1604.62, 1222.44], [1542.48, 1222.5], [1997.5, 1030.5], [1923.5, 1080.5], [1818.5, 1127.5], [1731.5, 1164.5], [1658.5, 1180.5], [1573.5, 1152.5], [1535.5, 1106.5], [2010.21, 954.42], [2503.66, 1003.92], [2511.24, 1084.81], [2477.92, 1156.54], [2407.52, 1194.77], [2260.22, 1198.95], [2192.9, 1186.49], [1468.5, 1181.5], [1399.17, 1111.5], [1951.7, 976.86], [1892.26, 996.73], [1831.42, 1011.5], [1769.76, 1022.5], [1707.58, 1030.08], [1644.98, 1033.12], [1582.31, 1033.47], [1519.65, 1034.47], [1457.01, 1034.46], [1394.44, 1031.96], [1861.5, 1078.5], [1760.5, 1107.5], [1669.5, 1124.5], [1600.5, 1129.5]]",
LBX,Left,lbx008v07_l,../marked_images/landmarked_lbx/marked_tiff/left/LBX008V07_L_MARK.tif,../marked_images/landmarked_lbx/txt/left/LBX008V07_L.txt,../raw_images/lbx/LBX008V07_L.tif,LBX,40,40,autolabel_v1.4,3840,2160,"[[1339.5, 1058.0], [2266.2, 1205.5], [2432.59, 935.52], [2130.48, 1185.75], [1989.56, 1182.5], [1883.77, 1192.57], [1761.8, 1207.64], [1684.89, 1211.03], [1617.15, 1223.29], [1532.03, 1228.5], [2001.5, 1026.5], [1929.5, 1078.5], [1825.0, 1123.0], [1740.5, 1153.5], [1662.5, 1175.5], [1589.5, 1168.5], [1512.5, 1106.5], [2015.24, 940.15], [2440.24, 1012.45], [2444.5, 1089.85], [2409.14, 1152.48], [2342.19, 1191.43], [2220.53, 1202.26], [2175.8, 1192.62], [1458.5, 1183.5], [1398.0, 1123.0], [1957.6, 965.36], [1898.61, 987.3], [1838.27, 1005.16], [1777.57, 1021.76], [1716.13, 1034.58], [1653.49, 1040.78], [1590.73, 1045.5], [1527.92, 1049.45], [1465.03, 1051.12], [1402.16, 1052.04], [1861.5, 1074.0], [1768.0, 1105.0], [1673.5, 1123.5], [1613.5, 1133.5]]",
LBX,Left,lbx008v10_l,../marked_images/landmarked_lbx/marked_tiff/left/LBX008V10_L_MARK.tif,../marked_images/landmarked_lbx/txt/left/LBX008V10_L.txt,../raw_images/lbx/LBX008V10_L.tif,LBX,40,40,autolabel_v1.4,3840,2160,"[[1349.0, 1103.5], [2333.73, 1233.7], [2468.21, 986.22], [2139.87, 1224.11], [1981.65, 1202.75], [1868.18, 1223.5], [1773.12, 1230.47], [1700.27, 1233.37], [1652.31, 1243.15], [1594.02, 1255.5], [1995.5, 1059.5], [1922.5, 1107.5], [1829.5, 1142.5], [1746.5, 1173.5], [1675.5, 1187.5], [1621.5, 1198.5], [1557.83, 1131.5], [2004.2, 993.7], [2471.51, 1052.87], [2473.28, 1119.62], [2444.88, 1177.06], [2398.72, 1221.67], [2268.98, 1239.48], [2204.07, 1235.13], [1494.0, 1229.5], [1415.5, 1165.5], [1946.34, 1011.5], [1887.71, 1026.64], [1828.36, 1038.58], [1768.54, 1047.7], [1708.42, 1054.92], [1648.24, 1061.58], [1588.81, 1073.17], [1528.86, 1081.46], [1468.58, 1086.8], [1408.26, 1091.06], [1873.5, 1102.5], [1775.5, 1127.5], [1691.5, 1146.5], [1627.5, 1153.5]]",
LBX,Left,lbx008v13_l,../marked_images/landmarked_lbx/marked_tiff/left/LBX008V13_L_MARK.tif,../marked_images/landmarked_lbx/txt/left/LBX008V13_L.txt,../raw_images/lbx/LBX008V13_L.tif,LBX,40,40,autolabel_v1.4,3840,2160,"[[1354.5, 1087.5], [2299.28, 1230.3], [2474.02, 925.51], [2101.87, 1210.5], [1990.26, 1208.38], [1885.07, 1212.49], [1796.48, 1222.01], [1735.91, 1220.26], [1661.75, 1231.52], [1611.64, 1244.24], [1990.5, 1030.5], [1924.0, 1085.5], [1833.0, 1131.0], [1759.5, 1163.0], [1688.5, 1177.0], [1608.0, 1176.5], [1569.5, 1130.5], [1998.27, 979.12], [2493.5, 1010.45], [2490.41, 1099.16], [2429.22, 1155.06], [2386.22, 1211.76], [2232.84, 1230.4], [2167.13, 1221.94], [1508.5, 1216.5], [1430.5, 1154.5], [1942.37, 999.92], [1885.56, 1018.07], [1827.88, 1033.11], [1769.51, 1045.24], [1710.65, 1054.79], [1651.44, 1061.95], [1592.14, 1068.4], [1532.7, 1073.17], [1473.16, 1076.49], [1413.64, 1079.76], [1875.5, 1083.0], [1777.0, 1116.0], [1694.0, 1139.5], [1621.5, 1150.0]]",
LBX,Left,lbx009v01_l,../marked_images/landmarked_lbx/marked_tiff/left/LBX009V01_L_MARK.tif,../marked_images/landmarked_lbx/txt/left/LBX009V01_L.txt,../raw_images/lbx/LBX009V01_L.tif,LBX,40,40,autolabel_v1.4,3840,2160,"[[1322.5, 1034.5], [2339.1, 1198.42], [2503.01, 940.47], [2114.29, 1183.5], [1983.35, 1190.72], [1865.19, 1202.76], [1754.19, 1211.79], [1691.23, 1216.19], [1611.74, 1227.5], [1532.33, 1227.61], [2004.83, 1036.17], [1923.5, 1093.5], [1822.83, 1128.83], [1738.83, 1158.83], [1660.17, 1169.5], [1571.5, 1166.17], [1525.5, 1103.5], [2016.5, 963.8], [2521.48, 1011.39], [2517.38, 1089.42], [2484.84, 1157.65], [2415.76, 1189.76], [2265.03, 1195.87], [2189.52, 1191.01], [1448.5, 1182.5], [1384.5, 1112.5], [1956.11, 985.19], [1895.19, 1005.04], [1833.11, 1020.31], [1769.86, 1030.47], [1706.19, 1037.63], [1642.23, 1041.46], [1578.18, 1042.43], [1514.15, 1040.68], [1450.24, 1036.31], [1386.47, 1030.88], [1858.83, 1080.17], [1760.17, 1113.5], [1667.5, 1126.17], [1594.5, 1135.5]]",
LBX,Left,lbx009v03_l,../marked_images/landmarked_lbx/marked_tiff/left/LBX009V03_L_MARK.tif,../marked_images/landmarked_lbx/txt/left/LBX009V03_L.txt,../raw_images/lbx/LBX009V03_L.tif,LBX,40,40,autolabel_v1.4,3840,2160,"[[1327.5, 1060.5], [2325.65, 1213.51], [2496.63, 940.1], [2127.71, 1196.8], [1998.44, 1200.5], [1876.44, 1212.5], [1777.5, 1219.51], [1693.37, 1224.43], [1626.01, 1238.71], [1546.25, 1242.19], [1993.83, 1033.83], [1919.83, 1090.5], [1825.17, 1131.83], [1730.5, 1159.5], [1661.5, 1183.5], [1582.5, 1188.5], [1535.5, 1117.5], [2002.43, 977.77], [2500.23, 1013.46], [2495.13, 1090.86], [2465.27, 1162.23], [2404.37, 1209.24], [2260.12, 1205.93], [2193.93, 1201.42], [1467.5, 1198.5], [1392.5, 1134.5], [1943.54, 997.77], [1883.22, 1013.02], [1822.07, 1024.34], [1760.53, 1033.42], [1698.73, 1040.53], [1636.69, 1045.15], [1574.52, 1047.64], [1512.32, 1048.5], [1450.11, 1047.74], [1387.99, 1045.94], [1864.5, 1083.83], [1758.5, 1117.83], [1677.5, 1137.5], [1598.5, 1145.5]]",
LBX,Left,lbx009v05_l,../marked_images/landmarked_lbx/marked_tiff/left/LBX009V05_L_MARK.tif,../marked_images/landmarked_lbx/txt/left/LBX009V05_L.txt,../raw_images/lbx/LBX009V05_L.tif,LBX,40,40,autolabel_v1.4,3840,2160,"[[1323.17, 1016.17], [2359.3, 1176.79], [2488.5, 894.58], [2098.48, 1160.0], [1989.31, 1167.51], [1853.14, 1176.5], [1757.06, 1174.84], [1693.61, 1183.27], [1614.1, 1197.78], [1540.76, 1202.81], [2003.17, 1005.83], [1921.83, 1061.17], [1819.83, 1093.83], [1741.17, 1127.83], [1670.0, 1144.0], [1588.0, 1148.0], [1510.5, 1076.5], [2016.32, 920.97], [2494.47, 965.35], [2500.5, 1038.86], [2486.05, 1110.59], [2428.35, 1154.39], [2272.13, 1175.46], [2185.9, 1165.5], [1453.83, 1156.83], [1385.83, 1092.17], [1956.99, 945.78], [1896.25, 966.85], [1834.45, 984.59], [1771.79, 998.96], [1708.3, 1009.3], [1644.25, 1015.32], [1580.04, 1018.95], [1515.74, 1019.97], [1451.51, 1017.61], [1387.42, 1012.97], [1871.17, 1052.5], [1770.5, 1081.17], [1681.0, 1097.5], [1600.5, 1106.0]]",
LBX,Left,lbx009v07_l,../marked_images/landmarked_lbx/marked_tiff/left/LBX009V07_L_MARK.tif,../marked_images/landmarked_lbx/txt/left/LBX009V07_L.txt,../raw_images/lbx/LBX009V07_L.tif,LBX,40,40,autolabel_v1.4,3840,2160,"[[1329.5, 1050.5], [2327.98, 1207.5], [2479.3, 927.62], [2124.05, 1186.55], [1995.12, 1193.49], [1878.51, 1201.99], [1767.64, 1211.55], [1682.55, 1215.69], [1624.24, 1226.55], [1554.28, 1232.22], [2004.5, 1030.5], [1928.5, 1090.5], [1826.5, 1129.5], [1740.5, 1156.5], [1668.5, 1178.5], [1591.0, 1178.5], [1532.5, 1111.0], [2015.0, 963.69], [2495.26, 1005.05], [2506.7, 1084.07], [2475.22, 1156.4], [2407.8, 1197.79], [2259.91, 1201.48], [2192.01, 1193.88], [1466.5, 1198.5], [1393.5, 1125.17], [1955.78, 986.07], [1894.99, 1003.74], [1833.37, 1018.11], [1771.09, 1029.36], [1708.35, 1037.77], [1645.32, 1043.81], [1582.11, 1047.32], [1518.83, 1047.99], [1455.56, 1046.03], [1392.41, 1043.31], [1871.5, 1080.5], [1770.5, 1109.5], [1680.5, 1127.5], [1608.0, 1137.0]]",
LBX,Left,lbx009v09_l,../marked_images/landmarked_lbx/marked_tiff/left/LBX009V09_L_MARK.tif,../marked_images/landmarked_lbx/txt/left/LBX009V09_L.txt,../raw_images/lbx/LBX009V09_L.tif,LBX,40,40,autolabel_v1.4,3840,2160,"[[1344.5, 1038.5], [2387.27, 1213.5], [2483.06, 922.4], [2118.42, 1194.77], [1995.21, 1196.47], [1882.75, 1208.49], [1777.64, 1213.72], [1704.95, 1217.31], [1636.04, 1225.85], [1565.35, 1228.97], [2028.5, 1038.5], [1946.5, 1096.5], [1845.5, 1127.5], [1755.5, 1157.5], [1677.5, 1173.5], [1593.5, 1156.5], [1551.83, 1104.5], [2041.11, 963.35], [2508.86, 993.37], [2527.0, 1066.97], [2513.43, 1139.8], [2459.68, 1191.4], [2296.86, 1211.09], [2207.44, 1201.5], [1480.5, 1191.5], [1402.5, 1119.5], [1980.95, 986.02], [1919.48, 1004.84], [1857.01, 1020.13], [1793.77, 1031.87], [1729.87, 1039.38], [1665.61, 1041.9], [1601.28, 1043.06], [1536.96, 1042.36], [1472.73, 1039.02], [1408.66, 1033.64], [1887.5, 1081.5], [1781.5, 1110.5], [1693.5, 1126.5], [1619.5, 1131.5]]",
LBX,Left,lbx009v10_l,../marked_images/landmarked_lbx/marked_tiff/left/LBX009V10_L_MARK.tif,../marked_images/landmarked_lbx/txt/left/LBX009V10_L.txt,../raw_images/lbx/LBX009V10_L.tif,LBX,40,40,autolabel_v1.4,3840,2160,"[[1381.17, 1031.17], [2303.23, 1232.5], [2490.69, 943.97], [2084.34, 1200.71], [1979.03, 1207.5], [1850.17, 1210.36], [1750.92, 1215.88], [1679.69, 1221.96], [1608.3, 1225.53], [1548.81, 1225.5], [2004.5, 1051.5], [1935.5, 1106.5], [1819.5, 1141.5], [1736.5, 1171.5], [1660.5, 1171.5], [1588.17, 1159.83], [1534.83, 1098.5], [2023.16, 966.03], [2505.4, 1026.29], [2495.06, 1109.27], [2466.16, 1188.44], [2387.78, 1219.91], [2212.28, 1258.51], [2199.66, 1218.54], [1488.17, 1170.17], [1435.5, 1106.83], [1968.63, 989.5], [1911.87, 1006.54], [1853.93, 1019.3], [1795.33, 1028.59], [1736.29, 1034.82], [1677.13, 1039.8], [1617.81, 1041.9], [1558.47, 1041.04], [1499.37, 1036.29], [1440.51, 1029.49], [1874.5, 1090.5], [1769.5, 1119.5], [1677.5, 1126.5], [1606.5, 1126.5]]",
LBX,Left,lbx009v17_l,../marked_images/landmarked_lbx/marked_tiff/left/LBX009V17_L_MARK.tif,../marked_images/landmarked_lbx/txt/left/LBX009V17_L.txt,../raw_images/lbx/LBX009V17_L.tif,LBX,40,40,autolabel_v1.4,3840,2160,"[[1309.17, 1028.83], [2355.8, 1183.19], [2489.45, 893.08], [2117.02, 1161.4], [1982.43, 1169.5], [1855.13, 1185.51], [1750.51, 1196.02], [1675.56, 1200.0], [1604.95, 1211.45], [1542.03, 1217.5], [1998.5, 1006.83], [1925.83, 1066.83], [1815.17, 1104.17], [1734.5, 1143.5], [1659.17, 1160.83], [1571.83, 1151.5], [1519.5, 1088.5], [2008.63, 938.16], [2497.99, 968.44], [2512.67, 1043.07], [2491.12, 1116.63], [2429.51, 1161.47], [2276.1, 1177.51], [2197.18, 1165.6], [1447.17, 1172.5], [1377.83, 1106.5], [1948.32, 961.59], [1886.71, 981.27], [1824.02, 997.04], [1760.52, 1009.25], [1696.48, 1018.38], [1631.97, 1023.32], [1567.39, 1027.06], [1502.73, 1028.02], [1438.09, 1025.99], [1373.56, 1022.53], [1855.17, 1060.17], [1761.83, 1093.5], [1674.5, 1108.83], [1595.83, 1120.83]]",
LBX,Left,lbx009v21_l,../marked_images/landmarked_lbx/marked_tiff/left/LBX009V21_L_MARK.tif,../marked_images/landmarked_lbx/txt/left/LBX009V21_L.txt,../raw_images/lbx/LBX009V21_L.tif,LBX,40,40,autolabel_v1.4,3840,2160,"[[1357.5, 1045.5], [2347.12, 1205.5], [2509.33, 928.65], [2104.08, 1186.13], [1983.48, 1195.0], [1871.03, 1207.49], [1772.15, 1213.82], [1690.13, 1217.49], [1627.14, 1226.33], [1558.32, 1229.42], [1980.5, 1041.5], [1914.5, 1097.5], [1814.5, 1133.5], [1733.5, 1161.5], [1664.5, 1181.5], [1583.5, 1178.17], [1543.5, 1102.17], [1991.16, 975.6], [2527.51, 1002.58], [2525.9, 1080.98], [2491.21, 1150.24], [2424.37, 1192.05], [2266.85, 1190.5], [2185.51, 1190.59], [1481.5, 1187.5], [1417.5, 1120.5], [1935.75, 994.04], [1879.49, 1009.65], [1822.45, 1022.03], [1764.87, 1031.51], [1706.88, 1038.23], [1648.61, 1042.11], [1590.23, 1043.2], [1531.85, 1043.01], [1473.51, 1041.02], [1415.3, 1037.19], [1864.5, 1084.5], [1761.5, 1113.5], [1672.5, 1129.5], [1600.17, 1142.83]]",
LBX,Left,lbx009v22_l,../marked_images/landmarked_lbx/marked_tiff/left/LBX009V22_L_MARK.tif,../marked_images/landmarked_lbx/txt/left/LBX009V22_L.txt,../raw_images/lbx/LBX009V22_L.tif,LBX,40,40,autolabel_v1.4,3840,2160,"[[1362.83, 1040.5], [2339.48, 1191.99], [2487.12, 904.22], [2118.16, 1168.1], [1993.53, 1179.01], [1883.67, 1194.22], [1784.81, 1203.24], [1704.71, 1209.66], [1622.66, 1220.5], [1560.03, 1221.36], [1991.83, 1030.5], [1922.5, 1081.17], [1825.17, 1125.17], [1741.17, 1158.5], [1671.83, 1173.17], [1595.5, 1168.5], [1565.5, 1101.5], [2002.84, 959.53], [2501.5, 983.11], [2512.32, 1065.83], [2483.19, 1141.3], [2422.46, 1186.04], [2266.43, 1177.77], [2192.19, 1173.48], [1484.83, 1180.5], [1421.5, 1109.83], [1946.97, 978.48], [1890.26, 994.74], [1832.37, 1005.97], [1774.24, 1016.08], [1715.94, 1025.05], [1657.31, 1031.72], [1598.43, 1035.53], [1539.47, 1037.66], [1480.52, 1037.09], [1421.62, 1035.42], [1867.83, 1074.5], [1766.5, 1105.17], [1685.17, 1121.17], [1614.5, 1133.5]]",
LBX,Left,lbx010v01_l,../marked_images/landmarked_lbx/marked_tiff/left/LBX010V01_L_MARK.tif,../marked_images/landmarked_lbx/txt/left/LBX010V01_L.txt,../raw_images/lbx/LBX010V01_L.tif,LBX,40,40,autolabel_v1.4,3840,2160,"[[1328.83, 1044.5], [2397.49, 1194.13], [2505.78, 891.71], [2110.9, 1169.66], [1992.54, 1185.5], [1874.76, 1200.89], [1774.13, 1213.54], [1699.87, 1218.91], [1632.02, 1232.13], [1561.03, 1235.36], [1996.5, 1024.5], [1930.5, 1085.5], [1826.5, 1126.5], [1736.5, 1151.5], [1668.5, 1170.5], [1595.83, 1176.17], [1545.17, 1106.17], [2006.13, 955.75], [2539.51, 968.66], [2518.15, 1054.81], [2495.15, 1139.62], [2426.66, 1194.62], [2301.61, 1190.24], [2206.83, 1174.57], [1471.5, 1197.83], [1399.5, 1128.5], [1947.0, 975.83], [1887.11, 993.48], [1826.26, 1007.14], [1764.67, 1017.35], [1702.78, 1025.65], [1640.61, 1031.52], [1578.33, 1035.86], [1515.94, 1037.98], [1453.5, 1038.62], [1391.07, 1039.47], [1870.5, 1077.5], [1768.5, 1107.5], [1681.5, 1125.5], [1613.17, 1132.83]]",
LBX,Left,lbx010v02_l,../marked_images/landmarked_lbx/marked_tiff/left/LBX010V02_L_MARK.tif,../marked_images/landmarked_lbx/txt/left/LBX010V02_L.txt,../raw_images/lbx/LBX010V02_L.tif,LBX,40,40,autolabel_v1.4,3840,2160,"[[1348.83, 1045.5], [2367.9, 1208.33], [2488.6, 914.84], [2150.04, 1181.51], [2004.59, 1183.37], [1886.2, 1194.8], [1781.15, 1202.14], [1717.5, 1210.65], [1639.08, 1225.11], [1566.22, 1227.47], [2021.5, 1026.5], [1927.5, 1087.5], [1843.5, 1124.5], [1750.5, 1157.5], [1670.5, 1164.5], [1599.5, 1168.5], [1553.5, 1100.5], [2032.93, 954.95], [2495.06, 990.44], [2513.5, 1064.49], [2498.01, 1136.72], [2439.24, 1184.53], [2296.54, 1196.02], [2223.19, 1182.81], [1485.5, 1194.17], [1408.83, 1119.5], [1974.25, 978.41], [1913.59, 996.17], [1851.97, 1010.14], [1789.84, 1021.68], [1727.28, 1030.25], [1664.15, 1033.39], [1601.33, 1040.39], [1538.24, 1043.13], [1475.05, 1042.56], [1411.9, 1041.22], [1870.5, 1073.5], [1772.5, 1100.5], [1691.5, 1120.5], [1617.5, 1128.5]]",
LBX,Left,lbx010v06_l,../marked_images/landmarked_lbx/marked_tiff/left/LBX010V06_L_MARK.tif,../marked_images/landmarked_lbx/txt/left/LBX010V06_L.txt,../raw_images/lbx/LBX010V06_L.tif,LBX,40,40,autolabel_v1.4,3840,2160,"[[1326.83, 1047.17], [2349.27, 1200.5], [2475.54, 921.12], [2099.13, 1176.88], [1972.43, 1189.5], [1858.02, 1201.14], [1759.02, 1209.5], [1683.51, 1216.07], [1609.24, 1227.5], [1545.09, 1230.88], [1979.5, 1034.5], [1910.5, 1090.5], [1806.5, 1120.5], [1730.5, 1161.5], [1650.5, 1166.5], [1574.5, 1171.5], [1532.5, 1100.5], [1989.77, 966.02], [2467.48, 990.12], [2479.91, 1062.08], [2473.35, 1134.15], [2420.06, 1184.48], [2266.02, 1191.64], [2183.19, 1181.6], [1456.83, 1190.5], [1387.5, 1121.83], [1931.97, 985.8], [1873.06, 1001.97], [1813.38, 1014.86], [1753.12, 1024.77], [1692.46, 1031.99], [1631.49, 1035.94], [1570.48, 1039.21], [1509.42, 1040.97], [1448.35, 1040.64], [1387.34, 1038.72], [1853.5, 1079.5], [1753.5, 1105.5], [1667.5, 1121.5], [1593.5, 1129.5]]",
LBX,Left,lbx010v07_l,../marked_images/landmarked_lbx/marked_tiff/left/LBX010V07_L_MARK.tif,../marked_images/landmarked_lbx/txt/left/LBX010V07_L.txt,../raw_images/lbx/LBX010V07_L.tif,LBX,40,40,autolabel_v1.4,3840,2160,"[[1337.5, 1014.0], [2355.16, 1164.5], [2494.79, 852.86], [2100.58, 1135.5], [1981.51, 1144.5], [1867.5, 1159.25], [1763.2, 1168.69], [1702.64, 1175.63], [1622.48, 1187.25], [1541.25, 1181.52], [1985.83, 1007.17], [1917.17, 1064.5], [1812.5, 1099.83], [1743.17, 1134.5], [1655.5, 1137.5], [1573.0, 1124.0], [1526.0, 1064.5], [1997.89, 925.67], [2502.33, 935.75], [2517.4, 1017.58], [2491.45, 1091.25], [2423.63, 1130.3], [2270.79, 1149.51], [2185.39, 1143.5], [1468.0, 1130.5], [1401.5, 1076.0], [1939.23, 943.95], [1879.65, 958.79], [1819.31, 970.16], [1758.43, 978.39], [1697.32, 984.83], [1636.02, 988.97], [1574.63, 991.44], [1513.2, 992.5], [1451.76, 992.23], [1390.5, 987.55], [1853.83, 1055.17], [1753.83, 1085.17], [1667.5, 1092.5], [1600.5, 1101.17]]",
LBX,Left,lbx010v12_l,../marked_images/landmarked_lbx/marked_tiff/left/LBX010V12_L_MARK.tif,../marked_images/landmarked_lbx/txt/left/LBX010V12_L.txt,../raw_images/lbx/LBX010V12_L.tif,LBX,40,40,autolabel_v1.4,3840,2160,"[[1342.5, 1045.5], [2357.8, 1209.5], [2509.92, 929.83], [2125.2, 1181.38], [1997.03, 1187.65], [1878.13, 1200.78], [1780.49, 1210.02], [1713.84, 1212.51], [1633.59, 1222.99], [1564.13, 1226.5], [2002.5, 1034.5], [1919.5, 1099.5], [1821.5, 1136.5], [1740.5, 1161.5], [1671.5, 1179.5], [1593.5, 1183.5], [1536.17, 1102.17], [2014.34, 961.19], [2525.99, 1008.28], [2536.76, 1085.55], [2498.22, 1153.71], [2437.18, 1202.04], [2281.29, 1193.35], [2203.01, 1189.48], [1479.5, 1195.5], [1409.5, 1130.5], [1955.81, 981.35], [1895.9, 996.98], [1835.43, 1010.17], [1774.44, 1020.59], [1713.02, 1028.32], [1651.4, 1034.3], [1589.66, 1038.85], [1527.81, 1040.99], [1465.91, 1040.67], [1404.07, 1039.02], [1867.5, 1088.5], [1758.5, 1120.5], [1678.5, 1128.5], [1605.5, 1138.5]]",
LBX,Left,lbx010v16_l,../marked_images/landmarked_lbx/marked_tiff/left/LBX010V16_L_MARK.tif,../marked_images/landmarked_lbx/txt/left/LBX010V16_L.txt,../raw_images/lbx/LBX010V16_L.tif,LBX,40,40,autolabel_v1.4,3840,2160,"[[1328.5, 1036.0], [2357.19, 1214.5], [2498.65, 921.95], [2117.01, 1184.36], [1985.0, 1191.36], [1864.87, 1203.51], [1774.39, 1211.94], [1700.52, 1215.28], [1622.33, 1227.5], [1545.14, 1232.5], [1994.5, 1038.5], [1925.5, 1096.5], [1818.5, 1132.5], [1736.5, 1163.5], [1659.5, 1176.5], [1583.5, 1177.5], [1536.5, 1103.5], [2007.81, 961.8], [2507.3, 1015.68], [2545.41, 1084.49], [2523.25, 1155.6], [2449.83, 1194.88], [2277.46, 1201.47], [2197.75, 1190.51], [1453.0, 1187.0], [1389.0, 1115.0], [1948.76, 982.4], [1887.94, 996.97], [1826.84, 1010.33], [1765.29, 1021.24], [1703.28, 1029.39], [1641.02, 1035.3], [1578.56, 1038.54], [1516.04, 1040.05], [1453.53, 1039.15], [1391.05, 1036.42], [1858.5, 1084.5], [1760.5, 1108.5], [1673.5, 1123.5], [1598.5, 1134.5]]",
LBX,Left,lbx010v17_l,../marked_images/landmarked_lbx/marked_tiff/left/LBX010V17_L_MARK.tif,../marked_images/landmarked_lbx/txt/left/LBX010V17_L.txt,../raw_images/lbx/LBX010V17_L.tif,LBX,40,40,autolabel_v1.4,3840,2160,"[[1361.83, 1026.17], [2369.68, 1206.61], [2527.58, 888.09], [2143.14, 1181.5], [2018.11, 1191.5], [1883.92, 1204.46], [1785.54, 1209.82], [1712.88, 1212.06], [1647.06, 1223.55], [1573.39, 1225.47], [2045.5, 1022.5], [1955.5, 1083.5], [1850.5, 1123.5], [1765.5, 1150.5], [1684.5, 1158.5], [1602.5, 1152.5], [1554.5, 1095.5], [2059.24, 945.78], [2527.5, 971.44], [2530.57, 1055.96], [2518.05, 1138.45], [2451.94, 1190.78], [2294.71, 1192.07], [2219.53, 1182.5], [1488.5, 1182.17], [1423.17, 1112.17], [1999.81, 970.7], [1937.91, 988.06], [1874.98, 1001.89], [1811.56, 1012.99], [1747.5, 1019.98], [1683.3, 1025.52], [1618.93, 1027.98], [1554.5, 1028.5], [1490.17, 1026.1], [1426.04, 1020.75], [1890.5, 1075.5], [1793.5, 1104.5], [1709.5, 1119.5], [1630.5, 1126.5]]",
LBX,Left,lbx010v18_l,../marked_images/landmarked_lbx/marked_tiff/left/LBX010V18_L_MARK.tif,../marked_images/landmarked_lbx/txt/left/LBX010V18_L.txt,../raw_images/lbx/LBX010V18_L.tif,LBX,40,40,autolabel_v1.4,3840,2160,"[[1334.83, 1033.17], [2333.92, 1166.64], [2445.77, 910.44], [2116.54, 1149.41], [1984.52, 1153.78], [1875.54, 1167.74], [1775.16, 1177.83], [1693.18, 1182.43], [1624.92, 1195.53], [1554.78, 1204.7], [1989.0, 1002.5], [1927.0, 1055.0], [1823.0, 1091.0], [1734.5, 1124.5], [1663.5, 1139.5], [1583.5, 1139.0], [1526.0, 1084.0], [1998.79, 929.22], [2478.4, 974.67], [2491.64, 1047.74], [2461.61, 1110.15], [2406.9, 1155.8], [2261.31, 1162.46], [2189.39, 1152.45], [1472.0, 1170.0], [1402.0, 1105.0], [1941.15, 950.56], [1882.12, 967.62], [1822.45, 982.34], [1762.31, 994.98], [1701.78, 1005.64], [1640.88, 1013.94], [1579.54, 1017.47], [1518.15, 1020.45], [1456.73, 1022.23], [1395.35, 1022.38], [1863.5, 1047.0], [1758.5, 1077.5], [1675.5, 1097.5], [1602.5, 1105.5]]",
LBX,Left,lbx010v22_l,../marked_images/landmarked_lbx/marked_tiff/left/LBX010V22_L_MARK.tif,../marked_images/landmarked_lbx/txt/left/LBX010V22_L.txt,../raw_images/lbx/LBX010V22_L.tif,LBX,40,40,autolabel_v1.4,3840,2160,"[[1339.5, 1058.5], [2376.47, 1216.5], [2478.07, 913.76], [2137.94, 1199.5], [2032.72, 1207.5], [1902.55, 1217.47], [1799.33, 1223.81], [1716.87, 1230.54], [1650.17, 1241.83], [1583.22, 1249.5], [2036.5, 1032.5], [1961.5, 1100.5], [1858.5, 1138.5], [1772.5, 1167.5], [1694.5, 1188.5], [1600.83, 1163.17], [1559.83, 1108.5], [2049.5, 947.15], [2481.53, 994.53], [2499.68, 1073.14], [2510.96, 1152.25], [2456.42, 1200.36], [2297.77, 1204.76], [2218.01, 1201.63], [1491.5, 1213.17], [1408.17, 1139.17], [1988.7, 972.7], [1926.8, 995.47], [1863.52, 1013.56], [1798.68, 1025.77], [1733.71, 1037.23], [1667.87, 1040.48], [1602.0, 1044.19], [1536.11, 1046.93], [1470.14, 1047.24], [1404.2, 1045.59], [1904.5, 1081.5], [1801.5, 1114.5], [1707.5, 1132.5], [1627.5, 1140.5]]",
LBX,Left,lbx010v24_l,../marked_images/landmarked_lbx/marked_tiff/left/LBX010V24_L_MARK.tif,../marked_images/landmarked_lbx/txt/left/LBX010V24_L.txt,../raw_images/lbx/LBX010V24_L.tif,LBX,40,40,autolabel_v1.4,3840,2160,"[[1321.0, 1065.0], [2351.29, 1211.87], [2499.36, 925.9], [2115.13, 1192.05], [1990.51, 1202.55], [1866.3, 1217.72], [1771.51, 1228.66], [1696.91, 1231.22], [1624.84, 1245.23], [1551.13, 1251.5], [2004.17, 1040.83], [1925.5, 1095.5], [1818.83, 1138.17], [1734.83, 1168.83], [1672.17, 1195.5], [1594.83, 1203.5], [1530.83, 1120.83], [2014.28, 969.92], [2518.17, 1002.74], [2526.32, 1083.0], [2492.68, 1154.82], [2421.98, 1189.13], [2272.05, 1200.31], [2192.94, 1198.54], [1457.5, 1210.0], [1386.5, 1140.0], [1954.24, 992.3], [1893.11, 1011.37], [1831.03, 1027.04], [1768.19, 1039.41], [1704.8, 1048.65], [1640.93, 1053.8], [1577.04, 1058.54], [1513.07, 1061.91], [1449.03, 1062.95], [1384.99, 1061.84], [1873.5, 1092.83], [1766.83, 1119.5], [1678.83, 1138.17], [1604.17, 1155.5]]",
LBX,Left,lbx010v26_l,../marked_images/landmarked_lbx/marked_tiff/left/LBX010V26_L_MARK.tif,../marked_images/landmarked_lbx/txt/left/LBX010V26_L.txt,../raw_images/lbx/LBX010V26_L.tif,LBX,40,40,autolabel_v1.4,3840,2160,"[[1380.5, 1021.5], [2393.22, 1176.48], [2522.5, 909.59], [2133.76, 1149.5], [1997.44, 1160.77], [1877.6, 1178.48], [1788.53, 1183.67], [1719.65, 1190.69], [1650.36, 1205.99], [1583.5, 1209.35], [2039.5, 1009.5], [1935.0, 1068.0], [1850.5, 1105.0], [1764.17, 1134.17], [1688.17, 1149.5], [1614.83, 1155.5], [1570.17, 1076.83], [2051.81, 929.09], [2543.9, 981.11], [2547.5, 1055.36], [2532.78, 1126.69], [2467.65, 1163.61], [2308.68, 1154.54], [2221.1, 1156.5], [1507.5, 1170.5], [1440.83, 1095.17], [1993.32, 949.57], [1933.82, 966.92], [1873.55, 981.38], [1812.7, 993.23], [1751.34, 1002.15], [1689.69, 1008.62], [1627.87, 1013.39], [1565.94, 1015.91], [1503.96, 1015.78], [1442.04, 1013.96], [1890.5, 1058.5], [1796.5, 1086.5], [1705.5, 1102.17], [1634.17, 1108.17]]",
LBX,Left,lbx010v27_l,../marked_images/landmarked_lbx/marked_tiff/left/LBX010V27_L_MARK.tif,../marked_images/landmarked_lbx/txt/left/LBX010V27_L.txt,../raw_images/lbx/LBX010V27_L.tif,LBX,40,40,autolabel_v1.4,3840,2160,"[[1360.5, 1019.5], [2367.04, 1175.13], [2465.73, 822.69], [2106.29, 1148.07], [2000.51, 1161.5], [1881.75, 1168.38], [1771.06, 1176.12], [1709.9, 1179.83], [1631.69, 1190.28], [1564.03, 1198.46], [2002.5, 995.5], [1928.5, 1059.5], [1829.5, 1096.5], [1745.5, 1120.5], [1674.5, 1143.5], [1596.5, 1140.5], [1545.5, 1080.5], [2014.82, 915.82], [2476.2, 899.55], [2480.46, 981.57], [2462.58, 1055.96], [2426.12, 1126.38], [2279.34, 1176.49], [2192.37, 1161.62], [1479.83, 1161.17], [1419.17, 1096.5], [1959.01, 939.72], [1901.64, 959.53], [1843.09, 975.36], [1783.71, 987.87], [1723.83, 997.87], [1663.62, 1005.67], [1602.98, 1007.92], [1542.29, 1009.63], [1481.6, 1011.46], [1420.95, 1013.9], [1865.5, 1046.5], [1769.5, 1076.5], [1684.5, 1093.5], [1608.5, 1099.5]]",
LBX,Left,lbx011v01_l,../marked_images/landmarked_lbx/marked_tiff/left/LBX011V01_L_MARK.tif,../marked_images/landmarked_lbx/txt/left/LBX011V01_L.txt,../raw_images/lbx/LBX011V01_L.tif,LBX,40,40,autolabel_v1.4,3840,2160,"[[1348.5, 1064.5], [2378.59, 1212.49], [2498.77, 918.17], [2142.24, 1190.93], [1964.14, 1200.5], [1871.98, 1215.15], [1778.79, 1228.66], [1689.31, 1240.47], [1612.45, 1246.48], [1550.13, 1246.52], [2004.5, 1041.5], [1949.0, 1101.0], [1828.5, 1139.5], [1746.0, 1176.5], [1668.17, 1198.5], [1585.5, 1182.5], [1531.5, 1132.5], [2015.3, 966.33], [2511.98, 992.1], [2525.08, 1065.76], [2510.12, 1138.38], [2449.64, 1184.95], [2299.28, 1211.54], [2221.6, 1197.5], [1466.5, 1202.5], [1406.5, 1139.5], [1958.17, 989.76], [1899.12, 1008.0], [1840.05, 1026.19], [1779.65, 1038.31], [1718.32, 1045.87], [1656.82, 1052.04], [1595.15, 1056.02], [1533.4, 1058.46], [1471.63, 1058.45], [1409.92, 1057.63], [1875.5, 1089.5], [1769.5, 1126.5], [1686.83, 1143.83], [1608.17, 1154.5]]",
LBX,Left,lbx011v02_l,../marked_images/landmarked_lbx/marked_tiff/left/LBX011V02_L_MARK.tif,../marked_images/landmarked_lbx/txt/left/LBX011V02_L.txt,../raw_images/lbx/LBX011V02_L.tif,LBX,40,40,autolabel_v1.4,3840,2160,"[[1347.5, 1052.5], [2372.31, 1214.39], [2534.11, 922.76], [2127.71, 1186.53], [1994.79, 1197.31], [1869.36, 1214.5], [1765.12, 1227.05], [1692.18, 1229.64], [1621.36, 1238.5], [1567.03, 1242.46], [1990.5, 1043.5], [1925.5, 1099.5], [1819.5, 1139.5], [1737.5, 1168.5], [1662.5, 1182.5], [1587.5, 1175.5], [1551.5, 1118.5], [2000.52, 980.05], [2560.39, 967.36], [2510.53, 1032.17], [2498.13, 1118.98], [2457.2, 1189.15], [2290.38, 1207.46], [2209.55, 1194.63], [1476.5, 1200.5], [1408.5, 1132.5], [1943.43, 998.8], [1885.49, 1014.86], [1826.51, 1026.42], [1767.21, 1036.23], [1707.62, 1044.03], [1647.74, 1049.41], [1587.67, 1051.84], [1527.57, 1051.94], [1467.49, 1050.21], [1407.46, 1048.09], [1864.5, 1090.5], [1763.5, 1121.5], [1679.5, 1148.5], [1611.5, 1144.5]]",
LBX,Left,lbx011v03_l,../marked_images/landmarked_lbx/marked_tiff/left/LBX011V03_L_MARK.tif,../marked_images/landmarked_lbx/txt/left/LBX011V03_L.txt,../raw_images/lbx/LBX011V03_L.tif,LBX,40,40,autolabel_v1.4,3840,2160,"[[1359.5, 1048.5], [2343.55, 1200.51], [2509.51, 929.16], [2123.06, 1175.51], [1996.8, 1190.81], [1881.04, 1201.48], [1770.49, 1211.84], [1700.55, 1217.86], [1623.6, 1227.5], [1557.41, 1227.49], [2003.5, 1032.5], [1934.5, 1095.5], [1829.5, 1134.5], [1743.5, 1160.5], [1672.5, 1176.5], [1592.5, 1174.5], [1547.83, 1113.17], [2015.18, 956.92], [2512.38, 1004.45], [2514.84, 1083.2], [2488.62, 1153.64], [2419.86, 1190.14], [2272.16, 1183.66], [2199.11, 1181.48], [1485.5, 1180.5], [1422.0, 1121.0], [1958.26, 977.66], [1900.23, 994.99], [1841.37, 1009.11], [1781.84, 1020.08], [1721.83, 1028.31], [1661.6, 1034.72], [1601.19, 1038.96], [1540.68, 1041.46], [1480.13, 1041.96], [1419.61, 1041.07], [1867.5, 1081.5], [1768.5, 1107.5], [1680.5, 1126.5], [1613.5, 1134.5]]",
LBX,Left,lbx011v04_l,../marked_images/landmarked_lbx/marked_tiff/left/LBX011V04_L_MARK.tif,../marked_images/landmarked_lbx/txt/left/LBX011V04_L.txt,../raw_images/lbx/LBX011V04_L.tif,LBX,40,40,autolabel_v1.4,3840,2160,"[[1347.83, 1077.17], [2363.19, 1211.09], [2453.34, 953.61], [2157.68, 1188.5], [2006.96, 1197.5], [1887.17, 1213.44], [1780.62, 1224.46], [1696.71, 1233.61], [1621.97, 1242.5], [1552.47, 1245.27], [1986.17, 1046.5], [1924.17, 1095.17], [1828.17, 1138.5], [1747.5, 1172.5], [1671.5, 1195.17], [1592.17, 1193.83], [1541.5, 1124.5], [1996.08, 971.34], [2506.75, 998.12], [2504.9, 1069.07], [2484.64, 1138.03], [2432.97, 1186.31], [2294.54, 1204.78], [2226.42, 1194.53], [1477.17, 1203.83], [1402.5, 1139.83], [1939.13, 990.55], [1881.4, 1007.33], [1823.06, 1021.88], [1763.97, 1033.04], [1704.57, 1042.35], [1644.89, 1049.52], [1584.89, 1053.58], [1524.81, 1056.31], [1464.71, 1056.73], [1405.1, 1058.8], [1866.83, 1089.83], [1770.83, 1123.17], [1685.5, 1141.83], [1608.17, 1154.5]]",
LBX,Left,lbx012v01_l,../marked_images/landmarked_lbx/marked_tiff/left/LBX012V01_L_MARK.tif,../marked_images/landmarked_lbx/txt/left/LBX012V01_L.txt,../raw_images/lbx/LBX012V01_L.tif,LBX,40,40,autolabel_v1.4,3840,2160,"[[1346.83, 1050.83], [2385.85, 1214.67], [2496.95, 903.73], [2146.54, 1197.01], [2011.96, 1210.5], [1881.72, 1222.91], [1772.88, 1231.67], [1694.51, 1236.38], [1624.28, 1246.06], [1556.35, 1251.3], [2006.5, 1044.5], [1937.5, 1104.5], [1830.5, 1141.5], [1748.5, 1175.5], [1668.5, 1189.5], [1588.17, 1188.5], [1544.17, 1111.83], [2017.19, 976.68], [2511.13, 981.12], [2525.5, 1057.06], [2516.55, 1132.94], [2459.18, 1186.71], [2306.45, 1205.33], [2226.66, 1202.64], [1470.83, 1210.17], [1406.17, 1132.17], [1959.07, 997.65], [1899.65, 1014.75], [1839.41, 1028.67], [1778.47, 1038.83], [1717.03, 1045.46], [1655.32, 1049.25], [1593.63, 1053.5], [1531.85, 1053.32], [1470.13, 1050.05], [1408.51, 1046.4], [1875.5, 1093.5], [1774.5, 1122.5], [1677.5, 1140.5], [1601.5, 1143.5]]",
LBX,Left,lbx013v01_l,../marked_images/landmarked_lbx/marked_tiff/left/LBX013V01_L_MARK.tif,../marked_images/landmarked_lbx/txt/left/LBX013V01_L.txt,../raw_images/lbx/LBX013V01_L.tif,LBX,40,40,autolabel_v1.4,3840,2160,"[[1372.5, 1070.0], [2330.33, 1209.5], [2465.55, 914.95], [2128.98, 1183.6], [1989.98, 1189.5], [1882.64, 1209.72], [1784.97, 1226.5], [1706.29, 1231.43], [1637.18, 1241.09], [1573.64, 1237.7], [1997.5, 1049.5], [1932.5, 1105.5], [1835.5, 1144.5], [1753.5, 1174.5], [1686.5, 1194.5], [1606.5, 1180.5], [1561.5, 1125.5], [2008.02, 977.26], [2486.19, 987.39], [2477.06, 1061.97], [2466.74, 1137.85], [2408.11, 1191.6], [2263.24, 1200.4], [2196.19, 1191.47], [1502.5, 1201.5], [1435.5, 1140.0], [1953.27, 998.67], [1897.4, 1017.01], [1840.25, 1030.76], [1782.5, 1041.66], [1724.34, 1050.33], [1665.96, 1057.41], [1607.34, 1062.07], [1548.63, 1065.1], [1489.86, 1065.89], [1431.09, 1064.97], [1881.5, 1093.5], [1776.5, 1125.5], [1695.5, 1145.5], [1625.5, 1152.5]]",
LBX,Left,lbx013v04_l,../marked_images/landmarked_lbx/marked_tiff/left/LBX013V04_L_MARK.tif,../marked_images/landmarked_lbx/txt/left/LBX013V04_L.txt,../raw_images/lbx/LBX013V04_L.tif,LBX,40,40,autolabel_v1.4,3840,2160,"[[1342.5, 1038.5], [2351.66, 1202.72], [2492.9, 889.81], [2120.19, 1183.5], [1987.38, 1187.7], [1879.66, 1201.94], [1783.42, 1211.91], [1701.49, 1218.47], [1627.37, 1229.47], [1544.64, 1228.04], [1993.5, 1027.5], [1922.5, 1084.5], [1825.5, 1122.5], [1741.5, 1152.5], [1676.5, 1176.5], [1593.5, 1169.5], [1541.83, 1100.5], [2005.14, 955.95], [2484.59, 956.99], [2504.95, 1038.34], [2493.28, 1118.22], [2431.18, 1174.38], [2274.26, 1202.5], [2197.02, 1194.65], [1461.83, 1183.17], [1393.17, 1106.5], [1947.63, 976.72], [1889.0, 994.16], [1829.41, 1007.79], [1769.19, 1018.26], [1708.55, 1026.26], [1647.76, 1032.94], [1586.7, 1036.42], [1525.56, 1037.5], [1464.45, 1036.02], [1403.42, 1033.06], [1870.5, 1076.5], [1768.5, 1106.5], [1678.5, 1120.5], [1611.5, 1133.5]]",
LBX,Left,lbx013v05_l,../marked_images/landmarked_lbx/marked_tiff/left/LBX013V05_L_MARK.tif,../marked_images/landmarked_lbx/txt/left/LBX013V05_L.txt,../raw_images/lbx/LBX013V05_L.tif,LBX,40,40,autolabel_v1.4,3840,2160,"[[1382.17, 1109.17], [2325.26, 1243.93], [2479.74, 955.84], [2127.69, 1205.05], [2014.1, 1206.89], [1900.75, 1226.47], [1808.43, 1240.7], [1734.07, 1245.94], [1665.98, 1257.86], [1606.12, 1263.67], [1998.5, 1054.83], [1928.5, 1100.17], [1842.5, 1139.5], [1759.83, 1169.5], [1688.5, 1190.83], [1629.17, 1206.83], [1577.17, 1149.83], [2008.49, 984.93], [2471.42, 1032.03], [2477.5, 1111.83], [2440.92, 1180.6], [2404.53, 1233.49], [2259.07, 1232.89], [2193.78, 1217.08], [1522.5, 1243.83], [1447.17, 1179.17], [1954.79, 1007.8], [1900.03, 1027.96], [1843.98, 1044.36], [1787.02, 1057.19], [1729.81, 1068.87], [1672.34, 1079.11], [1614.38, 1086.32], [1556.21, 1091.36], [1497.94, 1095.15], [1439.77, 1099.57], [1878.5, 1100.83], [1793.17, 1131.5], [1709.17, 1150.17], [1644.17, 1167.5]]",
LBX,Left,lbx013v07_l,../marked_images/landmarked_lbx/marked_tiff/left/LBX013V07_L_MARK.tif,../marked_images/landmarked_lbx/txt/left/LBX013V07_L.txt,../raw_images/lbx/LBX013V07_L.tif,LBX,40,40,autolabel_v1.4,3840,2160,"[[1371.5, 1045.5], [2305.32, 1214.49], [2506.5, 915.03], [2104.57, 1183.27], [2001.24, 1186.48], [1880.71, 1198.39], [1773.74, 1208.69], [1709.09, 1212.66], [1633.95, 1218.5], [1566.53, 1216.53], [2006.5, 1027.5], [1934.0, 1084.0], [1836.5, 1120.5], [1755.5, 1152.0], [1682.5, 1168.5], [1611.5, 1165.5], [1548.5, 1103.5], [2016.56, 971.92], [2512.57, 1002.86], [2510.27, 1090.42], [2466.09, 1164.42], [2388.83, 1205.78], [2238.0, 1207.36], [2171.42, 1194.23], [1484.0, 1178.5], [1425.0, 1112.0], [1959.85, 989.45], [1902.39, 1004.27], [1844.38, 1016.69], [1785.9, 1026.8], [1727.07, 1034.53], [1667.85, 1038.6], [1608.66, 1043.04], [1549.38, 1045.19], [1490.05, 1044.48], [1430.77, 1042.38], [1886.5, 1081.0], [1786.0, 1105.0], [1703.5, 1120.5], [1632.5, 1128.5]]",
LBX,Left,lbx013v08_l,../marked_images/landmarked_lbx/marked_tiff/left/LBX013V08_L_MARK.tif,../marked_images/landmarked_lbx/txt/left/LBX013V08_L.txt,../raw_images/lbx/LBX013V08_L.tif,LBX,40,40,autolabel_v1.4,3840,2160,"[[1322.17, 1051.5], [2338.03, 1253.5], [2505.76, 940.46], [2103.75, 1218.52], [1965.06, 1227.51], [1843.13, 1235.5], [1751.71, 1241.28], [1672.27, 1242.96], [1601.29, 1249.53], [1528.08, 1247.41], [1988.5, 1059.83], [1914.5, 1109.83], [1816.5, 1151.17], [1729.83, 1183.17], [1655.83, 1199.17], [1586.0, 1210.0], [1502.5, 1118.5], [2003.35, 985.13], [2515.47, 1024.18], [2516.22, 1108.61], [2490.93, 1189.22], [2420.2, 1234.63], [2259.84, 1242.34], [2181.97, 1229.52], [1440.83, 1209.5], [1373.5, 1130.83], [1944.49, 1006.81], [1883.87, 1022.99], [1822.35, 1035.09], [1760.33, 1044.41], [1697.99, 1051.3], [1635.38, 1055.4], [1572.7, 1058.16], [1509.98, 1059.26], [1447.38, 1056.66], [1384.91, 1051.5], [1861.83, 1103.17], [1761.17, 1129.83], [1671.17, 1144.5], [1600.0, 1149.5]]",
LBX,Left,lbx013v09_l,../marked_images/landmarked_lbx/marked_tiff/left/LBX013V09_L_MARK.tif,../marked_images/landmarked_lbx/txt/left/LBX013V09_L.txt,../raw_images/lbx/LBX013V09_L.tif,LBX,40,40,autolabel_v1.4,3840,2160,"[[1316.5, 1061.5], [2364.35, 1208.78], [2482.32, 926.93], [2111.11, 1182.5], [1994.11, 1192.17], [1876.24, 1209.31], [1766.8, 1222.79], [1688.25, 1230.8], [1619.94, 1238.52], [1535.37, 1241.93], [1974.5, 1038.5], [1906.5, 1094.5], [1815.5, 1134.5], [1735.5, 1170.5], [1661.5, 1184.5], [1584.5, 1185.5], [1537.5, 1121.5], [1983.85, 971.99], [2496.5, 1006.6], [2515.68, 1084.55], [2505.34, 1140.87], [2442.93, 1186.79], [2279.8, 1202.5], [2195.37, 1192.99], [1447.5, 1204.5], [1385.5, 1143.5], [1925.77, 992.47], [1866.82, 1010.34], [1806.63, 1023.36], [1745.97, 1033.97], [1684.98, 1042.58], [1623.77, 1049.51], [1562.34, 1054.1], [1500.8, 1056.37], [1439.23, 1056.2], [1377.7, 1054.51], [1853.5, 1092.5], [1756.5, 1116.5], [1665.5, 1137.5], [1598.5, 1149.5]]",
LBX,Left,lbx013v10_l,../marked_images/landmarked_lbx/marked_tiff/left/LBX013V10_L_MARK.tif,../marked_images/landmarked_lbx/txt/left/LBX013V10_L.txt,../raw_images/lbx/LBX013V10_L.tif,LBX,40,40,autolabel_v1.4,3840,2160,"[[1350.5, 1070.5], [2349.03, 1209.5], [2495.61, 946.34], [2121.9, 1180.54], [2006.88, 1190.5], [1878.58, 1205.5], [1782.34, 1218.4], [1707.79, 1226.14], [1633.08, 1236.96], [1561.46, 1235.35], [1995.5, 1040.5], [1925.17, 1093.5], [1829.83, 1137.5], [1748.5, 1166.17], [1678.5, 1192.5], [1601.5, 1192.5], [1561.5, 1119.5], [2003.69, 981.7], [2512.26, 1017.48], [2509.7, 1087.71], [2479.13, 1152.37], [2420.5, 1194.5], [2272.96, 1203.54], [2197.36, 1192.62], [1480.0, 1201.5], [1413.5, 1138.0], [1946.09, 999.45], [1888.72, 1017.93], [1830.05, 1031.39], [1770.72, 1041.92], [1711.08, 1050.54], [1651.18, 1057.16], [1591.09, 1061.89], [1530.93, 1065.42], [1470.72, 1066.28], [1410.53, 1065.07], [1867.83, 1096.17], [1775.17, 1119.5], [1689.5, 1139.5], [1622.5, 1151.5]]",
LBX,Left,lbx013v11_l,../marked_images/landmarked_lbx/marked_tiff/left/LBX013V11_L_MARK.tif,../marked_images/landmarked_lbx/txt/left/LBX013V11_L.txt,../raw_images/lbx/LBX013V11_L.tif,LBX,40,40,autolabel_v1.4,3840,2160,"[[1337.17, 1058.5], [2339.8, 1202.5], [2470.36, 921.85], [2099.37, 1171.52], [1975.1, 1186.89], [1850.72, 1208.5], [1765.57, 1214.72], [1686.84, 1224.64], [1612.47, 1235.41], [1545.35, 1234.58], [1967.83, 1038.83], [1911.17, 1096.17], [1811.83, 1134.83], [1733.17, 1168.83], [1657.5, 1185.5], [1590.5, 1191.5], [1540.5, 1118.5], [1978.57, 964.08], [2485.62, 994.76], [2493.35, 1069.01], [2474.39, 1140.11], [2413.0, 1183.85], [2259.84, 1191.59], [2179.61, 1182.51], [1466.5, 1195.17], [1401.17, 1131.17], [1922.96, 984.71], [1866.41, 1002.64], [1808.78, 1016.58], [1750.59, 1028.01], [1691.98, 1037.08], [1633.02, 1043.59], [1573.9, 1048.5], [1514.66, 1051.34], [1455.36, 1052.01], [1396.09, 1051.6], [1857.17, 1085.5], [1757.83, 1115.5], [1672.5, 1138.83], [1604.5, 1150.5]]",
LBX,Left,lbx013v14_l,../marked_images/landmarked_lbx/marked_tiff/left/LBX013V14_L_MARK.tif,../marked_images/landmarked_lbx/txt/left/LBX013V14_L.txt,../raw_images/lbx/LBX013V14_L.tif,LBX,40,40,autolabel_v1.4,3840,2160,"[[1373.0, 1071.0], [2327.69, 1197.5], [2466.25, 909.07], [2110.05, 1173.54], [2005.13, 1184.5], [1902.93, 1196.62], [1790.42, 1211.05], [1708.88, 1218.59], [1628.82, 1227.57], [1550.13, 1229.49], [1983.5, 1029.83], [1921.5, 1079.83], [1830.83, 1119.17], [1749.5, 1151.83], [1674.17, 1175.17], [1601.5, 1177.0], [1559.0, 1120.5], [1991.6, 968.73], [2465.78, 982.4], [2499.81, 1043.28], [2468.75, 1119.7], [2409.01, 1177.5], [2254.94, 1191.68], [2182.5, 1182.37], [1477.5, 1182.5], [1421.0, 1126.5], [1938.1, 989.45], [1883.94, 1008.4], [1828.12, 1021.46], [1771.86, 1032.68], [1715.3, 1042.25], [1658.38, 1049.44], [1601.34, 1055.65], [1544.08, 1058.6], [1486.71, 1059.52], [1429.44, 1060.68], [1874.83, 1078.5], [1777.5, 1111.17], [1688.5, 1132.5], [1625.0, 1143.0]]",
LBX,Left,lbx013v18_l,../marked_images/landmarked_lbx/marked_tiff/left/LBX013V18_L_MARK.tif,../marked_images/landmarked_lbx/txt/left/LBX013V18_L.txt,../raw_images/lbx/LBX013V18_L.tif,LBX,40,40,autolabel_v1.4,3840,2160,"[[1312.17, 1074.83], [2354.36, 1251.04], [2458.53, 932.43], [2086.8, 1215.52], [1969.68, 1217.57], [1841.69, 1225.6], [1739.13, 1236.82], [1662.57, 1238.68], [1601.86, 1243.89], [1494.95, 1243.5], [1965.5, 1055.5], [1904.5, 1105.5], [1798.5, 1141.5], [1717.0, 1173.0], [1647.0, 1199.5], [1582.5, 1201.0], [1511.0, 1126.5], [1975.51, 996.31], [2490.63, 1018.83], [2500.46, 1109.73], [2458.68, 1160.16], [2440.58, 1218.71], [2264.82, 1247.48], [2176.66, 1229.39], [1425.5, 1201.5], [1364.83, 1138.83], [1917.56, 1015.31], [1857.58, 1026.79], [1798.07, 1040.46], [1737.89, 1050.4], [1677.2, 1057.07], [1616.3, 1061.58], [1555.27, 1063.89], [1494.22, 1064.97], [1433.17, 1064.38], [1372.26, 1063.96], [1848.5, 1103.5], [1753.5, 1131.5], [1662.5, 1148.0], [1594.0, 1155.5]]",
LBX,Left,lbx014v01_l,../marked_images/landmarked_lbx/marked_tiff/left/LBX014V01_L_MARK.tif,../marked_images/landmarked_lbx/txt/left/LBX014V01_L.txt,../raw_images/lbx/LBX014V01_L.tif,LBX,40,40,autolabel_v1.4,3840,2160,"[[1366.5, 1084.5], [2292.73, 1216.93], [2435.11, 959.13], [2070.72, 1187.5], [1961.4, 1192.5], [1850.95, 1206.87], [1767.92, 1215.5], [1697.03, 1221.5], [1632.49, 1231.5], [1568.03, 1239.5], [1994.17, 1030.17], [1880.17, 1091.83], [1795.5, 1135.17], [1723.5, 1159.17], [1666.5, 1187.5], [1593.5, 1189.5], [1547.5, 1121.5], [2005.24, 952.74], [2447.74, 1025.77], [2441.46, 1092.51], [2415.76, 1153.36], [2352.63, 1183.86], [2218.2, 1211.91], [2145.15, 1196.93], [1486.5, 1204.5], [1424.5, 1150.5], [1949.9, 974.74], [1893.69, 994.4], [1836.62, 1011.4], [1778.69, 1025.27], [1720.17, 1036.39], [1661.34, 1045.68], [1602.33, 1053.83], [1543.16, 1060.56], [1483.82, 1065.77], [1424.49, 1070.87], [1834.17, 1089.83], [1748.17, 1116.5], [1663.5, 1139.5], [1605.5, 1149.5]]",
LBX,Left,lbx014v02_l,../marked_images/landmarked_lbx/marked_tiff/left/LBX014V02__MARK_L.tif,../marked_images/landmarked_lbx/txt/left/LBX014V02_L.txt,../raw_images/lbx/LBX014V02_L.tif,LBX,40,40,autolabel_v1.4,3840,2160,"[[1319.5, 1079.5], [2376.22, 1201.44], [2492.3, 901.67], [2149.44, 1180.99], [1997.07, 1192.49], [1884.21, 1203.34], [1754.83, 1225.17], [1676.89, 1231.58], [1601.5, 1245.5], [1541.21, 1247.92], [1986.5, 1031.5], [1912.83, 1094.17], [1820.83, 1136.83], [1729.5, 1171.5], [1657.5, 1198.5], [1573.5, 1197.5], [1515.5, 1133.5], [1994.01, 966.4], [2497.49, 974.18], [2509.87, 1047.91], [2501.43, 1122.63], [2446.8, 1173.91], [2300.79, 1197.27], [2225.5, 1186.63], [1451.5, 1213.5], [1383.5, 1150.5], [1936.09, 990.28], [1877.3, 1011.91], [1816.95, 1028.81], [1755.4, 1040.32], [1693.27, 1048.21], [1631.01, 1054.93], [1569.35, 1066.18], [1506.86, 1070.19], [1444.23, 1070.75], [1381.69, 1071.75], [1855.17, 1090.83], [1755.17, 1120.83], [1659.5, 1143.5], [1588.5, 1158.5]]",
LBX,Left,lbx016v01_l,../marked_images/landmarked_lbx/marked_tiff/left/LBX016V01_L_MARK.tif,../marked_images/landmarked_lbx/txt/left/LBX016V01_L.txt,../raw_images/lbx/LBX016V01_L.tif,LBX,40,40,autolabel_v1.4,3840,2160,"[[1339.5, 1086.5], [2370.54, 1231.5], [2487.67, 940.13], [2142.98, 1196.35], [2006.05, 1205.5], [1888.73, 1226.45], [1781.6, 1241.37], [1701.33, 1246.83], [1635.13, 1256.11], [1569.22, 1260.49], [1992.5, 1048.5], [1927.5, 1102.5], [1826.5, 1147.5], [1745.5, 1178.5], [1678.83, 1205.5], [1592.17, 1194.17], [1554.17, 1136.83], [2001.96, 981.2], [2512.89, 1012.09], [2522.37, 1087.66], [2495.92, 1157.58], [2439.31, 1204.49], [2294.44, 1221.24], [2219.53, 1204.54], [1484.5, 1229.5], [1413.5, 1167.5], [1944.41, 1002.24], [1885.92, 1020.59], [1826.27, 1034.77], [1766.14, 1046.64], [1705.65, 1056.59], [1644.91, 1064.87], [1583.9, 1070.92], [1522.75, 1075.29], [1461.51, 1077.5], [1400.25, 1078.21], [1866.5, 1098.5], [1774.5, 1129.5], [1694.83, 1148.83], [1618.83, 1157.5]]",
LBX,Left,lbx016v02_l,../marked_images/landmarked_lbx/marked_tiff/left/LBX016V02_L_MARK.tif,../marked_images/landmarked_lbx/txt/left/LBX016V02_L.txt,../raw_images/lbx/LBX016V02_L.tif,LBX,40,40,autolabel_v1.4,3840,2160,"[[1378.17, 1060.17], [2337.96, 1196.87], [2441.94, 924.72], [2108.79, 1172.47], [1987.7, 1179.29], [1876.19, 1193.45], [1778.72, 1209.61], [1702.22, 1214.53], [1631.18, 1223.44], [1565.09, 1225.88], [1982.0, 1037.0], [1920.5, 1084.5], [1825.5, 1125.0], [1744.0, 1150.5], [1659.5, 1162.5], [1600.17, 1160.5], [1564.17, 1117.83], [1992.42, 963.82], [2448.39, 991.47], [2456.5, 1057.66], [2444.92, 1124.94], [2401.66, 1173.06], [2261.39, 1192.36], [2185.33, 1180.19], [1490.17, 1181.83], [1428.5, 1122.5], [1938.85, 983.74], [1881.68, 987.96], [1832.63, 1016.76], [1777.7, 1031.25], [1721.18, 1040.6], [1664.28, 1047.56], [1607.19, 1052.69], [1549.94, 1055.61], [1492.65, 1056.3], [1435.36, 1056.21], [1864.5, 1081.5], [1769.5, 1112.0], [1685.5, 1129.5], [1626.17, 1137.83]]",
LBX,Left,lbx016v04_l,../marked_images/landmarked_lbx/marked_tiff/left/LBX016V04_L_MARK.tif,../marked_images/landmarked_lbx/txt/left/LBX016V04_L.txt,../raw_images/lbx/LBX016V04_L.tif,LBX,40,40,autolabel_v1.4,3840,2160,"[[1328.5, 1065.5], [2321.94, 1211.5], [2461.54, 901.14], [2084.19, 1179.44], [1994.78, 1185.31], [1875.08, 1201.15], [1764.97, 1216.55], [1684.79, 1223.62], [1619.33, 1237.05], [1553.09, 1243.88], [1986.17, 1027.17], [1916.83, 1077.83], [1816.83, 1117.83], [1742.5, 1161.0], [1666.5, 1187.0], [1580.0, 1170.0], [1526.5, 1122.5], [1996.15, 959.25], [2473.09, 980.86], [2481.5, 1061.56], [2458.7, 1136.79], [2401.65, 1195.72], [2243.43, 1196.98], [2164.17, 1184.44], [1469.5, 1215.5], [1395.5, 1145.5], [1938.1, 980.62], [1879.32, 999.89], [1819.75, 1016.42], [1759.31, 1029.57], [1698.28, 1039.77], [1636.9, 1047.53], [1575.22, 1051.95], [1513.44, 1055.22], [1451.63, 1057.25], [1389.81, 1057.19], [1853.5, 1077.83], [1761.5, 1107.83], [1676.0, 1130.0], [1601.5, 1139.5]]",
LBX,Left,lbx016v06_l,../marked_images/landmarked_lbx/marked_tiff/left/LBX016V06_L_MARK.tif,../marked_images/landmarked_lbx/txt/left/LBX016V06_L.txt,../raw_images/lbx/LBX016V06_L.tif,LBX,40,40,autolabel_v1.4,3840,2160,"[[1382.83, 1082.83], [2353.49, 1209.41], [2476.36, 936.07], [2112.19, 1182.5], [2001.91, 1193.5], [1894.73, 1210.59], [1797.41, 1228.03], [1725.14, 1235.14], [1660.61, 1244.4], [1588.23, 1244.38], [1985.5, 1048.5], [1924.5, 1102.5], [1829.5, 1140.5], [1755.5, 1175.5], [1686.5, 1191.5], [1609.83, 1181.5], [1570.5, 1128.17], [1993.53, 986.94], [2486.57, 1000.77], [2491.49, 1069.85], [2461.68, 1131.94], [2419.06, 1186.3], [2272.82, 1202.84], [2192.42, 1193.21], [1509.5, 1205.5], [1444.17, 1146.17], [1940.8, 1007.35], [1886.91, 1024.55], [1831.8, 1037.23], [1776.19, 1047.51], [1720.25, 1055.83], [1664.08, 1062.54], [1607.79, 1068.19], [1551.31, 1070.26], [1494.74, 1070.57], [1438.29, 1071.65], [1869.5, 1100.5], [1779.5, 1129.5], [1695.5, 1146.5], [1632.5, 1155.5]]",
LBX,Left,lbx016v08_l,../marked_images/landmarked_lbx/marked_tiff/left/LBX016V08_L_MARK.tif,../marked_images/landmarked_lbx/txt/left/LBX016V08_L.txt,../raw_images/lbx/LBX016V08_L.tif,LBX,40,40,autolabel_v1.4,3840,2160,"[[1396.17, 1055.5], [2316.69, 1194.5], [2431.71, 918.58], [2121.74, 1165.8], [1996.61, 1166.77], [1882.2, 1179.5], [1781.8, 1193.91], [1706.9, 1200.37], [1638.0, 1209.49], [1577.19, 1211.91], [1984.5, 1025.5], [1919.5, 1068.5], [1830.5, 1106.5], [1753.5, 1136.5], [1680.83, 1159.5], [1608.17, 1149.5], [1571.5, 1107.5], [1994.96, 956.24], [2445.85, 988.76], [2455.0, 1060.14], [2442.94, 1130.5], [2386.28, 1175.61], [2251.84, 1184.1], [2186.87, 1174.5], [1506.17, 1182.83], [1446.17, 1119.5], [1943.5, 977.08], [1890.99, 995.11], [1837.25, 1009.2], [1782.84, 1020.37], [1728.1, 1029.76], [1673.1, 1037.57], [1617.86, 1043.58], [1562.43, 1047.04], [1506.91, 1048.5], [1451.41, 1049.58], [1868.5, 1068.5], [1773.5, 1102.5], [1694.5, 1120.5], [1630.83, 1126.17]]",
LBX,Left,lbx016v09_l,../marked_images/landmarked_lbx/marked_tiff/left/LBX016V09_L_MARK.tif,../marked_images/landmarked_lbx/txt/left/LBX016V09_L.txt,../raw_images/lbx/LBX016V09_L.tif,LBX,40,40,autolabel_v1.4,3840,2160,"[[1343.83, 1075.17], [2388.7, 1201.67], [2478.17, 919.96], [2146.64, 1195.28], [1994.11, 1204.5], [1892.58, 1223.42], [1784.29, 1238.11], [1709.26, 1243.07], [1638.69, 1252.94], [1573.21, 1253.69], [1998.5, 1052.5], [1934.5, 1112.5], [1842.5, 1150.5], [1760.5, 1180.5], [1684.5, 1207.17], [1602.5, 1193.17], [1549.5, 1131.83], [2007.03, 982.02], [2525.73, 962.8], [2503.97, 1015.44], [2515.05, 1102.17], [2463.88, 1170.77], [2313.82, 1209.85], [2230.65, 1201.5], [1483.17, 1221.83], [1407.17, 1151.17], [1950.18, 1004.67], [1891.32, 1022.11], [1831.92, 1037.61], [1771.97, 1050.77], [1711.34, 1059.56], [1650.12, 1064.11], [1588.84, 1067.91], [1527.5, 1070.4], [1466.17, 1070.04], [1404.89, 1068.76], [1878.5, 1100.5], [1784.5, 1128.5], [1692.5, 1146.5], [1624.5, 1156.5]]",
LBX,Left,lbx016v11_l,../marked_images/landmarked_lbx/marked_tiff/left/LBX016V11_L_MARK.tif,../marked_images/landmarked_lbx/txt/left/LBX016V11_L.txt,../raw_images/lbx/LBX016V11_L.tif,LBX,40,40,autolabel_v1.4,3840,2160,"[[1401.5, 1084.5], [2359.13, 1225.37], [2516.34, 987.35], [2137.37, 1190.55], [2020.43, 1198.23], [1904.37, 1212.48], [1812.27, 1227.32], [1737.83, 1231.08], [1655.68, 1239.61], [1592.12, 1243.67], [2015.5, 1047.5], [1942.5, 1096.5], [1849.5, 1137.5], [1765.5, 1166.5], [1697.5, 1192.17], [1628.17, 1197.5], [1587.83, 1129.17], [2025.87, 976.99], [2508.54, 1050.61], [2495.17, 1111.9], [2474.89, 1172.59], [2421.77, 1209.59], [2286.32, 1207.28], [2211.78, 1200.07], [1514.5, 1207.5], [1457.5, 1149.5], [1972.51, 999.49], [1917.29, 1017.14], [1861.25, 1031.97], [1804.73, 1044.83], [1747.74, 1055.24], [1690.25, 1062.69], [1632.58, 1068.67], [1574.76, 1072.67], [1516.84, 1074.85], [1458.95, 1076.73], [1894.5, 1092.5], [1798.5, 1120.5], [1710.83, 1146.83], [1646.83, 1153.5]]",
LBX,Left,rx013xinv7-1-v17_l,../marked_images/landmarked_lbx/marked_tiff/left/RX013xINV7-1-V17_L_MARK.tif,../marked_images/landmarked_lbx/txt/left/RX013xINV7-1-V17_L.txt,../raw_images/lbx/RX013xINV7-1-V17_L.tif,LBX,40,40,autolabel_v1.4,3840,2160,"[[1326.5, 1086.5], [2293.99, 1246.86], [2425.91, 981.81], [2086.55, 1218.5], [1947.25, 1220.5], [1819.1, 1230.5], [1726.38, 1241.58], [1660.59, 1244.09], [1589.0, 1255.11], [1521.44, 1253.5], [1950.83, 1080.5], [1880.83, 1129.83], [1782.17, 1174.5], [1706.17, 1200.5], [1632.17, 1208.5], [1562.17, 1206.5], [1517.5, 1138.5], [1963.06, 1006.75], [2440.19, 1052.43], [2441.5, 1123.74], [2424.37, 1193.7], [2365.05, 1234.15], [2225.16, 1232.22], [2156.59, 1221.39], [1452.5, 1212.5], [1389.0, 1152.5], [1907.98, 1027.02], [1852.02, 1044.73], [1794.7, 1057.47], [1736.71, 1066.43], [1678.38, 1073.04], [1619.87, 1077.71], [1561.17, 1079.24], [1502.46, 1080.12], [1443.75, 1080.88], [1385.07, 1082.32], [1828.83, 1129.17], [1730.83, 1155.83], [1646.17, 1166.5], [1578.17, 1171.17]]",
LBX,Left,rx013xinv7-1-v18_l,../marked_images/landmarked_lbx/marked_tiff/left/RX013xINV7-1-V18_L_MARK.tif,../marked_images/landmarked_lbx/txt/left/RX013xINV7-1-V18_L.txt,../raw_images/lbx/RX013xINV7-1-V18_L.tif,LBX,40,40,autolabel_v1.4,3840,2160,"[[1359.83, 1077.83], [2306.55, 1229.4], [2448.78, 991.37], [2107.86, 1204.5], [1965.65, 1206.39], [1844.69, 1225.6], [1747.07, 1237.8], [1676.54, 1245.99], [1614.03, 1253.5], [1552.13, 1252.49], [1988.5, 1072.5], [1914.0, 1117.0], [1816.5, 1152.0], [1731.5, 1187.5], [1656.0, 1196.0], [1586.5, 1199.5], [1536.0, 1138.0], [2002.65, 984.12], [2452.44, 1058.77], [2458.34, 1126.1], [2434.69, 1187.81], [2372.48, 1214.03], [2240.24, 1220.18], [2174.68, 1209.5], [1471.5, 1210.5], [1416.0, 1149.0], [1947.66, 1007.13], [1891.14, 1026.09], [1833.6, 1041.61], [1775.33, 1054.07], [1716.53, 1063.85], [1657.41, 1071.53], [1598.12, 1077.79], [1538.59, 1080.06], [1478.98, 1080.86], [1419.37, 1080.92], [1862.0, 1120.0], [1766.5, 1146.5], [1675.0, 1160.0], [1610.5, 1167.0]]",
LBX,Left,rx013xinv7-1-v24_l,../marked_images/landmarked_lbx/marked_tiff/left/RX013xINV7-1-V24_L_MARK.tif,../marked_images/landmarked_lbx/txt/left/RX013xINV7-1-V24_L.txt,../raw_images/lbx/RX013xINV7-1-V24_L.tif,LBX,40,40,autolabel_v1.4,3840,2160,"[[1369.0, 1058.5], [2346.4, 1194.5], [2494.84, 1015.86], [2150.23, 1171.56], [2027.31, 1182.5], [1898.22, 1199.53], [1794.46, 1213.52], [1728.39, 1215.4], [1656.36, 1228.5], [1580.15, 1229.18], [2011.5, 1032.5], [1941.0, 1087.5], [1844.0, 1126.5], [1769.0, 1163.0], [1695.5, 1174.5], [1632.5, 1192.5], [1573.5, 1104.0], [2022.29, 954.98], [2484.58, 1066.81], [2471.67, 1117.58], [2444.21, 1158.46], [2396.95, 1180.91], [2280.74, 1187.38], [2216.32, 1175.5], [1500.0, 1186.0], [1434.5, 1127.5], [1966.46, 978.46], [1909.13, 998.09], [1850.45, 1013.21], [1791.04, 1024.92], [1731.15, 1034.14], [1671.05, 1041.91], [1610.59, 1046.09], [1550.04, 1048.5], [1489.45, 1049.19], [1428.92, 1049.41], [1887.0, 1081.5], [1791.0, 1113.0], [1709.5, 1125.5], [1642.0, 1138.0]]",
LBX,Left,rx013xinv7-1-v26_l,../marked_images/landmarked_lbx/marked_tiff/left/RX013xINV7-1-V26_L_MARK.tif,../marked_images/landmarked_lbx/txt/left/RX013xINV7-1-V26_L.txt,../raw_images/lbx/RX013xINV7-1-V26_L.tif,LBX,40,40,autolabel_v1.4,3840,2160,"[[1366.83, 1049.17], [2357.52, 1193.75], [2466.54, 908.21], [2150.92, 1174.64], [2000.17, 1183.5], [1862.22, 1200.08], [1769.76, 1212.25], [1702.33, 1214.79], [1626.03, 1225.46], [1564.28, 1222.94], [2002.17, 1031.17], [1938.17, 1081.83], [1831.5, 1133.5], [1753.0, 1170.5], [1678.5, 1175.5], [1609.5, 1175.5], [1558.5, 1101.5], [2012.97, 957.16], [2485.64, 980.82], [2495.48, 1055.69], [2485.76, 1129.46], [2430.81, 1175.55], [2288.65, 1184.98], [2220.62, 1177.5], [1492.17, 1174.5], [1428.17, 1116.5], [1957.7, 979.91], [1901.14, 999.22], [1843.12, 1013.81], [1784.3, 1024.62], [1725.1, 1033.04], [1665.62, 1039.34], [1605.94, 1043.44], [1546.19, 1046.32], [1486.4, 1047.03], [1426.6, 1046.63], [1876.0, 1081.0], [1776.5, 1113.5], [1690.5, 1129.0], [1618.0, 1139.0]]",
LBX,Left,rx013xinv7-1-v28_l,../marked_images/landmarked_lbx/marked_tiff/left/RX013xINV7-1-V28_L_MARK.tif,../marked_images/landmarked_lbx/txt/left/RX013xINV7-1-V28_L.txt,../raw_images/lbx/RX013xINV7-1-V28_L.tif,LBX,40,40,autolabel_v1.4,3840,2160,"[[1378.83, 1084.5], [2331.37, 1212.52], [2424.58, 929.43], [2108.11, 1181.11], [1987.43, 1194.5], [1883.6, 1212.63], [1791.56, 1228.32], [1719.67, 1235.32], [1656.94, 1244.69], [1585.85, 1243.5], [1996.83, 1046.83], [1928.17, 1100.83], [1836.17, 1141.5], [1760.83, 1182.83], [1691.5, 1195.5], [1624.5, 1197.5], [1569.5, 1129.5], [2006.08, 978.06], [2431.97, 1004.47], [2487.06, 1059.72], [2464.69, 1134.94], [2407.66, 1190.09], [2259.79, 1187.15], [2184.58, 1180.5], [1508.83, 1205.83], [1439.5, 1148.5], [1951.78, 999.04], [1896.92, 1018.51], [1840.78, 1033.57], [1783.78, 1045.25], [1726.35, 1054.72], [1668.67, 1062.54], [1610.7, 1067.7], [1552.61, 1071.49], [1494.46, 1073.79], [1436.33, 1075.43], [1878.83, 1104.17], [1781.5, 1134.17], [1702.83, 1152.17], [1639.5, 1161.5]]",
LBX,Left,rx013xinv7-1-v31_l,../marked_images/landmarked_lbx/marked_tiff/left/RX013xINV7-1-V31_L_MARK.tif,../marked_images/landmarked_lbx/txt/left/RX013xINV7-1-V31_L.txt,../raw_images/lbx/RX013xINV7-1-V31_L.tif,LBX,40,40,autolabel_v1.4,3840,2160,"[[1388.0, 1090.0], [2330.35, 1205.48], [2462.69, 958.82], [2135.66, 1186.51], [2002.34, 1191.5], [1895.74, 1204.39], [1793.82, 1222.89], [1718.21, 1231.21], [1653.66, 1238.93], [1585.12, 1240.5], [1990.33, 1055.0], [1929.67, 1098.33], [1833.67, 1141.0], [1760.33, 1177.67], [1690.33, 1191.0], [1622.0, 1192.0], [1570.5, 1134.5], [1999.73, 978.3], [2475.45, 1022.59], [2472.13, 1087.04], [2445.36, 1146.04], [2392.54, 1184.8], [2265.46, 1199.74], [2201.36, 1189.5], [1514.0, 1206.0], [1452.0, 1155.5], [1948.06, 1001.94], [1894.47, 1021.17], [1839.54, 1036.25], [1783.79, 1047.78], [1727.66, 1057.46], [1671.28, 1065.46], [1614.55, 1070.58], [1557.77, 1075.19], [1500.91, 1077.86], [1444.08, 1080.03], [1871.67, 1105.0], [1785.0, 1133.67], [1701.0, 1151.67], [1641.0, 1163.0]]",
LBX,Left,rx013xinv7-1-v35_l,../marked_images/landmarked_lbx/marked_tiff/left/RX013xINV7-1-V35_L_MARK.tif,../marked_images/landmarked_lbx/txt/left/RX013xINV7-1-V35_L.txt,../raw_images/lbx/RX013xINV7-1-V35_L.tif,LBX,40,40,autolabel_v1.4,3840,2160,"[[1321.83, 1129.5], [2253.43, 1241.48], [2395.5, 1035.33], [2048.57, 1230.27], [1932.09, 1240.45], [1816.11, 1251.02], [1723.84, 1264.55], [1654.19, 1270.83], [1584.47, 1285.26], [1522.03, 1288.46], [1936.5, 1097.5], [1866.5, 1146.83], [1772.5, 1188.83], [1697.17, 1221.5], [1629.17, 1238.83], [1555.83, 1242.17], [1512.5, 1171.5], [1947.52, 1005.83], [2397.62, 1103.04], [2380.75, 1168.28], [2337.88, 1217.77], [2281.14, 1205.64], [2180.63, 1253.82], [2125.96, 1228.57], [1447.83, 1254.17], [1381.83, 1192.83], [1898.92, 1037.61], [1843.83, 1057.88], [1787.32, 1073.75], [1730.03, 1086.36], [1672.19, 1096.27], [1614.01, 1104.04], [1555.63, 1110.19], [1497.1, 1114.52], [1438.48, 1117.64], [1379.93, 1121.09], [1812.5, 1148.17], [1717.17, 1176.83], [1639.17, 1190.83], [1569.83, 1202.17]]",
LBX,Left,rx013xinv7-1-v38_l,../marked_images/landmarked_lbx/marked_tiff/left/RX013xINV7-1-V38_L_MARK.tif,../marked_images/landmarked_lbx/txt/left/RX013xINV7-1-V38_L.txt,../raw_images/lbx/RX013xINV7-1-V38_L.tif,LBX,40,40,autolabel_v1.4,3840,2160,"[[1322.5, 1103.5], [2248.47, 1219.41], [2368.36, 954.46], [2025.11, 1181.5], [1914.32, 1189.46], [1804.5, 1207.73], [1714.16, 1223.32], [1650.68, 1228.5], [1581.45, 1236.01], [1526.06, 1241.15], [1929.5, 1049.5], [1863.5, 1103.5], [1772.5, 1141.5], [1694.5, 1169.5], [1623.5, 1178.5], [1560.5, 1198.5], [1525.83, 1122.83], [1939.98, 965.77], [2375.3, 1024.71], [2386.45, 1094.63], [2374.09, 1162.61], [2317.18, 1202.67], [2173.02, 1209.3], [2101.38, 1185.45], [1445.0, 1214.0], [1379.5, 1158.0], [1886.94, 988.73], [1833.12, 1009.76], [1778.2, 1027.57], [1722.05, 1041.24], [1665.35, 1052.51], [1608.7, 1063.96], [1551.73, 1073.65], [1494.42, 1081.02], [1436.97, 1087.31], [1379.7, 1095.19], [1817.5, 1100.5], [1723.5, 1134.5], [1646.0, 1151.0], [1579.0, 1165.5]]",
LBX,Right,feb1xpbx012-1-v35_r,../marked_images/landmarked_lbx/marked_tiff/right/FEB1xPBX012-1-V35_R_MARK.tif,../marked_images/landmarked_lbx/txt/right/FEB1xPBX012-1-V35_R.txt,../raw_images/lbx/FEB1xPBX012-1-V35_R.tif,LBX,42,42,autolabel_v1.4,3840,2160,"[[2502.67, 1060.81], [1500.35, 1241.39], [1370.05, 954.83], [1714.74, 1209.5], [1812.24, 1214.3], [1926.86, 1220.48], [2017.81, 1228.11], [2068.61, 1231.4], [2150.69, 1238.06], [2214.19, 1242.09], [1794.5, 1034.5], [1869.5, 1084.5], [1970.5, 1123.5], [2051.5, 1166.5], [2119.5, 1179.5], [2195.5, 1180.5], [2246.5, 1107.0], [1784.24, 977.58], [1342.94, 1027.72], [1343.91, 1104.56], [1374.81, 1175.31], [1432.74, 1224.93], [1571.62, 1231.48], [1643.05, 1219.52], [2283.1, 1229.08], [2346.1, 1197.2], [2406.33, 1160.28], [2460.94, 1115.56], [1846.76, 999.39], [1910.56, 1017.02], [1975.39, 1030.58], [2040.84, 1040.79], [2106.74, 1047.61], [2172.79, 1052.86], [2238.98, 1055.06], [2305.22, 1054.68], [2371.41, 1052.15], [2437.41, 1049.36], [1923.5, 1083.5], [2026.5, 1108.5], [2107.5, 1123.5], [2171.5, 1134.5]]",
LBX,Right,feb1xpbx013-1-v12_r,../marked_images/landmarked_lbx/marked_tiff/right/FEB1xPBX013-1-V12_R_MARK.tif,../marked_images/landmarked_lbx/txt/right/FEB1xPBX013-1-V12_R.txt,../raw_images/lbx/FEB1xPBX013-1-V12_R.tif,LBX,42,42,autolabel_v1.4,3840,2160,"[[2572.96, 1094.25], [1566.77, 1292.04], [1438.35, 1027.18], [1783.36, 1250.45], [1913.06, 1252.84], [2027.39, 1257.02], [2128.65, 1264.97], [2193.85, 1269.45], [2259.19, 1275.5], [2320.81, 1275.68], [1876.17, 1094.17], [1956.17, 1144.17], [2061.5, 1182.17], [2142.83, 1217.5], [2214.5, 1220.5], [2273.5, 1222.5], [2321.5, 1146.5], [1862.17, 1022.94], [1497.7, 1005.99], [1478.2, 1104.91], [1434.11, 1195.06], [1477.38, 1281.52], [1639.09, 1277.79], [1710.72, 1261.93], [2383.84, 1258.35], [2443.56, 1231.54], [2497.66, 1194.63], [2544.54, 1148.96], [1924.68, 1042.22], [1988.01, 1058.96], [2051.88, 1073.26], [2116.5, 1083.95], [2181.46, 1092.39], [2246.83, 1096.42], [2312.26, 1099.34], [2377.74, 1100.17], [2443.02, 1096.67], [2507.78, 1087.79], [2007.5, 1140.17], [2106.17, 1169.5], [2185.5, 1181.5], [2248.5, 1189.5]]",
LBX,Right,feb1xpbx013-1-v18_r,../marked_images/landmarked_lbx/marked_tiff/right/FEB1xPBX013-1-V18_R_MARK.tif,../marked_images/landmarked_lbx/txt/right/FEB1xPBX013-1-V18_R.txt,../raw_images/lbx/FEB1xPBX013-1-V18_R.tif,LBX,42,42,autolabel_v1.4,3840,2160,"[[2535.73, 1102.72], [1563.03, 1261.5], [1390.53, 979.11], [1770.94, 1213.16], [1886.06, 1217.36], [2010.02, 1224.73], [2106.56, 1235.29], [2173.69, 1239.6], [2234.18, 1247.82], [2295.36, 1249.75], [1857.83, 1066.17], [1934.5, 1118.17], [2034.5, 1162.17], [2117.17, 1192.5], [2185.17, 1205.17], [2245.17, 1205.83], [2299.83, 1128.83], [1845.31, 989.45], [1393.5, 1056.53], [1393.34, 1133.51], [1423.06, 1203.62], [1487.87, 1242.81], [1632.39, 1245.04], [1700.36, 1223.5], [2353.11, 1239.8], [2408.65, 1219.93], [2458.74, 1188.58], [2503.45, 1150.05], [1905.4, 1011.56], [1966.32, 1031.36], [2028.09, 1047.83], [2091.48, 1057.05], [2154.91, 1066.02], [2218.48, 1073.94], [2282.2, 1080.43], [2346.1, 1084.74], [2410.11, 1086.02], [2473.92, 1085.89], [1977.17, 1113.5], [2079.17, 1144.17], [2156.83, 1157.17], [2221.5, 1167.83]]",
LBX,Right,kmm20-v09_r,../marked_images/landmarked_lbx/marked_tiff/right/KMM20-V09_R_MARK.tif,../marked_images/landmarked_lbx/txt/right/KMM20-V09_R.txt,../raw_images/lbx/KMM20-V09_R.tif,LBX,42,42,autolabel_v1.4,3840,2160,"[[2565.28, 1037.27], [1566.39, 1220.5], [1377.49, 897.8], [1754.16, 1187.9], [1859.61, 1193.5], [1984.27, 1203.47], [2093.24, 1208.64], [2164.64, 1210.87], [2243.17, 1217.39], [2310.74, 1217.38], [1842.5, 1034.5], [1910.5, 1080.5], [2016.5, 1115.5], [2109.5, 1149.5], [2186.5, 1149.5], [2260.5, 1140.0], [2304.0, 1096.0], [1828.99, 960.87], [1360.52, 987.78], [1362.88, 1079.06], [1399.24, 1159.74], [1476.64, 1208.38], [1628.68, 1208.99], [1691.23, 1197.31], [2373.82, 1202.2], [2432.38, 1177.05], [2488.14, 1140.75], [2535.12, 1093.57], [1892.88, 983.66], [1958.32, 1001.75], [2024.75, 1015.7], [2091.97, 1025.47], [2159.51, 1032.81], [2227.33, 1036.63], [2295.24, 1037.52], [2363.15, 1036.12], [2430.87, 1031.54], [2498.23, 1026.36], [1969.5, 1077.5], [2075.5, 1103.5], [2155.5, 1115.5], [2230.0, 1123.5]]",
LBX,Right,kmm20-v10_r,../marked_images/landmarked_lbx/marked_tiff/right/KMM20-V10_R_MARK.tif,../marked_images/landmarked_lbx/txt/right/KMM20-V10_R.txt,../raw_images/lbx/KMM20-V10_R.tif,LBX,42,42,autolabel_v1.4,3840,2160,"[[2535.47, 1033.62], [1533.03, 1228.5], [1385.38, 890.81], [1707.9, 1204.66], [1854.37, 1194.5], [1973.26, 1201.69], [2078.05, 1209.41], [2154.49, 1210.05], [2221.27, 1216.52], [2284.74, 1216.5], [1850.17, 1027.5], [1899.5, 1075.5], [1999.5, 1110.83], [2090.83, 1141.5], [2165.5, 1160.83], [2231.5, 1161.5], [2285.5, 1087.0], [1838.41, 967.0], [1373.59, 976.13], [1366.56, 1062.19], [1389.45, 1143.95], [1453.4, 1201.9], [1591.81, 1224.35], [1649.47, 1212.45], [2348.43, 1203.85], [2406.14, 1175.62], [2457.76, 1135.74], [2503.66, 1088.67], [1898.75, 989.24], [1960.32, 1007.92], [2023.09, 1022.19], [2087.06, 1028.32], [2151.3, 1032.46], [2215.58, 1035.35], [2279.95, 1034.87], [2344.28, 1032.56], [2408.28, 1026.41], [2471.97, 1023.08], [1953.5, 1069.5], [2048.83, 1097.5], [2132.83, 1110.17], [2208.17, 1120.17]]",
LBX,Right,kmm20-v29_r,../marked_images/landmarked_lbx/marked_tiff/right/KMM20-V29_R_MARK.tif,../marked_images/landmarked_lbx/txt/right/KMM20-V29_R.txt,../raw_images/lbx/KMM20-V29_R.tif,LBX,42,42,autolabel_v1.4,3840,2160,"[[2547.43, 1041.51], [1545.1, 1215.49], [1388.12, 922.91], [1744.39, 1187.51], [1867.9, 1188.37], [1988.63, 1197.5], [2093.56, 1203.48], [2156.47, 1202.79], [2229.39, 1207.99], [2290.54, 1209.5], [1848.5, 1039.17], [1909.17, 1081.83], [2010.5, 1117.17], [2105.17, 1143.17], [2174.5, 1146.5], [2235.75, 1148.25], [2287.83, 1091.5], [1835.87, 966.42], [1379.51, 1000.28], [1375.82, 1077.69], [1407.35, 1146.99], [1470.78, 1191.64], [1612.06, 1210.3], [1677.51, 1195.77], [2353.37, 1197.8], [2414.09, 1176.61], [2468.78, 1141.32], [2516.12, 1096.43], [1897.81, 988.19], [1960.99, 1005.91], [2025.21, 1019.22], [2090.17, 1028.55], [2155.51, 1034.84], [2221.09, 1038.03], [2286.72, 1039.68], [2352.36, 1039.34], [2417.78, 1035.08], [2482.79, 1029.96], [1955.17, 1077.83], [2065.17, 1105.83], [2146.5, 1118.5], [2211.75, 1126.0]]",
LBX,Right,kmm5-v11_r,../marked_images/landmarked_lbx/marked_tiff/right/KMM5-V11_R_MARK.tif,../marked_images/landmarked_lbx/txt/right/KMM5-V11_R.txt,../raw_images/lbx/KMM5-V11_R.tif,LBX,42,42,autolabel_v1.4,3840,2160,"[[2547.28, 1024.25], [1554.53, 1208.47], [1370.02, 940.29], [1757.32, 1179.61], [1876.73, 1183.5], [1997.76, 1190.8], [2086.89, 1199.46], [2161.62, 1202.97], [2232.44, 1210.5], [2296.27, 1212.48], [1837.5, 1025.5], [1912.17, 1086.17], [2014.17, 1123.5], [2102.17, 1141.5], [2175.5, 1154.83], [2241.0, 1149.5], [2298.5, 1081.0], [1821.99, 941.91], [1372.49, 1017.1], [1376.23, 1094.32], [1407.94, 1162.45], [1478.36, 1195.29], [1621.82, 1197.24], [1689.68, 1189.5], [2359.97, 1199.6], [2417.45, 1166.86], [2472.7, 1129.8], [2519.34, 1082.17], [1883.05, 970.37], [1946.51, 992.66], [2012.04, 1008.3], [2078.63, 1018.87], [2145.7, 1025.8], [2213.05, 1028.77], [2280.44, 1031.23], [2347.78, 1030.15], [2414.66, 1022.76], [2480.79, 1013.04], [1958.83, 1076.83], [2068.17, 1101.5], [2142.83, 1113.5], [2214.0, 1123.5]]",
LBX,Right,lbx001v07_r,../marked_images/landmarked_lbx/marked_tiff/right/LBX001V07_R_MARK.tif,../marked_images/landmarked_lbx/txt/right/LBX001V07_R.txt,../raw_images/lbx/LBX001V07_R.tif,LBX,42,42,autolabel_v1.4,3840,2160,"[[2551.03, 1114.73], [1499.13, 1306.46], [1335.07, 1018.73], [1720.17, 1273.33], [1856.83, 1274.5], [1978.94, 1282.16], [2079.63, 1287.4], [2160.92, 1289.52], [2229.05, 1300.5], [2286.66, 1304.42], [1837.83, 1106.17], [1899.83, 1152.83], [2008.5, 1195.5], [2094.5, 1227.5], [2181.83, 1230.83], [2245.17, 1232.17], [2286.5, 1177.0], [1824.9, 1035.21], [1326.59, 1097.14], [1323.51, 1174.23], [1354.67, 1245.07], [1422.76, 1285.1], [1573.55, 1302.48], [1646.61, 1286.62], [2352.46, 1291.88], [2413.45, 1262.02], [2467.47, 1219.25], [2517.68, 1171.97], [1888.78, 1055.55], [1953.92, 1071.31], [2019.76, 1083.79], [2086.13, 1092.99], [2152.89, 1099.1], [2219.81, 1103.22], [2286.8, 1105.76], [2353.8, 1104.96], [2420.58, 1099.92], [2486.69, 1095.88], [1957.17, 1142.83], [2064.5, 1172.17], [2141.83, 1190.17], [2219.17, 1197.5]]",
LBX,Right,lbx001v13_r,../marked_images/landmarked_lbx/marked_tiff/right/LBX001V13_R_MARK.tif,../marked_images/landmarked_lbx/txt/right/LBX001V13_R.txt,../raw_images/lbx/LBX001V13_R.tif,LBX,42,42,autolabel_v1.4,3840,2160,"[[2573.77, 1074.19], [1540.58, 1234.73], [1371.83, 952.17], [1725.31, 1207.39], [1864.07, 1209.51], [1977.23, 1223.5], [2071.15, 1230.52], [2139.6, 1234.95], [2215.59, 1245.46], [2276.13, 1250.5], [1847.5, 1051.5], [1909.5, 1091.5], [2014.5, 1142.5], [2104.0, 1170.0], [2177.5, 1190.5], [2252.0, 1179.0], [2280.5, 1123.0], [1836.12, 978.29], [1353.5, 1036.43], [1332.17, 1120.93], [1375.46, 1190.92], [1453.95, 1228.17], [1601.84, 1223.89], [1663.72, 1216.49], [2348.96, 1244.34], [2419.17, 1223.67], [2481.71, 1185.7], [2533.49, 1133.53], [1899.76, 1002.45], [1965.3, 1021.01], [2031.81, 1035.49], [2098.92, 1046.95], [2166.66, 1054.2], [2234.52, 1060.1], [2302.48, 1064.45], [2370.58, 1066.24], [2438.59, 1063.01], [2506.36, 1064.34], [1972.5, 1088.5], [2076.5, 1121.0], [2157.5, 1140.0], [2228.0, 1151.0]]",
LBX,Right,lbx001v15_r,../marked_images/landmarked_lbx/marked_tiff/right/LBX001V15_R_MARK.tif,../marked_images/landmarked_lbx/txt/right/LBX001V15_R.txt,../raw_images/lbx/LBX001V15_R.tif,LBX,42,42,autolabel_v1.4,3840,2160,"[[2564.42, 1038.67], [1505.68, 1229.47], [1376.97, 913.8], [1735.06, 1190.5], [1856.28, 1194.53], [1970.97, 1206.85], [2067.95, 1216.5], [2143.35, 1219.61], [2220.42, 1228.5], [2283.02, 1231.54], [1843.5, 1028.5], [1915.5, 1087.5], [2014.5, 1124.5], [2100.5, 1158.5], [2171.5, 1165.5], [2249.5, 1161.5], [2278.5, 1096.17], [1831.24, 960.46], [1355.48, 993.01], [1350.5, 1075.55], [1362.01, 1155.5], [1426.63, 1206.36], [1582.36, 1217.38], [1658.28, 1202.3], [2352.6, 1217.89], [2419.58, 1191.95], [2478.0, 1150.5], [2527.79, 1098.75], [1895.49, 981.51], [1960.81, 998.85], [2026.95, 1012.75], [2093.73, 1023.13], [2161.01, 1029.8], [2228.51, 1033.85], [2296.09, 1035.87], [2363.68, 1035.0], [2431.08, 1030.35], [2498.08, 1025.61], [1966.5, 1072.5], [2072.5, 1107.5], [2150.5, 1117.5], [2220.5, 1134.5]]",
LBX,Right,lbx001v29_r,../marked_images/landmarked_lbx/marked_tiff/right/LBX001V29_R_MARK.tif,../marked_images/landmarked_lbx/txt/right/LBX001V29_R.txt,../raw_images/lbx/LBX001V29_R.tif,LBX,42,42,autolabel_v1.4,3840,2160,"[[2542.9, 1045.51], [1556.08, 1218.12], [1361.48, 939.27], [1722.95, 1194.65], [1858.26, 1195.5], [1962.9, 1200.54], [2064.8, 1205.21], [2138.11, 1206.63], [2216.33, 1219.87], [2278.32, 1224.79], [1844.5, 1040.5], [1905.17, 1091.5], [2008.5, 1127.5], [2095.83, 1144.83], [2175.83, 1163.5], [2246.5, 1160.17], [2285.17, 1110.83], [1832.83, 973.78], [1358.56, 1021.96], [1358.02, 1104.56], [1400.45, 1173.95], [1473.4, 1212.31], [1610.48, 1203.51], [1666.92, 1201.32], [2343.95, 1211.51], [2406.46, 1187.52], [2461.45, 1149.25], [2508.91, 1101.31], [1894.87, 994.47], [1958.35, 1010.12], [2022.44, 1023.06], [2087.13, 1032.08], [2152.32, 1037.17], [2217.64, 1040.37], [2283.03, 1041.27], [2348.39, 1039.8], [2413.64, 1035.78], [2478.6, 1033.6], [1969.17, 1078.83], [2059.17, 1106.17], [2151.17, 1120.83], [2222.5, 1130.17]]",
LBX,Right,lbx001v30_r,../marked_images/landmarked_lbx/marked_tiff/right/LBX001V30_R_MARK.tif,../marked_images/landmarked_lbx/txt/right/LBX001V30_R.txt,../raw_images/lbx/LBX001V30_R.tif,LBX,42,42,autolabel_v1.4,3840,2160,"[[2571.54, 1067.15], [1531.13, 1231.46], [1382.95, 970.33], [1748.94, 1200.87], [1881.62, 1190.72], [1994.37, 1199.23], [2089.49, 1207.5], [2163.7, 1212.08], [2218.32, 1221.05], [2283.18, 1229.51], [1863.5, 1035.5], [1923.5, 1086.5], [2021.5, 1121.5], [2107.5, 1151.5], [2177.5, 1171.5], [2242.5, 1173.5], [2296.5, 1107.83], [1852.35, 964.87], [1377.47, 1039.21], [1379.6, 1108.52], [1409.69, 1169.78], [1465.62, 1210.06], [1604.18, 1225.47], [1676.38, 1212.5], [2351.5, 1224.62], [2418.43, 1205.69], [2479.23, 1170.43], [2531.98, 1123.52], [1915.63, 985.22], [1979.91, 1002.05], [2044.82, 1016.34], [2110.22, 1028.14], [2176.11, 1036.98], [2242.18, 1044.27], [2308.45, 1049.58], [2374.84, 1052.5], [2441.24, 1051.66], [2507.23, 1050.31], [1978.5, 1073.5], [2076.5, 1105.5], [2156.5, 1122.5], [2221.5, 1129.5]]",
LBX,Right,lbx002v02_r,../marked_images/landmarked_lbx/marked_tiff/right/LBX002V02_R_MARK.tif,../marked_images/landmarked_lbx/txt/right/LBX002V02_R.txt,../raw_images/lbx/LBX002V02_R.tif,LBX,42,42,autolabel_v1.4,3840,2160,"[[2540.03, 1070.7], [1527.26, 1264.5], [1357.0, 970.72], [1743.87, 1232.66], [1875.06, 1230.34], [1984.7, 1237.54], [2081.45, 1244.32], [2159.51, 1251.43], [2225.58, 1261.5], [2287.16, 1262.51], [1840.17, 1057.5], [1912.83, 1109.5], [2010.17, 1148.17], [2095.5, 1189.5], [2176.83, 1176.83], [2238.83, 1194.17], [2291.5, 1113.5], [1826.34, 985.27], [1355.5, 1049.28], [1354.74, 1128.34], [1388.21, 1198.8], [1452.8, 1242.65], [1600.08, 1259.29], [1672.31, 1248.05], [2350.48, 1246.4], [2404.06, 1212.72], [2457.33, 1172.91], [2504.05, 1125.45], [1889.01, 1005.61], [1952.78, 1022.08], [2017.4, 1034.84], [2082.58, 1044.54], [2148.01, 1052.46], [2213.73, 1057.36], [2279.6, 1059.13], [2345.49, 1058.59], [2411.3, 1055.56], [2476.68, 1052.55], [1963.5, 1098.83], [2063.5, 1128.17], [2139.5, 1144.17], [2216.17, 1150.83]]",
LBX,Right,lbx002v04_r,../marked_images/landmarked_lbx/marked_tiff/right/LBX002V04_R_MARK.tif,../marked_images/landmarked_lbx/txt/right/LBX002V04_R.txt,../raw_images/lbx/LBX002V04_R.tif,LBX,42,42,autolabel_v1.4,3840,2160,"[[2567.67, 1029.84], [1556.03, 1238.5], [1363.48, 919.06], [1739.06, 1224.63], [1869.05, 1213.12], [1977.36, 1218.47], [2075.11, 1221.63], [2149.44, 1223.36], [2212.22, 1228.37], [2285.27, 1228.07], [1831.83, 1040.83], [1905.83, 1098.17], [2003.17, 1135.5], [2088.5, 1166.17], [2165.83, 1184.17], [2235.0, 1180.75], [2284.17, 1099.17], [1815.05, 959.44], [1365.77, 1002.53], [1369.29, 1087.9], [1405.69, 1161.15], [1474.99, 1211.74], [1618.01, 1236.31], [1678.58, 1237.5], [2358.57, 1225.5], [2426.87, 1195.81], [2487.59, 1150.96], [2538.29, 1094.81], [1879.97, 984.53], [1946.86, 1003.5], [2014.98, 1017.45], [2083.87, 1027.06], [2153.21, 1032.88], [2222.8, 1034.33], [2292.36, 1032.36], [2361.83, 1028.35], [2431.0, 1021.11], [2499.65, 1015.09], [1955.83, 1088.17], [2056.5, 1114.17], [2134.5, 1128.17], [2210.5, 1138.5]]",
LBX,Right,lbx004v01_r,../marked_images/landmarked_lbx/marked_tiff/right/LBX004V01_R_MARK.tif,../marked_images/landmarked_lbx/txt/right/LBX004V01_R.txt,../raw_images/lbx/LBX004V01_R.tif,LBX,42,42,autolabel_v1.4,3840,2160,"[[2573.47, 1053.48], [1495.05, 1229.5], [1361.5, 917.0], [1723.68, 1197.46], [1864.38, 1199.38], [1988.84, 1205.51], [2087.69, 1211.98], [2167.78, 1214.87], [2243.91, 1224.46], [2311.1, 1224.83], [1847.5, 1031.5], [1909.5, 1083.5], [2015.5, 1113.5], [2108.5, 1154.5], [2188.5, 1177.5], [2270.5, 1153.5], [2313.0, 1099.0], [1836.76, 965.67], [1339.93, 1000.7], [1327.34, 1083.99], [1374.55, 1146.33], [1410.24, 1213.98], [1571.18, 1217.65], [1647.39, 1207.64], [2374.35, 1210.49], [2431.61, 1184.45], [2488.2, 1150.23], [2537.2, 1105.91], [1901.34, 986.67], [1967.17, 1003.27], [2033.7, 1016.75], [2100.79, 1027.05], [2168.3, 1034.29], [2236.04, 1039.13], [2303.9, 1041.77], [2371.79, 1043.07], [2439.6, 1041.11], [2507.05, 1039.35], [1969.5, 1069.5], [2072.5, 1101.5], [2162.5, 1122.5], [2235.5, 1129.5]]",
LBX,Right,lbx005v01_r,../marked_images/landmarked_lbx/marked_tiff/right/LBX005V01_R_MARK.tif,../marked_images/landmarked_lbx/txt/right/LBX005V01_R.txt,../raw_images/lbx/LBX005V01_R.tif,LBX,42,42,autolabel_v1.4,3840,2160,"[[2602.21, 1038.18], [1507.66, 1240.57], [1330.07, 962.87], [1703.42, 1209.5], [1852.52, 1212.25], [1971.1, 1220.41], [2089.86, 1224.83], [2175.04, 1225.44], [2249.69, 1231.57], [2309.11, 1233.63], [1840.5, 1046.83], [1911.17, 1104.17], [2019.83, 1139.5], [2110.5, 1164.83], [2198.5, 1180.17], [2272.5, 1185.5], [2329.5, 1100.5], [1828.75, 983.29], [1326.09, 1042.06], [1329.96, 1121.17], [1356.94, 1194.3], [1428.63, 1230.04], [1572.9, 1228.2], [1637.56, 1214.41], [2379.07, 1214.68], [2445.93, 1185.29], [2505.01, 1142.38], [2560.51, 1094.99], [1897.02, 1002.56], [1966.53, 1016.73], [2036.75, 1026.46], [2107.35, 1033.27], [2178.12, 1037.85], [2249.04, 1039.44], [2319.98, 1039.5], [2390.84, 1036.66], [2461.55, 1031.19], [2532.04, 1027.72], [1967.17, 1094.17], [2080.5, 1120.83], [2170.5, 1131.5], [2250.5, 1134.17]]",
LBX,Right,lbx005v03_r,../marked_images/landmarked_lbx/marked_tiff/right/LBX005V03_R_MARK.tif,../marked_images/landmarked_lbx/txt/right/LBX005V03_R.txt,../raw_images/lbx/LBX005V03_R.tif,LBX,42,42,autolabel_v1.4,3840,2160,"[[2563.65, 1003.14], [1499.13, 1224.51], [1304.89, 1012.63], [1730.98, 1193.16], [1858.08, 1192.55], [1983.69, 1194.77], [2086.64, 1198.61], [2154.25, 1197.03], [2217.46, 1202.26], [2290.7, 1206.39], [1827.5, 1028.5], [1904.17, 1072.5], [2009.5, 1113.83], [2099.5, 1138.5], [2174.17, 1153.17], [2245.0, 1153.0], [2302.0, 1068.5], [1812.14, 954.63], [1316.57, 1071.84], [1341.97, 1130.22], [1381.81, 1179.01], [1438.85, 1206.35], [1576.87, 1219.5], [1653.98, 1206.44], [2360.3, 1191.46], [2423.5, 1161.99], [2481.63, 1117.39], [2532.7, 1064.75], [1877.92, 975.91], [1945.3, 991.03], [2013.78, 1000.53], [2082.73, 1006.03], [2151.85, 1009.05], [2220.98, 1011.83], [2290.07, 1009.56], [2359.04, 1004.26], [2427.73, 996.29], [2495.97, 988.78], [1958.17, 1068.5], [2056.83, 1088.5], [2143.5, 1105.17], [2223.5, 1109.5]]",
LBX,Right,lbx005v07_r,../marked_images/landmarked_lbx/marked_tiff/right/LBX005V07_R_MARK.tif,../marked_images/landmarked_lbx/txt/right/LBX005V07_R.txt,../raw_images/lbx/LBX005V07_R.tif,LBX,42,42,autolabel_v1.4,3840,2160,"[[2565.2, 1044.31], [1520.15, 1240.51], [1325.87, 933.76], [1722.32, 1194.54], [1849.73, 1190.7], [1958.8, 1197.49], [2059.48, 1205.72], [2140.19, 1207.69], [2211.05, 1217.49], [2268.32, 1224.5], [1815.83, 1022.83], [1885.83, 1070.17], [1989.83, 1110.83], [2079.83, 1149.5], [2153.83, 1165.5], [2231.17, 1147.5], [2297.5, 1094.5], [1802.32, 950.87], [1336.5, 1015.2], [1342.33, 1099.09], [1366.34, 1180.06], [1439.97, 1219.86], [1605.14, 1225.17], [1642.67, 1217.03], [2340.43, 1218.52], [2407.12, 1190.84], [2469.8, 1152.81], [2524.11, 1103.39], [1868.96, 973.77], [1936.83, 992.58], [2005.73, 1007.31], [2075.33, 1018.43], [2145.43, 1025.86], [2215.81, 1029.55], [2286.28, 1031.1], [2356.76, 1030.63], [2427.18, 1027.87], [2497.2, 1025.77], [1933.17, 1065.5], [2043.17, 1094.83], [2132.5, 1113.5], [2203.83, 1119.5]]",
LBX,Right,lbx005v09_r,../marked_images/landmarked_lbx/marked_tiff/right/LBX005V09_R_MARK.tif,../marked_images/landmarked_lbx/txt/right/LBX005V09_R.txt,../raw_images/lbx/LBX005V09_R.tif,LBX,42,42,autolabel_v1.4,3840,2160,"[[2571.66, 1027.16], [1565.42, 1220.5], [1357.5, 872.84], [1730.12, 1192.62], [1847.26, 1185.95], [1977.89, 1193.5], [2068.78, 1198.56], [2153.37, 1199.75], [2222.12, 1208.55], [2282.97, 1218.5], [1835.5, 1003.5], [1903.0, 1055.0], [2006.5, 1094.5], [2095.0, 1138.0], [2171.5, 1158.5], [2253.5, 1140.0], [2307.0, 1077.0], [1822.05, 933.52], [1362.8, 970.96], [1358.5, 1068.89], [1407.47, 1150.05], [1467.41, 1215.96], [1621.08, 1217.12], [1675.6, 1204.7], [2354.18, 1209.51], [2418.02, 1177.49], [2478.2, 1136.3], [2531.14, 1085.99], [1886.57, 959.32], [1952.76, 980.3], [2020.19, 996.81], [2088.53, 1009.11], [2157.47, 1017.58], [2226.82, 1021.93], [2296.28, 1022.5], [2365.72, 1020.47], [2435.0, 1015.67], [2503.9, 1011.78], [1948.5, 1051.0], [2055.0, 1085.5], [2150.0, 1103.5], [2228.5, 1105.5]]",
LBX,Right,lbx005v10_r,../marked_images/landmarked_lbx/marked_tiff/right/LBX005V10_R_MARK.tif,../marked_images/landmarked_lbx/txt/right/LBX005V10_R.txt,../raw_images/lbx/LBX005V10_R.tif,LBX,42,42,autolabel_v1.4,3840,2160,"[[2583.14, 1056.13], [1582.17, 1244.51], [1371.42, 936.47], [1729.3, 1214.61], [1854.3, 1218.5], [1980.48, 1227.41], [2083.36, 1232.58], [2158.16, 1233.51], [2231.15, 1242.5], [2288.36, 1248.53], [1847.5, 1049.5], [1916.17, 1097.5], [2018.17, 1137.5], [2108.83, 1167.5], [2176.83, 1191.17], [2258.83, 1175.17], [2308.83, 1113.83], [1834.78, 981.89], [1372.47, 1025.66], [1376.49, 1116.41], [1414.72, 1193.32], [1492.4, 1239.45], [1630.41, 1232.07], [1679.12, 1219.68], [2362.97, 1243.5], [2432.8, 1216.79], [2495.65, 1175.11], [2548.61, 1121.35], [1900.32, 1003.64], [1967.05, 1021.35], [2034.68, 1035.07], [2102.95, 1045.39], [2171.58, 1052.97], [2240.5, 1057.36], [2309.55, 1057.58], [2378.55, 1055.14], [2447.22, 1048.61], [2515.38, 1042.78], [1976.17, 1097.5], [2072.17, 1120.17], [2156.17, 1141.17], [2232.17, 1149.17]]",
LBX,Right,lbx005v11_r,../marked_images/landmarked_lbx/marked_tiff/right/LBX005V11_R_MARK.tif,../marked_images/landmarked_lbx/txt/right/LBX005V11_R.txt,../raw_images/lbx/LBX005V11_R.tif,LBX,42,42,autolabel_v1.4,3840,2160,"[[2567.27, 1000.57], [1483.29, 1208.6], [1311.16, 912.05], [1708.22, 1179.81], [1858.58, 1182.71], [1978.85, 1191.1], [2081.88, 1194.51], [2153.83, 1193.51], [2218.34, 1202.5], [2281.53, 1206.58], [1820.83, 1021.83], [1893.5, 1065.17], [2004.83, 1101.17], [2095.5, 1135.83], [2178.83, 1133.17], [2251.5, 1130.5], [2303.5, 1071.5], [1806.98, 949.66], [1310.48, 991.09], [1317.36, 1071.12], [1343.49, 1145.98], [1404.48, 1197.8], [1557.97, 1196.86], [1632.88, 1186.51], [2351.26, 1189.54], [2417.91, 1158.27], [2478.19, 1115.31], [2530.59, 1062.94], [1873.99, 969.29], [1942.01, 984.98], [2010.79, 996.85], [2080.12, 1004.99], [2149.8, 1009.64], [2219.6, 1012.08], [2289.42, 1011.12], [2359.14, 1007.47], [2428.6, 1000.62], [2497.79, 993.46], [1948.17, 1059.17], [2050.83, 1081.83], [2143.5, 1097.17], [2224.83, 1105.17]]",
LBX,Right,lbx005v14_r,../marked_images/landmarked_lbx/marked_tiff/right/LBX005V14_R_MARK.tif,../marked_images/landmarked_lbx/txt/right/LBX005V14_R.txt,../raw_images/lbx/LBX005V14_R.tif,LBX,42,42,autolabel_v1.4,3840,2160,"[[2565.43, 1005.2], [1515.03, 1191.5], [1355.25, 897.52], [1735.98, 1165.5], [1868.53, 1169.49], [1988.41, 1174.63], [2083.22, 1175.24], [2148.12, 1175.27], [2226.31, 1184.13], [2302.28, 1186.08], [1838.83, 1008.5], [1919.5, 1069.83], [2015.5, 1104.5], [2100.83, 1134.5], [2182.5, 1132.5], [2266.5, 1123.5], [2314.5, 1078.5], [1826.71, 940.17], [1346.81, 946.67], [1349.39, 1034.42], [1355.99, 1120.24], [1430.3, 1168.05], [1588.47, 1180.66], [1662.01, 1173.5], [2366.63, 1168.97], [2428.56, 1144.47], [2482.78, 1105.68], [2531.6, 1060.35], [1891.2, 961.65], [1957.02, 978.51], [2023.82, 991.04], [2091.26, 999.59], [2159.1, 1004.46], [2227.06, 1006.95], [2295.05, 1006.24], [2363.0, 1003.65], [2430.82, 998.87], [2498.34, 994.05], [1974.17, 1053.17], [2076.83, 1081.17], [2159.5, 1096.5], [2230.5, 1100.5]]",
LBX,Right,lbx007v02_r,../marked_images/landmarked_lbx/marked_tiff/right/LBX007V02_R_MARK.tif,../marked_images/landmarked_lbx/txt/right/LBX007V02_R.txt,../raw_images/lbx/LBX007V02_R.tif,LBX,42,42,autolabel_v1.4,3840,2160,"[[2571.38, 1053.28], [1563.66, 1239.47], [1367.32, 947.81], [1755.84, 1216.44], [1886.77, 1215.87], [1992.73, 1230.5], [2093.98, 1230.87], [2167.93, 1236.16], [2232.99, 1244.35], [2298.36, 1244.5], [1834.83, 1052.83], [1914.83, 1104.83], [2020.17, 1139.5], [2105.5, 1171.5], [2183.5, 1196.5], [2263.0, 1176.0], [2301.5, 1107.5], [1823.11, 989.37], [1368.04, 1032.26], [1368.31, 1117.0], [1408.67, 1186.91], [1481.85, 1226.84], [1625.83, 1219.45], [1692.15, 1217.49], [2367.69, 1241.93], [2426.47, 1202.6], [2485.14, 1162.33], [2536.12, 1112.38], [1889.2, 1001.93], [1956.71, 1014.59], [2024.27, 1027.38], [2092.55, 1036.02], [2161.07, 1042.59], [2229.78, 1046.7], [2298.56, 1049.51], [2367.33, 1048.58], [2435.92, 1043.4], [2504.09, 1038.81], [1969.5, 1091.5], [2066.83, 1119.5], [2150.5, 1135.5], [2233.5, 1139.5]]",
LBX,Right,lbx008v01_r,../marked_images/landmarked_lbx/marked_tiff/right/LBX008V01_R_MARK.tif,../marked_images/landmarked_lbx/txt/right/LBX008V01_R.txt,../raw_images/lbx/LBX008V01_R.tif,LBX,42,42,autolabel_v1.4,3840,2160,"[[2580.98, 1059.79], [1567.64, 1248.72], [1385.39, 933.32], [1736.84, 1229.5], [1860.26, 1233.5], [1983.06, 1240.54], [2088.3, 1247.5], [2167.18, 1249.5], [2235.74, 1257.33], [2291.23, 1258.49], [1845.83, 1051.5], [1914.5, 1103.5], [2022.0, 1147.0], [2106.0, 1178.0], [2175.5, 1209.5], [2260.17, 1178.83], [2298.17, 1122.83], [1835.34, 995.23], [1373.5, 1049.76], [1370.06, 1166.2], [1359.25, 1202.56], [1459.45, 1222.6], [1624.4, 1239.71], [1679.28, 1233.61], [2362.68, 1247.1], [2431.5, 1218.0], [2492.17, 1174.72], [2544.98, 1121.85], [1900.73, 1016.8], [1966.92, 1035.68], [2034.05, 1050.76], [2102.0, 1061.52], [2170.51, 1068.28], [2239.21, 1072.92], [2308.04, 1072.59], [2376.74, 1068.67], [2444.94, 1059.97], [2512.67, 1051.17], [1973.0, 1099.0], [2069.5, 1127.5], [2156.83, 1144.17], [2232.83, 1153.5]]",
LBX,Right,lbx008v02_r,../marked_images/landmarked_lbx/marked_tiff/right/LBX008V02_R_MARK.tif,../marked_images/landmarked_lbx/txt/right/LBX008V02_R.txt,../raw_images/lbx/LBX008V02_R.tif,LBX,42,42,autolabel_v1.4,3840,2160,"[[2592.53, 1049.56], [1545.38, 1238.5], [1380.42, 941.62], [1719.12, 1217.5], [1872.33, 1211.53], [1991.08, 1219.08], [2090.27, 1227.7], [2165.42, 1232.69], [2239.47, 1243.5], [2304.95, 1246.16], [1859.17, 1050.83], [1917.83, 1102.5], [2024.17, 1141.5], [2116.5, 1172.17], [2187.83, 1198.83], [2271.17, 1175.5], [2312.5, 1112.0], [1848.68, 992.7], [1374.89, 1018.77], [1378.19, 1098.35], [1406.06, 1171.19], [1467.82, 1222.15], [1603.69, 1236.19], [1661.4, 1226.8], [2377.15, 1234.44], [2444.53, 1204.92], [2505.73, 1163.81], [2556.79, 1110.78], [1913.54, 1014.72], [1979.85, 1031.95], [2047.3, 1043.82], [2115.27, 1052.1], [2183.58, 1056.99], [2252.08, 1058.5], [2320.6, 1057.7], [2388.99, 1053.93], [2457.01, 1046.27], [2524.71, 1039.79], [1972.83, 1093.5], [2087.17, 1123.5], [2174.5, 1140.83], [2241.83, 1146.17]]",
LBX,Right,lbx008v04_r,../marked_images/landmarked_lbx/marked_tiff/right/LBX008V04_R_MARK.tif,../marked_images/landmarked_lbx/txt/right/LBX008V04_R.txt,../raw_images/lbx/LBX008V04_R.tif,LBX,42,42,autolabel_v1.4,3840,2160,"[[2558.77, 1048.15], [1565.64, 1217.5], [1392.28, 946.4], [1760.81, 1191.5], [1886.13, 1192.5], [2012.6, 1204.27], [2105.83, 1209.03], [2178.99, 1219.2], [2247.12, 1229.51], [2312.15, 1226.49], [1847.5, 1043.5], [1926.17, 1088.83], [2028.83, 1126.83], [2112.83, 1157.5], [2190.83, 1170.17], [2260.83, 1161.5], [2311.5, 1101.5], [1831.56, 949.99], [1388.5, 1021.32], [1392.58, 1096.61], [1427.75, 1161.45], [1492.05, 1200.78], [1630.83, 1211.18], [1695.61, 1199.73], [2373.52, 1211.49], [2429.23, 1182.64], [2482.18, 1147.32], [2525.82, 1100.68], [1893.39, 977.42], [1956.97, 1000.37], [2022.1, 1018.3], [2088.43, 1031.28], [2155.51, 1039.95], [2222.92, 1045.5], [2290.51, 1047.83], [2358.12, 1047.01], [2425.46, 1041.73], [2492.32, 1035.49], [1976.83, 1078.17], [2078.83, 1108.83], [2163.5, 1125.5], [2230.83, 1130.83]]",
LBX,Right,lbx008v05_r,../marked_images/landmarked_lbx/marked_tiff/right/LBX008V05_R_MARK.tif,../marked_images/landmarked_lbx/txt/right/LBX008V05_R.txt,../raw_images/lbx/LBX008V05_R.tif,LBX,42,42,autolabel_v1.4,3840,2160,"[[2564.03, 1025.66], [1548.43, 1232.5], [1345.46, 935.88], [1714.62, 1212.47], [1845.47, 1202.76], [1970.27, 1209.69], [2075.02, 1215.61], [2147.54, 1217.96], [2225.13, 1224.69], [2296.21, 1227.57], [1827.5, 1035.5], [1896.5, 1083.5], [2000.5, 1124.5], [2091.5, 1155.5], [2167.5, 1175.5], [2241.5, 1156.5], [2295.5, 1092.5], [1814.16, 969.99], [1345.58, 1019.27], [1348.61, 1104.72], [1387.85, 1180.62], [1463.32, 1220.94], [1606.51, 1226.97], [1659.89, 1220.02], [2364.34, 1211.06], [2429.76, 1181.66], [2487.73, 1139.39], [2522.96, 1081.54], [1879.55, 992.59], [1946.35, 1010.48], [2014.25, 1023.23], [2082.84, 1032.1], [2151.73, 1038.18], [2220.89, 1039.44], [2290.06, 1038.07], [2359.02, 1033.13], [2427.54, 1024.05], [2495.63, 1015.28], [1954.5, 1080.5], [2058.5, 1106.5], [2140.5, 1119.5], [2215.5, 1126.5]]",
LBX,Right,lbx008v06_r,../marked_images/landmarked_lbx/marked_tiff/right/LBX008V06_R_MARK.tif,../marked_images/landmarked_lbx/txt/right/LBX008V06_R.txt,../raw_images/lbx/LBX008V06_R.tif,LBX,42,42,autolabel_v1.4,3840,2160,"[[2584.62, 1041.84], [1520.32, 1235.5], [1362.95, 910.41], [1738.75, 1201.49], [1894.07, 1202.5], [2004.91, 1211.5], [2107.96, 1220.13], [2184.58, 1222.24], [2255.52, 1235.78], [2316.37, 1237.6], [1847.5, 1037.5], [1925.5, 1092.83], [2036.83, 1133.5], [2124.83, 1170.83], [2198.83, 1189.5], [2279.5, 1167.5], [2312.5, 1108.5], [1835.71, 972.71], [1354.62, 994.52], [1346.5, 1079.28], [1370.45, 1159.47], [1440.71, 1207.64], [1593.58, 1227.98], [1666.14, 1214.57], [2383.5, 1221.0], [2445.87, 1191.32], [2501.56, 1149.46], [2549.16, 1098.38], [1900.69, 996.28], [1966.92, 1015.93], [2034.46, 1030.09], [2102.91, 1039.6], [2171.66, 1046.77], [2240.7, 1050.05], [2309.82, 1051.01], [2378.84, 1048.23], [2447.54, 1041.11], [2515.93, 1034.13], [1976.17, 1087.5], [2094.17, 1124.17], [2172.17, 1136.17], [2248.5, 1138.5]]",
LBX,Right,lbx008v07_r,../marked_images/landmarked_lbx/marked_tiff/right/LBX008V07_R_MARK.tif,../marked_images/landmarked_lbx/txt/right/LBX008V07_R.txt,../raw_images/lbx/LBX008V07_R.tif,LBX,42,42,autolabel_v1.4,3840,2160,"[[2544.36, 1073.08], [1592.21, 1226.5], [1400.84, 936.91], [1737.54, 1204.52], [1854.95, 1200.5], [1973.02, 1211.5], [2079.85, 1221.83], [2150.99, 1225.54], [2213.51, 1234.5], [2269.19, 1237.91], [1843.83, 1036.83], [1907.17, 1082.17], [2007.83, 1128.17], [2093.83, 1163.5], [2162.5, 1184.83], [2229.0, 1174.0], [2279.5, 1111.0], [1832.22, 964.75], [1398.53, 1020.33], [1394.77, 1103.61], [1436.69, 1170.29], [1510.73, 1209.03], [1641.26, 1223.82], [1689.02, 1212.57], [2335.82, 1233.66], [2396.17, 1204.78], [2454.8, 1171.54], [2504.0, 1125.5], [1892.91, 990.98], [1955.55, 1011.93], [2019.53, 1028.33], [2084.39, 1041.04], [2149.74, 1051.02], [2215.52, 1057.58], [2281.45, 1062.45], [2347.5, 1063.44], [2413.57, 1061.41], [2479.42, 1060.66], [1956.5, 1077.5], [2055.83, 1115.5], [2137.17, 1129.5], [2206.0, 1142.5]]",
LBX,Right,lbx008v08_r,../marked_images/landmarked_lbx/marked_tiff/right/LBX008V08_R_MARK.tif,../marked_images/landmarked_lbx/txt/right/LBX008V08_R.txt,../raw_images/lbx/LBX008V08_R.tif,LBX,42,42,autolabel_v1.4,3840,2160,"[[2542.87, 1060.43], [1510.36, 1229.22], [1359.5, 946.99], [1771.88, 1196.63], [1899.21, 1199.5], [2001.62, 1211.48], [2078.73, 1218.62], [2143.44, 1222.02], [2215.43, 1235.5], [2284.91, 1237.5], [1827.17, 1043.83], [1903.83, 1099.83], [2009.83, 1134.5], [2092.5, 1165.17], [2165.17, 1175.83], [2236.5, 1170.5], [2289.5, 1108.5], [1812.58, 954.57], [1347.97, 1059.56], [1279.44, 1088.62], [1314.1, 1137.05], [1400.58, 1175.27], [1597.63, 1219.25], [1683.9, 1203.48], [2347.69, 1221.39], [2407.54, 1196.48], [2461.38, 1159.32], [2508.08, 1113.47], [1874.85, 981.04], [1939.26, 1001.89], [2004.77, 1018.95], [2071.43, 1030.6], [2138.62, 1038.72], [2206.09, 1044.21], [2273.7, 1047.36], [2341.39, 1048.19], [2409.08, 1047.04], [2476.61, 1046.51], [1952.5, 1082.5], [2056.5, 1113.83], [2140.5, 1129.17], [2210.5, 1134.5]]",
LBX,Right,lbx008v10_r,../marked_images/landmarked_lbx/marked_tiff/right/LBX008V10_R_MARK.tif,../marked_images/landmarked_lbx/txt/right/LBX008V10_R.txt,../raw_images/lbx/LBX008V10_R.tif,LBX,42,42,autolabel_v1.4,3840,2160,"[[2565.22, 1104.48], [1558.7, 1247.5], [1381.46, 981.14], [1756.44, 1229.51], [1873.51, 1220.75], [1994.07, 1226.49], [2091.05, 1232.55], [2160.41, 1233.12], [2208.4, 1242.23], [2263.01, 1253.19], [1846.5, 1060.0], [1912.0, 1100.0], [2015.0, 1141.5], [2102.0, 1170.5], [2174.0, 1181.0], [2228.83, 1192.17], [2291.5, 1118.5], [1836.65, 990.7], [1377.5, 1055.27], [1382.68, 1129.86], [1420.35, 1193.4], [1486.82, 1227.82], [1625.06, 1248.5], [1691.04, 1241.45], [2332.91, 1257.41], [2399.58, 1235.06], [2464.17, 1202.38], [2521.92, 1158.66], [1901.21, 1009.64], [1966.73, 1024.92], [2033.01, 1036.65], [2099.73, 1045.57], [2166.82, 1051.19], [2232.89, 1063.67], [2299.02, 1076.24], [2365.74, 1084.1], [2433.0, 1086.24], [2500.04, 1087.66], [1965.5, 1098.0], [2062.5, 1122.0], [2142.5, 1134.5], [2207.5, 1146.0]]",
LBX,Right,lbx008v13_r,../marked_images/landmarked_lbx/marked_tiff/right/LBX008V13_R_MARK.tif,../marked_images/landmarked_lbx/txt/right/LBX008V13_R.txt,../raw_images/lbx/LBX008V13_R.tif,LBX,42,42,autolabel_v1.4,3840,2160,"[[2564.23, 1089.5], [1585.13, 1256.5], [1350.92, 945.47], [1758.1, 1231.54], [1877.47, 1225.01], [1984.4, 1224.47], [2069.53, 1229.76], [2130.03, 1227.84], [2206.86, 1235.5], [2255.15, 1246.67], [1846.5, 1051.5], [1919.83, 1104.83], [2014.5, 1147.5], [2093.17, 1176.17], [2168.5, 1186.17], [2247.83, 1178.5], [2287.0, 1131.0], [1834.81, 982.94], [1345.51, 1035.8], [1362.25, 1122.93], [1414.67, 1196.14], [1495.35, 1239.27], [1643.47, 1254.53], [1701.44, 1246.48], [2326.77, 1239.17], [2395.96, 1218.51], [2461.56, 1187.53], [2520.63, 1145.42], [1897.96, 1006.61], [1962.41, 1026.48], [2027.94, 1042.34], [2094.42, 1053.81], [2161.52, 1060.98], [2228.58, 1068.61], [2295.85, 1073.74], [2363.26, 1076.34], [2430.73, 1076.39], [2497.99, 1076.58], [1971.83, 1096.17], [2058.5, 1126.17], [2143.83, 1144.17], [2215.83, 1154.5]]",
LBX,Right,lbx009v01_r,../marked_images/landmarked_lbx/marked_tiff/right/LBX009V01_R_MARK.tif,../marked_images/landmarked_lbx/txt/right/LBX009V01_R.txt,../raw_images/lbx/LBX009V01_R.tif,LBX,42,42,autolabel_v1.4,3840,2160,"[[2574.96, 1041.64], [1530.67, 1226.05], [1356.54, 920.14], [1760.37, 1204.04], [1881.63, 1208.4], [1990.45, 1214.0], [2097.04, 1224.46], [2170.21, 1225.88], [2242.31, 1235.5], [2304.12, 1237.51], [1851.83, 1044.83], [1921.83, 1094.17], [2019.83, 1138.17], [2110.5, 1168.83], [2185.83, 1178.83], [2265.17, 1168.83], [2311.83, 1096.83], [1840.25, 979.26], [1345.19, 1005.39], [1344.54, 1084.45], [1376.63, 1163.71], [1451.35, 1204.45], [1607.47, 1221.5], [1683.86, 1212.15], [2370.39, 1222.18], [2431.02, 1191.7], [2490.34, 1153.07], [2538.57, 1100.89], [1904.53, 1000.95], [1970.08, 1018.41], [2036.67, 1031.35], [2104.01, 1039.91], [2171.71, 1044.95], [2239.53, 1047.75], [2307.37, 1046.73], [2375.08, 1042.24], [2442.4, 1033.9], [2509.02, 1025.5], [1973.83, 1088.17], [2072.5, 1115.5], [2161.17, 1132.83], [2230.5, 1136.83]]",
LBX,Right,lbx009v03_r,../marked_images/landmarked_lbx/marked_tiff/right/LBX009V03_R_MARK.tif,../marked_images/landmarked_lbx/txt/right/LBX009V03_R.txt,../raw_images/lbx/LBX009V03_R.tif,LBX,42,42,autolabel_v1.4,3840,2160,"[[2556.24, 1049.54], [1592.0, 1237.5], [1356.59, 938.85], [1755.98, 1218.46], [1871.21, 1215.5], [1987.56, 1223.26], [2088.95, 1227.62], [2158.71, 1231.5], [2221.64, 1240.04], [2281.19, 1244.44], [1850.17, 1042.17], [1908.83, 1095.5], [2002.83, 1136.17], [2092.83, 1170.17], [2167.17, 1185.83], [2240.83, 1184.83], [2287.83, 1097.5], [1838.19, 980.73], [1342.47, 1023.29], [1337.59, 1114.91], [1400.13, 1184.63], [1491.57, 1228.51], [1646.5, 1230.51], [1701.03, 1222.3], [2348.63, 1231.04], [2411.88, 1200.33], [2469.39, 1159.33], [2519.05, 1108.51], [1900.8, 1003.39], [1965.17, 1020.23], [2030.55, 1032.52], [2096.58, 1040.66], [2163.01, 1045.19], [2229.56, 1047.29], [2296.08, 1045.05], [2362.5, 1040.56], [2428.49, 1032.32], [2493.43, 1027.45], [1960.83, 1084.83], [2056.83, 1116.17], [2140.17, 1126.83], [2212.83, 1128.5]]",
LBX,Right,lbx009v05_r,../marked_images/landmarked_lbx/marked_tiff/right/LBX009V05_R_MARK.tif,../marked_images/landmarked_lbx/txt/right/LBX009V05_R.txt,../raw_images/lbx/LBX009V05_R.tif,LBX,42,42,autolabel_v1.4,3840,2160,"[[2576.23, 1005.98], [1492.02, 1215.46], [1346.43, 885.75], [1720.85, 1186.56], [1844.07, 1187.5], [1974.93, 1192.49], [2070.54, 1192.53], [2140.99, 1191.5], [2221.17, 1203.48], [2288.85, 1206.83], [1835.17, 1008.83], [1909.17, 1058.17], [2007.17, 1097.5], [2098.5, 1128.83], [2160.5, 1161.5], [2243.5, 1159.5], [2312.0, 1078.5], [1823.95, 950.75], [1333.05, 973.82], [1321.28, 1056.32], [1341.47, 1143.1], [1403.26, 1205.96], [1568.1, 1203.8], [1644.38, 1195.24], [2359.39, 1193.73], [2425.65, 1161.89], [2487.11, 1120.36], [2540.53, 1068.74], [1889.79, 972.1], [1957.02, 988.44], [2025.07, 1000.89], [2093.73, 1009.28], [2162.8, 1013.63], [2232.0, 1015.32], [2301.2, 1013.95], [2370.27, 1009.73], [2439.09, 1002.55], [2507.66, 996.54], [1961.17, 1052.83], [2067.17, 1078.83], [2150.5, 1094.5], [2224.83, 1104.83]]",
LBX,Right,lbx009v07_r,../marked_images/landmarked_lbx/marked_tiff/right/LBX009V07_R_MARK.tif,../marked_images/landmarked_lbx/txt/right/LBX009V07_R.txt,../raw_images/lbx/LBX009V07_R.tif,LBX,42,42,autolabel_v1.4,3840,2160,"[[2576.65, 1034.38], [1571.53, 1212.99], [1312.2, 1010.89], [1729.21, 1190.5], [1866.32, 1191.5], [1975.33, 1200.43], [2080.18, 1205.5], [2153.6, 1207.95], [2223.62, 1218.45], [2289.77, 1221.25], [1826.83, 1030.83], [1904.17, 1082.17], [2018.17, 1122.83], [2098.17, 1155.5], [2176.5, 1172.5], [2257.5, 1161.5], [2306.17, 1097.5], [1815.32, 966.03], [1326.5, 1085.97], [1354.85, 1158.96], [1418.74, 1195.07], [1491.74, 1214.9], [1623.95, 1204.53], [1676.71, 1198.53], [2359.22, 1205.43], [2425.81, 1178.84], [2486.22, 1140.27], [2538.93, 1091.57], [1881.64, 988.74], [1949.49, 1006.39], [2018.4, 1019.41], [2088.02, 1028.14], [2158.0, 1033.45], [2228.13, 1035.94], [2298.29, 1035.22], [2368.36, 1031.67], [2438.24, 1025.4], [2507.77, 1020.94], [1960.83, 1079.5], [2068.17, 1104.83], [2150.5, 1121.5], [2222.5, 1129.5]]",
LBX,Right,lbx009v10_r,../marked_images/landmarked_lbx/marked_tiff/right/LBX009V10_R_MARK.tif,../marked_images/landmarked_lbx/txt/right/LBX009V10_R.txt,../raw_images/lbx/LBX009V10_R.tif,LBX,42,42,autolabel_v1.4,3840,2160,"[[2536.58, 1058.68], [1544.88, 1213.54], [1348.44, 925.77], [1717.77, 1199.13], [1834.1, 1200.54], [1941.58, 1212.27], [2037.89, 1225.34], [2116.56, 1234.53], [2187.02, 1244.86], [2252.19, 1250.91], [1818.83, 1033.83], [1906.83, 1118.83], [1984.83, 1125.83], [2071.5, 1160.5], [2134.5, 1186.5], [2215.5, 1183.5], [2275.5, 1106.5], [1808.03, 964.64], [1332.5, 1016.87], [1341.56, 1105.56], [1386.7, 1183.71], [1457.6, 1210.37], [1609.04, 1202.97], [1654.9, 1206.86], [2320.93, 1238.52], [2385.62, 1206.62], [2447.66, 1168.4], [2501.03, 1118.47], [1871.03, 988.79], [1935.36, 1009.0], [2000.67, 1025.76], [2066.87, 1038.34], [2133.9, 1046.0], [2201.18, 1050.89], [2268.59, 1053.64], [2336.0, 1052.59], [2403.32, 1048.36], [2470.33, 1045.94], [1951.5, 1094.5], [2034.5, 1107.5], [2124.5, 1129.5], [2191.5, 1135.5]]",
LBX,Right,lbx009v17_r,../marked_images/landmarked_lbx/marked_tiff/right/LBX009V17_R_MARK.tif,../marked_images/landmarked_lbx/txt/right/LBX009V17_R.txt,../raw_images/lbx/LBX009V17_R.tif,LBX,42,42,autolabel_v1.4,3840,2160,"[[2577.18, 997.4], [1473.03, 1200.5], [1308.86, 912.13], [1707.02, 1163.64], [1846.33, 1166.05], [1967.99, 1178.5], [2070.91, 1184.58], [2147.8, 1185.2], [2218.67, 1191.68], [2281.11, 1192.43], [1814.5, 1015.5], [1894.5, 1064.5], [2002.5, 1102.5], [2094.5, 1130.5], [2171.5, 1139.5], [2252.5, 1135.5], [2296.5, 1062.0], [1801.63, 945.51], [1301.17, 988.65], [1296.75, 1070.29], [1321.32, 1147.62], [1392.89, 1185.8], [1550.34, 1183.93], [1628.52, 1174.6], [2351.02, 1176.81], [2419.68, 1148.91], [2482.11, 1109.05], [2536.19, 1058.31], [1870.04, 965.82], [1939.68, 981.26], [2010.22, 992.11], [2081.28, 998.91], [2152.63, 1001.63], [2224.02, 1003.13], [2295.4, 1001.66], [2366.6, 996.75], [2437.47, 988.29], [2507.82, 980.41], [1951.5, 1055.5], [2059.5, 1079.5], [2144.5, 1090.5], [2221.5, 1100.5]]",
LBX,Right,lbx009v21_r,../marked_images/landmarked_lbx/marked_tiff/right/LBX009V21_R_MARK.tif,../marked_images/landmarked_lbx/txt/right/LBX009V21_R.txt,../raw_images/lbx/LBX009V21_R.tif,LBX,42,42,autolabel_v1.4,3840,2160,"[[2579.78, 1019.21], [1520.5, 1198.48], [1335.22, 903.44], [1754.98, 1176.51], [1885.57, 1182.53], [1998.32, 1192.05], [2097.15, 1198.47], [2169.39, 1199.62], [2244.28, 1208.5], [2306.03, 1209.45], [1866.5, 1030.5], [1933.5, 1079.5], [2036.5, 1117.5], [2123.5, 1147.5], [2199.5, 1159.5], [2286.5, 1152.5], [2323.5, 1088.5], [1855.53, 965.71], [1330.63, 988.61], [1334.54, 1074.3], [1385.67, 1130.38], [1438.78, 1180.84], [1597.28, 1180.5], [1676.31, 1179.5], [2373.5, 1193.67], [2437.0, 1165.13], [2495.56, 1127.18], [2544.36, 1077.14], [1919.31, 984.73], [1984.04, 1000.15], [2049.53, 1011.84], [2115.61, 1019.51], [2182.09, 1023.1], [2248.65, 1024.3], [2315.2, 1023.1], [2381.65, 1019.37], [2447.94, 1013.32], [2514.01, 1008.93], [1985.5, 1065.5], [2086.5, 1094.5], [2176.5, 1107.5], [2249.5, 1112.5]]",
LBX,Right,lbx009v22_r,../marked_images/landmarked_lbx/marked_tiff/right/LBX009V22_R_MARK.tif,../marked_images/landmarked_lbx/txt/right/LBX009V22_R.txt,../raw_images/lbx/LBX009V22_R.tif,LBX,42,42,autolabel_v1.4,3840,2160,"[[2566.76, 1013.09], [1527.29, 1207.5], [1360.39, 925.83], [1759.38, 1172.5], [1898.41, 1178.5], [2032.99, 1188.51], [2106.34, 1193.31], [2173.82, 1198.24], [2252.58, 1205.37], [2317.83, 1204.18], [1865.83, 1022.83], [1936.5, 1080.83], [2037.83, 1116.83], [2125.83, 1151.5], [2198.5, 1158.83], [2275.17, 1163.5], [2296.83, 1082.5], [1852.65, 952.35], [1350.46, 1004.81], [1344.56, 1086.05], [1374.25, 1158.8], [1447.18, 1194.9], [1604.12, 1192.59], [1681.6, 1181.54], [2381.26, 1187.45], [2440.87, 1159.83], [2494.42, 1120.3], [2539.35, 1071.35], [1914.89, 973.37], [1978.62, 989.04], [2043.24, 1000.56], [2108.37, 1009.07], [2173.74, 1015.49], [2239.34, 1019.06], [2305.02, 1019.56], [2370.65, 1017.42], [2436.09, 1012.15], [2501.35, 1007.02], [1987.83, 1068.83], [2092.5, 1097.5], [2172.5, 1114.17], [2252.5, 1119.5]]",
LBX,Right,lbx009v23_r,../marked_images/landmarked_lbx/marked_tiff/right/LBX009V23_R_MARK.tif,../marked_images/landmarked_lbx/txt/right/LBX009V23_R.txt,../raw_images/lbx/LBX009V23_R.tif,LBX,42,42,autolabel_v1.4,3840,2160,"[[2576.77, 998.21], [1503.56, 1200.41], [1319.21, 951.08], [1745.98, 1166.54], [1895.89, 1164.67], [1989.06, 1171.5], [2093.98, 1176.18], [2159.87, 1174.59], [2236.06, 1185.36], [2301.73, 1186.2], [1850.5, 1007.5], [1923.17, 1050.83], [2023.83, 1090.17], [2110.5, 1120.17], [2182.5, 1142.17], [2265.5, 1121.5], [2310.5, 1055.5], [1838.77, 945.25], [1332.67, 1016.96], [1339.5, 1087.78], [1372.59, 1148.07], [1434.72, 1182.97], [1585.11, 1191.46], [1666.77, 1186.48], [2369.27, 1174.24], [2431.39, 1142.93], [2490.78, 1105.55], [2539.85, 1055.64], [1903.85, 964.37], [1970.03, 979.0], [2037.04, 989.2], [2104.55, 995.65], [2172.27, 999.61], [2240.09, 1001.24], [2307.91, 1000.12], [2375.6, 996.11], [2443.09, 989.45], [2510.26, 984.87], [1977.17, 1038.17], [2083.17, 1070.17], [2168.5, 1080.83], [2237.83, 1092.17]]",
LBX,Right,lbx010v01_r,../marked_images/landmarked_lbx/marked_tiff/right/LBX010V01_R_MARK.tif,../marked_images/landmarked_lbx/txt/right/LBX010V01_R.txt,../raw_images/lbx/LBX010V01_R.tif,LBX,42,42,autolabel_v1.4,3840,2160,"[[2562.09, 1028.7], [1565.1, 1229.66], [1354.52, 925.59], [1769.51, 1203.5], [1881.79, 1209.08], [2002.72, 1216.07], [2097.65, 1225.43], [2170.75, 1229.19], [2235.72, 1234.62], [2295.21, 1237.5], [1840.83, 1043.5], [1908.83, 1096.83], [2018.17, 1128.83], [2104.83, 1171.5], [2176.83, 1190.17], [2250.17, 1170.17], [2303.5, 1104.5], [1825.23, 966.1], [1352.96, 1050.39], [1377.46, 1171.13], [1480.35, 1236.44], [1516.79, 1288.21], [1602.15, 1225.22], [1681.57, 1216.57], [2365.83, 1224.15], [2429.28, 1192.63], [2485.07, 1147.58], [2531.29, 1091.32], [1889.18, 989.83], [1954.44, 1009.4], [2021.28, 1022.94], [2088.99, 1031.35], [2157.02, 1036.54], [2225.19, 1039.42], [2293.4, 1039.3], [2361.43, 1035.05], [2428.88, 1025.38], [2495.44, 1014.11], [1960.83, 1083.5], [2066.17, 1114.17], [2150.17, 1127.5], [2220.83, 1132.83]]",
LBX,Right,lbx010v02_r,../marked_images/landmarked_lbx/marked_tiff/right/LBX010V02_R_MARK.tif,../marked_images/landmarked_lbx/txt/right/LBX010V02_R.txt,../raw_images/lbx/LBX010V02_R.tif,LBX,42,42,autolabel_v1.4,3840,2160,"[[2552.4, 1030.34], [1552.59, 1246.33], [1372.7, 944.64], [1774.29, 1200.0], [1879.61, 1197.98], [1984.53, 1203.01], [2083.42, 1210.52], [2159.87, 1217.22], [2218.59, 1225.6], [2286.13, 1226.83], [1864.5, 1040.5], [1915.5, 1099.5], [2015.5, 1123.83], [2103.5, 1155.17], [2172.17, 1169.83], [2242.17, 1165.83], [2305.0, 1093.0], [1851.04, 978.21], [1365.18, 1024.68], [1364.45, 1110.84], [1403.83, 1184.07], [1474.61, 1230.62], [1620.77, 1221.32], [1696.63, 1207.94], [2354.89, 1214.76], [2418.57, 1184.47], [2473.44, 1141.62], [2520.78, 1090.86], [1913.44, 994.93], [1976.67, 1008.52], [2040.5, 1018.53], [2104.94, 1024.15], [2169.44, 1029.04], [2234.1, 1028.5], [2298.79, 1027.84], [2363.47, 1027.14], [2427.55, 1021.27], [2490.39, 1011.92], [1968.17, 1074.5], [2069.5, 1101.17], [2152.17, 1110.5], [2218.83, 1121.83]]",
LBX,Right,lbx010v04_r,../marked_images/landmarked_lbx/marked_tiff/right/LBX010V04_R_MARK.tif,../marked_images/landmarked_lbx/txt/right/LBX010V04_R.txt,../raw_images/lbx/LBX010V04_R.tif,LBX,42,42,autolabel_v1.4,3840,2160,"[[2545.87, 1000.45], [1515.05, 1215.51], [1362.75, 884.49], [1762.84, 1184.5], [1876.87, 1184.24], [1984.12, 1192.52], [2069.48, 1195.74], [2148.29, 1201.07], [2211.32, 1208.52], [2274.94, 1208.5], [1836.5, 1011.5], [1902.5, 1062.5], [2007.5, 1098.5], [2087.5, 1130.5], [2161.5, 1146.0], [2228.5, 1151.5], [2285.17, 1064.5], [1821.61, 940.11], [1360.58, 967.87], [1352.51, 1051.5], [1374.18, 1128.68], [1442.41, 1176.97], [1598.06, 1208.49], [1679.99, 1193.43], [2344.71, 1195.2], [2408.44, 1162.93], [2462.07, 1115.52], [2508.46, 1060.21], [1884.3, 963.45], [1948.62, 981.97], [2014.13, 995.52], [2080.7, 1002.98], [2147.5, 1007.93], [2214.47, 1008.5], [2281.43, 1006.74], [2348.25, 1002.39], [2414.7, 994.35], [2480.52, 985.75], [1952.0, 1049.0], [2055.5, 1079.0], [2138.0, 1094.0], [2208.0, 1089.5]]",
LBX,Right,lbx010v06_r,../marked_images/landmarked_lbx/marked_tiff/right/LBX010V06_R_MARK.tif,../marked_images/landmarked_lbx/txt/right/LBX010V06_R.txt,../raw_images/lbx/LBX010V06_R.tif,LBX,42,42,autolabel_v1.4,3840,2160,"[[2564.74, 1015.14], [1503.0, 1202.36], [1344.57, 920.22], [1755.22, 1171.47], [1866.44, 1179.5], [1982.97, 1189.46], [2075.91, 1191.64], [2145.27, 1197.46], [2213.57, 1206.5], [2286.51, 1207.73], [1826.83, 1028.83], [1914.17, 1082.83], [2014.17, 1116.17], [2102.17, 1140.83], [2180.5, 1152.5], [2252.5, 1143.5], [2302.5, 1092.5], [1812.82, 949.35], [1345.5, 1001.02], [1329.47, 1080.9], [1354.02, 1153.86], [1423.73, 1193.29], [1586.31, 1187.55], [1670.68, 1177.75], [2355.18, 1194.62], [2420.54, 1165.89], [2479.84, 1126.66], [2529.14, 1075.01], [1878.02, 972.6], [1944.9, 990.56], [2013.01, 1003.28], [2081.82, 1011.39], [2150.92, 1016.34], [2220.13, 1019.4], [2289.4, 1020.01], [2358.63, 1017.71], [2427.64, 1012.0], [2496.25, 1004.68], [1972.17, 1068.17], [2072.17, 1091.5], [2154.17, 1101.5], [2225.5, 1113.5]]",
LBX,Right,lbx010v07_r,../marked_images/landmarked_lbx/marked_tiff/right/LBX010V07_R_MARK.tif,../marked_images/landmarked_lbx/txt/right/LBX010V07_R.txt,../raw_images/lbx/LBX010V07_R.tif,LBX,42,42,autolabel_v1.4,3840,2160,"[[2541.21, 996.42], [1483.03, 1199.5], [1335.08, 897.77], [1730.42, 1164.5], [1845.78, 1167.92], [1964.61, 1175.3], [2059.8, 1181.54], [2132.57, 1185.0], [2205.31, 1194.5], [2266.65, 1198.49], [1805.17, 1006.5], [1881.5, 1059.0], [1989.0, 1095.5], [2079.5, 1124.0], [2145.5, 1147.5], [2227.5, 1135.5], [2280.17, 1058.17], [1791.59, 935.78], [1330.9, 977.89], [1316.5, 1056.69], [1339.7, 1130.64], [1407.39, 1174.05], [1564.85, 1183.69], [1647.75, 1176.26], [2333.01, 1179.17], [2396.27, 1150.51], [2454.99, 1109.14], [2503.64, 1055.87], [1857.02, 957.83], [1923.9, 974.82], [1992.14, 985.5], [2061.02, 990.84], [2130.05, 993.87], [2199.11, 995.84], [2268.19, 995.98], [2337.24, 993.97], [2406.01, 988.27], [2474.02, 980.3], [1939.0, 1045.0], [2044.5, 1074.5], [2128.17, 1093.5], [2199.5, 1090.5]]",
LBX,Right,lbx010v16_r,../marked_images/landmarked_lbx/marked_tiff/right/LBX010V16_R_MARK.tif,../marked_images/landmarked_lbx/txt/right/LBX010V16_R.txt,../raw_images/lbx/LBX010V16_R.tif,LBX,42,42,autolabel_v1.4,3840,2160,"[[2577.31, 1027.32], [1537.52, 1223.59], [1344.42, 917.36], [1753.93, 1192.47], [1882.75, 1196.57], [1994.96, 1204.35], [2090.14, 1210.67], [2164.62, 1215.92], [2237.39, 1225.27], [2300.85, 1229.54], [1841.5, 1035.5], [1906.5, 1088.5], [2019.5, 1124.5], [2112.5, 1154.5], [2185.5, 1173.5], [2254.5, 1152.5], [2302.5, 1098.17], [1826.0, 953.4], [1343.49, 1003.02], [1350.24, 1088.5], [1376.93, 1166.81], [1453.93, 1205.46], [1609.59, 1212.0], [1681.46, 1201.5], [2371.06, 1219.57], [2433.56, 1189.0], [2492.42, 1145.08], [2541.38, 1090.18], [1891.49, 976.15], [1958.47, 994.1], [2026.45, 1007.89], [2095.09, 1018.1], [2164.16, 1024.87], [2233.45, 1028.56], [2302.83, 1029.5], [2372.18, 1027.57], [2441.15, 1021.0], [2509.4, 1012.98], [1967.5, 1077.5], [2072.5, 1106.5], [2156.5, 1117.5], [2227.5, 1126.5]]",
LBX,Right,lbx010v17_r,../marked_images/landmarked_lbx/marked_tiff/right/LBX010V17_R_MARK.tif,../marked_images/landmarked_lbx/txt/right/LBX010V17_R.txt,../raw_images/lbx/LBX010V17_R.tif,LBX,42,42,autolabel_v1.4,3840,2160,"[[2594.28, 1018.26], [1533.71, 1220.57], [1347.47, 961.59], [1750.74, 1195.5], [1883.77, 1199.56], [2000.59, 1210.27], [2103.47, 1214.45], [2186.63, 1218.12], [2255.22, 1227.56], [2321.94, 1227.2], [1847.5, 1027.5], [1930.17, 1081.17], [2035.5, 1121.17], [2122.17, 1155.83], [2199.5, 1173.17], [2272.83, 1163.83], [2328.83, 1078.5], [1833.45, 953.83], [1350.5, 1033.22], [1354.23, 1109.29], [1394.74, 1171.95], [1458.51, 1213.92], [1605.4, 1206.37], [1677.53, 1196.5], [2390.06, 1209.67], [2453.9, 1177.35], [2512.53, 1134.91], [2559.59, 1079.71], [1899.62, 977.19], [1967.45, 994.93], [2036.46, 1007.54], [2106.14, 1016.03], [2176.14, 1021.45], [2246.35, 1022.26], [2316.55, 1021.14], [2386.65, 1017.54], [2456.41, 1010.19], [2525.61, 1003.63], [1987.5, 1075.83], [2084.83, 1106.5], [2175.5, 1110.5], [2252.83, 1114.5]]",
LBX,Right,lbx010v18_r,../marked_images/landmarked_lbx/marked_tiff/right/LBX010V18_R_MARK.tif,../marked_images/landmarked_lbx/txt/right/LBX010V18_R.txt,../raw_images/lbx/LBX010V18_R.tif,LBX,42,42,autolabel_v1.4,3840,2160,"[[2580.91, 1015.54], [1517.87, 1189.5], [1368.24, 897.46], [1741.16, 1170.1], [1864.4, 1168.5], [1984.06, 1178.49], [2078.9, 1185.5], [2148.03, 1187.48], [2228.4, 1199.42], [2285.34, 1206.29], [1838.5, 1003.83], [1910.5, 1056.5], [2015.5, 1092.5], [2099.5, 1133.5], [2173.5, 1148.5], [2253.5, 1121.5], [2311.5, 1068.5], [1826.27, 929.11], [1364.12, 975.06], [1351.5, 1052.25], [1381.56, 1122.06], [1442.62, 1171.07], [1592.79, 1189.44], [1666.65, 1176.45], [2358.47, 1197.79], [2423.0, 1168.13], [2484.36, 1126.2], [2538.58, 1074.92], [1892.23, 951.84], [1959.21, 971.12], [2027.38, 985.9], [2096.15, 997.63], [2165.56, 1004.72], [2235.18, 1009.25], [2304.9, 1011.69], [2374.67, 1012.03], [2444.12, 1007.64], [2512.85, 1000.18], [1968.5, 1050.5], [2072.5, 1078.5], [2151.5, 1089.5], [2227.5, 1095.5]]",
LBX,Right,lbx010v22_r,../marked_images/landmarked_lbx/marked_tiff/right/LBX010V22_R_MARK.tif,../marked_images/landmarked_lbx/txt/right/LBX010V22_R.txt,../raw_images/lbx/LBX010V22_R.tif,LBX,42,42,autolabel_v1.4,3840,2160,"[[2584.32, 1033.89], [1631.6, 1211.31], [1357.51, 981.02], [1777.98, 1198.5], [1887.4, 1202.6], [2008.07, 1209.66], [2097.08, 1212.5], [2175.32, 1212.76], [2238.72, 1223.8], [2302.58, 1229.5], [1838.5, 1038.5], [1919.5, 1098.0], [2022.0, 1133.0], [2119.0, 1164.5], [2193.0, 1175.0], [2261.0, 1169.5], [2309.5, 1088.5], [1822.39, 952.01], [1358.5, 1072.1], [1381.55, 1162.78], [1462.35, 1208.17], [1537.53, 1223.77], [1680.17, 1207.41], [1728.98, 1201.9], [2373.64, 1218.77], [2440.35, 1192.02], [2497.3, 1148.2], [2545.71, 1094.18], [1891.96, 955.6], [1958.17, 979.38], [2025.97, 998.21], [2095.14, 1010.91], [2165.06, 1018.3], [2235.32, 1021.61], [2305.66, 1022.93], [2376.0, 1022.5], [2446.27, 1019.19], [2516.26, 1016.05], [1974.17, 1076.83], [2074.5, 1110.5], [2159.17, 1121.83], [2238.5, 1124.5]]",
LBX,Right,lbx010v24_r,../marked_images/landmarked_lbx/marked_tiff/right/LBX010V24_R_MARK.tif,../marked_images/landmarked_lbx/txt/right/LBX010V24_R.txt,../raw_images/lbx/LBX010V24_R.tif,LBX,42,42,autolabel_v1.4,3840,2160,"[[2591.84, 1029.39], [1506.43, 1230.77], [1329.5, 887.35], [1751.15, 1199.5], [1858.86, 1202.5], [1970.15, 1206.87], [2082.99, 1217.5], [2155.88, 1218.55], [2228.07, 1227.36], [2293.26, 1232.53], [1832.83, 1027.5], [1911.5, 1078.17], [2011.5, 1119.5], [2102.17, 1147.5], [2175.5, 1170.17], [2243.5, 1179.5], [2317.5, 1088.83], [1820.33, 960.12], [1321.17, 980.27], [1308.5, 1073.64], [1341.25, 1159.75], [1415.82, 1215.29], [1587.83, 1219.24], [1669.49, 1209.22], [2368.84, 1224.15], [2437.7, 1193.71], [2499.74, 1149.76], [2550.28, 1092.22], [1887.72, 982.85], [1956.56, 1000.87], [2026.37, 1014.74], [2096.92, 1024.32], [2167.92, 1029.5], [2239.07, 1031.87], [2310.26, 1032.5], [2381.37, 1030.21], [2452.16, 1023.26], [2522.29, 1014.14], [1968.83, 1080.83], [2067.5, 1103.5], [2158.17, 1118.17], [2228.83, 1128.83]]",
LBX,Right,lbx010v26_r,../marked_images/landmarked_lbx/marked_tiff/right/LBX010V26_R_MARK.tif,../marked_images/landmarked_lbx/txt/right/LBX010V26_R.txt,../raw_images/lbx/LBX010V26_R.tif,LBX,42,42,autolabel_v1.4,3840,2160,"[[2542.9, 1014.48], [1514.32, 1216.47], [1356.52, 924.07], [1765.43, 1179.27], [1886.31, 1186.05], [2008.73, 1192.5], [2110.19, 1197.38], [2170.55, 1201.05], [2236.69, 1212.06], [2303.28, 1216.29], [1844.5, 1024.5], [1921.5, 1074.5], [2026.5, 1112.5], [2120.5, 1140.5], [2192.5, 1155.5], [2258.17, 1140.83], [2310.83, 1072.17], [1829.95, 950.43], [1339.35, 1001.01], [1340.5, 1081.64], [1364.57, 1156.81], [1436.58, 1194.01], [1597.5, 1199.31], [1680.89, 1187.5], [2363.08, 1195.38], [2417.98, 1160.98], [2469.07, 1120.43], [2511.6, 1070.34], [1892.28, 971.06], [1956.14, 985.99], [2021.08, 996.05], [2086.2, 1004.86], [2151.72, 1009.91], [2217.35, 1013.12], [2283.05, 1013.74], [2348.67, 1010.98], [2414.06, 1004.76], [2479.04, 998.99], [1976.5, 1066.5], [2073.5, 1093.5], [2160.5, 1105.5], [2236.17, 1104.17]]",
LBX,Right,lbx010v27_r,../marked_images/landmarked_lbx/marked_tiff/right/LBX010V27_R_MARK.tif,../marked_images/landmarked_lbx/txt/right/LBX010V27_R.txt,../raw_images/lbx/LBX010V27_R.tif,LBX,42,42,autolabel_v1.4,3840,2160,"[[2538.81, 998.24], [1535.68, 1221.71], [1356.49, 853.34], [1725.78, 1186.89], [1838.9, 1184.5], [1964.02, 1187.36], [2059.34, 1190.5], [2128.56, 1193.52], [2203.47, 1200.5], [2264.89, 1204.33], [1831.17, 1002.83], [1901.17, 1046.17], [1995.83, 1086.17], [2079.17, 1124.17], [2151.17, 1134.17], [2222.5, 1140.17], [2278.83, 1061.17], [1814.39, 927.53], [1347.74, 952.64], [1342.79, 1052.5], [1384.64, 1137.14], [1463.2, 1196.35], [1599.6, 1214.21], [1662.81, 1201.18], [2335.65, 1192.33], [2401.05, 1161.23], [2452.66, 1110.84], [2504.64, 1060.77], [1876.76, 951.6], [1940.74, 971.26], [2006.57, 983.32], [2072.88, 992.12], [2139.53, 997.78], [2206.39, 1000.41], [2273.31, 999.64], [2340.17, 996.77], [2406.73, 990.44], [2472.94, 986.38], [1948.5, 1038.17], [2049.17, 1071.5], [2132.5, 1083.5], [2195.83, 1082.83]]",
LBX,Right,lbx011v01_r,../marked_images/landmarked_lbx/marked_tiff/right/LBX011V01_R_MARK.tif,../marked_images/landmarked_lbx/txt/right/LBX011V01_R.txt,../raw_images/lbx/LBX011V01_R.tif,LBX,42,42,autolabel_v1.4,3840,2160,"[[2593.34, 1048.97], [1557.46, 1227.26], [1352.14, 951.25], [1741.23, 1197.51], [1883.69, 1203.72], [2012.38, 1215.5], [2116.93, 1227.63], [2182.12, 1231.49], [2265.91, 1234.88], [2329.08, 1230.54], [1857.5, 1053.5], [1917.5, 1096.5], [2035.5, 1139.5], [2126.5, 1171.5], [2209.5, 1186.5], [2281.5, 1177.83], [2327.83, 1115.83], [1843.0, 969.27], [1333.02, 1034.49], [1343.49, 1120.63], [1389.85, 1189.5], [1469.62, 1226.04], [1617.12, 1210.09], [1679.19, 1204.06], [2391.88, 1211.76], [2452.75, 1184.81], [2508.51, 1148.48], [2556.25, 1102.26], [1908.62, 991.37], [1975.59, 1008.73], [2043.58, 1021.49], [2112.27, 1029.95], [2181.34, 1034.84], [2250.46, 1038.92], [2319.68, 1039.5], [2388.88, 1037.42], [2457.95, 1032.78], [2526.48, 1030.99], [1983.5, 1090.5], [2089.5, 1116.5], [2182.5, 1133.5], [2253.5, 1140.5]]",
LBX,Right,lbx011v03_r,../marked_images/landmarked_lbx/marked_tiff/right/LBX011V03_R_MARK.tif,../marked_images/landmarked_lbx/txt/right/LBX011V03_R.txt,../raw_images/lbx/LBX011V03_R.tif,LBX,42,42,autolabel_v1.4,3840,2160,"[[2562.21, 1017.42], [1507.03, 1238.46], [1336.08, 981.12], [1754.49, 1201.5], [1877.58, 1208.25], [1997.61, 1213.42], [2100.86, 1214.26], [2170.04, 1215.66], [2241.21, 1219.5], [2310.23, 1213.43], [1846.83, 1050.17], [1917.5, 1100.83], [2030.17, 1136.83], [2120.83, 1158.83], [2198.83, 1169.5], [2269.5, 1163.5], [2321.83, 1109.5], [1833.01, 984.15], [1337.65, 1053.8], [1341.3, 1126.02], [1373.05, 1190.55], [1436.08, 1225.4], [1594.1, 1224.37], [1664.7, 1214.18], [2371.86, 1193.32], [2432.27, 1165.65], [2485.49, 1125.01], [2530.12, 1075.02], [1897.65, 1001.56], [1963.34, 1014.71], [2029.71, 1023.54], [2096.6, 1027.58], [2163.62, 1028.46], [2230.64, 1029.29], [2297.61, 1027.15], [2364.5, 1022.88], [2430.86, 1014.51], [2496.42, 1004.59], [1984.17, 1085.5], [2084.17, 1112.83], [2166.17, 1122.83], [2234.83, 1126.17]]",
LBX,Right,lbx011v04_r,../marked_images/landmarked_lbx/marked_tiff/right/LBX011V04_R_MARK.tif,../marked_images/landmarked_lbx/txt/right/LBX011V04_R.txt,../raw_images/lbx/LBX011V04_R.tif,LBX,42,42,autolabel_v1.4,3840,2160,"[[2576.1, 1056.95], [1555.03, 1251.5], [1422.82, 997.68], [1752.5, 1216.59], [1881.63, 1221.5], [1999.9, 1230.34], [2111.2, 1237.5], [2182.32, 1239.5], [2255.54, 1245.38], [2315.07, 1244.54], [1857.5, 1065.5], [1915.5, 1110.5], [2022.5, 1146.5], [2115.5, 1175.5], [2196.5, 1189.5], [2265.5, 1191.5], [2308.83, 1114.5], [1841.56, 981.85], [1367.19, 1045.55], [1368.14, 1127.05], [1400.72, 1198.31], [1474.88, 1233.84], [1620.79, 1239.18], [1686.41, 1226.39], [2381.52, 1232.86], [2443.61, 1206.45], [2499.58, 1166.86], [2543.72, 1114.78], [1905.07, 1005.67], [1970.42, 1023.57], [2036.91, 1036.62], [2103.99, 1046.61], [2171.26, 1055.18], [2238.93, 1059.73], [2306.74, 1060.44], [2374.52, 1058.38], [2441.99, 1052.34], [2509.09, 1046.49], [1978.5, 1095.5], [2082.5, 1128.5], [2169.5, 1148.5], [2238.5, 1151.5]]",
LBX,Right,lbx012v01_r,../marked_images/landmarked_lbx/marked_tiff/right/LBX012V01_R_MARK.tif,../marked_images/landmarked_lbx/txt/right/LBX012V01_R.txt,../raw_images/lbx/LBX012V01_R.tif,LBX,42,42,autolabel_v1.4,3840,2160,"[[2588.58, 990.82], [1507.15, 1225.5], [1339.0, 934.61], [1725.1, 1193.54], [1874.23, 1196.62], [2010.95, 1203.5], [2105.9, 1208.06], [2177.75, 1206.96], [2250.89, 1209.5], [2316.04, 1209.85], [1862.83, 1039.83], [1914.83, 1088.5], [2028.17, 1122.5], [2120.83, 1153.83], [2194.17, 1171.17], [2267.5, 1171.83], [2324.83, 1074.5], [1848.18, 972.31], [1336.84, 1015.28], [1323.5, 1095.62], [1356.56, 1166.55], [1425.34, 1213.27], [1578.48, 1207.5], [1652.07, 1203.54], [2386.0, 1191.23], [2447.31, 1152.53], [2503.9, 1106.61], [2552.45, 1052.08], [1914.17, 988.74], [1980.96, 1001.57], [2048.48, 1009.52], [2116.31, 1013.87], [2184.3, 1015.23], [2252.3, 1014.19], [2320.13, 1009.15], [2387.71, 1001.58], [2454.65, 990.03], [2521.27, 981.09], [1972.17, 1072.5], [2081.5, 1099.17], [2173.5, 1107.83], [2252.83, 1107.17]]",
LBX,Right,lbx013v01_r,../marked_images/landmarked_lbx/marked_tiff/right/LBX013V01_R_MARK.tif,../marked_images/landmarked_lbx/txt/right/LBX013V01_R.txt,../raw_images/lbx/LBX013V01_R.tif,LBX,42,42,autolabel_v1.4,3840,2160,"[[2547.24, 1042.58], [1565.03, 1241.5], [1382.48, 931.71], [1764.26, 1204.46], [1881.31, 1201.5], [2001.55, 1214.74], [2086.75, 1222.09], [2171.1, 1227.48], [2243.31, 1233.5], [2304.76, 1228.5], [1851.5, 1047.5], [1922.5, 1099.5], [2022.5, 1138.5], [2109.5, 1167.5], [2184.5, 1186.5], [2254.5, 1164.5], [2308.0, 1110.5], [1837.9, 980.36], [1376.57, 1014.94], [1382.15, 1098.21], [1415.35, 1172.86], [1484.32, 1220.24], [1631.43, 1229.25], [1697.75, 1216.21], [2366.81, 1214.36], [2423.65, 1186.31], [2472.63, 1144.87], [2515.02, 1096.72], [1899.6, 1002.09], [1962.87, 1018.73], [2027.27, 1030.01], [2092.42, 1036.72], [2157.66, 1042.39], [2223.13, 1044.11], [2288.6, 1043.18], [2353.97, 1039.64], [2419.07, 1032.88], [2483.63, 1027.01], [1983.5, 1093.5], [2072.5, 1116.5], [2160.5, 1127.5], [2223.5, 1135.5]]",
LBX,Right,lbx013v04_r,../marked_images/landmarked_lbx/marked_tiff/right/LBX013V04_R_MARK.tif,../marked_images/landmarked_lbx/txt/right/LBX013V04_R.txt,../raw_images/lbx/LBX013V04_R.tif,LBX,42,42,autolabel_v1.4,3840,2160,"[[2569.94, 1031.61], [1569.54, 1241.74], [1372.77, 909.6], [1750.82, 1216.55], [1868.19, 1215.5], [1990.54, 1224.5], [2077.94, 1230.2], [2155.14, 1234.22], [2232.58, 1243.5], [2310.72, 1240.11], [1854.5, 1036.5], [1920.5, 1088.5], [2021.83, 1127.83], [2109.17, 1156.5], [2175.17, 1185.17], [2256.5, 1165.5], [2310.5, 1098.5], [1840.5, 969.85], [1371.82, 1001.29], [1363.76, 1093.77], [1402.09, 1174.33], [1478.67, 1227.27], [1630.38, 1236.64], [1690.82, 1228.46], [2375.13, 1222.5], [2436.4, 1188.88], [2492.28, 1146.27], [2539.0, 1093.51], [1903.81, 992.81], [1968.96, 1009.65], [2035.17, 1021.54], [2101.96, 1030.13], [2168.95, 1036.79], [2236.26, 1039.21], [2303.59, 1039.47], [2370.83, 1036.4], [2437.58, 1028.41], [2503.7, 1019.47], [1970.5, 1083.83], [2072.5, 1111.17], [2155.83, 1123.17], [2223.83, 1137.83]]",
LBX,Right,lbx013v05_r,../marked_images/landmarked_lbx/marked_tiff/right/LBX013V05_R_MARK.tif,../marked_images/landmarked_lbx/txt/right/LBX013V05_R.txt,../raw_images/lbx/LBX013V05_R.tif,LBX,42,42,autolabel_v1.4,3840,2160,"[[2571.36, 1109.24], [1562.46, 1254.5], [1409.04, 967.56], [1745.91, 1217.17], [1867.14, 1215.33], [1976.6, 1230.75], [2079.31, 1242.6], [2154.16, 1249.74], [2226.61, 1260.6], [2294.03, 1265.5], [1867.5, 1067.5], [1932.17, 1116.17], [2026.83, 1152.83], [2110.83, 1184.17], [2184.83, 1201.5], [2254.17, 1209.5], [2303.0, 1154.0], [1857.89, 1000.75], [1396.24, 1045.66], [1391.8, 1124.72], [1419.99, 1198.16], [1484.89, 1243.81], [1624.16, 1245.07], [1684.56, 1229.2], [2361.38, 1256.64], [2428.16, 1244.83], [2487.45, 1211.96], [2536.0, 1164.5], [1919.73, 1023.86], [1983.01, 1042.61], [2047.17, 1058.0], [2111.92, 1070.8], [2177.06, 1081.44], [2242.66, 1088.86], [2308.42, 1094.66], [2374.34, 1097.52], [2440.35, 1097.76], [2506.18, 1098.74], [1985.5, 1112.83], [2080.17, 1140.83], [2160.83, 1161.5], [2226.83, 1174.83]]",
LBX,Right,lbx013v07_r,../marked_images/landmarked_lbx/marked_tiff/right/LBX013V07_R_MARK.tif,../marked_images/landmarked_lbx/txt/right/LBX013V07_R.txt,../raw_images/lbx/LBX013V07_R.tif,LBX,42,42,autolabel_v1.4,3840,2160,"[[2557.12, 1071.06], [1557.01, 1219.5], [1360.85, 947.72], [1746.17, 1190.52], [1856.68, 1201.5], [1972.99, 1217.14], [2071.07, 1231.15], [2145.45, 1233.72], [2222.32, 1241.5], [2277.23, 1243.29], [1864.17, 1050.5], [1933.5, 1105.17], [2028.17, 1137.83], [2112.17, 1175.17], [2183.5, 1190.17], [2260.17, 1178.83], [2298.83, 1119.83], [1854.13, 982.91], [1347.99, 1034.53], [1350.51, 1121.07], [1405.14, 1184.84], [1472.68, 1208.14], [1621.21, 1208.64], [1685.22, 1197.02], [2345.0, 1232.86], [2411.37, 1212.36], [2470.3, 1176.26], [2520.78, 1128.67], [1915.16, 1005.15], [1977.49, 1023.33], [2040.62, 1038.49], [2104.46, 1050.11], [2169.01, 1057.33], [2233.74, 1062.77], [2298.59, 1066.31], [2363.52, 1067.48], [2428.35, 1064.89], [2492.91, 1061.26], [1988.17, 1096.5], [2081.5, 1123.17], [2162.83, 1140.17], [2233.5, 1154.17]]",
LBX,Right,lbx013v08_r,../marked_images/landmarked_lbx/marked_tiff/right/LBX013V08_R_MARK.tif,../marked_images/landmarked_lbx/txt/right/LBX013V08_R.txt,../raw_images/lbx/LBX013V08_R.tif,LBX,42,42,autolabel_v1.4,3840,2160,"[[2586.48, 1077.63], [1478.56, 1222.4], [1323.08, 929.22], [1716.2, 1198.68], [1846.8, 1212.47], [1970.21, 1229.5], [2070.05, 1244.51], [2145.69, 1249.99], [2228.22, 1255.5], [2288.96, 1253.87], [1852.83, 1054.17], [1914.83, 1107.5], [2019.5, 1152.17], [2103.5, 1190.17], [2172.83, 1207.5], [2253.5, 1202.17], [2292.5, 1129.5], [1843.65, 983.86], [1307.56, 1008.09], [1307.37, 1087.97], [1343.54, 1156.47], [1400.02, 1208.5], [1557.6, 1212.58], [1636.98, 1206.5], [2360.96, 1243.19], [2431.17, 1223.34], [2492.08, 1185.42], [2546.14, 1136.64], [1908.36, 1006.51], [1974.29, 1025.3], [2041.19, 1040.08], [2108.79, 1051.36], [2176.81, 1059.85], [2245.1, 1065.97], [2313.58, 1069.43], [2382.11, 1069.97], [2450.61, 1067.69], [2518.89, 1066.09], [1970.17, 1102.83], [2070.83, 1131.5], [2156.17, 1153.5], [2230.83, 1161.5]]",
LBX,Right,lbx013v09_r,../marked_images/landmarked_lbx/marked_tiff/right/LBX013V09_R_MARK.tif,../marked_images/landmarked_lbx/txt/right/LBX013V09_R.txt,../raw_images/lbx/LBX013V09_R.tif,LBX,42,42,autolabel_v1.4,3840,2160,"[[2572.11, 1024.03], [1520.03, 1237.5], [1324.54, 927.19], [1752.43, 1202.5], [1875.68, 1206.71], [1982.91, 1217.63], [2081.7, 1227.05], [2161.14, 1228.46], [2233.83, 1234.1], [2309.11, 1233.33], [1849.83, 1041.17], [1916.5, 1092.5], [2015.83, 1125.83], [2105.83, 1163.17], [2173.17, 1189.83], [2257.5, 1168.5], [2305.5, 1089.5], [1836.67, 976.29], [1331.67, 1012.11], [1334.05, 1096.68], [1367.78, 1174.19], [1437.1, 1216.89], [1597.44, 1225.8], [1675.0, 1214.69], [2376.4, 1221.37], [2438.25, 1185.33], [2495.43, 1142.06], [2540.58, 1086.25], [1895.14, 1011.56], [1960.57, 1018.81], [2028.43, 1023.06], [2096.23, 1031.24], [2164.38, 1036.05], [2232.64, 1039.09], [2300.94, 1038.11], [2369.15, 1034.48], [2436.91, 1026.61], [2504.16, 1016.83], [1974.5, 1087.17], [2069.83, 1112.5], [2155.17, 1127.17], [2232.5, 1132.5]]",
LBX,Right,lbx013v10_r,../marked_images/landmarked_lbx/marked_tiff/right/LBX013V10_R_MARK.tif,../marked_images/landmarked_lbx/txt/right/LBX013V10_R.txt,../raw_images/lbx/LBX013V10_R.tif,LBX,42,42,autolabel_v1.4,3840,2160,"[[2586.93, 1043.6], [1560.03, 1233.5], [1368.5, 959.48], [1774.87, 1192.9], [1893.2, 1196.5], [2010.16, 1204.51], [2117.05, 1213.52], [2189.14, 1216.8], [2263.27, 1222.48], [2322.88, 1220.37], [1857.83, 1047.83], [1939.17, 1098.5], [2049.17, 1137.83], [2133.83, 1168.5], [2207.5, 1185.5], [2277.75, 1174.5], [2319.25, 1100.0], [1844.97, 978.27], [1356.5, 1041.05], [1373.8, 1120.36], [1415.21, 1176.75], [1478.54, 1217.76], [1632.04, 1222.5], [1703.51, 1208.0], [2387.55, 1208.01], [2451.37, 1186.66], [2506.52, 1147.99], [2553.7, 1099.81], [1909.63, 999.82], [1975.8, 1016.32], [2042.89, 1028.69], [2110.58, 1037.45], [2178.63, 1042.6], [2246.77, 1046.31], [2314.99, 1047.74], [2383.22, 1047.13], [2451.29, 1043.34], [2519.02, 1036.8], [2000.5, 1093.17], [2101.17, 1120.5], [2182.5, 1132.5], [2253.5, 1138.5]]",
LBX,Right,lbx013v11_r,../marked_images/landmarked_lbx/marked_tiff/right/LBX013V11_R_MARK.tif,../marked_images/landmarked_lbx/txt/right/LBX013V11_R.txt,../raw_images/lbx/LBX013V11_R.tif,LBX,42,42,autolabel_v1.4,3840,2160,"[[2557.52, 1029.59], [1566.8, 1252.53], [1350.27, 918.39], [1749.58, 1215.32], [1864.79, 1219.5], [1977.05, 1228.52], [2072.09, 1232.42], [2155.91, 1235.64], [2224.84, 1242.59], [2288.34, 1241.5], [1852.5, 1048.5], [1910.5, 1090.5], [2013.17, 1127.83], [2101.17, 1177.17], [2169.83, 1192.5], [2245.17, 1167.83], [2297.17, 1101.17], [1837.25, 980.74], [1338.4, 1019.57], [1338.33, 1121.07], [1393.26, 1202.26], [1481.33, 1239.49], [1626.97, 1238.7], [1688.43, 1228.24], [2357.18, 1222.62], [2421.11, 1191.43], [2476.52, 1145.49], [2525.49, 1092.5], [1900.69, 1000.01], [1965.22, 1015.16], [2030.49, 1026.53], [2096.29, 1034.56], [2162.38, 1039.69], [2228.67, 1041.32], [2294.93, 1039.34], [2361.01, 1034.27], [2426.74, 1025.86], [2492.11, 1018.7], [1966.5, 1085.83], [2064.5, 1114.5], [2152.5, 1128.5], [2220.5, 1135.17]]",
LBX,Right,lbx013v14_r,../marked_images/landmarked_lbx/marked_tiff/right/LBX013V14_R_MARK.tif,../marked_images/landmarked_lbx/txt/right/LBX013V14_R.txt,../raw_images/lbx/LBX013V14_R.tif,LBX,42,42,autolabel_v1.4,3840,2160,"[[2559.96, 1039.76], [1584.58, 1236.73], [1380.45, 896.83], [1766.43, 1202.76], [1883.92, 1203.46], [1986.91, 1208.34], [2096.06, 1216.88], [2176.67, 1218.8], [2241.7, 1224.5], [2306.8, 1224.49], [1872.83, 1032.17], [1935.5, 1080.17], [2034.17, 1120.17], [2120.83, 1146.83], [2192.5, 1170.83], [2264.5, 1178.17], [2312.5, 1098.17], [1860.53, 971.23], [1369.85, 988.81], [1373.24, 1083.19], [1420.35, 1162.94], [1491.16, 1226.36], [1645.89, 1229.51], [1706.62, 1218.22], [2370.58, 1210.94], [2429.43, 1182.03], [2484.55, 1145.2], [2530.07, 1096.73], [1921.39, 992.24], [1983.35, 1009.68], [2046.4, 1022.31], [2110.17, 1030.97], [2174.27, 1036.87], [2238.58, 1040.12], [2302.84, 1043.96], [2367.04, 1041.64], [2431.28, 1037.8], [2495.64, 1036.94], [1987.5, 1078.83], [2087.17, 1106.83], [2166.5, 1122.83], [2236.83, 1136.17]]",
LBX,Right,lbx013v16_r,../marked_images/landmarked_lbx/marked_tiff/right/LBX013V16_R_MARK.tif,../marked_images/landmarked_lbx/txt/right/LBX013V16_R.txt,../raw_images/lbx/LBX013V16_R.tif,LBX,42,42,autolabel_v1.4,3840,2160,"[[2558.23, 1037.25], [1529.02, 1225.42], [1360.15, 896.02], [1730.23, 1197.53], [1861.59, 1198.97], [1973.84, 1210.5], [2073.25, 1212.7], [2149.94, 1216.31], [2234.13, 1221.63], [2295.78, 1222.2], [1850.5, 1032.5], [1910.5, 1080.5], [2021.5, 1119.5], [2101.5, 1157.5], [2179.5, 1167.5], [2255.5, 1162.5], [2297.5, 1099.5], [1838.58, 967.33], [1351.14, 982.07], [1345.57, 1069.92], [1379.76, 1148.04], [1442.8, 1206.65], [1596.24, 1217.07], [1663.22, 1207.49], [2362.32, 1212.71], [2424.56, 1186.3], [2480.44, 1147.06], [2525.74, 1095.54], [1900.92, 990.16], [1965.14, 1007.03], [2030.27, 1019.88], [2095.99, 1028.99], [2162.11, 1035.1], [2228.37, 1039.51], [2294.76, 1041.1], [2361.11, 1039.14], [2427.08, 1032.54], [2492.67, 1026.68], [1972.5, 1075.5], [2065.5, 1103.5], [2150.5, 1121.5], [2220.5, 1130.5]]",
LBX,Right,lbx013v18_r,../marked_images/landmarked_lbx/marked_tiff/right/LBX013V18_R_MARK.tif,../marked_images/landmarked_lbx/txt/right/LBX013V18_R.txt,../raw_images/lbx/LBX013V18_R.tif,LBX,42,42,autolabel_v1.4,3840,2160,"[[2549.84, 1069.06], [1457.01, 1217.5], [1336.26, 927.25], [1688.61, 1184.47], [1829.3, 1189.5], [1946.99, 1207.86], [2044.94, 1223.16], [2111.4, 1225.7], [2179.52, 1233.5], [2240.27, 1237.8], [1823.0, 1043.5], [1880.0, 1081.0], [1984.5, 1128.0], [2070.5, 1162.5], [2139.5, 1185.83], [2216.17, 1187.83], [2260.83, 1110.5], [1813.46, 973.23], [1307.21, 999.9], [1292.07, 1078.8], [1312.22, 1156.46], [1377.4, 1204.43], [1533.8, 1202.79], [1611.13, 1195.5], [2314.1, 1231.47], [2386.05, 1211.8], [2452.2, 1177.14], [2509.3, 1129.2], [1878.5, 992.77], [1944.85, 1007.57], [2009.86, 1027.42], [2076.5, 1040.02], [2143.89, 1048.91], [2211.45, 1056.41], [2279.23, 1061.57], [2347.17, 1063.13], [2415.03, 1060.64], [2482.66, 1058.67], [1931.5, 1082.0], [2037.0, 1115.5], [2127.5, 1138.0], [2198.83, 1148.5]]",
LBX,Right,lbx014v01_r,../marked_images/landmarked_lbx/marked_tiff/right/LBX014V01_R_MARK.tif,../marked_images/landmarked_lbx/txt/right/LBX014V01_R.txt,../raw_images/lbx/LBX014V01_R.tif,LBX,42,42,autolabel_v1.4,3840,2160,"[[2508.77, 1069.14], [1618.03, 1237.46], [1422.12, 976.47], [1805.48, 1203.28], [1916.97, 1200.5], [2018.11, 1207.17], [2097.58, 1212.5], [2164.29, 1217.8], [2219.39, 1222.02], [2274.39, 1230.5], [1866.17, 1041.83], [1926.17, 1086.5], [2019.5, 1121.17], [2099.5, 1159.17], [2166.17, 1171.17], [2223.5, 1177.5], [2271.5, 1095.5], [1852.22, 968.02], [1435.72, 1051.1], [1438.86, 1127.06], [1474.33, 1189.34], [1542.9, 1223.08], [1681.3, 1230.78], [1742.54, 1213.24], [2334.12, 1224.09], [2387.97, 1199.53], [2433.72, 1161.78], [2475.01, 1117.49], [1910.84, 984.29], [1968.9, 1002.56], [2027.77, 1018.01], [2087.66, 1028.94], [2147.96, 1037.29], [2208.55, 1043.04], [2269.22, 1048.03], [2329.98, 1051.1], [2390.82, 1050.35], [2451.21, 1049.32], [1970.83, 1076.5], [2066.83, 1106.5], [2138.17, 1115.17], [2201.5, 1132.5]]",
LBX,Right,lbx014v02_r,../marked_images/landmarked_lbx/marked_tiff/right/LBX014V02_R_MARK.tif,../marked_images/landmarked_lbx/txt/right/LBX014V02_R.txt,../raw_images/lbx/LBX014V02_R.tif,LBX,42,42,autolabel_v1.4,3840,2160,"[[2587.9, 1059.53], [1529.65, 1249.4], [1326.68, 941.93], [1721.59, 1219.5], [1852.81, 1223.5], [1995.48, 1232.98], [2095.94, 1240.5], [2170.37, 1243.95], [2237.25, 1253.5], [2297.05, 1253.5], [1831.83, 1055.17], [1912.5, 1106.5], [2019.83, 1147.83], [2107.83, 1183.17], [2179.83, 1209.83], [2268.5, 1184.0], [2312.5, 1117.5], [1819.72, 987.66], [1329.52, 1030.43], [1325.28, 1120.86], [1363.55, 1201.05], [1440.86, 1246.44], [1592.11, 1234.87], [1657.56, 1226.5], [2368.5, 1240.5], [2432.5, 1206.33], [2495.04, 1168.83], [2547.2, 1117.9], [1886.86, 1009.99], [1955.2, 1028.22], [2024.47, 1042.48], [2094.47, 1052.65], [2165.0, 1058.46], [2235.73, 1060.99], [2306.49, 1062.15], [2377.22, 1060.65], [2447.72, 1055.23], [2517.88, 1049.23], [1962.5, 1102.5], [2077.17, 1133.17], [2165.17, 1149.83], [2237.83, 1159.17]]",
LBX,Right,lbx016v01_r,../marked_images/landmarked_lbx/marked_tiff/right/LBX016V01_R_MARK.tif,../marked_images/landmarked_lbx/txt/right/LBX016V01_R.txt,../raw_images/lbx/LBX016V01_R.tif,LBX,42,42,autolabel_v1.4,3840,2160,"[[2578.03, 1054.94], [1515.0, 1257.14], [1349.31, 956.8], [1736.48, 1208.59], [1858.18, 1211.5], [1960.69, 1223.05], [2083.07, 1233.32], [2161.24, 1237.27], [2224.35, 1242.5], [2295.41, 1242.5], [1840.17, 1054.5], [1908.17, 1100.5], [2010.17, 1138.5], [2098.0, 1162.0], [2182.0, 1183.0], [2250.5, 1171.5], [2298.5, 1119.5], [1826.5, 982.68], [1330.58, 1038.75], [1330.63, 1122.67], [1359.79, 1198.17], [1432.8, 1240.81], [1588.29, 1238.3], [1661.59, 1219.97], [2363.5, 1225.32], [2429.36, 1202.28], [2488.31, 1162.92], [2538.4, 1112.64], [1892.32, 1004.52], [1959.53, 1021.35], [2027.68, 1034.13], [2096.37, 1043.36], [2165.61, 1047.52], [2234.86, 1051.65], [2304.19, 1053.16], [2373.51, 1051.57], [2442.47, 1045.21], [2510.7, 1038.28], [1964.17, 1088.5], [2061.0, 1119.0], [2161.0, 1138.0], [2224.5, 1138.5]]",
LBX,Right,lbx016v02_r,../marked_images/landmarked_lbx/marked_tiff/right/LBX016V02_R_MARK.tif,../marked_images/landmarked_lbx/txt/right/LBX016V02_R.txt,../raw_images/lbx/LBX016V02_R.tif,LBX,42,42,autolabel_v1.4,3840,2160,"[[2526.99, 1023.7], [1552.03, 1217.46], [1386.67, 915.25], [1755.62, 1178.72], [1860.93, 1179.5], [1983.2, 1185.68], [2078.17, 1194.91], [2148.77, 1198.47], [2220.0, 1202.5], [2279.57, 1201.5], [1854.83, 1032.17], [1919.5, 1075.5], [2012.83, 1106.83], [2095.5, 1140.83], [2165.5, 1160.17], [2240.17, 1140.17], [2299.83, 1092.17], [1840.25, 958.8], [1379.54, 994.15], [1381.12, 1074.79], [1410.71, 1149.21], [1473.51, 1199.7], [1619.85, 1204.35], [1687.34, 1189.25], [2341.29, 1189.5], [2400.44, 1164.53], [2453.07, 1127.43], [2495.12, 1078.38], [1899.41, 982.2], [1960.37, 1000.12], [2022.6, 1012.91], [2085.64, 1021.13], [2149.08, 1025.79], [2212.61, 1029.12], [2276.2, 1028.13], [2339.64, 1023.92], [2402.69, 1015.92], [2465.14, 1008.81], [1966.17, 1069.5], [2058.83, 1096.17], [2143.5, 1112.17], [2210.17, 1112.17]]",
LBX,Right,lbx016v03_r,../marked_images/landmarked_lbx/marked_tiff/right/LBX016V03_R_MARK.tif,../marked_images/landmarked_lbx/txt/right/LBX016V03_R.txt,../raw_images/lbx/LBX016V03_R.tif,LBX,42,42,autolabel_v1.4,3840,2160,"[[2568.79, 1046.24], [1540.11, 1228.5], [1356.22, 920.38], [1723.05, 1200.54], [1855.96, 1201.35], [1966.05, 1211.19], [2068.71, 1220.41], [2151.16, 1226.47], [2212.59, 1238.5], [2270.12, 1240.5], [1853.5, 1031.5], [1908.17, 1079.5], [2006.83, 1114.17], [2098.17, 1140.83], [2164.17, 1175.5], [2232.0, 1180.0], [2292.5, 1105.5], [1841.83, 965.65], [1353.03, 1003.46], [1357.17, 1087.31], [1389.8, 1162.14], [1461.54, 1205.1], [1601.53, 1222.5], [1662.59, 1213.42], [2344.16, 1232.06], [2412.6, 1202.94], [2474.27, 1160.23], [2528.01, 1107.49], [1904.87, 988.71], [1969.08, 1008.28], [2034.9, 1021.65], [2101.21, 1032.26], [2167.82, 1040.75], [2234.68, 1046.5], [2301.85, 1046.5], [2368.83, 1041.8], [2435.77, 1036.31], [2502.52, 1035.29], [1952.83, 1064.83], [2052.17, 1095.5], [2140.83, 1112.83], [2215.5, 1126.0]]",
LBX,Right,lbx016v04_r,../marked_images/landmarked_lbx/marked_tiff/right/LBX016V04_R_MARK.tif,../marked_images/landmarked_lbx/txt/right/LBX016V04_R.txt,../raw_images/lbx/LBX016V04_R.tif,LBX,42,42,autolabel_v1.4,3840,2160,"[[2582.1, 1033.0], [1540.03, 1225.46], [1352.05, 926.73], [1719.88, 1188.46], [1860.65, 1184.72], [1978.77, 1196.81], [2083.87, 1205.62], [2163.81, 1207.82], [2235.37, 1219.5], [2312.5, 1220.59], [1844.5, 1029.5], [1912.5, 1077.5], [2031.5, 1112.5], [2103.5, 1157.17], [2192.17, 1159.83], [2259.5, 1168.5], [2312.83, 1095.83], [1831.08, 956.82], [1348.5, 1010.82], [1349.5, 1096.51], [1384.78, 1168.6], [1455.41, 1213.95], [1599.61, 1210.62], [1658.92, 1196.34], [2377.2, 1203.41], [2438.1, 1173.2], [2494.89, 1134.94], [2545.19, 1088.38], [1896.58, 979.39], [1963.41, 997.61], [2031.1, 1012.16], [2099.53, 1022.62], [2168.48, 1029.23], [2237.65, 1033.23], [2306.92, 1032.87], [2376.18, 1031.45], [2445.18, 1026.38], [2513.79, 1021.49], [1979.5, 1075.5], [2076.17, 1103.17], [2159.5, 1119.83], [2235.5, 1123.83]]",
LBX,Right,lbx016v06_r,../marked_images/landmarked_lbx/marked_tiff/right/LBX016V06_R_MARK.tif,../marked_images/landmarked_lbx/txt/right/LBX016V06_R.txt,../raw_images/lbx/LBX016V06_R.tif,LBX,42,42,autolabel_v1.4,3840,2160,"[[2539.25, 1049.58], [1516.13, 1247.11], [1368.47, 942.17], [1759.42, 1204.42], [1890.07, 1209.49], [1982.33, 1222.41], [2068.42, 1226.05], [2142.43, 1233.77], [2213.11, 1237.64], [2276.76, 1235.92], [1857.5, 1055.5], [1916.5, 1097.5], [2013.5, 1130.5], [2101.5, 1160.5], [2174.5, 1181.5], [2249.5, 1170.5], [2289.5, 1110.5], [1846.05, 996.17], [1358.86, 1019.17], [1363.62, 1098.36], [1391.5, 1170.53], [1442.46, 1226.71], [1597.41, 1233.63], [1678.47, 1219.38], [2342.06, 1221.28], [2402.2, 1191.16], [2459.02, 1154.5], [2506.88, 1106.62], [1906.85, 1015.31], [1968.78, 1030.33], [2031.48, 1041.77], [2094.72, 1049.47], [2158.41, 1052.56], [2222.16, 1054.21], [2285.93, 1054.51], [2349.62, 1052.07], [2413.07, 1046.15], [2476.19, 1040.07], [1965.5, 1094.5], [2066.5, 1117.5], [2146.5, 1132.5], [2223.5, 1139.5]]",
LBX,Right,lbx016v08_r,../marked_images/landmarked_lbx/marked_tiff/right/LBX016V08_R_MARK.tif,../marked_images/landmarked_lbx/txt/right/LBX016V08_R.txt,../raw_images/lbx/LBX016V08_R.tif,LBX,42,42,autolabel_v1.4,3840,2160,"[[2504.02, 1045.78], [1529.03, 1229.49], [1399.49, 940.83], [1750.54, 1188.74], [1853.9, 1186.54], [1964.72, 1194.5], [2061.86, 1203.14], [2134.72, 1205.6], [2206.02, 1212.5], [2265.26, 1212.6], [1844.17, 1035.17], [1909.5, 1080.5], [2006.83, 1109.83], [2084.5, 1141.5], [2161.5, 1148.5], [2228.5, 1147.0], [2264.83, 1100.17], [1832.72, 974.39], [1390.29, 1015.03], [1382.5, 1089.14], [1398.38, 1160.67], [1458.87, 1204.8], [1602.64, 1215.47], [1676.52, 1201.57], [2324.4, 1200.73], [2381.11, 1177.46], [2432.1, 1143.37], [2472.2, 1096.93], [1891.29, 994.49], [1951.24, 1009.79], [2011.99, 1021.82], [2073.16, 1031.45], [2134.7, 1038.51], [2196.51, 1042.52], [2258.38, 1045.43], [2320.18, 1043.53], [2381.85, 1037.77], [2443.25, 1033.77], [1960.83, 1077.17], [2054.0, 1103.5], [2130.5, 1118.5], [2195.0, 1127.0]]",
LBX,Right,lbx016v09_r,../marked_images/landmarked_lbx/marked_tiff/right/LBX016V09_R_MARK.tif,../marked_images/landmarked_lbx/txt/right/LBX016V09_R.txt,../raw_images/lbx/LBX016V09_R.tif,LBX,42,42,autolabel_v1.4,3840,2160,"[[2596.29, 1045.27], [1534.03, 1255.46], [1379.35, 947.99], [1766.78, 1224.51], [1890.28, 1227.53], [2004.63, 1238.48], [2101.88, 1243.81], [2180.66, 1246.33], [2253.95, 1250.5], [2315.57, 1248.48], [1867.5, 1062.17], [1922.17, 1104.83], [2034.17, 1148.83], [2120.83, 1176.83], [2196.83, 1191.5], [2275.5, 1187.5], [2327.5, 1112.5], [1854.53, 996.64], [1354.82, 1026.79], [1356.28, 1097.89], [1378.63, 1182.13], [1449.42, 1235.93], [1612.08, 1242.58], [1688.19, 1232.09], [2386.77, 1234.36], [2452.45, 1203.35], [2510.53, 1159.97], [2559.6, 1105.89], [1919.31, 1018.34], [1985.55, 1034.95], [2052.79, 1046.79], [2120.69, 1054.39], [2188.91, 1058.5], [2257.26, 1058.92], [2325.54, 1056.26], [2393.69, 1051.25], [2461.47, 1042.89], [2528.79, 1034.49], [1982.17, 1102.17], [2083.5, 1131.5], [2164.83, 1139.5], [2243.5, 1147.5]]",
LBX,Right,lbx016v10_r,../marked_images/landmarked_lbx/marked_tiff/right/LBX016V10_R_MARK.tif,../marked_images/landmarked_lbx/txt/right/LBX016V10_R.txt,../raw_images/lbx/LBX016V10_R.tif,LBX,42,42,autolabel_v1.4,3840,2160,"[[2537.4, 1077.49], [1546.03, 1252.54], [1359.24, 921.2], [1752.38, 1208.6], [1865.89, 1207.5], [1974.51, 1219.5], [2068.59, 1217.05], [2144.83, 1235.04], [2213.55, 1245.5], [2272.88, 1247.54], [1852.83, 1039.5], [1910.83, 1082.83], [2010.17, 1127.5], [2092.83, 1160.83], [2167.5, 1180.0], [2234.0, 1178.5], [2288.0, 1112.5], [1842.36, 980.21], [1350.53, 1009.59], [1349.14, 1099.13], [1388.47, 1175.23], [1464.82, 1222.62], [1614.56, 1236.48], [1683.41, 1221.53], [2336.66, 1239.33], [2395.26, 1212.24], [2449.18, 1174.0], [2497.85, 1128.65], [1903.25, 1001.12], [1964.95, 1019.41], [2027.59, 1033.98], [2091.01, 1044.86], [2154.87, 1052.94], [2218.95, 1059.17], [2283.25, 1061.72], [2347.6, 1061.46], [2411.92, 1058.96], [2475.7, 1059.15], [1960.17, 1080.83], [2051.5, 1116.83], [2138.5, 1131.5], [2208.5, 1139.0]]",
LBX,Right,lbx016v11_r,../marked_images/landmarked_lbx/marked_tiff/right/LBX016V11_R_MARK.tif,../marked_images/landmarked_lbx/txt/right/LBX016V11_R.txt,../raw_images/lbx/LBX016V11_R.tif,LBX,42,42,autolabel_v1.4,3840,2160,"[[2538.6, 1077.86], [1546.21, 1249.31], [1351.64, 966.9], [1738.43, 1209.02], [1859.44, 1210.5], [1966.24, 1217.92], [2063.41, 1225.98], [2139.78, 1230.57], [2216.23, 1236.62], [2275.4, 1239.5], [1836.17, 1052.5], [1905.5, 1099.17], [2008.83, 1137.17], [2086.83, 1159.83], [2165.5, 1187.17], [2230.83, 1191.83], [2276.17, 1119.83], [1823.23, 977.65], [1354.4, 1044.79], [1361.23, 1125.22], [1395.88, 1195.64], [1467.35, 1234.01], [1608.62, 1228.28], [1673.45, 1218.5], [2340.25, 1232.05], [2402.62, 1213.44], [2456.41, 1176.3], [2502.56, 1129.96], [1884.88, 1002.14], [1948.13, 1021.96], [2012.55, 1037.61], [2077.84, 1049.0], [2143.82, 1055.89], [2210.01, 1060.32], [2276.33, 1061.35], [2342.67, 1061.49], [2408.96, 1059.77], [2474.72, 1059.96], [1949.5, 1088.5], [2055.5, 1119.83], [2136.17, 1134.5], [2208.83, 1145.17]]",
LBX,Right,rx013xinv7-1-v17_r,../marked_images/landmarked_lbx/marked_tiff/right/RX013xINV7-1-V17_R_MARK.tif,../marked_images/landmarked_lbx/txt/right/RX013xINV7-1-V17_R.txt,../raw_images/lbx/RX013xINV7-1-V17_R.tif,LBX,42,42,autolabel_v1.4,3840,2160,"[[2543.99, 1091.63], [1546.15, 1247.41], [1387.65, 959.47], [1757.96, 1220.87], [1881.35, 1220.5], [1996.05, 1229.65], [2090.84, 1238.82], [2155.16, 1242.82], [2225.3, 1252.41], [2291.0, 1254.14], [1852.5, 1076.0], [1912.83, 1126.83], [2016.83, 1168.17], [2103.5, 1194.17], [2172.17, 1208.83], [2246.5, 1192.0], [2305.5, 1149.5], [1839.94, 995.54], [1375.39, 1037.8], [1367.25, 1117.6], [1397.41, 1189.94], [1467.37, 1229.63], [1616.1, 1231.1], [1686.15, 1220.5], [2353.2, 1241.97], [2412.23, 1219.66], [2466.79, 1187.28], [2512.98, 1143.82], [1899.86, 1021.42], [1961.67, 1042.17], [2025.13, 1056.94], [2089.68, 1066.55], [2154.58, 1073.61], [2219.79, 1076.87], [2285.02, 1079.49], [2350.29, 1080.01], [2415.52, 1077.92], [2480.42, 1076.72], [1948.5, 1116.0], [2064.0, 1148.5], [2146.5, 1159.0], [2215.0, 1167.0]]",
LBX,Right,rx013xinv7-1-v18_r,../marked_images/landmarked_lbx/marked_tiff/right/RX013xINV7-1-V18_R_MARK.tif,../marked_images/landmarked_lbx/txt/right/RX013xINV7-1-V18_R.txt,../raw_images/lbx/RX013xINV7-1-V18_R.tif,LBX,42,42,autolabel_v1.4,3840,2160,"[[2503.54, 1039.7], [1510.7, 1227.52], [1326.59, 1008.69], [1700.89, 1197.16], [1835.39, 1195.5], [1959.09, 1211.85], [2057.67, 1219.79], [2126.51, 1226.41], [2196.57, 1230.5], [2254.24, 1227.07], [1802.0, 1056.0], [1878.5, 1107.0], [1981.5, 1137.5], [2065.5, 1171.5], [2139.12, 1167.75], [2212.83, 1165.83], [2257.83, 1122.83], [1786.65, 974.87], [1345.21, 1072.08], [1343.92, 1139.19], [1380.93, 1193.43], [1442.76, 1221.32], [1573.9, 1215.39], [1636.94, 1204.5], [2318.47, 1211.34], [2378.55, 1183.48], [2432.44, 1145.07], [2478.5, 1097.49], [1848.94, 997.46], [1912.56, 1015.88], [1977.27, 1029.99], [2042.76, 1040.12], [2108.63, 1047.58], [2174.74, 1052.5], [2240.99, 1052.86], [2307.25, 1051.09], [2372.88, 1044.07], [2437.65, 1032.47], [1933.5, 1104.5], [2025.5, 1128.5], [2110.5, 1142.5], [2181.5, 1146.17]]",
LBX,Right,rx013xinv7-1-v23_r,../marked_images/landmarked_lbx/marked_tiff/right/RX013xINV7-1-V23_R_MARK.tif,../marked_images/landmarked_lbx/txt/right/RX013xINV7-1-V23_R.txt,../raw_images/lbx/RX013xINV7-1-V23_R.tif,LBX,42,42,autolabel_v1.4,3840,2160,"[[2600.73, 1077.05], [1613.34, 1284.84], [1419.43, 1064.72], [1798.05, 1257.64], [1921.37, 1260.5], [2031.82, 1269.76], [2132.77, 1279.81], [2199.08, 1281.22], [2267.06, 1284.5], [2334.34, 1278.53], [1907.17, 1100.5], [1969.83, 1144.5], [2072.5, 1180.5], [2156.5, 1215.83], [2219.0, 1226.5], [2292.0, 1218.0], [2334.17, 1145.83], [1891.51, 1026.1], [1431.88, 1131.07], [1445.25, 1199.2], [1488.33, 1247.16], [1549.07, 1275.21], [1673.65, 1268.46], [1735.34, 1263.81], [2402.42, 1262.03], [2465.44, 1230.61], [2523.15, 1190.03], [2571.64, 1138.8], [1953.37, 1047.26], [2016.62, 1063.72], [2080.82, 1075.73], [2145.68, 1083.55], [2210.9, 1087.77], [2276.26, 1089.27], [2341.62, 1087.97], [2406.87, 1084.22], [2471.65, 1076.26], [2535.99, 1068.0], [2019.83, 1141.17], [2119.17, 1164.5], [2199.0, 1175.0], [2266.0, 1187.5]]",
LBX,Right,rx013xinv7-1-v24_r,../marked_images/landmarked_lbx/marked_tiff/right/RX013xINV7-1-V24_R._MARK.tif,../marked_images/landmarked_lbx/txt/right/RX013xINV7-1-V24_R.txt,../raw_images/lbx/RX013xINV7-1-V24_R.tif,LBX,42,42,autolabel_v1.4,3840,2160,"[[2581.32, 1043.5], [1583.2, 1248.81], [1384.0, 985.69], [1772.4, 1215.5], [1879.89, 1219.46], [2030.06, 1228.64], [2109.08, 1233.35], [2164.23, 1236.23], [2236.17, 1238.12], [2313.6, 1237.4], [1861.83, 1057.17], [1927.17, 1105.17], [2034.5, 1141.83], [2120.5, 1172.5], [2190.5, 1187.5], [2273.5, 1168.5], [2310.5, 1106.5], [1846.83, 984.23], [1373.93, 1049.08], [1388.5, 1125.82], [1427.72, 1196.4], [1502.3, 1232.59], [1645.13, 1231.25], [1708.15, 1219.67], [2379.22, 1218.06], [2442.86, 1190.8], [2500.33, 1151.88], [2548.61, 1102.04], [1910.94, 1006.08], [1976.35, 1023.52], [2042.82, 1036.47], [2110.01, 1045.22], [2177.55, 1050.8], [2245.29, 1052.11], [2313.03, 1050.62], [2380.71, 1047.28], [2448.01, 1040.4], [2514.65, 1031.35], [1980.5, 1099.17], [2084.5, 1122.0], [2164.5, 1138.5], [2238.5, 1144.5]]",
LBX,Right,rx013xinv7-1-v26_r,../marked_images/landmarked_lbx/marked_tiff/right/RX013xINV7-1-V26_R_MARK.tif,../marked_images/landmarked_lbx/txt/right/RX013xINV7-1-V26_R.txt,../raw_images/lbx/RX013xINV7-1-V26_R.tif,LBX,42,42,autolabel_v1.4,3840,2160,"[[2563.14, 1028.79], [1553.09, 1221.5], [1376.92, 903.59], [1730.89, 1197.5], [1878.21, 1200.5], [2004.9, 1210.45], [2105.83, 1217.13], [2171.84, 1217.72], [2240.11, 1222.46], [2303.37, 1217.53], [1855.5, 1037.5], [1919.5, 1089.5], [2027.5, 1133.5], [2114.5, 1163.5], [2185.5, 1170.5], [2269.5, 1158.5], [2299.5, 1094.17], [1842.26, 968.11], [1371.54, 997.87], [1362.5, 1093.55], [1402.04, 1176.53], [1487.44, 1189.65], [1610.77, 1203.92], [1670.58, 1200.97], [2368.64, 1200.97], [2430.28, 1174.14], [2484.49, 1134.1], [2531.35, 1085.73], [1904.61, 991.11], [1968.48, 1009.55], [2033.75, 1021.82], [2099.62, 1030.52], [2165.82, 1036.38], [2232.22, 1039.5], [2298.7, 1039.5], [2365.12, 1037.17], [2431.15, 1030.48], [2496.9, 1023.18], [1978.5, 1086.5], [2081.5, 1114.5], [2163.5, 1127.5], [2234.5, 1129.5]]",
LBX,Right,rx013xinv7-1-v28_r,../marked_images/landmarked_lbx/marked_tiff/right/RX013xINV7-1-V28_R_MARK.tif,../marked_images/landmarked_lbx/txt/right/RX013xINV7-1-V28_R.txt,../raw_images/lbx/RX013xINV7-1-V28_R.tif,LBX,42,42,autolabel_v1.4,3840,2160,"[[2551.43, 1042.82], [1591.38, 1236.76], [1413.72, 913.69], [1778.9, 1194.55], [1902.41, 1197.5], [2015.28, 1207.27], [2112.1, 1216.67], [2170.89, 1220.75], [2243.84, 1223.56], [2307.16, 1219.12], [1875.5, 1042.0], [1938.5, 1088.5], [2038.5, 1130.0], [2123.0, 1165.0], [2193.0, 1173.0], [2263.0, 1155.0], [2312.5, 1102.5], [1861.98, 975.05], [1403.75, 1002.25], [1391.92, 1092.11], [1428.35, 1172.92], [1501.94, 1225.72], [1650.23, 1209.35], [1713.94, 1198.31], [2367.22, 1201.8], [2423.03, 1175.21], [2476.91, 1141.72], [2520.74, 1096.19], [1921.96, 996.51], [1983.33, 1013.39], [2045.7, 1026.05], [2108.75, 1034.98], [2172.17, 1040.82], [2235.8, 1044.03], [2299.48, 1043.81], [2363.15, 1041.98], [2426.46, 1036.21], [2489.15, 1029.44], [1993.0, 1091.5], [2089.5, 1118.0], [2165.5, 1129.0], [2228.0, 1139.0]]",
LBX,Right,rx013xinv7-1-v31_r,../marked_images/landmarked_lbx/marked_tiff/right/RX013xINV7-1-V31_R_MARK.tif,../marked_images/landmarked_lbx/txt/right/RX013xINV7-1-V31_R.txt,../raw_images/lbx/RX013xINV7-1-V31_R.tif,LBX,42,42,autolabel_v1.4,3840,2160,"[[2552.33, 1047.54], [1563.0, 1242.13], [1394.44, 982.84], [1761.7, 1204.5], [1875.22, 1203.5], [1992.43, 1209.5], [2085.59, 1218.05], [2150.54, 1221.98], [2225.34, 1225.48], [2291.03, 1222.5], [1852.5, 1053.5], [1909.17, 1096.83], [2017.17, 1131.5], [2101.5, 1160.5], [2174.5, 1186.5], [2249.5, 1161.5], [2296.5, 1106.5], [1838.96, 984.66], [1388.07, 1058.65], [1390.5, 1134.52], [1423.37, 1197.32], [1486.71, 1229.09], [1627.98, 1223.51], [1694.56, 1213.24], [2355.8, 1210.75], [2414.99, 1183.11], [2471.01, 1147.82], [2518.08, 1101.42], [1901.2, 1005.95], [1964.5, 1023.9], [2028.88, 1036.86], [2094.36, 1043.45], [2160.1, 1046.83], [2225.89, 1048.99], [2291.71, 1049.36], [2357.48, 1047.11], [2422.95, 1041.01], [2487.9, 1034.08], [1963.83, 1094.17], [2064.5, 1121.5], [2147.5, 1138.5], [2220.5, 1141.5]]",
LBX,Right,rx013xinv7-1-v35_r,../marked_images/landmarked_lbx/marked_tiff/right/RX013xINV7-1-V35_R_MARK.tif,../marked_images/landmarked_lbx/txt/right/RX013xINV7-1-V35_R.txt,../raw_images/lbx/RX013xINV7-1-V35_R.tif,LBX,42,42,autolabel_v1.4,3840,2160,"[[2518.08, 1098.86], [1586.84, 1269.9], [1386.64, 1018.41], [1762.12, 1240.51], [1873.81, 1237.5], [1983.04, 1243.51], [2078.09, 1250.88], [2147.15, 1254.89], [2210.29, 1262.57], [2272.03, 1262.46], [1828.5, 1095.5], [1901.5, 1134.5], [1999.5, 1171.5], [2088.5, 1209.5], [2159.0, 1209.5], [2219.0, 1209.0], [2289.17, 1148.17], [1813.95, 1016.3], [1404.0, 1090.43], [1401.34, 1166.85], [1440.34, 1227.12], [1511.13, 1257.21], [1664.0, 1244.49], [1730.45, 1260.2], [2331.96, 1248.52], [2389.06, 1224.71], [2440.79, 1190.78], [2486.39, 1149.11], [1874.73, 1027.86], [1936.84, 1047.36], [1999.84, 1063.83], [2064.2, 1073.9], [2128.95, 1080.85], [2193.9, 1085.59], [2258.98, 1088.51], [2324.12, 1089.24], [2389.19, 1086.9], [2453.95, 1087.44], [1956.5, 1131.5], [2051.5, 1161.0], [2133.0, 1170.5], [2197.0, 1177.5]]",
LBX,Right,rx013xinv7-1-v38_r,../marked_images/landmarked_lbx/marked_tiff/right/RX013xINV7-1-V38_R_MARK.tif,../marked_images/landmarked_lbx/txt/right/RX013xINV7-1-V38_R.txt,../raw_images/lbx/RX013xINV7-1-V38_R.tif,LBX,42,42,autolabel_v1.4,3840,2160,"[[2478.11, 1122.43], [1596.89, 1264.89], [1413.8, 1013.76], [1791.7, 1223.47], [1890.63, 1232.28], [2006.75, 1248.8], [2089.57, 1260.03], [2153.21, 1261.56], [2222.53, 1268.26], [2293.02, 1269.53], [1873.5, 1089.5], [1934.17, 1133.5], [2032.17, 1168.83], [2110.83, 1197.17], [2180.83, 1207.5], [2236.17, 1227.17], [2300.83, 1156.5], [1859.89, 1005.33], [1413.74, 1092.56], [1407.5, 1171.96], [1444.27, 1238.34], [1518.14, 1266.46], [1658.72, 1239.62], [1725.02, 1230.3], [2339.6, 1255.87], [2379.89, 1228.63], [2415.79, 1195.73], [2449.47, 1161.22], [1913.2, 1026.91], [1967.63, 1045.27], [2023.14, 1060.31], [2079.1, 1073.54], [2135.73, 1083.58], [2192.26, 1094.18], [2249.27, 1101.52], [2306.55, 1106.71], [2363.73, 1112.5], [2420.62, 1120.68], [1981.5, 1129.5], [2080.5, 1166.17], [2158.17, 1175.17], [2212.83, 1192.5]]",
LBX,Right,rx013xinv7-1-v39_r,../marked_images/landmarked_lbx/marked_tiff/right/RX013xINV7-1-V39_R_MARK.tif,../marked_images/landmarked_lbx/txt/right/RX013xINV7-1-V39_R.txt,../raw_images/lbx/RX013xINV7-1-V39_R.tif,LBX,42,42,autolabel_v1.4,3840,2160,"[[2515.09, 1076.82], [1554.89, 1259.5], [1374.49, 983.01], [1759.45, 1233.53], [1870.99, 1234.14], [1985.66, 1245.78], [2068.92, 1252.35], [2131.3, 1254.03], [2190.52, 1257.5], [2250.82, 1259.55], [1840.5, 1087.5], [1905.5, 1126.5], [1997.5, 1166.5], [2082.5, 1196.5], [2146.5, 1207.5], [2208.5, 1203.5], [2283.5, 1135.5], [1823.64, 998.9], [1335.8, 1056.72], [1332.54, 1146.15], [1381.02, 1218.46], [1465.88, 1240.19], [1622.5, 1245.91], [1690.69, 1239.5], [2317.78, 1249.33], [2380.09, 1222.08], [2437.34, 1184.27], [2485.67, 1135.93], [1883.16, 1022.68], [1944.21, 1042.05], [2006.58, 1056.83], [2069.75, 1067.79], [2133.61, 1073.72], [2197.66, 1076.67], [2261.78, 1077.53], [2325.85, 1075.59], [2389.65, 1069.73], [2452.85, 1061.35], [1950.5, 1120.5], [2043.5, 1146.5], [2122.5, 1160.5], [2186.5, 1168.5]]",
Non_Laying_Parents,Bottom,ll280xll288-2_b,../marked_images/landmarked_non_laying_parents/marked_tiff/bottom/LL280xLL288-2_B_MARK.tif,../marked_images/landmarked_non_laying_parents/txt/bottom/LL280xLL288-2_B.txt,../raw_images/non_laying_parents/LL280xLL288-2_B.tif,Non_Laying_Parents,38,38,autolabel_v1.4,3840,2160,"[[2634.37, 999.28], [2546.34, 1176.51], [2377.79, 982.5], [2315.99, 984.5], [2254.47, 985.5], [2194.8, 986.03], [2370.67, 1190.5], [2316.84, 1189.5], [2261.35, 1185.03], [2194.33, 1186.95], [1485.38, 1072.49], [1805.01, 910.72], [1782.87, 1257.87], [2383.29, 1095.66], [2447.19, 1075.08], [2513.72, 1057.27], [2577.88, 1032.21], [2425.55, 1114.66], [2465.32, 1131.19], [2510.3, 1148.9], [2443.08, 980.5], [2508.31, 981.08], [2573.44, 981.76], [2415.15, 1190.5], [2459.4, 1188.37], [2503.34, 1183.02], [2138.56, 978.37], [2082.85, 968.87], [2026.36, 965.21], [1970.64, 952.45], [1914.96, 940.88], [1858.99, 929.3], [2135.17, 1192.59], [2076.75, 1201.34], [2016.81, 1201.66], [1958.0, 1215.32], [1898.81, 1224.34], [1839.8, 1237.57]]",
Non_Laying_Parents,Bottom,ll280xlx022-3_b,../marked_images/landmarked_non_laying_parents/marked_tiff/bottom/LL280xLX022-3_B_MARK.tif,../marked_images/landmarked_non_laying_parents/txt/bottom/LL280xLX022-3_B.txt,../raw_images/non_laying_parents/LL280xLX022-3_B.tif,Non_Laying_Parents,38,38,autolabel_v1.4,3840,2160,"[[2613.37, 1007.16], [2528.24, 1182.43], [2415.67, 991.5], [2359.87, 993.5], [2308.06, 995.5], [2250.52, 997.0], [2417.4, 1192.6], [2375.53, 1192.5], [2315.72, 1190.5], [2254.4, 1185.08], [1470.46, 1088.01], [1812.68, 951.79], [1811.42, 1226.76], [2379.34, 1103.86], [2438.98, 1086.01], [2501.83, 1067.89], [2562.19, 1042.8], [2418.1, 1120.8], [2457.67, 1138.08], [2497.46, 1155.15], [2466.53, 990.2], [2517.27, 989.43], [2567.96, 990.69], [2445.72, 1191.5], [2474.1, 1190.47], [2502.49, 1189.5], [2186.91, 995.5], [2124.08, 990.13], [2062.46, 981.52], [1999.19, 984.87], [1938.59, 968.73], [1875.81, 960.57], [2190.84, 1187.5], [2128.0, 1194.39], [2066.04, 1203.56], [2002.3, 1203.17], [1938.92, 1211.5], [1875.51, 1220.78]]",
Non_Laying_Parents,Bottom,ll285xll279-1_b,../marked_images/landmarked_non_laying_parents/marked_tiff/bottom/LL285xLL279-1_B_MARK.tif,../marked_images/landmarked_non_laying_parents/txt/bottom/LL285xLL279-1_B.txt,../raw_images/non_laying_parents/LL285xLL279-1_B.tif,Non_Laying_Parents,38,38,autolabel_v1.4,3840,2160,"[[2615.03, 1018.67], [2523.66, 1170.98], [2385.71, 1001.5], [2326.2, 998.5], [2272.3, 997.49], [2207.4, 996.24], [2382.79, 1180.5], [2327.52, 1179.71], [2269.28, 1181.85], [2205.49, 1184.3], [1509.5, 1098.98], [1799.3, 927.93], [1790.44, 1239.38], [2402.32, 1111.28], [2456.85, 1091.55], [2513.19, 1072.63], [2568.42, 1050.71], [2429.66, 1130.15], [2463.12, 1139.33], [2496.2, 1150.58], [2444.26, 1002.5], [2502.95, 1003.5], [2561.73, 1001.5], [2418.76, 1180.5], [2454.74, 1180.5], [2490.63, 1179.39], [2149.75, 985.74], [2090.82, 983.5], [2031.8, 976.41], [1973.01, 967.62], [1915.31, 955.19], [1857.21, 941.94], [2146.21, 1192.73], [2086.83, 1196.66], [2027.26, 1198.92], [1968.46, 1209.47], [1908.91, 1216.53], [1849.66, 1227.74]]",
Non_Laying_Parents,Bottom,ll286xll255-v2_b,../marked_images/landmarked_non_laying_parents/marked_tiff/bottom/LL286xLL255-V2_B_MARK.tif,../marked_images/landmarked_non_laying_parents/txt/bottom/LL286xLL255-V2_B.txt,../raw_images/non_laying_parents/LL286xLL255-V2_B.tif,Non_Laying_Parents,38,38,autolabel_v1.4,3840,2160,"[[2558.4, 1030.78], [2471.54, 1161.24], [2351.8, 1010.31], [2287.98, 1010.5], [2230.56, 1008.99], [2167.05, 1000.05], [2336.35, 1175.5], [2286.64, 1176.49], [2222.8, 1172.8], [2165.14, 1175.34], [1500.43, 1063.28], [1728.48, 917.32], [1715.71, 1235.98], [2379.32, 1102.73], [2423.37, 1086.29], [2470.17, 1070.45], [2516.65, 1053.61], [2401.45, 1119.55], [2427.51, 1130.7], [2453.34, 1142.62], [2404.57, 1012.64], [2457.01, 1016.5], [2509.61, 1018.46], [2370.74, 1174.44], [2404.95, 1171.5], [2439.25, 1169.5], [2105.78, 985.5], [2042.73, 974.63], [1978.82, 969.83], [1915.88, 957.46], [1852.99, 945.48], [1789.89, 935.6], [2102.51, 1186.48], [2038.45, 1194.49], [1973.19, 1193.48], [1908.99, 1204.5], [1844.4, 1212.37], [1779.82, 1223.17]]",
Non_Laying_Parents,Bottom,ll288xll287-1_b,../marked_images/landmarked_non_laying_parents/marked_tiff/bottom/LL288xLL287-1_B_MARK.tif,../marked_images/landmarked_non_laying_parents/txt/bottom/LL288xLL287-1_B.txt,../raw_images/non_laying_parents/LL288xLL287-1_B.tif,Non_Laying_Parents,38,38,autolabel_v1.4,3840,2160,"[[2615.2, 1019.52], [2510.6, 1167.44], [2374.63, 1000.5], [2310.79, 999.43], [2243.46, 997.33], [2186.35, 992.87], [2361.72, 1177.94], [2311.88, 1179.5], [2248.73, 1178.65], [2194.72, 1181.2], [1483.7, 1082.01], [1833.89, 935.82], [1817.99, 1254.86], [2369.03, 1101.8], [2429.4, 1080.8], [2494.2, 1066.44], [2558.09, 1048.36], [2401.65, 1121.71], [2439.55, 1134.26], [2476.57, 1148.53], [2435.59, 1005.51], [2496.6, 1006.86], [2557.74, 1004.5], [2399.61, 1176.97], [2437.36, 1176.5], [2475.1, 1174.54], [2136.24, 982.56], [2085.87, 979.46], [2035.2, 973.5], [1984.52, 966.24], [1934.32, 955.54], [1883.65, 948.05], [2139.62, 1184.98], [2084.44, 1188.53], [2029.67, 1196.24], [1976.54, 1208.5], [1921.71, 1215.69], [1869.82, 1235.2]]",
Non_Laying_Parents,Bottom,lx025xll247-v1_b,../marked_images/landmarked_non_laying_parents/marked_tiff/bottom/LX025xLL247-V1_B_MARK.tif,../marked_images/landmarked_non_laying_parents/txt/bottom/LX025xLL247-V1_B.txt,../raw_images/non_laying_parents/LX025xLL247-V1_B.tif,Non_Laying_Parents,38,38,autolabel_v1.4,3840,2160,"[[2604.35, 1004.94], [2513.63, 1164.84], [2359.11, 995.5], [2295.31, 997.39], [2236.52, 997.01], [2173.49, 995.69], [2349.56, 1170.5], [2291.74, 1165.07], [2238.51, 1166.06], [2172.59, 1165.32], [1478.49, 1074.27], [1790.2, 934.91], [1830.31, 1214.07], [2355.34, 1091.11], [2417.9, 1072.91], [2482.37, 1055.02], [2546.03, 1034.37], [2393.68, 1109.39], [2435.54, 1124.5], [2477.94, 1138.86], [2421.55, 991.5], [2484.3, 991.93], [2546.97, 990.5], [2390.65, 1167.61], [2432.35, 1170.5], [2474.22, 1169.5], [2119.91, 983.5], [2064.87, 982.47], [2010.31, 975.24], [1954.98, 966.83], [1900.05, 956.67], [1844.5, 949.23], [2125.4, 1172.77], [2076.94, 1181.35], [2026.57, 1181.5], [1978.17, 1189.67], [1927.9, 1192.52], [1880.07, 1204.85]]",
Non_Laying_Parents,Bottom,np068xpx013-1_b,../marked_images/landmarked_non_laying_parents/marked_tiff/bottom/NP068xPX013-1_B_MARK.tif,../marked_images/landmarked_non_laying_parents/txt/bottom/NP068xPX013-1_B.txt,../raw_images/non_laying_parents/NP068xPX013-1_B.tif,Non_Laying_Parents,38,38,autolabel_v1.4,3840,2160,"[[2516.17, 1042.88], [2437.56, 1128.3], [2303.01, 1018.5], [2225.24, 1018.5], [2161.44, 1025.23], [2091.35, 1002.39], [2344.12, 1139.51], [2293.22, 1140.79], [2230.29, 1150.09], [2164.51, 1156.65], [1450.18, 1068.17], [1829.06, 952.78], [1788.28, 1212.08], [2354.36, 1100.95], [2394.39, 1086.6], [2437.26, 1077.06], [2479.24, 1064.05], [2372.57, 1110.22], [2395.18, 1113.91], [2417.55, 1118.68], [2357.71, 1019.5], [2412.15, 1023.51], [2466.94, 1025.5], [2368.39, 1137.39], [2391.86, 1135.93], [2416.15, 1134.5], [2055.03, 993.79], [2016.37, 992.51], [1979.35, 991.29], [1942.71, 977.41], [1903.77, 976.26], [1865.39, 967.88], [2112.07, 1166.88], [2058.1, 1166.15], [2003.43, 1164.64], [1949.69, 1176.71], [1895.68, 1181.69], [1841.6, 1195.63]]",
Non_Laying_Parents,Bottom,np073xpx013-2_b,../marked_images/landmarked_non_laying_parents/marked_tiff/bottom/NP073xPX013-2_B_MARK.tif,../marked_images/landmarked_non_laying_parents/txt/bottom/NP073xPX013-2_B.txt,../raw_images/non_laying_parents/NP073xPX013-2_B.tif,Non_Laying_Parents,38,38,autolabel_v1.4,3840,2160,"[[2479.66, 1053.1], [2409.32, 1137.39], [2321.35, 1035.58], [2251.91, 1033.98], [2193.65, 1024.27], [2130.33, 1017.18], [2311.07, 1144.5], [2257.74, 1142.67], [2192.28, 1147.32], [2127.02, 1154.5], [1425.97, 1068.59], [1787.43, 966.71], [1894.74, 1164.71], [2315.29, 1095.65], [2355.63, 1084.72], [2399.05, 1078.84], [2442.14, 1070.48], [2337.74, 1106.82], [2363.77, 1113.75], [2389.34, 1122.24], [2361.56, 1038.51], [2401.95, 1039.5], [2442.34, 1040.51], [2335.96, 1143.48], [2360.64, 1140.52], [2385.62, 1140.5], [2083.05, 1005.94], [2033.67, 1003.07], [1984.47, 999.15], [1935.72, 991.11], [1886.04, 987.42], [1835.91, 981.42], [2092.92, 1160.34], [2058.12, 1159.5], [2024.97, 1168.49], [1990.87, 1168.13], [1956.48, 1169.6], [1923.42, 1176.81]]",
Non_Laying_Parents,Bottom,np073xpx013-3_b,../marked_images/landmarked_non_laying_parents/marked_tiff/bottom/NP073xPX013-3_B_MARK.tif,../marked_images/landmarked_non_laying_parents/txt/bottom/NP073xPX013-3_B.txt,../raw_images/non_laying_parents/NP073xPX013-3_B.tif,Non_Laying_Parents,38,38,autolabel_v1.4,3840,2160,"[[2408.62, 1083.18], [2344.23, 1155.71], [2248.44, 1056.5], [2181.31, 1054.07], [2103.99, 1048.09], [2035.58, 1043.95], [2242.28, 1168.5], [2183.53, 1175.91], [2107.9, 1176.39], [2033.64, 1177.43], [1363.09, 1105.97], [1699.38, 980.96], [1686.35, 1232.05], [2293.03, 1127.04], [2321.42, 1117.58], [2352.44, 1110.02], [2383.04, 1100.81], [2304.67, 1135.32], [2319.99, 1139.72], [2334.99, 1145.14], [2290.68, 1058.78], [2332.8, 1062.5], [2375.03, 1065.13], [2268.17, 1167.32], [2293.47, 1161.59], [2319.26, 1159.5], [1990.53, 1023.24], [1941.78, 1031.34], [1895.2, 1014.7], [1846.16, 1009.43], [1797.21, 1000.94], [1747.26, 995.58], [1985.65, 1195.31], [1936.36, 1183.48], [1888.92, 1202.47], [1838.26, 1202.71], [1787.55, 1211.5], [1736.61, 1219.96]]",
Non_Laying_Parents,Bottom,np077xnp085-1_b,../marked_images/landmarked_non_laying_parents/marked_tiff/bottom/NP077xNP085-1_B_MARK.tif,../marked_images/landmarked_non_laying_parents/txt/bottom/NP077xNP085-1_B.txt,../raw_images/non_laying_parents/NP077xNP085-1_B.tif,Non_Laying_Parents,38,38,autolabel_v1.4,3840,2160,"[[2502.65, 1062.92], [2426.63, 1135.18], [2313.8, 1040.5], [2238.86, 1038.05], [2165.55, 1029.31], [2096.38, 1023.6], [2300.65, 1154.58], [2233.38, 1157.09], [2162.44, 1161.74], [2090.42, 1166.05], [1437.2, 1086.07], [1794.18, 961.23], [1714.8, 1239.26], [2370.34, 1109.06], [2403.18, 1098.47], [2438.28, 1090.78], [2472.64, 1080.3], [2382.18, 1117.66], [2398.29, 1120.96], [2414.13, 1125.36], [2362.08, 1042.5], [2409.98, 1046.5], [2458.21, 1048.48], [2332.9, 1152.51], [2364.48, 1146.01], [2396.57, 1141.97], [2057.51, 1010.07], [2013.69, 1001.5], [1969.32, 999.38], [1926.13, 985.38], [1881.24, 985.89], [1836.82, 976.64], [2036.88, 1175.73], [1981.93, 1176.76], [1929.26, 1189.81], [1875.05, 1196.49], [1820.76, 1209.37], [1768.54, 1229.73]]",
Non_Laying_Parents,Bottom,np078xnp060-v2_b,../marked_images/landmarked_non_laying_parents/marked_tiff/bottom/NP078xNP060-V2_B_MARK.tif,../marked_images/landmarked_non_laying_parents/txt/bottom/NP078xNP060-V2_B.txt,../raw_images/non_laying_parents/NP078xNP060-V2_B.tif,Non_Laying_Parents,38,38,autolabel_v1.4,3840,2160,"[[2474.21, 1055.54], [2407.53, 1122.12], [2331.24, 1034.5], [2271.43, 1032.5], [2209.69, 1031.5], [2140.89, 1030.73], [2328.0, 1138.86], [2268.01, 1145.69], [2208.06, 1154.8], [2145.26, 1163.1], [1422.4, 1086.31], [1721.71, 951.39], [1757.48, 1218.68], [2367.29, 1106.35], [2393.41, 1094.02], [2423.2, 1085.78], [2452.14, 1074.84], [2375.64, 1112.47], [2386.97, 1114.1], [2398.21, 1116.25], [2367.95, 1037.5], [2404.75, 1039.5], [2441.53, 1041.59], [2348.7, 1135.96], [2369.28, 1132.06], [2390.01, 1129.5], [2081.26, 1020.5], [2021.69, 1008.18], [1962.14, 1001.94], [1900.85, 994.5], [1840.46, 982.46], [1779.78, 970.34], [2089.94, 1170.48], [2035.25, 1178.11], [1979.59, 1173.41], [1925.54, 1188.49], [1869.49, 1195.5], [1813.22, 1205.82]]",
Non_Laying_Parents,Bottom,np078xpx013-1_b,../marked_images/landmarked_non_laying_parents/marked_tiff/bottom/NP078xPX013-1_B_MARK.tif,../marked_images/landmarked_non_laying_parents/txt/bottom/NP078xPX013-1_B.txt,../raw_images/non_laying_parents/NP078xPX013-1_B.tif,Non_Laying_Parents,38,38,autolabel_v1.4,3840,2160,"[[2499.79, 1046.56], [2425.57, 1119.44], [2277.77, 1037.4], [2209.06, 1030.83], [2143.66, 1026.9], [2076.31, 1025.57], [2270.65, 1141.52], [2212.98, 1150.04], [2156.42, 1158.52], [2079.7, 1164.28], [1442.31, 1092.24], [1788.79, 976.56], [1789.09, 1223.68], [2357.32, 1096.38], [2392.59, 1083.98], [2430.41, 1074.77], [2468.01, 1064.87], [2372.07, 1104.43], [2390.74, 1107.52], [2408.85, 1112.63], [2333.53, 1035.5], [2389.78, 1035.5], [2446.16, 1034.5], [2310.22, 1138.62], [2349.6, 1132.73], [2388.95, 1128.16], [2039.8, 1007.41], [1997.6, 1006.53], [1955.96, 1001.68], [1914.75, 991.52], [1872.58, 990.29], [1830.34, 986.39], [2039.05, 1177.68], [1996.43, 1177.45], [1956.29, 1188.12], [1914.76, 1197.4], [1873.03, 1202.49], [1830.95, 1212.64]]",
Non_Laying_Parents,Bottom,np096xnp060-v4_b,../marked_images/landmarked_non_laying_parents/marked_tiff/bottom/NP096xNP060-V4_B_MARK.tif,../marked_images/landmarked_non_laying_parents/txt/bottom/NP096xNP060-V4_B.txt,../raw_images/non_laying_parents/NP096xNP060-V4_B.tif,Non_Laying_Parents,38,38,autolabel_v1.4,3840,2160,"[[2474.07, 1057.09], [2411.8, 1131.43], [2284.14, 1031.5], [2222.66, 1031.42], [2151.79, 1025.36], [2089.24, 1019.36], [2281.21, 1151.5], [2221.83, 1154.56], [2152.44, 1158.43], [2087.0, 1164.5], [1452.13, 1088.64], [1778.73, 965.73], [1774.91, 1220.33], [2356.29, 1103.74], [2386.18, 1093.83], [2418.72, 1086.27], [2447.95, 1073.43], [2368.88, 1111.66], [2384.88, 1115.48], [2400.24, 1121.26], [2332.86, 1034.28], [2381.47, 1038.24], [2430.35, 1039.54], [2314.28, 1147.53], [2347.3, 1142.82], [2380.23, 1137.47], [2050.18, 1006.85], [2004.73, 1000.31], [1960.36, 996.3], [1915.05, 986.35], [1869.13, 983.17], [1823.11, 980.41], [2042.65, 1174.7], [1997.05, 1172.33], [1953.93, 1183.98], [1908.6, 1191.17], [1864.22, 1197.33], [1819.0, 1206.61]]",
Non_Laying_Parents,Bottom,px013xnp060-v2_b,../marked_images/landmarked_non_laying_parents/marked_tiff/bottom/PX013xNP060-V2_B_MARK.tif,../marked_images/landmarked_non_laying_parents/txt/bottom/PX013xNP060-V2_B.txt,../raw_images/non_laying_parents/PX013xNP060-V2_B.tif,Non_Laying_Parents,38,38,autolabel_v1.4,3840,2160,"[[2505.85, 1048.74], [2429.6, 1146.4], [2282.08, 1039.45], [2215.24, 1031.47], [2148.6, 1026.14], [2078.49, 1015.52], [2284.37, 1155.5], [2221.33, 1156.72], [2153.29, 1161.12], [2089.07, 1162.67], [1442.49, 1105.27], [1821.21, 995.22], [1736.97, 1270.19], [2321.35, 1098.98], [2365.87, 1087.13], [2414.65, 1079.97], [2462.89, 1069.34], [2348.11, 1110.54], [2377.33, 1118.96], [2406.15, 1128.78], [2338.76, 1038.33], [2395.4, 1036.73], [2452.04, 1035.5], [2321.07, 1156.48], [2357.85, 1154.5], [2394.55, 1151.5], [2042.11, 1008.89], [2005.14, 1011.67], [1968.59, 1008.06], [1931.43, 1004.36], [1894.79, 1004.76], [1857.58, 1002.74], [2039.2, 1180.46], [1986.5, 1182.5], [1934.72, 1195.5], [1883.01, 1206.11], [1831.78, 1221.36], [1783.54, 1244.65]]",
Non_Laying_Parents,Bottom,px013xnp086-1_b,../marked_images/landmarked_non_laying_parents/marked_tiff/bottom/PX013xNP086-1_B_MARK.tif,../marked_images/landmarked_non_laying_parents/txt/bottom/PX013xNP086-1_B.txt,../raw_images/non_laying_parents/PX013xNP086-1_B.tif,Non_Laying_Parents,38,38,autolabel_v1.4,3840,2160,"[[2488.97, 1049.7], [2417.65, 1129.08], [2351.74, 1029.5], [2285.93, 1029.5], [2216.21, 1030.36], [2146.06, 1024.04], [2336.51, 1140.5], [2285.0, 1145.64], [2216.33, 1149.16], [2149.22, 1157.29], [1438.46, 1080.25], [1812.27, 973.58], [1735.27, 1224.42], [2347.33, 1104.76], [2382.74, 1094.53], [2421.68, 1085.94], [2459.5, 1073.32], [2364.01, 1110.9], [2383.08, 1114.69], [2401.96, 1119.38], [2387.04, 1031.5], [2422.44, 1032.5], [2457.63, 1035.63], [2357.31, 1138.51], [2378.02, 1135.64], [2398.9, 1134.59], [2100.0, 1011.19], [2052.26, 1006.59], [2005.22, 1006.94], [1957.44, 995.23], [1909.12, 987.91], [1860.93, 980.5], [2090.13, 1164.51], [2030.68, 1173.43], [1972.59, 1174.94], [1912.25, 1182.56], [1852.28, 1189.56], [1793.11, 1204.47]]",
Non_Laying_Parents,Bottom,px014xnp060-v4_b,../marked_images/landmarked_non_laying_parents/marked_tiff/bottom/PX014xNP060-V4_B_MARK.tif,../marked_images/landmarked_non_laying_parents/txt/bottom/PX014xNP060-V4_B.txt,../raw_images/non_laying_parents/PX014xNP060-V4_B.tif,Non_Laying_Parents,38,38,autolabel_v1.4,3840,2160,"[[2488.23, 1051.47], [2429.07, 1155.85], [2298.57, 1029.5], [2227.11, 1030.48], [2160.54, 1025.91], [2095.03, 1022.41], [2294.38, 1170.5], [2238.82, 1170.5], [2160.86, 1170.69], [2099.75, 1173.54], [1438.11, 1095.21], [1775.47, 965.5], [1759.6, 1251.89], [2336.05, 1104.93], [2373.92, 1094.51], [2414.33, 1085.73], [2453.56, 1072.5], [2358.02, 1118.26], [2383.41, 1128.66], [2408.45, 1139.89], [2348.04, 1029.5], [2397.35, 1031.5], [2446.65, 1031.4], [2328.68, 1168.44], [2362.88, 1165.48], [2396.93, 1161.5], [2050.75, 1008.19], [2004.46, 1015.03], [1960.49, 1001.34], [1913.51, 997.14], [1867.38, 989.21], [1820.66, 980.38], [2052.23, 1188.03], [2002.12, 1185.89], [1954.08, 1200.15], [1904.15, 1205.59], [1854.71, 1216.71], [1806.65, 1232.93]]",
Non_Laying_Parents,Bottom,px014xnp072-2_b,../marked_images/landmarked_non_laying_parents/marked_tiff/bottom/PX014xNP072-2_B_MARK.tif,../marked_images/landmarked_non_laying_parents/txt/bottom/PX014xNP072-2_B.txt,../raw_images/non_laying_parents/PX014xNP072-2_B.tif,Non_Laying_Parents,38,38,autolabel_v1.4,3840,2160,"[[2480.4, 1043.5], [2412.59, 1142.51], [2295.65, 1025.5], [2226.33, 1026.38], [2152.28, 1022.26], [2089.97, 1017.4], [2285.39, 1158.5], [2226.09, 1154.8], [2153.64, 1154.87], [2088.52, 1158.28], [1439.74, 1104.99], [1757.32, 954.28], [1756.61, 1233.64], [2333.31, 1098.49], [2370.08, 1085.48], [2410.26, 1077.8], [2449.4, 1066.13], [2351.79, 1110.18], [2373.75, 1118.18], [2395.49, 1126.99], [2342.95, 1027.5], [2390.34, 1028.5], [2437.64, 1028.5], [2317.08, 1152.5], [2349.85, 1150.49], [2382.53, 1147.5], [2044.2, 1002.24], [1996.25, 1003.5], [1948.7, 991.05], [1901.29, 980.6], [1852.34, 979.51], [1804.59, 968.0], [2040.68, 1168.27], [1992.25, 1170.44], [1945.19, 1182.83], [1896.74, 1188.55], [1849.84, 1201.77], [1802.92, 1216.89]]",
Non_Laying_Parents,Bottom,px014xnp072-3a_b,../marked_images/landmarked_non_laying_parents/marked_tiff/bottom/PX014xNP072-3A_B_MARK.tif,../marked_images/landmarked_non_laying_parents/txt/bottom/PX014xNP072-3A_B.txt,../raw_images/non_laying_parents/PX014xNP072-3A_B.tif,Non_Laying_Parents,38,38,autolabel_v1.4,3840,2160,"[[2469.87, 1035.48], [2398.64, 1144.13], [2294.24, 1025.5], [2225.23, 1027.27], [2151.58, 1021.7], [2085.21, 1017.44], [2291.43, 1154.77], [2227.58, 1156.55], [2160.38, 1158.73], [2093.36, 1165.75], [1413.41, 1107.53], [1754.42, 969.97], [1728.77, 1256.37], [2313.34, 1096.94], [2351.89, 1083.38], [2394.72, 1073.91], [2436.39, 1059.98], [2334.41, 1108.66], [2357.19, 1118.65], [2379.97, 1128.63], [2339.03, 1023.5], [2383.92, 1024.5], [2428.72, 1022.56], [2318.8, 1153.5], [2345.98, 1150.52], [2373.37, 1149.5], [2041.73, 1004.73], [1993.99, 1002.51], [1946.32, 996.19], [1898.3, 988.5], [1849.88, 986.11], [1801.41, 982.18], [2040.67, 1176.28], [1987.7, 1180.43], [1935.32, 1194.12], [1883.16, 1201.76], [1831.37, 1218.74], [1780.2, 1238.01]]",
Non_Laying_Parents,Bottom,px014xnp072-6_b,../marked_images/landmarked_non_laying_parents/marked_tiff/bottom/PX014xNP072-6_B_MARK.tif,../marked_images/landmarked_non_laying_parents/txt/bottom/PX014xNP072-6_B.txt,../raw_images/non_laying_parents/PX014xNP072-6_B.tif,Non_Laying_Parents,38,38,autolabel_v1.4,3840,2160,"[[2504.01, 1052.8], [2438.65, 1137.03], [2299.92, 1032.45], [2230.57, 1030.5], [2159.45, 1028.69], [2096.02, 1021.38], [2292.59, 1157.5], [2235.84, 1159.2], [2175.74, 1167.28], [2104.5, 1170.75], [1443.19, 1086.87], [1793.81, 961.91], [1791.2, 1235.63], [2362.3, 1106.61], [2398.11, 1095.08], [2436.6, 1086.48], [2474.26, 1074.75], [2379.69, 1115.44], [2400.54, 1120.51], [2421.3, 1125.94], [2351.63, 1035.48], [2403.43, 1037.59], [2455.31, 1038.71], [2329.73, 1153.93], [2366.79, 1149.54], [2403.78, 1144.5], [2056.31, 1007.74], [2011.89, 1006.11], [1968.21, 998.68], [1924.2, 989.84], [1880.58, 984.53], [1836.33, 976.55], [2060.69, 1180.4], [2015.65, 1185.61], [1970.5, 1191.0], [1924.9, 1199.14], [1879.52, 1206.66], [1835.25, 1220.74]]",
Non_Laying_Parents,Left,ll280xll288-2_l,../marked_images/landmarked_non_laying_parents/marked_tiff/left/LL280xLL288-2_L_MARK.tif,../marked_images/landmarked_non_laying_parents/txt/left/LL280xLL288-2_L.txt,../raw_images/non_laying_parents/LL280xLL288-2_L.tif,Non_Laying_Parents,40,40,autolabel_v1.4,3840,2160,"[[1316.5, 1069.5], [2352.37, 1217.49], [2509.5, 902.46], [2152.11, 1188.5], [2021.42, 1195.5], [1881.86, 1205.9], [1782.0, 1219.5], [1713.56, 1220.01], [1635.38, 1235.25], [1568.03, 1237.5], [1998.5, 1036.83], [1925.83, 1096.83], [1821.17, 1137.5], [1741.17, 1166.83], [1669.83, 1185.5], [1600.5, 1196.5], [1512.5, 1114.5], [2010.2, 954.95], [2517.63, 984.48], [2515.34, 1066.49], [2496.96, 1144.25], [2429.69, 1190.4], [2285.72, 1206.03], [2219.33, 1194.71], [1465.5, 1205.5], [1385.5, 1139.5], [1950.46, 978.61], [1889.47, 998.94], [1827.2, 1014.98], [1764.23, 1027.89], [1700.86, 1038.77], [1637.22, 1047.91], [1573.21, 1054.03], [1509.08, 1058.73], [1444.87, 1062.1], [1380.63, 1064.79], [1875.83, 1089.5], [1766.5, 1122.17], [1688.5, 1136.83], [1615.17, 1150.83]]",
Non_Laying_Parents,Left,ll280xlx022-3_l,../marked_images/landmarked_non_laying_parents/marked_tiff/left/LL280xLX022-3_L_MARK.tif,../marked_images/landmarked_non_laying_parents/txt/left/LL280xLX022-3_L.txt,../raw_images/non_laying_parents/LL280xLX022-3_L.tif,Non_Laying_Parents,40,40,autolabel_v1.4,3840,2160,"[[1312.5, 1072.5], [2359.95, 1229.46], [2497.5, 899.77], [2140.91, 1193.5], [2006.5, 1199.66], [1871.63, 1212.39], [1765.5, 1221.43], [1695.82, 1227.24], [1633.45, 1235.36], [1565.22, 1242.49], [2009.5, 1034.5], [1934.5, 1098.5], [1824.5, 1141.5], [1741.5, 1169.5], [1665.5, 1186.5], [1592.5, 1191.5], [1519.5, 1117.5], [2020.56, 960.7], [2513.16, 981.09], [2517.64, 1063.57], [2500.72, 1143.86], [2434.06, 1192.26], [2286.63, 1217.28], [2214.91, 1200.5], [1469.5, 1220.5], [1393.5, 1158.5], [1959.4, 984.36], [1896.81, 1003.95], [1833.62, 1021.45], [1769.63, 1035.57], [1704.91, 1046.1], [1639.81, 1053.99], [1574.47, 1059.65], [1509.01, 1063.59], [1443.48, 1066.12], [1377.93, 1068.03], [1877.5, 1082.5], [1765.5, 1118.5], [1677.5, 1138.5], [1609.5, 1149.5]]",
Non_Laying_Parents,Left,ll285xll279-1_l,../marked_images/landmarked_non_laying_parents/marked_tiff/left/LL285xLL279-1_L_MARK.tif,../marked_images/landmarked_non_laying_parents/txt/left/LL285xLL279-1_L.txt,../raw_images/non_laying_parents/LL285xLL279-1_L.tif,Non_Laying_Parents,40,40,autolabel_v1.4,3840,2160,"[[1334.83, 1111.5], [2311.33, 1222.22], [2445.97, 914.33], [2146.27, 1187.94], [2011.6, 1190.5], [1903.67, 1202.29], [1788.91, 1224.21], [1711.86, 1225.78], [1641.0, 1250.1], [1577.06, 1253.98], [1985.5, 1045.5], [1934.5, 1098.5], [1829.5, 1144.5], [1754.5, 1180.5], [1689.5, 1204.0], [1603.0, 1209.5], [1552.17, 1142.17], [1994.66, 964.68], [2467.85, 998.51], [2498.55, 1077.62], [2472.72, 1161.57], [2399.35, 1212.0], [2257.41, 1205.43], [2202.28, 1194.54], [1485.5, 1229.5], [1411.5, 1174.83], [1937.88, 988.88], [1879.73, 1009.74], [1820.42, 1027.08], [1760.34, 1041.4], [1699.77, 1053.55], [1638.86, 1063.94], [1577.6, 1071.99], [1516.3, 1079.72], [1454.88, 1086.43], [1393.3, 1091.51], [1878.5, 1098.5], [1780.5, 1135.5], [1700.0, 1153.5], [1629.5, 1168.0]]",
Non_Laying_Parents,Left,ll286xll247-v1_l,../marked_images/landmarked_non_laying_parents/marked_tiff/left/LL286xLL247-V1_L_MARK.tif,../marked_images/landmarked_non_laying_parents/txt/left/LL286xLL247-V1_L.txt,../raw_images/non_laying_parents/LL286xLL247-V1_L.tif,Non_Laying_Parents,40,40,autolabel_v1.4,3840,2160,"[[1349.17, 1100.17], [2358.21, 1237.5], [2486.95, 926.33], [2161.7, 1197.43], [2018.68, 1201.52], [1902.33, 1215.78], [1805.96, 1230.51], [1722.54, 1239.75], [1658.35, 1251.73], [1573.03, 1257.46], [2010.5, 1038.83], [1938.5, 1092.17], [1845.17, 1138.83], [1763.83, 1173.5], [1679.83, 1192.17], [1609.17, 1206.83], [1573.17, 1136.17], [2020.61, 964.55], [2497.89, 1006.06], [2507.5, 1086.23], [2494.43, 1165.59], [2435.91, 1218.34], [2293.76, 1225.05], [2230.56, 1198.54], [1493.17, 1226.83], [1422.5, 1166.83], [1962.82, 988.5], [1904.02, 1009.84], [1843.73, 1026.61], [1782.86, 1041.08], [1721.54, 1053.51], [1659.87, 1064.07], [1597.95, 1073.17], [1535.78, 1080.32], [1473.47, 1086.05], [1411.16, 1091.63], [1886.5, 1096.17], [1790.5, 1130.83], [1707.83, 1154.83], [1631.83, 1166.83]]",
Non_Laying_Parents,Left,ll288xll287-1_l,../marked_images/landmarked_non_laying_parents/marked_tiff/left/LL288xLL287-1_L_MARK.tif,../marked_images/landmarked_non_laying_parents/txt/left/LL288xLL287-1_L.txt,../raw_images/non_laying_parents/LL288xLL287-1_L.tif,Non_Laying_Parents,40,40,autolabel_v1.4,3840,2160,"[[1346.0, 1105.0], [2351.89, 1228.5], [2493.94, 945.71], [2148.92, 1192.64], [2023.78, 1197.62], [1871.8, 1213.69], [1783.77, 1229.18], [1706.3, 1238.57], [1639.87, 1249.37], [1582.99, 1258.86], [2007.17, 1044.83], [1935.83, 1106.83], [1827.83, 1143.5], [1750.5, 1177.5], [1672.5, 1195.5], [1605.5, 1210.5], [1559.5, 1138.5], [2016.31, 970.37], [2509.1, 1018.93], [2503.93, 1093.15], [2485.19, 1163.96], [2421.77, 1202.34], [2284.26, 1214.61], [2217.68, 1198.49], [1496.0, 1225.0], [1416.5, 1168.0], [1959.06, 995.38], [1900.38, 1016.92], [1840.24, 1033.95], [1779.43, 1048.3], [1718.06, 1060.01], [1656.21, 1069.13], [1594.34, 1077.98], [1532.25, 1085.23], [1469.99, 1090.5], [1407.66, 1094.72], [1875.83, 1102.17], [1780.5, 1131.5], [1699.5, 1153.5], [1630.5, 1172.5]]",
Non_Laying_Parents,Left,ll298xll247-v2a_l,../marked_images/landmarked_non_laying_parents/marked_tiff/left/LL298xLL247-V2A_L_MARK.tif,../marked_images/landmarked_non_laying_parents/txt/left/LL298xLL247-V2A_L.txt,../raw_images/non_laying_parents/LL298xLL247-V2A_L.tif,Non_Laying_Parents,40,40,autolabel_v1.4,3840,2160,"[[1337.17, 1061.83], [2369.81, 1240.06], [2510.44, 887.79], [2180.53, 1206.53], [2041.43, 1213.23], [1906.88, 1226.5], [1800.89, 1239.44], [1727.04, 1239.48], [1656.58, 1250.23], [1538.46, 1248.99], [2016.5, 1037.83], [1951.17, 1097.83], [1849.17, 1139.17], [1766.5, 1172.5], [1696.5, 1191.83], [1626.5, 1202.0], [1554.5, 1119.5], [2028.11, 970.56], [2543.7, 973.99], [2550.67, 1068.05], [2527.8, 1159.83], [2451.99, 1214.69], [2307.64, 1226.54], [2245.38, 1209.49], [1460.5, 1203.5], [1396.5, 1134.5], [1968.32, 992.68], [1907.27, 1010.78], [1845.06, 1024.82], [1782.09, 1034.97], [1718.93, 1043.8], [1655.57, 1050.94], [1591.97, 1055.71], [1528.25, 1058.39], [1464.51, 1058.27], [1400.79, 1057.35], [1896.5, 1091.17], [1799.17, 1115.17], [1716.5, 1134.5], [1637.5, 1147.0]]",
Non_Laying_Parents,Left,lx025xll247-v1_l,../marked_images/landmarked_non_laying_parents/marked_tiff/left/LX025xLL247-V1_L_MARK.tif,../marked_images/landmarked_non_laying_parents/txt/left/LX025xLL247-V1_L.txt,../raw_images/non_laying_parents/LX025xLL247-V1_L.tif,Non_Laying_Parents,40,40,autolabel_v1.4,3840,2160,"[[1331.5, 1063.5], [2361.09, 1226.5], [2486.08, 927.34], [2149.22, 1201.19], [2008.09, 1200.51], [1893.75, 1212.45], [1777.16, 1225.5], [1698.81, 1230.15], [1631.7, 1238.94], [1568.13, 1240.49], [2003.5, 1036.5], [1933.5, 1090.5], [1826.5, 1130.5], [1746.5, 1161.5], [1672.5, 1181.5], [1601.5, 1195.5], [1540.5, 1116.5], [2015.73, 959.26], [2461.23, 1034.66], [2457.1, 1127.32], [2411.13, 1072.77], [2410.96, 1166.75], [2291.72, 1213.31], [2221.2, 1206.82], [1473.5, 1212.5], [1401.5, 1143.5], [1956.81, 982.5], [1896.87, 1003.02], [1834.94, 1016.46], [1772.66, 1028.05], [1710.0, 1037.28], [1646.97, 1043.75], [1583.67, 1046.59], [1520.38, 1049.75], [1457.06, 1051.15], [1393.85, 1052.2], [1874.5, 1088.5], [1773.5, 1113.5], [1691.5, 1136.5], [1621.5, 1142.5]]",
Non_Laying_Parents,Left,np068xpx013-1_l,../marked_images/landmarked_non_laying_parents/marked_tiff/left/NP068xPX013-1_L_MARK.tif,../marked_images/landmarked_non_laying_parents/txt/left/NP068xPX013-1_L.txt,../raw_images/non_laying_parents/NP068xPX013-1_L.tif,Non_Laying_Parents,40,40,autolabel_v1.4,3840,2160,"[[1397.0, 1033.5], [2359.12, 1207.67], [2433.91, 922.86], [2081.59, 1168.5], [1953.08, 1181.5], [1851.2, 1199.31], [1771.43, 1210.41], [1707.29, 1212.42], [1626.58, 1210.6], [1565.7, 1201.96], [1961.0, 1053.5], [1900.0, 1096.0], [1814.0, 1135.5], [1748.0, 1174.0], [1671.5, 1176.5], [1585.5, 1156.5], [1538.17, 1095.83], [1974.45, 979.22], [2455.0, 992.54], [2480.29, 1063.91], [2480.64, 1139.17], [2430.79, 1192.63], [2267.35, 1188.24], [2174.73, 1177.5], [1492.0, 1170.5], [1433.5, 1100.5], [1924.25, 996.93], [1873.31, 1012.22], [1821.46, 1024.36], [1768.88, 1032.71], [1715.95, 1037.97], [1662.79, 1040.91], [1609.57, 1042.35], [1556.37, 1040.41], [1503.28, 1036.53], [1450.24, 1032.64], [1855.0, 1093.0], [1764.5, 1113.5], [1684.5, 1127.5], [1618.83, 1137.17]]",
Non_Laying_Parents,Left,np073xpx013-2_l,../marked_images/landmarked_non_laying_parents/marked_tiff/left/NP073xPX013-2_L_MARK.tif,../marked_images/landmarked_non_laying_parents/txt/left/NP073xPX013-2_L.txt,../raw_images/non_laying_parents/NP073xPX013-2_L.tif,Non_Laying_Parents,40,40,autolabel_v1.4,3840,2160,"[[1426.0, 1035.0], [2382.48, 1203.72], [2455.61, 882.37], [2103.58, 1176.5], [1990.82, 1188.5], [1886.86, 1203.91], [1798.42, 1215.84], [1732.73, 1214.28], [1657.75, 1213.3], [1601.03, 1203.86], [1993.5, 1053.5], [1936.0, 1096.0], [1861.5, 1152.5], [1785.0, 1175.0], [1715.5, 1180.0], [1633.83, 1168.17], [1586.5, 1092.83], [2005.56, 985.11], [2464.94, 951.32], [2493.84, 1028.86], [2501.54, 1111.62], [2461.87, 1183.89], [2290.04, 1189.65], [2196.49, 1187.5], [1527.5, 1170.5], [1469.0, 1102.0], [1955.47, 1003.72], [1904.11, 1018.59], [1852.03, 1030.62], [1799.31, 1039.08], [1746.12, 1044.29], [1692.73, 1047.06], [1639.27, 1046.6], [1585.88, 1044.11], [1532.63, 1039.6], [1479.46, 1034.48], [1892.0, 1083.5], [1803.0, 1110.5], [1723.5, 1126.0], [1660.5, 1136.83]]",
Non_Laying_Parents,Left,np073xpx013-3_l,../marked_images/landmarked_non_laying_parents/marked_tiff/left/NP073xPX013-3_L_MARK.tif,../marked_images/landmarked_non_laying_parents/txt/left/NP073xPX013-3_L.txt,../raw_images/non_laying_parents/NP073xPX013-3_L.tif,Non_Laying_Parents,40,40,autolabel_v1.4,3840,2160,"[[1405.5, 1040.0], [2398.18, 1196.5], [2442.11, 902.79], [2088.84, 1179.32], [1964.21, 1191.5], [1866.39, 1205.98], [1784.61, 1216.51], [1703.5, 1222.83], [1612.83, 1218.81], [1555.28, 1208.06], [1977.5, 1058.5], [1919.0, 1104.0], [1833.5, 1155.0], [1757.5, 1188.0], [1683.0, 1195.5], [1596.0, 1172.5], [1546.17, 1098.17], [1988.42, 989.26], [2475.29, 965.86], [2499.51, 1036.04], [2505.48, 1109.84], [2466.98, 1171.89], [2295.39, 1186.49], [2192.14, 1186.5], [1488.17, 1173.5], [1438.5, 1109.83], [1938.0, 1007.75], [1886.69, 1023.64], [1834.04, 1033.75], [1780.71, 1039.4], [1727.11, 1042.75], [1673.63, 1047.7], [1619.93, 1048.34], [1566.29, 1046.37], [1512.72, 1042.63], [1459.19, 1038.65], [1862.0, 1100.0], [1774.0, 1122.0], [1696.5, 1136.0], [1626.5, 1140.5]]",
Non_Laying_Parents,Left,np077xnp085-1_l,../marked_images/landmarked_non_laying_parents/marked_tiff/left/NP077xNP085-1_L_MARK.tif,../marked_images/landmarked_non_laying_parents/txt/left/NP077xNP085-1_L.txt,../raw_images/non_laying_parents/NP077xNP085-1_L.tif,Non_Laying_Parents,40,40,autolabel_v1.4,3840,2160,"[[1428.83, 1073.17], [2383.05, 1207.5], [2465.88, 916.06], [2114.48, 1186.52], [1979.68, 1197.31], [1884.27, 1216.4], [1794.82, 1233.4], [1714.85, 1236.06], [1630.42, 1241.48], [1574.05, 1231.74], [1979.5, 1065.5], [1918.5, 1112.5], [1828.5, 1151.5], [1770.5, 1198.5], [1687.5, 1208.5], [1599.5, 1181.5], [1570.5, 1133.5], [1989.51, 994.36], [2488.34, 984.52], [2502.41, 1057.68], [2496.91, 1130.52], [2455.21, 1189.13], [2293.47, 1197.01], [2204.15, 1196.4], [1512.83, 1195.5], [1467.17, 1140.5], [1941.85, 1015.08], [1892.88, 1032.38], [1842.66, 1045.96], [1791.49, 1055.31], [1740.08, 1063.17], [1688.45, 1069.53], [1636.63, 1074.07], [1584.63, 1074.18], [1532.67, 1072.18], [1480.75, 1069.91], [1865.5, 1111.5], [1781.5, 1136.5], [1710.5, 1160.5], [1630.5, 1164.5]]",
Non_Laying_Parents,Left,np078xnp060-v2_l,../marked_images/landmarked_non_laying_parents/marked_tiff/left/NP078xNP060-V2_L_MARK.tif,../marked_images/landmarked_non_laying_parents/txt/left/NP078xNP060-V2_L.txt,../raw_images/non_laying_parents/NP078xNP060-V2_L.tif,Non_Laying_Parents,40,40,autolabel_v1.4,3840,2160,"[[1416.0, 1087.0], [2370.48, 1224.41], [2418.19, 894.57], [2079.22, 1194.5], [1956.43, 1206.5], [1870.56, 1225.45], [1783.63, 1240.86], [1717.6, 1245.6], [1638.3, 1251.48], [1577.69, 1242.46], [1980.83, 1072.5], [1920.83, 1121.83], [1840.5, 1167.5], [1770.5, 1203.0], [1698.0, 1215.0], [1619.0, 1198.5], [1561.5, 1132.17], [1991.25, 1000.11], [2453.16, 958.77], [2487.6, 1041.55], [2498.5, 1131.47], [2458.41, 1210.93], [2274.53, 1207.37], [2176.86, 1203.5], [1508.0, 1207.0], [1457.0, 1150.5], [1941.54, 1019.35], [1890.71, 1035.38], [1839.24, 1049.17], [1787.2, 1060.59], [1734.62, 1069.24], [1681.51, 1073.8], [1628.31, 1077.21], [1575.06, 1079.45], [1521.78, 1079.68], [1468.59, 1078.26], [1869.5, 1116.0], [1790.5, 1142.0], [1716.0, 1162.5], [1644.5, 1172.5]]",
Non_Laying_Parents,Left,np078xpx013-1_l,../marked_images/landmarked_non_laying_parents/marked_tiff/left/NP078xPX013-1_L_MARK.tif,../marked_images/landmarked_non_laying_parents/txt/left/NP078xPX013-1_L.txt,../raw_images/non_laying_parents/NP078xPX013-1_L.tif,Non_Laying_Parents,40,40,autolabel_v1.4,3840,2160,"[[1415.83, 1079.17], [2387.96, 1203.5], [2465.54, 926.13], [2097.26, 1174.5], [1970.44, 1186.48], [1875.52, 1207.99], [1793.85, 1219.03], [1724.05, 1229.35], [1648.86, 1230.46], [1581.71, 1224.29], [1979.17, 1069.5], [1920.5, 1124.83], [1833.17, 1153.5], [1774.5, 1186.83], [1711.5, 1203.5], [1633.5, 1200.83], [1568.17, 1136.83], [1988.94, 993.1], [2487.29, 987.49], [2501.51, 1054.64], [2495.57, 1123.89], [2452.89, 1179.22], [2290.93, 1194.48], [2193.84, 1187.5], [1511.17, 1193.83], [1461.17, 1143.83], [1939.71, 1012.94], [1889.21, 1029.28], [1837.42, 1040.57], [1785.21, 1050.09], [1732.84, 1058.67], [1680.09, 1064.56], [1627.14, 1068.17], [1574.12, 1070.68], [1521.08, 1071.43], [1468.05, 1069.62], [1872.5, 1119.5], [1791.83, 1140.17], [1729.5, 1170.17], [1654.17, 1164.17]]",
Non_Laying_Parents,Left,np096xnp060-v4_l,../marked_images/landmarked_non_laying_parents/marked_tiff/left/NP096xNP060-V4_L_MARK.tif,../marked_images/landmarked_non_laying_parents/txt/left/NP096xNP060-V4_L.txt,../raw_images/non_laying_parents/NP096xNP060-V4_L.tif,Non_Laying_Parents,40,40,autolabel_v1.4,3840,2160,"[[1418.0, 1066.0], [2367.41, 1201.5], [2415.58, 904.63], [2091.07, 1171.88], [1950.23, 1183.08], [1858.86, 1202.32], [1781.18, 1215.51], [1717.12, 1221.03], [1631.52, 1227.38], [1571.55, 1218.26], [1973.5, 1061.5], [1910.0, 1106.5], [1825.5, 1144.5], [1762.0, 1180.0], [1689.5, 1189.5], [1611.83, 1181.5], [1559.5, 1112.17], [1984.38, 985.28], [2441.32, 970.17], [2457.35, 1041.29], [2470.77, 1116.7], [2439.96, 1181.47], [2275.92, 1189.44], [2183.31, 1182.5], [1506.5, 1181.5], [1457.0, 1126.0], [1935.81, 1004.95], [1886.0, 1021.36], [1835.0, 1033.48], [1783.55, 1043.55], [1731.8, 1051.93], [1679.82, 1058.77], [1627.47, 1061.77], [1575.05, 1063.09], [1522.64, 1062.58], [1470.26, 1061.67], [1868.5, 1102.5], [1775.5, 1130.5], [1709.5, 1151.0], [1633.5, 1157.0]]",
Non_Laying_Parents,Left,np097xnp060-v2_l,../marked_images/landmarked_non_laying_parents/marked_tiff/left/NP097xNP060-V2_L_MARK.tif,../marked_images/landmarked_non_laying_parents/txt/left/NP097xNP060-V2_L.txt,../raw_images/non_laying_parents/NP097xNP060-V2_L.tif,Non_Laying_Parents,40,40,autolabel_v1.4,3840,2160,"[[1443.0, 1043.0], [2417.98, 1184.65], [2495.53, 898.66], [2133.93, 1165.54], [1994.84, 1170.9], [1885.1, 1188.62], [1807.1, 1203.07], [1745.97, 1203.18], [1660.34, 1207.78], [1603.12, 1203.54], [1993.83, 1057.17], [1932.5, 1107.83], [1860.5, 1127.83], [1768.5, 1149.17], [1715.17, 1178.5], [1642.17, 1177.5], [1582.17, 1102.83], [2004.99, 980.34], [2496.89, 964.66], [2527.5, 1020.16], [2516.39, 1091.3], [2480.7, 1151.91], [2325.01, 1178.68], [2229.39, 1176.5], [1538.0, 1165.5], [1486.5, 1108.0], [1956.0, 997.0], [1906.19, 1011.0], [1855.35, 1020.89], [1804.17, 1028.74], [1752.79, 1035.09], [1701.24, 1040.06], [1649.58, 1043.68], [1597.83, 1043.64], [1546.13, 1041.21], [1494.52, 1037.79], [1887.17, 1093.17], [1805.83, 1115.83], [1728.5, 1133.17], [1660.83, 1143.5]]",
Non_Laying_Parents,Left,np097xnp077-1_l,../marked_images/landmarked_non_laying_parents/marked_tiff/left/NP097xNP077-1_L_MARK.tif,../marked_images/landmarked_non_laying_parents/txt/left/NP097xNP077-1_L.txt,../raw_images/non_laying_parents/NP097xNP077-1_L.tif,Non_Laying_Parents,40,40,autolabel_v1.4,3840,2160,"[[1392.0, 1046.5], [2377.61, 1173.49], [2431.55, 876.88], [2082.33, 1150.5], [1951.6, 1163.5], [1847.81, 1181.56], [1766.27, 1195.2], [1699.68, 1199.58], [1617.37, 1202.28], [1554.59, 1198.44], [1966.83, 1042.17], [1902.17, 1096.83], [1819.5, 1123.5], [1748.83, 1162.83], [1668.83, 1164.17], [1590.83, 1154.83], [1540.5, 1094.5], [1976.45, 967.49], [2464.48, 942.12], [2489.49, 1010.31], [2485.84, 1083.6], [2443.5, 1143.17], [2279.39, 1165.96], [2180.72, 1159.5], [1482.5, 1168.5], [1432.5, 1109.0], [1925.78, 986.22], [1874.12, 1002.07], [1821.57, 1014.47], [1768.47, 1024.35], [1715.04, 1032.27], [1661.32, 1038.12], [1607.41, 1041.63], [1553.42, 1042.68], [1499.42, 1041.42], [1445.51, 1039.0], [1855.5, 1084.17], [1767.5, 1109.5], [1694.83, 1126.83], [1618.83, 1137.5]]",
Non_Laying_Parents,Left,px013xnp060-v2_l,../marked_images/landmarked_non_laying_parents/marked_tiff/left/PX013xNP060-V2_L_MARK.tif,../marked_images/landmarked_non_laying_parents/txt/left/PX013xNP060-V2_L.txt,../raw_images/non_laying_parents/PX013xNP060-V2_L.tif,Non_Laying_Parents,40,40,autolabel_v1.4,3840,2160,"[[1397.17, 1033.5], [2394.86, 1175.67], [2457.94, 910.78], [2095.28, 1152.5], [1953.13, 1167.11], [1858.52, 1187.98], [1778.7, 1197.16], [1697.71, 1200.09], [1611.96, 1201.5], [1549.6, 1189.38], [1971.5, 1049.17], [1914.17, 1095.17], [1828.83, 1141.17], [1752.17, 1161.83], [1676.83, 1172.5], [1596.17, 1149.83], [1549.5, 1095.17], [1981.6, 978.29], [2484.21, 970.4], [2497.41, 1036.25], [2496.49, 1103.04], [2458.35, 1156.11], [2295.13, 1167.32], [2195.16, 1160.5], [1483.17, 1151.5], [1437.17, 1094.83], [1930.22, 994.3], [1878.63, 1009.65], [1825.83, 1019.68], [1772.54, 1027.14], [1719.03, 1032.63], [1665.27, 1035.25], [1611.48, 1036.9], [1557.68, 1036.56], [1504.0, 1033.45], [1450.59, 1027.0], [1866.83, 1088.5], [1776.83, 1109.17], [1698.83, 1126.5], [1630.17, 1129.83]]",
Non_Laying_Parents,Left,px013xnp060-v4_l,../marked_images/landmarked_non_laying_parents/marked_tiff/left/PX013xNP060-V4_L_MARK.tif,../marked_images/landmarked_non_laying_parents/txt/left/PX013xNP060-V4_L.txt,../raw_images/non_laying_parents/PX013xNP060-V4_L.tif,Non_Laying_Parents,40,40,autolabel_v1.4,3840,2160,"[[1412.83, 1048.83], [2349.59, 1199.5], [2419.6, 941.38], [2070.71, 1168.61], [1956.8, 1185.5], [1855.46, 1203.38], [1777.19, 1216.0], [1712.39, 1217.33], [1631.84, 1221.1], [1567.6, 1207.69], [1965.5, 1064.5], [1906.83, 1115.17], [1821.5, 1147.17], [1760.17, 1177.83], [1686.83, 1188.5], [1613.5, 1173.83], [1558.83, 1108.5], [1976.65, 995.19], [2426.18, 989.96], [2453.74, 1040.97], [2456.25, 1113.6], [2419.74, 1176.27], [2256.76, 1187.53], [2163.56, 1179.6], [1507.5, 1171.83], [1456.0, 1114.0], [1927.62, 1012.56], [1877.37, 1025.95], [1826.34, 1035.66], [1775.21, 1045.06], [1724.33, 1054.98], [1672.32, 1054.19], [1620.34, 1055.72], [1568.38, 1055.1], [1516.5, 1051.67], [1464.79, 1046.39], [1861.5, 1103.17], [1776.17, 1135.17], [1706.83, 1148.5], [1638.83, 1151.17]]",
Non_Laying_Parents,Left,px013xnp086-1_l,../marked_images/landmarked_non_laying_parents/marked_tiff/left/PX013xNP086-1_L_MARK.tif,../marked_images/landmarked_non_laying_parents/txt/left/PX013xNP086-1_L.txt,../raw_images/non_laying_parents/PX013xNP086-1_L.tif,Non_Laying_Parents,40,40,autolabel_v1.4,3840,2160,"[[1407.83, 1026.83], [2388.34, 1161.42], [2440.56, 918.24], [2082.59, 1142.48], [1958.52, 1157.5], [1854.92, 1173.89], [1765.01, 1188.34], [1688.85, 1189.75], [1610.25, 1191.2], [1551.68, 1181.32], [1977.83, 1045.5], [1916.5, 1093.5], [1824.5, 1126.17], [1753.83, 1149.5], [1675.17, 1162.83], [1598.5, 1153.5], [1544.5, 1084.5], [1990.26, 954.94], [2465.56, 975.69], [2489.22, 1034.15], [2488.1, 1096.18], [2448.69, 1143.9], [2286.47, 1153.45], [2184.31, 1148.5], [1490.0, 1152.5], [1444.5, 1094.5], [1940.02, 974.39], [1888.56, 990.26], [1836.43, 1003.79], [1783.68, 1014.44], [1730.22, 1021.14], [1676.59, 1026.37], [1622.79, 1028.75], [1568.93, 1028.62], [1515.14, 1026.05], [1461.47, 1021.77], [1865.17, 1084.17], [1773.83, 1096.17], [1697.17, 1110.83], [1629.5, 1123.5]]",
Non_Laying_Parents,Left,px014xnp060-v4_l,../marked_images/landmarked_non_laying_parents/marked_tiff/left/PX014xNP060-V4_L_MARK.tif,../marked_images/landmarked_non_laying_parents/txt/left/PX014xNP060-V4_L.txt,../raw_images/non_laying_parents/PX014xNP060-V4_L.tif,Non_Laying_Parents,40,40,autolabel_v1.4,3840,2160,"[[1404.5, 1060.0], [2383.96, 1201.61], [2446.52, 908.07], [2093.02, 1179.54], [1970.08, 1188.34], [1860.84, 1204.93], [1780.31, 1218.01], [1717.55, 1222.52], [1622.41, 1226.5], [1563.32, 1217.94], [1987.5, 1055.5], [1925.0, 1103.5], [1835.0, 1150.5], [1756.0, 1175.0], [1683.83, 1190.17], [1603.83, 1166.17], [1556.5, 1112.17], [1997.24, 988.14], [2501.2, 973.73], [2539.49, 1048.75], [2533.22, 1125.2], [2460.84, 1163.38], [2286.08, 1195.31], [2191.45, 1188.5], [1498.5, 1190.0], [1445.5, 1128.5], [1946.09, 1007.59], [1893.91, 1024.0], [1840.42, 1034.85], [1786.34, 1043.21], [1732.24, 1051.31], [1677.73, 1056.09], [1623.05, 1057.96], [1568.35, 1057.98], [1513.65, 1056.54], [1459.01, 1055.23], [1874.5, 1102.0], [1776.0, 1123.5], [1700.0, 1141.5], [1633.17, 1150.83]]",
Non_Laying_Parents,Left,px014xnp068-v1-2_l,../marked_images/landmarked_non_laying_parents/marked_tiff/left/PX014xNP068-V1-2_L_MARK.tif,../marked_images/landmarked_non_laying_parents/txt/left/PX014xNP068-V1-2_L.txt,../raw_images/non_laying_parents/PX014xNP068-V1-2_L.tif,Non_Laying_Parents,40,40,autolabel_v1.4,3840,2160,"[[1411.17, 1049.5], [2391.46, 1208.57], [2447.91, 910.2], [2102.75, 1184.07], [1971.68, 1190.5], [1870.22, 1208.56], [1792.04, 1219.6], [1732.06, 1224.12], [1646.45, 1225.53], [1577.91, 1216.14], [1986.5, 1066.5], [1918.5, 1114.5], [1835.5, 1154.5], [1767.5, 1187.5], [1682.5, 1177.5], [1614.17, 1176.17], [1556.5, 1112.5], [1998.63, 991.76], [2471.85, 978.0], [2485.55, 1049.05], [2492.48, 1120.85], [2459.67, 1183.82], [2295.1, 1202.59], [2198.61, 1195.5], [1506.17, 1180.83], [1452.17, 1116.83], [1947.74, 1010.36], [1895.71, 1025.48], [1842.71, 1036.56], [1789.17, 1044.68], [1735.28, 1050.22], [1681.19, 1053.42], [1627.03, 1054.98], [1572.91, 1053.55], [1518.9, 1049.43], [1465.06, 1043.86], [1874.5, 1109.5], [1787.5, 1129.5], [1715.5, 1146.5], [1638.83, 1144.83]]",
Non_Laying_Parents,Left,px014xnp072-1_l,../marked_images/landmarked_non_laying_parents/marked_tiff/left/PX014xNP072-1_L_MARK.tif,../marked_images/landmarked_non_laying_parents/txt/left/PX014xNP072-1_L.txt,../raw_images/non_laying_parents/PX014xNP072-1_L.tif,Non_Laying_Parents,40,40,autolabel_v1.4,3840,2160,"[[1415.83, 1058.17], [2392.17, 1190.61], [2464.65, 896.01], [2092.87, 1170.54], [1973.72, 1175.4], [1883.59, 1194.95], [1805.98, 1205.83], [1739.55, 1208.38], [1660.03, 1217.36], [1587.41, 1210.03], [1982.5, 1057.5], [1919.5, 1103.5], [1848.5, 1144.5], [1766.5, 1156.5], [1695.5, 1173.5], [1621.5, 1166.5], [1596.5, 1106.5], [1992.44, 984.21], [2487.6, 962.89], [2490.56, 1034.26], [2446.83, 1078.48], [2437.51, 1147.98], [2292.14, 1187.93], [2192.13, 1183.5], [1519.83, 1184.83], [1462.5, 1122.83], [1942.25, 1002.3], [1890.93, 1016.95], [1838.81, 1028.25], [1786.24, 1037.36], [1733.39, 1044.62], [1680.2, 1048.99], [1626.88, 1051.1], [1573.54, 1050.83], [1520.25, 1048.26], [1467.09, 1043.65], [1878.5, 1095.5], [1796.5, 1124.5], [1714.5, 1138.5], [1647.5, 1146.5]]",
Non_Laying_Parents,Left,px014xnp072-2_l,../marked_images/landmarked_non_laying_parents/marked_tiff/left/PX014xNP072-2_L_MARK.tif,../marked_images/landmarked_non_laying_parents/txt/left/PX014xNP072-2_L.txt,../raw_images/non_laying_parents/PX014xNP072-2_L.tif,Non_Laying_Parents,40,40,autolabel_v1.4,3840,2160,"[[1401.17, 1058.5], [2349.36, 1202.5], [2431.56, 897.95], [2069.36, 1184.5], [1954.53, 1194.41], [1860.82, 1211.93], [1781.45, 1224.1], [1714.17, 1227.34], [1631.79, 1231.26], [1571.98, 1221.63], [1966.17, 1067.17], [1906.83, 1105.17], [1830.83, 1151.83], [1754.83, 1180.5], [1690.17, 1201.17], [1603.5, 1173.5], [1553.5, 1116.5], [1977.95, 989.59], [2441.22, 971.08], [2460.82, 1044.0], [2456.42, 1121.95], [2426.58, 1188.94], [2256.23, 1193.19], [2162.35, 1192.5], [1501.17, 1192.5], [1449.17, 1127.83], [1928.84, 1010.66], [1878.55, 1028.71], [1826.68, 1041.21], [1774.16, 1051.02], [1721.31, 1058.71], [1668.08, 1063.45], [1614.67, 1065.06], [1561.29, 1063.6], [1507.94, 1060.53], [1454.6, 1057.76], [1864.17, 1103.83], [1776.5, 1128.0], [1699.5, 1144.5], [1629.5, 1152.5]]",
Non_Laying_Parents,Left,px014xnp072-3a_l,../marked_images/landmarked_non_laying_parents/marked_tiff/left/PX014xNP072-3A_L_MARK.tif,../marked_images/landmarked_non_laying_parents/txt/left/PX014xNP072-3A_L.txt,../raw_images/non_laying_parents/PX014xNP072-3A_L.tif,Non_Laying_Parents,40,40,autolabel_v1.4,3840,2160,"[[1414.5, 1064.5], [2389.87, 1186.17], [2423.45, 890.95], [2076.54, 1167.6], [1967.87, 1180.5], [1864.18, 1195.35], [1775.78, 1211.99], [1716.07, 1221.12], [1622.45, 1224.52], [1565.36, 1216.41], [1981.5, 1054.5], [1913.5, 1106.5], [1834.5, 1144.5], [1755.5, 1172.5], [1670.5, 1179.5], [1599.5, 1169.5], [1585.5, 1126.5], [1990.89, 979.2], [2464.46, 952.57], [2489.01, 1022.84], [2497.49, 1096.69], [2459.38, 1160.02], [2285.56, 1176.24], [2181.01, 1174.5], [1502.5, 1185.5], [1456.5, 1131.5], [1942.21, 1001.48], [1891.66, 1018.89], [1839.98, 1032.63], [1787.55, 1043.35], [1734.65, 1051.57], [1681.34, 1056.38], [1627.9, 1059.34], [1574.39, 1060.5], [1520.88, 1059.62], [1467.46, 1056.67], [1870.5, 1098.5], [1776.5, 1125.5], [1700.5, 1142.5], [1631.5, 1146.5]]",
Non_Laying_Parents,Left,px014xnp072-6_l,../marked_images/landmarked_non_laying_parents/marked_tiff/left/PX014xNP072-6_L_MARK.tif,../marked_images/landmarked_non_laying_parents/txt/left/PX014xNP072-6_L.txt,../raw_images/non_laying_parents/PX014xNP072-6_L.tif,Non_Laying_Parents,40,40,autolabel_v1.4,3840,2160,"[[1412.17, 1071.17], [2395.24, 1204.8], [2442.92, 916.82], [2092.49, 1182.5], [1961.66, 1194.47], [1870.81, 1215.55], [1791.52, 1221.57], [1728.19, 1233.36], [1630.32, 1239.5], [1575.04, 1234.15], [1981.5, 1070.5], [1917.5, 1119.17], [1834.83, 1158.5], [1767.5, 1185.83], [1699.5, 1206.5], [1609.5, 1186.5], [1562.5, 1135.5], [1992.0, 993.23], [2468.44, 980.18], [2489.32, 1047.18], [2488.47, 1116.6], [2450.75, 1173.1], [2294.78, 1193.81], [2193.6, 1191.5], [1504.83, 1197.83], [1452.17, 1135.17], [1942.15, 1013.07], [1891.59, 1031.06], [1839.33, 1042.86], [1786.56, 1052.59], [1733.57, 1061.02], [1680.28, 1067.35], [1626.64, 1068.3], [1573.0, 1069.93], [1519.38, 1070.06], [1465.76, 1068.5], [1872.17, 1115.83], [1785.5, 1139.17], [1707.5, 1156.5], [1637.5, 1164.5]]",
Non_Laying_Parents,Right,ll280xll288-2_r,../marked_images/landmarked_non_laying_parents/marked_tiff/right/LL280xLL288-2_R_MARK.tif,../marked_images/landmarked_non_laying_parents/txt/right/LL280xLL288-2_R.txt,../raw_images/non_laying_parents/LL280xLL288-2_R.tif,Non_Laying_Parents,42,42,autolabel_v1.4,3840,2160,"[[2597.11, 1064.01], [1557.07, 1227.34], [1350.5, 913.48], [1734.88, 1197.5], [1860.39, 1202.5], [1983.16, 1209.64], [2085.74, 1221.49], [2158.24, 1220.95], [2222.64, 1230.93], [2291.94, 1232.92], [1837.17, 1033.83], [1904.5, 1086.5], [2015.17, 1131.83], [2105.17, 1164.5], [2177.17, 1182.5], [2251.83, 1179.83], [2331.83, 1107.17], [1824.09, 950.59], [1344.39, 1006.48], [1342.35, 1099.3], [1380.81, 1180.24], [1465.88, 1217.47], [1614.91, 1209.71], [1674.97, 1203.31], [2364.61, 1223.3], [2435.65, 1205.39], [2500.54, 1171.13], [2555.52, 1121.98], [1890.67, 976.71], [1958.83, 998.46], [2028.45, 1014.92], [2098.86, 1027.77], [2169.71, 1037.99], [2240.99, 1044.73], [2312.44, 1049.06], [2383.92, 1053.08], [2455.37, 1053.41], [2526.61, 1051.54], [1963.83, 1084.5], [2073.83, 1115.17], [2151.17, 1131.83], [2225.17, 1141.17]]",
Non_Laying_Parents,Right,ll280xlx022-3_r,../marked_images/landmarked_non_laying_parents/marked_tiff/right/LL280xLX022-3_R_MARK.tif,../marked_images/landmarked_non_laying_parents/txt/right/LL280xLX022-3_R.txt,../raw_images/non_laying_parents/LL280xLX022-3_R.tif,Non_Laying_Parents,42,42,autolabel_v1.4,3840,2160,"[[2613.66, 1066.89], [1545.63, 1250.22], [1365.6, 878.7], [1731.65, 1215.52], [1864.88, 1219.49], [1997.67, 1227.43], [2106.49, 1236.41], [2163.39, 1238.76], [2229.74, 1248.9], [2302.27, 1251.5], [1848.5, 1048.5], [1918.5, 1104.5], [2027.5, 1148.5], [2117.5, 1178.5], [2183.5, 1200.5], [2259.5, 1200.5], [2317.17, 1117.5], [1836.18, 976.73], [1362.55, 976.24], [1353.5, 1073.78], [1373.59, 1168.13], [1452.52, 1224.53], [1606.45, 1234.54], [1668.24, 1221.5], [2377.99, 1241.62], [2450.11, 1218.85], [2516.9, 1181.69], [2572.48, 1129.02], [1903.48, 1001.73], [1972.18, 1022.43], [2042.11, 1038.32], [2112.95, 1049.75], [2184.3, 1057.71], [2255.91, 1062.82], [2327.64, 1065.61], [2399.41, 1066.02], [2471.04, 1062.52], [2542.41, 1058.03], [1981.5, 1098.5], [2083.5, 1128.5], [2162.5, 1143.5], [2234.5, 1157.5]]",
Non_Laying_Parents,Right,ll285xll279-1_r,../marked_images/landmarked_non_laying_parents/marked_tiff/right/LL285xLL279-1_R_MARK.tif,../marked_images/landmarked_non_laying_parents/txt/right/LL285xLL279-1_R.txt,../raw_images/non_laying_parents/LL285xLL279-1_R.tif,Non_Laying_Parents,42,42,autolabel_v1.4,3840,2160,"[[2571.2, 1106.38], [1590.14, 1257.45], [1440.61, 952.44], [1755.67, 1215.51], [1872.92, 1211.5], [1985.48, 1224.72], [2091.81, 1238.32], [2157.82, 1245.5], [2223.67, 1257.5], [2289.13, 1262.5], [1849.5, 1047.5], [1916.5, 1092.5], [2010.5, 1140.5], [2108.5, 1173.5], [2177.5, 1198.5], [2245.5, 1200.5], [2298.5, 1139.5], [1836.38, 962.33], [1402.87, 1033.46], [1387.55, 1118.65], [1426.47, 1196.97], [1502.74, 1241.96], [1644.64, 1240.26], [1699.23, 1224.28], [2356.42, 1254.52], [2419.95, 1233.16], [2481.0, 1202.49], [2535.04, 1160.45], [1898.9, 990.39], [1963.56, 1012.94], [2029.59, 1031.45], [2096.22, 1047.65], [2163.61, 1060.42], [2231.5, 1070.11], [2299.61, 1078.1], [2367.88, 1084.7], [2436.3, 1088.18], [2504.57, 1090.11], [1970.5, 1094.5], [2071.5, 1130.5], [2151.5, 1149.5], [2223.5, 1163.5]]",
Non_Laying_Parents,Right,ll286xll247-v1_r,../marked_images/landmarked_non_laying_parents/marked_tiff/right/LL286XLL247-V1_R_MARK.tif,../marked_images/landmarked_non_laying_parents/txt/right/LL286XLL247-V1_R.txt,../raw_images/non_laying_parents/LL286XLL247-V1_R.tif,Non_Laying_Parents,42,42,autolabel_v1.4,3840,2160,"[[2586.11, 1118.91], [1597.11, 1268.63], [1408.58, 938.6], [1783.23, 1222.52], [1898.44, 1224.74], [2007.07, 1236.87], [2091.7, 1248.4], [2173.97, 1257.19], [2238.55, 1267.67], [2297.13, 1273.5], [1867.17, 1048.5], [1927.17, 1096.5], [2024.5, 1144.5], [2115.17, 1184.5], [2183.17, 1209.83], [2251.17, 1228.5], [2306.0, 1146.5], [1854.96, 967.86], [1405.21, 1028.51], [1404.4, 1118.62], [1433.31, 1201.08], [1510.15, 1246.23], [1658.95, 1248.85], [1718.28, 1226.45], [2366.95, 1271.12], [2433.38, 1252.09], [2494.2, 1217.99], [2547.67, 1173.09], [1916.95, 996.54], [1981.01, 1020.38], [2046.48, 1040.04], [2113.09, 1055.63], [2180.26, 1068.6], [2247.72, 1079.99], [2315.52, 1088.99], [2383.6, 1095.67], [2451.87, 1099.02], [2519.91, 1101.64], [1983.17, 1097.83], [2072.5, 1133.83], [2153.83, 1161.83], [2223.17, 1175.17]]",
Non_Laying_Parents,Right,ll286xll255-v2_r,../marked_images/landmarked_non_laying_parents/marked_tiff/right/LL286xLL255-V2_R_MARK.tif,../marked_images/landmarked_non_laying_parents/txt/right/LL286xLL255-V2_R.txt,../raw_images/non_laying_parents/LL286xLL255-V2_R.tif,Non_Laying_Parents,42,42,autolabel_v1.4,3840,2160,"[[2572.37, 1139.37], [1519.63, 1241.96], [1363.43, 954.73], [1695.59, 1204.5], [1822.48, 1213.53], [1951.82, 1234.82], [2047.81, 1244.84], [2116.04, 1253.2], [2187.22, 1272.19], [2250.19, 1281.5], [1844.5, 1058.5], [1897.5, 1103.5], [1994.5, 1154.5], [2076.5, 1191.5], [2147.5, 1210.5], [2218.5, 1231.5], [2263.5, 1149.5], [1836.53, 976.76], [1357.52, 1033.93], [1363.5, 1114.17], [1376.85, 1190.28], [1440.81, 1235.85], [1578.13, 1227.68], [1635.5, 1210.46], [2323.06, 1277.45], [2394.45, 1261.44], [2460.6, 1230.36], [2521.7, 1189.85], [1900.21, 1003.16], [1965.06, 1026.52], [2030.98, 1046.6], [2097.27, 1065.51], [2164.22, 1081.28], [2232.64, 1089.64], [2300.7, 1100.64], [2369.06, 1109.39], [2437.73, 1114.67], [2506.07, 1120.48], [1953.5, 1105.5], [2048.5, 1143.5], [2124.5, 1170.5], [2191.5, 1187.5]]",
Non_Laying_Parents,Right,ll288xll287-1_r,../marked_images/landmarked_non_laying_parents/marked_tiff/right/LL288xLL287-1_R_MARK.tif,../marked_images/landmarked_non_laying_parents/txt/right/LL288xLL287-1_R.txt,../raw_images/non_laying_parents/LL288xLL287-1_R.tif,Non_Laying_Parents,42,42,autolabel_v1.4,3840,2160,"[[2602.39, 1085.53], [1563.43, 1223.48], [1385.37, 924.41], [1741.01, 1193.35], [1878.12, 1192.5], [1994.45, 1207.47], [2098.52, 1221.25], [2178.36, 1231.84], [2242.89, 1239.63], [2312.2, 1245.31], [1846.17, 1052.83], [1931.17, 1100.83], [2035.17, 1142.83], [2122.5, 1174.17], [2205.17, 1187.5], [2274.5, 1191.5], [2314.5, 1123.5], [1833.06, 954.15], [1366.14, 1012.02], [1361.5, 1101.06], [1393.95, 1181.45], [1475.66, 1216.07], [1620.85, 1205.45], [1680.85, 1198.72], [2380.76, 1236.44], [2446.97, 1215.26], [2508.89, 1183.57], [2563.11, 1140.07], [1898.9, 981.88], [1966.35, 1005.29], [2035.24, 1024.15], [2105.12, 1039.05], [2175.82, 1049.51], [2246.78, 1057.97], [2317.92, 1064.72], [2389.21, 1069.61], [2460.61, 1071.92], [2531.91, 1073.7], [1993.17, 1093.5], [2093.83, 1120.17], [2186.5, 1140.17], [2253.17, 1153.5]]",
Non_Laying_Parents,Right,ll298xll247-v2a_r,../marked_images/landmarked_non_laying_parents/marked_tiff/right/LL298xLL247-V2A_R_MARK.tif,../marked_images/landmarked_non_laying_parents/txt/right/LL298xLL247-V2A_R.txt,../raw_images/non_laying_parents/LL298xLL247-V2A_R.tif,Non_Laying_Parents,42,42,autolabel_v1.4,3840,2160,"[[2614.47, 1083.49], [1541.86, 1241.52], [1366.5, 958.59], [1733.95, 1213.5], [1887.09, 1220.16], [2021.66, 1234.5], [2112.02, 1243.51], [2176.72, 1247.44], [2236.96, 1257.64], [2306.12, 1264.55], [1839.5, 1046.83], [1911.5, 1105.5], [2018.83, 1150.83], [2112.17, 1177.5], [2193.5, 1208.5], [2260.5, 1210.5], [2331.5, 1131.5], [1824.41, 944.4], [1358.5, 1037.77], [1364.53, 1116.96], [1394.69, 1187.36], [1464.77, 1223.8], [1606.15, 1231.48], [1668.92, 1216.5], [2381.89, 1257.62], [2454.48, 1236.39], [2522.26, 1201.17], [2578.07, 1148.73], [1890.99, 976.03], [1959.61, 1002.87], [2029.97, 1024.57], [2101.69, 1041.35], [2174.32, 1053.85], [2247.48, 1062.78], [2321.01, 1067.96], [2394.66, 1070.6], [2468.34, 1070.45], [2541.81, 1071.07], [1968.17, 1094.17], [2069.5, 1130.83], [2165.5, 1146.83], [2232.5, 1160.5]]",
Non_Laying_Parents,Right,lx025xll247-v1_r,../marked_images/landmarked_non_laying_parents/marked_tiff/right/LX025xLL247-V1_R_MARK.tif,../marked_images/landmarked_non_laying_parents/txt/right/LX025xLL247-V1_R.txt,../raw_images/non_laying_parents/LX025xLL247-V1_R.tif,Non_Laying_Parents,42,42,autolabel_v1.4,3840,2160,"[[2607.52, 1069.7], [1523.98, 1232.49], [1390.33, 922.86], [1721.15, 1201.55], [1863.67, 1206.57], [1981.91, 1219.11], [2092.51, 1230.73], [2172.64, 1234.07], [2243.44, 1244.24], [2304.63, 1245.72], [1845.17, 1045.5], [1916.5, 1102.17], [2027.83, 1140.17], [2117.5, 1172.5], [2195.5, 1184.5], [2271.5, 1191.5], [2314.5, 1121.5], [1833.89, 970.45], [1380.75, 1003.43], [1371.29, 1084.04], [1384.76, 1160.24], [1447.28, 1208.3], [1590.5, 1224.59], [1656.38, 1214.64], [2377.79, 1238.68], [2446.79, 1213.24], [2509.13, 1174.14], [2563.07, 1125.42], [1901.21, 994.4], [1969.63, 1014.87], [2039.24, 1030.64], [2109.7, 1042.35], [2180.53, 1051.78], [2251.44, 1060.49], [2322.78, 1063.89], [2394.2, 1063.57], [2465.58, 1060.75], [2536.79, 1059.55], [1976.5, 1096.83], [2082.5, 1128.5], [2166.5, 1145.5], [2245.5, 1153.5]]",
Non_Laying_Parents,Right,np073xpx013-2_r,../marked_images/landmarked_non_laying_parents/marked_tiff/right/NP073xPX013-2_R_MARK.tif,../marked_images/landmarked_non_laying_parents/txt/right/NP073xPX013-2_R.txt,../raw_images/non_laying_parents/NP073xPX013-2_R.tif,Non_Laying_Parents,42,42,autolabel_v1.4,3840,2160,"[[2501.95, 1040.88], [1545.77, 1217.5], [1451.49, 917.94], [1807.13, 1193.5], [1916.14, 1199.67], [2020.44, 1213.32], [2099.99, 1222.86], [2168.42, 1225.37], [2243.17, 1224.44], [2307.35, 1212.27], [1896.17, 1058.17], [1947.5, 1099.5], [2034.5, 1155.5], [2109.5, 1180.5], [2172.5, 1175.5], [2247.5, 1165.5], [2302.5, 1107.5], [1883.58, 990.02], [1424.2, 988.9], [1411.16, 1063.78], [1425.03, 1137.55], [1476.2, 1190.16], [1632.9, 1208.47], [1720.07, 1202.5], [2359.66, 1194.43], [2409.2, 1169.76], [2452.26, 1135.24], [2484.96, 1090.57], [1937.69, 1009.1], [1992.9, 1024.65], [2049.02, 1036.28], [2105.84, 1043.83], [2163.08, 1047.8], [2220.39, 1050.58], [2277.64, 1047.47], [2334.75, 1042.11], [2391.29, 1032.96], [2446.96, 1024.48], [1999.5, 1096.17], [2079.5, 1121.5], [2150.5, 1131.5], [2219.5, 1137.5]]",
Non_Laying_Parents,Right,np073xpx013-3_r,../marked_images/landmarked_non_laying_parents/marked_tiff/right/NP073xPX013-3_R_MARK.tif,../marked_images/landmarked_non_laying_parents/txt/right/NP073xPX013-3_R.txt,../raw_images/non_laying_parents/NP073xPX013-3_R.tif,Non_Laying_Parents,42,42,autolabel_v1.4,3840,2160,"[[2480.29, 1031.33], [1541.3, 1205.43], [1434.49, 893.81], [1786.65, 1184.5], [1913.34, 1190.5], [2013.73, 1205.07], [2084.56, 1214.96], [2161.08, 1217.85], [2228.51, 1218.0], [2283.15, 1207.82], [1882.17, 1041.17], [1935.5, 1085.17], [2016.5, 1134.5], [2092.5, 1173.5], [2166.5, 1174.5], [2239.0, 1151.0], [2276.0, 1085.0], [1869.98, 975.45], [1407.81, 970.78], [1387.5, 1049.37], [1405.24, 1127.94], [1465.51, 1181.51], [1623.1, 1196.49], [1704.9, 1193.27], [2335.61, 1188.3], [2384.88, 1161.61], [2427.7, 1125.82], [2463.32, 1082.82], [1922.43, 996.07], [1976.07, 1013.47], [2031.29, 1025.26], [2087.16, 1032.8], [2143.41, 1037.67], [2199.84, 1039.6], [2256.17, 1037.74], [2312.39, 1032.57], [2368.35, 1025.05], [2424.32, 1023.91], [1980.0, 1078.5], [2065.5, 1107.0], [2140.5, 1121.5], [2209.0, 1125.0]]",
Non_Laying_Parents,Right,np077xnp085-1_r,../marked_images/landmarked_non_laying_parents/marked_tiff/right/NP077xNP085-1_R_MARK.tif,../marked_images/landmarked_non_laying_parents/txt/right/NP077xNP085-1_R.txt,../raw_images/non_laying_parents/NP077xNP085-1_R.tif,Non_Laying_Parents,42,42,autolabel_v1.4,3840,2160,"[[2486.64, 1044.94], [1525.37, 1222.86], [1414.13, 882.96], [1777.61, 1194.5], [1900.93, 1199.5], [1995.72, 1210.54], [2089.87, 1224.81], [2166.58, 1224.78], [2243.09, 1227.41], [2298.67, 1217.84], [1873.5, 1051.5], [1922.83, 1096.17], [2020.83, 1146.83], [2098.17, 1185.5], [2178.17, 1172.83], [2253.5, 1160.83], [2299.5, 1110.5], [1862.84, 993.9], [1401.76, 963.61], [1384.74, 1046.71], [1393.76, 1130.12], [1451.04, 1188.65], [1609.57, 1212.97], [1693.55, 1206.46], [2347.2, 1195.62], [2394.48, 1171.02], [2437.13, 1138.37], [2467.8, 1094.34], [1916.89, 1014.17], [1972.75, 1028.77], [2029.49, 1039.03], [2086.67, 1046.92], [2144.06, 1053.05], [2201.69, 1056.4], [2259.37, 1054.46], [2316.75, 1048.56], [2373.69, 1039.29], [2430.24, 1032.65], [1972.17, 1103.5], [2066.83, 1125.5], [2150.83, 1139.5], [2224.17, 1139.5]]",
Non_Laying_Parents,Right,np078xnp060-v2_r,../marked_images/landmarked_non_laying_parents/marked_tiff/right/NP078xNP060-V2_R_MARK.tif,../marked_images/landmarked_non_laying_parents/txt/right/NP078xNP060-V2_R.txt,../raw_images/non_laying_parents/NP078xNP060-V2_R.tif,Non_Laying_Parents,42,42,autolabel_v1.4,3840,2160,"[[2462.82, 1040.56], [1541.93, 1205.72], [1422.24, 904.45], [1780.91, 1177.66], [1905.04, 1181.65], [1987.63, 1190.78], [2081.12, 1208.95], [2149.97, 1215.51], [2221.1, 1219.53], [2277.22, 1211.01], [1867.83, 1050.17], [1926.5, 1099.5], [2007.83, 1134.17], [2085.83, 1172.17], [2153.83, 1183.5], [2225.5, 1167.5], [2286.17, 1097.5], [1852.7, 965.79], [1402.51, 984.0], [1386.54, 1064.25], [1405.74, 1143.79], [1472.72, 1188.84], [1620.97, 1193.58], [1700.46, 1184.5], [2327.94, 1192.37], [2375.39, 1167.09], [2419.48, 1135.99], [2451.11, 1092.04], [1902.51, 992.98], [1956.49, 1010.47], [2011.88, 1022.36], [2067.95, 1031.0], [2124.32, 1037.43], [2180.93, 1041.35], [2237.67, 1041.5], [2294.37, 1039.47], [2350.84, 1034.39], [2406.98, 1030.41], [1971.17, 1087.5], [2056.5, 1111.5], [2126.5, 1130.83], [2195.5, 1142.5]]",
Non_Laying_Parents,Right,np078xpx013-1_r,../marked_images/landmarked_non_laying_parents/marked_tiff/right/NP078xPX013-1_R_MARK.tif,../marked_images/landmarked_non_laying_parents/txt/right/NP078xPX013-1_R.txt,../raw_images/non_laying_parents/NP078xPX013-1_R.tif,Non_Laying_Parents,42,42,autolabel_v1.4,3840,2160,"[[2501.15, 1044.82], [1554.7, 1224.52], [1410.83, 923.13], [1811.72, 1181.7], [1923.22, 1184.5], [2004.18, 1194.56], [2092.21, 1208.44], [2168.55, 1213.51], [2240.06, 1214.51], [2298.92, 1204.87], [1877.5, 1055.5], [1931.5, 1097.5], [2023.5, 1140.5], [2107.5, 1161.5], [2181.5, 1159.5], [2242.5, 1165.5], [2302.0, 1097.0], [1863.35, 980.99], [1388.56, 1004.23], [1380.66, 1087.74], [1403.34, 1167.65], [1471.73, 1215.08], [1640.36, 1209.54], [1726.5, 1198.37], [2352.13, 1189.55], [2403.93, 1170.28], [2449.6, 1138.89], [2484.01, 1095.47], [1918.3, 1002.27], [1974.98, 1018.37], [2032.85, 1029.79], [2091.27, 1038.17], [2150.02, 1043.67], [2208.98, 1045.93], [2267.98, 1046.66], [2326.95, 1045.3], [2385.6, 1039.84], [2443.55, 1032.0], [1982.5, 1090.5], [2071.5, 1120.5], [2153.5, 1132.5], [2220.5, 1142.5]]",
Non_Laying_Parents,Right,np096xnp060-v4_r,../marked_images/landmarked_non_laying_parents/marked_tiff/right/NP096xNP060-V4_R_MARK.tif,../marked_images/landmarked_non_laying_parents/txt/right/NP096xNP060-V4_R.txt,../raw_images/non_laying_parents/NP096xNP060-V4_R.tif,Non_Laying_Parents,42,42,autolabel_v1.4,3840,2160,"[[2510.65, 1063.88], [1536.62, 1218.28], [1456.49, 895.87], [1814.98, 1183.51], [1936.1, 1188.5], [2032.68, 1201.06], [2114.53, 1216.5], [2183.66, 1222.87], [2251.78, 1227.5], [2318.55, 1219.4], [1904.5, 1057.5], [1956.5, 1095.5], [2047.5, 1136.5], [2126.5, 1174.5], [2185.5, 1193.5], [2264.5, 1181.5], [2328.17, 1107.17], [1893.35, 987.17], [1431.45, 968.31], [1414.64, 1043.27], [1427.52, 1118.54], [1472.55, 1180.55], [1629.5, 1207.52], [1722.42, 1196.27], [2365.83, 1201.4], [2413.49, 1181.5], [2457.23, 1151.7], [2491.68, 1111.74], [1947.14, 1006.16], [2001.98, 1021.75], [2057.66, 1034.07], [2113.93, 1043.51], [2170.52, 1050.88], [2227.33, 1056.24], [2284.31, 1058.75], [2341.36, 1059.05], [2398.3, 1056.38], [2454.88, 1051.8], [2007.5, 1098.5], [2091.5, 1120.5], [2169.5, 1137.5], [2238.5, 1148.5]]",
Non_Laying_Parents,Right,np097xnp060-v2_r,../marked_images/landmarked_non_laying_parents/marked_tiff/right/NP097xNP060-V2_R_MARK.tif,../marked_images/landmarked_non_laying_parents/txt/right/NP097xNP060-V2_R.txt,../raw_images/non_laying_parents/NP097xNP060-V2_R.tif,Non_Laying_Parents,42,42,autolabel_v1.4,3840,2160,"[[2500.74, 1069.47], [1510.45, 1217.5], [1407.97, 879.0], [1770.08, 1198.5], [1897.17, 1202.5], [2001.74, 1216.1], [2089.59, 1234.03], [2154.93, 1236.56], [2226.65, 1241.5], [2287.49, 1238.02], [1885.83, 1063.17], [1932.5, 1105.17], [2019.5, 1148.5], [2100.17, 1187.83], [2164.17, 1202.5], [2240.17, 1187.83], [2304.17, 1121.83], [1875.95, 997.07], [1388.99, 957.83], [1373.52, 1038.97], [1388.1, 1119.93], [1437.89, 1185.43], [1591.86, 1252.22], [1671.23, 1213.67], [2342.19, 1220.8], [2396.64, 1201.4], [2443.89, 1167.5], [2480.8, 1122.56], [1930.01, 1017.19], [1985.69, 1032.31], [2042.01, 1044.73], [2098.89, 1054.12], [2156.19, 1060.86], [2213.65, 1066.03], [2271.31, 1067.98], [2328.97, 1067.1], [2386.5, 1063.19], [2443.78, 1060.31], [1980.83, 1103.5], [2068.17, 1133.83], [2147.5, 1149.83], [2210.17, 1163.83]]",
Non_Laying_Parents,Right,np097xnp077-1_r,../marked_images/landmarked_non_laying_parents/marked_tiff/right/NP097xNP077-1_R_MARK.tif,../marked_images/landmarked_non_laying_parents/txt/right/NP097xNP077-1_R.txt,../raw_images/non_laying_parents/NP097xNP077-1_R.tif,Non_Laying_Parents,42,42,autolabel_v1.4,3840,2160,"[[2493.36, 1020.41], [1492.13, 1195.48], [1390.69, 908.39], [1780.76, 1158.38], [1913.17, 1151.92], [1986.0, 1172.18], [2088.38, 1184.98], [2166.2, 1190.38], [2241.05, 1189.17], [2299.91, 1181.84], [1868.5, 1040.17], [1929.83, 1084.17], [2009.17, 1116.83], [2099.17, 1149.5], [2193.17, 1143.5], [2259.5, 1140.0], [2305.5, 1077.5], [1856.05, 968.98], [1361.86, 974.04], [1352.81, 1046.59], [1374.17, 1116.0], [1423.34, 1170.93], [1587.89, 1181.5], [1684.48, 1171.51], [2351.56, 1166.56], [2400.64, 1144.91], [2443.8, 1112.7], [2476.99, 1070.52], [1912.16, 985.78], [1969.35, 998.92], [2027.16, 1008.84], [2085.47, 1015.52], [2143.96, 1020.42], [2202.63, 1022.14], [2261.33, 1022.39], [2319.91, 1019.56], [2378.22, 1013.15], [2436.08, 1007.55], [1977.83, 1078.17], [2065.83, 1101.5], [2159.83, 1113.5], [2227.0, 1122.0]]",
Non_Laying_Parents,Right,px013xnp060-v2_r,../marked_images/landmarked_non_laying_parents/marked_tiff/right/PX013xNP060-V2_R_MARK.tif,../marked_images/landmarked_non_laying_parents/txt/right/PX013xNP060-V2_R.txt,../raw_images/non_laying_parents/PX013xNP060-V2_R.tif,Non_Laying_Parents,42,42,autolabel_v1.4,3840,2160,"[[2489.27, 1028.29], [1508.15, 1214.44], [1405.5, 873.83], [1755.18, 1184.32], [1887.84, 1188.48], [1986.31, 1201.43], [2077.87, 1215.14], [2152.71, 1218.59], [2218.1, 1219.83], [2292.62, 1208.2], [1873.83, 1048.17], [1920.83, 1086.83], [2010.83, 1131.83], [2085.5, 1175.5], [2153.5, 1185.17], [2224.83, 1179.5], [2286.5, 1086.5], [1862.03, 985.95], [1380.54, 955.93], [1366.5, 1040.02], [1376.52, 1125.03], [1435.55, 1187.33], [1590.58, 1205.2], [1672.86, 1194.5], [2344.55, 1187.47], [2391.37, 1157.1], [2437.61, 1124.89], [2470.62, 1079.35], [1916.47, 1005.54], [1972.32, 1020.88], [2029.19, 1031.74], [2086.54, 1039.48], [2144.23, 1043.75], [2202.13, 1044.36], [2260.0, 1042.01], [2317.71, 1037.38], [2374.9, 1028.9], [2431.78, 1021.26], [1971.83, 1084.17], [2059.83, 1108.83], [2130.83, 1121.83], [2205.5, 1126.83]]",
Non_Laying_Parents,Right,px013xnp060-v4_r,../marked_images/landmarked_non_laying_parents/marked_tiff/right/PX013xNP060-V4_R_MARK.tif,../marked_images/landmarked_non_laying_parents/txt/right/PX013xNP060-V4_R.txt,../raw_images/non_laying_parents/PX013xNP060-V4_R.tif,Non_Laying_Parents,42,42,autolabel_v1.4,3840,2160,"[[2515.86, 1029.41], [1548.97, 1200.46], [1444.5, 928.08], [1805.36, 1168.5], [1929.89, 1180.5], [2031.84, 1197.5], [2098.72, 1203.8], [2175.25, 1209.39], [2258.37, 1209.04], [2312.37, 1196.02], [1896.5, 1052.5], [1942.5, 1097.5], [2036.5, 1133.5], [2121.5, 1166.5], [2195.5, 1155.5], [2270.5, 1154.5], [2314.0, 1093.5], [1886.09, 993.65], [1413.74, 1002.83], [1402.12, 1048.05], [1410.86, 1127.94], [1468.91, 1182.81], [1633.85, 1186.56], [1719.9, 1180.32], [2363.93, 1175.54], [2414.99, 1153.76], [2456.5, 1118.0], [2496.62, 1080.32], [1942.54, 1006.32], [1998.5, 1021.13], [2055.6, 1030.98], [2113.07, 1038.29], [2170.79, 1042.71], [2228.7, 1044.34], [2286.63, 1043.58], [2344.41, 1039.48], [2401.48, 1030.34], [2458.3, 1022.74], [1989.5, 1092.5], [2086.5, 1119.5], [2164.5, 1132.5], [2238.5, 1139.5]]",
Non_Laying_Parents,Right,px013xnp086-1_r,../marked_images/landmarked_non_laying_parents/marked_tiff/right/PX013xNP086-1_R_MARK.tif,../marked_images/landmarked_non_laying_parents/txt/right/PX013xNP086-1_R.txt,../raw_images/non_laying_parents/PX013xNP086-1_R.tif,Non_Laying_Parents,42,42,autolabel_v1.4,3840,2160,"[[2501.03, 1019.86], [1513.12, 1207.67], [1416.27, 915.57], [1801.44, 1177.53], [1911.87, 1186.1], [2014.51, 1195.73], [2106.4, 1204.02], [2177.5, 1205.35], [2252.51, 1203.52], [2315.07, 1190.04], [1886.5, 1056.5], [1931.5, 1092.5], [2030.5, 1136.5], [2109.5, 1165.5], [2182.5, 1153.83], [2257.83, 1143.83], [2313.83, 1087.83], [1873.59, 988.59], [1390.74, 985.28], [1376.01, 1058.53], [1390.84, 1131.17], [1441.93, 1184.67], [1609.24, 1194.81], [1704.7, 1187.5], [2362.98, 1166.89], [2411.63, 1144.94], [2452.95, 1111.57], [2486.04, 1069.68], [1929.15, 1004.7], [1985.47, 1017.99], [2042.48, 1027.5], [2100.03, 1033.55], [2157.13, 1043.04], [2214.8, 1038.64], [2272.6, 1035.59], [2330.25, 1030.77], [2387.32, 1021.67], [2443.75, 1011.51], [1988.5, 1089.5], [2078.5, 1113.5], [2152.5, 1124.5], [2227.17, 1127.17]]",
Non_Laying_Parents,Right,px014xnp060-v4_r,../marked_images/landmarked_non_laying_parents/marked_tiff/right/PX014xNP060-V4_R_MARK.tif,../marked_images/landmarked_non_laying_parents/txt/right/PX014xNP060-V4_R.txt,../raw_images/non_laying_parents/PX014xNP060-V4_R.tif,Non_Laying_Parents,42,42,autolabel_v1.4,3840,2160,"[[2507.71, 1027.98], [1551.15, 1199.61], [1412.48, 925.46], [1792.56, 1168.59], [1907.69, 1173.54], [2015.43, 1189.42], [2091.15, 1201.33], [2165.65, 1203.13], [2242.29, 1205.51], [2310.86, 1193.54], [1878.17, 1048.83], [1939.5, 1094.17], [2034.17, 1131.5], [2112.0, 1161.0], [2193.0, 1152.5], [2259.0, 1151.5], [2312.5, 1094.5], [1865.66, 979.15], [1386.44, 1000.8], [1379.79, 1078.67], [1406.87, 1153.64], [1471.96, 1196.13], [1631.09, 1187.45], [1711.62, 1179.39], [2362.01, 1175.3], [2410.48, 1150.99], [2453.06, 1117.44], [2487.9, 1075.9], [1921.88, 997.32], [1979.1, 1012.04], [2037.09, 1023.3], [2095.7, 1030.99], [2154.6, 1036.15], [2213.68, 1038.13], [2272.79, 1038.54], [2331.83, 1036.27], [2390.56, 1030.07], [2448.88, 1022.16], [1992.83, 1090.17], [2080.83, 1112.83], [2153.0, 1128.5], [2232.5, 1125.5]]",
Non_Laying_Parents,Right,px014xnp068-v1-2_r,../marked_images/landmarked_non_laying_parents/marked_tiff/right/PX014xNP068-V1-2_R_MARK.tif,../marked_images/landmarked_non_laying_parents/txt/right/PX014xNP068-V1-2_R.txt,../raw_images/non_laying_parents/PX014xNP068-V1-2_R.tif,Non_Laying_Parents,42,42,autolabel_v1.4,3840,2160,"[[2505.2, 1053.12], [1561.31, 1229.43], [1426.5, 925.47], [1816.02, 1200.51], [1933.05, 1204.5], [2032.88, 1221.1], [2107.07, 1232.55], [2169.6, 1235.03], [2240.57, 1238.5], [2313.64, 1222.62], [1895.5, 1067.5], [1944.5, 1114.5], [2030.5, 1155.5], [2111.5, 1188.5], [2182.5, 1186.5], [2256.5, 1173.5], [2306.83, 1120.83], [1883.53, 1003.4], [1406.74, 1003.3], [1397.36, 1083.25], [1422.06, 1159.3], [1482.85, 1211.68], [1646.2, 1218.09], [1731.28, 1210.3], [2363.31, 1204.24], [2410.27, 1178.75], [2452.22, 1144.87], [2484.77, 1101.59], [1937.03, 1024.61], [1992.55, 1039.22], [2049.15, 1049.69], [2106.13, 1057.83], [2163.42, 1063.56], [2220.94, 1065.97], [2278.49, 1065.15], [2335.78, 1060.15], [2392.52, 1050.76], [2448.72, 1041.93], [1995.5, 1110.5], [2080.5, 1135.5], [2154.5, 1144.5], [2224.5, 1153.5]]",
Non_Laying_Parents,Right,px014xnp072-1_r,../marked_images/landmarked_non_laying_parents/marked_tiff/right/PX014xNP072-1_R_MARK.tif,../marked_images/landmarked_non_laying_parents/txt/right/PX014xNP072-1_R.txt,../raw_images/non_laying_parents/PX014xNP072-1_R.tif,Non_Laying_Parents,42,42,autolabel_v1.4,3840,2160,"[[2518.28, 1042.67], [1520.24, 1223.5], [1437.41, 896.51], [1816.02, 1191.5], [1905.73, 1192.52], [2007.67, 1206.38], [2080.63, 1215.39], [2152.05, 1218.69], [2234.11, 1221.5], [2302.7, 1210.28], [1889.5, 1057.5], [1946.5, 1098.5], [2031.5, 1146.5], [2108.5, 1170.5], [2177.5, 1184.5], [2255.5, 1160.5], [2309.5, 1103.5], [1878.03, 994.18], [1410.98, 973.55], [1390.28, 1052.73], [1397.93, 1134.31], [1442.56, 1203.02], [1618.69, 1211.95], [1717.85, 1205.17], [2358.06, 1193.83], [2411.31, 1171.09], [2457.82, 1136.68], [2497.24, 1094.38], [1934.34, 1011.47], [1991.57, 1025.53], [2049.46, 1036.53], [2107.94, 1043.95], [2166.7, 1048.83], [2225.62, 1050.24], [2284.57, 1049.94], [2343.44, 1047.39], [2402.01, 1041.24], [2460.07, 1033.32], [1990.5, 1099.5], [2073.5, 1118.5], [2154.5, 1134.5], [2223.5, 1142.5]]",
Non_Laying_Parents,Right,px014xnp072-2_r,../marked_images/landmarked_non_laying_parents/marked_tiff/right/PX014xNP072-2_R_MARK.tif,../marked_images/landmarked_non_laying_parents/txt/right/PX014xNP072-2_R.txt,../raw_images/non_laying_parents/PX014xNP072-2_R.tif,Non_Laying_Parents,42,42,autolabel_v1.4,3840,2160,"[[2498.78, 1038.54], [1523.46, 1216.5], [1415.29, 926.69], [1794.21, 1188.81], [1923.11, 1193.89], [2015.36, 1208.12], [2090.99, 1216.63], [2159.59, 1217.94], [2236.85, 1221.11], [2305.89, 1206.83], [1875.17, 1069.17], [1941.83, 1114.5], [2025.17, 1147.17], [2105.17, 1177.17], [2181.5, 1169.5], [2250.5, 1162.5], [2308.5, 1101.5], [1860.8, 990.44], [1393.08, 996.15], [1378.5, 1070.17], [1398.09, 1142.68], [1450.82, 1196.04], [1613.56, 1205.2], [1704.2, 1200.27], [2357.16, 1189.18], [2405.36, 1164.26], [2448.34, 1131.16], [2481.19, 1088.18], [1916.18, 1010.67], [1972.87, 1026.87], [2030.56, 1039.06], [2088.99, 1047.24], [2147.8, 1052.19], [2206.75, 1054.85], [2265.68, 1053.02], [2324.45, 1047.85], [2382.73, 1039.06], [2440.45, 1029.55], [1983.83, 1106.5], [2073.83, 1127.17], [2153.17, 1140.5], [2226.5, 1141.5]]",
Non_Laying_Parents,Right,px014xnp072-3a_r,../marked_images/landmarked_non_laying_parents/marked_tiff/right/PX014xNP072-3A_R_MARK.tif,../marked_images/landmarked_non_laying_parents/txt/right/PX014xNP072-3A_R.txt,../raw_images/non_laying_parents/PX014xNP072-3A_R.tif,Non_Laying_Parents,42,42,autolabel_v1.4,3840,2160,"[[2510.67, 1021.4], [1518.09, 1205.5], [1421.71, 898.3], [1803.88, 1170.5], [1928.23, 1174.53], [2037.93, 1191.34], [2102.95, 1194.17], [2176.59, 1201.39], [2261.53, 1201.31], [2322.78, 1187.57], [1875.5, 1044.17], [1943.5, 1088.83], [2035.5, 1119.5], [2114.17, 1156.83], [2197.5, 1144.83], [2272.17, 1142.17], [2293.5, 1094.17], [1862.1, 971.94], [1396.59, 973.79], [1373.5, 1051.63], [1383.04, 1131.62], [1439.29, 1188.4], [1612.61, 1187.23], [1708.3, 1181.5], [2372.47, 1169.01], [2420.09, 1145.76], [2460.25, 1111.14], [2493.57, 1069.9], [1918.31, 992.52], [1975.86, 1009.11], [2034.36, 1021.9], [2093.8, 1029.48], [2153.57, 1033.79], [2213.46, 1035.64], [2273.37, 1035.15], [2333.19, 1031.94], [2392.53, 1024.43], [2451.18, 1014.19], [2001.5, 1090.17], [2085.5, 1106.83], [2165.5, 1123.5], [2243.5, 1120.17]]",
Non_Laying_Parents,Right,px014xnp072-6_r,../marked_images/landmarked_non_laying_parents/marked_tiff/right/PX014xNP072-6_R_MARK.tif,../marked_images/landmarked_non_laying_parents/txt/right/PX014xNP072-6_R.txt,../raw_images/non_laying_parents/PX014xNP072-6_R.tif,Non_Laying_Parents,42,42,autolabel_v1.4,3840,2160,"[[2505.83, 1051.73], [1538.33, 1220.53], [1411.92, 900.32], [1793.08, 1191.54], [1912.37, 1197.5], [2006.5, 1212.0], [2085.76, 1221.77], [2161.78, 1223.69], [2240.19, 1228.19], [2304.95, 1219.36], [1875.83, 1058.17], [1939.83, 1104.83], [2025.83, 1148.83], [2108.5, 1171.5], [2190.5, 1162.5], [2257.5, 1162.5], [2273.0, 1119.5], [1864.46, 992.99], [1399.81, 978.2], [1380.5, 1062.22], [1399.93, 1144.56], [1454.2, 1206.62], [1622.74, 1205.5], [1708.42, 1204.42], [2357.7, 1202.25], [2407.57, 1178.15], [2451.39, 1144.18], [2486.57, 1101.54], [1920.16, 1013.07], [1977.21, 1028.68], [2035.32, 1040.1], [2093.9, 1048.94], [2152.65, 1056.56], [2211.82, 1059.0], [2271.05, 1058.9], [2330.23, 1056.66], [2389.06, 1050.66], [2447.31, 1042.52], [1981.17, 1103.5], [2075.83, 1126.17], [2157.5, 1144.5], [2228.5, 1148.5]]",
PBX,Bottom,pbx002v04_b,../marked_images/landmarked_pbx/marked_tiff/bottom/PBX002V04_B_MARK.tif,../marked_images/landmarked_pbx/txt/bottom/PBX002V04_B.txt,../raw_images/pbx/PBX002V04_B.tif,PBX,38,38,autolabel_v1.4,3840,2160,"[[2472.35, 1049.11], [2402.89, 1145.09], [2340.73, 1031.3], [2267.01, 1032.5], [2208.7, 1029.83], [2150.34, 1022.56], [2322.04, 1159.53], [2270.33, 1160.57], [2215.45, 1160.12], [2149.73, 1163.88], [1406.31, 1082.99], [1726.09, 961.18], [1759.92, 1219.89], [2333.09, 1104.29], [2366.82, 1090.92], [2404.67, 1081.94], [2441.57, 1069.64], [2350.33, 1114.09], [2369.24, 1122.96], [2388.58, 1131.04], [2374.52, 1033.5], [2408.41, 1034.5], [2442.12, 1037.37], [2342.71, 1156.37], [2363.43, 1153.6], [2384.23, 1151.52], [2092.11, 1011.57], [2030.79, 1006.77], [1969.52, 1001.51], [1908.39, 991.4], [1847.66, 985.5], [1786.13, 978.15], [2093.64, 1171.42], [2039.29, 1177.76], [1983.06, 1175.5], [1928.93, 1192.37], [1871.62, 1192.13], [1816.13, 1206.63]]",
PBX,Bottom,pbx002v05_b,../marked_images/landmarked_pbx/marked_tiff/bottom/PBX002V05_B_MARK.tif,../marked_images/landmarked_pbx/txt/bottom/PBX002V05_B.txt,../raw_images/pbx/PBX002V05_B.tif,PBX,38,38,autolabel_v1.4,3840,2160,"[[2486.31, 1046.01], [2412.92, 1144.58], [2318.82, 1032.5], [2263.1, 1033.34], [2205.0, 1026.97], [2144.91, 1018.96], [2311.92, 1154.55], [2266.56, 1158.74], [2205.98, 1160.23], [2143.82, 1163.33], [1417.97, 1085.46], [1741.36, 960.96], [1710.23, 1243.75], [2332.32, 1100.27], [2370.44, 1087.57], [2411.16, 1077.57], [2451.38, 1065.7], [2350.64, 1113.37], [2373.37, 1120.88], [2395.98, 1128.84], [2361.59, 1031.54], [2404.47, 1032.5], [2447.34, 1033.76], [2337.8, 1153.5], [2363.58, 1151.23], [2389.49, 1150.5], [2091.46, 1007.78], [2032.99, 1004.29], [1975.16, 997.5], [1917.49, 988.24], [1858.8, 981.46], [1799.34, 976.41], [2082.14, 1172.48], [2021.36, 1181.17], [1958.54, 1186.98], [1897.36, 1200.02], [1834.33, 1211.08], [1771.96, 1226.13]]",
PBX,Bottom,pbx002v07_b,../marked_images/landmarked_pbx/marked_tiff/bottom/PBX002V07_B_MARK.tif,../marked_images/landmarked_pbx/txt/bottom/PBX002V07_B.txt,../raw_images/pbx/PBX002V07_B.tif,PBX,38,38,autolabel_v1.4,3840,2160,"[[2502.61, 1035.63], [2440.59, 1110.46], [2352.17, 1022.51], [2284.46, 1023.41], [2226.24, 1015.92], [2162.24, 1011.53], [2336.01, 1126.51], [2290.4, 1130.5], [2228.3, 1135.96], [2171.8, 1143.77], [1384.69, 1128.37], [1766.73, 957.6], [1746.42, 1221.52], [2367.32, 1082.72], [2399.51, 1070.5], [2435.33, 1061.53], [2470.87, 1051.54], [2384.78, 1090.48], [2404.84, 1094.42], [2424.67, 1099.39], [2390.56, 1023.5], [2428.86, 1025.5], [2467.32, 1025.75], [2362.75, 1123.95], [2389.4, 1120.53], [2416.16, 1118.07], [2106.53, 1003.47], [2050.81, 995.12], [1993.75, 990.2], [1936.43, 984.23], [1880.2, 975.25], [1822.79, 971.44], [2111.6, 1152.54], [2050.92, 1162.75], [1989.14, 1164.86], [1928.25, 1177.5], [1867.2, 1187.82], [1806.25, 1202.56]]",
PBX,Bottom,pbx002v08_b,../marked_images/landmarked_pbx/marked_tiff/bottom/PBX002V08_B_MARK.tif,../marked_images/landmarked_pbx/txt/bottom/PBX002V08_B.txt,../raw_images/pbx/PBX002V08_B.tif,PBX,38,38,autolabel_v1.4,3840,2160,"[[2523.63, 1036.2], [2452.66, 1108.99], [2337.22, 1023.5], [2273.51, 1026.41], [2215.19, 1023.67], [2151.34, 1014.56], [2313.07, 1130.51], [2269.9, 1135.81], [2216.14, 1147.17], [2159.96, 1153.5], [1442.12, 1088.77], [1740.18, 914.53], [1783.69, 1212.6], [2372.34, 1092.94], [2408.22, 1077.57], [2448.23, 1066.75], [2487.84, 1054.55], [2391.23, 1098.5], [2412.7, 1098.5], [2433.98, 1100.67], [2384.51, 1023.5], [2431.71, 1026.5], [2479.18, 1026.5], [2348.95, 1129.36], [2384.34, 1123.51], [2419.79, 1118.5], [2092.22, 999.36], [2033.26, 991.77], [1972.38, 988.42], [1912.79, 974.54], [1851.94, 967.8], [1793.05, 947.27], [2106.46, 1165.44], [2053.83, 1171.9], [1999.76, 1171.32], [1946.16, 1181.48], [1893.09, 1189.14], [1837.84, 1197.89]]",
PBX,Bottom,pbx002v10_b,../marked_images/landmarked_pbx/marked_tiff/bottom/PBX002V10_B_MARK.tif,../marked_images/landmarked_pbx/txt/bottom/PBX002V10_B.txt,../raw_images/pbx/PBX002V10_B.tif,PBX,38,38,autolabel_v1.4,3840,2160,"[[2487.74, 1039.36], [2413.44, 1102.15], [2336.93, 1024.5], [2279.12, 1022.51], [2213.06, 1017.4], [2150.85, 1009.77], [2307.83, 1116.5], [2270.31, 1121.37], [2212.49, 1130.03], [2158.17, 1136.5], [1463.48, 1078.17], [1771.38, 946.96], [1779.33, 1202.72], [2363.35, 1083.03], [2392.82, 1071.36], [2426.42, 1063.98], [2459.88, 1055.89], [2375.29, 1088.74], [2389.6, 1090.38], [2403.72, 1093.31], [2375.3, 1025.73], [2413.52, 1028.5], [2451.85, 1030.09], [2334.53, 1113.58], [2361.22, 1110.44], [2388.01, 1108.48], [2097.13, 998.63], [2043.45, 991.42], [1988.46, 990.5], [1934.41, 979.31], [1879.82, 972.31], [1825.24, 961.58], [2104.56, 1143.65], [2053.29, 1154.11], [1997.59, 1153.5], [1946.46, 1171.76], [1890.62, 1175.36], [1834.48, 1186.44]]",
PBX,Bottom,pbx002v11_b,../marked_images/landmarked_pbx/marked_tiff/bottom/PBX002V11_B_MARK.tif,../marked_images/landmarked_pbx/txt/bottom/PBX002V11_B.txt,../raw_images/pbx/PBX002V11_B.tif,PBX,38,38,autolabel_v1.4,3840,2160,"[[2462.59, 1049.93], [2395.58, 1112.53], [2305.36, 1033.5], [2261.36, 1033.5], [2207.44, 1027.45], [2148.98, 1018.8], [2304.85, 1130.5], [2267.3, 1135.06], [2209.94, 1141.34], [2150.36, 1152.58], [1444.74, 1103.79], [1726.96, 964.81], [1741.69, 1235.45], [2338.31, 1090.43], [2368.31, 1078.54], [2401.35, 1070.78], [2434.62, 1064.23], [2350.7, 1097.81], [2366.92, 1100.42], [2383.02, 1103.62], [2345.15, 1035.56], [2384.79, 1039.08], [2424.55, 1041.5], [2327.93, 1126.64], [2350.98, 1122.5], [2374.06, 1118.52], [2090.87, 1010.14], [2030.16, 1005.89], [1969.0, 1004.42], [1908.5, 992.91], [1847.87, 990.51], [1786.88, 980.66], [2092.35, 1157.99], [2034.28, 1170.48], [1974.86, 1176.26], [1916.7, 1189.41], [1858.49, 1201.6], [1799.27, 1215.75]]",
PBX,Bottom,pbx002v14_b,../marked_images/landmarked_pbx/marked_tiff/bottom/PBX002V14_B_MARK.tif,../marked_images/landmarked_pbx/txt/bottom/PBX002V14_B.txt,../raw_images/pbx/PBX002V14_B.tif,PBX,38,38,autolabel_v1.4,3840,2160,"[[2457.62, 1054.7], [2388.65, 1123.06], [2274.07, 1035.17], [2208.7, 1025.17], [2142.68, 1018.37], [2077.75, 1013.84], [2268.25, 1141.07], [2209.88, 1141.9], [2147.74, 1148.0], [2077.54, 1156.3], [1447.71, 1089.72], [1733.21, 960.44], [1754.87, 1219.81], [2336.04, 1092.02], [2364.17, 1080.07], [2396.47, 1073.75], [2428.71, 1067.16], [2348.02, 1101.18], [2363.18, 1106.24], [2378.14, 1111.83], [2320.72, 1036.39], [2367.24, 1041.5], [2414.02, 1043.5], [2298.98, 1138.52], [2329.4, 1133.5], [2360.1, 1130.5], [2035.01, 1001.66], [1985.39, 990.29], [1935.01, 991.58], [1886.07, 977.5], [1835.06, 980.5], [1784.36, 969.97], [2034.59, 1171.41], [1987.19, 1175.5], [1941.49, 1183.78], [1894.61, 1191.48], [1848.21, 1198.29], [1800.94, 1206.21]]",
PBX,Bottom,pbx002v15_b,../marked_images/landmarked_pbx/marked_tiff/bottom/PBX002V15_B_MARK.tif,../marked_images/landmarked_pbx/txt/bottom/PBX002V15_B.txt,../raw_images/pbx/PBX002V15_B.tif,PBX,38,38,autolabel_v1.4,3840,2160,"[[2459.92, 1049.35], [2393.1, 1110.36], [2319.95, 1032.5], [2265.08, 1027.53], [2203.74, 1020.82], [2143.83, 1015.39], [2312.33, 1129.31], [2271.54, 1137.31], [2208.71, 1142.82], [2140.02, 1148.16], [1459.49, 1062.75], [1737.77, 948.61], [1733.97, 1211.51], [2354.03, 1091.84], [2378.64, 1079.48], [2407.08, 1071.8], [2435.39, 1063.7], [2362.0, 1098.82], [2373.25, 1100.95], [2384.39, 1103.66], [2355.56, 1036.48], [2391.25, 1039.5], [2427.22, 1039.57], [2333.18, 1124.44], [2354.36, 1121.46], [2375.52, 1118.5], [2088.04, 1002.5], [2029.95, 995.13], [1970.95, 989.15], [1912.67, 981.56], [1853.99, 974.64], [1795.27, 964.27], [2083.23, 1154.71], [2027.52, 1169.23], [1967.94, 1164.7], [1910.64, 1178.44], [1851.95, 1187.83], [1792.39, 1197.03]]",
PBX,Bottom,pbx002v16_b,../marked_images/landmarked_pbx/marked_tiff/bottom/PBX002V16_B_MARK.tif,../marked_images/landmarked_pbx/txt/bottom/PBX002V16_B.txt,../raw_images/pbx/PBX002V16_B.tif,PBX,38,38,autolabel_v1.4,3840,2160,"[[2521.27, 1053.82], [2444.65, 1110.91], [2349.33, 1037.5], [2280.22, 1037.71], [2222.28, 1027.97], [2154.81, 1020.04], [2344.58, 1127.74], [2278.74, 1138.83], [2224.96, 1149.85], [2154.86, 1154.91], [1392.45, 1080.58], [1738.23, 958.57], [1740.76, 1213.66], [2411.29, 1094.35], [2437.55, 1083.76], [2467.3, 1077.3], [2496.49, 1068.67], [2418.14, 1100.37], [2428.02, 1101.65], [2437.52, 1104.68], [2393.3, 1037.5], [2437.01, 1040.5], [2480.84, 1042.1], [2370.33, 1125.05], [2395.97, 1121.65], [2421.73, 1119.2], [2097.08, 1007.89], [2037.94, 1000.09], [1977.97, 999.13], [1917.98, 987.51], [1857.67, 982.03], [1797.12, 975.4], [2096.94, 1167.09], [2039.42, 1177.2], [1978.9, 1173.56], [1920.68, 1186.79], [1860.74, 1191.21], [1800.33, 1199.81]]",
PBX,Bottom,pbx002v17_b,../marked_images/landmarked_pbx/marked_tiff/bottom/PBX002V17_B_MARK.tif,../marked_images/landmarked_pbx/txt/bottom/PBX002V17_B.txt,../raw_images/pbx/PBX002V17_B.tif,PBX,38,38,autolabel_v1.4,3840,2160,"[[2465.63, 1039.85], [2403.64, 1108.91], [2275.12, 1026.89], [2209.23, 1020.02], [2152.39, 1013.22], [2073.3, 1011.16], [2270.4, 1130.5], [2214.53, 1136.31], [2151.04, 1142.92], [2074.94, 1155.2], [1437.48, 1096.07], [1697.7, 960.73], [1674.97, 1247.19], [2338.28, 1081.22], [2368.07, 1068.43], [2401.61, 1060.72], [2434.89, 1051.9], [2353.02, 1089.9], [2370.9, 1094.47], [2388.78, 1099.12], [2323.37, 1028.51], [2371.56, 1029.46], [2419.94, 1030.5], [2304.72, 1128.96], [2338.7, 1123.96], [2372.68, 1118.74], [2023.49, 997.52], [1968.53, 997.21], [1914.36, 989.74], [1859.8, 989.5], [1804.94, 984.87], [1751.33, 971.73], [2017.92, 1168.15], [1960.34, 1174.37], [1902.72, 1182.74], [1845.42, 1196.03], [1787.7, 1209.63], [1731.2, 1228.13]]",
PBX,Bottom,pbx002v18_b,../marked_images/landmarked_pbx/marked_tiff/bottom/PBX002V18_B_MARK.tif,../marked_images/landmarked_pbx/txt/bottom/PBX002V18_B.txt,../raw_images/pbx/PBX002V18_B.tif,PBX,38,38,autolabel_v1.4,3840,2160,"[[2485.08, 1048.99], [2414.6, 1103.39], [2305.29, 1037.06], [2251.8, 1034.17], [2194.08, 1023.47], [2142.42, 1017.83], [2302.07, 1121.64], [2255.58, 1129.86], [2203.73, 1141.69], [2146.27, 1147.63], [1449.16, 1108.59], [1811.34, 986.26], [1743.23, 1223.14], [2373.32, 1085.68], [2399.62, 1074.39], [2429.97, 1068.47], [2460.31, 1062.62], [2382.44, 1091.73], [2394.25, 1093.38], [2405.7, 1096.61], [2350.63, 1037.49], [2395.84, 1040.5], [2441.31, 1040.6], [2330.84, 1119.43], [2359.39, 1115.03], [2388.03, 1111.48], [2099.63, 1008.09], [2052.08, 1008.66], [2004.48, 998.51], [1956.36, 997.61], [1908.59, 987.06], [1859.93, 985.88], [2090.49, 1159.21], [2032.41, 1164.05], [1973.04, 1166.9], [1917.13, 1182.34], [1858.67, 1192.5], [1799.78, 1202.57]]",
PBX,Bottom,pbx002v19_b,../marked_images/landmarked_pbx/marked_tiff/bottom/PBX002V19_B_MARK.tif,../marked_images/landmarked_pbx/txt/bottom/PBX002V19_B.txt,../raw_images/pbx/PBX002V19_B.tif,PBX,38,38,autolabel_v1.4,3840,2160,"[[2520.87, 1036.82], [2455.65, 1109.95], [2337.76, 1028.5], [2280.08, 1027.84], [2220.46, 1021.31], [2164.04, 1015.05], [2345.79, 1128.88], [2282.75, 1134.58], [2227.25, 1142.28], [2169.06, 1148.84], [1450.26, 1099.7], [1778.83, 969.1], [1807.43, 1223.96], [2372.29, 1083.63], [2408.18, 1070.32], [2446.91, 1060.63], [2485.68, 1051.68], [2391.33, 1091.61], [2414.03, 1094.54], [2436.55, 1098.68], [2384.15, 1027.5], [2430.54, 1028.51], [2476.84, 1028.5], [2373.9, 1126.13], [2401.72, 1121.96], [2429.77, 1117.6], [2112.89, 1006.47], [2058.16, 1006.83], [2001.94, 998.71], [1946.92, 995.6], [1892.15, 993.55], [1835.06, 983.36], [2116.9, 1156.89], [2066.59, 1165.9], [2013.7, 1174.45], [1965.52, 1187.92], [1911.43, 1192.45], [1859.79, 1208.58]]",
PBX,Bottom,pbx002v21_b,../marked_images/landmarked_pbx/marked_tiff/bottom/PBX002V21_B_MARK.tif,../marked_images/landmarked_pbx/txt/bottom/PBX002V21_B.txt,../raw_images/pbx/PBX002V21_B.tif,PBX,38,38,autolabel_v1.4,3840,2160,"[[2507.81, 1022.32], [2431.47, 1093.08], [2354.08, 1014.5], [2280.67, 1020.57], [2216.33, 1018.28], [2151.47, 1012.97], [2329.02, 1114.64], [2278.22, 1122.19], [2221.4, 1136.62], [2157.86, 1147.9], [1446.49, 1090.95], [1773.66, 964.53], [1765.87, 1227.35], [2389.29, 1076.27], [2418.65, 1063.44], [2450.9, 1052.89], [2482.81, 1041.36], [2398.55, 1082.5], [2410.93, 1083.5], [2423.2, 1085.43], [2392.97, 1013.5], [2431.86, 1014.5], [2470.85, 1014.5], [2355.1, 1110.65], [2381.02, 1105.44], [2407.02, 1101.1], [2099.09, 1002.52], [2044.23, 1002.21], [1991.07, 992.88], [1936.73, 987.55], [1882.5, 983.66], [1827.54, 978.25], [2103.17, 1159.7], [2048.52, 1172.3], [1990.47, 1173.65], [1935.44, 1188.5], [1878.94, 1197.14], [1821.66, 1208.96]]",
PBX,Bottom,pbx002v22_b,../marked_images/landmarked_pbx/marked_tiff/bottom/PBX002V22_B_MARK.tif,../marked_images/landmarked_pbx/txt/bottom/PBX002V22_B.txt,../raw_images/pbx/PBX002V22_B.tif,PBX,38,38,autolabel_v1.4,3840,2160,"[[2456.79, 1044.55], [2393.66, 1100.98], [2262.42, 1030.5], [2200.3, 1026.71], [2136.55, 1022.14], [2073.35, 1020.93], [2262.96, 1127.13], [2209.87, 1138.23], [2148.8, 1144.94], [2072.56, 1154.49], [1453.67, 1097.18], [1755.77, 968.1], [1766.4, 1222.53], [2349.33, 1083.26], [2375.46, 1073.0], [2403.94, 1065.52], [2432.41, 1058.01], [2357.79, 1091.26], [2370.67, 1092.29], [2383.46, 1094.02], [2311.8, 1029.5], [2361.0, 1032.7], [2410.3, 1034.5], [2296.1, 1121.5], [2329.49, 1116.43], [2362.83, 1110.49], [2032.08, 1005.7], [1985.7, 1002.47], [1939.45, 998.5], [1894.25, 987.5], [1847.52, 987.51], [1801.44, 979.02], [2031.0, 1167.82], [1985.53, 1168.4], [1943.67, 1184.39], [1898.58, 1184.53], [1854.5, 1197.0], [1809.88, 1207.86]]",
PBX,Bottom,pbx002v24_b,../marked_images/landmarked_pbx/marked_tiff/bottom/PBX002V24_B_MARK.tif,../marked_images/landmarked_pbx/txt/bottom/PBX002V24_B.txt,../raw_images/pbx/PBX002V24_B.tif,PBX,38,38,autolabel_v1.4,3840,2160,"[[2535.72, 1025.11], [2466.52, 1102.02], [2346.92, 1014.49], [2283.21, 1017.5], [2225.28, 1014.17], [2161.16, 1006.73], [2339.82, 1124.52], [2281.82, 1134.28], [2229.86, 1143.15], [2162.36, 1150.7], [1446.17, 1096.7], [1765.26, 949.45], [1729.19, 1232.63], [2403.3, 1082.49], [2435.74, 1068.19], [2471.57, 1057.31], [2506.97, 1045.13], [2417.51, 1089.5], [2434.89, 1090.5], [2452.16, 1092.73], [2394.72, 1012.5], [2442.34, 1014.5], [2490.23, 1015.38], [2372.36, 1121.38], [2404.79, 1115.92], [2437.29, 1111.46], [2107.32, 995.43], [2050.51, 992.0], [1993.67, 983.17], [1936.12, 980.12], [1879.81, 969.91], [1821.88, 964.35], [2100.71, 1162.35], [2040.22, 1175.17], [1978.8, 1179.5], [1916.78, 1190.38], [1854.18, 1201.42], [1790.85, 1213.35]]",
PBX,Bottom,pbx002v25_b,../marked_images/landmarked_pbx/marked_tiff/bottom/PBX002V25_B_MARK.tif,../marked_images/landmarked_pbx/txt/bottom/PBX002V25_B.txt,../raw_images/pbx/PBX002V25_B.tif,PBX,38,38,autolabel_v1.4,3840,2160,"[[2509.69, 1047.2], [2441.65, 1110.97], [2334.86, 1032.5], [2269.33, 1031.52], [2213.32, 1021.92], [2144.85, 1012.47], [2321.74, 1131.5], [2278.13, 1133.5], [2218.01, 1142.18], [2163.75, 1148.95], [1453.11, 1084.86], [1775.24, 961.23], [1791.11, 1224.79], [2371.29, 1088.33], [2404.15, 1075.3], [2440.91, 1068.52], [2477.64, 1061.46], [2387.56, 1095.03], [2406.81, 1097.56], [2425.91, 1101.1], [2379.24, 1031.5], [2423.35, 1035.44], [2467.65, 1037.5], [2352.44, 1128.5], [2382.88, 1123.38], [2413.36, 1118.65], [2092.74, 1002.49], [2040.87, 997.27], [1987.36, 998.9], [1935.05, 985.27], [1882.0, 985.86], [1828.14, 976.21], [2111.21, 1159.12], [2059.5, 1169.5], [2004.69, 1172.79], [1951.71, 1184.51], [1897.94, 1193.51], [1843.61, 1205.63]]",
PBX,Bottom,pbx002v26_b,../marked_images/landmarked_pbx/marked_tiff/bottom/PBX002V26_B_MARK.tif,../marked_images/landmarked_pbx/txt/bottom/PBX002V26_B.txt,../raw_images/pbx/PBX002V26_B.tif,PBX,38,38,autolabel_v1.4,3840,2160,"[[2546.7, 1062.23], [2475.64, 1128.89], [2356.26, 1045.07], [2294.6, 1044.5], [2227.45, 1039.96], [2160.4, 1029.77], [2349.59, 1148.47], [2294.58, 1154.06], [2235.69, 1164.09], [2179.72, 1168.71], [1453.5, 1089.19], [1788.1, 959.74], [1767.68, 1241.91], [2409.28, 1107.22], [2442.33, 1094.46], [2478.97, 1086.9], [2515.41, 1078.37], [2424.5, 1113.62], [2442.8, 1115.5], [2460.86, 1118.7], [2404.53, 1044.47], [2452.52, 1049.5], [2500.73, 1052.4], [2381.79, 1145.5], [2413.77, 1140.6], [2445.95, 1137.31], [2107.98, 1015.12], [2056.2, 1009.35], [2002.46, 1005.92], [1949.3, 991.62], [1895.83, 983.67], [1841.25, 975.58], [2122.3, 1181.49], [2065.49, 1192.75], [2005.49, 1189.14], [1947.08, 1201.51], [1887.36, 1213.42], [1826.93, 1224.88]]",
PBX,Bottom,pbx002v31_b,../marked_images/landmarked_pbx/marked_tiff/bottom/PBX002V31_B_MARK.tif,../marked_images/landmarked_pbx/txt/bottom/PBX002V31_B.txt,../raw_images/pbx/PBX002V31_B.tif,PBX,38,38,autolabel_v1.4,3840,2160,"[[2521.92, 1058.83], [2442.62, 1123.23], [2342.56, 1039.5], [2277.82, 1037.16], [2222.4, 1027.71], [2158.85, 1018.93], [2328.05, 1140.85], [2275.36, 1143.43], [2219.86, 1154.91], [2166.3, 1163.35], [1447.16, 1102.4], [1762.79, 970.08], [1770.16, 1235.79], [2377.28, 1098.82], [2412.01, 1087.89], [2449.66, 1080.35], [2487.3, 1072.81], [2391.57, 1107.4], [2409.81, 1109.85], [2427.82, 1113.76], [2388.44, 1040.5], [2434.01, 1044.51], [2479.8, 1046.5], [2357.14, 1136.84], [2386.24, 1132.84], [2415.5, 1130.49], [2104.83, 1004.92], [2048.63, 1001.53], [1991.93, 1000.52], [1934.94, 990.37], [1877.72, 986.5], [1819.73, 982.56], [2109.54, 1172.23], [2055.15, 1184.66], [1997.06, 1183.48], [1940.84, 1195.74], [1884.65, 1207.97], [1827.01, 1220.18]]",
PBX,Bottom,pbx002v32_b,../marked_images/landmarked_pbx/marked_tiff/bottom/PBX002V32_B_MARK.tif,../marked_images/landmarked_pbx/txt/bottom/PBX002V32_B.txt,../raw_images/pbx/PBX002V32_B.tif,PBX,38,38,autolabel_v1.4,3840,2160,"[[2554.41, 1038.76], [2475.64, 1123.13], [2363.36, 1025.5], [2299.78, 1026.74], [2239.54, 1019.7], [2171.3, 1012.83], [2360.95, 1136.15], [2301.62, 1137.31], [2243.66, 1145.29], [2176.4, 1147.79], [1423.72, 1092.86], [1776.97, 963.17], [1752.35, 1234.13], [2395.33, 1092.78], [2433.4, 1077.79], [2475.7, 1067.94], [2517.97, 1058.13], [2414.77, 1101.05], [2436.75, 1105.56], [2458.72, 1110.07], [2411.56, 1028.5], [2459.94, 1027.5], [2508.33, 1028.51], [2389.95, 1133.3], [2419.23, 1131.5], [2448.6, 1130.37], [2118.64, 997.55], [2062.01, 997.5], [2005.23, 988.65], [1948.17, 985.86], [1893.03, 979.29], [1835.08, 973.92], [2117.12, 1163.29], [2056.01, 1167.51], [1994.9, 1170.5], [1936.39, 1186.91], [1877.43, 1199.51], [1814.03, 1213.62]]",
PBX,Bottom,pbx002v33_b,../marked_images/landmarked_pbx/marked_tiff/bottom/PBX002V33_B_MARK.tif,../marked_images/landmarked_pbx/txt/bottom/PBX002V33_B.txt,../raw_images/pbx/PBX002V33_B.tif,PBX,38,38,autolabel_v1.4,3840,2160,"[[2443.41, 1053.86], [2386.17, 1120.85], [2316.3, 1036.5], [2268.35, 1037.04], [2206.8, 1033.18], [2152.33, 1026.58], [2308.56, 1136.5], [2269.1, 1141.1], [2211.54, 1149.36], [2156.14, 1152.68], [1479.29, 1092.89], [1753.33, 977.68], [1713.22, 1236.78], [2343.33, 1098.16], [2368.79, 1089.16], [2396.42, 1082.27], [2422.99, 1072.24], [2351.93, 1105.66], [2364.58, 1108.52], [2376.81, 1112.81], [2349.13, 1038.13], [2381.89, 1040.5], [2414.69, 1042.49], [2328.77, 1133.73], [2349.04, 1131.42], [2369.25, 1128.66], [2097.58, 1015.5], [2040.0, 1014.52], [1982.84, 1010.48], [1925.1, 1003.2], [1868.26, 993.56], [1810.06, 990.44], [2093.38, 1160.7], [2031.22, 1173.07], [1967.59, 1179.8], [1904.31, 1190.26], [1840.03, 1202.47], [1776.14, 1216.77]]",
PBX,Bottom,pbx002v35_b,../marked_images/landmarked_pbx/marked_tiff/bottom/PBX002V35_B_MARK.tif,../marked_images/landmarked_pbx/txt/bottom/PBX002V35_B.txt,../raw_images/pbx/PBX002V35_B.tif,PBX,38,38,autolabel_v1.4,3840,2160,"[[2424.86, 1062.79], [2349.48, 1122.95], [2254.9, 1041.45], [2193.29, 1039.52], [2129.3, 1031.26], [2069.63, 1025.99], [2247.76, 1135.93], [2192.4, 1139.74], [2134.62, 1149.03], [2078.4, 1151.12], [1360.97, 1093.99], [1690.51, 966.66], [1588.39, 1259.31], [2307.33, 1102.23], [2335.97, 1091.86], [2367.25, 1085.47], [2398.09, 1077.14], [2315.48, 1109.73], [2327.72, 1112.05], [2339.62, 1115.56], [2298.11, 1044.5], [2341.4, 1046.5], [2384.52, 1050.39], [2274.01, 1133.42], [2300.31, 1131.5], [2326.63, 1129.96], [2019.67, 1010.83], [1964.41, 1009.88], [1910.34, 1001.18], [1855.17, 995.48], [1800.79, 984.52], [1744.95, 980.1], [2007.38, 1162.49], [1938.14, 1177.09], [1869.4, 1188.27], [1799.03, 1197.7], [1727.86, 1215.31], [1657.88, 1237.89]]",
PBX,Bottom,pbx002v36_b,../marked_images/landmarked_pbx/marked_tiff/bottom/PBX002V36_B_MARK.tif,../marked_images/landmarked_pbx/txt/bottom/PBX002V36_B.txt,../raw_images/pbx/PBX002V36_B.tif,PBX,38,38,autolabel_v1.4,3840,2160,"[[2511.92, 1059.52], [2439.56, 1140.31], [2338.87, 1039.5], [2282.87, 1039.5], [2222.46, 1039.41], [2164.05, 1029.72], [2327.51, 1154.5], [2285.69, 1154.74], [2221.73, 1159.96], [2168.82, 1164.67], [1464.22, 1098.48], [1787.97, 971.6], [1767.47, 1227.01], [2346.29, 1111.67], [2387.05, 1099.86], [2430.38, 1090.02], [2473.22, 1078.33], [2367.68, 1121.06], [2392.83, 1124.42], [2417.85, 1128.84], [2383.25, 1040.5], [2427.37, 1044.5], [2471.73, 1045.83], [2356.3, 1152.66], [2384.99, 1149.54], [2413.77, 1147.5], [2112.5, 1018.99], [2058.04, 1018.14], [2004.45, 1009.79], [1950.1, 1000.53], [1896.82, 992.49], [1842.02, 984.66], [2111.9, 1169.11], [2056.16, 1178.76], [1997.04, 1175.51], [1941.66, 1189.51], [1883.71, 1199.68], [1825.09, 1211.12]]",
PBX,Bottom,pbx004v05_b,../marked_images/landmarked_pbx/marked_tiff/bottom/PBX004V05_B_MARK.tif,../marked_images/landmarked_pbx/txt/bottom/PBX004V05_B.txt,../raw_images/pbx/PBX004V05_B.tif,PBX,38,38,autolabel_v1.4,3840,2160,"[[2505.92, 1045.21], [2425.61, 1127.31], [2340.32, 1026.5], [2270.62, 1023.5], [2205.12, 1022.17], [2140.76, 1016.34], [2320.82, 1142.5], [2263.21, 1142.55], [2204.34, 1149.08], [2140.92, 1154.57], [1490.46, 1091.96], [1833.91, 966.24], [1789.36, 1229.0], [2332.27, 1097.96], [2374.71, 1085.54], [2420.14, 1076.05], [2464.93, 1063.9], [2354.08, 1106.14], [2379.1, 1110.7], [2403.89, 1116.36], [2382.51, 1029.62], [2424.7, 1031.5], [2466.99, 1033.42], [2347.2, 1137.56], [2373.98, 1135.36], [2400.82, 1133.93], [2097.83, 1003.85], [2053.78, 1006.43], [2010.7, 993.07], [1966.6, 985.78], [1922.15, 981.53], [1877.44, 978.45], [2090.15, 1162.93], [2039.36, 1168.3], [1987.77, 1169.62], [1938.45, 1182.25], [1888.42, 1194.03], [1838.0, 1208.77]]",
PBX,Bottom,pbx005v04_b,../marked_images/landmarked_pbx/marked_tiff/bottom/PBX005V04_B_MARK.tif,../marked_images/landmarked_pbx/txt/bottom/PBX005V04_B.txt,../raw_images/pbx/PBX005V04_B.tif,PBX,38,38,autolabel_v1.4,3840,2160,"[[2531.53, 1041.8], [2456.63, 1123.23], [2358.87, 1026.5], [2289.32, 1027.5], [2226.74, 1026.33], [2166.56, 1016.96], [2324.33, 1140.53], [2280.96, 1146.54], [2227.58, 1155.12], [2170.29, 1161.59], [1441.49, 1084.68], [1830.37, 958.3], [1784.83, 1225.33], [2372.27, 1102.05], [2411.92, 1088.62], [2453.79, 1075.44], [2495.89, 1062.88], [2391.82, 1108.5], [2414.7, 1109.5], [2437.38, 1112.47], [2402.67, 1028.5], [2446.38, 1031.5], [2490.18, 1031.37], [2358.3, 1140.5], [2391.88, 1136.38], [2425.4, 1131.53], [2120.29, 1002.96], [2071.24, 1004.57], [2024.42, 989.78], [1975.46, 988.74], [1927.84, 973.93], [1878.25, 972.37], [2114.66, 1171.95], [2061.06, 1181.11], [2004.74, 1177.42], [1951.18, 1190.87], [1896.07, 1196.48], [1839.68, 1207.42]]",
PBX,Bottom,pbx005v07_b,../marked_images/landmarked_pbx/marked_tiff/bottom/PBX005V07_B_MARK.tif,../marked_images/landmarked_pbx/txt/bottom/PBX005V07_B.txt,../raw_images/pbx/PBX005V07_B.tif,PBX,38,38,autolabel_v1.4,3840,2160,"[[2558.92, 1041.85], [2479.92, 1122.82], [2364.04, 1025.5], [2282.59, 1026.5], [2230.32, 1018.21], [2168.57, 1012.26], [2349.54, 1140.5], [2288.36, 1144.07], [2228.33, 1152.14], [2163.02, 1153.8], [1450.45, 1079.18], [1793.53, 939.01], [1774.18, 1233.11], [2394.28, 1097.18], [2434.05, 1082.37], [2477.4, 1072.69], [2520.41, 1061.53], [2414.27, 1105.45], [2437.55, 1107.55], [2460.62, 1111.38], [2413.65, 1027.5], [2463.54, 1028.48], [2513.42, 1027.5], [2382.54, 1136.38], [2415.65, 1132.5], [2448.86, 1129.71], [2115.42, 1000.52], [2062.42, 993.24], [2008.09, 987.65], [1954.33, 978.4], [1900.52, 970.0], [1846.13, 957.87], [2106.34, 1161.22], [2051.31, 1172.94], [1993.69, 1172.72], [1940.72, 1186.59], [1884.89, 1198.9], [1828.73, 1212.89]]",
PBX,Bottom,pbx006v02b_b,../marked_images/landmarked_pbx/marked_tiff/bottom/PBX006V02b_B_MARK.tif,../marked_images/landmarked_pbx/txt/bottom/PBX006V02b_B.txt,../raw_images/pbx/PBX006V02b_B.tif,PBX,38,38,autolabel_v1.4,3840,2160,"[[2485.66, 1053.98], [2421.75, 1130.41], [2342.08, 1033.5], [2282.36, 1032.5], [2221.71, 1033.17], [2155.51, 1022.63], [2327.93, 1152.55], [2280.15, 1154.82], [2221.78, 1156.54], [2155.83, 1159.88], [1437.9, 1087.67], [1760.24, 971.66], [1705.98, 1245.5], [2347.34, 1100.08], [2381.43, 1088.76], [2417.9, 1080.34], [2454.19, 1071.07], [2363.64, 1109.39], [2383.89, 1114.78], [2404.26, 1119.69], [2378.72, 1037.05], [2415.37, 1040.5], [2452.11, 1043.13], [2352.62, 1149.62], [2376.64, 1143.24], [2401.22, 1139.47], [2100.78, 1012.85], [2043.62, 1012.03], [1987.09, 1006.11], [1930.63, 997.08], [1874.41, 992.49], [1816.39, 987.22], [2091.79, 1170.37], [2028.9, 1179.95], [1965.46, 1187.76], [1900.4, 1198.19], [1835.08, 1207.5], [1770.13, 1224.66]]",
PBX,Bottom,pbx006v04b_b,../marked_images/landmarked_pbx/marked_tiff/bottom/PBX006V04b_B_MARK.tif,../marked_images/landmarked_pbx/txt/bottom/PBX006V04b_B.txt,../raw_images/pbx/PBX006V04b_B.tif,PBX,38,38,autolabel_v1.4,3840,2160,"[[2464.48, 1063.91], [2408.92, 1127.61], [2328.34, 1044.5], [2269.1, 1038.5], [2210.14, 1033.32], [2154.41, 1021.86], [2319.79, 1136.5], [2270.1, 1139.17], [2213.75, 1145.6], [2155.73, 1149.57], [1447.43, 1097.94], [1756.83, 959.07], [1785.08, 1205.8], [2334.31, 1099.48], [2365.95, 1089.9], [2400.27, 1083.6], [2434.62, 1077.49], [2351.01, 1108.55], [2371.54, 1112.59], [2392.0, 1117.12], [2362.93, 1048.5], [2397.62, 1051.61], [2432.31, 1053.61], [2342.67, 1135.51], [2365.56, 1134.5], [2388.45, 1133.5], [2100.12, 1012.57], [2043.03, 1007.27], [1985.09, 1005.34], [1928.15, 991.91], [1870.72, 986.07], [1813.22, 975.24], [2102.73, 1156.48], [2049.82, 1162.66], [1995.96, 1163.53], [1944.11, 1176.74], [1891.89, 1182.77], [1838.11, 1192.1]]",
PBX,Bottom,pbx006v08_b,../marked_images/landmarked_pbx/marked_tiff/bottom/PBX006V08_B_MARK.tif,../marked_images/landmarked_pbx/txt/bottom/PBX006V08_B.txt,../raw_images/pbx/PBX006V08_B.tif,PBX,38,38,autolabel_v1.4,3840,2160,"[[2522.92, 1054.63], [2453.64, 1153.11], [2353.2, 1035.5], [2283.56, 1035.41], [2217.23, 1032.19], [2141.38, 1021.65], [2336.5, 1162.5], [2278.76, 1159.82], [2222.43, 1160.74], [2154.7, 1165.15], [1431.48, 1088.17], [1766.49, 953.25], [1788.99, 1220.61], [2324.29, 1106.72], [2373.01, 1094.89], [2424.49, 1085.26], [2475.65, 1073.94], [2354.48, 1121.23], [2389.19, 1128.17], [2423.55, 1136.75], [2396.48, 1037.5], [2439.58, 1041.5], [2482.85, 1043.84], [2366.06, 1159.5], [2396.05, 1159.5], [2426.03, 1159.5], [2088.42, 1005.24], [2037.43, 996.55], [1982.81, 1001.04], [1931.14, 978.72], [1876.03, 983.67], [1820.6, 971.03], [2103.09, 1175.62], [2051.1, 1176.41], [1999.29, 1179.2], [1948.08, 1193.38], [1896.54, 1193.56], [1843.26, 1208.42]]",
PBX,Bottom,pbx006v09_b,../marked_images/landmarked_pbx/marked_tiff/bottom/PBX006V09_B_MARK.tif,../marked_images/landmarked_pbx/txt/bottom/PBX006V09_B.txt,../raw_images/pbx/PBX006V09_B.tif,PBX,38,38,autolabel_v1.4,3840,2160,"[[2544.92, 1036.19], [2469.66, 1130.0], [2351.45, 1022.4], [2299.86, 1023.5], [2240.44, 1025.23], [2172.93, 1019.4], [2374.62, 1141.73], [2305.02, 1145.5], [2246.46, 1153.51], [2176.57, 1158.07], [1462.49, 1105.97], [1804.44, 952.25], [1832.42, 1215.27], [2364.3, 1101.54], [2408.55, 1084.32], [2455.81, 1071.65], [2502.6, 1057.3], [2388.33, 1111.73], [2416.51, 1114.8], [2444.62, 1118.59], [2400.64, 1022.5], [2449.96, 1023.5], [2499.23, 1023.72], [2398.89, 1139.5], [2423.19, 1137.52], [2447.57, 1136.5], [2121.77, 1001.5], [2069.15, 1001.54], [2016.74, 990.49], [1964.04, 984.67], [1912.81, 980.74], [1857.38, 971.63], [2127.25, 1165.17], [2078.74, 1169.55], [2029.07, 1178.32], [1981.85, 1187.48], [1932.69, 1190.46], [1882.33, 1200.8]]",
PBX,Bottom,pbx006v11_b,../marked_images/landmarked_pbx/marked_tiff/bottom/PBX006V11_B_MARK.tif,../marked_images/landmarked_pbx/txt/bottom/PBX006V11_B.txt,../raw_images/pbx/PBX006V11_B.tif,PBX,38,38,autolabel_v1.4,3840,2160,"[[2506.18, 1027.06], [2439.64, 1116.14], [2345.27, 1010.5], [2285.56, 1013.5], [2224.01, 1016.49], [2150.78, 1014.92], [2342.03, 1136.85], [2284.79, 1138.03], [2227.37, 1145.87], [2155.8, 1153.75], [1456.49, 1084.06], [1759.21, 945.58], [1750.45, 1231.68], [2357.33, 1092.74], [2394.05, 1078.38], [2434.24, 1066.42], [2472.94, 1050.31], [2376.95, 1099.3], [2399.23, 1101.5], [2421.33, 1104.98], [2386.32, 1011.19], [2427.68, 1012.5], [2469.06, 1013.53], [2366.52, 1130.99], [2391.37, 1126.38], [2416.58, 1123.5], [2095.01, 1001.5], [2039.47, 996.25], [1982.97, 995.49], [1927.44, 979.4], [1872.02, 976.89], [1814.93, 963.81], [2098.21, 1165.4], [2040.22, 1171.82], [1982.05, 1174.45], [1925.12, 1191.42], [1867.37, 1198.27], [1808.35, 1212.76]]",
PBX,Bottom,pbx006v13_b,../marked_images/landmarked_pbx/marked_tiff/bottom/PBX006V13_B_MARK.tif,../marked_images/landmarked_pbx/txt/bottom/PBX006V13_B.txt,../raw_images/pbx/PBX006V13_B.tif,PBX,38,38,autolabel_v1.4,3840,2160,"[[2503.92, 1038.57], [2430.53, 1118.82], [2335.9, 1022.5], [2276.19, 1019.5], [2222.96, 1019.14], [2158.46, 1010.93], [2333.26, 1134.52], [2280.58, 1141.3], [2226.27, 1148.32], [2161.33, 1153.74], [1462.37, 1097.74], [1804.88, 965.78], [1751.57, 1233.66], [2350.28, 1090.76], [2387.62, 1077.22], [2427.71, 1066.69], [2467.65, 1055.61], [2368.99, 1098.1], [2391.09, 1101.91], [2413.02, 1106.52], [2378.51, 1026.5], [2421.39, 1027.5], [2464.36, 1027.51], [2357.84, 1130.46], [2382.54, 1127.51], [2407.31, 1125.24], [2109.16, 1002.38], [2058.07, 1003.52], [2008.0, 992.65], [1956.88, 989.83], [1907.06, 978.16], [1855.79, 975.32], [2102.38, 1164.23], [2042.59, 1171.74], [1982.5, 1174.79], [1926.37, 1189.23], [1868.72, 1203.4], [1809.33, 1215.3]]",
PBX,Bottom,pbx006v20_b,../marked_images/landmarked_pbx/marked_tiff/bottom/PBX006V20_B_MARK.tif,../marked_images/landmarked_pbx/txt/bottom/PBX006V20_B.txt,../raw_images/pbx/PBX006V20_B.tif,PBX,38,38,autolabel_v1.4,3840,2160,"[[2505.39, 1039.7], [2433.6, 1125.63], [2324.44, 1026.5], [2270.44, 1026.5], [2214.12, 1019.19], [2154.41, 1010.92], [2325.0, 1137.86], [2273.68, 1142.5], [2217.55, 1150.77], [2152.42, 1157.29], [1468.97, 1089.69], [1787.96, 958.48], [1774.39, 1232.57], [2341.03, 1094.11], [2381.24, 1080.12], [2424.35, 1069.39], [2467.31, 1058.08], [2361.76, 1105.07], [2386.75, 1109.67], [2411.78, 1114.06], [2370.14, 1029.5], [2416.07, 1029.67], [2461.87, 1029.51], [2352.75, 1135.47], [2380.54, 1133.5], [2408.42, 1132.5], [2102.65, 1001.51], [2049.44, 1000.56], [1997.01, 992.68], [1944.26, 988.57], [1893.16, 979.15], [1840.23, 971.91], [2097.09, 1163.48], [2042.14, 1171.45], [1986.65, 1174.27], [1934.38, 1186.37], [1881.7, 1200.92], [1827.5, 1214.68]]",
PBX,Bottom,pbx006v21_b,../marked_images/landmarked_pbx/marked_tiff/bottom/PBX006V21_B_MARK.tif,../marked_images/landmarked_pbx/txt/bottom/PBX006V21_B.txt,../raw_images/pbx/PBX006V21_B.tif,PBX,38,38,autolabel_v1.4,3840,2160,"[[2468.14, 1029.17], [2406.54, 1124.76], [2320.07, 1017.34], [2262.26, 1019.3], [2203.37, 1021.42], [2146.92, 1014.44], [2318.73, 1134.5], [2263.52, 1135.26], [2209.92, 1140.57], [2150.88, 1145.33], [1445.36, 1077.77], [1715.09, 935.85], [1707.05, 1222.49], [2320.34, 1090.03], [2358.44, 1078.24], [2398.66, 1068.28], [2437.25, 1053.19], [2339.78, 1101.05], [2363.84, 1105.08], [2387.4, 1111.46], [2357.79, 1018.5], [2395.77, 1018.5], [2433.64, 1018.5], [2341.01, 1132.31], [2363.23, 1129.5], [2385.7, 1129.5], [2086.32, 1005.79], [2024.33, 997.62], [1961.09, 997.16], [1900.28, 978.42], [1837.15, 972.19], [1775.72, 955.46], [2087.5, 1152.5], [2024.8, 1161.19], [1960.5, 1161.34], [1898.1, 1177.82], [1834.91, 1187.72], [1770.62, 1203.3]]",
PBX,Bottom,pbx006v22_b,../marked_images/landmarked_pbx/marked_tiff/bottom/PBX006V22_B_MARK.tif,../marked_images/landmarked_pbx/txt/bottom/PBX006V22_B.txt,../raw_images/pbx/PBX006V22_B.tif,PBX,38,38,autolabel_v1.4,3840,2160,"[[2518.37, 1042.71], [2435.62, 1132.77], [2337.36, 1030.28], [2273.57, 1032.5], [2214.59, 1030.39], [2147.24, 1023.23], [2321.37, 1148.5], [2267.57, 1148.52], [2215.21, 1154.97], [2150.48, 1162.51], [1455.49, 1084.35], [1796.3, 963.2], [1783.22, 1229.75], [2345.33, 1102.15], [2388.74, 1088.73], [2434.48, 1078.28], [2479.54, 1065.23], [2365.69, 1111.82], [2390.25, 1115.93], [2414.69, 1120.84], [2383.02, 1030.54], [2428.71, 1031.57], [2474.59, 1032.5], [2350.66, 1146.53], [2379.58, 1142.36], [2408.79, 1139.52], [2098.13, 1009.84], [2047.91, 1005.78], [1997.4, 1000.61], [1947.32, 990.27], [1898.03, 984.5], [1846.58, 976.78], [2098.28, 1173.4], [2047.5, 1180.23], [1993.88, 1177.13], [1943.08, 1193.25], [1890.55, 1201.04], [1836.0, 1211.5]]",
PBX,Bottom,pbx008v01_b,../marked_images/landmarked_pbx/marked_tiff/bottom/PBX008V01_B_MARK.tif,../marked_images/landmarked_pbx/txt/bottom/PBX008V01_B.txt,../raw_images/pbx/PBX008V01_B.tif,PBX,38,38,autolabel_v1.4,3840,2160,"[[2517.88, 1040.49], [2444.79, 1117.43], [2388.57, 1029.5], [2330.87, 1032.49], [2269.32, 1031.92], [2215.44, 1021.93], [2381.28, 1128.8], [2331.96, 1135.64], [2275.15, 1143.15], [2215.79, 1153.03], [1397.31, 1080.37], [1761.57, 956.0], [1753.8, 1231.25], [2367.27, 1094.09], [2404.1, 1079.6], [2444.1, 1068.85], [2484.36, 1059.05], [2385.23, 1101.95], [2406.46, 1104.49], [2427.62, 1107.54], [2421.42, 1030.98], [2454.27, 1030.5], [2487.12, 1031.92], [2397.56, 1126.46], [2413.86, 1124.59], [2430.23, 1123.27], [2150.47, 1008.6], [2086.53, 1005.99], [2021.6, 994.5], [1956.71, 990.79], [1892.95, 981.73], [1826.51, 973.5], [2149.28, 1163.16], [2082.98, 1173.53], [2018.65, 1181.75], [1953.62, 1189.95], [1886.49, 1196.03], [1819.56, 1210.78]]",
PBX,Bottom,pbx009v05_b,../marked_images/landmarked_pbx/marked_tiff/bottom/PBX009V05_B_MARK.tif,../marked_images/landmarked_pbx/txt/bottom/PBX009V05_B.txt,../raw_images/pbx/PBX009V05_B.tif,PBX,38,38,autolabel_v1.4,3840,2160,"[[2500.07, 1028.94], [2432.75, 1098.59], [2327.83, 1017.46], [2275.93, 1018.5], [2215.18, 1017.28], [2149.07, 1009.1], [2330.18, 1117.81], [2271.84, 1129.82], [2216.07, 1140.7], [2150.63, 1147.73], [1445.48, 1082.58], [1765.48, 940.99], [1760.62, 1196.7], [2395.31, 1081.48], [2421.54, 1068.73], [2450.18, 1058.42], [2478.55, 1047.31], [2402.78, 1088.4], [2414.18, 1089.14], [2425.39, 1091.31], [2371.58, 1016.5], [2415.3, 1017.51], [2459.19, 1018.5], [2356.33, 1114.5], [2382.39, 1110.23], [2408.55, 1106.97], [2094.38, 999.78], [2039.67, 990.02], [1984.09, 986.9], [1929.15, 975.42], [1874.36, 966.48], [1819.35, 956.7], [2094.73, 1152.96], [2039.29, 1160.83], [1982.71, 1161.3], [1927.58, 1169.58], [1873.22, 1178.31], [1816.57, 1185.49]]",
PBX,Bottom,pbx009v07_b,../marked_images/landmarked_pbx/marked_tiff/bottom/PBX009V07_B_MARK.tif,../marked_images/landmarked_pbx/txt/bottom/PBX009V07_B.txt,../raw_images/pbx/PBX009V07_B.tif,PBX,38,38,autolabel_v1.4,3840,2160,"[[2510.57, 1045.46], [2442.62, 1134.25], [2341.75, 1030.43], [2279.94, 1030.5], [2219.31, 1026.97], [2159.37, 1014.6], [2329.74, 1148.93], [2277.9, 1150.5], [2222.72, 1152.12], [2159.23, 1160.96], [1438.31, 1099.8], [1769.92, 970.47], [1765.13, 1207.92], [2342.3, 1095.52], [2383.66, 1083.71], [2427.45, 1073.67], [2471.11, 1063.1], [2365.49, 1107.41], [2392.91, 1112.62], [2420.07, 1119.21], [2384.54, 1032.49], [2427.33, 1034.5], [2470.21, 1035.5], [2358.52, 1146.74], [2387.05, 1142.5], [2415.84, 1140.51], [2105.57, 1005.61], [2050.51, 1006.5], [1994.26, 1000.1], [1937.6, 994.7], [1881.63, 998.18], [1826.15, 985.36], [2100.17, 1170.5], [2042.02, 1178.27], [1982.21, 1180.83], [1925.37, 1197.37], [1867.87, 1209.93], [1809.1, 1225.8]]",
PBX,Bottom,pbx009v12_b,../marked_images/landmarked_pbx/marked_tiff/bottom/PBX009V12_B_MARK.tif,../marked_images/landmarked_pbx/txt/bottom/PBX009V12_B.txt,../raw_images/pbx/PBX009V12_B.tif,PBX,38,38,autolabel_v1.4,3840,2160,"[[2478.93, 1042.3], [2411.34, 1123.4], [2320.39, 1026.48], [2268.49, 1027.5], [2204.47, 1024.87], [2140.44, 1017.53], [2317.88, 1137.17], [2264.69, 1140.48], [2203.75, 1150.13], [2143.8, 1155.75], [1420.18, 1101.2], [1702.57, 955.0], [1720.81, 1217.88], [2343.29, 1096.26], [2376.19, 1083.06], [2412.02, 1072.17], [2447.53, 1060.29], [2359.41, 1103.76], [2378.4, 1107.98], [2397.26, 1112.69], [2361.05, 1026.5], [2401.93, 1027.5], [2442.72, 1029.49], [2341.6, 1134.42], [2365.31, 1131.5], [2389.1, 1129.5], [2079.84, 1006.91], [2017.2, 997.95], [1953.82, 995.5], [1891.01, 983.82], [1827.85, 979.65], [1764.73, 969.73], [2082.98, 1161.5], [2022.78, 1170.39], [1961.61, 1174.89], [1901.39, 1184.45], [1841.64, 1196.22], [1780.26, 1202.33]]",
PBX,Bottom,pbx009v14_b,../marked_images/landmarked_pbx/marked_tiff/bottom/PBX009V14_B_MARK.tif,../marked_images/landmarked_pbx/txt/bottom/PBX009V14_B.txt,../raw_images/pbx/PBX009V14_B.tif,PBX,38,38,autolabel_v1.4,3840,2160,"[[2497.92, 1028.56], [2426.82, 1125.33], [2339.93, 1016.16], [2276.15, 1018.5], [2212.41, 1020.5], [2146.26, 1018.51], [2325.44, 1137.5], [2274.04, 1138.21], [2214.29, 1145.51], [2152.48, 1153.41], [1443.46, 1087.09], [1766.74, 954.08], [1751.38, 1215.78], [2346.32, 1095.62], [2384.97, 1082.14], [2426.88, 1070.76], [2467.24, 1054.78], [2365.72, 1103.28], [2387.6, 1108.28], [2409.27, 1114.19], [2380.16, 1015.5], [2420.42, 1015.5], [2460.8, 1016.51], [2351.24, 1135.5], [2376.95, 1132.65], [2402.74, 1130.5], [2091.97, 1007.5], [2038.49, 1001.3], [1983.65, 999.49], [1929.38, 986.73], [1875.65, 978.8], [1820.35, 970.7], [2094.46, 1158.5], [2037.16, 1167.08], [1979.01, 1168.14], [1922.37, 1180.39], [1865.83, 1189.24], [1808.02, 1199.83]]",
PBX,Bottom,pbx009v17_b,../marked_images/landmarked_pbx/marked_tiff/bottom/PBX009V17_B_MARK.tif,../marked_images/landmarked_pbx/txt/bottom/PBX009V17_B.txt,../raw_images/pbx/PBX009V17_B.tif,PBX,38,38,autolabel_v1.4,3840,2160,"[[2499.16, 1048.08], [2433.55, 1133.73], [2333.85, 1032.5], [2272.32, 1034.91], [2214.13, 1026.1], [2151.77, 1017.89], [2331.47, 1140.5], [2277.86, 1140.63], [2219.22, 1145.94], [2156.97, 1147.88], [1428.42, 1081.34], [1760.92, 965.47], [1738.89, 1215.63], [2353.28, 1093.22], [2389.09, 1081.84], [2428.24, 1074.07], [2467.33, 1066.05], [2372.55, 1104.35], [2395.2, 1110.38], [2417.24, 1118.41], [2375.65, 1034.49], [2417.36, 1037.5], [2459.34, 1037.58], [2357.45, 1140.5], [2383.25, 1138.62], [2409.14, 1137.63], [2096.64, 1009.6], [2040.35, 1004.86], [1983.71, 1000.59], [1927.8, 991.82], [1872.78, 986.47], [1815.92, 981.29], [2096.97, 1154.18], [2037.38, 1161.56], [1976.56, 1163.5], [1916.58, 1175.49], [1857.62, 1186.97], [1797.74, 1199.4]]",
PBX,Bottom,pbx009v19_b,../marked_images/landmarked_pbx/marked_tiff/bottom/PBX009V19_B_MARK.tif,../marked_images/landmarked_pbx/txt/bottom/PBX009V19_B.txt,../raw_images/pbx/PBX009V19_B.tif,PBX,38,38,autolabel_v1.4,3840,2160,"[[2504.23, 1030.35], [2428.58, 1110.46], [2334.22, 1011.5], [2274.53, 1011.5], [2212.27, 1005.24], [2149.19, 1001.12], [2326.39, 1124.48], [2275.83, 1130.43], [2210.91, 1135.7], [2150.49, 1139.75], [1430.18, 1110.8], [1714.53, 928.01], [1721.36, 1214.59], [2354.29, 1085.37], [2390.8, 1072.67], [2430.16, 1061.45], [2469.37, 1049.7], [2371.28, 1093.5], [2391.34, 1097.35], [2411.42, 1100.99], [2378.01, 1013.49], [2421.87, 1014.83], [2465.69, 1016.51], [2352.64, 1121.98], [2378.87, 1119.5], [2405.16, 1117.5], [2089.99, 986.52], [2029.25, 980.37], [1965.71, 978.43], [1902.58, 966.58], [1839.43, 957.74], [1776.29, 946.26], [2088.96, 1143.52], [2027.9, 1155.89], [1965.34, 1159.02], [1904.18, 1172.1], [1843.05, 1183.33], [1781.82, 1197.94]]",
PBX,Bottom,pbx009v20_b,../marked_images/landmarked_pbx/marked_tiff/bottom/PBX009V20_B_MARK.tif,../marked_images/landmarked_pbx/txt/bottom/PBX009V20_B.txt,../raw_images/pbx/PBX009V20_B.tif,PBX,38,38,autolabel_v1.4,3840,2160,"[[2505.39, 1037.42], [2432.58, 1135.55], [2327.18, 1022.5], [2271.47, 1025.5], [2211.1, 1026.09], [2146.67, 1016.32], [2325.81, 1150.5], [2272.52, 1151.35], [2212.57, 1159.33], [2150.46, 1165.48], [1402.25, 1111.35], [1732.17, 961.43], [1686.14, 1248.66], [2357.3, 1102.43], [2393.32, 1086.06], [2432.73, 1073.4], [2471.63, 1059.18], [2374.98, 1112.12], [2395.63, 1117.7], [2416.32, 1123.26], [2372.88, 1021.33], [2418.64, 1023.03], [2464.45, 1024.71], [2353.1, 1148.42], [2380.25, 1144.84], [2407.51, 1142.5], [2089.69, 1007.49], [2030.01, 1004.88], [1970.48, 999.24], [1910.16, 991.92], [1850.81, 986.31], [1790.77, 978.56], [2082.81, 1169.5], [2017.81, 1179.14], [1951.81, 1184.93], [1884.56, 1194.75], [1818.08, 1206.66], [1752.32, 1228.24]]",
PBX,Bottom,pbx009v21_b,../marked_images/landmarked_pbx/marked_tiff/bottom/PBX009V21_B_MARK.tif,../marked_images/landmarked_pbx/txt/bottom/PBX009V21_B.txt,../raw_images/pbx/PBX009V21_B.tif,PBX,38,38,autolabel_v1.4,3840,2160,"[[2508.92, 1033.46], [2391.16, 1114.26], [2337.13, 1022.37], [2265.63, 1020.5], [2204.06, 1018.66], [2141.79, 1014.75], [2319.73, 1133.7], [2266.7, 1140.5], [2207.95, 1149.16], [2148.13, 1150.82], [1430.47, 1088.24], [1740.66, 948.14], [1751.71, 1230.59], [2345.27, 1091.93], [2385.54, 1078.4], [2428.22, 1066.08], [2470.79, 1053.57], [2355.28, 1099.56], [2368.96, 1102.35], [2382.72, 1104.6], [2380.69, 1023.5], [2424.48, 1023.5], [2468.35, 1022.5], [2339.11, 1132.42], [2358.42, 1130.46], [2377.55, 1126.96], [2084.63, 1002.22], [2028.37, 996.14], [1970.84, 997.76], [1914.35, 981.22], [1855.83, 979.32], [1798.1, 964.3], [2091.58, 1160.51], [2033.78, 1167.24], [1976.95, 1171.72], [1921.69, 1185.29], [1865.75, 1198.58], [1808.46, 1213.51]]",
PBX,Bottom,pbx009v24_b,../marked_images/landmarked_pbx/marked_tiff/bottom/PBX009V24_B_MARK.tif,../marked_images/landmarked_pbx/txt/bottom/PBX009V24_B.txt,../raw_images/pbx/PBX009V24_B.tif,PBX,38,38,autolabel_v1.4,3840,2160,"[[2516.42, 1035.59], [2453.92, 1132.89], [2341.29, 1029.5], [2278.0, 1032.31], [2221.88, 1024.19], [2152.13, 1017.11], [2333.6, 1149.5], [2286.17, 1148.54], [2225.45, 1154.53], [2171.04, 1159.19], [1428.47, 1114.58], [1730.22, 975.22], [1751.36, 1257.71], [2355.31, 1091.5], [2395.43, 1078.27], [2437.77, 1066.57], [2480.11, 1054.83], [2378.32, 1103.71], [2405.6, 1109.52], [2432.45, 1117.26], [2385.4, 1027.96], [2429.74, 1027.5], [2474.13, 1026.5], [2364.07, 1145.5], [2394.78, 1142.69], [2425.26, 1138.15], [2092.39, 1017.04], [2032.86, 1007.09], [1972.2, 1007.52], [1911.66, 999.5], [1850.59, 995.5], [1790.32, 986.7], [2109.6, 1165.95], [2049.13, 1176.06], [1987.81, 1181.92], [1927.94, 1198.67], [1868.76, 1215.25], [1810.05, 1236.48]]",
PBX,Bottom,pbx009v28_b,../marked_images/landmarked_pbx/marked_tiff/bottom/PBX009V28_B_MARK.tif,../marked_images/landmarked_pbx/txt/bottom/PBX009V28_B.txt,../raw_images/pbx/PBX009V28_B.tif,PBX,38,38,autolabel_v1.4,3840,2160,"[[2503.7, 1034.23], [2437.62, 1107.3], [2331.05, 1018.5], [2273.25, 1016.5], [2212.53, 1014.94], [2140.83, 1009.19], [2325.59, 1126.58], [2274.25, 1132.18], [2222.84, 1142.06], [2163.71, 1147.32], [1440.49, 1132.26], [1766.26, 964.9], [1782.09, 1235.58], [2355.27, 1085.05], [2391.36, 1071.52], [2430.52, 1061.41], [2469.77, 1051.68], [2374.22, 1092.73], [2396.43, 1095.45], [2418.7, 1097.64], [2374.75, 1020.3], [2418.53, 1022.5], [2462.41, 1023.73], [2354.1, 1122.3], [2382.72, 1118.57], [2411.42, 1115.51], [2086.88, 1002.5], [2033.2, 996.89], [1980.27, 997.62], [1926.43, 990.63], [1873.54, 986.33], [1819.64, 978.25], [2109.86, 1158.46], [2055.76, 1171.67], [1998.72, 1174.8], [1946.28, 1193.2], [1891.73, 1201.05], [1836.32, 1215.54]]",
PBX,Bottom,pbx009v30_b,../marked_images/landmarked_pbx/marked_tiff/bottom/PBX009V30_B_MARK.tif,../marked_images/landmarked_pbx/txt/bottom/PBX009V30_B.txt,../raw_images/pbx/PBX009V30_B.tif,PBX,38,38,autolabel_v1.4,3840,2160,"[[2509.04, 1028.84], [2433.43, 1116.2], [2340.46, 1011.5], [2282.66, 1013.5], [2215.86, 1015.42], [2152.22, 1010.48], [2318.4, 1132.5], [2276.69, 1133.6], [2217.2, 1142.53], [2150.57, 1150.02], [1456.92, 1093.22], [1765.94, 952.8], [1738.43, 1227.52], [2345.03, 1088.97], [2385.53, 1074.75], [2429.65, 1063.92], [2473.24, 1051.09], [2366.08, 1096.71], [2390.18, 1100.58], [2414.25, 1104.57], [2383.26, 1013.48], [2425.97, 1016.5], [2468.78, 1018.26], [2347.7, 1130.54], [2376.8, 1126.73], [2405.99, 1123.5], [2097.68, 996.19], [2043.37, 991.63], [1988.25, 991.35], [1932.54, 978.7], [1878.17, 972.17], [1821.5, 966.38], [2063.1, 1157.61], [1977.74, 1168.92], [1891.51, 1182.53], [1843.01, 1221.59], [1890.23, 1291.25], [1812.16, 1263.75]]",
PBX,Bottom,pbx009v32_b,../marked_images/landmarked_pbx/marked_tiff/bottom/PBX009V32_B_MARK.tif,../marked_images/landmarked_pbx/txt/bottom/PBX009V32_B.txt,../raw_images/pbx/PBX009V32_B.tif,PBX,38,38,autolabel_v1.4,3840,2160,"[[2510.58, 1043.51], [2442.51, 1117.98], [2337.3, 1032.5], [2269.97, 1033.46], [2208.17, 1024.49], [2162.33, 1015.59], [2330.24, 1136.81], [2270.62, 1140.72], [2217.54, 1144.51], [2174.98, 1150.69], [1410.19, 1106.93], [1739.78, 974.75], [1720.4, 1252.98], [2358.35, 1088.02], [2393.78, 1074.54], [2433.73, 1065.69], [2473.9, 1057.91], [2379.21, 1094.5], [2401.95, 1099.44], [2424.79, 1104.59], [2380.92, 1034.5], [2424.79, 1035.5], [2468.76, 1035.5], [2358.76, 1132.79], [2386.61, 1127.99], [2415.25, 1124.39], [2106.01, 1008.89], [2046.03, 1009.85], [1985.09, 1000.72], [1923.39, 998.43], [1864.14, 993.92], [1801.51, 988.01], [2109.83, 1162.21], [2046.13, 1175.99], [1978.7, 1174.18], [1915.68, 1195.11], [1851.66, 1210.46], [1784.9, 1227.8]]",
PBX,Bottom,pbx009v33_b,../marked_images/landmarked_pbx/marked_tiff/bottom/PBX009V33_B_MARK.tif,../marked_images/landmarked_pbx/txt/bottom/PBX009V33_B.txt,../raw_images/pbx/PBX009V33_B.tif,PBX,38,38,autolabel_v1.4,3840,2160,"[[2471.17, 1035.89], [2400.57, 1115.4], [2325.8, 1016.5], [2264.09, 1017.5], [2203.71, 1012.68], [2140.35, 1002.18], [2264.68, 1130.5], [2262.68, 1130.52], [2207.99, 1136.03], [2146.49, 1141.01], [1444.67, 1093.89], [1755.73, 956.53], [1803.72, 1199.92], [2335.3, 1082.54], [2368.41, 1071.43], [2404.44, 1063.29], [2439.97, 1053.17], [2349.8, 1092.32], [2367.75, 1098.41], [2385.63, 1104.74], [2362.95, 1020.11], [2400.21, 1022.5], [2437.51, 1024.39], [2299.38, 1127.65], [2334.06, 1126.34], [2368.66, 1122.5], [2086.6, 995.2], [2031.82, 992.16], [1976.67, 989.17], [1921.2, 981.14], [1866.47, 976.77], [1810.82, 969.67], [2097.76, 1149.42], [2047.59, 1150.47], [2000.02, 1159.5], [1952.41, 1169.69], [1902.65, 1177.93], [1854.31, 1188.46]]",
PBX,Bottom,pbx009v35_b,../marked_images/landmarked_pbx/marked_tiff/bottom/PBX009V35_B_MARK.tif,../marked_images/landmarked_pbx/txt/bottom/PBX009V35_B.txt,../raw_images/pbx/PBX009V35_B.tif,PBX,38,38,autolabel_v1.4,3840,2160,"[[2478.72, 1038.1], [2402.6, 1117.44], [2325.24, 1026.5], [2264.2, 1024.56], [2207.4, 1022.97], [2145.12, 1016.9], [2307.84, 1131.9], [2268.0, 1133.5], [2211.59, 1141.11], [2140.35, 1145.72], [1444.72, 1102.19], [1782.48, 983.24], [1758.18, 1230.16], [2338.27, 1086.02], [2373.32, 1075.39], [2411.5, 1068.0], [2449.12, 1058.12], [2353.58, 1094.27], [2371.89, 1099.15], [2390.06, 1104.54], [2364.55, 1027.68], [2402.85, 1025.51], [2441.69, 1027.25], [2332.1, 1129.5], [2356.33, 1126.83], [2380.57, 1124.21], [2095.24, 1008.38], [2043.05, 1010.9], [1990.83, 999.5], [1939.0, 999.32], [1887.23, 988.88], [1835.81, 989.35], [2084.98, 1155.37], [2031.53, 1165.98], [1974.54, 1164.05], [1922.45, 1181.5], [1867.56, 1193.48], [1812.58, 1210.63]]",
PBX,Bottom,pbx009v36_b,../marked_images/landmarked_pbx/marked_tiff/bottom/PBX009V36_B_MARK.tif,../marked_images/landmarked_pbx/txt/bottom/PBX009V36_B.txt,../raw_images/pbx/PBX009V36_B.tif,PBX,38,38,autolabel_v1.4,3840,2160,"[[2512.43, 1025.81], [2447.33, 1130.38], [2340.99, 1016.5], [2275.37, 1019.16], [2215.25, 1015.82], [2161.1, 1005.78], [2331.67, 1144.5], [2279.96, 1147.5], [2228.85, 1146.64], [2167.9, 1153.52], [1415.68, 1119.75], [1780.95, 959.81], [1772.84, 1243.36], [2349.29, 1082.35], [2388.81, 1067.42], [2431.74, 1055.94], [2474.77, 1044.88], [2373.0, 1095.86], [2400.17, 1104.22], [2427.24, 1112.98], [2384.33, 1017.98], [2427.66, 1018.5], [2471.05, 1017.5], [2360.85, 1141.49], [2389.98, 1137.7], [2419.35, 1136.5], [2108.21, 997.58], [2053.08, 997.92], [1998.26, 990.27], [1943.74, 985.26], [1890.24, 981.62], [1835.35, 973.59], [2109.93, 1159.5], [2054.38, 1171.53], [1996.36, 1176.49], [1940.76, 1189.76], [1883.89, 1202.28], [1827.5, 1220.48]]",
PBX,Bottom,pbx010v02_b,../marked_images/landmarked_pbx/marked_tiff/bottom/PBX010V02_B_MARK.tif,../marked_images/landmarked_pbx/txt/bottom/PBX010V02_B.txt,../raw_images/pbx/PBX010V02_B.tif,PBX,38,38,autolabel_v1.4,3840,2160,"[[2515.58, 1030.88], [2442.53, 1129.86], [2329.37, 1015.5], [2271.95, 1015.5], [2208.66, 1015.39], [2130.83, 1006.17], [2323.61, 1141.5], [2270.41, 1142.61], [2209.24, 1147.8], [2156.45, 1151.77], [1441.49, 1097.19], [1745.4, 945.29], [1730.17, 1235.44], [2338.31, 1091.54], [2381.98, 1077.33], [2429.2, 1066.82], [2475.85, 1053.86], [2363.72, 1101.45], [2392.16, 1106.43], [2420.0, 1114.11], [2376.74, 1016.5], [2424.13, 1017.5], [2471.35, 1017.5], [2353.02, 1138.47], [2383.25, 1135.84], [2413.6, 1134.5], [2075.6, 999.2], [2020.69, 992.04], [1964.62, 990.53], [1909.6, 978.47], [1854.19, 972.51], [1799.09, 962.16], [2095.04, 1158.42], [2033.44, 1167.0], [1971.01, 1170.11], [1909.95, 1183.68], [1849.23, 1197.41], [1789.61, 1215.94]]",
PBX,Bottom,pbx011v01_b,../marked_images/landmarked_pbx/marked_tiff/bottom/PBX011V01_B_MARK.tif,../marked_images/landmarked_pbx/txt/bottom/PBX011V01_B.txt,../raw_images/pbx/PBX011V01_B.tif,PBX,38,38,autolabel_v1.4,3840,2160,"[[2573.8, 1040.41], [2494.6, 1124.39], [2390.87, 1024.5], [2317.38, 1023.39], [2255.44, 1014.62], [2180.53, 1004.23], [2365.76, 1140.5], [2313.88, 1140.49], [2259.95, 1146.04], [2203.75, 1152.94], [1456.45, 1090.02], [1789.31, 964.7], [1804.34, 1232.82], [2402.32, 1086.62], [2442.81, 1072.18], [2487.38, 1063.61], [2532.0, 1055.38], [2424.56, 1096.76], [2449.84, 1102.57], [2474.93, 1109.15], [2437.74, 1023.5], [2484.44, 1026.5], [2531.3, 1027.75], [2398.63, 1139.44], [2431.34, 1136.5], [2463.67, 1130.61], [2125.25, 993.62], [2070.51, 988.53], [2013.97, 990.82], [1958.39, 981.42], [1903.28, 979.4], [1845.77, 975.79], [2146.14, 1160.52], [2089.51, 1173.0], [2030.68, 1176.49], [1974.36, 1188.49], [1917.72, 1197.82], [1859.99, 1211.51]]",
PBX,Bottom,pbx011v03_b,../marked_images/landmarked_pbx/marked_tiff/bottom/PBX011V03_B_MARK.tif,../marked_images/landmarked_pbx/txt/bottom/PBX011V03_B.txt,../raw_images/pbx/PBX011V03_B.tif,PBX,38,38,autolabel_v1.4,3840,2160,"[[2498.45, 1019.76], [2426.92, 1104.81], [2344.52, 1005.5], [2278.85, 1008.18], [2223.65, 1010.97], [2157.23, 1002.72], [2324.54, 1122.24], [2289.11, 1127.5], [2231.2, 1139.55], [2161.14, 1151.37], [1442.31, 1107.88], [1731.27, 949.93], [1732.32, 1225.06], [2349.3, 1082.59], [2386.22, 1067.82], [2425.71, 1055.27], [2464.51, 1040.67], [2366.88, 1089.56], [2388.08, 1092.43], [2409.26, 1095.39], [2384.41, 1004.58], [2424.21, 1004.5], [2464.1, 1005.67], [2350.75, 1119.35], [2376.74, 1114.61], [2403.03, 1112.48], [2096.68, 996.72], [2035.73, 987.27], [1974.39, 986.98], [1913.29, 975.75], [1852.8, 971.58], [1791.18, 965.49], [2099.45, 1156.2], [2039.14, 1171.64], [1977.49, 1173.49], [1915.93, 1186.32], [1854.38, 1195.58], [1792.6, 1207.64]]",
PBX,Bottom,pbx011v05_b,../marked_images/landmarked_pbx/marked_tiff/bottom/PBX011V05_B_MARK.tif,../marked_images/landmarked_pbx/txt/bottom/PBX011V05_B.txt,../raw_images/pbx/PBX011V05_B.tif,PBX,38,38,autolabel_v1.4,3840,2160,"[[2552.92, 1038.89], [2467.52, 1131.9], [2357.5, 1023.5], [2291.61, 1024.39], [2226.58, 1015.35], [2159.17, 1007.09], [2351.4, 1139.77], [2290.47, 1142.61], [2230.27, 1152.71], [2155.48, 1157.37], [1445.19, 1071.07], [1790.93, 939.48], [1785.16, 1226.45], [2360.32, 1095.72], [2406.98, 1082.34], [2457.25, 1071.56], [2507.14, 1059.11], [2386.52, 1105.38], [2415.57, 1109.81], [2444.3, 1116.21], [2407.2, 1024.5], [2456.97, 1025.5], [2506.83, 1026.63], [2380.69, 1137.5], [2410.16, 1137.5], [2439.55, 1136.5], [2107.45, 993.23], [2055.89, 987.32], [2002.28, 981.52], [1948.65, 973.72], [1896.67, 966.47], [1842.91, 956.47], [2101.9, 1169.47], [2048.79, 1174.98], [1995.66, 1176.77], [1944.8, 1190.8], [1892.07, 1199.26], [1838.24, 1211.57]]",
PBX,Bottom,pbx011v09_b,../marked_images/landmarked_pbx/marked_tiff/bottom/PBX011V09_B_MARK.tif,../marked_images/landmarked_pbx/txt/bottom/PBX011V09_B.txt,../raw_images/pbx/PBX011V09_B.tif,PBX,38,38,autolabel_v1.4,3840,2160,"[[2535.92, 1037.76], [2459.63, 1122.77], [2343.19, 1022.5], [2277.69, 1025.39], [2217.45, 1016.31], [2153.75, 1010.13], [2333.25, 1137.5], [2281.53, 1138.53], [2223.25, 1149.62], [2156.85, 1153.91], [1397.49, 1091.55], [1749.44, 957.49], [1747.71, 1224.27], [2372.3, 1090.54], [2412.59, 1078.23], [2455.37, 1068.31], [2497.72, 1056.67], [2392.54, 1099.99], [2416.54, 1104.59], [2440.38, 1109.99], [2392.43, 1021.0], [2441.58, 1023.46], [2490.95, 1024.5], [2365.28, 1133.5], [2397.54, 1131.2], [2429.83, 1129.14], [2097.04, 998.66], [2038.45, 997.01], [1980.41, 988.59], [1921.94, 986.95], [1865.96, 979.16], [1806.89, 973.48], [2097.85, 1162.92], [2039.99, 1174.66], [1980.73, 1177.31], [1922.81, 1186.84], [1864.86, 1195.9], [1804.99, 1204.88]]",
PBX,Bottom,pbx011v11_b,../marked_images/landmarked_pbx/marked_tiff/bottom/PBX011V11_B_MARK.tif,../marked_images/landmarked_pbx/txt/bottom/PBX011V11_B.txt,../raw_images/pbx/PBX011V11_B.tif,PBX,38,38,autolabel_v1.4,3840,2160,"[[2537.55, 1001.2], [2460.51, 1115.06], [2301.3, 995.43], [2236.08, 1001.61], [2161.23, 1005.5], [2083.17, 1001.87], [2300.32, 1142.04], [2236.28, 1150.71], [2160.16, 1156.45], [2082.93, 1158.48], [1421.19, 1073.85], [1764.97, 942.17], [1732.54, 1205.01], [2364.28, 1097.21], [2410.5, 1077.73], [2458.83, 1058.83], [2505.17, 1035.44], [2386.4, 1104.5], [2411.77, 1105.5], [2437.07, 1107.32], [2360.92, 991.5], [2420.63, 990.5], [2480.43, 988.5], [2340.81, 1133.6], [2381.68, 1128.61], [2422.78, 1124.52], [2039.25, 986.54], [1992.9, 987.5], [1947.49, 977.41], [1901.94, 967.42], [1855.54, 962.61], [1809.43, 956.31], [2034.22, 1171.27], [1983.55, 1167.41], [1933.25, 1176.1], [1883.53, 1179.97], [1832.58, 1184.5], [1782.69, 1194.74]]",
PBX,Bottom,pbx011v12_b,../marked_images/landmarked_pbx/marked_tiff/bottom/PBX011V12_B_MARK.tif,../marked_images/landmarked_pbx/txt/bottom/PBX011V12_B.txt,../raw_images/pbx/PBX011V12_B.tif,PBX,38,38,autolabel_v1.4,3840,2160,"[[2492.45, 1032.94], [2419.92, 1112.14], [2338.35, 1018.05], [2284.81, 1020.5], [2222.3, 1016.01], [2157.22, 1010.25], [2333.81, 1126.38], [2280.65, 1130.41], [2227.45, 1142.66], [2162.8, 1145.69], [1404.72, 1089.46], [1725.07, 954.16], [1721.24, 1211.79], [2360.28, 1087.83], [2393.43, 1076.52], [2429.16, 1067.12], [2463.55, 1053.68], [2373.56, 1095.23], [2390.12, 1098.88], [2406.61, 1102.82], [2378.26, 1017.5], [2418.1, 1018.5], [2457.98, 1019.5], [2356.0, 1123.31], [2378.21, 1120.5], [2400.59, 1119.5], [2098.11, 997.71], [2037.18, 990.89], [1974.83, 991.07], [1912.93, 977.11], [1849.98, 971.58], [1786.76, 968.61], [2099.84, 1157.3], [2038.45, 1166.11], [1975.03, 1163.67], [1913.47, 1179.59], [1849.47, 1188.99], [1784.44, 1195.77]]",
PBX,Bottom,pbx011v14_b,../marked_images/landmarked_pbx/marked_tiff/bottom/PBX011V14_B_MARK.tif,../marked_images/landmarked_pbx/txt/bottom/PBX011V14_B.txt,../raw_images/pbx/PBX011V14_B.tif,PBX,38,38,autolabel_v1.4,3840,2160,"[[2500.01, 1047.98], [2433.63, 1121.17], [2340.15, 1037.32], [2277.07, 1032.11], [2222.84, 1024.97], [2153.39, 1018.7], [2332.98, 1136.65], [2281.69, 1141.55], [2228.47, 1152.45], [2161.46, 1158.69], [1417.94, 1089.84], [1727.42, 975.4], [1712.07, 1242.22], [2374.33, 1091.2], [2404.94, 1078.5], [2438.48, 1070.75], [2471.84, 1062.23], [2386.84, 1101.08], [2403.68, 1105.73], [2420.25, 1111.22], [2380.46, 1037.5], [2420.76, 1039.5], [2461.07, 1039.42], [2358.66, 1133.56], [2384.36, 1130.48], [2410.09, 1127.84], [2094.14, 1010.65], [2034.43, 1004.65], [1973.36, 1006.1], [1911.85, 996.31], [1850.3, 991.55], [1788.22, 988.6], [2097.36, 1169.21], [2037.0, 1185.7], [1970.18, 1182.4], [1907.15, 1197.51], [1842.54, 1208.47], [1776.66, 1222.94]]",
PBX,Bottom,pbx011v16_b,../marked_images/landmarked_pbx/marked_tiff/bottom/PBX011V16_B_MARK.tif,../marked_images/landmarked_pbx/txt/bottom/PBX011V16_B.txt,../raw_images/pbx/PBX011V16_B.tif,PBX,38,38,autolabel_v1.4,3840,2160,"[[2507.92, 1057.08], [2440.52, 1125.92], [2337.85, 1036.5], [2270.05, 1034.36], [2214.63, 1023.31], [2158.66, 1018.12], [2327.05, 1139.5], [2269.77, 1139.55], [2214.49, 1148.69], [2149.1, 1152.55], [1429.2, 1081.05], [1522.44, 857.96], [1714.98, 1220.86], [2365.3, 1094.55], [2399.51, 1083.25], [2436.88, 1077.17], [2474.16, 1070.48], [2382.63, 1103.52], [2403.52, 1108.35], [2424.23, 1113.94], [2380.94, 1040.5], [2424.05, 1044.5], [2467.3, 1046.94], [2355.88, 1137.92], [2384.44, 1133.76], [2413.22, 1131.5], [2065.59, 1005.57], [1969.99, 996.62], [1874.52, 982.73], [1778.33, 969.36], [1687.86, 932.84], [1616.84, 872.59], [2086.12, 1160.5], [2025.86, 1172.53], [1965.33, 1184.02], [1902.66, 1192.03], [1839.96, 1200.5], [1775.92, 1206.5]]",
PBX,Bottom,pbx011v18_b,../marked_images/landmarked_pbx/marked_tiff/bottom/PBX011V18_B_MARK.tif,../marked_images/landmarked_pbx/txt/bottom/PBX011V18_B.txt,../raw_images/pbx/PBX011V18_B.tif,PBX,38,38,autolabel_v1.4,3840,2160,"[[2484.87, 1040.52], [2414.9, 1132.1], [2332.07, 1025.5], [2270.45, 1025.41], [2214.39, 1016.97], [2160.93, 1009.35], [2327.84, 1142.5], [2278.13, 1143.5], [2223.2, 1144.07], [2161.56, 1146.45], [1439.46, 1094.87], [1761.19, 960.47], [1757.07, 1231.8], [2337.3, 1084.61], [2373.62, 1073.41], [2412.88, 1066.52], [2451.84, 1057.87], [2355.55, 1097.05], [2376.11, 1108.15], [2397.42, 1117.95], [2370.78, 1028.26], [2409.74, 1028.5], [2448.54, 1030.49], [2350.06, 1139.68], [2372.44, 1138.5], [2394.84, 1137.5], [2106.9, 997.08], [2049.32, 996.63], [1991.88, 990.81], [1934.33, 984.91], [1876.71, 979.4], [1818.61, 974.25], [2103.65, 1158.45], [2046.42, 1167.59], [1986.53, 1171.51], [1929.27, 1184.74], [1872.96, 1198.85], [1814.05, 1212.12]]",
PBX,Bottom,pbx012v02_b,../marked_images/landmarked_pbx/marked_tiff/bottom/PBX012V02_B_MARK.tif,../marked_images/landmarked_pbx/txt/bottom/PBX012V02_B.txt,../raw_images/pbx/PBX012V02_B.tif,PBX,38,38,autolabel_v1.4,3840,2160,"[[2525.79, 1037.31], [2450.92, 1125.5], [2346.8, 1024.5], [2281.91, 1022.41], [2224.08, 1015.1], [2159.29, 1007.84], [2342.59, 1141.73], [2289.26, 1146.5], [2226.48, 1151.38], [2168.68, 1159.62], [1422.42, 1111.04], [1723.02, 953.86], [1753.39, 1245.71], [2369.28, 1086.79], [2407.83, 1074.66], [2449.21, 1065.28], [2490.43, 1055.27], [2387.09, 1100.14], [2409.66, 1106.54], [2432.15, 1113.23], [2392.09, 1024.5], [2437.39, 1026.31], [2482.64, 1027.5], [2370.27, 1138.53], [2397.87, 1134.55], [2425.65, 1132.5], [2097.37, 999.53], [2035.1, 990.35], [1972.07, 989.84], [1909.58, 981.77], [1848.33, 966.75], [1785.73, 963.11], [2108.77, 1168.5], [2049.04, 1179.5], [1988.31, 1184.64], [1928.75, 1196.72], [1870.2, 1209.59], [1811.08, 1225.48]]",
PBX,Bottom,pbx012v05_b,../marked_images/landmarked_pbx/marked_tiff/bottom/PBX012V05_B_MARK.tif,../marked_images/landmarked_pbx/txt/bottom/PBX012V05_B.txt,../raw_images/pbx/PBX012V05_B.tif,PBX,38,38,autolabel_v1.4,3840,2160,"[[2533.74, 1041.36], [2461.64, 1141.12], [2363.21, 1024.5], [2291.3, 1025.5], [2229.5, 1027.49], [2160.95, 1020.75], [2348.95, 1155.87], [2295.21, 1158.5], [2232.35, 1162.41], [2164.47, 1170.82], [1395.97, 1098.23], [1773.1, 962.85], [1762.38, 1238.12], [2370.35, 1106.0], [2410.63, 1092.2], [2454.64, 1080.93], [2497.09, 1064.8], [2392.25, 1116.43], [2417.27, 1120.95], [2442.08, 1126.53], [2406.59, 1025.63], [2449.79, 1028.5], [2493.09, 1030.53], [2377.59, 1152.35], [2406.3, 1149.43], [2435.06, 1147.09], [2107.25, 1008.55], [2050.39, 1010.96], [1994.5, 998.0], [1939.04, 997.31], [1886.5, 988.61], [1829.15, 979.48], [2107.3, 1178.46], [2049.59, 1187.23], [1991.1, 1188.86], [1933.83, 1199.09], [1878.06, 1209.68], [1819.22, 1219.8]]",
PBX,Bottom,pbx012v11_b,../marked_images/landmarked_pbx/marked_tiff/bottom/PBX012V11_B_MARK.tif,../marked_images/landmarked_pbx/txt/bottom/PBX012V11_B.txt,../raw_images/pbx/PBX012V11_B.tif,PBX,38,38,autolabel_v1.4,3840,2160,"[[2480.53, 1051.15], [2417.92, 1133.23], [2323.33, 1036.43], [2257.53, 1038.24], [2199.29, 1030.26], [2143.02, 1025.03], [2322.13, 1150.54], [2268.42, 1153.5], [2211.31, 1155.88], [2144.53, 1165.84], [1436.56, 1144.22], [1818.96, 1008.46], [1817.39, 1247.06], [2326.28, 1097.84], [2363.37, 1084.79], [2403.73, 1075.44], [2444.23, 1066.75], [2347.6, 1108.28], [2372.33, 1114.29], [2396.93, 1120.86], [2363.01, 1038.5], [2402.79, 1040.5], [2442.58, 1042.5], [2346.88, 1148.13], [2371.42, 1143.77], [2396.1, 1140.52], [2100.0, 1017.5], [2052.86, 1019.55], [2006.22, 1012.31], [1959.54, 1016.6], [1912.28, 1009.4], [1866.73, 1008.54], [2097.15, 1174.47], [2049.29, 1183.1], [2002.01, 1194.47], [1956.06, 1207.27], [1910.77, 1222.23], [1863.58, 1230.64]]",
PBX,Bottom,pbx012v14_b,../marked_images/landmarked_pbx/marked_tiff/bottom/PBX012V14_B_MARK.tif,../marked_images/landmarked_pbx/txt/bottom/PBX012V14_B.txt,../raw_images/pbx/PBX012V14_B.tif,PBX,38,38,autolabel_v1.4,3840,2160,"[[2520.1, 1043.63], [2449.49, 1137.03], [2327.64, 1027.28], [2263.82, 1027.5], [2204.58, 1022.99], [2137.75, 1014.51], [2321.97, 1149.65], [2265.91, 1153.89], [2205.37, 1157.82], [2151.71, 1159.5], [1407.08, 1085.05], [1735.82, 958.44], [1692.81, 1252.93], [2363.34, 1098.13], [2402.34, 1085.44], [2443.8, 1076.42], [2484.58, 1064.64], [2383.07, 1109.39], [2407.18, 1115.88], [2431.25, 1122.44], [2376.91, 1027.52], [2426.06, 1029.5], [2475.25, 1030.45], [2354.25, 1147.5], [2386.61, 1146.19], [2418.64, 1141.54], [2080.21, 1005.56], [2023.13, 1000.18], [1965.33, 999.36], [1907.82, 986.28], [1850.32, 981.72], [1792.46, 974.48], [2085.49, 1171.5], [2019.82, 1179.88], [1952.82, 1182.67], [1886.51, 1194.79], [1820.83, 1209.72], [1756.42, 1230.28]]",
PBX,Bottom,pbx012v15_b,../marked_images/landmarked_pbx/marked_tiff/bottom/PBX012V15_B_MARK.tif,../marked_images/landmarked_pbx/txt/bottom/PBX012V15_B.txt,../raw_images/pbx/PBX012V15_B.tif,PBX,38,38,autolabel_v1.4,3840,2160,"[[2488.35, 1038.4], [2413.46, 1127.77], [2338.83, 1028.74], [2273.04, 1030.5], [2215.88, 1031.37], [2151.27, 1022.68], [2320.21, 1143.5], [2272.46, 1144.85], [2218.22, 1152.6], [2157.61, 1160.58], [1439.41, 1096.56], [1805.54, 980.02], [1820.95, 1206.37], [2333.29, 1102.32], [2372.59, 1088.23], [2415.0, 1076.82], [2456.47, 1062.35], [2351.94, 1110.13], [2373.49, 1114.25], [2395.13, 1117.67], [2376.63, 1028.42], [2414.62, 1028.5], [2452.52, 1029.5], [2344.47, 1141.24], [2368.61, 1137.77], [2392.87, 1135.5], [2102.07, 1014.15], [2051.6, 1014.69], [2003.08, 999.69], [1953.23, 1000.92], [1905.48, 985.42], [1856.06, 986.14], [2108.97, 1166.55], [2059.97, 1169.64], [2012.21, 1180.43], [1965.36, 1184.31], [1917.19, 1193.65], [1870.42, 1201.27]]",
PBX,Bottom,pbx012v18_b,../marked_images/landmarked_pbx/marked_tiff/bottom/PBX012V18_B_MARK.tif,../marked_images/landmarked_pbx/txt/bottom/PBX012V18_B.txt,../raw_images/pbx/PBX012V18_B.tif,PBX,38,38,autolabel_v1.4,3840,2160,"[[2512.58, 1040.82], [2438.4, 1121.77], [2336.08, 1027.5], [2270.49, 1028.5], [2210.59, 1029.26], [2135.38, 1025.42], [2336.06, 1141.45], [2275.71, 1151.29], [2215.7, 1162.58], [2163.54, 1168.5], [1423.39, 1095.41], [1756.04, 955.87], [1684.11, 1254.47], [2383.3, 1104.62], [2416.57, 1091.0], [2452.11, 1079.24], [2486.34, 1064.08], [2394.92, 1111.5], [2410.3, 1112.5], [2425.66, 1113.8], [2380.8, 1026.74], [2425.59, 1028.5], [2470.48, 1029.5], [2362.48, 1136.64], [2389.12, 1133.44], [2415.81, 1130.6], [2080.33, 1017.61], [2026.43, 1012.64], [1972.08, 1008.07], [1917.55, 996.65], [1863.81, 984.34], [1808.89, 974.47], [2093.78, 1176.46], [2025.67, 1183.62], [1956.41, 1189.14], [1888.47, 1201.21], [1819.57, 1211.54], [1750.6, 1228.73]]",
PBX,Bottom,pbx012v19_b,../marked_images/landmarked_pbx/marked_tiff/bottom/PBX012V19_B_MARK.tif,../marked_images/landmarked_pbx/txt/bottom/PBX012V19_B.txt,../raw_images/pbx/PBX012V19_B.tif,PBX,38,38,autolabel_v1.4,3840,2160,"[[2480.31, 1046.91], [2413.37, 1131.67], [2332.3, 1024.5], [2268.46, 1025.5], [2200.08, 1024.19], [2135.53, 1014.25], [2326.02, 1149.5], [2272.22, 1151.5], [2211.63, 1153.09], [2153.19, 1160.82], [1410.27, 1110.79], [1735.44, 975.96], [1738.35, 1239.39], [2335.32, 1095.63], [2370.14, 1083.49], [2408.59, 1074.72], [2446.72, 1064.69], [2353.96, 1106.15], [2375.46, 1112.66], [2397.11, 1118.64], [2370.61, 1026.24], [2408.79, 1029.5], [2446.92, 1033.3], [2348.81, 1147.33], [2371.01, 1141.54], [2393.9, 1140.48], [2078.55, 1008.5], [2021.65, 1003.81], [1964.38, 1003.97], [1907.1, 995.72], [1849.77, 990.64], [1792.09, 988.47], [2094.5, 1168.01], [2035.41, 1175.9], [1974.27, 1178.5], [1916.24, 1194.17], [1856.49, 1205.35], [1796.83, 1220.18]]",
PBX,Bottom,pbx012v20_b,../marked_images/landmarked_pbx/marked_tiff/bottom/PBX012V20_B_MARK.tif,../marked_images/landmarked_pbx/txt/bottom/PBX012V20_B.txt,../raw_images/pbx/PBX012V20_B.tif,PBX,38,38,autolabel_v1.4,3840,2160,"[[2509.14, 1037.11], [2434.51, 1126.95], [2348.33, 1023.48], [2264.68, 1025.39], [2209.95, 1023.96], [2151.71, 1015.84], [2329.08, 1139.13], [2269.55, 1139.62], [2215.55, 1148.37], [2156.16, 1151.69], [1424.7, 1100.47], [1812.84, 975.36], [1775.3, 1218.84], [2343.3, 1095.54], [2384.61, 1081.96], [2428.77, 1071.36], [2472.34, 1058.52], [2364.6, 1104.79], [2389.49, 1110.0], [2414.6, 1113.79], [2389.04, 1024.43], [2429.87, 1024.5], [2470.67, 1026.39], [2355.69, 1136.76], [2382.46, 1134.5], [2409.26, 1132.5], [2105.65, 1004.7], [2056.38, 1007.89], [2008.28, 992.37], [1960.21, 995.67], [1912.79, 979.86], [1863.16, 980.6], [2102.11, 1164.66], [2049.05, 1173.72], [1993.34, 1175.73], [1940.08, 1189.5], [1884.95, 1196.78], [1829.98, 1209.51]]",
PBX,Bottom,pbx012v21_b,../marked_images/landmarked_pbx/marked_tiff/bottom/PBX012V21_B_MARK.tif,../marked_images/landmarked_pbx/txt/bottom/PBX012V21_B.txt,../raw_images/pbx/PBX012V21_B.tif,PBX,38,38,autolabel_v1.4,3840,2160,"[[2517.31, 1046.59], [2440.58, 1129.47], [2350.88, 1028.5], [2289.11, 1030.98], [2222.56, 1031.47], [2157.08, 1023.07], [2336.33, 1143.79], [2278.92, 1144.53], [2223.24, 1151.83], [2163.69, 1156.28], [1417.49, 1101.72], [1751.88, 958.1], [1781.58, 1212.32], [2365.07, 1099.82], [2402.87, 1088.14], [2443.25, 1078.81], [2482.84, 1066.55], [2381.95, 1108.68], [2402.93, 1113.1], [2423.89, 1117.66], [2393.76, 1027.5], [2436.55, 1029.5], [2479.12, 1032.49], [2363.0, 1140.52], [2389.7, 1137.57], [2416.48, 1135.5], [2100.22, 1011.5], [2041.75, 1005.41], [1984.24, 1002.02], [1925.43, 991.74], [1868.66, 983.47], [1809.29, 975.71], [2109.73, 1168.53], [2055.89, 1175.72], [1999.75, 1180.47], [1946.75, 1189.48], [1892.83, 1193.94], [1837.55, 1204.36]]",
PBX,Bottom,pbx012v23_b,../marked_images/landmarked_pbx/marked_tiff/bottom/PBX012V23_B_MARK.tif,../marked_images/landmarked_pbx/txt/bottom/PBX012V23_B.txt,../raw_images/pbx/PBX012V23_B.tif,PBX,38,38,autolabel_v1.4,3840,2160,"[[2531.53, 1048.12], [2452.31, 1130.42], [2339.54, 1030.5], [2275.73, 1032.5], [2216.15, 1024.54], [2155.91, 1015.74], [2328.72, 1144.5], [2277.1, 1146.67], [2211.15, 1156.12], [2150.9, 1159.84], [1410.11, 1089.8], [1726.06, 956.41], [1726.01, 1230.82], [2370.31, 1099.39], [2410.13, 1086.65], [2452.46, 1077.02], [2494.8, 1067.42], [2389.5, 1108.24], [2412.49, 1112.74], [2435.43, 1117.5], [2388.42, 1029.5], [2437.13, 1032.46], [2485.83, 1035.52], [2359.91, 1141.32], [2391.03, 1137.57], [2422.22, 1134.51], [2095.18, 1001.37], [2034.53, 996.86], [1972.76, 996.48], [1911.52, 981.85], [1850.28, 981.2], [1787.39, 973.28], [2090.04, 1170.69], [2029.5, 1178.37], [1969.37, 1183.53], [1908.29, 1194.31], [1848.16, 1203.62], [1786.29, 1213.42]]",
PBX,Bottom,pbx012v25_b,../marked_images/landmarked_pbx/marked_tiff/bottom/PBX012V25_B_MARK.tif,../marked_images/landmarked_pbx/txt/bottom/PBX012V25_B.txt,../raw_images/pbx/PBX012V25_B.tif,PBX,38,38,autolabel_v1.4,3840,2160,"[[2498.14, 1031.12], [2421.55, 1113.71], [2318.44, 1018.24], [2256.72, 1019.5], [2204.11, 1012.95], [2147.61, 1007.3], [2312.31, 1128.53], [2259.4, 1134.65], [2203.72, 1144.09], [2151.04, 1150.86], [1454.74, 1090.93], [1798.29, 957.93], [1805.56, 1209.3], [2344.33, 1086.84], [2381.65, 1072.7], [2422.71, 1061.95], [2463.61, 1050.63], [2362.3, 1095.97], [2383.4, 1099.76], [2404.53, 1103.24], [2363.91, 1018.52], [2409.21, 1020.5], [2454.6, 1021.51], [2339.97, 1125.36], [2367.67, 1122.5], [2395.37, 1119.53], [2099.8, 995.38], [2049.66, 996.82], [2000.18, 982.93], [1949.66, 983.45], [1900.1, 969.34], [1849.28, 968.19], [2101.67, 1159.42], [2051.33, 1159.56], [2002.44, 1172.47], [1954.13, 1180.58], [1904.22, 1187.42], [1854.9, 1195.65]]",
PBX,Bottom,pbx013v02_b,../marked_images/landmarked_pbx/marked_tiff/bottom/PBX013V02_B_MARK.tif,../marked_images/landmarked_pbx/txt/bottom/PBX013V02_B.txt,../raw_images/pbx/PBX013V02_B.tif,PBX,38,38,autolabel_v1.4,3840,2160,"[[2520.49, 1021.95], [2452.54, 1116.74], [2347.21, 1010.5], [2285.5, 1011.41], [2227.16, 1003.44], [2159.01, 1004.97], [2339.32, 1131.5], [2283.91, 1135.9], [2226.36, 1146.79], [2158.77, 1157.38], [1429.48, 1076.48], [1822.43, 961.96], [1720.78, 1233.37], [2260.51, 1079.83], [2320.6, 1066.61], [2389.17, 1057.29], [2457.05, 1043.11], [2305.28, 1091.5], [2355.67, 1097.5], [2406.22, 1101.94], [2390.92, 1013.34], [2434.8, 1014.5], [2478.69, 1013.51], [2367.91, 1128.15], [2396.54, 1124.5], [2425.34, 1122.5], [2112.55, 998.53], [2063.8, 996.5], [2016.12, 985.84], [1967.43, 985.94], [1919.72, 974.46], [1870.95, 969.88], [2095.34, 1164.5], [2032.19, 1174.26], [1969.01, 1177.55], [1906.69, 1186.93], [1844.24, 1197.83], [1782.13, 1213.84]]",
PBX,Bottom,pbx013v03_b,../marked_images/landmarked_pbx/marked_tiff/bottom/PBX013V03_B_MARK.tif,../marked_images/landmarked_pbx/txt/bottom/PBX013V03_B.txt,../raw_images/pbx/PBX013V03_B.tif,PBX,38,38,autolabel_v1.4,3840,2160,"[[2506.24, 1062.32], [2437.31, 1142.45], [2353.17, 1034.37], [2288.58, 1026.41], [2231.02, 1016.35], [2156.25, 1005.61], [2343.21, 1153.5], [2293.39, 1151.73], [2234.5, 1150.73], [2164.28, 1158.95], [1355.05, 1075.56], [1608.35, 968.93], [1639.65, 1264.0], [2358.31, 1093.47], [2394.12, 1085.41], [2432.62, 1080.4], [2471.09, 1075.09], [2376.3, 1107.37], [2397.77, 1117.77], [2419.63, 1127.56], [2392.85, 1037.52], [2432.34, 1042.5], [2471.82, 1047.82], [2367.57, 1152.22], [2391.89, 1150.5], [2416.37, 1150.5], [2075.8, 1000.39], [1995.89, 992.14], [1916.15, 989.5], [1837.25, 984.93], [1756.24, 977.57], [1677.4, 956.31], [2088.82, 1171.65], [2013.49, 1183.5], [1938.43, 1194.22], [1863.01, 1202.58], [1787.64, 1219.53], [1713.69, 1242.61]]",
PBX,Bottom,pbx013v06_b,../marked_images/landmarked_pbx/marked_tiff/bottom/PBX013V06_B_MARK.tif,../marked_images/landmarked_pbx/txt/bottom/PBX013V06_B.txt,../raw_images/pbx/PBX013V06_B.tif,PBX,38,38,autolabel_v1.4,3840,2160,"[[2517.92, 1031.08], [2437.52, 1124.91], [2363.99, 1014.5], [2290.19, 1014.47], [2219.12, 1014.41], [2152.89, 1005.74], [2357.3, 1131.79], [2294.11, 1137.49], [2219.77, 1144.58], [2146.27, 1152.03], [1459.49, 1088.48], [1790.47, 933.49], [1807.35, 1215.59], [2335.31, 1092.61], [2379.97, 1078.51], [2427.94, 1066.64], [2475.23, 1052.43], [2359.93, 1101.34], [2387.4, 1106.23], [2414.63, 1112.3], [2403.08, 1018.32], [2442.44, 1018.5], [2481.8, 1019.83], [2377.66, 1130.36], [2398.06, 1129.5], [2418.54, 1129.5], [2101.4, 993.51], [2048.84, 987.45], [1996.48, 983.22], [1944.79, 972.07], [1892.7, 963.65], [1840.84, 951.67], [2096.71, 1157.07], [2047.83, 1165.54], [1998.05, 1165.58], [1950.72, 1175.69], [1902.75, 1185.88], [1854.22, 1197.75]]",
PBX,Bottom,pbx013v09_b,../marked_images/landmarked_pbx/marked_tiff/bottom/PBX013V09_B_MARK.tif,../marked_images/landmarked_pbx/txt/bottom/PBX013V09_B.txt,../raw_images/pbx/PBX013V09_B.tif,PBX,38,38,autolabel_v1.4,3840,2160,"[[2508.27, 1027.35], [2427.54, 1100.83], [2354.22, 1018.5], [2294.54, 1020.5], [2227.94, 1014.45], [2161.47, 1005.29], [2336.82, 1118.18], [2295.82, 1125.91], [2228.23, 1133.19], [2167.34, 1146.39], [1440.97, 1106.13], [1742.65, 971.78], [1814.35, 1224.73], [2359.03, 1077.38], [2395.58, 1063.98], [2435.51, 1054.99], [2475.38, 1045.78], [2374.53, 1085.46], [2393.81, 1087.47], [2413.0, 1090.13], [2393.11, 1019.5], [2432.01, 1018.5], [2470.91, 1019.29], [2359.94, 1114.52], [2383.1, 1111.09], [2406.24, 1107.64], [2101.82, 997.5], [2042.72, 992.83], [1982.58, 994.36], [1923.27, 979.4], [1863.91, 974.52], [1803.18, 967.59], [2116.66, 1156.54], [2066.1, 1161.37], [2014.03, 1168.51], [1966.43, 1183.37], [1914.42, 1191.2], [1864.96, 1208.39]]",
PBX,Bottom,pbx013v11_b,../marked_images/landmarked_pbx/marked_tiff/bottom/PBX013V11_B_MARK.tif,../marked_images/landmarked_pbx/txt/bottom/PBX013V11_B.txt,../raw_images/pbx/PBX013V11_B.tif,PBX,38,38,autolabel_v1.4,3840,2160,"[[2434.89, 1038.88], [2375.63, 1132.69], [2306.55, 1027.72], [2258.75, 1027.45], [2196.11, 1023.95], [2125.41, 1015.71], [2305.92, 1141.85], [2264.22, 1144.11], [2202.13, 1145.27], [2140.26, 1152.2], [1447.48, 1100.9], [1784.26, 977.67], [1768.52, 1236.02], [2297.27, 1090.07], [2331.29, 1079.3], [2368.03, 1069.84], [2404.2, 1058.43], [2315.74, 1101.62], [2336.95, 1110.26], [2358.2, 1118.97], [2339.44, 1028.5], [2372.38, 1028.03], [2405.19, 1028.93], [2323.03, 1138.69], [2341.4, 1137.5], [2359.78, 1138.5], [2076.43, 1008.65], [2027.54, 1007.52], [1979.22, 1004.39], [1930.95, 998.11], [1882.15, 989.93], [1833.21, 984.27], [2086.13, 1159.85], [2032.71, 1169.44], [1978.83, 1172.9], [1926.35, 1188.28], [1872.28, 1199.06], [1820.13, 1216.6]]",
PBX,Bottom,pbx013v13_b,../marked_images/landmarked_pbx/marked_tiff/bottom/PBX013V13_B_MARK.tif,../marked_images/landmarked_pbx/txt/bottom/PBX013V13_B.txt,../raw_images/pbx/PBX013V13_B.tif,PBX,38,38,autolabel_v1.4,3840,2160,"[[2457.57, 1064.36], [2394.31, 1138.14], [2321.52, 1045.5], [2262.65, 1038.22], [2208.61, 1027.89], [2139.57, 1015.6], [2326.22, 1151.8], [2272.97, 1158.5], [2211.93, 1157.65], [2146.06, 1163.2], [1398.04, 1101.69], [1690.98, 978.84], [1771.08, 1229.48], [2341.31, 1096.54], [2368.36, 1087.42], [2399.24, 1081.66], [2430.17, 1076.3], [2353.08, 1108.87], [2368.51, 1116.98], [2383.7, 1125.61], [2356.13, 1049.57], [2390.82, 1052.5], [2425.62, 1054.38], [2343.7, 1147.71], [2361.5, 1145.5], [2379.39, 1144.5], [2075.65, 1013.24], [2011.68, 1005.44], [1947.55, 1004.75], [1883.26, 996.34], [1819.02, 991.66], [1754.76, 989.03], [2092.28, 1171.45], [2039.44, 1178.02], [1985.7, 1181.5], [1932.48, 1194.91], [1878.47, 1205.79], [1824.98, 1217.88]]",
PBX,Bottom,pbx013v14_b,../marked_images/landmarked_pbx/marked_tiff/bottom/PBX013V14_B_MARK.tif,../marked_images/landmarked_pbx/txt/bottom/PBX013V14_B.txt,../raw_images/pbx/PBX013V14_B.tif,PBX,38,38,autolabel_v1.4,3840,2160,"[[2501.92, 1030.64], [2421.54, 1112.21], [2350.01, 1018.36], [2292.21, 1018.53], [2222.29, 1014.18], [2154.35, 1005.19], [2341.34, 1122.61], [2284.16, 1127.87], [2224.52, 1135.38], [2163.08, 1144.63], [1391.5, 1084.25], [1743.53, 948.51], [1741.44, 1223.36], [2338.32, 1083.33], [2378.46, 1071.01], [2421.12, 1060.58], [2463.5, 1049.0], [2356.9, 1092.54], [2379.43, 1096.73], [2401.9, 1101.35], [2388.78, 1019.08], [2427.69, 1018.5], [2466.52, 1019.37], [2362.13, 1120.52], [2383.01, 1119.5], [2403.98, 1119.42], [2096.77, 992.93], [2038.6, 987.05], [1979.91, 988.81], [1921.36, 973.98], [1861.42, 969.99], [1801.69, 965.03], [2102.76, 1157.5], [2043.58, 1166.01], [1981.79, 1166.53], [1922.9, 1182.09], [1861.92, 1189.91], [1801.12, 1204.15]]",
PBX,Bottom,pbx013v15_b,../marked_images/landmarked_pbx/marked_tiff/bottom/PBX013V15_B_MARK.tif,../marked_images/landmarked_pbx/txt/bottom/PBX013V15_B.txt,../raw_images/pbx/PBX013V15_B.tif,PBX,38,38,autolabel_v1.4,3840,2160,"[[2485.26, 1050.23], [2409.12, 1108.5], [2368.37, 1039.39], [2284.85, 1036.51], [2219.08, 1032.06], [2150.65, 1024.02], [2332.72, 1124.54], [2285.77, 1133.89], [2218.96, 1146.2], [2157.47, 1156.45], [1413.71, 1129.67], [1733.25, 968.91], [1742.14, 1234.82], [2370.33, 1090.75], [2396.64, 1077.95], [2427.22, 1070.64], [2457.77, 1063.19], [2379.04, 1096.48], [2390.38, 1097.98], [2401.35, 1101.29], [2398.85, 1039.5], [2429.24, 1038.5], [2459.63, 1039.5], [2352.29, 1120.61], [2372.01, 1117.85], [2391.79, 1115.69], [2091.01, 1014.13], [2032.24, 1006.97], [1972.85, 1009.65], [1913.24, 994.17], [1853.94, 989.48], [1793.14, 982.53], [2099.68, 1172.5], [2039.98, 1178.76], [1979.64, 1182.03], [1920.7, 1195.75], [1861.74, 1206.35], [1801.95, 1220.53]]",
PBX,Bottom,pbx013v17_b,../marked_images/landmarked_pbx/marked_tiff/bottom/PBX013V17_B_MARK.tif,../marked_images/landmarked_pbx/txt/bottom/PBX013V17_B.txt,../raw_images/pbx/PBX013V17_B.tif,PBX,38,38,autolabel_v1.4,3840,2160,"[[2527.92, 1041.32], [2450.92, 1126.5], [2344.34, 1028.5], [2286.73, 1032.5], [2224.64, 1027.16], [2157.0, 1019.65], [2344.64, 1139.52], [2281.54, 1144.69], [2226.13, 1152.52], [2155.87, 1160.31], [1411.97, 1087.17], [1730.39, 956.3], [1736.81, 1230.92], [2370.29, 1097.33], [2408.23, 1082.82], [2449.81, 1072.24], [2491.08, 1060.35], [2389.49, 1104.77], [2411.48, 1109.25], [2433.38, 1114.23], [2391.04, 1027.5], [2437.83, 1029.5], [2484.62, 1029.51], [2371.85, 1136.53], [2399.14, 1134.5], [2426.52, 1133.5], [2096.28, 1007.5], [2035.38, 999.68], [1974.05, 999.68], [1913.23, 985.91], [1852.59, 982.43], [1791.21, 970.9], [2095.14, 1169.5], [2036.84, 1182.28], [1974.96, 1181.56], [1916.5, 1195.34], [1858.42, 1204.2], [1797.09, 1215.12]]",
PBX,Bottom,pbx013v19_b,../marked_images/landmarked_pbx/marked_tiff/bottom/PBX013V19_B_MARK.tif,../marked_images/landmarked_pbx/txt/bottom/PBX013V19_B.txt,../raw_images/pbx/PBX013V19_B.tif,PBX,38,38,autolabel_v1.4,3840,2160,"[[2527.92, 1059.62], [2445.63, 1129.18], [2358.49, 1040.5], [2296.58, 1039.53], [2231.21, 1029.67], [2165.84, 1020.08], [2348.71, 1143.5], [2287.46, 1146.77], [2234.6, 1159.38], [2168.8, 1166.25], [1384.37, 1101.25], [1743.44, 959.32], [1777.21, 1226.44], [2363.32, 1101.28], [2403.44, 1090.0], [2446.03, 1081.67], [2488.73, 1073.96], [2381.54, 1110.37], [2404.17, 1113.91], [2426.65, 1118.29], [2401.71, 1043.26], [2444.88, 1046.5], [2488.17, 1048.5], [2373.57, 1142.19], [2398.15, 1138.1], [2422.87, 1135.43], [2106.48, 1011.93], [2046.64, 1001.98], [1986.09, 1002.91], [1926.0, 987.51], [1864.56, 984.0], [1803.13, 975.69], [2112.75, 1175.01], [2058.51, 1181.25], [2002.28, 1184.29], [1946.85, 1197.17], [1889.65, 1202.5], [1833.58, 1213.5]]",
PBX,Bottom,pbx013v21a_b,../marked_images/landmarked_pbx/marked_tiff/bottom/PBX013V21a_B_MARK.tif,../marked_images/landmarked_pbx/txt/bottom/PBX013V21a_B.txt,../raw_images/pbx/PBX013V21a_B.tif,PBX,38,38,autolabel_v1.4,3840,2160,"[[2467.57, 1056.45], [2402.64, 1122.14], [2332.47, 1042.59], [2267.51, 1034.65], [2209.63, 1023.42], [2143.47, 1010.97], [2329.52, 1134.0], [2275.84, 1137.19], [2218.29, 1148.71], [2148.91, 1154.54], [1432.31, 1103.97], [1790.99, 981.14], [1734.47, 1236.03], [2348.29, 1089.68], [2376.73, 1079.93], [2408.0, 1073.53], [2439.38, 1067.77], [2360.05, 1099.51], [2375.64, 1104.75], [2390.34, 1112.06], [2366.72, 1045.04], [2401.06, 1046.5], [2435.34, 1048.45], [2348.27, 1131.48], [2366.95, 1128.66], [2385.82, 1127.48], [2094.06, 1002.67], [2043.16, 1002.55], [1992.85, 994.5], [1941.92, 993.48], [1892.05, 983.28], [1842.2, 985.52], [2090.19, 1166.5], [2032.02, 1178.31], [1970.8, 1179.53], [1912.31, 1192.32], [1852.97, 1203.76], [1793.06, 1217.17]]",
PBX,Bottom,pbx013v22_b,../marked_images/landmarked_pbx/marked_tiff/bottom/PBX013V22_B_MARK.tif,../marked_images/landmarked_pbx/txt/bottom/PBX013V22_B.txt,../raw_images/pbx/PBX013V22_B.tif,PBX,38,38,autolabel_v1.4,3840,2160,"[[2494.82, 1037.65], [2422.5, 1125.01], [2336.43, 1024.5], [2268.95, 1025.36], [2211.11, 1018.19], [2133.41, 1012.16], [2326.85, 1138.5], [2275.12, 1139.71], [2217.85, 1145.89], [2151.87, 1154.51], [1409.47, 1097.57], [1739.92, 965.12], [1750.32, 1236.14], [2334.31, 1084.48], [2373.38, 1072.61], [2415.3, 1063.46], [2457.22, 1054.27], [2355.0, 1096.12], [2379.66, 1102.39], [2404.17, 1109.23], [2376.6, 1026.74], [2417.0, 1027.5], [2457.29, 1027.5], [2351.03, 1135.3], [2375.25, 1132.47], [2399.54, 1130.38], [2077.37, 1008.53], [2022.92, 995.26], [1967.42, 1000.97], [1910.97, 988.51], [1853.48, 985.25], [1796.16, 978.52], [2093.66, 1159.61], [2038.82, 1174.91], [1979.24, 1171.42], [1924.27, 1189.67], [1866.0, 1201.23], [1807.76, 1217.26]]",
PBX,Bottom,pbx013v23_b,../marked_images/landmarked_pbx/marked_tiff/bottom/PBX013V23_B_MARK.tif,../marked_images/landmarked_pbx/txt/bottom/PBX013V23_B.txt,../raw_images/pbx/PBX013V23_B.tif,PBX,38,38,autolabel_v1.4,3840,2160,"[[2506.86, 1051.79], [2433.47, 1119.06], [2316.17, 1037.5], [2255.14, 1031.17], [2199.82, 1021.93], [2138.12, 1015.45], [2310.34, 1137.61], [2258.91, 1141.69], [2204.94, 1150.86], [2141.5, 1156.68], [1432.48, 1098.77], [1738.81, 964.11], [1762.75, 1246.4], [2370.03, 1090.97], [2402.3, 1079.05], [2438.62, 1072.57], [2474.94, 1066.13], [2385.08, 1098.69], [2403.19, 1102.15], [2421.01, 1106.77], [2364.51, 1036.5], [2412.61, 1040.49], [2460.99, 1041.52], [2341.41, 1133.63], [2372.44, 1129.01], [2403.59, 1125.5], [2081.73, 1004.19], [2025.06, 996.86], [1966.92, 1002.09], [1909.83, 987.05], [1854.17, 986.17], [1795.6, 980.69], [2087.04, 1169.88], [2034.11, 1181.47], [1977.44, 1184.97], [1922.99, 1197.55], [1868.67, 1204.28], [1816.63, 1225.95]]",
PBX,Bottom,rx008v06_b,../marked_images/landmarked_pbx/marked_tiff/bottom/RX008V06_B_MARK.tif,../marked_images/landmarked_pbx/txt/bottom/RX008V06_B.txt,../raw_images/pbx/RX008V06_B.tif,PBX,38,38,autolabel_v1.4,3840,2160,"[[2481.31, 1039.12], [2410.24, 1119.29], [2322.35, 1020.22], [2264.52, 1020.38], [2209.39, 1018.01], [2144.87, 1012.93], [2314.27, 1135.48], [2270.67, 1136.39], [2214.67, 1141.83], [2150.54, 1148.26], [1470.26, 1094.72], [1768.98, 974.81], [1786.12, 1209.83], [2350.32, 1087.31], [2382.48, 1075.52], [2417.38, 1067.38], [2451.6, 1056.31], [2363.88, 1096.14], [2380.94, 1101.8], [2397.74, 1108.17], [2363.11, 1020.72], [2403.73, 1024.5], [2444.52, 1026.51], [2338.97, 1132.5], [2363.64, 1129.47], [2388.32, 1126.5], [2093.99, 1000.58], [2040.23, 998.54], [1986.08, 996.32], [1931.71, 991.5], [1877.73, 983.63], [1823.19, 980.5], [2099.07, 1159.36], [2048.24, 1169.55], [1994.82, 1170.47], [1943.65, 1184.55], [1890.78, 1187.92], [1839.12, 1200.83]]",
PBX,Bottom,rx009v01_b,../marked_images/landmarked_pbx/marked_tiff/bottom/RX009V01_B_MARK.tif,../marked_images/landmarked_pbx/txt/bottom/RX009V01_B.txt,../raw_images/pbx/RX009V01_B.tif,PBX,38,38,autolabel_v1.4,3840,2160,"[[2506.14, 1025.17], [2429.54, 1094.82], [2334.14, 1018.5], [2275.16, 1020.43], [2217.92, 1014.95], [2152.36, 1007.57], [2335.53, 1115.49], [2276.98, 1130.03], [2225.63, 1139.39], [2162.58, 1150.69], [1441.4, 1106.33], [1709.64, 950.38], [1723.3, 1216.78], [2394.32, 1079.63], [2421.81, 1066.66], [2452.86, 1057.21], [2482.66, 1044.43], [2401.84, 1085.76], [2412.22, 1086.6], [2422.5, 1088.35], [2377.75, 1014.57], [2421.56, 1014.74], [2465.34, 1014.58], [2359.47, 1111.02], [2383.3, 1105.85], [2407.46, 1102.5], [2093.4, 995.27], [2029.79, 993.05], [1965.85, 992.48], [1902.17, 979.55], [1837.56, 977.38], [1773.05, 966.51], [2100.77, 1161.68], [2039.57, 1170.94], [1975.78, 1172.15], [1913.01, 1183.5], [1849.82, 1193.93], [1785.58, 1202.63]]",
PBX,Left,pbx002v01_l,../marked_images/landmarked_pbx/marked_tiff/left/PBX002V01_L_MARK.tif,../marked_images/landmarked_pbx/txt/left/PBX002V01_L.txt,../raw_images/pbx/PBX002V01_L.tif,PBX,40,40,autolabel_v1.4,3840,2160,"[[1381.5, 1022.5], [2305.38, 1174.28], [2452.51, 909.79], [2089.66, 1151.61], [1978.73, 1159.3], [1870.51, 1173.25], [1794.33, 1185.61], [1720.32, 1188.92], [1644.06, 1200.5], [1574.45, 1197.47], [1975.5, 1029.5], [1906.17, 1077.5], [1826.83, 1110.83], [1753.5, 1141.5], [1686.83, 1156.17], [1610.5, 1149.5], [1552.5, 1079.5], [1987.31, 957.64], [2466.46, 983.3], [2468.12, 1057.96], [2437.48, 1124.07], [2380.03, 1170.28], [2233.23, 1169.53], [2161.38, 1161.19], [1492.5, 1158.5], [1426.5, 1093.5], [1935.08, 977.25], [1880.8, 990.16], [1826.02, 1000.63], [1770.86, 1008.95], [1715.44, 1015.22], [1659.78, 1019.15], [1604.08, 1022.35], [1548.32, 1023.01], [1492.6, 1020.84], [1437.02, 1016.94], [1860.83, 1069.5], [1769.5, 1093.5], [1692.83, 1106.83], [1625.5, 1117.5]]",
PBX,Left,pbx002v04_l,../marked_images/landmarked_pbx/marked_tiff/left/PBX002V04_L_MARK.tif,../marked_images/landmarked_pbx/txt/left/PBX002V04_L.txt,../raw_images/pbx/PBX002V04_L.tif,PBX,40,40,autolabel_v1.4,3840,2160,"[[1365.5, 1039.5], [2333.36, 1194.47], [2452.97, 915.64], [2084.35, 1168.52], [1958.93, 1172.5], [1849.15, 1184.78], [1753.81, 1202.79], [1681.78, 1208.26], [1608.24, 1215.31], [1560.0, 1208.51], [1972.5, 1055.5], [1902.17, 1091.17], [1808.17, 1129.83], [1727.5, 1156.5], [1652.83, 1163.17], [1580.83, 1159.17], [1530.17, 1096.5], [1984.8, 978.67], [2469.23, 991.14], [2480.57, 1068.02], [2465.43, 1141.61], [2410.77, 1188.53], [2250.71, 1182.48], [2167.47, 1177.59], [1484.5, 1174.5], [1414.5, 1110.5], [1930.31, 995.21], [1874.94, 1008.48], [1819.12, 1019.72], [1762.87, 1028.36], [1706.2, 1034.02], [1649.45, 1038.8], [1592.57, 1041.54], [1535.66, 1041.51], [1478.82, 1038.49], [1422.16, 1033.71], [1850.17, 1087.83], [1750.17, 1113.83], [1667.5, 1125.83], [1594.17, 1133.83]]",
PBX,Left,pbx002v05_l,../marked_images/landmarked_pbx/marked_tiff/left/PBX002V05_L_MARK.tif,../marked_images/landmarked_pbx/txt/left/PBX002V05_L.txt,../raw_images/pbx/PBX002V05_L.tif,PBX,40,40,autolabel_v1.4,3840,2160,"[[1371.83, 1065.5], [2306.06, 1201.55], [2437.8, 925.29], [2060.47, 1183.01], [1967.07, 1188.5], [1862.6, 1202.49], [1776.59, 1216.49], [1705.88, 1222.22], [1635.31, 1231.0], [1563.65, 1228.72], [1979.5, 1041.5], [1910.5, 1094.5], [1823.5, 1131.5], [1747.5, 1167.5], [1666.5, 1171.5], [1600.5, 1163.5], [1544.5, 1114.5], [1988.64, 978.72], [2457.4, 1004.01], [2470.52, 1084.22], [2442.24, 1158.2], [2385.81, 1199.54], [2224.66, 1191.5], [2142.47, 1188.51], [1487.17, 1189.5], [1425.83, 1134.83], [1934.94, 997.64], [1880.23, 1013.55], [1824.89, 1027.12], [1768.96, 1038.04], [1712.43, 1045.35], [1655.77, 1051.55], [1599.03, 1056.89], [1542.15, 1059.5], [1485.16, 1058.88], [1428.25, 1057.38], [1855.5, 1088.5], [1762.5, 1118.5], [1683.5, 1130.5], [1618.5, 1139.5]]",
PBX,Left,pbx002v06_l,../marked_images/landmarked_pbx/marked_tiff/left/PBX002V06_L_MARK.tif,../marked_images/landmarked_pbx/txt/left/PBX002V06_L.txt,../raw_images/pbx/PBX002V06_L.tif,PBX,40,40,autolabel_v1.4,3840,2160,"[[1374.17, 1058.5], [2330.73, 1174.3], [2446.78, 894.22], [2096.37, 1159.4], [1961.44, 1166.5], [1867.01, 1180.5], [1765.58, 1201.23], [1698.57, 1208.74], [1621.89, 1219.55], [1551.69, 1218.39], [1966.0, 1037.5], [1910.0, 1090.5], [1825.83, 1129.83], [1743.5, 1156.5], [1669.5, 1172.5], [1588.17, 1163.83], [1531.5, 1115.83], [1974.2, 969.78], [2447.47, 968.35], [2458.2, 1042.04], [2454.25, 1108.3], [2404.43, 1159.09], [2252.36, 1171.49], [2174.34, 1166.62], [1482.17, 1187.17], [1420.17, 1130.5], [1923.05, 991.81], [1870.68, 1010.86], [1816.71, 1024.65], [1762.0, 1034.95], [1706.82, 1042.61], [1651.41, 1048.51], [1595.96, 1054.07], [1540.32, 1056.12], [1484.71, 1054.31], [1429.28, 1050.28], [1862.5, 1082.5], [1771.5, 1111.5], [1682.83, 1131.17], [1610.83, 1139.17]]",
PBX,Left,pbx002v08_l,../marked_images/landmarked_pbx/marked_tiff/left/PBX002V08_L_MARK.tif,../marked_images/landmarked_pbx/txt/left/PBX002V08_L.txt,../raw_images/pbx/PBX002V08_L.tif,PBX,40,40,autolabel_v1.4,3840,2160,"[[1378.5, 1055.5], [2370.17, 1188.09], [2445.56, 906.15], [2064.11, 1166.5], [1950.88, 1174.55], [1870.53, 1188.74], [1780.31, 1202.57], [1711.25, 1209.42], [1634.45, 1218.5], [1571.34, 1220.5], [1967.17, 1039.83], [1907.83, 1085.83], [1823.17, 1123.17], [1749.83, 1153.83], [1674.5, 1170.5], [1602.5, 1158.5], [1546.5, 1117.5], [1974.75, 983.1], [2467.31, 966.64], [2462.52, 1033.06], [2458.49, 1100.59], [2433.09, 1162.76], [2267.95, 1180.49], [2166.8, 1171.08], [1495.0, 1184.0], [1429.5, 1125.0], [1922.74, 1001.07], [1869.82, 1016.1], [1816.2, 1028.44], [1762.09, 1038.44], [1707.66, 1046.61], [1652.78, 1050.8], [1597.86, 1054.43], [1542.87, 1056.58], [1487.96, 1055.23], [1433.28, 1050.1], [1858.5, 1083.17], [1765.83, 1109.83], [1681.17, 1127.17], [1622.5, 1134.5]]",
PBX,Left,pbx002v10_l,../marked_images/landmarked_pbx/marked_tiff/left/PBX002V10_L_MARK.tif,../marked_images/landmarked_pbx/txt/left/PBX002V10_L.txt,../raw_images/pbx/PBX002V10_L.tif,PBX,40,40,autolabel_v1.4,3840,2160,"[[1415.5, 1048.83], [2336.62, 1180.96], [2424.59, 917.64], [2089.2, 1160.19], [1980.05, 1163.5], [1885.69, 1176.92], [1803.11, 1189.84], [1724.01, 1193.03], [1645.43, 1202.53], [1587.38, 1202.5], [1975.17, 1020.5], [1920.83, 1073.17], [1838.17, 1113.83], [1763.5, 1142.5], [1688.17, 1149.83], [1616.83, 1143.17], [1573.5, 1093.5], [1983.05, 965.51], [2459.45, 978.24], [2470.36, 1046.57], [2448.0, 1112.18], [2405.38, 1166.56], [2254.3, 1172.6], [2171.83, 1165.5], [1511.5, 1166.17], [1458.83, 1112.83], [1933.53, 982.86], [1883.05, 997.2], [1831.96, 1009.06], [1780.38, 1018.57], [1728.44, 1026.1], [1676.39, 1032.76], [1624.09, 1037.01], [1571.68, 1038.97], [1519.21, 1038.92], [1466.81, 1037.84], [1866.83, 1069.17], [1781.5, 1094.5], [1703.5, 1112.5], [1636.83, 1119.83]]",
PBX,Left,pbx002v11_l,../marked_images/landmarked_pbx/marked_tiff/left/PBX002V11_L_MARK.tif,../marked_images/landmarked_pbx/txt/left/PBX002V11_L.txt,../raw_images/pbx/PBX002V11_L.tif,PBX,40,40,autolabel_v1.4,3840,2160,"[[1399.17, 1042.5], [2333.63, 1205.69], [2438.11, 928.43], [2072.04, 1181.15], [1966.7, 1184.5], [1862.23, 1195.74], [1769.59, 1208.73], [1698.74, 1211.71], [1623.12, 1218.55], [1562.27, 1210.45], [1965.5, 1042.5], [1904.5, 1086.0], [1820.0, 1125.5], [1748.0, 1158.5], [1673.5, 1170.17], [1597.5, 1149.5], [1551.5, 1104.83], [1976.59, 979.03], [2445.31, 995.78], [2465.38, 1063.78], [2445.2, 1133.51], [2405.04, 1191.13], [2247.75, 1197.07], [2159.68, 1191.5], [1496.5, 1165.83], [1442.5, 1107.17], [1926.47, 996.83], [1875.13, 1010.76], [1823.07, 1021.53], [1770.58, 1030.07], [1717.81, 1036.68], [1664.82, 1041.39], [1611.67, 1043.36], [1558.49, 1043.14], [1505.34, 1041.14], [1452.25, 1038.99], [1857.5, 1086.5], [1766.5, 1107.0], [1688.83, 1123.5], [1618.5, 1130.5]]",
PBX,Left,pbx002v14_l,../marked_images/landmarked_pbx/marked_tiff/left/PBX002V14_L_MARK.tif,../marked_images/landmarked_pbx/txt/left/PBX002V14_L.txt,../raw_images/pbx/PBX002V14_L.tif,PBX,40,40,autolabel_v1.4,3840,2160,"[[1414.83, 1059.5], [2307.43, 1219.58], [2429.42, 919.64], [2084.08, 1193.16], [1978.73, 1196.53], [1880.41, 1210.69], [1797.62, 1221.73], [1721.63, 1228.31], [1646.13, 1234.5], [1577.61, 1228.63], [1975.0, 1057.5], [1923.0, 1100.5], [1836.5, 1144.5], [1761.5, 1168.0], [1688.5, 1185.5], [1614.5, 1167.5], [1562.5, 1126.5], [1986.2, 995.07], [2447.34, 1000.87], [2478.26, 1078.6], [2448.04, 1155.39], [2390.82, 1211.22], [2232.82, 1212.27], [2158.24, 1204.53], [1516.17, 1194.17], [1460.83, 1128.83], [1936.71, 1012.93], [1885.92, 1026.79], [1834.22, 1036.7], [1782.27, 1045.2], [1730.06, 1051.75], [1677.53, 1055.31], [1624.97, 1058.5], [1572.36, 1058.33], [1519.76, 1056.19], [1467.22, 1054.18], [1870.5, 1101.0], [1781.0, 1124.0], [1701.17, 1141.5], [1634.5, 1148.5]]",
PBX,Left,pbx002v15_l,../marked_images/landmarked_pbx/marked_tiff/left/PBX002V15_L_MARK.tif,../marked_images/landmarked_pbx/txt/left/PBX002V15_L.txt,../raw_images/pbx/PBX002V15_L.tif,PBX,40,40,autolabel_v1.4,3840,2160,"[[1390.0, 1063.0], [2280.45, 1209.74], [2444.5, 944.41], [2106.47, 1190.47], [1979.05, 1194.46], [1874.57, 1206.5], [1781.6, 1216.49], [1720.75, 1219.71], [1639.71, 1228.5], [1571.42, 1227.56], [1992.5, 1062.5], [1926.5, 1103.5], [1836.5, 1144.5], [1756.5, 1164.5], [1686.5, 1183.5], [1608.5, 1170.5], [1555.5, 1120.5], [2006.01, 980.52], [2463.46, 1021.55], [2460.93, 1102.7], [2434.83, 1177.4], [2361.66, 1209.46], [2222.73, 1201.5], [2164.46, 1197.38], [1500.17, 1190.83], [1442.83, 1135.5], [1954.7, 1004.89], [1898.35, 1013.79], [1842.67, 1026.15], [1787.25, 1039.71], [1731.52, 1050.77], [1674.5, 1052.78], [1617.6, 1056.93], [1560.6, 1058.87], [1503.58, 1058.21], [1446.64, 1056.16], [1868.5, 1102.5], [1776.5, 1117.5], [1696.5, 1130.5], [1627.5, 1140.5]]",
PBX,Left,pbx002v16_l,../marked_images/landmarked_pbx/marked_tiff/left/PBX002V16_L_MARK.tif,../marked_images/landmarked_pbx/txt/left/PBX002V16_L.txt,../raw_images/pbx/PBX002V16_L.tif,PBX,40,40,autolabel_v1.4,3840,2160,"[[1345.83, 1052.83], [2371.41, 1206.42], [2467.5, 897.01], [2087.13, 1172.51], [1972.18, 1182.18], [1852.53, 1196.35], [1771.21, 1211.19], [1699.32, 1217.92], [1617.3, 1229.79], [1549.54, 1229.65], [1984.17, 1039.83], [1914.17, 1091.17], [1818.83, 1130.5], [1742.83, 1163.17], [1662.0, 1175.0], [1579.0, 1161.5], [1524.5, 1109.5], [1994.62, 970.01], [2492.18, 968.91], [2502.5, 1045.97], [2495.88, 1122.86], [2443.48, 1179.85], [2276.22, 1200.19], [2181.64, 1186.53], [1463.17, 1200.17], [1401.17, 1134.17], [1938.24, 990.12], [1880.83, 1007.0], [1822.47, 1020.04], [1763.42, 1029.84], [1704.11, 1038.02], [1644.49, 1043.43], [1584.78, 1047.74], [1524.97, 1049.49], [1465.12, 1048.49], [1405.36, 1046.45], [1859.5, 1079.83], [1760.83, 1109.17], [1673.5, 1125.5], [1601.0, 1134.5]]",
PBX,Left,pbx002v17_l,../marked_images/landmarked_pbx/marked_tiff/left/PBX002V17_L_MARK.tif,../marked_images/landmarked_pbx/txt/left/PBX002V17_L.txt,../raw_images/pbx/PBX002V17_L.tif,PBX,40,40,autolabel_v1.4,3840,2160,"[[1398.0, 1017.5], [2341.23, 1166.5], [2427.53, 894.38], [2061.38, 1148.03], [1952.72, 1157.6], [1863.33, 1176.39], [1782.66, 1186.19], [1719.75, 1189.08], [1635.13, 1197.69], [1574.41, 1190.31], [1978.17, 1027.5], [1916.17, 1072.17], [1830.83, 1106.83], [1753.5, 1131.5], [1681.5, 1139.5], [1604.5, 1134.5], [1554.5, 1075.5], [1991.25, 944.65], [2446.17, 963.02], [2462.48, 1031.85], [2447.49, 1100.54], [2410.13, 1154.15], [2247.62, 1162.61], [2154.04, 1160.36], [1505.0, 1156.5], [1448.5, 1095.5], [1944.56, 971.29], [1894.96, 992.58], [1840.21, 1001.48], [1785.0, 1007.3], [1729.87, 1013.83], [1674.49, 1017.43], [1619.01, 1019.05], [1563.52, 1018.42], [1508.11, 1015.25], [1452.91, 1009.43], [1864.17, 1066.83], [1774.17, 1090.83], [1693.5, 1103.5], [1628.5, 1111.5]]",
PBX,Left,pbx002v18_l,../marked_images/landmarked_pbx/marked_tiff/left/PBX002V18_L_MARK.tif,../marked_images/landmarked_pbx/txt/left/PBX002V18_L.txt,../raw_images/pbx/PBX002V18_L.tif,PBX,40,40,autolabel_v1.4,3840,2160,"[[1405.0, 1050.0], [2297.31, 1179.5], [2428.5, 919.45], [2085.2, 1173.56], [1970.21, 1181.5], [1867.6, 1193.52], [1785.19, 1205.79], [1720.12, 1211.16], [1646.13, 1220.46], [1575.44, 1212.98], [1983.5, 1038.5], [1926.0, 1091.5], [1840.5, 1134.0], [1766.0, 1154.5], [1698.5, 1172.83], [1613.83, 1150.17], [1575.17, 1097.5], [1992.26, 978.14], [2434.47, 994.76], [2446.5, 1069.91], [2424.57, 1141.9], [2366.6, 1188.66], [2232.23, 1182.15], [2158.5, 1180.5], [1506.5, 1177.0], [1451.0, 1116.5], [1941.11, 996.01], [1889.15, 1011.35], [1836.4, 1023.48], [1783.04, 1032.78], [1729.36, 1040.07], [1675.46, 1045.67], [1621.35, 1047.86], [1567.17, 1048.5], [1513.03, 1047.37], [1458.95, 1045.03], [1866.5, 1083.0], [1787.0, 1109.0], [1711.83, 1121.5], [1641.83, 1130.17]]",
PBX,Left,pbx002v19_l,../marked_images/landmarked_pbx/marked_tiff/left/PBX002V19_L_MARK.tif,../marked_images/landmarked_pbx/txt/left/PBX002V19_L.txt,../raw_images/pbx/PBX002V19_L.tif,PBX,40,40,autolabel_v1.4,3840,2160,"[[1387.5, 1075.5], [2350.3, 1217.21], [2453.68, 928.65], [2104.95, 1175.5], [1983.74, 1183.5], [1883.54, 1198.52], [1790.17, 1216.49], [1719.12, 1224.03], [1648.6, 1236.52], [1583.2, 1240.31], [1981.5, 1046.5], [1918.5, 1094.5], [1836.5, 1135.5], [1762.17, 1171.5], [1692.83, 1195.5], [1620.83, 1191.5], [1551.5, 1124.83], [1991.87, 976.08], [2470.35, 1004.65], [2489.89, 1079.2], [2467.19, 1150.72], [2427.76, 1203.82], [2268.11, 1206.14], [2186.65, 1190.39], [1510.5, 1212.5], [1443.5, 1152.5], [1940.61, 998.84], [1887.92, 1018.18], [1833.42, 1031.61], [1778.43, 1042.79], [1723.03, 1051.64], [1667.28, 1058.22], [1611.38, 1063.34], [1555.34, 1066.27], [1499.23, 1067.42], [1443.16, 1068.25], [1866.5, 1093.5], [1778.17, 1123.5], [1695.5, 1142.17], [1628.83, 1154.17]]",
PBX,Left,pbx002v21_l,../marked_images/landmarked_pbx/marked_tiff/left/PBX002V21_L_MARK.tif,../marked_images/landmarked_pbx/txt/left/PBX002V21_L.txt,../raw_images/pbx/PBX002V21_L.tif,PBX,40,40,autolabel_v1.4,3840,2160,"[[1378.0, 1045.5], [2348.82, 1192.38], [2440.85, 927.29], [2087.23, 1173.4], [1976.02, 1179.5], [1871.69, 1191.71], [1777.64, 1208.47], [1704.27, 1211.44], [1625.22, 1217.81], [1556.43, 1216.5], [1973.5, 1040.5], [1908.5, 1094.5], [1821.5, 1128.5], [1746.0, 1156.5], [1674.17, 1170.5], [1596.17, 1160.5], [1544.5, 1099.5], [1983.63, 973.52], [2464.13, 995.76], [2493.82, 1041.4], [2460.29, 1103.52], [2416.83, 1163.49], [2261.05, 1194.5], [2173.72, 1187.5], [1484.5, 1173.0], [1425.0, 1111.0], [1931.1, 992.6], [1877.27, 1007.68], [1822.76, 1019.98], [1767.72, 1029.52], [1712.25, 1036.3], [1656.5, 1040.38], [1600.73, 1044.21], [1544.88, 1044.96], [1489.08, 1042.43], [1433.45, 1038.39], [1862.5, 1081.5], [1768.5, 1109.5], [1689.5, 1127.5], [1618.83, 1133.17]]",
PBX,Left,pbx002v22_l,../marked_images/landmarked_pbx/marked_tiff/left/PBX002V22_L_MARK.tif,../marked_images/landmarked_pbx/txt/left/PBX002V22_L.txt,../raw_images/pbx/PBX002V22_L.tif,PBX,40,40,autolabel_v1.4,3840,2160,"[[1428.0, 1038.0], [2350.11, 1179.46], [2443.5, 940.96], [2080.71, 1169.51], [1969.31, 1173.39], [1866.74, 1183.45], [1787.75, 1193.57], [1715.17, 1198.28], [1646.12, 1207.5], [1583.71, 1200.98], [1981.0, 1050.0], [1912.5, 1097.5], [1840.0, 1129.0], [1764.5, 1151.0], [1691.83, 1163.5], [1619.17, 1149.5], [1569.83, 1093.5], [1994.38, 962.81], [2452.42, 998.76], [2451.5, 1057.45], [2441.59, 1114.35], [2405.43, 1159.88], [2260.17, 1183.5], [2170.05, 1180.75], [1520.5, 1159.0], [1469.5, 1098.5], [1946.26, 984.02], [1896.37, 1000.65], [1845.65, 1014.44], [1794.23, 1025.21], [1742.3, 1033.47], [1690.24, 1040.95], [1637.78, 1044.45], [1585.23, 1045.4], [1532.81, 1042.59], [1480.58, 1037.12], [1868.0, 1083.5], [1791.0, 1108.5], [1712.5, 1119.5], [1641.83, 1128.17]]",
PBX,Left,pbx002v24_l,../marked_images/landmarked_pbx/marked_tiff/left/PBX002V24_L_MARK.tif,../marked_images/landmarked_pbx/txt/left/PBX002V24_L.txt,../raw_images/pbx/PBX002V24_L.tif,PBX,40,40,autolabel_v1.4,3840,2160,"[[1358.5, 1062.5], [2368.65, 1211.96], [2464.04, 914.89], [2103.33, 1182.5], [1999.81, 1185.5], [1876.35, 1204.31], [1790.14, 1218.8], [1717.81, 1225.91], [1648.72, 1231.8], [1578.13, 1234.5], [1989.5, 1029.5], [1930.83, 1086.83], [1838.17, 1128.17], [1762.17, 1163.5], [1687.5, 1171.5], [1607.5, 1161.5], [1554.5, 1113.5], [1997.94, 972.46], [2485.24, 985.12], [2499.11, 1056.99], [2485.99, 1129.53], [2438.03, 1186.1], [2280.13, 1201.22], [2192.62, 1189.5], [1491.0, 1197.0], [1422.0, 1136.0], [1942.95, 994.41], [1885.15, 1007.1], [1827.7, 1021.35], [1769.73, 1032.45], [1710.86, 1038.7], [1652.22, 1046.88], [1594.53, 1060.11], [1535.82, 1063.93], [1476.68, 1061.88], [1417.6, 1059.03], [1880.17, 1082.83], [1779.5, 1112.17], [1695.5, 1132.5], [1627.5, 1142.5]]",
PBX,Left,pbx002v25_l,../marked_images/landmarked_pbx/marked_tiff/left/PBX002V25_L_MARK.tif,../marked_images/landmarked_pbx/txt/left/PBX002V25_L.txt,../raw_images/pbx/PBX002V25_L.tif,PBX,40,40,autolabel_v1.4,3840,2160,"[[1418.5, 1052.0], [2288.45, 1184.71], [2491.55, 917.12], [2118.07, 1171.46], [1993.02, 1171.5], [1888.99, 1187.5], [1810.56, 1199.96], [1743.34, 1205.93], [1662.28, 1212.61], [1595.67, 1209.43], [1988.83, 1047.17], [1928.83, 1095.17], [1850.0, 1126.0], [1779.5, 1156.5], [1706.5, 1169.0], [1630.0, 1153.0], [1576.17, 1104.83], [2000.17, 972.83], [2487.43, 999.15], [2478.49, 1079.67], [2448.35, 1156.15], [2371.45, 1184.23], [2231.85, 1180.5], [2174.73, 1178.55], [1526.0, 1171.5], [1467.0, 1116.0], [1949.79, 991.53], [1898.42, 1007.47], [1845.84, 1018.77], [1792.89, 1028.05], [1739.62, 1035.31], [1686.1, 1040.59], [1632.5, 1045.1], [1578.78, 1046.48], [1525.04, 1045.14], [1471.43, 1042.46], [1880.5, 1087.0], [1795.5, 1104.0], [1714.5, 1121.0], [1646.5, 1126.5]]",
PBX,Left,pbx002v28_l,../marked_images/landmarked_pbx/marked_tiff/left/PBX002V28_L_MARK.tif,../marked_images/landmarked_pbx/txt/left/PBX002V28_L.txt,../raw_images/pbx/PBX002V28_L.tif,PBX,40,40,autolabel_v1.4,3840,2160,"[[1386.5, 1051.5], [2337.55, 1203.5], [2425.5, 901.07], [2122.64, 1174.49], [1995.35, 1176.83], [1899.3, 1192.59], [1807.97, 1211.73], [1729.47, 1217.26], [1662.78, 1225.56], [1595.47, 1228.48], [1984.5, 1031.5], [1922.83, 1085.5], [1836.83, 1121.5], [1764.83, 1156.83], [1693.5, 1167.5], [1622.5, 1174.5], [1565.5, 1112.83], [1995.44, 963.06], [2433.22, 981.65], [2476.51, 1055.54], [2464.11, 1139.08], [2424.08, 1195.11], [2266.11, 1192.56], [2194.04, 1186.5], [1513.5, 1195.5], [1447.5, 1127.5], [1942.94, 983.45], [1889.35, 1000.93], [1835.09, 1016.33], [1779.73, 1027.09], [1723.98, 1035.43], [1667.95, 1041.71], [1611.72, 1046.15], [1555.36, 1047.86], [1498.99, 1047.26], [1442.67, 1046.47], [1874.83, 1082.17], [1784.17, 1110.83], [1701.5, 1124.83], [1637.5, 1135.5]]",
PBX,Left,pbx002v31_l,../marked_images/landmarked_pbx/marked_tiff/left/PBX002V31_L_MARK.tif,../marked_images/landmarked_pbx/txt/left/PBX002V31_L.txt,../raw_images/pbx/PBX002V31_L.tif,PBX,40,40,autolabel_v1.4,3840,2160,"[[1395.0, 1058.0], [2291.0, 1181.5], [2464.66, 925.93], [2102.67, 1169.5], [1975.53, 1174.76], [1871.47, 1189.26], [1785.23, 1202.06], [1718.62, 1206.47], [1645.29, 1209.7], [1585.17, 1209.37], [1988.17, 1043.83], [1919.5, 1097.17], [1832.83, 1130.5], [1751.5, 1153.5], [1693.5, 1174.5], [1610.5, 1157.83], [1560.5, 1106.5], [1998.02, 972.38], [2480.27, 1000.4], [2475.48, 1077.79], [2445.21, 1152.29], [2372.27, 1182.56], [2228.31, 1175.65], [2165.34, 1176.5], [1510.5, 1180.0], [1446.5, 1118.0], [1946.74, 994.52], [1891.85, 1004.56], [1837.16, 1015.82], [1782.44, 1026.93], [1727.39, 1036.29], [1671.88, 1042.39], [1616.45, 1049.26], [1560.78, 1052.69], [1505.04, 1051.48], [1449.56, 1046.07], [1871.5, 1082.5], [1780.5, 1110.5], [1699.5, 1122.5], [1632.5, 1134.5]]",
PBX,Left,pbx002v32_l,../marked_images/landmarked_pbx/marked_tiff/left/PBX002V32_L_MARK.tif,../marked_images/landmarked_pbx/txt/left/PBX002V32_L.txt,../raw_images/pbx/PBX002V32_L.tif,PBX,40,40,autolabel_v1.4,3840,2160,"[[1338.83, 1074.5], [2356.75, 1218.93], [2483.52, 933.42], [2080.82, 1182.5], [1961.89, 1187.63], [1858.18, 1204.82], [1769.23, 1223.39], [1704.62, 1231.53], [1616.5, 1243.41], [1541.33, 1245.5], [1979.5, 1056.5], [1905.5, 1113.5], [1811.5, 1147.5], [1737.5, 1178.5], [1661.5, 1189.5], [1579.5, 1179.5], [1518.17, 1143.5], [1991.3, 973.35], [2488.06, 1005.8], [2494.88, 1077.59], [2477.8, 1147.87], [2427.69, 1200.9], [2264.85, 1207.45], [2172.55, 1197.63], [1456.17, 1209.17], [1395.5, 1146.5], [1934.98, 995.54], [1877.39, 1014.06], [1818.85, 1029.38], [1759.66, 1042.07], [1700.06, 1052.69], [1640.03, 1060.62], [1579.87, 1067.35], [1519.48, 1070.38], [1459.0, 1068.98], [1398.69, 1065.43], [1845.5, 1097.5], [1754.5, 1126.5], [1675.5, 1143.5], [1602.17, 1151.5]]",
PBX,Left,pbx002v33_l,../marked_images/landmarked_pbx/marked_tiff/left/PBX002V33_L_MARK.tif,../marked_images/landmarked_pbx/txt/left/PBX002V33_L.txt,../raw_images/pbx/PBX002V33_L.tif,PBX,40,40,autolabel_v1.4,3840,2160,"[[1407.5, 1064.5], [2390.0, 1184.82], [2440.53, 923.57], [2088.47, 1173.59], [1963.15, 1178.5], [1883.1, 1193.83], [1800.91, 1208.88], [1723.84, 1209.55], [1663.15, 1219.63], [1597.48, 1221.5], [1975.5, 1041.5], [1932.5, 1092.5], [1846.5, 1132.5], [1776.5, 1155.5], [1698.5, 1169.5], [1627.5, 1166.5], [1573.83, 1115.5], [1983.27, 978.07], [2461.41, 980.73], [2462.23, 1041.51], [2469.68, 1101.98], [2441.29, 1153.2], [2289.55, 1189.0], [2188.96, 1181.5], [1518.5, 1195.5], [1455.5, 1135.5], [1933.94, 998.28], [1882.95, 1013.84], [1831.17, 1026.43], [1778.86, 1036.66], [1726.18, 1044.82], [1673.22, 1050.96], [1620.24, 1056.96], [1567.06, 1060.29], [1513.79, 1060.58], [1460.55, 1059.12], [1876.5, 1083.5], [1789.5, 1115.5], [1713.5, 1124.5], [1646.5, 1133.5]]",
PBX,Left,pbx002v35_l,../marked_images/landmarked_pbx/marked_tiff/left/PBX002V35_L_MARK.tif,../marked_images/landmarked_pbx/txt/left/PBX002V35_L.txt,../raw_images/pbx/PBX002V35_L.tif,PBX,40,40,autolabel_v1.4,3840,2160,"[[1384.5, 1070.5], [2268.79, 1210.62], [2439.79, 933.14], [2076.93, 1189.5], [1969.91, 1197.5], [1862.67, 1217.21], [1789.16, 1230.03], [1724.38, 1235.59], [1641.75, 1246.52], [1568.73, 1243.5], [1964.5, 1053.5], [1900.5, 1100.5], [1827.5, 1159.5], [1753.5, 1180.5], [1691.5, 1197.5], [1594.5, 1177.5], [1537.5, 1127.5], [1976.0, 980.91], [2453.12, 1019.81], [2463.1, 1107.15], [2437.61, 1185.83], [2357.47, 1218.5], [2204.9, 1203.5], [2140.82, 1197.5], [1490.5, 1212.5], [1426.5, 1141.5], [1925.5, 1002.35], [1873.56, 1020.12], [1820.54, 1034.36], [1766.95, 1046.14], [1712.85, 1055.32], [1658.34, 1061.86], [1603.86, 1068.69], [1549.07, 1070.48], [1494.19, 1069.46], [1439.34, 1067.88], [1846.5, 1098.5], [1770.5, 1122.5], [1689.5, 1139.5], [1620.5, 1153.5]]",
PBX,Left,pbx004v01_l,../marked_images/landmarked_pbx/marked_tiff/left/PBX004V01_L_MARK.tif,../marked_images/landmarked_pbx/txt/left/PBX004V01_L.txt,../raw_images/pbx/PBX004V01_L.tif,PBX,40,40,autolabel_v1.4,3840,2160,"[[1394.17, 1037.83], [2262.67, 1216.48], [2311.76, 969.63], [2061.97, 1187.54], [1945.67, 1189.49], [1854.77, 1199.93], [1752.57, 1215.0], [1677.61, 1217.42], [1609.03, 1224.5], [1548.63, 1217.38], [1962.17, 1045.83], [1912.83, 1096.5], [1815.5, 1129.83], [1739.5, 1161.83], [1667.5, 1169.83], [1592.83, 1153.83], [1538.17, 1108.5], [1975.19, 982.51], [2347.47, 1040.95], [2390.34, 1105.94], [2412.44, 1173.8], [2341.5, 1210.5], [2195.4, 1208.97], [2128.51, 1198.5], [1484.83, 1171.17], [1431.5, 1107.17], [1924.59, 999.99], [1872.9, 1014.05], [1820.49, 1025.12], [1767.58, 1033.2], [1714.3, 1038.53], [1660.82, 1041.6], [1607.3, 1043.93], [1553.91, 1040.83], [1500.61, 1035.46], [1447.38, 1031.67], [1856.83, 1089.83], [1766.17, 1116.5], [1687.5, 1129.83], [1627.5, 1132.5]]",
PBX,Left,pbx004v05_l,../marked_images/landmarked_pbx/marked_tiff/left/PBX004V05_L_MARK.tif,../marked_images/landmarked_pbx/txt/left/PBX004V05_L.txt,../raw_images/pbx/PBX004V05_L.tif,PBX,40,40,autolabel_v1.4,3840,2160,"[[1435.83, 1041.17], [2340.68, 1182.52], [2417.29, 886.94], [2100.69, 1172.49], [2007.73, 1179.5], [1901.21, 1191.56], [1818.46, 1201.53], [1747.9, 1206.36], [1676.03, 1215.5], [1616.7, 1211.06], [1998.83, 1035.83], [1950.83, 1084.5], [1869.5, 1121.17], [1796.17, 1149.83], [1730.17, 1167.17], [1648.5, 1150.5], [1596.5, 1095.5], [2008.77, 972.22], [2405.46, 943.23], [2459.5, 1002.62], [2449.79, 1080.79], [2412.89, 1147.48], [2260.54, 1187.5], [2180.35, 1182.62], [1544.5, 1177.83], [1483.83, 1116.5], [1959.33, 991.1], [1908.63, 1006.3], [1857.18, 1018.57], [1805.15, 1028.13], [1752.71, 1035.09], [1699.94, 1039.26], [1647.16, 1043.19], [1594.3, 1043.45], [1541.45, 1040.94], [1488.66, 1037.95], [1901.5, 1083.17], [1818.83, 1102.5], [1746.17, 1124.5], [1674.5, 1126.5]]",
PBX,Left,pbx005v02_l,../marked_images/landmarked_pbx/marked_tiff/left/PBX005V02_L_MARK.tif,../marked_images/landmarked_pbx/txt/left/PBX005V02_L.txt,../raw_images/pbx/PBX005V02_L.tif,PBX,40,40,autolabel_v1.4,3840,2160,"[[1407.5, 1043.5], [2326.2, 1205.57], [2425.17, 887.1], [2110.31, 1180.5], [1987.81, 1193.5], [1881.79, 1211.51], [1789.15, 1227.2], [1717.53, 1234.76], [1645.22, 1241.08], [1578.69, 1231.04], [1980.0, 1053.5], [1917.5, 1105.5], [1824.0, 1141.0], [1748.5, 1170.5], [1675.5, 1177.5], [1603.5, 1165.5], [1568.83, 1110.17], [1991.85, 986.33], [2495.78, 922.43], [2512.51, 1023.49], [2475.35, 1117.82], [2421.8, 1194.56], [2255.29, 1187.22], [2182.53, 1183.5], [1508.0, 1188.0], [1456.0, 1118.0], [1941.24, 1004.74], [1889.7, 1020.41], [1837.05, 1031.91], [1783.79, 1040.0], [1730.22, 1045.64], [1676.45, 1049.21], [1622.59, 1051.21], [1568.76, 1049.12], [1515.04, 1045.02], [1461.35, 1041.37], [1860.5, 1101.5], [1771.0, 1125.5], [1690.0, 1136.0], [1626.17, 1140.17]]",
PBX,Left,pbx005v03_l,../marked_images/landmarked_pbx/marked_tiff/left/PBX005V03_L_MARK.tif,../marked_images/landmarked_pbx/txt/left/PBX005V03_L.txt,../raw_images/pbx/PBX005V03_L.tif,PBX,40,40,autolabel_v1.4,3840,2160,"[[1417.5, 1056.5], [2372.63, 1196.5], [2476.23, 914.92], [2108.67, 1177.53], [1997.96, 1190.49], [1893.79, 1204.24], [1799.65, 1217.75], [1727.16, 1223.48], [1651.12, 1234.63], [1583.97, 1229.17], [1990.5, 1059.5], [1936.5, 1105.5], [1849.5, 1147.5], [1771.5, 1165.5], [1691.5, 1173.5], [1615.5, 1170.5], [1599.5, 1114.5], [2000.26, 992.92], [2499.29, 985.86], [2510.1, 1060.08], [2493.8, 1132.13], [2447.6, 1187.46], [2284.84, 1187.27], [2196.66, 1184.5], [1514.5, 1188.5], [1465.5, 1129.5], [1949.27, 1009.71], [1897.41, 1023.62], [1845.05, 1035.46], [1792.26, 1045.06], [1739.08, 1052.36], [1685.63, 1057.49], [1631.99, 1059.84], [1578.36, 1058.81], [1524.73, 1056.12], [1471.13, 1053.92], [1880.5, 1099.5], [1795.5, 1123.5], [1716.5, 1137.5], [1638.5, 1142.5]]",
PBX,Left,pbx005v04_l,../marked_images/landmarked_pbx/marked_tiff/left/PBX005V04_L_MARK.tif,../marked_images/landmarked_pbx/txt/left/PBX005V04_L.txt,../raw_images/pbx/PBX005V04_L.tif,PBX,40,40,autolabel_v1.4,3840,2160,"[[1375.5, 1061.5], [2378.06, 1182.13], [2446.52, 867.32], [2082.57, 1167.52], [1960.16, 1181.44], [1869.06, 1196.53], [1781.01, 1211.81], [1708.36, 1215.62], [1634.05, 1224.16], [1566.63, 1222.5], [1982.5, 1044.5], [1919.5, 1088.5], [1825.5, 1132.5], [1746.5, 1158.5], [1679.5, 1178.5], [1595.5, 1161.5], [1542.5, 1116.5], [1990.94, 974.32], [2473.05, 942.66], [2497.83, 1018.22], [2497.17, 1097.7], [2455.68, 1163.89], [2279.53, 1174.62], [2181.1, 1175.5], [1497.5, 1182.5], [1435.5, 1126.5], [1936.95, 992.13], [1882.35, 1008.08], [1827.42, 1022.83], [1771.98, 1035.02], [1715.31, 1040.02], [1658.9, 1047.32], [1602.26, 1052.42], [1545.45, 1054.55], [1488.58, 1054.11], [1431.76, 1053.07], [1866.5, 1079.5], [1763.5, 1106.5], [1690.5, 1127.5], [1613.5, 1134.5]]",
PBX,Left,pbx005v07_l,../marked_images/landmarked_pbx/marked_tiff/left/PBX005V07_L_MARK.tif,../marked_images/landmarked_pbx/txt/left/PBX005V07_L.txt,../raw_images/pbx/PBX005V07_L.tif,PBX,40,40,autolabel_v1.4,3840,2160,"[[1382.5, 1056.5], [2395.85, 1205.46], [2512.94, 903.14], [2140.15, 1183.9], [1999.96, 1195.54], [1893.68, 1209.71], [1799.91, 1225.41], [1731.29, 1227.97], [1655.75, 1234.45], [1577.52, 1231.5], [2007.17, 1058.5], [1936.5, 1103.83], [1844.5, 1147.83], [1771.17, 1175.17], [1713.5, 1193.5], [1623.5, 1178.5], [1566.5, 1110.5], [2018.6, 980.75], [2537.48, 975.52], [2541.02, 1052.45], [2521.3, 1126.96], [2469.66, 1182.91], [2310.66, 1197.71], [2225.33, 1192.47], [1500.5, 1190.5], [1440.5, 1129.0], [1963.2, 1000.02], [1907.04, 1016.97], [1849.85, 1030.01], [1792.15, 1040.48], [1734.06, 1048.47], [1675.67, 1054.07], [1617.06, 1056.69], [1558.41, 1056.83], [1499.76, 1055.6], [1441.13, 1054.43], [1885.83, 1097.17], [1789.17, 1122.5], [1717.5, 1139.5], [1648.5, 1147.5]]",
PBX,Left,pbx005v08_l,../marked_images/landmarked_pbx/marked_tiff/left/PBX005V08_L_MARK.tif,../marked_images/landmarked_pbx/txt/left/PBX005V08_L.txt,../raw_images/pbx/PBX005V08_L.tif,PBX,40,40,autolabel_v1.4,3840,2160,"[[1399.0, 1072.5], [2389.52, 1204.25], [2449.24, 933.03], [2103.5, 1170.25], [1989.22, 1183.31], [1881.85, 1202.55], [1801.37, 1215.53], [1730.49, 1221.13], [1652.3, 1231.67], [1586.22, 1232.5], [1989.5, 1060.5], [1933.5, 1105.5], [1833.5, 1144.5], [1770.5, 1183.5], [1704.5, 1196.5], [1621.5, 1193.5], [1572.83, 1125.5], [1998.82, 990.45], [2462.79, 996.07], [2489.51, 1059.0], [2473.63, 1124.25], [2452.72, 1178.72], [2293.77, 1197.26], [2198.9, 1181.42], [1508.5, 1197.0], [1450.0, 1137.0], [1944.86, 1002.42], [1891.06, 1015.1], [1837.73, 1029.62], [1783.71, 1041.21], [1729.26, 1050.61], [1674.49, 1057.96], [1619.4, 1062.53], [1564.18, 1064.68], [1508.93, 1064.92], [1453.73, 1064.78], [1880.5, 1095.5], [1783.5, 1130.5], [1708.5, 1147.5], [1636.5, 1151.5]]",
PBX,Left,pbx006v02b_l,../marked_images/landmarked_pbx/marked_tiff/left/PBX006V02b_L_MARK.tif,../marked_images/landmarked_pbx/txt/left/PBX006V02b_L.txt,../raw_images/pbx/PBX006V02b_L.tif,PBX,40,40,autolabel_v1.4,3840,2160,"[[1405.5, 1055.17], [2354.6, 1185.23], [2451.19, 903.0], [2078.53, 1171.48], [1977.97, 1185.5], [1871.03, 1207.13], [1779.21, 1223.44], [1717.98, 1227.2], [1638.23, 1235.5], [1583.04, 1232.87], [1983.5, 1054.5], [1932.83, 1101.17], [1834.83, 1139.83], [1762.83, 1167.83], [1682.5, 1178.5], [1607.5, 1171.5], [1571.5, 1116.5], [1992.93, 985.72], [2467.91, 977.01], [2483.41, 1048.96], [2457.64, 1100.43], [2425.15, 1158.36], [2262.46, 1180.37], [2170.42, 1175.5], [1512.83, 1191.83], [1456.17, 1127.83], [1941.96, 1004.44], [1890.03, 1020.19], [1837.41, 1033.5], [1784.25, 1044.39], [1730.57, 1052.53], [1676.51, 1057.59], [1622.3, 1060.5], [1568.04, 1060.55], [1513.85, 1057.68], [1459.77, 1053.44], [1875.5, 1101.17], [1784.17, 1123.17], [1705.5, 1138.5], [1634.5, 1147.5]]",
PBX,Left,pbx006v03a_l,../marked_images/landmarked_pbx/marked_tiff/left/PBX006V03a_L_MARK.tif,../marked_images/landmarked_pbx/txt/left/PBX006V03a_L.txt,../raw_images/pbx/PBX006V03a_L.tif,PBX,40,40,autolabel_v1.4,3840,2160,"[[1405.5, 1078.5], [2372.79, 1191.5], [2483.31, 916.58], [2112.3, 1170.5], [1999.87, 1185.5], [1890.47, 1205.95], [1802.6, 1218.97], [1733.62, 1230.52], [1642.0, 1241.14], [1574.68, 1233.91], [1974.5, 1058.5], [1927.5, 1110.5], [1835.5, 1152.5], [1762.5, 1181.5], [1688.5, 1194.5], [1611.5, 1193.5], [1574.5, 1130.5], [1982.07, 993.68], [2488.49, 980.85], [2500.34, 1050.53], [2483.11, 1116.58], [2440.52, 1173.2], [2286.14, 1178.18], [2199.78, 1171.47], [1505.5, 1200.0], [1447.5, 1139.5], [1932.16, 1012.46], [1881.29, 1028.55], [1829.44, 1041.17], [1777.03, 1050.97], [1724.23, 1058.59], [1671.21, 1064.56], [1617.99, 1068.42], [1564.67, 1070.05], [1511.32, 1069.89], [1458.05, 1069.23], [1872.5, 1104.5], [1785.5, 1128.5], [1702.5, 1150.5], [1630.5, 1156.5]]",
PBX,Left,pbx006v04b_l,../marked_images/landmarked_pbx/marked_tiff/left/PBX006V04b_L_MARK.tif,../marked_images/landmarked_pbx/txt/left/PBX006V04b_L.txt,../raw_images/pbx/PBX006V04b_L.tif,PBX,40,40,autolabel_v1.4,3840,2160,"[[1423.17, 1059.5], [2351.52, 1205.48], [2433.64, 933.97], [2098.3, 1179.28], [1971.6, 1182.5], [1879.11, 1196.63], [1804.56, 1209.0], [1735.72, 1217.54], [1651.84, 1228.49], [1585.7, 1222.39], [1977.17, 1055.17], [1919.83, 1111.17], [1839.83, 1141.83], [1769.17, 1169.83], [1695.83, 1181.17], [1624.5, 1170.5], [1584.5, 1116.5], [1987.08, 992.13], [2457.38, 996.19], [2467.69, 1062.27], [2453.13, 1129.92], [2416.84, 1183.22], [2266.86, 1198.52], [2182.46, 1190.49], [1512.5, 1190.83], [1463.17, 1130.17], [1938.0, 1009.59], [1888.25, 1025.1], [1837.51, 1036.9], [1786.25, 1046.1], [1734.63, 1053.11], [1682.8, 1058.43], [1630.89, 1054.0], [1578.99, 1055.69], [1527.04, 1057.22], [1475.05, 1054.67], [1870.5, 1096.5], [1785.17, 1123.83], [1714.5, 1138.5], [1642.5, 1140.5]]",
PBX,Left,pbx006v07_l,../marked_images/landmarked_pbx/marked_tiff/left/PBX006V07_L_MARK.tif,../marked_images/landmarked_pbx/txt/left/PBX006V07_L.txt,../raw_images/pbx/PBX006V07_L.tif,PBX,40,40,autolabel_v1.4,3840,2160,"[[1404.17, 1050.5], [2343.99, 1213.5], [2463.52, 938.72], [2106.56, 1174.76], [1970.44, 1183.29], [1882.68, 1201.51], [1792.88, 1216.53], [1714.76, 1221.27], [1636.13, 1227.5], [1560.7, 1211.78], [1978.5, 1059.5], [1915.5, 1106.0], [1828.5, 1144.5], [1748.0, 1166.5], [1687.17, 1178.5], [1598.5, 1171.83], [1559.83, 1105.17], [1990.21, 991.97], [2487.78, 1009.69], [2488.13, 1084.79], [2453.61, 1147.65], [2417.85, 1201.22], [2265.5, 1196.78], [2186.17, 1185.44], [1496.83, 1171.17], [1446.17, 1113.83], [1938.64, 1007.35], [1886.2, 1019.68], [1833.43, 1030.51], [1780.19, 1038.59], [1726.68, 1044.65], [1672.99, 1048.97], [1619.13, 1050.19], [1565.27, 1049.94], [1511.46, 1047.89], [1457.74, 1044.82], [1858.0, 1100.0], [1768.0, 1123.0], [1697.17, 1139.17], [1625.83, 1136.5]]",
PBX,Left,pbx006v08_l,../marked_images/landmarked_pbx/marked_tiff/left/PBX006V08_L_MARK.tif,../marked_images/landmarked_pbx/txt/left/PBX006V08_L.txt,../raw_images/pbx/PBX006V08_L.tif,PBX,40,40,autolabel_v1.4,3840,2160,"[[1376.5, 1048.5], [2368.63, 1218.5], [2494.87, 950.96], [2092.09, 1187.55], [1963.76, 1202.5], [1851.38, 1225.04], [1777.17, 1236.17], [1714.44, 1237.47], [1629.13, 1244.5], [1555.44, 1231.0], [1967.17, 1072.17], [1903.83, 1116.17], [1815.83, 1158.17], [1740.5, 1180.83], [1673.83, 1196.83], [1593.5, 1178.5], [1541.5, 1116.5], [1978.71, 1004.81], [2511.59, 1021.47], [2505.92, 1095.32], [2474.25, 1146.99], [2442.96, 1207.76], [2277.26, 1201.45], [2184.6, 1195.5], [1480.5, 1185.5], [1426.5, 1119.5], [1925.89, 1021.28], [1872.33, 1035.22], [1817.9, 1045.2], [1763.02, 1052.04], [1707.87, 1056.51], [1652.61, 1059.51], [1597.26, 1059.85], [1541.96, 1057.99], [1486.83, 1053.56], [1431.84, 1047.84], [1852.5, 1110.83], [1762.5, 1134.17], [1680.5, 1146.83], [1609.5, 1149.5]]",
PBX,Left,pbx006v09_l,../marked_images/landmarked_pbx/marked_tiff/left/PBX006V09_L_MARK.tif,../marked_images/landmarked_pbx/txt/left/PBX006V09_L.txt,../raw_images/pbx/PBX006V09_L.tif,PBX,40,40,autolabel_v1.4,3840,2160,"[[1361.5, 1060.5], [2340.6, 1177.55], [2429.52, 913.17], [2046.53, 1167.25], [1940.06, 1180.5], [1840.01, 1196.5], [1751.73, 1209.95], [1678.89, 1218.67], [1588.69, 1232.47], [1528.8, 1225.62], [1958.5, 1048.17], [1896.5, 1096.17], [1798.5, 1138.17], [1723.83, 1164.17], [1643.5, 1173.0], [1563.5, 1163.5], [1524.5, 1115.5], [1967.68, 971.36], [2451.97, 975.61], [2464.5, 1041.14], [2447.36, 1105.59], [2404.15, 1156.74], [2242.43, 1176.49], [2144.35, 1174.5], [1462.0, 1188.5], [1408.0, 1123.5], [1915.58, 992.42], [1862.34, 1010.37], [1808.19, 1025.49], [1753.42, 1038.06], [1697.7, 1045.65], [1641.79, 1051.61], [1585.74, 1055.89], [1529.57, 1057.77], [1473.38, 1056.73], [1417.3, 1053.58], [1837.83, 1088.83], [1746.5, 1114.17], [1662.5, 1131.5], [1595.5, 1139.0]]",
PBX,Left,pbx006v14_l,../marked_images/landmarked_pbx/marked_tiff/left/PBX006V14_L_MARK.tif,../marked_images/landmarked_pbx/txt/left/PBX006V14_L.txt,../raw_images/pbx/PBX006V14_L.tif,PBX,40,40,autolabel_v1.4,3840,2160,"[[1375.83, 1069.5], [2365.4, 1213.5], [2470.65, 906.57], [2108.23, 1191.69], [1977.72, 1198.53], [1873.95, 1217.65], [1781.76, 1231.12], [1712.15, 1237.68], [1647.71, 1247.7], [1577.67, 1246.4], [1981.83, 1056.5], [1919.83, 1098.5], [1829.83, 1139.83], [1753.17, 1171.83], [1679.5, 1187.5], [1605.17, 1183.17], [1546.5, 1129.17], [1992.47, 983.41], [2478.33, 981.65], [2492.58, 1055.0], [2478.97, 1129.85], [2439.73, 1193.0], [2279.57, 1205.03], [2194.22, 1198.5], [1495.83, 1206.83], [1433.83, 1142.17], [1939.2, 1003.69], [1884.98, 1021.32], [1829.51, 1034.43], [1773.5, 1044.95], [1717.08, 1053.01], [1660.35, 1058.69], [1603.46, 1062.56], [1546.48, 1064.09], [1489.48, 1063.78], [1432.54, 1063.54], [1864.5, 1097.17], [1773.83, 1120.5], [1693.17, 1141.83], [1627.17, 1149.17]]",
PBX,Left,pbx006v20_l,../marked_images/landmarked_pbx/marked_tiff/left/PBX006V20_L_MARK.tif,../marked_images/landmarked_pbx/txt/left/PBX006V20_L.txt,../raw_images/pbx/PBX006V20_L.tif,PBX,40,40,autolabel_v1.4,3840,2160,"[[1386.5, 1066.5], [2353.84, 1175.56], [2435.64, 925.06], [2088.48, 1160.5], [1973.5, 1171.0], [1869.81, 1190.68], [1792.0, 1204.52], [1717.68, 1213.79], [1647.11, 1223.5], [1584.21, 1223.68], [1966.5, 1049.17], [1911.17, 1099.17], [1825.17, 1132.5], [1745.17, 1155.17], [1683.5, 1173.5], [1605.5, 1166.5], [1558.5, 1113.5], [1975.19, 972.05], [2447.86, 984.9], [2457.7, 1044.46], [2444.32, 1104.21], [2411.05, 1151.45], [2265.47, 1169.42], [2177.24, 1165.5], [1504.5, 1189.17], [1441.17, 1131.83], [1924.35, 992.03], [1872.35, 1008.83], [1819.61, 1022.99], [1766.32, 1034.99], [1712.62, 1044.98], [1658.51, 1052.54], [1604.06, 1057.02], [1549.49, 1059.02], [1494.87, 1058.68], [1440.34, 1057.19], [1855.83, 1093.83], [1771.17, 1112.5], [1691.17, 1131.83], [1626.5, 1142.5]]",
PBX,Left,pbx006v21_l,../marked_images/landmarked_pbx/marked_tiff/left/PBX006V21_L_MARK.tif,../marked_images/landmarked_pbx/txt/left/PBX006V21_L.txt,../raw_images/pbx/PBX006V21_L.tif,PBX,40,40,autolabel_v1.4,3840,2160,"[[1392.5, 1055.5], [2359.46, 1178.57], [2431.64, 902.98], [2077.81, 1162.5], [1966.99, 1174.5], [1869.13, 1191.22], [1786.62, 1202.43], [1714.01, 1211.67], [1640.15, 1224.44], [1567.37, 1217.52], [1959.17, 1056.17], [1902.5, 1102.83], [1823.17, 1140.17], [1749.83, 1167.5], [1691.17, 1188.17], [1605.17, 1173.5], [1554.5, 1122.83], [1967.89, 987.64], [2443.22, 966.1], [2438.09, 1028.39], [2437.32, 1091.91], [2416.23, 1149.27], [2265.69, 1177.5], [2171.71, 1170.5], [1498.5, 1178.83], [1440.5, 1118.17], [1917.23, 1003.6], [1866.41, 1019.01], [1814.91, 1031.94], [1762.82, 1042.12], [1710.25, 1049.52], [1657.35, 1054.25], [1604.3, 1056.7], [1551.22, 1056.48], [1498.2, 1053.75], [1445.31, 1049.83], [1857.17, 1097.5], [1776.5, 1118.83], [1697.83, 1136.17], [1627.17, 1144.83]]",
PBX,Left,pbx006v22_l,../marked_images/landmarked_pbx/marked_tiff/left/PBX006V22_L_MARK.tif,../marked_images/landmarked_pbx/txt/left/PBX006V22_L.txt,../raw_images/pbx/PBX006V22_L.tif,PBX,40,40,autolabel_v1.4,3840,2160,"[[1391.17, 1050.83], [2383.56, 1172.42], [2457.3, 927.64], [2101.32, 1162.71], [1956.61, 1173.52], [1868.48, 1188.5], [1779.05, 1202.36], [1702.52, 1211.6], [1637.94, 1220.26], [1570.4, 1215.62], [1978.5, 1037.5], [1907.83, 1102.83], [1826.5, 1129.5], [1754.5, 1158.83], [1685.17, 1178.83], [1604.5, 1156.5], [1557.5, 1108.5], [1986.83, 969.52], [2470.74, 985.24], [2493.25, 1039.34], [2472.99, 1095.32], [2436.51, 1143.95], [2289.73, 1171.96], [2195.81, 1165.86], [1500.5, 1181.5], [1439.83, 1118.83], [1935.62, 989.78], [1882.77, 1005.33], [1829.25, 1018.34], [1775.24, 1029.05], [1720.8, 1037.37], [1665.98, 1042.89], [1611.0, 1046.33], [1555.94, 1048.0], [1500.89, 1047.33], [1445.91, 1044.67], [1859.83, 1088.83], [1769.83, 1111.5], [1697.83, 1125.5], [1631.5, 1134.5]]",
PBX,Left,pbx008v01_l,../marked_images/landmarked_pbx/marked_tiff/left/PBX008V01_L_MARK.tif,../marked_images/landmarked_pbx/txt/left/PBX008V01_L.txt,../raw_images/pbx/PBX008V01_L.tif,PBX,40,40,autolabel_v1.4,3840,2160,"[[1355.5, 1050.5], [2395.71, 1186.5], [2467.96, 930.71], [2090.29, 1170.5], [1955.27, 1178.51], [1847.57, 1196.98], [1764.47, 1213.41], [1698.63, 1219.34], [1623.81, 1225.5], [1557.43, 1223.5], [1956.5, 1050.5], [1897.5, 1102.5], [1806.5, 1126.5], [1735.5, 1153.5], [1669.5, 1176.5], [1597.5, 1184.5], [1525.5, 1110.5], [1966.88, 971.09], [2484.49, 990.97], [2495.86, 1052.81], [2493.11, 1115.27], [2454.5, 1165.06], [2293.97, 1177.67], [2192.07, 1179.5], [1470.5, 1183.5], [1410.5, 1124.5], [1915.58, 995.6], [1864.73, 1021.03], [1808.69, 1030.12], [1752.43, 1038.3], [1695.97, 1044.57], [1639.19, 1047.56], [1582.35, 1049.08], [1525.5, 1048.95], [1468.7, 1046.97], [1411.99, 1044.06], [1851.5, 1094.5], [1751.5, 1112.5], [1670.5, 1125.5], [1610.5, 1139.5]]",
PBX,Left,pbx009v05_l,../marked_images/landmarked_pbx/marked_tiff/left/PBX009V05_L_MARK.tif,../marked_images/landmarked_pbx/txt/left/PBX009V05_L.txt,../raw_images/pbx/PBX009V05_l.tif,PBX,40,40,autolabel_v1.4,3840,2160,"[[1400.5, 1076.83], [2348.32, 1196.05], [2416.52, 919.3], [2092.64, 1173.5], [1968.32, 1188.61], [1879.23, 1207.64], [1801.7, 1223.33], [1731.9, 1233.73], [1663.09, 1243.63], [1597.65, 1245.5], [1966.5, 1050.5], [1907.17, 1103.17], [1830.5, 1145.83], [1759.17, 1176.5], [1706.5, 1204.5], [1616.5, 1185.17], [1565.0, 1135.5], [1974.49, 987.02], [2471.58, 963.25], [2483.25, 1037.59], [2458.87, 1110.46], [2422.01, 1173.84], [2262.88, 1191.11], [2177.81, 1181.62], [1516.5, 1206.83], [1453.83, 1144.83], [1925.06, 1007.05], [1875.02, 1025.47], [1823.39, 1038.91], [1771.33, 1050.46], [1718.93, 1060.42], [1666.24, 1068.72], [1613.19, 1074.28], [1559.91, 1074.89], [1506.63, 1072.76], [1453.45, 1070.38], [1857.17, 1102.5], [1776.5, 1129.17], [1701.17, 1151.17], [1643.17, 1157.83]]",
PBX,Left,pbx009v12_l,../marked_images/landmarked_pbx/marked_tiff/left/PBX009V12_L_MARK.tif,../marked_images/landmarked_pbx/txt/left/PBX009V12_L.txt,../raw_images/pbx/PBX009V12_L.tif,PBX,40,40,autolabel_v1.4,3840,2160,"[[1355.5, 1073.5], [2368.35, 1205.77], [2447.03, 935.51], [2075.88, 1179.5], [1964.68, 1187.29], [1858.9, 1203.85], [1767.53, 1220.49], [1702.54, 1224.72], [1632.32, 1235.79], [1556.96, 1236.45], [1949.5, 1058.5], [1892.17, 1101.83], [1809.5, 1137.17], [1736.17, 1168.5], [1661.5, 1183.83], [1580.0, 1171.5], [1530.5, 1118.5], [1958.03, 993.16], [2465.41, 1002.71], [2486.5, 1067.95], [2462.12, 1132.2], [2435.49, 1188.43], [2270.96, 1199.69], [2173.54, 1189.5], [1475.5, 1200.5], [1408.5, 1142.5], [1905.06, 1009.91], [1851.52, 1024.72], [1797.28, 1036.69], [1742.58, 1046.27], [1687.58, 1054.07], [1632.47, 1061.09], [1576.98, 1063.7], [1521.46, 1065.52], [1465.92, 1065.92], [1410.44, 1065.22], [1842.17, 1094.5], [1752.17, 1123.83], [1676.17, 1138.5], [1604.0, 1149.5]]",
PBX,Left,pbx009v14_l,../marked_images/landmarked_pbx/marked_tiff/left/PBX009V14_L_MARK.tif,../marked_images/landmarked_pbx/txt/left/PBX009V14_L.txt,../raw_images/pbx/PBX009V14_L.tif,PBX,40,40,autolabel_v1.4,3840,2160,"[[1378.83, 1092.17], [2347.63, 1207.57], [2398.61, 926.2], [2070.46, 1186.24], [1946.56, 1207.74], [1858.82, 1224.78], [1773.32, 1229.85], [1708.32, 1235.15], [1631.0, 1247.14], [1564.45, 1245.41], [1950.17, 1076.83], [1889.5, 1134.5], [1811.5, 1154.83], [1737.5, 1184.17], [1676.5, 1199.5], [1590.5, 1187.5], [1543.5, 1136.5], [1958.9, 1003.5], [2422.53, 989.58], [2443.44, 1055.24], [2445.39, 1124.43], [2411.23, 1180.96], [2254.87, 1205.68], [2162.48, 1198.5], [1488.83, 1216.17], [1428.17, 1151.5], [1908.49, 1022.22], [1857.06, 1038.0], [1804.86, 1050.89], [1752.12, 1061.35], [1698.96, 1069.45], [1645.46, 1075.0], [1591.82, 1079.03], [1538.09, 1081.43], [1484.36, 1081.23], [1430.76, 1078.12], [1844.17, 1116.83], [1766.83, 1138.83], [1681.5, 1154.5], [1614.5, 1164.5]]",
PBX,Left,pbx009v17_l,../marked_images/landmarked_pbx/marked_tiff/left/PBX009V17_L_MARK.tif,../marked_images/landmarked_pbx/txt/left/PBX009V17_L.txt,../raw_images/pbx/PBX009V17_L.tif,PBX,40,40,autolabel_v1.4,3840,2160,"[[1379.5, 1066.0], [2371.01, 1203.46], [2453.85, 907.02], [2092.02, 1176.46], [1991.87, 1191.5], [1870.35, 1210.73], [1784.92, 1229.35], [1718.62, 1238.38], [1636.18, 1248.5], [1565.02, 1245.86], [1979.5, 1057.5], [1919.5, 1105.0], [1832.5, 1150.5], [1751.83, 1181.5], [1675.17, 1194.83], [1599.83, 1180.17], [1537.17, 1130.83], [1988.65, 991.5], [2467.57, 978.27], [2488.5, 1047.31], [2473.01, 1119.43], [2441.32, 1184.37], [2278.48, 1188.99], [2185.34, 1181.5], [1482.0, 1200.5], [1421.5, 1132.5], [1936.22, 1012.2], [1882.44, 1029.12], [1827.93, 1043.4], [1772.77, 1054.87], [1717.09, 1063.5], [1661.02, 1069.38], [1604.74, 1072.6], [1548.41, 1072.36], [1492.12, 1069.56], [1435.87, 1066.16], [1860.5, 1106.5], [1773.5, 1131.5], [1696.5, 1149.17], [1619.83, 1154.5]]",
PBX,Left,pbx009v18_l,../marked_images/landmarked_pbx/marked_tiff/left/PBX009V18_L_MARK.tif,../marked_images/landmarked_pbx/txt/left/PBX009V18_L.txt,../raw_images/pbx/PBX009V18_L.tif,PBX,40,40,autolabel_v1.4,3840,2160,"[[1353.83, 1067.17], [2354.53, 1200.24], [2456.2, 912.64], [2089.35, 1176.42], [1978.51, 1186.59], [1860.64, 1204.5], [1765.09, 1222.19], [1698.43, 1226.28], [1629.82, 1236.68], [1553.38, 1240.27], [1968.5, 1036.5], [1905.5, 1096.5], [1821.5, 1138.5], [1735.5, 1170.5], [1666.5, 1178.5], [1594.5, 1179.5], [1534.5, 1116.5], [1977.02, 972.46], [2474.34, 984.78], [2484.51, 1057.05], [2469.12, 1131.0], [2430.33, 1185.6], [2265.72, 1195.47], [2177.44, 1186.5], [1476.5, 1199.17], [1409.5, 1139.17], [1923.57, 994.4], [1868.98, 1013.34], [1813.12, 1027.97], [1756.53, 1039.48], [1699.45, 1048.42], [1642.08, 1055.32], [1584.44, 1059.32], [1526.71, 1061.59], [1468.95, 1061.6], [1411.25, 1060.7], [1859.5, 1087.5], [1766.5, 1118.5], [1683.5, 1137.5], [1617.5, 1145.5]]",
PBX,Left,pbx009v19_l,../marked_images/landmarked_pbx/marked_tiff/left/PBX009V19_L_MARK.tif,../marked_images/landmarked_pbx/txt/left/PBX009V19_L.txt,../raw_images/pbx/PBX009V19_L.tif,PBX,40,40,autolabel_v1.4,3840,2160,"[[1359.0, 1068.5], [2376.19, 1193.09], [2472.75, 912.51], [2083.06, 1171.13], [1968.47, 1181.5], [1868.51, 1198.25], [1774.7, 1213.39], [1698.97, 1216.15], [1634.48, 1226.98], [1566.52, 1230.24], [1983.17, 1037.17], [1919.83, 1091.83], [1829.17, 1133.83], [1743.83, 1163.83], [1671.83, 1178.5], [1595.5, 1164.5], [1539.5, 1121.5], [1991.35, 970.33], [2488.88, 977.54], [2489.49, 1045.35], [2481.42, 1114.36], [2441.32, 1170.15], [2278.27, 1188.18], [2180.7, 1178.56], [1486.0, 1194.5], [1418.0, 1139.0], [1936.26, 990.06], [1880.24, 1006.91], [1823.53, 1021.24], [1766.26, 1033.19], [1708.55, 1042.9], [1650.56, 1050.69], [1592.38, 1056.98], [1534.02, 1060.89], [1475.54, 1062.0], [1417.08, 1061.33], [1866.5, 1084.5], [1773.83, 1108.5], [1690.5, 1124.5], [1617.5, 1135.5]]",
PBX,Left,pbx009v21_l,../marked_images/landmarked_pbx/marked_tiff/left/PBX009V21_L_MARK.tif,../marked_images/landmarked_pbx/txt/left/PBX009V21_L.txt,../raw_images/pbx/PBX009V21_L.tif,PBX,40,40,autolabel_v1.4,3840,2160,"[[1384.83, 1042.5], [2332.84, 1198.5], [2473.6, 962.94], [2089.28, 1174.5], [1964.06, 1177.55], [1866.03, 1189.51], [1785.5, 1198.24], [1710.37, 1206.87], [1629.62, 1216.58], [1571.74, 1214.48], [1968.83, 1047.5], [1902.83, 1094.17], [1820.17, 1131.5], [1749.5, 1158.17], [1682.17, 1170.17], [1597.5, 1152.5], [1554.5, 1101.5], [1979.56, 982.32], [2481.36, 1028.26], [2467.87, 1091.69], [2439.42, 1149.56], [2397.55, 1186.33], [2251.17, 1195.5], [2169.99, 1186.85], [1493.5, 1170.5], [1434.17, 1107.17], [1926.95, 997.33], [1873.99, 1011.03], [1820.37, 1021.85], [1766.34, 1030.23], [1712.0, 1036.53], [1657.51, 1041.35], [1602.88, 1044.31], [1548.21, 1044.33], [1493.63, 1041.26], [1439.23, 1036.62], [1856.83, 1084.83], [1770.83, 1108.17], [1692.83, 1120.83], [1626.5, 1128.5]]",
PBX,Left,pbx009v24_l,../marked_images/landmarked_pbx/marked_tiff/left/PBX009V24_L_MARK.tif,../marked_images/landmarked_pbx/txt/left/PBX009V24_L.txt,../raw_images/pbx/PBX009V24_L.tif,PBX,40,40,autolabel_v1.4,3840,2160,"[[1376.5, 1063.5], [2381.16, 1183.5], [2463.86, 909.0], [2118.32, 1166.5], [1985.83, 1179.18], [1882.59, 1197.39], [1789.49, 1211.59], [1721.05, 1220.58], [1642.69, 1231.52], [1571.23, 1230.31], [1990.83, 1040.83], [1921.5, 1092.17], [1838.83, 1136.83], [1759.5, 1166.5], [1691.5, 1188.0], [1614.0, 1167.5], [1553.5, 1116.5], [1998.47, 976.94], [2484.16, 976.7], [2494.5, 1046.85], [2486.44, 1116.14], [2451.1, 1172.84], [2293.72, 1172.4], [2206.4, 1170.5], [1492.5, 1192.5], [1429.5, 1131.5], [1944.51, 996.84], [1889.73, 1014.38], [1833.84, 1027.84], [1777.44, 1039.07], [1720.7, 1048.36], [1663.62, 1055.5], [1606.24, 1059.43], [1548.76, 1061.07], [1491.27, 1060.31], [1433.84, 1058.95], [1872.83, 1086.17], [1774.17, 1121.5], [1700.5, 1135.0], [1633.5, 1143.5]]",
PBX,Left,pbx009v25_l,../marked_images/landmarked_pbx/marked_tiff/left/PBX009V25_L_MARK.tif,../marked_images/landmarked_pbx/txt/left/PBX009V25_L.txt,../raw_images/pbx/PBX009V25_L.tif,PBX,40,40,autolabel_v1.4,3840,2160,"[[1372.17, 1088.83], [2331.87, 1187.5], [2407.85, 917.04], [2081.6, 1170.03], [1951.66, 1183.5], [1848.68, 1204.6], [1768.83, 1219.36], [1707.94, 1226.99], [1627.11, 1235.5], [1560.67, 1235.5], [1957.83, 1047.17], [1894.5, 1111.17], [1809.17, 1148.5], [1738.5, 1176.5], [1657.17, 1180.5], [1588.5, 1178.5], [1536.5, 1130.5], [1963.46, 992.4], [2442.33, 974.84], [2457.75, 1044.79], [2445.93, 1115.45], [2401.51, 1170.97], [2248.02, 1186.15], [2164.66, 1179.5], [1490.17, 1198.83], [1426.17, 1147.5], [1912.01, 1011.35], [1859.86, 1028.31], [1806.98, 1042.78], [1753.47, 1054.63], [1699.44, 1063.92], [1645.06, 1071.02], [1590.43, 1075.7], [1535.65, 1077.86], [1480.82, 1078.16], [1426.13, 1079.07], [1838.5, 1100.5], [1751.83, 1125.17], [1679.83, 1141.83], [1614.5, 1157.5]]",
PBX,Left,pbx009v26_l,../marked_images/landmarked_pbx/marked_tiff/left/PBX009V26_L_MARK.tif,../marked_images/landmarked_pbx/txt/left/PBX009V26_L.txt,../raw_images/pbx/PBX009V26_L.tif,PBX,40,40,autolabel_v1.4,3840,2160,"[[1381.17, 1057.83], [2368.33, 1201.5], [2451.08, 943.83], [2079.62, 1177.5], [1965.39, 1186.5], [1865.24, 1201.34], [1780.63, 1213.5], [1704.98, 1218.42], [1638.49, 1226.07], [1568.43, 1226.24], [1983.5, 1047.5], [1914.5, 1099.5], [1827.5, 1138.5], [1759.5, 1171.5], [1690.5, 1187.5], [1607.5, 1166.5], [1551.5, 1114.5], [1993.6, 978.13], [2491.94, 984.47], [2471.38, 1023.39], [2479.12, 1104.01], [2448.67, 1179.63], [2272.39, 1189.96], [2175.84, 1188.47], [1491.17, 1189.83], [1428.5, 1124.5], [1941.0, 998.98], [1887.11, 1016.37], [1832.12, 1029.75], [1776.59, 1040.65], [1720.47, 1048.19], [1664.01, 1052.27], [1607.44, 1054.72], [1550.82, 1055.39], [1494.22, 1053.82], [1437.66, 1053.86], [1865.5, 1094.5], [1778.5, 1117.5], [1697.5, 1132.5], [1628.5, 1137.5]]",
PBX,Left,pbx009v27_l,../marked_images/landmarked_pbx/marked_tiff/left/PBX009V27_L_MARK.tif,../marked_images/landmarked_pbx/txt/left/PBX009V27_L.txt,../raw_images/pbx/PBX009V27_L.tif,PBX,40,40,autolabel_v1.4,3840,2160,"[[1357.5, 1055.5], [2374.77, 1205.92], [2486.66, 938.06], [2088.98, 1168.5], [1979.93, 1176.47], [1878.4, 1194.37], [1791.49, 1213.32], [1717.21, 1218.58], [1624.16, 1223.51], [1564.45, 1221.5], [1978.17, 1052.83], [1915.5, 1103.5], [1822.17, 1136.17], [1753.5, 1167.5], [1686.5, 1179.5], [1598.5, 1157.5], [1552.5, 1108.5], [1989.22, 978.09], [2487.05, 1002.86], [2498.4, 1067.64], [2480.81, 1132.81], [2438.3, 1185.78], [2279.91, 1190.87], [2184.52, 1179.75], [1482.17, 1190.17], [1414.83, 1123.5], [1932.69, 992.1], [1875.83, 1004.72], [1818.8, 1016.56], [1761.5, 1026.86], [1703.79, 1034.76], [1645.89, 1041.07], [1587.83, 1045.48], [1529.65, 1047.2], [1471.45, 1045.78], [1413.42, 1040.73], [1860.17, 1090.17], [1768.17, 1116.17], [1690.5, 1131.5], [1627.5, 1129.5]]",
PBX,Left,pbx009v28_l,../marked_images/landmarked_pbx/marked_tiff/left/PBX009V28_L_MARK.tif,../marked_images/landmarked_pbx/txt/left/PBX009V28_L.txt,../raw_images/pbx/PBX009V28_L.tif,PBX,40,40,autolabel_v1.4,3840,2160,"[[1380.17, 1076.17], [2339.79, 1205.47], [2462.43, 903.51], [2096.85, 1177.33], [1965.81, 1183.5], [1858.36, 1203.77], [1780.34, 1215.5], [1705.71, 1224.63], [1631.4, 1236.51], [1570.32, 1235.39], [1964.0, 1060.5], [1900.0, 1111.5], [1826.5, 1153.0], [1751.0, 1176.5], [1675.83, 1190.83], [1598.5, 1180.17], [1546.5, 1126.83], [1975.97, 971.64], [2486.5, 1016.12], [2452.95, 1084.38], [2384.5, 1096.98], [2438.88, 1164.19], [2258.51, 1198.73], [2177.62, 1189.5], [1496.17, 1200.83], [1438.17, 1140.83], [1924.13, 991.25], [1871.14, 1007.57], [1817.39, 1021.13], [1763.3, 1033.32], [1708.89, 1043.84], [1653.86, 1050.68], [1598.69, 1056.19], [1543.37, 1059.36], [1487.94, 1060.13], [1432.51, 1058.61], [1855.5, 1101.0], [1770.0, 1121.0], [1696.5, 1146.83], [1623.17, 1151.5]]",
PBX,Left,pbx009v30_l,../marked_images/landmarked_pbx/marked_tiff/left/PBX009V30_L_MARK.tif,../marked_images/landmarked_pbx/txt/left/PBX009V30_L.txt,../raw_images/pbx/PBX009V30_L.tif,PBX,40,40,autolabel_v1.4,3840,2160,"[[1378.83, 1044.5], [2345.16, 1191.5], [2438.37, 917.16], [2077.56, 1166.5], [1956.54, 1176.5], [1846.95, 1194.15], [1760.61, 1208.5], [1695.46, 1211.24], [1625.77, 1214.49], [1555.17, 1205.39], [1956.5, 1049.5], [1893.5, 1090.5], [1811.5, 1130.5], [1737.5, 1155.5], [1665.5, 1162.5], [1589.5, 1147.5], [1547.5, 1094.5], [1967.04, 980.24], [2462.89, 980.89], [2466.87, 1049.1], [2448.44, 1112.09], [2407.04, 1166.45], [2257.37, 1179.62], [2168.39, 1177.03], [1484.17, 1165.17], [1427.5, 1107.17], [1916.98, 1000.19], [1863.73, 1010.35], [1810.2, 1018.93], [1756.56, 1026.77], [1702.74, 1033.17], [1648.73, 1037.71], [1594.56, 1039.95], [1540.36, 1040.5], [1486.22, 1038.63], [1432.25, 1035.23], [1844.5, 1085.5], [1761.5, 1106.5], [1686.5, 1118.5], [1618.5, 1125.5]]",
PBX,Left,pbx009v32_l,../marked_images/landmarked_pbx/marked_tiff/left/PBX009V32_L_MARK.tif,../marked_images/landmarked_pbx/txt/left/PBX009V32_L.txt,../raw_images/pbx/PBX009V32_L.tif,PBX,40,40,autolabel_v1.4,3840,2160,"[[1363.17, 1062.83], [2382.49, 1191.52], [2486.63, 922.16], [2079.25, 1168.49], [1956.52, 1179.0], [1856.74, 1196.95], [1769.4, 1213.05], [1706.75, 1219.5], [1630.43, 1230.02], [1554.84, 1226.5], [1974.17, 1050.17], [1909.5, 1097.5], [1820.83, 1140.83], [1742.17, 1168.83], [1669.5, 1180.17], [1596.83, 1172.83], [1535.5, 1114.17], [1982.67, 982.83], [2512.67, 981.01], [2503.0, 1045.15], [2483.93, 1110.63], [2446.03, 1167.46], [2281.14, 1186.9], [2180.09, 1178.51], [1480.5, 1188.17], [1413.17, 1124.17], [1927.27, 1000.9], [1870.52, 1011.28], [1812.48, 1007.65], [1760.65, 1017.9], [1711.11, 1044.11], [1653.1, 1050.1], [1594.97, 1054.81], [1536.71, 1055.84], [1478.44, 1054.12], [1420.29, 1051.11], [1856.83, 1087.5], [1762.83, 1113.5], [1680.83, 1130.83], [1615.5, 1134.83]]",
PBX,Left,pbx009v33_l,../marked_images/landmarked_pbx/marked_tiff/left/PBX009V33_L_MARK.tif,../marked_images/landmarked_pbx/txt/left/PBX009V33_L.txt,../raw_images/pbx/PBX009V33_L.tif,PBX,40,40,autolabel_v1.4,3840,2160,"[[1389.17, 1060.83], [2330.95, 1194.5], [2400.88, 904.21], [2083.94, 1168.13], [1965.91, 1182.12], [1865.01, 1202.49], [1789.38, 1217.38], [1709.02, 1225.28], [1640.39, 1236.54], [1563.67, 1232.43], [1969.17, 1051.17], [1912.17, 1100.83], [1834.5, 1152.5], [1765.83, 1184.5], [1690.5, 1194.5], [1610.5, 1170.5], [1557.83, 1119.83], [1979.41, 978.99], [2447.68, 961.83], [2460.49, 1037.27], [2451.5, 1113.45], [2403.94, 1172.87], [2248.03, 1192.5], [2165.62, 1182.8], [1488.17, 1192.5], [1432.83, 1123.83], [1928.24, 998.15], [1876.23, 1014.9], [1823.35, 1028.52], [1769.92, 1039.89], [1716.11, 1049.3], [1661.87, 1055.91], [1607.43, 1060.46], [1552.86, 1062.78], [1498.27, 1062.15], [1443.77, 1058.7], [1859.17, 1091.5], [1778.5, 1118.5], [1703.17, 1134.5], [1628.5, 1142.5]]",
PBX,Left,pbx009v35_l,../marked_images/landmarked_pbx/marked_tiff/left/PBX009V35_L_MARK.tif,../marked_images/landmarked_pbx/txt/left/PBX009V35_L.txt,../raw_images/pbx/PBX009V35_L.tif,PBX,40,40,autolabel_v1.4,3840,2160,"[[1404.5, 1081.0], [2327.47, 1196.5], [2407.96, 929.69], [2085.63, 1164.42], [1969.02, 1176.64], [1863.49, 1195.0], [1781.12, 1209.58], [1703.4, 1220.14], [1635.95, 1235.55], [1575.68, 1235.41], [1963.83, 1045.17], [1906.5, 1098.5], [1826.5, 1135.17], [1755.17, 1169.17], [1684.5, 1186.5], [1599.17, 1170.5], [1554.5, 1131.5], [1971.46, 984.22], [2426.64, 994.0], [2435.5, 1060.74], [2432.08, 1128.22], [2392.58, 1181.11], [2247.46, 1180.65], [2167.23, 1168.5], [1504.5, 1201.5], [1446.5, 1139.0], [1922.36, 1003.12], [1872.05, 1018.63], [1821.22, 1032.28], [1769.96, 1044.21], [1718.32, 1054.35], [1666.34, 1062.64], [1613.98, 1068.06], [1561.45, 1071.21], [1508.84, 1071.82], [1456.34, 1071.85], [1853.83, 1091.83], [1776.5, 1119.17], [1697.17, 1139.83], [1625.17, 1149.17]]",
PBX,Left,pbx009v36_l,../marked_images/landmarked_pbx/marked_tiff/left/PBX009V36_L_MARK.tif,../marked_images/landmarked_pbx/txt/left/PBX009V36_L.txt,../raw_images/pbx/PBX009V36_L.tif,PBX,40,40,autolabel_v1.4,3840,2160,"[[1370.17, 1084.83], [2329.26, 1197.5], [2426.54, 927.88], [2083.32, 1177.5], [1964.56, 1186.24], [1848.94, 1207.19], [1787.4, 1220.04], [1706.49, 1229.47], [1636.34, 1238.71], [1562.99, 1237.3], [1959.5, 1063.17], [1900.83, 1112.5], [1820.17, 1145.17], [1744.17, 1175.17], [1676.17, 1199.17], [1598.83, 1201.83], [1549.5, 1131.83], [1968.6, 985.73], [2441.57, 1051.67], [2344.87, 1074.17], [2426.35, 1109.69], [2438.82, 1145.55], [2247.51, 1189.26], [2165.4, 1183.5], [1482.83, 1208.5], [1419.5, 1145.5], [1916.99, 1006.21], [1864.03, 1022.93], [1810.42, 1037.36], [1756.23, 1049.42], [1701.57, 1059.15], [1646.56, 1066.8], [1591.26, 1071.84], [1535.83, 1075.04], [1480.34, 1075.91], [1424.9, 1075.42], [1854.17, 1103.17], [1764.83, 1128.5], [1688.17, 1149.17], [1614.17, 1161.83]]",
PBX,Left,pbx010v02_l,../marked_images/landmarked_pbx/marked_tiff/left/PBX010V02_L_MARK.tif,../marked_images/landmarked_pbx/txt/left/PBX010V02_L.txt,../raw_images/pbx/PBX010V02_L.tif,PBX,40,40,autolabel_v1.4,3840,2160,"[[1362.5, 1058.0], [2338.81, 1196.82], [2436.99, 918.53], [2100.17, 1164.18], [1958.15, 1175.54], [1853.24, 1197.48], [1783.45, 1209.1], [1709.89, 1219.73], [1629.5, 1228.78], [1561.35, 1220.3], [1973.5, 1047.5], [1913.17, 1095.83], [1821.83, 1136.5], [1746.0, 1161.5], [1671.0, 1174.5], [1595.5, 1166.0], [1540.5, 1114.17], [1984.27, 971.75], [2454.05, 986.09], [2462.48, 1056.03], [2448.7, 1124.8], [2406.15, 1179.73], [2259.17, 1186.5], [2179.51, 1176.23], [1477.5, 1191.5], [1411.0, 1120.0], [1930.82, 993.09], [1875.76, 1009.91], [1819.92, 1023.83], [1763.44, 1034.76], [1706.48, 1043.06], [1649.32, 1049.94], [1591.86, 1053.34], [1534.32, 1054.02], [1476.8, 1052.31], [1419.36, 1048.99], [1852.5, 1089.83], [1766.0, 1114.0], [1681.0, 1130.0], [1615.5, 1139.5]]",
PBX,Left,pbx011v01_l,../marked_images/landmarked_pbx/marked_tiff/left/PBX011V01_L_MARK.tif,../marked_images/landmarked_pbx/txt/left/PBX011V01_L.txt,../raw_images/pbx/PBX011V01_L.tif,PBX,40,40,autolabel_v1.4,3840,2160,"[[1361.17, 1061.5], [2398.27, 1189.3], [2451.82, 929.84], [2098.07, 1167.51], [1977.26, 1179.5], [1865.95, 1200.87], [1775.53, 1214.65], [1706.32, 1220.72], [1622.0, 1231.5], [1563.24, 1231.69], [1985.5, 1049.5], [1913.5, 1097.5], [1818.5, 1132.0], [1743.0, 1167.0], [1672.0, 1185.0], [1587.17, 1169.17], [1536.5, 1113.17], [1995.18, 970.96], [2481.66, 980.89], [2499.19, 1045.34], [2497.2, 1111.34], [2460.02, 1165.48], [2297.79, 1184.56], [2198.99, 1169.5], [1481.17, 1202.17], [1412.5, 1128.17], [1940.38, 991.88], [1884.33, 1009.06], [1827.37, 1022.91], [1769.8, 1034.06], [1711.87, 1043.22], [1653.47, 1048.61], [1594.97, 1052.84], [1536.38, 1055.38], [1477.76, 1055.33], [1419.24, 1053.23], [1857.0, 1088.0], [1769.5, 1114.5], [1683.0, 1132.5], [1605.83, 1138.5]]",
PBX,Left,pbx011v03_l,../marked_images/landmarked_pbx/marked_tiff/left/PBX011V03_L_MARK.tif,../marked_images/landmarked_pbx/txt/left/PBX011V03_L.txt,../raw_images/pbx/PBX011V03_L.tif,PBX,40,40,autolabel_v1.4,3840,2160,"[[1362.83, 1065.83], [2373.8, 1185.92], [2452.75, 909.54], [2086.42, 1169.5], [1975.95, 1184.65], [1853.11, 1209.45], [1769.05, 1224.54], [1686.05, 1231.55], [1609.21, 1236.69], [1551.67, 1232.03], [1976.17, 1049.17], [1912.83, 1099.83], [1818.83, 1143.17], [1732.17, 1167.83], [1657.5, 1177.83], [1579.5, 1171.0], [1527.5, 1118.5], [1984.57, 978.41], [2471.97, 975.24], [2485.1, 1042.45], [2483.08, 1110.25], [2438.55, 1162.74], [2278.52, 1177.23], [2182.65, 1173.2], [1478.83, 1193.17], [1414.17, 1134.17], [1930.6, 998.25], [1875.75, 1015.44], [1820.1, 1029.78], [1763.74, 1040.97], [1706.74, 1048.61], [1649.51, 1054.17], [1592.14, 1057.93], [1534.68, 1059.89], [1477.19, 1059.83], [1419.74, 1057.6], [1849.5, 1095.17], [1755.5, 1124.5], [1672.17, 1137.83], [1604.0, 1143.5]]",
PBX,Left,pbx011v05_l,../marked_images/landmarked_pbx/marked_tiff/left/PBX011V05_L_MARK.tif,../marked_images/landmarked_pbx/txt/left/PBX011V05_L.txt,../raw_images/pbx/PBX011V05_L.tif,PBX,40,40,autolabel_v1.4,3840,2160,"[[1363.17, 1068.83], [2364.59, 1200.5], [2477.12, 927.24], [2101.61, 1171.5], [1980.66, 1180.5], [1869.03, 1198.5], [1783.57, 1215.87], [1710.1, 1225.07], [1629.42, 1233.56], [1564.29, 1234.5], [1981.5, 1040.5], [1915.5, 1095.5], [1820.5, 1133.5], [1746.5, 1166.5], [1679.5, 1184.5], [1596.5, 1181.5], [1542.83, 1120.5], [1991.85, 961.81], [2515.64, 1001.3], [2542.5, 1084.51], [2492.83, 1097.08], [2447.63, 1170.4], [2276.83, 1191.83], [2189.48, 1179.78], [1488.5, 1204.17], [1419.83, 1140.17], [1938.12, 984.83], [1882.77, 1003.58], [1826.53, 1019.36], [1769.59, 1032.38], [1712.08, 1042.71], [1654.06, 1049.69], [1595.79, 1054.05], [1537.42, 1057.01], [1479.01, 1058.23], [1420.64, 1058.24], [1852.5, 1091.5], [1767.5, 1121.5], [1681.5, 1143.5], [1619.5, 1141.5]]",
PBX,Left,pbx011v07_l,../marked_images/landmarked_pbx/marked_tiff/left/PBX011V07_L_MARK.tif,../marked_images/landmarked_pbx/txt/left/PBX011V07_L.txt,../raw_images/pbx/PBX011V07_L.tif,PBX,40,40,autolabel_v1.4,3840,2160,"[[1365.17, 1071.83], [2303.29, 1214.5], [2433.55, 940.95], [2088.18, 1200.5], [1958.85, 1205.5], [1866.39, 1217.75], [1775.87, 1230.91], [1698.8, 1237.88], [1622.02, 1247.31], [1552.57, 1244.26], [1962.0, 1061.5], [1910.0, 1104.5], [1824.0, 1148.0], [1740.0, 1172.0], [1665.5, 1190.17], [1584.83, 1178.83], [1532.17, 1131.5], [1971.02, 1002.21], [2449.23, 1016.14], [2456.55, 1094.36], [2438.44, 1170.5], [2377.92, 1216.52], [2233.27, 1213.71], [2160.69, 1208.83], [1475.17, 1207.17], [1411.17, 1136.5], [1918.14, 1019.95], [1863.56, 1031.96], [1809.2, 1044.95], [1754.43, 1055.93], [1699.16, 1063.74], [1643.42, 1067.82], [1587.78, 1073.03], [1531.99, 1072.75], [1476.24, 1069.1], [1420.65, 1065.09], [1850.5, 1103.5], [1761.0, 1127.0], [1688.83, 1144.83], [1614.83, 1156.17]]",
PBX,Left,pbx011v09_l,../marked_images/landmarked_pbx/marked_tiff/left/PBX011V09_L_MARK.tif,../marked_images/landmarked_pbx/txt/left/PBX011V09_L.txt,../raw_images/pbx/PBX011V09_L.tif,PBX,40,40,autolabel_v1.4,3840,2160,"[[1360.5, 1062.5], [2415.29, 1179.61], [2460.98, 895.65], [2117.84, 1166.56], [2002.39, 1187.97], [1887.65, 1210.39], [1792.24, 1226.99], [1712.4, 1235.95], [1639.13, 1241.5], [1567.42, 1240.5], [1996.5, 1048.17], [1933.17, 1097.5], [1837.83, 1139.5], [1755.17, 1170.83], [1678.0, 1180.0], [1600.0, 1173.5], [1542.5, 1120.0], [2005.12, 970.51], [2488.22, 956.1], [2506.8, 1022.95], [2493.93, 1088.85], [2476.93, 1150.84], [2315.69, 1177.43], [2217.53, 1167.5], [1483.5, 1202.5], [1413.5, 1135.5], [1949.94, 993.63], [1893.24, 1012.67], [1835.5, 1028.17], [1776.93, 1040.16], [1717.73, 1048.76], [1658.09, 1053.57], [1598.4, 1057.65], [1538.64, 1058.6], [1478.88, 1056.1], [1419.24, 1051.27], [1875.17, 1095.5], [1783.17, 1119.5], [1690.5, 1137.5], [1618.0, 1149.0]]",
PBX,Left,pbx011v11_l,../marked_images/landmarked_pbx/marked_tiff/left/PBX011V11_L_MARK.tif,../marked_images/landmarked_pbx/txt/left/PBX011V11_L.txt,../raw_images/pbx/PBX011V11_L.tif,PBX,40,40,autolabel_v1.4,3840,2160,"[[1365.83, 1053.17], [2402.39, 1196.6], [2477.88, 890.03], [2079.56, 1181.24], [1963.03, 1195.64], [1853.86, 1216.17], [1772.17, 1231.12], [1697.25, 1234.01], [1626.19, 1239.09], [1557.53, 1232.53], [1960.5, 1062.5], [1900.5, 1105.17], [1805.83, 1141.17], [1736.5, 1177.17], [1660.5, 1181.17], [1576.5, 1165.17], [1525.83, 1111.83], [1969.93, 994.33], [2488.11, 960.78], [2499.08, 1033.68], [2491.99, 1106.48], [2468.94, 1168.56], [2294.98, 1193.89], [2187.37, 1186.5], [1479.17, 1189.17], [1420.5, 1131.83], [1917.24, 1012.01], [1863.37, 1025.7], [1808.86, 1036.43], [1753.97, 1045.11], [1698.82, 1051.83], [1643.34, 1055.25], [1587.81, 1057.69], [1532.26, 1057.47], [1476.77, 1054.69], [1421.37, 1050.79], [1848.83, 1099.83], [1756.5, 1125.17], [1679.17, 1139.83], [1604.5, 1141.17]]",
PBX,Left,pbx011v12_l,../marked_images/landmarked_pbx/marked_tiff/left/PBX011V12_L_MARK.tif,../marked_images/landmarked_pbx/txt/left/PBX011V12_L.txt,../raw_images/pbx/PBX011V12_L.tif,PBX,40,40,autolabel_v1.4,3840,2160,"[[1372.5, 1054.5], [2390.62, 1192.58], [2467.7, 898.25], [2113.58, 1168.53], [1973.74, 1184.5], [1866.43, 1204.58], [1776.91, 1218.66], [1708.43, 1223.89], [1627.98, 1233.5], [1560.8, 1228.38], [1980.5, 1051.5], [1915.5, 1103.5], [1824.5, 1145.5], [1748.5, 1171.5], [1668.5, 1177.5], [1590.5, 1166.5], [1534.5, 1111.5], [1990.31, 979.13], [2487.02, 967.9], [2504.97, 1038.46], [2492.57, 1109.11], [2459.5, 1171.6], [2298.14, 1183.72], [2205.93, 1176.5], [1485.5, 1195.5], [1419.5, 1128.5], [1936.21, 997.1], [1881.51, 1013.18], [1825.9, 1025.62], [1769.77, 1035.51], [1713.28, 1043.05], [1656.51, 1048.31], [1599.59, 1051.47], [1542.6, 1051.99], [1485.66, 1049.78], [1428.88, 1046.0], [1862.5, 1089.5], [1771.5, 1117.5], [1683.5, 1132.5], [1619.5, 1137.5]]",
PBX,Left,pbx011v14_l,../marked_images/landmarked_pbx/marked_tiff/left/PBX011V14_L_MARK.tif,../marked_images/landmarked_pbx/txt/left/PBX011V14_L.txt,../raw_images/pbx/PBX011V14_L.tif,PBX,40,40,autolabel_v1.4,3840,2160,"[[1344.5, 1063.5], [2374.72, 1207.49], [2444.75, 911.46], [2093.59, 1181.5], [1968.81, 1192.5], [1851.55, 1211.47], [1757.98, 1228.5], [1684.7, 1233.62], [1607.72, 1239.5], [1542.22, 1238.5], [1967.0, 1049.5], [1900.0, 1095.0], [1806.5, 1139.5], [1726.5, 1171.0], [1656.83, 1192.5], [1571.5, 1168.5], [1508.83, 1129.83], [1976.84, 979.11], [2476.6, 969.49], [2486.62, 1043.29], [2475.96, 1115.38], [2445.29, 1181.95], [2280.58, 1204.38], [2187.29, 1191.45], [1461.5, 1200.0], [1398.0, 1133.0], [1922.08, 999.71], [1866.38, 1017.65], [1809.62, 1031.82], [1752.24, 1043.11], [1694.39, 1051.85], [1636.24, 1058.39], [1577.85, 1062.31], [1519.38, 1062.96], [1460.94, 1060.52], [1402.65, 1056.92], [1847.5, 1094.5], [1750.0, 1125.0], [1672.83, 1141.83], [1602.17, 1146.5]]",
PBX,Left,pbx011v16_l,../marked_images/landmarked_pbx/marked_tiff/left/PBX011V16_L_MARK.tif,../marked_images/landmarked_pbx/txt/left/PBX011V16_L.txt,../raw_images/pbx/PBX011V16_L.tif,PBX,40,40,autolabel_v1.4,3840,2160,"[[1394.0, 1064.5], [2375.3, 1193.53], [2471.27, 904.18], [2117.39, 1174.58], [1990.82, 1184.5], [1884.92, 1200.3], [1799.22, 1215.25], [1732.92, 1219.22], [1655.45, 1228.21], [1586.54, 1229.53], [1980.5, 1051.5], [1920.0, 1100.5], [1834.0, 1137.0], [1761.5, 1167.5], [1696.5, 1186.83], [1611.5, 1167.5], [1559.5, 1124.5], [1988.77, 988.63], [2555.67, 924.87], [2517.26, 992.97], [2484.41, 1062.2], [2461.7, 1155.18], [2289.48, 1187.01], [2203.29, 1182.5], [1500.0, 1192.0], [1436.5, 1127.0], [1936.94, 1006.76], [1884.25, 1022.21], [1830.52, 1033.69], [1776.48, 1043.61], [1722.16, 1051.69], [1667.56, 1057.7], [1612.71, 1060.87], [1557.8, 1060.31], [1502.93, 1057.78], [1448.19, 1055.41], [1869.0, 1093.0], [1775.5, 1122.0], [1700.5, 1138.17], [1642.5, 1147.5]]",
PBX,Left,pbx011v18_l,../marked_images/landmarked_pbx/marked_tiff/left/PBX011V18_L_MARK.tif,../marked_images/landmarked_pbx/txt/left/PBX011V18_L_MARK.txt,../raw_images/pbx/PBX011V18_L.tif,PBX,40,40,autolabel_v1.4,3840,2160,"[[1397.83, 1066.5], [2350.91, 1197.16], [2439.25, 915.49], [2103.79, 1183.49], [1979.08, 1190.16], [1861.63, 1209.51], [1787.09, 1222.16], [1713.4, 1226.09], [1637.2, 1237.31], [1570.95, 1235.31], [1979.17, 1043.83], [1919.17, 1097.17], [1831.17, 1147.17], [1761.17, 1177.17], [1689.17, 1189.17], [1606.5, 1163.5], [1561.5, 1119.5], [1988.83, 973.31], [2461.21, 991.48], [2468.84, 1071.16], [2424.6, 1121.87], [2401.67, 1160.98], [2267.45, 1196.5], [2187.21, 1189.44], [1496.83, 1198.83], [1442.5, 1136.5], [1938.02, 993.83], [1886.0, 1011.18], [1833.08, 1025.55], [1779.51, 1037.08], [1725.45, 1046.2], [1671.09, 1053.43], [1616.48, 1058.36], [1561.7, 1060.13], [1506.88, 1059.6], [1452.15, 1058.97], [1863.83, 1091.83], [1774.5, 1120.5], [1695.17, 1137.17], [1632.5, 1145.5]]",
PBX,Left,pbx012v01_l,../marked_images/landmarked_pbx/marked_tiff/left/PBX012V01_L_MARK.tif,../marked_images/landmarked_pbx/txt/left/PBX012V01_L.txt,../raw_images/pbx/PBX012V01_L.tif,PBX,40,40,autolabel_v1.4,3840,2160,"[[1361.5, 1059.5], [2388.08, 1204.55], [2452.45, 940.87], [2094.45, 1183.5], [1963.64, 1193.52], [1881.68, 1206.94], [1788.14, 1222.3], [1719.75, 1227.69], [1646.92, 1236.22], [1578.84, 1237.94], [1988.5, 1037.5], [1924.5, 1091.5], [1832.5, 1133.5], [1760.5, 1166.5], [1688.5, 1184.5], [1607.5, 1165.5], [1549.5, 1110.5], [1995.69, 986.6], [2487.02, 1005.83], [2511.35, 1075.41], [2477.79, 1138.19], [2460.85, 1188.79], [2290.01, 1200.49], [2192.22, 1192.51], [1494.5, 1211.5], [1416.5, 1142.5], [1939.53, 1002.3], [1883.05, 1016.79], [1826.12, 1029.35], [1768.69, 1039.24], [1710.75, 1045.89], [1652.68, 1051.2], [1594.49, 1055.0], [1536.22, 1056.49], [1477.91, 1055.97], [1419.63, 1054.91], [1868.5, 1083.5], [1776.5, 1111.5], [1689.5, 1124.5], [1627.5, 1139.5]]",
PBX,Left,pbx012v02_l,../marked_images/landmarked_pbx/marked_tiff/left/PBX012V02_L_MARK.tif,../marked_images/landmarked_pbx/txt/left/PBX012V02_L.txt,../raw_images/pbx/PBX012V02_L.tif,PBX,40,40,autolabel_v1.4,3840,2160,"[[1355.0, 1074.0], [2373.63, 1215.47], [2445.71, 916.44], [2065.98, 1198.49], [1952.85, 1205.37], [1870.45, 1218.5], [1783.72, 1230.15], [1710.96, 1235.2], [1640.42, 1243.05], [1569.39, 1246.78], [1970.5, 1057.17], [1909.17, 1105.17], [1822.5, 1145.83], [1741.17, 1174.5], [1674.5, 1194.5], [1598.5, 1193.5], [1538.5, 1127.5], [1980.17, 987.52], [2477.42, 987.13], [2504.64, 1059.06], [2496.66, 1134.82], [2446.56, 1193.06], [2270.79, 1210.66], [2167.88, 1206.47], [1478.5, 1213.5], [1408.0, 1143.5], [1925.2, 1005.03], [1869.63, 1020.64], [1813.61, 1034.48], [1757.08, 1046.03], [1699.92, 1054.08], [1642.57, 1060.66], [1585.02, 1064.84], [1527.35, 1066.9], [1469.64, 1066.85], [1411.99, 1064.86], [1856.5, 1102.5], [1764.5, 1126.5], [1680.5, 1144.5], [1607.5, 1153.5]]",
PBX,Left,pbx012v04_l,../marked_images/landmarked_pbx/marked_tiff/left/PBX012V04_L_MARK.tif,../marked_images/landmarked_pbx/txt/left/PBX012V04_L.txt,../raw_images/pbx/PBX012V04_L.tif,PBX,40,40,autolabel_v1.4,3840,2160,"[[1386.5, 1065.5], [2369.77, 1201.51], [2470.72, 918.67], [2117.8, 1185.5], [1992.78, 1193.53], [1890.93, 1208.55], [1801.65, 1225.33], [1731.05, 1231.12], [1654.31, 1240.29], [1574.66, 1238.05], [1990.5, 1053.5], [1920.5, 1106.5], [1830.5, 1146.5], [1758.5, 1173.5], [1693.5, 1192.0], [1608.0, 1174.0], [1558.5, 1125.0], [2000.08, 984.21], [2483.5, 989.52], [2495.2, 1062.63], [2489.19, 1128.07], [2440.64, 1182.93], [2285.58, 1201.54], [2201.69, 1193.5], [1500.0, 1203.0], [1435.5, 1129.5], [1946.79, 1003.77], [1893.04, 1022.07], [1837.75, 1034.93], [1781.97, 1045.41], [1725.8, 1053.62], [1669.34, 1059.56], [1612.64, 1062.62], [1555.88, 1063.49], [1499.2, 1061.34], [1442.7, 1057.39], [1869.5, 1101.5], [1774.5, 1128.5], [1697.5, 1141.5], [1631.0, 1150.0]]",
PBX,Left,pbx012v05_l,../marked_images/landmarked_pbx/marked_tiff/left/PBX012V05_L_MARK.tif,../marked_images/landmarked_pbx/txt/left/PBX012V05_L.txt,../raw_images/pbx/PBX012V05_L.tif,PBX,40,40,autolabel_v1.4,3840,2160,"[[1362.5, 1050.5], [2379.46, 1224.27], [2457.52, 947.27], [2125.29, 1190.71], [1982.12, 1190.45], [1873.83, 1203.17], [1776.03, 1217.35], [1701.18, 1223.05], [1618.37, 1229.55], [1550.85, 1228.33], [1978.0, 1052.5], [1911.5, 1105.5], [1823.5, 1138.0], [1742.0, 1169.5], [1669.0, 1180.5], [1590.83, 1183.5], [1536.83, 1112.17], [1990.17, 981.29], [2500.21, 1000.52], [2510.59, 1071.96], [2492.45, 1145.25], [2444.39, 1196.88], [2281.47, 1310.4], [2290.82, 1203.5], [1475.17, 1190.5], [1411.83, 1122.5], [1935.54, 1000.36], [1880.0, 1016.6], [1823.48, 1029.2], [1766.27, 1037.91], [1708.78, 1044.68], [1651.12, 1049.8], [1593.26, 1052.03], [1535.37, 1051.91], [1477.61, 1048.83], [1420.03, 1043.98], [1863.5, 1093.5], [1767.0, 1119.5], [1685.0, 1135.0], [1610.17, 1148.17]]",
PBX,Left,pbx012v06_l,../marked_images/landmarked_pbx/marked_tiff/left/PBX012V06_L_MARK.tif,../marked_images/landmarked_pbx/txt/left/PBX012V06_L.txt,../raw_images/pbx/PBX012V06_L.tif,PBX,40,40,autolabel_v1.4,3840,2160,"[[1349.0, 1062.5], [2372.89, 1191.37], [2478.53, 936.27], [2083.51, 1172.5], [1964.76, 1184.92], [1844.03, 1209.35], [1766.45, 1225.87], [1684.46, 1231.33], [1614.72, 1243.71], [1532.82, 1242.5], [1968.17, 1072.17], [1920.5, 1062.5], [1833.5, 1088.5], [1736.0, 1119.5], [1661.17, 1138.5], [1592.5, 1152.5], [1515.17, 1125.83], [1978.06, 993.56], [2484.06, 1003.69], [2474.15, 1069.19], [2467.77, 1132.73], [2440.79, 1181.21], [2276.48, 1181.97], [2180.44, 1174.5], [1453.0, 1195.5], [1393.0, 1124.5], [1923.51, 1013.39], [1867.8, 1029.57], [1811.33, 1042.9], [1754.3, 1053.57], [1696.83, 1061.58], [1638.96, 1066.06], [1580.94, 1067.27], [1522.91, 1066.98], [1464.94, 1064.59], [1407.03, 1061.32], [1889.5, 1106.0], [1792.0, 1136.0], [1723.83, 1172.5], [1645.17, 1184.5]]",
PBX,Left,pbx012v10_l,../marked_images/landmarked_pbx/marked_tiff/left/PBX012V10_L_MARK.tif,../marked_images/landmarked_pbx/txt/left/PBX012V10_L_MARK.txt,../raw_images/pbx/PBX012V10_L.tif,PBX,40,40,autolabel_v1.4,3840,2160,"[[1371.17, 1072.17], [2378.16, 1204.51], [2419.77, 905.57], [2087.01, 1206.65], [1975.19, 1209.5], [1858.68, 1223.23], [1766.08, 1235.47], [1694.83, 1242.56], [1623.42, 1246.6], [1546.95, 1241.17], [1952.5, 1056.83], [1906.5, 1098.17], [1814.5, 1134.83], [1734.5, 1166.83], [1680.5, 1208.83], [1591.5, 1169.5], [1532.5, 1115.5], [1959.33, 1004.87], [2439.51, 972.48], [2466.75, 1038.42], [2470.27, 1107.86], [2432.03, 1163.99], [2275.13, 1219.45], [2184.87, 1216.54], [1473.17, 1204.83], [1415.83, 1138.83], [1908.26, 1023.45], [1856.4, 1039.76], [1803.68, 1053.08], [1750.29, 1063.14], [1696.46, 1070.61], [1642.34, 1075.67], [1587.99, 1077.19], [1533.69, 1075.09], [1479.48, 1071.05], [1425.34, 1067.58], [1857.83, 1097.5], [1763.83, 1121.5], [1683.17, 1136.83], [1616.5, 1148.17]]",
PBX,Left,pbx012v11_l,../marked_images/landmarked_pbx/marked_tiff/left/PBX012V11_L_MARK.tif,../marked_images/landmarked_pbx/txt/left/PBX012V11_L.txt,../raw_images/pbx/PBX012V11_L.tif,PBX,40,40,autolabel_v1.4,3840,2160,"[[1398.5, 1080.17], [2334.39, 1196.23], [2372.3, 957.57], [2077.83, 1183.56], [1969.38, 1197.22], [1859.51, 1212.5], [1781.21, 1226.47], [1716.2, 1230.44], [1645.39, 1241.75], [1586.65, 1236.51], [1973.17, 1056.5], [1902.5, 1109.83], [1825.17, 1149.83], [1758.5, 1180.5], [1687.83, 1187.17], [1607.83, 1181.17], [1562.5, 1125.5], [1981.6, 988.48], [2423.12, 1012.45], [2449.01, 1064.65], [2446.12, 1124.41], [2410.93, 1183.15], [2248.84, 1191.82], [2163.26, 1189.43], [1507.83, 1199.5], [1446.5, 1142.17], [1931.37, 1008.64], [1879.46, 1023.97], [1827.45, 1038.97], [1775.01, 1052.31], [1721.91, 1062.32], [1667.91, 1066.03], [1614.06, 1071.52], [1560.03, 1073.38], [1505.92, 1072.47], [1451.89, 1071.27], [1850.5, 1105.17], [1766.5, 1125.17], [1689.83, 1143.17], [1629.83, 1152.5]]",
PBX,Left,pbx012v14_l,../marked_images/landmarked_pbx/marked_tiff/left/PBX012V14_L_MARK.tif,../marked_images/landmarked_pbx/txt/left/PBX012V14_L.txt,../raw_images/pbx/PBX012V14_L.tif,PBX,40,40,autolabel_v1.4,3840,2160,"[[1343.5, 1065.5], [2367.43, 1193.02], [2458.51, 904.8], [2083.68, 1174.5], [1964.77, 1185.69], [1869.1, 1204.11], [1780.54, 1221.92], [1700.14, 1227.95], [1632.31, 1238.72], [1570.38, 1238.5], [1981.5, 1041.5], [1913.5, 1094.5], [1822.5, 1135.5], [1750.5, 1172.5], [1678.5, 1185.5], [1597.5, 1176.5], [1531.5, 1118.5], [1990.33, 970.59], [2481.97, 980.27], [2495.1, 1058.99], [2479.75, 1132.56], [2421.37, 1168.06], [2272.71, 1191.04], [2177.98, 1184.9], [1480.5, 1207.5], [1404.5, 1138.5], [1934.42, 991.96], [1877.26, 1009.65], [1819.26, 1024.43], [1760.68, 1036.71], [1701.5, 1045.8], [1642.15, 1053.74], [1582.56, 1059.41], [1522.8, 1062.94], [1462.99, 1063.38], [1403.21, 1061.09], [1861.5, 1092.5], [1766.5, 1118.5], [1688.5, 1131.5], [1613.5, 1147.5]]",
PBX,Left,pbx012v15_l,../marked_images/landmarked_pbx/marked_tiff/left/PBX012V15_L_MARK.tif,../marked_images/landmarked_pbx/txt/left/PBX012V15_L.txt,../raw_images/pbx/PBX012V15_L.tif,PBX,40,40,autolabel_v1.4,3840,2160,"[[1401.5, 1077.5], [2397.09, 1183.29], [2438.68, 918.84], [2110.65, 1181.5], [1977.91, 1192.63], [1882.08, 1208.54], [1783.37, 1227.42], [1712.38, 1232.54], [1629.33, 1240.48], [1565.62, 1239.27], [1966.5, 1057.5], [1910.5, 1099.5], [1831.5, 1150.5], [1757.5, 1178.0], [1678.5, 1193.5], [1597.5, 1173.0], [1550.0, 1127.5], [1973.31, 993.43], [2479.62, 963.12], [2478.26, 1022.32], [2474.98, 1087.9], [2451.37, 1149.12], [2306.02, 1173.5], [2223.63, 1162.41], [1497.5, 1201.5], [1441.5, 1143.0], [1923.25, 1010.55], [1872.9, 1026.77], [1821.7, 1040.11], [1769.94, 1050.99], [1717.75, 1059.53], [1665.23, 1065.87], [1612.53, 1070.63], [1559.7, 1073.35], [1506.86, 1072.99], [1454.08, 1071.56], [1860.5, 1101.5], [1778.5, 1126.5], [1697.0, 1145.0], [1627.0, 1150.5]]",
PBX,Left,pbx012v18_l,../marked_images/landmarked_pbx/marked_tiff/left/PBX012V18_L_MARK.tif,../marked_images/landmarked_pbx/txt/left/PBX012V18_L.txt,../raw_images/pbx/PBX012V18_L.tif,PBX,40,40,autolabel_v1.4,3840,2160,"[[1367.5, 1085.5], [2337.55, 1206.23], [2435.79, 902.78], [2112.7, 1187.51], [1975.89, 1195.5], [1866.27, 1214.53], [1786.16, 1230.09], [1713.26, 1238.1], [1632.73, 1249.8], [1558.53, 1252.5], [1970.17, 1045.17], [1912.83, 1092.5], [1824.17, 1139.17], [1751.5, 1179.17], [1674.83, 1191.17], [1591.5, 1183.17], [1530.5, 1132.5], [1979.09, 973.46], [2458.16, 976.08], [2478.31, 1056.48], [2481.36, 1139.39], [2416.62, 1189.88], [2261.58, 1188.61], [2193.5, 1190.2], [1479.5, 1220.5], [1415.5, 1156.5], [1927.05, 996.63], [1873.8, 1016.93], [1819.2, 1033.36], [1763.86, 1047.01], [1707.96, 1058.05], [1651.61, 1066.63], [1594.97, 1073.16], [1538.05, 1076.3], [1481.07, 1077.5], [1424.13, 1078.9], [1860.83, 1095.17], [1776.83, 1119.17], [1691.5, 1144.5], [1618.83, 1158.5]]",
PBX,Left,pbx012v19_l,../marked_images/landmarked_pbx/marked_tiff/left/PBX012V19_L_MARK.tif,../marked_images/landmarked_pbx/txt/left/PBX012V19_L.txt,../raw_images/pbx/PBX012V19_L.tif,PBX,40,40,autolabel_v1.4,3840,2160,"[[1386.5, 1061.0], [2361.9, 1183.33], [2451.62, 906.23], [2099.76, 1169.5], [1961.67, 1184.71], [1869.75, 1201.48], [1782.41, 1218.89], [1715.83, 1219.28], [1633.78, 1228.5], [1560.98, 1225.36], [1975.83, 1042.83], [1916.5, 1101.5], [1831.17, 1137.5], [1756.5, 1166.17], [1691.83, 1187.5], [1599.17, 1164.83], [1549.17, 1117.5], [1984.38, 974.72], [2478.75, 973.0], [2494.55, 1043.58], [2481.8, 1113.04], [2431.82, 1164.83], [2274.5, 1181.5], [2186.72, 1179.5], [1490.0, 1182.5], [1429.5, 1120.5], [1932.71, 994.49], [1880.08, 1011.56], [1826.46, 1025.18], [1772.24, 1036.01], [1717.55, 1044.32], [1662.56, 1050.5], [1607.38, 1054.71], [1552.11, 1056.79], [1496.8, 1056.5], [1441.55, 1055.41], [1866.5, 1092.83], [1773.83, 1116.17], [1695.83, 1132.17], [1625.17, 1141.5]]",
PBX,Left,pbx012v20_l,../marked_images/landmarked_pbx/marked_tiff/left/PBX012V20_L_MARK.tif,../marked_images/landmarked_pbx/txt/left/PBX012V20_L.txt,../raw_images/pbx/PBX012V20_L.tif,PBX,40,40,autolabel_v1.4,3840,2160,"[[1378.5, 1066.5], [2364.01, 1203.64], [2466.68, 855.66], [2089.18, 1188.48], [1980.65, 1198.28], [1874.59, 1213.58], [1782.59, 1229.4], [1719.22, 1233.19], [1642.77, 1241.5], [1572.58, 1239.71], [1973.5, 1047.5], [1908.5, 1099.5], [1825.5, 1145.5], [1758.5, 1182.5], [1684.5, 1189.5], [1597.5, 1167.5], [1548.5, 1126.5], [1982.32, 984.13], [2570.96, 862.81], [2513.95, 919.5], [2464.1, 1010.79], [2465.72, 1133.84], [2275.01, 1188.89], [2185.52, 1195.5], [1497.5, 1198.5], [1424.5, 1128.5], [1929.9, 1003.62], [1877.06, 1021.95], [1823.22, 1037.01], [1768.6, 1048.81], [1713.38, 1057.53], [1657.79, 1063.59], [1601.95, 1066.77], [1546.05, 1066.92], [1490.17, 1064.96], [1434.33, 1063.22], [1854.5, 1103.5], [1775.5, 1119.5], [1699.5, 1137.5], [1623.5, 1146.17]]",
PBX,Left,pbx012v21_l,../marked_images/landmarked_pbx/marked_tiff/left/PBX012V21_L_MARK.tif,../marked_images/landmarked_pbx/txt/left/PBX012V21_L.txt,../raw_images/pbx/PBX012V21_L.tif,PBX,40,40,autolabel_v1.4,3840,2160,"[[1382.5, 1035.5], [2404.64, 1175.51], [2450.85, 903.95], [2104.61, 1159.53], [1965.97, 1169.15], [1863.88, 1184.63], [1779.99, 1199.17], [1715.49, 1205.68], [1631.13, 1209.5], [1560.22, 1205.5], [1981.17, 1035.83], [1919.83, 1085.17], [1830.5, 1124.5], [1755.83, 1155.17], [1682.5, 1166.5], [1602.5, 1149.83], [1532.5, 1099.5], [1991.48, 960.52], [2481.13, 964.79], [2503.86, 1026.95], [2502.55, 1093.26], [2467.1, 1149.42], [2304.39, 1175.5], [2204.04, 1172.48], [1483.5, 1167.5], [1426.5, 1102.5], [1938.95, 980.71], [1885.06, 996.97], [1830.35, 1010.13], [1774.97, 1019.87], [1719.11, 1026.79], [1663.15, 1032.95], [1606.93, 1035.62], [1550.67, 1035.65], [1494.46, 1033.1], [1438.39, 1028.74], [1865.83, 1081.83], [1775.17, 1107.83], [1698.5, 1121.17], [1625.17, 1125.83]]",
PBX,Left,pbx012v23_l,../marked_images/landmarked_pbx/marked_tiff/left/PBX012V23_L_MARK.tif,../marked_images/landmarked_pbx/txt/left/PBX012V23_L.txt,../raw_images/pbx/PBX012V23_L.tif,PBX,40,40,autolabel_v1.4,3840,2160,"[[1361.5, 1060.5], [2388.76, 1185.38], [2465.64, 901.93], [2090.83, 1172.5], [1962.13, 1184.5], [1858.48, 1202.5], [1764.25, 1217.17], [1688.12, 1221.63], [1628.7, 1222.06], [1561.2, 1217.56], [1961.5, 1056.5], [1899.5, 1104.5], [1803.5, 1135.5], [1731.5, 1162.5], [1663.5, 1179.5], [1581.5, 1156.5], [1535.5, 1117.5], [1969.59, 989.95], [2496.89, 967.26], [2504.22, 1034.75], [2499.81, 1101.88], [2455.88, 1158.44], [2289.36, 1181.5], [2190.18, 1177.32], [1476.5, 1185.5], [1413.5, 1126.5], [1916.78, 1008.78], [1862.01, 1020.88], [1807.24, 1033.02], [1752.02, 1042.46], [1696.25, 1048.37], [1640.25, 1051.69], [1584.19, 1053.74], [1528.12, 1053.58], [1472.07, 1051.36], [1416.12, 1047.69], [1846.5, 1098.5], [1756.5, 1120.5], [1677.5, 1130.5], [1609.5, 1143.5]]",
PBX,Left,pbx012v24_l,../marked_images/landmarked_pbx/marked_tiff/left/PBX012V24_L_MARK.tif,../marked_images/landmarked_pbx/txt/left/PBX012V24_L.txt,../raw_images/pbx/PBX012V24_L.tif,PBX,40,40,autolabel_v1.4,3840,2160,"[[1416.5, 1078.5], [2335.03, 1197.45], [2465.24, 883.37], [2101.31, 1184.5], [2002.27, 1192.7], [1890.24, 1207.53], [1812.03, 1221.74], [1747.6, 1224.93], [1676.27, 1230.7], [1617.87, 1227.45], [1990.5, 1038.5], [1938.0, 1090.0], [1845.0, 1120.5], [1783.5, 1161.5], [1712.0, 1174.5], [1640.5, 1163.5], [1586.5, 1123.5], [1998.35, 977.87], [2527.24, 935.46], [2449.56, 982.52], [2467.5, 1082.83], [2426.42, 1169.02], [2256.94, 1185.9], [2179.2, 1184.93], [1543.5, 1197.5], [1471.5, 1139.5], [1947.81, 997.08], [1896.72, 1014.81], [1844.71, 1029.51], [1792.03, 1041.56], [1738.8, 1050.94], [1685.13, 1057.52], [1631.33, 1062.96], [1577.35, 1065.62], [1523.29, 1066.14], [1469.41, 1067.35], [1884.0, 1083.0], [1798.0, 1112.5], [1727.5, 1129.5], [1659.0, 1141.5]]",
PBX,Left,pbx012v25_l,../marked_images/landmarked_pbx/marked_tiff/left/PBX012V25_L_MARK.tif,../marked_images/landmarked_pbx/txt/left/PBX012V25_L.txt,../raw_images/pbx/PBX012V25_L.tif,PBX,40,40,autolabel_v1.4,3840,2160,"[[1385.83, 1088.5], [2320.9, 1230.5], [2427.39, 965.85], [2077.46, 1207.5], [1956.77, 1214.5], [1854.42, 1229.77], [1788.05, 1242.81], [1715.7, 1250.6], [1646.5, 1254.6], [1584.25, 1255.5], [1966.83, 1072.83], [1916.83, 1113.5], [1820.83, 1150.17], [1750.0, 1178.0], [1681.5, 1195.0], [1609.0, 1188.5], [1557.5, 1131.5], [1977.93, 999.75], [2435.11, 1034.14], [2452.54, 1102.44], [2441.93, 1169.91], [2392.62, 1219.65], [2240.03, 1219.54], [2158.44, 1217.52], [1504.17, 1222.17], [1437.5, 1159.5], [1926.66, 1019.38], [1874.63, 1036.93], [1821.39, 1050.25], [1767.59, 1061.11], [1713.37, 1069.64], [1658.8, 1075.75], [1603.94, 1077.96], [1549.04, 1079.08], [1494.17, 1078.23], [1439.48, 1076.78], [1866.83, 1108.83], [1776.17, 1134.83], [1696.5, 1153.0], [1627.0, 1164.5]]",
PBX,Left,pbx013v02_l,../marked_images/landmarked_pbx/marked_tiff/left/PBX013V02_L_MARK.tif,../marked_images/landmarked_pbx/txt/left/PBX013V02_L.txt,../raw_images/pbx/PBX013V02_L.tif,PBX,40,40,autolabel_v1.4,3840,2160,"[[1363.5, 1057.5], [2360.81, 1199.5], [2468.61, 922.71], [2085.61, 1175.8], [1970.48, 1182.59], [1866.39, 1198.03], [1774.89, 1216.3], [1704.34, 1225.34], [1623.56, 1234.5], [1556.7, 1229.43], [1971.5, 1055.5], [1911.5, 1099.5], [1818.5, 1135.5], [1737.5, 1160.5], [1664.5, 1175.5], [1585.5, 1166.5], [1531.5, 1118.5], [1981.63, 984.37], [2491.5, 990.31], [2498.68, 1060.73], [2477.7, 1129.3], [2430.1, 1182.53], [2269.21, 1189.42], [2177.51, 1183.51], [1477.5, 1190.5], [1406.5, 1120.5], [1927.72, 1002.87], [1872.61, 1017.39], [1817.13, 1030.44], [1761.17, 1040.96], [1704.6, 1047.87], [1647.75, 1051.97], [1590.81, 1054.58], [1533.83, 1055.5], [1476.89, 1053.89], [1420.09, 1050.66], [1856.5, 1095.5], [1761.5, 1120.5], [1678.5, 1136.5], [1612.5, 1140.5]]",
PBX,Left,pbx013v03_l,../marked_images/landmarked_pbx/marked_tiff/left/PBX013V03_L_MARK.tif,../marked_images/landmarked_pbx/txt/left/PBX013V03_L.txt,../raw_images/pbx/PBX013V03_L.tif,PBX,40,40,autolabel_v1.4,3840,2160,"[[1331.5, 1072.5], [2383.09, 1209.82], [2437.12, 888.21], [2084.28, 1189.5], [1961.64, 1203.5], [1847.96, 1223.61], [1754.45, 1243.34], [1677.62, 1252.2], [1598.43, 1258.5], [1527.85, 1255.1], [1965.83, 1058.17], [1902.5, 1102.83], [1801.83, 1145.5], [1723.83, 1183.5], [1643.17, 1196.83], [1555.17, 1180.17], [1494.5, 1138.5], [1974.77, 989.72], [2470.92, 959.01], [2507.36, 1031.57], [2492.06, 1102.64], [2458.4, 1178.66], [2283.95, 1204.36], [2184.44, 1194.5], [1454.5, 1215.5], [1391.5, 1145.5], [1919.41, 1011.45], [1862.55, 1028.82], [1804.93, 1043.44], [1746.62, 1054.9], [1687.71, 1062.95], [1628.46, 1068.03], [1569.11, 1071.83], [1509.68, 1072.81], [1450.25, 1071.26], [1390.86, 1068.94], [1845.83, 1103.5], [1742.5, 1130.17], [1654.5, 1148.17], [1582.5, 1161.5]]",
PBX,Left,pbx013v06_l,../marked_images/landmarked_pbx/marked_tiff/left/PBX013V06_L_MARK.tif,../marked_images/landmarked_pbx/txt/left/PBX013V06_L.txt,../raw_images/pbx/PBX013V06_L.tif,PBX,40,40,autolabel_v1.4,3840,2160,"[[1405.5, 1101.0], [2364.61, 1206.4], [2458.82, 906.79], [2099.41, 1182.5], [1994.59, 1194.5], [1891.23, 1214.52], [1800.58, 1235.96], [1726.27, 1247.37], [1649.94, 1258.51], [1577.73, 1255.63], [1984.5, 1059.5], [1924.0, 1104.5], [1840.0, 1150.5], [1765.0, 1185.0], [1690.5, 1201.5], [1612.83, 1194.83], [1568.17, 1158.17], [1992.18, 989.6], [2461.5, 971.94], [2482.73, 1044.57], [2472.83, 1118.19], [2435.05, 1182.45], [2276.19, 1197.14], [2187.96, 1186.5], [1507.0, 1223.5], [1446.5, 1157.0], [1942.0, 1011.35], [1890.58, 1030.03], [1838.26, 1045.98], [1785.22, 1059.25], [1731.59, 1069.97], [1677.54, 1078.44], [1623.36, 1086.04], [1568.86, 1090.06], [1514.18, 1091.5], [1459.55, 1092.54], [1871.5, 1110.5], [1780.0, 1139.5], [1703.0, 1161.0], [1635.5, 1172.17]]",
PBX,Left,pbx013v09_l,../marked_images/landmarked_pbx/marked_tiff/left/PBX013V09_L_MARK.tif,../marked_images/landmarked_pbx/txt/left/PBX013V09_L.txt,../raw_images/pbx/PBX013V09_L.tif,PBX,40,40,autolabel_v1.4,3840,2160,"[[1388.17, 1076.83], [2326.79, 1217.38], [2434.79, 891.81], [2104.18, 1191.63], [1964.82, 1195.5], [1864.52, 1210.72], [1773.23, 1228.43], [1694.35, 1236.81], [1603.23, 1245.52], [1542.45, 1239.33], [1965.0, 1055.5], [1907.5, 1100.5], [1817.0, 1141.0], [1735.0, 1177.0], [1657.5, 1189.83], [1578.83, 1176.5], [1534.17, 1134.5], [1973.51, 998.68], [2467.0, 971.53], [2464.74, 1052.59], [2433.55, 1123.44], [2407.3, 1192.17], [2253.06, 1204.4], [2178.49, 1199.5], [1479.5, 1201.83], [1423.17, 1133.5], [1920.06, 1009.55], [1867.27, 1023.07], [1814.81, 1037.94], [1761.37, 1048.84], [1710.24, 1066.71], [1658.84, 1082.33], [1604.73, 1083.55], [1551.6, 1071.25], [1497.06, 1071.34], [1442.58, 1073.16], [1854.0, 1100.0], [1769.0, 1127.5], [1679.5, 1145.17], [1606.17, 1157.17]]",
PBX,Left,pbx013v11_l,../marked_images/landmarked_pbx/marked_tiff/left/PBX013V11_L_MARK.tif,../marked_images/landmarked_pbx/txt/left/PBX013V11_L.txt,../raw_images/pbx/PBX013V11_L.tif,PBX,40,40,autolabel_v1.4,3840,2160,"[[1401.5, 1113.5], [2353.99, 1224.36], [2464.82, 961.2], [2095.14, 1196.5], [1976.26, 1205.5], [1876.78, 1224.44], [1802.76, 1240.64], [1725.31, 1251.58], [1652.63, 1261.3], [1586.79, 1260.8], [1967.17, 1066.17], [1909.17, 1116.5], [1826.5, 1164.17], [1754.5, 1194.83], [1682.5, 1206.83], [1612.5, 1200.5], [1556.5, 1169.5], [1975.24, 996.79], [2484.8, 1029.07], [2489.75, 1098.26], [2458.74, 1161.02], [2423.57, 1213.47], [2268.08, 1210.69], [2181.87, 1202.4], [1522.17, 1230.83], [1458.83, 1176.17], [1926.09, 1018.13], [1876.04, 1037.3], [1824.82, 1053.17], [1772.76, 1065.91], [1720.25, 1076.66], [1667.4, 1085.6], [1614.2, 1092.32], [1560.85, 1097.63], [1507.36, 1100.31], [1453.92, 1102.25], [1860.5, 1115.5], [1768.5, 1146.17], [1693.17, 1166.83], [1627.83, 1177.5]]",
PBX,Left,pbx013v13_l,../marked_images/landmarked_pbx/marked_tiff/left/PBX013V13_L_MARK.tif,../marked_images/landmarked_pbx/txt/left/PBX013V13_L.txt,../raw_images/pbx/PBX013V13_L.tif,PBX,40,40,autolabel_v1.4,3840,2160,"[[1358.5, 1064.5], [2376.28, 1197.4], [2465.79, 870.18], [2099.83, 1171.5], [1965.5, 1187.5], [1858.33, 1208.53], [1762.47, 1226.37], [1682.97, 1236.64], [1601.37, 1246.61], [1533.5, 1241.25], [1965.5, 1053.5], [1902.5, 1096.5], [1811.5, 1150.5], [1728.5, 1174.5], [1652.5, 1195.5], [1571.5, 1169.5], [1518.5, 1130.5], [1974.36, 985.61], [2482.4, 949.12], [2500.5, 1027.99], [2491.81, 1107.78], [2446.41, 1174.37], [2285.27, 1180.69], [2192.59, 1177.5], [1464.0, 1202.5], [1405.0, 1129.5], [1921.03, 1005.34], [1866.92, 1022.88], [1811.57, 1035.95], [1755.61, 1045.93], [1699.23, 1053.32], [1642.59, 1058.6], [1585.76, 1060.91], [1528.89, 1062.07], [1472.03, 1061.48], [1415.21, 1060.12], [1848.5, 1094.5], [1750.5, 1122.5], [1664.5, 1142.5], [1598.5, 1148.5]]",
PBX,Left,pbx013v14_l,../marked_images/landmarked_pbx/marked_tiff/left/PBX013V14_L_MARK.tif,../marked_images/landmarked_pbx/txt/left/PBX013V14_L.txt,../raw_images/pbx/PBX013V14_L.tif,PBX,40,40,autolabel_v1.4,3840,2160,"[[1386.0, 1064.5], [2395.13, 1194.45], [2502.79, 882.66], [2098.22, 1164.69], [1963.79, 1179.5], [1859.21, 1203.53], [1779.66, 1219.84], [1701.67, 1227.82], [1613.24, 1232.31], [1552.14, 1225.48], [1962.5, 1060.5], [1894.5, 1109.5], [1805.5, 1138.5], [1727.5, 1166.5], [1658.5, 1175.5], [1582.5, 1171.5], [1541.5, 1118.5], [1972.42, 983.45], [2540.81, 936.32], [2508.27, 1001.28], [2494.14, 1078.93], [2459.11, 1151.98], [2296.04, 1185.87], [2197.02, 1176.5], [1487.5, 1190.0], [1433.5, 1130.5], [1921.14, 1000.93], [1869.22, 1016.49], [1816.46, 1028.84], [1763.19, 1038.63], [1709.52, 1046.03], [1655.58, 1051.26], [1601.44, 1053.7], [1547.26, 1055.01], [1493.08, 1054.77], [1438.95, 1052.97], [1854.5, 1096.5], [1760.5, 1127.5], [1675.5, 1144.5], [1610.5, 1148.5]]",
PBX,Left,pbx013v15_l,../marked_images/landmarked_pbx/marked_tiff/left/PBX013V15_L_MARK.tif,../marked_images/landmarked_pbx/txt/left/PBX013V15_L.txt,../raw_images/pbx/PBX013V15_L.tif,PBX,40,40,autolabel_v1.4,3840,2160,"[[1393.17, 1049.5], [2340.6, 1194.77], [2456.03, 868.16], [2073.52, 1170.51], [1954.61, 1181.73], [1862.8, 1198.24], [1780.27, 1211.18], [1705.08, 1216.18], [1618.13, 1224.5], [1554.09, 1216.54], [1973.0, 1044.0], [1907.5, 1089.5], [1819.0, 1132.5], [1746.5, 1164.0], [1668.0, 1176.5], [1587.5, 1164.0], [1541.17, 1106.83], [1983.77, 973.78], [2474.78, 950.63], [2495.47, 1033.87], [2469.15, 1114.59], [2424.24, 1181.33], [2252.37, 1178.39], [2162.83, 1177.63], [1485.83, 1176.83], [1429.83, 1110.17], [1932.36, 992.24], [1880.37, 1008.98], [1827.58, 1022.83], [1774.17, 1034.16], [1720.34, 1043.34], [1666.0, 1048.8], [1611.43, 1050.89], [1556.82, 1051.01], [1502.24, 1049.31], [1447.72, 1046.73], [1858.5, 1086.0], [1759.5, 1114.5], [1689.5, 1127.0], [1618.5, 1139.5]]",
PBX,Left,pbx013v17_l,../marked_images/landmarked_pbx/marked_tiff/left/PBX013V17_L_MARK.tif,../marked_images/landmarked_pbx/txt/left/PBX013V17_L.txt,../raw_images/pbx/PBX013V17_L.tif,PBX,40,40,autolabel_v1.4,3840,2160,"[[1352.5, 1061.5], [2384.37, 1211.42], [2462.53, 917.54], [2121.04, 1189.5], [1948.21, 1197.5], [1860.14, 1211.81], [1762.04, 1232.45], [1693.07, 1237.68], [1621.63, 1242.96], [1551.56, 1238.5], [1969.5, 1058.5], [1904.5, 1109.5], [1811.5, 1145.5], [1739.5, 1172.5], [1666.5, 1192.5], [1584.5, 1179.5], [1535.5, 1124.5], [1979.19, 991.83], [2472.01, 993.39], [2498.66, 1051.39], [2483.45, 1120.79], [2459.1, 1190.23], [2296.69, 1203.25], [2209.1, 1195.5], [1473.5, 1195.5], [1409.5, 1126.5], [1924.57, 1010.5], [1869.07, 1026.38], [1812.76, 1039.26], [1755.84, 1049.03], [1698.56, 1056.22], [1641.03, 1061.32], [1583.38, 1065.01], [1525.64, 1064.93], [1467.93, 1062.87], [1410.25, 1060.33], [1854.5, 1104.5], [1760.5, 1127.5], [1680.5, 1147.5], [1609.5, 1152.5]]",
PBX,Left,pbx013v19_l,../marked_images/landmarked_pbx/marked_tiff/left/PBX013V19_L_MARK.tif,../marked_images/landmarked_pbx/txt/left/PBX013V19_L.txt,../raw_images/pbx/PBX013V19_L.tif,PBX,40,40,autolabel_v1.4,3840,2160,"[[1340.0, 1082.0], [2387.16, 1208.68], [2485.89, 883.16], [2101.49, 1189.5], [1978.65, 1201.39], [1864.35, 1216.05], [1762.87, 1235.03], [1690.69, 1245.53], [1613.03, 1257.49], [1541.54, 1255.52], [1978.0, 1053.0], [1909.5, 1110.0], [1815.0, 1149.5], [1734.0, 1183.5], [1659.5, 1201.0], [1571.0, 1186.5], [1513.0, 1138.5], [1986.77, 980.47], [2497.83, 960.57], [2510.5, 1040.47], [2498.26, 1115.08], [2463.78, 1183.82], [2292.03, 1199.65], [2196.7, 1197.5], [1456.0, 1210.5], [1392.0, 1146.5], [1931.16, 1002.95], [1873.8, 1020.48], [1815.75, 1035.53], [1757.05, 1047.64], [1697.74, 1056.59], [1638.07, 1062.73], [1578.3, 1067.79], [1518.4, 1070.6], [1458.44, 1070.79], [1398.53, 1068.87], [1847.0, 1104.0], [1749.0, 1129.5], [1665.0, 1150.5], [1595.5, 1159.0]]",
PBX,Left,pbx013v21a_l,../marked_images/landmarked_pbx/marked_tiff/left/PBX013V21a_L_MARK.tif,../marked_images/landmarked_pbx/txt/left/PBX013V21a_L.txt,../raw_images/pbx/PBX013V21a_L.tif,PBX,40,40,autolabel_v1.4,3840,2160,"[[1377.5, 1072.83], [2326.32, 1203.5], [2432.62, 901.09], [2098.85, 1180.33], [1982.24, 1192.5], [1876.35, 1208.73], [1788.45, 1225.47], [1711.35, 1234.32], [1630.94, 1243.66], [1563.37, 1245.0], [1969.83, 1040.5], [1913.83, 1085.17], [1819.83, 1129.17], [1743.83, 1161.17], [1671.83, 1179.83], [1590.5, 1168.5], [1533.83, 1137.17], [1978.26, 979.3], [2451.73, 980.81], [2470.5, 1061.74], [2452.79, 1140.39], [2408.95, 1198.74], [2250.86, 1192.87], [2174.93, 1186.5], [1480.83, 1205.5], [1420.83, 1134.83], [1926.72, 1000.56], [1874.16, 1019.3], [1820.93, 1036.03], [1766.39, 1047.61], [1711.38, 1056.92], [1656.1, 1064.37], [1600.48, 1068.94], [1544.71, 1070.68], [1488.94, 1070.09], [1433.19, 1069.34], [1859.17, 1085.83], [1763.17, 1117.17], [1682.5, 1133.83], [1617.17, 1149.17]]",
PBX,Left,pbx013v22_l,../marked_images/landmarked_pbx/marked_tiff/left/PBX013V22_L_MARK.tif,../marked_images/landmarked_pbx/txt/left/PBX013V22_L.txt,../raw_images/pbx/PBX013V22_L.tif,PBX,40,40,autolabel_v1.4,3840,2160,"[[1385.17, 1072.83], [2408.45, 1195.01], [2453.65, 928.01], [2117.04, 1177.5], [1982.09, 1184.55], [1870.4, 1202.45], [1791.69, 1214.63], [1725.42, 1222.71], [1648.88, 1235.17], [1575.87, 1231.83], [1971.5, 1059.5], [1917.5, 1104.5], [1836.5, 1145.5], [1757.5, 1170.5], [1676.5, 1178.5], [1602.5, 1177.5], [1542.5, 1134.5], [1980.26, 986.1], [2475.56, 987.73], [2492.5, 1049.13], [2495.5, 1111.85], [2464.63, 1166.82], [2311.36, 1190.52], [2214.16, 1186.5], [1493.83, 1195.5], [1437.83, 1134.83], [1928.44, 1004.35], [1875.73, 1019.98], [1822.22, 1032.66], [1768.17, 1042.67], [1713.83, 1051.04], [1659.29, 1057.99], [1604.49, 1062.56], [1549.56, 1064.69], [1494.59, 1065.16], [1439.67, 1065.54], [1858.5, 1096.5], [1769.5, 1123.5], [1692.5, 1134.5], [1622.5, 1148.5]]",
PBX,Left,pbx013v23_l,../marked_images/landmarked_pbx/marked_tiff/left/PBX013V23_L_MARK.tif,../marked_images/landmarked_pbx/txt/left/PBX013V23_L.txt,../raw_images/pbx/PBX013V23_L.tif,PBX,40,40,autolabel_v1.4,3840,2160,"[[1367.5, 1082.83], [2345.83, 1197.51], [2423.53, 901.42], [2090.56, 1173.46], [1959.83, 1181.17], [1851.9, 1206.75], [1778.44, 1220.53], [1705.54, 1228.75], [1638.88, 1238.5], [1565.3, 1242.5], [1966.83, 1052.5], [1911.5, 1104.5], [1816.83, 1136.5], [1745.5, 1167.83], [1683.5, 1197.17], [1596.83, 1179.5], [1528.5, 1136.5], [1975.92, 974.95], [2444.34, 970.24], [2463.26, 1040.28], [2453.11, 1113.19], [2412.7, 1175.19], [2259.7, 1194.4], [2173.88, 1186.99], [1484.83, 1209.17], [1414.83, 1146.5], [1924.2, 998.08], [1870.79, 1017.0], [1816.41, 1032.85], [1761.26, 1045.69], [1705.5, 1055.78], [1649.4, 1063.8], [1592.96, 1068.76], [1536.37, 1071.58], [1479.72, 1072.36], [1423.12, 1071.96], [1858.83, 1096.5], [1764.83, 1125.17], [1690.83, 1143.83], [1617.83, 1155.83]]",
PBX,Left,rx008v06_l,../marked_images/landmarked_pbx/marked_tiff/left/RX008V06_L_MARK.tif,../marked_images/landmarked_pbx/txt/left/RX008V06_L.txt,../raw_images/pbx/RX008V06_L.tif,PBX,40,40,autolabel_v1.4,3840,2160,"[[1375.17, 1093.5], [2351.08, 1210.49], [2409.27, 902.52], [2119.57, 1186.5], [1986.88, 1196.5], [1884.94, 1213.87], [1790.23, 1231.56], [1718.63, 1240.36], [1653.77, 1250.5], [1588.2, 1253.5], [1976.5, 1046.0], [1918.0, 1101.5], [1831.5, 1142.0], [1754.0, 1173.5], [1687.83, 1194.83], [1611.83, 1191.5], [1551.83, 1132.83], [1984.03, 983.2], [2425.11, 991.06], [2436.97, 1027.89], [2463.45, 1103.62], [2437.32, 1184.0], [2273.87, 1202.62], [2196.99, 1192.35], [1501.17, 1223.5], [1435.83, 1158.17], [1931.86, 1005.18], [1878.59, 1024.35], [1823.89, 1039.11], [1768.74, 1052.04], [1713.12, 1062.59], [1657.1, 1070.98], [1600.94, 1078.42], [1544.46, 1082.73], [1487.87, 1084.5], [1431.32, 1086.01], [1858.0, 1096.0], [1772.0, 1126.0], [1699.83, 1147.5], [1627.83, 1160.83]]",
PBX,Left,rx008v07_l,../marked_images/landmarked_pbx/marked_tiff/left/RX008V07_L_MARK.tif,../marked_images/landmarked_pbx/txt/left/RX008V07_L.txt,../raw_images/pbx/RX008V07_L.tif,PBX,40,40,autolabel_v1.4,3840,2160,"[[1372.17, 1033.17], [2323.34, 1204.05], [2437.88, 919.91], [2072.4, 1178.49], [1959.08, 1183.49], [1856.0, 1190.4], [1755.7, 1202.53], [1689.15, 1211.37], [1617.13, 1213.5], [1551.71, 1210.09], [1986.83, 1025.83], [1922.17, 1082.5], [1830.17, 1117.17], [1741.5, 1143.83], [1667.5, 1157.17], [1593.17, 1144.17], [1520.17, 1092.5], [1999.27, 956.6], [2449.51, 991.38], [2457.5, 1063.41], [2443.03, 1133.47], [2393.02, 1183.74], [2239.5, 1200.51], [2155.95, 1189.5], [1480.83, 1165.83], [1426.17, 1103.83], [1946.25, 980.37], [1891.26, 999.07], [1834.99, 1013.24], [1777.84, 1023.48], [1720.18, 1030.65], [1662.3, 1035.79], [1604.23, 1037.42], [1546.17, 1036.09], [1488.16, 1032.85], [1430.18, 1029.97], [1865.5, 1077.17], [1764.83, 1104.5], [1689.5, 1116.5], [1618.17, 1123.83]]",
PBX,Left,rx009v01_l,../marked_images/landmarked_pbx/marked_tiff/left/RX009V01_L_MARK.tif,../marked_images/landmarked_pbx/txt/left/RX009V01_L.txt,../raw_images/pbx/RX009V01_L.tif,PBX,40,40,autolabel_v1.4,3840,2160,"[[1349.5, 1076.5], [2371.97, 1199.64], [2451.13, 909.67], [2094.16, 1191.51], [1995.47, 1204.48], [1871.62, 1221.22], [1790.7, 1231.7], [1704.63, 1240.01], [1639.6, 1247.5], [1570.09, 1251.88], [1989.83, 1052.17], [1921.17, 1101.5], [1830.5, 1144.17], [1753.83, 1178.17], [1683.5, 1203.5], [1594.5, 1184.5], [1539.5, 1133.5], [1997.89, 985.31], [2463.42, 976.74], [2477.8, 1044.76], [2472.64, 1113.56], [2435.51, 1171.99], [2279.25, 1201.49], [2186.99, 1194.5], [1478.0, 1218.5], [1399.0, 1146.0], [1942.63, 1008.91], [1885.45, 1027.09], [1827.26, 1041.98], [1768.49, 1054.38], [1709.18, 1063.96], [1649.45, 1070.51], [1589.53, 1075.0], [1529.51, 1077.06], [1469.47, 1076.11], [1409.5, 1073.2], [1863.17, 1102.17], [1769.17, 1128.83], [1689.17, 1146.83], [1620.5, 1155.5]]",
PBX,Right,pbx002v01_r,../marked_images/landmarked_pbx/marked_tiff/right/PBX002V01_R_MARK.tif,../marked_images/landmarked_pbx/txt/right/PBX002V01_R.txt,../raw_images/pbx/PBX002V01_R.tif,PBX,42,42,autolabel_v1.4,3840,2160,"[[2504.35, 1045.39], [1606.15, 1210.82], [1403.14, 890.02], [1759.87, 1188.55], [1870.87, 1188.5], [1967.8, 1198.35], [2054.12, 1212.87], [2121.44, 1214.61], [2194.22, 1225.52], [2259.19, 1222.09], [1851.83, 1029.17], [1912.5, 1077.83], [1996.5, 1117.83], [2072.83, 1160.5], [2140.17, 1168.5], [2214.17, 1151.83], [2280.5, 1092.5], [1840.18, 965.9], [1389.79, 981.5], [1389.31, 1075.86], [1434.96, 1157.46], [1511.07, 1211.31], [1657.63, 1205.49], [1708.72, 1196.51], [2322.71, 1211.62], [2381.09, 1187.09], [2433.18, 1149.32], [2475.97, 1100.87], [1897.26, 988.91], [1955.91, 1007.34], [2015.61, 1022.16], [2076.06, 1033.44], [2137.18, 1040.6], [2198.45, 1046.49], [2259.94, 1047.95], [2321.47, 1047.07], [2382.7, 1042.2], [2443.49, 1036.23], [1959.83, 1079.17], [2042.17, 1099.17], [2121.5, 1115.17], [2194.83, 1124.5]]",
PBX,Right,pbx002v04_r,../marked_images/landmarked_pbx/marked_tiff/right/PBX002V04_R_MARK.tif,../marked_images/landmarked_pbx/txt/right/PBX002V04_R.txt,../raw_images/pbx/PBX002V04_R.tif,PBX,42,42,autolabel_v1.4,3840,2160,"[[2529.41, 1003.49], [1499.03, 1207.5], [1376.74, 926.76], [1786.26, 1169.6], [1921.6, 1168.5], [2005.01, 1174.53], [2100.88, 1190.37], [2176.08, 1192.51], [2245.22, 1197.5], [2301.87, 1191.28], [1869.5, 1040.5], [1927.5, 1080.5], [2032.17, 1112.5], [2114.83, 1143.17], [2182.83, 1149.17], [2258.5, 1126.17], [2314.83, 1067.17], [1854.99, 967.22], [1363.28, 998.02], [1353.58, 1070.08], [1374.94, 1138.65], [1430.07, 1185.79], [1595.08, 1197.34], [1690.54, 1183.2], [2357.93, 1170.74], [2410.01, 1137.74], [2460.45, 1103.0], [2500.99, 1056.51], [1914.69, 983.48], [1975.4, 995.8], [2036.64, 1005.08], [2098.34, 1010.8], [2160.22, 1014.17], [2222.16, 1016.02], [2284.08, 1014.55], [2345.85, 1009.93], [2407.25, 1001.88], [2468.2, 993.77], [1984.83, 1077.83], [2084.83, 1095.17], [2159.5, 1103.83], [2230.83, 1111.17]]",
PBX,Right,pbx002v05_r,../marked_images/landmarked_pbx/marked_tiff/right/PBX002V05_R_MARK.tif,../marked_images/landmarked_pbx/txt/right/PBX002V05_R.txt,../raw_images/pbx/PBX002V05_R.tif,PBX,42,42,autolabel_v1.4,3840,2160,"[[2512.6, 1046.84], [1522.03, 1230.5], [1377.81, 945.66], [1747.99, 1198.47], [1873.39, 1198.5], [1988.23, 1207.5], [2060.95, 1216.85], [2135.74, 1222.53], [2208.9, 1228.5], [2270.38, 1225.27], [1871.5, 1065.5], [1917.5, 1095.5], [2011.5, 1134.5], [2087.0, 1170.5], [2161.5, 1170.83], [2232.0, 1157.5], [2287.5, 1105.5], [1858.19, 993.72], [1364.75, 1020.22], [1358.64, 1096.94], [1387.15, 1168.41], [1445.74, 1217.12], [1597.28, 1217.55], [1672.25, 1207.41], [2327.89, 1204.61], [2388.21, 1185.61], [2440.16, 1149.02], [2483.39, 1101.82], [1915.3, 1012.68], [1974.1, 1025.75], [2033.72, 1034.13], [2093.7, 1039.14], [2153.8, 1043.08], [2213.8, 1048.28], [2273.98, 1050.95], [2334.16, 1049.65], [2393.86, 1042.88], [2453.15, 1037.13], [1973.0, 1092.5], [2060.0, 1117.0], [2137.5, 1130.17], [2207.0, 1134.0]]",
PBX,Right,pbx002v06_r,../marked_images/landmarked_pbx/marked_tiff/right/PBX002V06_R_MARK.tif,../marked_images/landmarked_pbx/txt/right/PBX002V06_R.txt,../raw_images/pbx/PBX002V06_R.tif,PBX,42,42,autolabel_v1.4,3840,2160,"[[2489.27, 1036.22], [1548.78, 1223.92], [1377.5, 932.75], [1773.62, 1192.72], [1885.11, 1191.5], [1988.05, 1201.36], [2066.86, 1212.45], [2142.65, 1214.39], [2213.86, 1221.5], [2275.51, 1217.97], [1860.17, 1054.17], [1910.83, 1104.17], [2004.83, 1134.17], [2082.83, 1157.5], [2157.5, 1154.5], [2225.5, 1153.17], [2261.5, 1106.5], [1848.56, 996.01], [1366.03, 1014.4], [1363.64, 1096.72], [1397.55, 1171.59], [1467.12, 1215.16], [1623.95, 1215.36], [1698.83, 1204.55], [2331.54, 1199.46], [2382.76, 1170.97], [2431.26, 1136.24], [2467.83, 1089.52], [1904.61, 1014.58], [1961.97, 1028.41], [2020.15, 1038.39], [2078.8, 1045.24], [2137.72, 1049.46], [2196.69, 1052.92], [2255.7, 1051.46], [2314.65, 1047.75], [2372.96, 1039.55], [2430.59, 1029.41], [1956.83, 1094.17], [2050.83, 1119.5], [2127.5, 1131.5], [2200.17, 1132.5]]",
PBX,Right,pbx002v08_r,../marked_images/landmarked_pbx/marked_tiff/right/PBX002V08_R_MARK.tif,../marked_images/landmarked_pbx/txt/right/PBX002V08_R.txt,../raw_images/pbx/PBX002V08_R.tif,PBX,42,42,autolabel_v1.4,3840,2160,"[[2515.91, 1030.68], [1517.43, 1202.27], [1385.73, 925.74], [1758.8, 1168.51], [1880.41, 1170.5], [1977.15, 1181.48], [2059.55, 1193.0], [2132.7, 1197.31], [2206.17, 1200.51], [2269.56, 1197.59], [1848.5, 1045.5], [1919.0, 1082.5], [2011.5, 1119.0], [2087.0, 1145.5], [2167.17, 1150.5], [2237.83, 1139.17], [2287.17, 1091.83], [1835.15, 967.82], [1324.09, 994.59], [1360.4, 1019.3], [1398.43, 1097.88], [1418.96, 1182.83], [1597.33, 1184.09], [1676.92, 1176.5], [2330.31, 1183.54], [2388.13, 1159.68], [2440.82, 1125.99], [2484.84, 1081.6], [1894.53, 988.05], [1955.02, 1004.75], [2016.42, 1017.44], [2078.74, 1024.93], [2141.38, 1029.14], [2204.02, 1033.49], [2266.75, 1033.91], [2329.33, 1029.8], [2391.77, 1023.18], [2454.11, 1019.59], [1971.5, 1073.5], [2059.5, 1098.0], [2144.5, 1107.83], [2212.5, 1114.5]]",
PBX,Right,pbx002v10_r,../marked_images/landmarked_pbx/marked_tiff/right/PBX002V10_R_MARK.tif,../marked_images/landmarked_pbx/txt/right/PBX002V10_R.txt,../raw_images/pbx/PBX002V10_R.tif,PBX,42,42,autolabel_v1.4,3840,2160,"[[2489.31, 1048.33], [1571.73, 1228.57], [1411.53, 933.1], [1780.15, 1197.63], [1881.57, 1197.5], [1980.6, 1202.3], [2065.15, 1211.91], [2142.03, 1212.34], [2218.82, 1218.98], [2274.03, 1216.13], [1875.5, 1069.0], [1924.0, 1103.0], [2010.5, 1149.5], [2083.0, 1172.5], [2156.0, 1181.0], [2237.0, 1159.0], [2288.5, 1100.5], [1861.14, 995.9], [1398.48, 1015.63], [1385.81, 1099.53], [1421.41, 1167.39], [1487.66, 1219.36], [1640.94, 1216.63], [1710.55, 1207.5], [2330.34, 1203.17], [2383.99, 1181.26], [2431.74, 1147.54], [2467.16, 1100.93], [1916.14, 1014.02], [1972.17, 1028.56], [2029.08, 1038.94], [2086.63, 1045.28], [2144.45, 1048.75], [2202.23, 1052.79], [2260.13, 1054.17], [2317.81, 1050.33], [2375.23, 1042.74], [2432.38, 1037.63], [1973.5, 1095.5], [2057.5, 1116.0], [2134.5, 1132.5], [2206.5, 1137.0]]",
PBX,Right,pbx002v11_r,../marked_images/landmarked_pbx/marked_tiff/right/PBX002V11_R_MARK.tif,../marked_images/landmarked_pbx/txt/right/PBX002V11_R.txt,../raw_images/pbx/PBX002V11_R.tif,PBX,42,42,autolabel_v1.4,3840,2160,"[[2485.57, 1025.78], [1569.5, 1207.59], [1398.26, 939.49], [1780.67, 1180.57], [1923.69, 1180.48], [2000.27, 1192.39], [2079.1, 1200.75], [2146.34, 1202.87], [2221.83, 1207.5], [2276.79, 1199.2], [1881.5, 1043.0], [1925.0, 1089.5], [2019.5, 1127.5], [2096.17, 1145.83], [2167.5, 1155.17], [2237.83, 1140.5], [2277.17, 1172.83], [1869.23, 981.18], [1382.94, 1015.71], [1381.26, 1094.47], [1423.02, 1161.52], [1490.59, 1201.53], [1639.63, 1196.54], [1710.53, 1192.22], [2331.6, 1183.46], [2383.05, 1158.46], [2426.93, 1121.57], [2462.01, 1076.2], [1922.49, 1001.57], [1977.81, 1015.49], [2034.01, 1024.84], [2090.65, 1031.48], [2147.49, 1036.11], [2204.48, 1038.49], [2261.52, 1038.5], [2318.23, 1033.27], [2374.18, 1022.78], [2429.62, 1014.69], [1973.0, 1081.5], [2067.5, 1106.5], [2144.83, 1118.5], [2212.5, 1123.5]]",
PBX,Right,pbx002v14_r,../marked_images/landmarked_pbx/marked_tiff/right/PBX002V14_R_MARK.tif,../marked_images/landmarked_pbx/txt/right/PBX002V14_R.txt,../raw_images/pbx/PBX002V14_R.tif,PBX,42,42,autolabel_v1.4,3840,2160,"[[2503.95, 1025.73], [1562.03, 1220.5], [1415.5, 953.42], [1809.26, 1185.5], [1908.75, 1186.2], [2005.7, 1194.49], [2090.44, 1204.04], [2163.13, 1209.68], [2234.49, 1212.5], [2299.72, 1205.94], [1876.83, 1063.17], [1932.17, 1097.83], [2023.5, 1136.5], [2106.17, 1155.17], [2174.83, 1158.5], [2250.83, 1147.83], [2283.0, 1097.0], [1856.32, 963.96], [1404.61, 1025.02], [1401.55, 1096.91], [1434.57, 1160.07], [1491.74, 1204.19], [1645.01, 1213.61], [1727.45, 1201.78], [2354.16, 1189.36], [2405.28, 1163.15], [2446.79, 1123.07], [2482.48, 1077.53], [1911.51, 987.23], [1968.51, 1005.52], [2026.91, 1018.76], [2086.22, 1027.46], [2145.9, 1033.28], [2205.81, 1035.6], [2265.73, 1037.63], [2325.47, 1034.76], [2384.92, 1027.09], [2444.23, 1020.33], [1982.17, 1089.83], [2078.83, 1113.83], [2154.17, 1126.5], [2217.5, 1132.5]]",
PBX,Right,pbx002v15_r,../marked_images/landmarked_pbx/marked_tiff/right/PBX002v15_R_MARK.tif,../marked_images/landmarked_pbx/txt/right/PBX002V15_R.txt,../raw_images/pbx/PBX002v15_R.tif,PBX,42,42,autolabel_v1.4,3840,2160,"[[2525.21, 1039.43], [1558.15, 1193.5], [1406.91, 915.22], [1779.67, 1170.5], [1880.99, 1175.5], [1985.62, 1186.5], [2074.55, 1196.45], [2133.24, 1198.5], [2208.33, 1206.5], [2276.85, 1207.24], [1863.5, 1036.83], [1924.17, 1079.5], [2012.83, 1113.5], [2093.5, 1142.83], [2167.5, 1154.83], [2242.17, 1146.83], [2294.5, 1097.5], [1852.26, 966.26], [1397.36, 992.29], [1387.5, 1071.34], [1412.5, 1145.01], [1478.68, 1187.31], [1631.62, 1182.6], [1705.68, 1177.45], [2337.1, 1194.4], [2392.94, 1167.38], [2444.81, 1132.69], [2491.07, 1090.73], [1911.43, 985.53], [1971.97, 1000.54], [2032.72, 1014.65], [2094.42, 1023.83], [2156.54, 1029.15], [2217.37, 1041.29], [2278.29, 1046.19], [2340.33, 1039.83], [2402.28, 1032.69], [2463.94, 1027.75], [1971.5, 1072.17], [2065.5, 1098.17], [2148.17, 1111.5], [2220.17, 1118.17]]",
PBX,Right,pbx002v16_r,../marked_images/landmarked_pbx/marked_tiff/right/PBX002V16_R_MARK.tif,../marked_images/landmarked_pbx/txt/right/PBX002V16_R.txt,../raw_images/pbx/PBX002V16_R.tif,PBX,42,42,autolabel_v1.4,3840,2160,"[[2529.77, 1055.21], [1473.13, 1232.5], [1351.89, 910.9], [1721.55, 1198.73], [1858.12, 1198.5], [1982.41, 1209.99], [2065.95, 1224.67], [2140.53, 1226.69], [2209.25, 1237.5], [2273.59, 1236.99], [1846.5, 1049.5], [1908.5, 1094.83], [1998.5, 1138.83], [2083.17, 1172.17], [2151.5, 1187.0], [2229.0, 1168.0], [2301.0, 1115.5], [1835.22, 982.25], [1324.73, 985.44], [1320.02, 1065.89], [1338.04, 1145.53], [1399.12, 1200.58], [1556.53, 1226.5], [1639.0, 1212.5], [2338.14, 1223.5], [2397.99, 1196.63], [2454.16, 1161.74], [2499.42, 1113.13], [1895.48, 1004.05], [1957.51, 1020.25], [2020.44, 1032.32], [2083.89, 1041.26], [2147.64, 1047.97], [2211.51, 1053.5], [2275.6, 1054.83], [2339.63, 1052.48], [2403.42, 1046.61], [2466.85, 1042.96], [1957.17, 1093.5], [2047.17, 1115.5], [2132.0, 1130.0], [2211.0, 1134.5]]",
PBX,Right,pbx002v17_r,../marked_images/landmarked_pbx/marked_tiff/right/PBX002V17_R_MARK.tif,../marked_images/landmarked_pbx/txt/right/PBX002V17_R.txt,../raw_images/pbx/PBX002V17_R.tif,PBX,42,42,autolabel_v1.4,3840,2160,"[[2498.65, 1020.93], [1486.55, 1199.36], [1421.68, 957.58], [1765.84, 1193.64], [1878.73, 1196.07], [1987.08, 1204.18], [2075.74, 1212.6], [2142.42, 1212.86], [2217.51, 1218.5], [2285.71, 1207.4], [1860.5, 1067.5], [1921.5, 1105.5], [2011.5, 1128.5], [2091.5, 1161.5], [2168.5, 1156.0], [2240.5, 1144.0], [2291.5, 1088.5], [1847.56, 994.12], [1437.55, 1014.34], [1404.73, 1075.33], [1377.54, 1136.57], [1423.34, 1187.48], [1565.01, 1216.6], [1663.58, 1205.14], [2339.77, 1186.91], [2393.15, 1160.08], [2439.74, 1122.73], [2475.0, 1074.51], [1905.42, 1009.41], [1964.04, 1021.68], [2023.17, 1031.03], [2082.75, 1037.08], [2142.56, 1040.41], [2202.46, 1041.28], [2262.2, 1037.6], [2321.7, 1030.89], [2380.76, 1021.14], [2439.41, 1012.02], [1969.5, 1097.5], [2065.5, 1115.5], [2142.5, 1122.0], [2213.0, 1125.5]]",
PBX,Right,pbx002v18_r,../marked_images/landmarked_pbx/marked_tiff/right/PBX002V18_R_MARK.tif,../marked_images/landmarked_pbx/txt/right/PBX002V18_R.txt,../raw_images/pbx/PBX002V18_R.tif,PBX,42,42,autolabel_v1.4,3840,2160,"[[2488.06, 1023.89], [1555.09, 1197.48], [1393.01, 923.52], [1768.63, 1171.72], [1877.93, 1176.5], [1978.87, 1184.51], [2055.78, 1193.51], [2128.75, 1198.44], [2201.59, 1204.5], [2272.43, 1196.36], [1853.5, 1042.5], [1917.5, 1091.17], [2005.5, 1124.5], [2079.5, 1149.83], [2146.83, 1165.83], [2224.17, 1143.83], [2274.5, 1087.17], [1840.17, 970.85], [1388.87, 1000.19], [1387.5, 1078.2], [1414.82, 1150.48], [1478.08, 1195.31], [1623.26, 1182.87], [1695.74, 1181.2], [2327.74, 1179.53], [2380.58, 1155.45], [2426.55, 1119.95], [2463.1, 1074.59], [1896.49, 990.73], [1954.14, 1006.2], [2012.8, 1017.42], [2072.06, 1025.09], [2131.68, 1029.32], [2191.38, 1031.94], [2251.14, 1032.85], [2310.67, 1029.08], [2369.91, 1021.25], [2428.97, 1014.95], [1966.83, 1076.5], [2057.5, 1103.17], [2125.5, 1113.17], [2202.17, 1117.83]]",
PBX,Right,pbx002v19_r,../marked_images/landmarked_pbx/marked_tiff/right/PBX002V19_R_MARK.tif,../marked_images/landmarked_pbx/txt/right/PBX002V19_R.txt,../raw_images/pbx/PBX002V19_R.tif,PBX,42,42,autolabel_v1.4,3840,2160,"[[2509.66, 1051.95], [1488.03, 1224.5], [1382.78, 938.9], [1758.27, 1173.48], [1861.62, 1176.96], [1974.11, 1189.49], [2058.29, 1201.82], [2127.44, 1207.04], [2202.13, 1217.5], [2261.72, 1217.52], [1850.5, 1041.17], [1912.75, 1087.25], [1999.5, 1129.25], [2081.0, 1161.0], [2157.0, 1172.0], [2231.5, 1159.0], [2270.83, 1192.83], [1839.72, 977.35], [1365.18, 1010.21], [1342.32, 1075.56], [1364.05, 1147.56], [1414.56, 1203.89], [1579.02, 1212.12], [1668.56, 1190.97], [2322.83, 1206.17], [2379.36, 1179.97], [2432.14, 1146.25], [2476.68, 1102.25], [1897.64, 999.02], [1957.13, 1015.85], [2017.66, 1028.64], [2078.85, 1037.67], [2140.63, 1041.52], [2202.27, 1047.28], [2264.09, 1049.81], [2325.88, 1047.73], [2387.55, 1042.48], [2449.0, 1039.62], [1961.5, 1080.25], [2054.0, 1109.5], [2139.0, 1122.5], [2204.0, 1131.0]]",
PBX,Right,pbx002v21_r,../marked_images/landmarked_pbx/marked_tiff/right/PBX002V21_R_MARK.tif,../marked_images/landmarked_pbx/txt/right/PBX002V21_R.txt,../raw_images/pbx/PBX002V21_R.tif,PBX,42,42,autolabel_v1.4,3840,2160,"[[2510.98, 1032.78], [1539.65, 1205.5], [1387.43, 915.89], [1769.17, 1181.45], [1874.46, 1184.5], [1965.5, 1191.66], [2057.74, 1206.53], [2138.91, 1210.66], [2216.22, 1215.5], [2277.93, 1213.54], [1850.5, 1044.5], [1917.5, 1091.5], [2002.5, 1125.5], [2084.5, 1155.5], [2158.5, 1160.5], [2233.5, 1153.5], [2287.83, 1099.17], [1837.06, 968.94], [1374.08, 991.2], [1365.92, 1069.1], [1403.8, 1137.37], [1462.99, 1188.74], [1616.67, 1210.95], [1692.08, 1197.48], [2339.43, 1200.23], [2397.73, 1176.04], [2449.32, 1139.18], [2488.2, 1089.44], [1895.08, 991.46], [1954.76, 1009.15], [2015.55, 1022.68], [2077.04, 1032.76], [2139.06, 1038.83], [2201.26, 1042.47], [2263.55, 1043.53], [2325.81, 1041.65], [2387.7, 1035.38], [2448.98, 1026.44], [1961.5, 1080.5], [2054.5, 1110.5], [2135.5, 1124.5], [2207.5, 1131.5]]",
PBX,Right,pbx002v24_r,../marked_images/landmarked_pbx/marked_tiff/right/PBX002V24_R_MARK.tif,../marked_images/landmarked_pbx/txt/right/PBX002V24_R.txt,../raw_images/pbx/PBX002V24_R.tif,PBX,42,42,autolabel_v1.4,3840,2160,"[[2528.4, 1058.47], [1552.76, 1232.47], [1373.38, 932.62], [1777.88, 1197.46], [1877.4, 1198.42], [1981.45, 1211.32], [2071.66, 1225.13], [2136.4, 1229.71], [2207.26, 1234.02], [2271.03, 1236.5], [1852.5, 1054.0], [1906.5, 1097.5], [1989.5, 1137.5], [2084.5, 1179.5], [2154.5, 1185.5], [2227.0, 1173.5], [2283.83, 1113.83], [1837.48, 969.81], [1366.87, 1016.94], [1361.54, 1102.03], [1399.25, 1176.75], [1468.23, 1225.57], [1626.05, 1212.18], [1702.09, 1206.5], [2336.4, 1225.8], [2397.9, 1201.8], [2452.42, 1164.08], [2497.67, 1115.61], [1896.16, 995.4], [1957.19, 1014.53], [2019.99, 1027.17], [2083.63, 1035.02], [2147.19, 1043.57], [2209.92, 1056.73], [2273.6, 1062.46], [2337.68, 1062.7], [2401.46, 1057.47], [2464.8, 1050.3], [1961.5, 1088.5], [2047.5, 1117.5], [2127.5, 1137.5], [2202.5, 1145.0]]",
PBX,Right,pbx002v25_r,../marked_images/landmarked_pbx/marked_tiff/right/PBX002V25_R_MARK.tif,../marked_images/landmarked_pbx/txt/right/PBX002V25_R.txt,../raw_images/pbx/PBX002V25_R.tif,PBX,42,42,autolabel_v1.4,3840,2160,"[[2499.29, 1031.35], [1565.03, 1208.5], [1419.25, 913.64], [1782.53, 1184.41], [1896.04, 1179.54], [1994.85, 1190.44], [2077.7, 1200.06], [2141.05, 1202.64], [2212.66, 1206.5], [2271.88, 1201.54], [1875.83, 1043.17], [1923.17, 1083.17], [2012.5, 1111.17], [2089.5, 1143.5], [2157.5, 1159.5], [2224.5, 1152.5], [2281.5, 1085.5], [1863.06, 975.8], [1392.14, 985.27], [1397.5, 1065.52], [1427.07, 1140.37], [1485.7, 1195.92], [1637.72, 1200.37], [1709.9, 1195.52], [2329.11, 1185.82], [2382.36, 1160.52], [2430.89, 1125.61], [2471.69, 1081.91], [1918.85, 994.26], [1975.75, 1008.78], [2033.47, 1019.55], [2091.73, 1026.99], [2150.29, 1031.89], [2208.89, 1036.26], [2267.64, 1037.22], [2326.27, 1034.18], [2384.37, 1026.15], [2441.85, 1018.94], [1973.17, 1073.17], [2057.5, 1102.5], [2132.5, 1111.5], [2200.5, 1116.5]]",
PBX,Right,pbx002v26_r,../marked_images/landmarked_pbx/marked_tiff/right/PBX002V26_R_MARK.tif,../marked_images/landmarked_pbx/txt/right/PBX002V26_R.txt,../raw_images/pbx/PBX002V26_R.tif,PBX,42,42,autolabel_v1.4,3840,2160,"[[2541.08, 1059.68], [1568.44, 1242.56], [1364.68, 955.61], [1770.77, 1212.92], [1876.54, 1214.5], [2005.43, 1223.73], [2092.13, 1235.17], [2159.58, 1234.54], [2227.28, 1237.5], [2294.47, 1233.26], [1858.17, 1070.5], [1926.83, 1109.83], [2027.5, 1149.17], [2114.17, 1167.83], [2181.5, 1178.5], [2250.5, 1167.5], [2301.5, 1109.0], [1843.34, 991.65], [1356.16, 1054.86], [1368.5, 1152.88], [1419.55, 1231.05], [1469.41, 1224.55], [1631.87, 1224.24], [1701.42, 1225.01], [2356.23, 1221.5], [2414.1, 1195.67], [2466.58, 1159.72], [2510.74, 1113.81], [1904.27, 1011.89], [1966.43, 1027.99], [2029.64, 1038.51], [2093.72, 1042.83], [2157.32, 1052.08], [2221.42, 1056.49], [2285.61, 1059.39], [2349.75, 1057.81], [2413.79, 1052.56], [2477.67, 1049.25], [1984.17, 1093.83], [2081.5, 1131.17], [2153.5, 1142.5], [2222.5, 1148.5]]",
PBX,Right,pbx002v28_r,../marked_images/landmarked_pbx/marked_tiff/right/PBX002V28_R_MARK.tif,../marked_images/landmarked_pbx/txt/right/PBX002V28_R.txt,../raw_images/pbx/PBX002V28_R.tif,PBX,42,42,autolabel_v1.4,3840,2160,"[[2485.32, 1078.87], [1678.41, 1235.02], [1446.19, 938.79], [1811.46, 1208.51], [1908.98, 1208.5], [1991.58, 1220.03], [2073.12, 1237.77], [2138.08, 1244.34], [2195.32, 1250.5], [2261.03, 1253.5], [1873.5, 1055.5], [1927.5, 1106.5], [2011.5, 1146.5], [2085.5, 1172.5], [2155.5, 1177.5], [2218.83, 1180.17], [2277.5, 1129.5], [1857.88, 974.8], [1453.89, 1034.01], [1440.52, 1119.61], [1493.18, 1199.52], [1581.6, 1240.0], [1722.85, 1226.71], [1767.32, 1218.4], [2319.43, 1241.03], [2373.23, 1214.36], [2420.69, 1177.81], [2459.81, 1132.05], [1909.65, 1002.64], [1964.06, 1024.56], [2020.36, 1041.16], [2077.78, 1053.73], [2135.67, 1063.97], [2193.91, 1071.93], [2252.56, 1075.41], [2311.1, 1072.45], [2369.6, 1066.73], [2428.0, 1065.77], [1975.5, 1100.5], [2056.5, 1128.5], [2126.5, 1146.5], [2189.5, 1156.5]]",
PBX,Right,pbx002v29_r,../marked_images/landmarked_pbx/marked_tiff/right/PBX002V29_R_MARK.tif,../marked_images/landmarked_pbx/txt/right/PBX002V29_R.txt,../raw_images/pbx/PBX002V29_R.tif,PBX,42,42,autolabel_v1.4,3840,2160,"[[2481.73, 1107.66], [1534.51, 1213.5], [1364.47, 892.28], [1767.47, 1184.28], [1922.28, 1192.4], [2024.42, 1208.0], [2088.86, 1221.09], [2148.41, 1222.52], [2223.98, 1217.36], [2301.35, 1213.42], [1855.5, 1051.5], [1925.5, 1093.5], [2013.5, 1132.17], [2096.17, 1167.5], [2164.5, 1176.5], [2238.83, 1169.17], [2302.83, 1107.5], [1847.39, 978.94], [1360.58, 975.59], [1356.47, 1062.25], [1383.05, 1143.35], [1450.46, 1198.47], [1612.21, 1204.85], [1689.86, 1194.58], [2342.32, 1201.62], [2381.6, 1185.84], [2418.09, 1164.07], [2452.14, 1138.35], [1913.52, 1004.75], [1981.28, 1026.02], [2050.71, 1041.03], [2121.08, 1050.48], [2191.91, 1054.87], [2262.58, 1051.17], [2333.1, 1042.85], [2403.5, 1033.87], [2473.26, 1025.62], [2521.8, 1049.0], [1965.5, 1086.17], [2057.5, 1114.83], [2139.5, 1131.5], [2216.17, 1134.17]]",
PBX,Right,pbx002v31_r,../marked_images/landmarked_pbx/marked_tiff/right/PBX002V31_R_MARK.tif,../marked_images/landmarked_pbx/txt/right/PBX002V31_R.txt,../raw_images/pbx/PBX002V31_R.tif,PBX,42,42,autolabel_v1.4,3840,2160,"[[2490.36, 1057.38], [1521.44, 1209.53], [1363.88, 906.12], [1747.6, 1193.52], [1876.92, 1194.5], [1961.91, 1203.83], [2042.64, 1213.76], [2114.64, 1220.53], [2184.22, 1223.5], [2250.43, 1221.53], [1831.5, 1049.5], [1897.5, 1091.5], [1981.5, 1132.5], [2056.5, 1169.5], [2120.5, 1188.5], [2192.5, 1197.5], [2258.0, 1101.0], [1820.31, 978.25], [1355.9, 986.84], [1350.34, 1067.95], [1382.23, 1142.13], [1442.33, 1195.27], [1596.79, 1203.68], [1672.36, 1201.5], [2309.18, 1206.78], [2365.42, 1184.05], [2416.19, 1150.31], [2458.93, 1106.85], [1878.57, 999.46], [1938.14, 1016.44], [1998.56, 1030.51], [2059.09, 1043.92], [2120.5, 1052.65], [2182.35, 1057.17], [2244.32, 1059.65], [2306.22, 1057.76], [2367.91, 1051.54], [2429.3, 1046.45], [1948.5, 1088.5], [2032.5, 1109.5], [2112.5, 1129.5], [2175.5, 1136.5]]",
PBX,Right,pbx002v32_r,../marked_images/landmarked_pbx/marked_tiff/right/PBX002V32_R_MARK.tif,../marked_images/landmarked_pbx/txt/right/PBX002V32_R.txt,../raw_images/pbx/PBX002V32_R.tif,PBX,42,42,autolabel_v1.4,3840,2160,"[[2542.2, 1043.85], [1531.58, 1247.5], [1371.49, 891.04], [1766.57, 1203.4], [1887.59, 1197.5], [1984.35, 1206.29], [2078.01, 1224.85], [2141.04, 1227.64], [2220.02, 1235.85], [2279.41, 1235.5], [1867.5, 1048.5], [1924.5, 1088.5], [2017.5, 1135.5], [2093.5, 1168.5], [2156.5, 1186.5], [2240.5, 1159.5], [2302.5, 1097.5], [1853.42, 978.63], [1368.89, 980.96], [1361.79, 1071.54], [1387.69, 1157.89], [1449.63, 1223.2], [1610.33, 1235.78], [1688.68, 1220.54], [2347.18, 1224.25], [2408.26, 1193.57], [2461.59, 1150.41], [2511.4, 1102.1], [1913.63, 998.99], [1974.99, 1015.46], [2036.99, 1029.34], [2099.56, 1040.25], [2162.68, 1047.58], [2226.08, 1052.0], [2289.62, 1053.22], [2353.09, 1050.76], [2416.19, 1043.91], [2478.99, 1037.15], [1974.5, 1079.5], [2064.5, 1108.5], [2138.17, 1123.5], [2215.5, 1124.83]]",
PBX,Right,pbx002v33_r,../marked_images/landmarked_pbx/marked_tiff/right/PBX002V33_R_MARK.tif,../marked_images/landmarked_pbx/txt/right/PBX002V33_R.txt,../raw_images/pbx/PBX002V33_R.tif,PBX,42,42,autolabel_v1.4,3840,2160,"[[2504.09, 1054.71], [1572.85, 1231.49], [1418.5, 944.74], [1784.33, 1206.51], [1909.44, 1201.26], [1996.65, 1206.42], [2073.75, 1221.8], [2146.98, 1223.15], [2210.34, 1229.39], [2273.53, 1229.24], [1878.17, 1064.83], [1932.83, 1106.17], [2019.5, 1136.83], [2090.17, 1167.5], [2166.17, 1174.17], [2230.17, 1175.5], [2284.17, 1116.83], [1864.91, 995.0], [1407.41, 1021.12], [1419.13, 1097.27], [1449.32, 1165.27], [1496.01, 1217.5], [1643.41, 1224.01], [1713.87, 1215.43], [2332.96, 1214.89], [2388.62, 1190.86], [2438.58, 1155.36], [2478.7, 1108.92], [1920.64, 1014.78], [1977.77, 1029.83], [2035.76, 1041.2], [2094.3, 1049.42], [2153.17, 1054.98], [2212.13, 1059.56], [2271.12, 1063.71], [2330.17, 1063.66], [2388.41, 1055.72], [2445.73, 1045.16], [1976.83, 1096.83], [2062.17, 1126.17], [2135.5, 1136.83], [2203.5, 1144.83]]",
PBX,Right,pbx002v35_r,../marked_images/landmarked_pbx/marked_tiff/right/PBX002V35_R_MARK.tif,../marked_images/landmarked_pbx/txt/right/PBX002V35_R.txt,../raw_images/pbx/PBX002V35_R.tif,PBX,42,42,autolabel_v1.4,3840,2160,"[[2528.7, 1079.03], [1619.2, 1245.03], [1426.21, 952.26], [1799.0, 1213.5], [1906.12, 1220.48], [2002.18, 1233.21], [2078.75, 1242.74], [2149.26, 1240.48], [2224.65, 1243.7], [2292.03, 1257.5], [1879.5, 1084.5], [1937.5, 1131.5], [2016.5, 1171.5], [2099.5, 1204.5], [2170.5, 1208.5], [2248.5, 1194.5], [2299.17, 1129.17], [1864.24, 1000.87], [1409.22, 1040.48], [1407.03, 1130.55], [1448.36, 1208.11], [1530.02, 1244.7], [1678.09, 1230.48], [1738.85, 1224.48], [2353.07, 1244.62], [2409.42, 1221.69], [2458.51, 1181.99], [2501.91, 1135.31], [1921.35, 1023.72], [1980.17, 1041.92], [2040.12, 1055.84], [2100.96, 1065.46], [2162.29, 1071.43], [2223.63, 1077.27], [2285.15, 1080.41], [2346.67, 1079.06], [2407.87, 1072.57], [2468.48, 1065.96], [1987.5, 1119.5], [2072.5, 1145.5], [2148.5, 1161.5], [2224.5, 1168.5]]",
PBX,Right,pbx002v36_r,../marked_images/landmarked_pbx/marked_tiff/right/PBX002V36_R_MARK.tif,../marked_images/landmarked_pbx/txt/right/PBX002V36_R.txt,../raw_images/pbx/PBX002V36_R.tif,PBX,42,42,autolabel_v1.4,3840,2160,"[[2488.69, 1057.97], [1586.94, 1223.5], [1437.5, 941.55], [1817.34, 1190.59], [1916.64, 1191.72], [1998.66, 1206.0], [2080.75, 1221.09], [2149.52, 1226.55], [2215.48, 1230.41], [2269.2, 1227.51], [1864.5, 1050.5], [1930.5, 1098.5], [2019.5, 1136.5], [2096.5, 1166.5], [2166.5, 1171.5], [2229.5, 1162.5], [2264.5, 1111.5], [1849.1, 966.6], [1429.5, 1014.75], [1431.52, 1088.55], [1459.85, 1155.58], [1517.25, 1200.82], [1664.18, 1215.82], [1740.66, 1202.72], [2325.6, 1212.64], [2379.45, 1188.51], [2424.11, 1150.79], [2464.33, 1107.64], [1900.56, 996.65], [1956.11, 1018.54], [2014.19, 1032.86], [2073.13, 1043.12], [2132.46, 1050.68], [2192.01, 1056.34], [2251.71, 1060.0], [2311.46, 1060.0], [2370.96, 1054.64], [2429.88, 1047.02], [1976.5, 1088.5], [2066.5, 1118.5], [2136.5, 1130.5], [2203.5, 1140.5]]",
PBX,Right,pbx004v01_r,../marked_images/landmarked_pbx/marked_tiff/right/PBX004V01_R_MARK.tif,../marked_images/landmarked_pbx/txt/right/PBX004V01_R.txt,../raw_images/pbx/PBX004V01_R.tif,PBX,42,42,autolabel_v1.4,3840,2160,"[[2508.35, 1062.58], [1524.31, 1207.5], [1376.66, 909.07], [1757.83, 1186.5], [1886.01, 1202.37], [1967.95, 1219.26], [2057.4, 1235.87], [2126.19, 1239.76], [2209.6, 1249.58], [2277.02, 1243.14], [1845.5, 1066.5], [1894.83, 1110.5], [1998.83, 1159.83], [2078.5, 1182.17], [2157.83, 1192.17], [2233.83, 1186.17], [2283.17, 1127.5], [1833.93, 987.94], [1358.64, 992.54], [1342.5, 1076.65], [1368.16, 1156.39], [1438.6, 1203.69], [1602.25, 1200.3], [1680.36, 1195.25], [2336.84, 1226.33], [2394.05, 1201.73], [2444.32, 1165.18], [2484.39, 1117.64], [1892.53, 1008.95], [1952.34, 1026.69], [2012.71, 1042.18], [2074.12, 1053.06], [2136.14, 1059.84], [2198.3, 1065.11], [2260.6, 1067.72], [2322.93, 1066.77], [2384.99, 1061.27], [2446.59, 1053.77], [1956.17, 1107.83], [2051.83, 1132.83], [2133.17, 1154.17], [2203.83, 1160.83]]",
PBX,Right,pbx004v02_r,../marked_images/landmarked_pbx/marked_tiff/right/PBX004V02_R_MARK.tif,../marked_images/landmarked_pbx/txt/right/PBX004V02_R.txt,../raw_images/pbx/PBX004V02_R.tif,PBX,42,42,autolabel_v1.4,3840,2160,"[[2536.87, 1035.44], [1517.75, 1212.92], [1365.09, 925.85], [1776.79, 1186.5], [1891.51, 1189.52], [1990.06, 1201.51], [2086.79, 1213.49], [2136.02, 1216.1], [2216.25, 1223.5], [2285.8, 1217.43], [1861.5, 1049.5], [1917.5, 1089.5], [2016.5, 1130.5], [2095.5, 1163.5], [2174.5, 1158.5], [2241.5, 1142.5], [2293.17, 1090.5], [1849.22, 979.0], [1342.72, 1003.65], [1337.5, 1084.93], [1370.58, 1158.08], [1437.81, 1203.75], [1602.5, 1202.75], [1689.88, 1196.55], [2347.42, 1198.33], [2406.8, 1172.82], [2458.93, 1134.69], [2504.98, 1089.44], [1909.76, 997.26], [1971.31, 1011.8], [2033.58, 1022.96], [2096.38, 1030.7], [2159.49, 1035.34], [2222.69, 1038.53], [2285.95, 1040.07], [2349.18, 1038.84], [2412.12, 1033.18], [2474.47, 1024.9], [1973.5, 1083.5], [2063.5, 1108.5], [2146.5, 1120.5], [2216.5, 1123.5]]",
PBX,Right,pbx004v05_r,../marked_images/landmarked_pbx/marked_tiff/right/PBX004V05_R_MARK.tif,../marked_images/landmarked_pbx/txt/right/PBX004V05_R.txt,../raw_images/pbx/PBX004V05_R.tif,PBX,42,42,autolabel_v1.4,3840,2160,"[[2499.11, 1047.92], [1543.16, 1218.5], [1434.5, 938.35], [1774.93, 1198.5], [1886.15, 1202.51], [1986.69, 1216.49], [2053.55, 1224.95], [2112.84, 1225.87], [2196.03, 1230.5], [2272.87, 1222.45], [1872.5, 1067.5], [1923.5, 1115.5], [2004.5, 1141.5], [2084.5, 1165.5], [2156.5, 1176.5], [2223.5, 1180.5], [2274.5, 1106.5], [1861.5, 1005.88], [1414.17, 1008.69], [1396.5, 1079.87], [1419.57, 1149.09], [1470.21, 1202.79], [1620.84, 1217.51], [1698.16, 1210.32], [2328.97, 1204.15], [2383.27, 1179.65], [2432.22, 1145.21], [2471.26, 1099.86], [1918.12, 1021.57], [1975.41, 1034.55], [2033.2, 1045.04], [2091.43, 1052.63], [2150.06, 1056.63], [2208.78, 1058.72], [2267.5, 1057.33], [2326.1, 1053.19], [2384.17, 1044.97], [2441.57, 1036.02], [1975.5, 1106.5], [2058.5, 1118.5], [2145.5, 1139.5], [2199.5, 1145.5]]",
PBX,Right,pbx005v02_r,../marked_images/landmarked_pbx/marked_tiff/right/PBX005V02_R_MARK.tif,../marked_images/landmarked_pbx/txt/right/PBX005V02_R.txt,../raw_images/pbx/PBX005V02_R.tif,PBX,42,42,autolabel_v1.4,3840,2160,"[[2506.76, 1049.66], [1576.1, 1227.15], [1389.5, 923.24], [1759.6, 1202.5], [1876.17, 1208.18], [1980.79, 1221.12], [2084.54, 1235.2], [2146.89, 1243.85], [2222.03, 1249.5], [2286.39, 1241.26], [1859.17, 1048.5], [1919.83, 1106.5], [2013.17, 1145.83], [2099.17, 1174.5], [2167.17, 1186.5], [2241.5, 1168.5], [2286.5, 1106.5], [1845.45, 976.61], [1381.54, 1011.43], [1406.76, 1096.03], [1425.29, 1168.8], [1493.76, 1218.59], [1636.9, 1215.88], [1698.38, 1210.51], [2342.94, 1219.04], [2393.09, 1186.63], [2438.89, 1146.6], [2478.92, 1100.6], [1902.14, 999.88], [1960.43, 1018.76], [2019.87, 1033.41], [2080.11, 1044.45], [2140.86, 1052.27], [2202.01, 1056.3], [2263.29, 1056.5], [2324.49, 1053.96], [2385.37, 1047.63], [2445.97, 1041.93], [1969.83, 1101.17], [2060.5, 1126.5], [2149.17, 1137.17], [2211.83, 1143.83]]",
PBX,Right,pbx005v03_r,../marked_images/landmarked_pbx/marked_tiff/right/PBX005V03_R_MARK.tif,../marked_images/landmarked_pbx/txt/right/PBX005V03_R.txt,../raw_images/pbx/PBX005V03_R.tif,PBX,42,42,autolabel_v1.4,3840,2160,"[[2524.35, 1037.4], [1629.34, 1197.28], [1426.5, 926.64], [1817.15, 1180.54], [1926.09, 1189.63], [2030.51, 1201.26], [2115.3, 1209.28], [2183.98, 1215.26], [2263.12, 1221.45], [2326.24, 1215.6], [1895.5, 1059.5], [1957.5, 1105.83], [2047.5, 1142.5], [2130.83, 1157.17], [2201.5, 1167.17], [2273.5, 1155.83], [2307.5, 1104.5], [1881.3, 980.0], [1405.5, 1013.12], [1407.19, 1102.14], [1455.82, 1174.04], [1540.12, 1203.37], [1691.77, 1190.5], [1754.88, 1190.5], [2380.1, 1198.89], [2429.06, 1171.45], [2471.44, 1134.25], [2505.9, 1089.37], [1936.53, 1002.49], [1993.32, 1020.64], [2051.37, 1034.23], [2110.34, 1043.38], [2169.73, 1049.36], [2229.35, 1051.94], [2289.01, 1051.28], [2348.6, 1048.08], [2407.44, 1039.61], [2465.33, 1028.47], [2005.5, 1094.5], [2097.5, 1117.83], [2172.17, 1131.17], [2245.5, 1132.5]]",
PBX,Right,pbx005v04_r,../marked_images/landmarked_pbx/marked_tiff/right/PBX005V04_R_MARK.tif,../marked_images/landmarked_pbx/txt/right/PBX005V04_R.txt,../raw_images/pbx/PBX005V04_R.tif,PBX,42,42,autolabel_v1.4,3840,2160,"[[2535.08, 1056.69], [1519.98, 1224.5], [1372.01, 906.47], [1771.64, 1202.47], [1896.66, 1206.58], [2000.98, 1217.36], [2093.55, 1229.26], [2166.34, 1227.7], [2239.32, 1232.43], [2294.57, 1230.32], [1866.83, 1059.17], [1930.17, 1102.5], [2026.83, 1145.83], [2111.5, 1178.5], [2195.5, 1168.5], [2262.5, 1160.5], [2303.5, 1110.0], [1855.48, 990.51], [1357.08, 990.18], [1347.5, 1075.93], [1370.72, 1158.34], [1434.8, 1216.37], [1603.69, 1214.59], [1687.75, 1210.5], [2354.72, 1216.25], [2410.43, 1188.86], [2463.13, 1155.37], [2506.38, 1110.12], [1915.04, 1009.86], [1975.63, 1025.86], [2036.94, 1038.74], [2098.88, 1048.28], [2161.23, 1054.78], [2223.74, 1059.41], [2286.38, 1059.25], [2349.03, 1057.11], [2411.41, 1051.88], [2473.33, 1045.92], [1992.83, 1099.83], [2076.83, 1125.17], [2156.83, 1133.83], [2233.5, 1138.5]]",
PBX,Right,pbx005v07_r,../marked_images/landmarked_pbx/marked_tiff/right/PBX005V07_R_MARK.tif,../marked_images/landmarked_pbx/txt/right/PBX005V07_R.txt,../raw_images/pbx/PBX005V07_R.tif,PBX,42,42,autolabel_v1.4,3840,2160,"[[2583.24, 1018.16], [1542.03, 1208.36], [1377.17, 892.09], [1809.5, 1175.5], [1928.2, 1182.51], [2040.71, 1193.16], [2125.78, 1200.86], [2182.13, 1204.05], [2264.87, 1205.33], [2333.91, 1202.3], [1894.5, 1027.17], [1957.83, 1079.17], [2061.83, 1116.5], [2142.5, 1146.5], [2208.5, 1160.5], [2292.5, 1137.5], [2347.5, 1081.5], [1883.2, 965.32], [1363.82, 975.19], [1365.84, 1058.86], [1396.66, 1136.14], [1460.88, 1187.38], [1630.51, 1192.62], [1720.15, 1185.52], [2395.6, 1182.96], [2455.21, 1158.62], [2509.23, 1121.26], [2556.17, 1075.25], [1944.7, 984.25], [2007.41, 998.89], [2070.79, 1010.39], [2134.62, 1019.09], [2198.86, 1024.04], [2263.23, 1026.79], [2327.64, 1026.29], [2391.95, 1022.79], [2455.96, 1015.83], [2519.55, 1008.41], [2017.83, 1071.83], [2115.17, 1090.5], [2196.5, 1109.5], [2261.5, 1112.5]]",
PBX,Right,pbx005v08_r,../marked_images/landmarked_pbx/marked_tiff/right/PBX005V08_R_MARK.tif,../marked_images/landmarked_pbx/txt/right/PBX005V08_R.txt,../raw_images/pbx/PBX005V08_R.tif,PBX,42,42,autolabel_v1.4,3840,2160,"[[2559.05, 1085.63], [1577.39, 1239.42], [1504.32, 959.73], [1818.57, 1198.71], [1924.52, 1211.59], [2019.31, 1222.61], [2109.11, 1239.22], [2184.14, 1245.54], [2255.27, 1254.03], [2315.0, 1255.14], [1907.5, 1059.5], [1958.83, 1105.5], [2056.17, 1148.83], [2128.83, 1186.83], [2189.5, 1214.5], [2268.5, 1195.5], [2334.5, 1135.83], [1900.62, 1015.55], [1499.98, 1019.23], [1468.16, 1089.89], [1460.09, 1161.93], [1502.42, 1223.42], [1659.58, 1227.97], [1741.32, 1213.44], [2375.92, 1242.32], [2432.79, 1217.35], [2485.07, 1182.79], [2528.1, 1137.4], [1960.2, 1026.88], [2018.97, 1041.8], [2078.12, 1055.09], [2137.83, 1065.55], [2197.99, 1073.08], [2258.5, 1077.33], [2319.06, 1080.45], [2379.66, 1079.85], [2440.07, 1075.19], [2500.02, 1071.72], [2015.5, 1105.5], [2104.83, 1133.5], [2178.5, 1151.5], [2250.5, 1161.5]]",
PBX,Right,pbx006v02b_r,../marked_images/landmarked_pbx/marked_tiff/right/PBX006V02b_R_MARK.tif,../marked_images/landmarked_pbx/txt/right/PBX006V02b_R.txt,../raw_images/pbx/PBX006V02b_R.tif,PBX,42,42,autolabel_v1.4,3840,2160,"[[2527.25, 1024.2], [1567.24, 1186.43], [1399.39, 963.73], [1817.64, 1167.5], [1924.6, 1178.03], [2028.62, 1189.07], [2120.39, 1202.64], [2190.82, 1206.79], [2264.46, 1211.42], [2332.76, 1202.38], [1907.17, 1046.17], [1955.17, 1090.17], [2059.83, 1128.5], [2143.17, 1143.17], [2210.5, 1149.83], [2276.5, 1146.5], [2314.5, 1091.5], [1895.48, 977.01], [1405.5, 1027.49], [1418.05, 1090.65], [1452.54, 1145.77], [1510.28, 1170.75], [1650.23, 1173.45], [1733.69, 1172.34], [2384.46, 1183.68], [2432.12, 1155.31], [2475.28, 1120.22], [2508.47, 1075.55], [1950.78, 995.58], [2007.32, 1010.0], [2064.48, 1021.89], [2122.07, 1031.03], [2180.34, 1034.94], [2238.6, 1038.77], [2296.93, 1037.44], [2355.13, 1032.98], [2412.71, 1024.06], [2469.63, 1014.7], [2017.17, 1090.5], [2102.5, 1109.17], [2181.83, 1123.83], [2246.5, 1127.5]]",
PBX,Right,pbx006v03a_r,../marked_images/landmarked_pbx/marked_tiff/right/PBX006V03a_R_MARK.tif,../marked_images/landmarked_pbx/txt/right/PBX006V03a_R.txt,../raw_images/pbx/PBX006V03a_R.tif,PBX,42,42,autolabel_v1.4,3840,2160,"[[2488.55, 1041.78], [1575.05, 1225.57], [1385.02, 950.72], [1782.14, 1192.33], [1887.07, 1197.45], [1981.81, 1207.56], [2072.53, 1217.74], [2144.71, 1224.62], [2222.03, 1229.5], [2284.29, 1224.73], [1869.83, 1062.5], [1920.5, 1104.5], [2009.17, 1141.83], [2089.83, 1166.5], [2168.5, 1175.83], [2234.83, 1160.5], [2283.83, 1105.5], [1856.16, 994.53], [1385.14, 1034.97], [1389.85, 1119.1], [1433.15, 1184.78], [1508.63, 1222.54], [1640.65, 1207.21], [1710.59, 1196.5], [2338.0, 1203.0], [2389.61, 1177.52], [2435.44, 1141.9], [2469.77, 1094.96], [1911.38, 1013.76], [1968.19, 1027.2], [2025.79, 1037.15], [2083.79, 1044.26], [2142.13, 1048.19], [2200.35, 1053.63], [2258.59, 1050.14], [2316.74, 1043.97], [2374.47, 1035.04], [2431.66, 1028.29], [1969.83, 1093.83], [2061.17, 1123.83], [2136.5, 1137.17], [2206.5, 1137.83]]",
PBX,Right,pbx006v04b_r,../marked_images/landmarked_pbx/marked_tiff/right/PBX006V04b_R_MARK.tif,../marked_images/landmarked_pbx/txt/right/PBX006V04b_R.txt,../raw_images/pbx/PBX006v04b_R.tif,PBX,42,42,autolabel_v1.4,3840,2160,"[[2476.66, 1015.35], [1560.22, 1214.52], [1402.69, 931.0], [1777.59, 1175.73], [1890.77, 1175.66], [1993.54, 1185.44], [2070.56, 1194.5], [2137.62, 1195.8], [2212.59, 1203.97], [2273.72, 1197.2], [1872.5, 1043.5], [1926.5, 1091.5], [2015.83, 1130.17], [2098.5, 1146.17], [2166.5, 1138.83], [2233.83, 1136.83], [2271.5, 1081.83], [1859.93, 985.65], [1391.47, 1010.41], [1387.5, 1089.31], [1419.06, 1161.35], [1480.21, 1210.9], [1632.27, 1199.07], [1705.46, 1190.76], [2328.34, 1177.7], [2379.53, 1152.06], [2425.55, 1116.46], [2461.24, 1069.99], [1914.48, 1000.87], [1969.71, 1013.34], [2025.56, 1022.48], [2081.85, 1028.66], [2138.33, 1032.14], [2194.89, 1029.17], [2251.52, 1028.59], [2308.04, 1025.53], [2364.22, 1018.82], [2420.15, 1011.57], [1981.17, 1082.17], [2060.5, 1096.17], [2139.17, 1112.17], [2205.83, 1111.5]]",
PBX,Right,pbx006v07_r,../marked_images/landmarked_pbx/marked_tiff/right/PBX006V07_R_MARK.tif,../marked_images/landmarked_pbx/txt/right/PBX006V07_R.txt,../raw_images/pbx/PBX006V07_R.tif,PBX,42,42,autolabel_v1.4,3840,2160,"[[2527.59, 1032.86], [1549.43, 1234.6], [1395.5, 951.74], [1776.65, 1189.48], [1903.47, 1193.48], [2007.61, 1206.48], [2096.13, 1217.22], [2169.03, 1218.91], [2255.95, 1224.61], [2315.55, 1211.21], [1869.5, 1055.5], [1937.5, 1104.5], [2033.5, 1135.5], [2113.5, 1163.5], [2185.5, 1173.5], [2267.5, 1155.17], [2306.83, 1100.5], [1855.99, 989.99], [1389.73, 1025.75], [1390.86, 1099.94], [1421.18, 1167.42], [1478.93, 1214.22], [1627.0, 1216.5], [1705.2, 1201.48], [2367.63, 1187.32], [2417.64, 1160.07], [2463.61, 1124.94], [2503.45, 1083.05], [1915.47, 1006.61], [1975.71, 1020.16], [2036.59, 1030.43], [2097.97, 1037.19], [2159.65, 1040.5], [2221.43, 1040.5], [2283.17, 1038.52], [2344.8, 1034.48], [2406.12, 1027.43], [2466.99, 1020.86], [1995.5, 1099.5], [2082.5, 1116.5], [2158.5, 1126.5], [2236.83, 1135.17]]",
PBX,Right,pbx006v08_r,../marked_images/landmarked_pbx/marked_tiff/right/PBX006V08_R_MARK.tif,../marked_images/landmarked_pbx/txt/right/PBX006V08_R.txt,../raw_images/pbx/PBX006V08_R.tif,PBX,42,42,autolabel_v1.4,3840,2160,"[[2522.7, 1025.23], [1544.07, 1199.5], [1381.05, 967.71], [1818.02, 1166.5], [1926.83, 1178.44], [2019.72, 1189.09], [2108.48, 1206.52], [2176.08, 1212.03], [2251.09, 1218.81], [2315.61, 1210.45], [1884.5, 1059.5], [1940.5, 1102.5], [2033.5, 1134.5], [2118.5, 1155.5], [2194.0, 1166.5], [2267.5, 1156.0], [2318.0, 1090.5], [1866.45, 958.14], [1379.36, 1045.65], [1391.97, 1123.34], [1454.59, 1164.39], [1486.07, 1155.37], [1634.24, 1181.82], [1726.21, 1175.66], [2370.47, 1189.8], [2419.9, 1159.74], [2463.35, 1121.15], [2502.11, 1077.36], [1922.19, 982.27], [1979.81, 1001.44], [2038.86, 1015.88], [2098.73, 1026.51], [2159.24, 1032.63], [2220.0, 1034.95], [2280.82, 1035.49], [2341.56, 1033.33], [2402.02, 1027.24], [2462.12, 1019.78], [1996.5, 1085.5], [2085.5, 1110.5], [2161.5, 1125.5], [2232.0, 1127.5]]",
PBX,Right,pbx006v09_r,../marked_images/landmarked_pbx/marked_tiff/right/PBX006V09_R_MARK.tif,../marked_images/landmarked_pbx/txt/right/PBX006V09_R.txt,../raw_images/pbx/PBX006V09_R.tif,PBX,42,42,autolabel_v1.4,3840,2160,"[[2530.57, 1038.8], [1538.73, 1216.52], [1386.4, 917.41], [1768.26, 1192.07], [1896.34, 1195.53], [2004.8, 1206.81], [2085.18, 1218.1], [2158.89, 1222.33], [2244.93, 1229.51], [2313.29, 1220.72], [1871.0, 1055.0], [1927.0, 1101.5], [2029.0, 1130.5], [2108.5, 1167.5], [2185.5, 1160.83], [2258.83, 1158.17], [2298.17, 1107.17], [1859.93, 993.24], [1370.47, 997.33], [1364.8, 1078.58], [1394.38, 1154.67], [1458.22, 1204.57], [1615.09, 1206.69], [1691.91, 1201.58], [2368.79, 1201.22], [2418.11, 1169.77], [2464.16, 1132.96], [2501.63, 1087.87], [1919.45, 1009.7], [1979.43, 1024.34], [2040.08, 1035.61], [2101.32, 1043.26], [2162.89, 1047.85], [2224.58, 1050.57], [2286.31, 1049.87], [2347.88, 1045.75], [2408.95, 1037.24], [2469.56, 1029.32], [1977.5, 1089.5], [2076.0, 1115.0], [2155.17, 1128.17], [2228.17, 1135.17]]",
PBX,Right,pbx006v11_r,../marked_images/landmarked_pbx/marked_tiff/right/PBX006V11_R_MARK.tif,../marked_images/landmarked_pbx/txt/right/PBX006V11_R.txt,../raw_images/pbx/PBX006V11_R.tif,PBX,42,42,autolabel_v1.4,3840,2160,"[[2513.8, 1050.15], [1531.35, 1221.04], [1398.13, 912.96], [1754.52, 1192.75], [1875.43, 1199.5], [1987.43, 1214.31], [2075.88, 1226.23], [2148.93, 1230.49], [2227.08, 1236.34], [2289.74, 1228.52], [1863.5, 1055.5], [1926.5, 1105.5], [2023.5, 1140.5], [2100.5, 1171.5], [2173.5, 1178.5], [2249.5, 1168.83], [2294.17, 1110.5], [1852.21, 990.58], [1382.51, 992.91], [1375.77, 1075.59], [1396.47, 1154.95], [1449.17, 1215.79], [1605.6, 1210.19], [1680.09, 1201.52], [2344.99, 1206.31], [2399.5, 1182.69], [2448.8, 1148.51], [2487.55, 1102.52], [1909.97, 1010.42], [1968.92, 1026.36], [2028.64, 1038.95], [2088.94, 1048.46], [2149.64, 1055.17], [2210.58, 1059.21], [2271.64, 1059.4], [2332.66, 1057.09], [2393.18, 1050.01], [2453.24, 1042.25], [1979.5, 1107.5], [2077.5, 1123.5], [2150.5, 1138.5], [2222.5, 1144.5]]",
PBX,Right,pbx006v13_r,../marked_images/landmarked_pbx/marked_tiff/right/PBX006V13_R_MARK.tif,../marked_images/landmarked_pbx/txt/right/PBX006V13_R.txt,../raw_images/pbx/PBX006V13_R.tif,PBX,42,42,autolabel_v1.4,3840,2160,"[[2506.57, 1079.78], [1509.13, 1217.63], [1398.61, 940.01], [1745.82, 1182.91], [1866.9, 1185.51], [1971.37, 1199.96], [2054.1, 1211.51], [2130.77, 1219.83], [2203.39, 1231.5], [2260.34, 1232.42], [1858.83, 1047.5], [1910.17, 1095.5], [2000.83, 1134.83], [2081.5, 1166.83], [2170.83, 1161.5], [2224.17, 1177.5], [2277.5, 1121.5], [1849.91, 982.92], [1380.34, 1008.88], [1367.5, 1079.45], [1389.87, 1146.44], [1442.26, 1195.03], [1587.51, 1199.66], [1665.88, 1190.49], [2319.46, 1221.35], [2375.54, 1198.49], [2427.43, 1167.29], [2473.19, 1127.49], [1907.4, 1002.5], [1965.93, 1018.65], [2025.15, 1032.03], [2084.89, 1042.87], [2144.99, 1051.58], [2205.29, 1058.88], [2265.81, 1063.95], [2326.48, 1065.54], [2387.19, 1064.46], [2447.53, 1065.52], [1970.83, 1095.5], [2058.83, 1122.17], [2139.5, 1133.5], [2200.5, 1144.5]]",
PBX,Right,pbx006v14_r,../marked_images/landmarked_pbx/marked_tiff/right/PBX006V14_R_MARK.tif,../marked_images/landmarked_pbx/txt/right/PBX006V14_R.txt,../raw_images/pbx/PBX006V14_R.tif,PBX,42,42,autolabel_v1.4,3840,2160,"[[2514.37, 1043.4], [1522.3, 1215.3], [1372.54, 921.3], [1751.05, 1190.84], [1865.6, 1195.52], [1977.34, 1208.69], [2070.03, 1218.87], [2128.48, 1225.01], [2205.13, 1233.5], [2267.38, 1230.78], [1845.5, 1055.5], [1900.5, 1092.5], [2002.5, 1133.5], [2080.5, 1162.5], [2149.5, 1179.5], [2226.5, 1156.5], [2276.5, 1100.0], [1832.13, 978.34], [1357.51, 998.81], [1355.49, 1078.42], [1383.46, 1151.95], [1445.25, 1200.88], [1598.66, 1205.56], [1674.36, 1197.5], [2331.16, 1217.45], [2389.65, 1188.93], [2441.19, 1148.31], [2485.69, 1099.78], [1890.87, 1001.03], [1951.39, 1018.21], [2013.06, 1030.89], [2075.38, 1039.97], [2138.13, 1045.71], [2201.0, 1049.8], [2263.97, 1051.72], [2326.93, 1050.38], [2389.52, 1044.24], [2451.71, 1036.74], [1961.5, 1087.5], [2053.5, 1112.5], [2129.5, 1131.5], [2199.5, 1134.5]]",
PBX,Right,pbx006v20_r,../marked_images/landmarked_pbx/marked_tiff/right/PBX006V20_R_MARK.tif,../marked_images/landmarked_pbx/txt/right/PBX006V20_R.txt,../raw_images/pbx/PBX006V20_R.tif,PBX,42,42,autolabel_v1.4,3840,2160,"[[2514.28, 1055.71], [1527.63, 1210.5], [1406.3, 945.76], [1772.5, 1183.5], [1890.01, 1188.5], [1982.75, 1200.8], [2072.89, 1214.75], [2145.15, 1218.88], [2216.22, 1223.55], [2281.39, 1221.42], [1866.5, 1051.5], [1925.5, 1098.5], [2018.5, 1135.5], [2095.17, 1164.83], [2173.17, 1173.5], [2241.83, 1157.5], [2287.5, 1108.5], [1856.09, 985.16], [1389.93, 1012.72], [1384.84, 1081.9], [1410.13, 1145.92], [1460.82, 1193.04], [1608.82, 1196.66], [1690.66, 1191.75], [2339.35, 1208.26], [2394.14, 1184.18], [2442.97, 1149.55], [2484.51, 1106.49], [1913.85, 1003.86], [1972.48, 1019.74], [2031.72, 1033.17], [2091.55, 1043.69], [2151.84, 1051.27], [2212.46, 1055.49], [2273.18, 1057.13], [2333.89, 1055.62], [2394.38, 1050.43], [2454.5, 1044.82], [1978.5, 1090.17], [2074.5, 1117.5], [2149.83, 1127.5], [2219.17, 1140.17]]",
PBX,Right,pbx006v21_r,../marked_images/landmarked_pbx/marked_tiff/right/PBX006V21_R_MARK.tif,../marked_images/landmarked_pbx/txt/right/PBX006V21_R.txt,../raw_images/pbx/PBX006V21_R.tif,PBX,42,42,autolabel_v1.4,3840,2160,"[[2449.72, 1034.08], [1539.33, 1200.48], [1396.92, 891.28], [1754.63, 1173.5], [1877.55, 1176.5], [1976.1, 1189.54], [2051.35, 1196.58], [2116.06, 1202.66], [2190.19, 1210.82], [2245.57, 1205.42], [1857.5, 1038.5], [1903.5, 1080.5], [1983.5, 1118.5], [2067.5, 1144.5], [2132.5, 1154.5], [2203.5, 1141.5], [2239.83, 1098.5], [1846.44, 977.97], [1389.38, 969.37], [1383.5, 1048.1], [1406.65, 1122.67], [1465.46, 1175.13], [1611.13, 1191.68], [1682.92, 1182.59], [2300.39, 1191.37], [2350.63, 1165.93], [2393.22, 1129.28], [2428.13, 1084.65], [1898.4, 998.96], [1952.63, 1013.13], [2007.68, 1023.38], [2063.25, 1026.1], [2118.64, 1026.62], [2172.98, 1040.12], [2229.0, 1042.06], [2284.7, 1037.08], [2339.99, 1028.14], [2394.93, 1022.24], [1954.5, 1075.5], [2041.5, 1101.5], [2110.5, 1118.5], [2174.83, 1117.83]]",
PBX,Right,pbx006v22_r,../marked_images/landmarked_pbx/marked_tiff/right/PBX006V22_R_MARK.tif,../marked_images/landmarked_pbx/txt/right/PBX006V22_R.txt,../raw_images/pbx/PBX006V22_R.tif,PBX,42,42,autolabel_v1.4,3840,2160,"[[2511.64, 1043.89], [1509.82, 1210.53], [1369.37, 917.17], [1750.02, 1192.49], [1874.74, 1197.38], [2016.85, 1213.5], [2075.44, 1218.91], [2139.9, 1223.63], [2216.03, 1233.36], [2285.42, 1226.68], [1856.5, 1051.5], [1920.5, 1097.5], [2017.5, 1135.5], [2096.5, 1165.5], [2161.5, 1191.5], [2243.5, 1165.5], [2290.0, 1111.5], [1846.54, 991.64], [1359.28, 993.35], [1347.61, 1069.61], [1381.61, 1136.28], [1437.06, 1189.85], [1585.8, 1205.95], [1667.24, 1197.66], [2342.7, 1208.43], [2396.91, 1180.77], [2446.38, 1144.58], [2486.23, 1097.93], [1905.14, 1009.75], [1964.32, 1025.84], [2024.42, 1037.57], [2085.24, 1045.38], [2146.31, 1050.98], [2207.51, 1055.06], [2268.82, 1056.0], [2330.03, 1052.98], [2390.66, 1044.65], [2450.81, 1036.07], [1977.5, 1093.5], [2067.5, 1120.5], [2146.5, 1135.5], [2220.5, 1137.5]]",
PBX,Right,pbx008v01_r,../marked_images/landmarked_pbx/marked_tiff/right/PBX008V01_R_MARK.tif,../marked_images/landmarked_pbx/txt/right/PBX008V01_R.txt,../raw_images/pbx/PBX008V01_R.tif,PBX,42,42,autolabel_v1.4,3840,2160,"[[2519.47, 1045.61], [1494.78, 1208.5], [1385.42, 916.98], [1778.21, 1187.08], [1897.24, 1193.07], [1993.68, 1206.29], [2078.47, 1217.28], [2146.16, 1223.03], [2215.32, 1229.5], [2274.99, 1228.5], [1867.5, 1046.5], [1921.5, 1088.5], [2017.5, 1133.5], [2098.5, 1166.5], [2167.5, 1159.5], [2237.0, 1156.5], [2294.0, 1106.0], [1856.02, 974.26], [1360.2, 986.72], [1355.85, 1061.09], [1374.82, 1132.29], [1424.01, 1187.12], [1589.01, 1199.58], [1684.01, 1198.5], [2337.49, 1214.71], [2397.4, 1190.23], [2446.89, 1148.73], [2490.14, 1100.36], [1912.95, 997.72], [1971.54, 1016.52], [2031.23, 1031.73], [2091.6, 1043.65], [2152.93, 1049.56], [2214.34, 1054.5], [2275.91, 1056.04], [2337.29, 1052.2], [2398.21, 1043.31], [2458.71, 1035.39], [1979.5, 1091.5], [2059.5, 1116.5], [2147.5, 1130.5], [2211.5, 1138.5]]",
PBX,Right,pbx009v05_r,../marked_images/landmarked_pbx/marked_tiff/right/PBX009V05_R_MARK.tif,../marked_images/landmarked_pbx/txt/right/PBX009V05_R.txt,../raw_images/pbx/PBX009V05_R.tif,PBX,42,42,autolabel_v1.4,3840,2160,"[[2488.84, 1080.33], [1547.05, 1219.5], [1432.09, 971.89], [1774.54, 1194.24], [1886.73, 1200.48], [1981.01, 1211.72], [2070.99, 1226.86], [2133.38, 1235.58], [2208.2, 1246.38], [2269.73, 1244.6], [1855.83, 1053.5], [1927.83, 1096.83], [2011.17, 1142.17], [2088.5, 1174.83], [2154.5, 1184.17], [2217.17, 1170.5], [2275.83, 1119.83], [1845.53, 983.74], [1394.5, 1016.76], [1393.04, 1088.72], [1422.8, 1153.95], [1478.67, 1198.66], [1623.0, 1212.12], [1698.57, 1201.46], [2326.75, 1233.33], [2380.65, 1211.93], [2428.62, 1177.88], [2466.15, 1132.36], [1899.94, 1009.15], [1956.22, 1029.86], [2014.09, 1045.64], [2073.0, 1057.3], [2132.37, 1066.47], [2192.0, 1073.69], [2251.94, 1076.94], [2311.95, 1076.19], [2371.67, 1070.71], [2430.73, 1065.14], [1977.17, 1100.17], [2061.83, 1124.83], [2135.83, 1140.83], [2195.83, 1148.17]]",
PBX,Right,pbx009v07_r,../marked_images/landmarked_pbx/marked_tiff/right/PBX009V07_R_MARK.tif,../marked_images/landmarked_pbx/txt/right/PBX009V07_R.txt,../raw_images/pbx/PBX009V07_R.tif,PBX,42,42,autolabel_v1.4,3840,2160,"[[2493.54, 1063.74], [1559.3, 1236.43], [1365.64, 963.45], [1765.27, 1202.48], [1888.34, 1199.04], [1981.64, 1210.05], [2073.63, 1226.48], [2144.44, 1233.32], [2213.8, 1239.5], [2273.01, 1233.85], [1852.83, 1059.5], [1918.17, 1103.5], [2006.17, 1138.17], [2086.17, 1168.83], [2162.17, 1164.83], [2226.17, 1164.83], [2288.17, 1111.83], [1841.11, 996.09], [1361.01, 1046.85], [1365.19, 1117.45], [1401.21, 1189.72], [1474.17, 1233.34], [1627.53, 1221.99], [1695.92, 1209.16], [2328.69, 1218.18], [2380.88, 1192.81], [2425.65, 1155.85], [2464.06, 1111.74], [1897.88, 1016.22], [1955.99, 1031.87], [2014.92, 1044.37], [2074.28, 1054.42], [2134.23, 1060.45], [2194.34, 1064.62], [2254.56, 1066.14], [2314.75, 1064.54], [2374.68, 1059.01], [2434.2, 1053.32], [1968.83, 1104.83], [2055.5, 1128.83], [2132.83, 1142.17], [2202.17, 1143.5]]",
PBX,Right,pbx009v12_r,../marked_images/landmarked_pbx/marked_tiff/right/PBX009V12_R_MARK.tif,../marked_images/landmarked_pbx/txt/right/PBX009V12_R.txt,../raw_images/pbx/PBX009V12_R.tif,PBX,42,42,autolabel_v1.4,3840,2160,"[[2517.53, 1065.68], [1521.37, 1214.42], [1360.75, 946.81], [1745.41, 1184.6], [1868.51, 1187.98], [1977.35, 1200.95], [2061.98, 1210.86], [2130.33, 1220.98], [2204.43, 1229.77], [2273.86, 1229.37], [1841.5, 1053.83], [1905.5, 1099.17], [2001.5, 1139.17], [2085.5, 1170.5], [2158.5, 1174.0], [2233.0, 1164.5], [2284.5, 1202.5], [1829.76, 975.2], [1348.62, 1022.91], [1342.04, 1099.64], [1380.14, 1166.64], [1444.27, 1208.92], [1595.55, 1202.64], [1670.54, 1195.5], [2333.17, 1217.15], [2390.37, 1195.35], [2443.62, 1161.68], [2488.77, 1117.73], [1889.31, 997.45], [1950.26, 1015.44], [2012.26, 1029.51], [2074.95, 1040.23], [2138.04, 1048.35], [2201.3, 1055.0], [2264.73, 1059.71], [2328.28, 1061.02], [2391.76, 1058.07], [2454.92, 1054.46], [1964.83, 1092.5], [2059.5, 1120.5], [2142.0, 1134.0], [2209.0, 1138.0]]",
PBX,Right,pbx009v14_r,../marked_images/landmarked_pbx/marked_tiff/right/PBX009V14_R_MARK.tif,../marked_images/landmarked_pbx/txt/right/PBX009V14_R.txt,../raw_images/pbx/PBX009V14_R.tif,PBX,42,42,autolabel_v1.4,3840,2160,"[[2506.09, 1053.93], [1479.63, 1196.6], [1405.31, 919.93], [1779.97, 1169.5], [1895.18, 1177.68], [1985.63, 1192.98], [2063.52, 1203.98], [2134.5, 1205.07], [2204.87, 1216.09], [2278.08, 1211.56], [1870.5, 1039.5], [1929.5, 1095.5], [2015.5, 1129.5], [2088.5, 1159.5], [2166.5, 1158.5], [2238.5, 1150.5], [2272.83, 1104.17], [1861.72, 976.35], [1377.3, 977.26], [1363.06, 1046.18], [1374.43, 1114.97], [1414.55, 1171.05], [1580.14, 1192.06], [1680.14, 1181.68], [2335.71, 1200.5], [2391.93, 1181.79], [2442.23, 1150.3], [2481.97, 1106.47], [1918.04, 995.35], [1975.4, 1011.12], [2033.47, 1023.92], [2092.24, 1033.12], [2151.39, 1039.58], [2210.71, 1044.29], [2270.15, 1046.73], [2329.61, 1046.12], [2389.0, 1042.72], [2448.08, 1040.67], [1977.5, 1087.5], [2065.5, 1107.5], [2146.5, 1123.5], [2209.5, 1130.5]]",
PBX,Right,pbx009v17_r,../marked_images/landmarked_pbx/marked_tiff/right/PBX009V17_R_MARK.tif,../marked_images/landmarked_pbx/txt/right/PBX009V17_R.txt,../raw_images/pbx/PBX009V17_R.tif,PBX,42,42,autolabel_v1.4,3840,2160,"[[2489.54, 1030.15], [1471.84, 1206.18], [1358.7, 927.64], [1747.6, 1168.5], [1864.4, 1178.5], [1981.72, 1198.46], [2052.18, 1206.78], [2114.14, 1213.68], [2202.31, 1220.06], [2270.73, 1210.64], [1842.5, 1040.17], [1904.5, 1090.83], [1995.17, 1124.83], [2079.17, 1155.5], [2147.5, 1170.5], [2229.5, 1153.5], [2275.17, 1093.5], [1832.59, 982.86], [1347.03, 998.24], [1343.5, 1069.85], [1353.33, 1142.18], [1399.24, 1198.87], [1563.04, 1187.86], [1655.16, 1177.5], [2326.17, 1193.3], [2381.31, 1167.54], [2431.06, 1132.44], [2470.47, 1085.89], [1889.6, 1003.85], [1948.11, 1019.97], [2007.68, 1031.8], [2067.86, 1040.01], [2128.47, 1044.52], [2189.16, 1047.8], [2249.86, 1046.19], [2310.41, 1041.24], [2370.33, 1031.87], [2429.49, 1020.81], [1954.5, 1082.17], [2053.83, 1109.5], [2132.5, 1123.0], [2198.5, 1124.5]]",
PBX,Right,pbx009v18_r,../marked_images/landmarked_pbx/marked_tiff/right/PBX009V18_R_MARK.tif,../marked_images/landmarked_pbx/txt/right/PBX009V18_R.txt,../raw_images/pbx/PBX009V18_R.tif,PBX,42,42,autolabel_v1.4,3840,2160,"[[2506.93, 1008.52], [1442.21, 1183.5], [1344.98, 911.49], [1746.12, 1150.17], [1853.22, 1153.38], [1949.93, 1165.34], [2042.63, 1175.59], [2111.02, 1180.84], [2187.37, 1188.96], [2255.3, 1188.29], [1817.5, 1011.5], [1888.5, 1065.5], [1985.0, 1102.5], [2067.0, 1131.0], [2143.5, 1134.0], [2219.5, 1120.5], [2269.5, 1065.17], [1805.62, 939.21], [1331.08, 979.23], [1315.92, 1042.89], [1326.72, 1111.91], [1374.91, 1162.2], [1544.09, 1177.47], [1645.11, 1162.52], [2319.13, 1173.46], [2381.28, 1151.75], [2435.91, 1115.9], [2479.12, 1066.36], [1866.0, 962.41], [1927.83, 981.31], [1991.22, 994.36], [2055.38, 1002.87], [2119.81, 1008.9], [2184.43, 1012.37], [2249.13, 1013.5], [2313.81, 1012.07], [2378.35, 1007.51], [2442.61, 1001.28], [1948.5, 1051.5], [2037.5, 1085.0], [2117.5, 1097.0], [2193.5, 1102.5]]",
PBX,Right,pbx009v20_r,../marked_images/landmarked_pbx/marked_tiff/right/PBX009V20_R_MARK.tif,../marked_images/landmarked_pbx/txt/right/PBX009V20_R.txt,../raw_images/pbx/PBX009V20_R.tif,PBX,42,42,autolabel_v1.4,3840,2160,"[[2533.32, 1035.74], [1422.19, 1186.24], [1368.26, 931.44], [1740.6, 1164.58], [1879.09, 1172.5], [1985.34, 1187.55], [2073.92, 1199.82], [2148.14, 1208.23], [2213.42, 1212.5], [2281.81, 1209.24], [1848.5, 1044.5], [1924.5, 1097.17], [2017.17, 1131.17], [2097.5, 1157.0], [2186.5, 1145.5], [2250.0, 1144.5], [2295.5, 1096.5], [1837.73, 964.98], [1354.32, 987.22], [1346.5, 1044.27], [1350.7, 1101.38], [1375.32, 1153.64], [1528.4, 1188.47], [1634.39, 1175.49], [2343.39, 1192.55], [2402.76, 1167.98], [2455.82, 1132.68], [2502.57, 1088.73], [1898.24, 986.42], [1959.93, 1004.16], [2022.61, 1017.92], [2086.07, 1027.69], [2149.94, 1034.48], [2214.09, 1037.8], [2278.3, 1037.84], [2342.37, 1034.1], [2406.31, 1027.96], [2470.08, 1024.5], [1978.5, 1079.17], [2074.5, 1105.5], [2151.5, 1114.5], [2222.5, 1122.5]]",
PBX,Right,pbx009v21_r,../marked_images/landmarked_pbx/marked_tiff/right/PBX009V21_R_MARK.tif,../marked_images/landmarked_pbx/txt/right/PBX009V21_R.txt,../raw_images/pbx/PBX009V21_R.tif,PBX,42,42,autolabel_v1.4,3840,2160,"[[2511.91, 1052.36], [1477.1, 1221.38], [1353.21, 945.55], [1748.21, 1199.34], [1883.44, 1199.5], [1980.23, 1210.2], [2059.48, 1217.03], [2123.99, 1222.36], [2204.22, 1231.5], [2269.74, 1228.93], [1848.83, 1058.5], [1916.17, 1103.17], [2011.5, 1137.83], [2087.5, 1163.83], [2157.5, 1176.5], [2231.5, 1158.5], [2280.0, 1110.0], [1838.54, 995.5], [1352.91, 1006.54], [1358.5, 1072.67], [1375.83, 1138.27], [1415.63, 1193.13], [1567.81, 1221.5], [1658.21, 1212.51], [2330.27, 1212.07], [2389.2, 1188.66], [2441.45, 1152.97], [2484.35, 1106.35], [1897.91, 1013.15], [1958.22, 1027.27], [2019.16, 1038.36], [2080.55, 1046.72], [2142.24, 1052.65], [2204.02, 1057.6], [2265.91, 1060.52], [2327.71, 1058.01], [2389.22, 1050.72], [2450.47, 1044.25], [1972.17, 1096.5], [2058.83, 1120.5], [2142.17, 1127.83], [2210.5, 1139.5]]",
PBX,Right,pbx009v24_r,../marked_images/landmarked_pbx/marked_tiff/right/PBX009V24_R_MARK.tif,../marked_images/landmarked_pbx/txt/right/PBX009V24_R.txt,../raw_images/pbx/PBX009V24_R.tif,PBX,42,42,autolabel_v1.4,3840,2160,"[[2509.61, 1040.86], [1500.19, 1212.62], [1366.5, 941.24], [1754.06, 1181.5], [1881.27, 1185.53], [1985.84, 1197.1], [2072.28, 1203.42], [2137.16, 1211.04], [2213.46, 1218.01], [2279.67, 1214.39], [1844.5, 1054.5], [1908.5, 1098.5], [2006.5, 1135.5], [2092.5, 1158.5], [2162.5, 1166.5], [2234.17, 1158.17], [2295.17, 1095.83], [1831.37, 977.36], [1354.2, 1014.67], [1345.5, 1088.31], [1368.42, 1158.35], [1426.74, 1203.78], [1583.79, 1194.81], [1668.82, 1189.5], [2337.08, 1197.93], [2391.33, 1171.42], [2441.15, 1137.35], [2482.13, 1092.63], [1890.2, 998.73], [1950.42, 1015.58], [2011.76, 1027.87], [2073.79, 1036.33], [2136.2, 1041.36], [2198.72, 1044.71], [2261.32, 1045.5], [2323.85, 1043.09], [2386.09, 1036.77], [2447.9, 1030.22], [1966.5, 1091.5], [2057.5, 1115.5], [2145.5, 1125.5], [2212.17, 1134.5]]",
PBX,Right,pbx009v26_r,../marked_images/landmarked_pbx/marked_tiff/right/PBX009V26_R_MARK.tif,../marked_images/landmarked_pbx/txt/right/PBX009V26_R.txt,../raw_images/pbx/PBX009V26_R.tif,PBX,42,42,autolabel_v1.4,3840,2160,"[[2508.06, 1038.9], [1461.03, 1221.49], [1337.6, 948.13], [1745.35, 1188.28], [1869.78, 1193.25], [1972.81, 1200.62], [2065.48, 1211.01], [2126.73, 1212.88], [2193.1, 1219.36], [2267.54, 1215.74], [1841.5, 1056.5], [1908.17, 1099.83], [1999.5, 1138.5], [2078.5, 1168.5], [2152.5, 1161.5], [2225.5, 1156.5], [2273.5, 1102.5], [1829.26, 986.29], [1349.54, 1013.63], [1359.97, 1080.46], [1394.03, 1139.78], [1393.09, 1198.55], [1556.17, 1211.07], [1650.6, 1202.5], [2327.04, 1197.68], [2382.97, 1170.95], [2435.0, 1136.5], [2478.41, 1091.27], [1888.52, 1005.85], [1948.87, 1021.79], [2010.1, 1033.74], [2072.05, 1041.52], [2134.3, 1046.59], [2196.67, 1049.84], [2259.09, 1049.2], [2321.42, 1045.6], [2383.61, 1039.93], [2445.74, 1034.92], [1966.17, 1090.5], [2051.5, 1114.5], [2131.5, 1122.5], [2198.5, 1130.5]]",
PBX,Right,pbx009v27_r,../marked_images/landmarked_pbx/marked_tiff/right/PBX009V27_R_MARK.tif,../marked_images/landmarked_pbx/txt/right/PBX009V27_R.txt,../raw_images/pbx/PBX009V27_R.tif,PBX,42,42,autolabel_v1.4,3840,2160,"[[2526.02, 1048.58], [1486.54, 1232.52], [1364.02, 909.7], [1749.45, 1190.6], [1892.58, 1197.27], [1974.75, 1210.09], [2055.33, 1222.28], [2126.19, 1227.35], [2209.22, 1233.5], [2269.37, 1232.7], [1846.5, 1053.5], [1910.5, 1101.5], [2001.5, 1134.5], [2081.5, 1165.5], [2160.5, 1166.5], [2237.5, 1155.5], [2292.0, 1104.0], [1833.34, 979.14], [1350.71, 990.35], [1335.5, 1071.22], [1356.51, 1150.03], [1409.78, 1211.21], [1573.84, 1215.56], [1661.27, 1202.55], [2334.35, 1218.55], [2394.35, 1191.36], [2450.89, 1155.57], [2496.62, 1106.67], [1893.82, 999.65], [1955.5, 1016.12], [2018.08, 1028.85], [2081.26, 1038.21], [2144.84, 1044.57], [2208.6, 1048.67], [2272.45, 1050.9], [2336.31, 1050.42], [2399.87, 1045.22], [2462.93, 1038.5], [1970.5, 1096.5], [2055.5, 1112.5], [2134.5, 1129.5], [2208.5, 1136.5]]",
PBX,Right,pbx009v28_r,../marked_images/landmarked_pbx/marked_tiff/right/PBX009V28_R_MARK.tif,../marked_images/landmarked_pbx/txt/right/PBX009V28_R.txt,../raw_images/pbx/PBX009V28_R.tif,PBX,42,42,autolabel_v1.4,3840,2160,"[[2508.52, 1057.69], [1477.2, 1207.38], [1297.45, 895.02], [1751.55, 1180.99], [1872.74, 1186.7], [1982.82, 1201.09], [2068.92, 1213.45], [2134.34, 1218.53], [2208.36, 1231.22], [2265.47, 1231.59], [1846.17, 1046.5], [1906.83, 1092.5], [2002.83, 1138.5], [2084.17, 1163.17], [2158.5, 1172.5], [2222.0, 1161.0], [2278.5, 1107.0], [1834.07, 963.15], [1286.11, 968.88], [1300.15, 1051.14], [1347.62, 1106.12], [1401.76, 1171.26], [1569.09, 1207.68], [1660.46, 1195.49], [2325.5, 1216.49], [2380.45, 1188.84], [2432.01, 1153.35], [2475.93, 1108.57], [1892.08, 986.39], [1951.64, 1005.17], [2012.32, 1020.09], [2073.67, 1032.04], [2135.47, 1041.46], [2197.63, 1048.21], [2259.97, 1052.82], [2322.43, 1053.8], [2384.81, 1050.62], [2446.9, 1047.1], [1963.5, 1089.83], [2057.5, 1114.5], [2133.5, 1129.5], [2201.0, 1133.5]]",
PBX,Right,pbx009v29_r,../marked_images/landmarked_pbx/marked_tiff/right/PBX009V29_R_MARK.tif,../marked_images/landmarked_pbx/txt/right/PBX009V29_R.txt,../raw_images/pbx/PBX009V29_R.tif,PBX,42,42,autolabel_v1.4,3840,2160,"[[2464.09, 1045.94], [1525.9, 1226.9], [1373.5, 919.33], [1756.13, 1184.83], [1870.85, 1187.5], [1963.73, 1197.74], [2057.93, 1213.48], [2128.63, 1218.77], [2206.16, 1221.5], [2263.47, 1215.76], [1842.17, 1046.83], [1896.17, 1092.83], [1983.5, 1134.83], [2069.5, 1170.83], [2140.83, 1174.83], [2215.5, 1158.5], [2266.5, 1102.5], [1825.62, 961.05], [1348.93, 1035.83], [1366.13, 1152.71], [1429.51, 1242.65], [1477.05, 1332.31], [1602.62, 1210.46], [1678.65, 1195.24], [2318.15, 1202.2], [2369.42, 1179.21], [2412.97, 1143.23], [2446.11, 1097.34], [1879.54, 985.63], [1935.46, 1005.07], [1992.84, 1019.43], [2051.19, 1029.47], [2110.05, 1036.09], [2169.26, 1038.25], [2228.39, 1042.1], [2287.59, 1043.86], [2346.66, 1041.13], [2405.46, 1037.4], [1947.5, 1087.5], [2041.5, 1114.83], [2121.5, 1129.5], [2187.5, 1131.5]]",
PBX,Right,pbx009v30_r,../marked_images/landmarked_pbx/marked_tiff/right/PBX009V30_R_MARK.tif,../marked_images/landmarked_pbx/txt/right/PBX009V30_R.txt,../raw_images/pbx/PBX009V30_R.tif,PBX,42,42,autolabel_v1.4,3840,2160,"[[2486.79, 1034.24], [1475.4, 1197.23], [1355.61, 896.36], [1744.37, 1171.48], [1857.11, 1180.5], [1960.97, 1196.51], [2049.47, 1210.24], [2110.89, 1212.5], [2176.51, 1216.5], [2244.84, 1210.83], [1831.5, 1038.5], [1893.5, 1077.17], [1990.83, 1119.83], [2060.83, 1158.5], [2139.5, 1148.5], [2200.5, 1152.5], [2263.5, 1140.83], [1820.02, 967.25], [1323.78, 968.17], [1331.55, 1020.59], [1366.36, 1083.21], [1418.46, 1141.97], [1565.08, 1188.47], [1654.67, 1181.5], [2304.51, 1194.0], [2359.79, 1165.46], [2412.28, 1131.64], [2456.29, 1087.21], [1878.01, 987.94], [1937.66, 1003.17], [1998.04, 1015.62], [2058.49, 1027.54], [2119.79, 1034.14], [2181.3, 1038.48], [2242.9, 1040.7], [2304.45, 1038.75], [2365.57, 1031.43], [2426.1, 1023.35], [1951.5, 1081.83], [2035.5, 1100.5], [2110.17, 1115.83], [2174.5, 1122.5]]",
PBX,Right,pbx009v32_r,../marked_images/landmarked_pbx/marked_tiff/right/PBX009V32_R_MARK.tif,../marked_images/landmarked_pbx/txt/right/PBX009V32_R.txt,../raw_images/pbx/PBX009V32_R.tif,PBX,42,42,autolabel_v1.4,3840,2160,"[[2509.13, 1049.0], [1483.05, 1220.64], [1335.16, 908.9], [1741.71, 1188.56], [1862.73, 1192.47], [1970.77, 1207.48], [2053.54, 1216.51], [2130.24, 1225.28], [2199.29, 1233.5], [2262.85, 1229.19], [1836.83, 1049.83], [1902.83, 1092.5], [2006.17, 1127.83], [2081.5, 1168.5], [2149.5, 1179.83], [2219.5, 1165.17], [2271.5, 1204.0], [1826.32, 987.01], [1324.82, 988.29], [1322.26, 1068.73], [1353.03, 1142.52], [1407.84, 1201.61], [1569.37, 1210.29], [1655.54, 1200.45], [2324.73, 1214.05], [2381.8, 1186.24], [2434.89, 1149.94], [2479.59, 1103.9], [1886.09, 1006.83], [1947.3, 1021.24], [2009.33, 1032.28], [2071.46, 1042.71], [2134.01, 1050.29], [2196.81, 1055.31], [2259.75, 1055.23], [2322.69, 1052.56], [2385.23, 1046.07], [2447.12, 1037.8], [1955.5, 1095.17], [2052.17, 1119.83], [2128.83, 1127.17], [2200.83, 1131.83]]",
PBX,Right,pbx009v33_r,../marked_images/landmarked_pbx/marked_tiff/right/PBX009V33_R_MARK.tif,../marked_images/landmarked_pbx/txt/right/PBX009V33_R.txt,../raw_images/pbx/PBX009V33_R.tif,PBX,42,42,autolabel_v1.4,3840,2160,"[[2502.66, 1036.24], [1495.93, 1202.53], [1405.41, 924.25], [1761.74, 1170.57], [1884.29, 1180.61], [1982.2, 1196.65], [2054.62, 1208.5], [2127.19, 1213.59], [2211.7, 1223.17], [2278.65, 1216.22], [1864.17, 1036.17], [1920.83, 1094.17], [2004.83, 1139.5], [2082.17, 1162.83], [2154.83, 1171.5], [2236.17, 1150.17], [2282.83, 1099.83], [1855.14, 981.54], [1377.84, 988.07], [1371.34, 1056.92], [1388.18, 1123.86], [1431.04, 1178.52], [1585.24, 1201.5], [1674.07, 1189.53], [2336.86, 1198.44], [2392.29, 1174.13], [2440.47, 1137.07], [2479.0, 1089.75], [1912.42, 998.16], [1970.1, 1013.29], [2028.56, 1024.66], [2087.65, 1032.63], [2146.94, 1039.07], [2206.38, 1043.87], [2265.99, 1045.21], [2325.54, 1042.89], [2384.7, 1036.1], [2443.48, 1028.88], [1972.17, 1079.5], [2062.17, 1106.17], [2141.5, 1120.83], [2207.0, 1126.5]]",
PBX,Right,pbx009v35_r,../marked_images/landmarked_pbx/marked_tiff/right/PBX009V35_R_MARK.tif,../marked_images/landmarked_pbx/txt/right/PBX009V35_R.txt,../raw_images/pbx/PBX009V35_R.tif,PBX,42,42,autolabel_v1.4,3840,2160,"[[2495.27, 1077.22], [1537.64, 1214.72], [1421.5, 934.59], [1768.78, 1178.68], [1879.45, 1187.98], [1983.48, 1202.99], [2066.01, 1215.86], [2132.51, 1225.0], [2205.43, 1239.27], [2273.92, 1238.5], [1869.5, 1051.0], [1921.5, 1094.0], [2018.0, 1132.0], [2097.5, 1162.5], [2164.5, 1177.83], [2232.5, 1170.17], [2294.5, 1129.5], [1861.24, 993.47], [1405.64, 1006.56], [1398.42, 1079.95], [1413.9, 1152.04], [1465.1, 1203.8], [1613.52, 1195.0], [1691.0, 1184.5], [2329.43, 1225.0], [2381.44, 1200.06], [2431.91, 1170.93], [2471.85, 1128.7], [1917.13, 1011.21], [1973.66, 1026.87], [2030.61, 1040.92], [2088.0, 1052.97], [2145.93, 1062.26], [2204.07, 1070.1], [2262.59, 1073.9], [2321.2, 1073.65], [2379.65, 1069.37], [2437.74, 1065.73], [1980.0, 1093.5], [2065.0, 1119.5], [2141.83, 1140.17], [2209.17, 1146.5]]",
PBX,Right,pbx009v36_r,../marked_images/landmarked_pbx/marked_tiff/right/PBX009V36_R_MARK.tif,../marked_images/landmarked_pbx/txt/right/PBX009V36_R.txt,../raw_images/pbx/PBX009V36_R.tif,PBX,42,42,autolabel_v1.4,3840,2160,"[[2496.25, 1060.21], [1520.4, 1216.5], [1373.31, 944.99], [1752.92, 1185.5], [1878.07, 1188.16], [1972.68, 1201.5], [2052.98, 1212.15], [2118.09, 1217.46], [2201.52, 1224.99], [2271.42, 1223.42], [1845.17, 1059.83], [1905.83, 1102.5], [1991.83, 1137.17], [2079.83, 1163.17], [2156.5, 1170.5], [2226.83, 1162.17], [2279.5, 1115.5], [1832.23, 979.06], [1367.68, 1017.9], [1362.49, 1093.2], [1386.14, 1162.64], [1445.63, 1207.72], [1597.55, 1203.73], [1675.25, 1195.5], [2325.74, 1207.15], [2378.77, 1186.68], [2427.75, 1153.3], [2468.66, 1110.31], [1889.56, 1000.96], [1948.32, 1018.49], [2008.18, 1031.96], [2068.71, 1042.09], [2129.65, 1049.52], [2190.88, 1054.01], [2252.21, 1056.62], [2313.56, 1056.06], [2374.82, 1052.31], [2435.81, 1049.45], [1951.83, 1091.83], [2051.17, 1123.83], [2134.5, 1137.83], [2199.17, 1141.83]]",
PBX,Right,pbx010v02_r,../marked_images/landmarked_pbx/marked_tiff/right/PBX010V02_R_MARK.tif,../marked_images/landmarked_pbx/txt/right/PBX010V02_R.txt,../raw_images/pbx/PBX010V02_R.tif,PBX,42,42,autolabel_v1.4,3840,2160,"[[2500.75, 1036.06], [1486.83, 1209.49], [1363.5, 926.92], [1748.08, 1168.51], [1849.03, 1178.5], [1963.48, 1190.5], [2055.29, 1204.89], [2112.14, 1213.32], [2194.08, 1221.51], [2268.48, 1209.07], [1835.17, 1040.17], [1892.5, 1094.83], [1991.17, 1128.17], [2071.17, 1157.5], [2140.5, 1174.83], [2218.5, 1155.5], [2280.5, 1098.5], [1821.82, 962.16], [1356.5, 996.95], [1354.59, 1067.29], [1373.16, 1134.77], [1421.17, 1185.19], [1574.06, 1197.88], [1661.46, 1185.49], [2324.85, 1190.23], [2381.52, 1166.98], [2432.39, 1132.85], [2475.32, 1089.05], [1880.08, 985.93], [1939.95, 1005.25], [2001.09, 1020.14], [2063.18, 1030.54], [2125.82, 1037.09], [2188.65, 1041.41], [2251.6, 1042.51], [2314.51, 1040.26], [2376.99, 1033.34], [2438.81, 1024.63], [1951.83, 1084.83], [2043.83, 1112.17], [2122.5, 1124.17], [2191.5, 1130.5]]",
PBX,Right,pbx011v01_r,../marked_images/landmarked_pbx/marked_tiff/right/PBX011V01_R_MARK.tif,../marked_images/landmarked_pbx/txt/right/PBX011V01_R.txt,../raw_images/pbx/PBX011V01_R.tif,PBX,42,42,autolabel_v1.4,3840,2160,"[[2562.91, 1051.35], [1547.38, 1230.78], [1396.39, 925.35], [1778.91, 1197.51], [1902.22, 1203.2], [2020.12, 1220.37], [2109.03, 1230.36], [2178.34, 1233.52], [2255.37, 1242.04], [2317.97, 1239.51], [1879.5, 1060.17], [1944.17, 1103.5], [2040.17, 1145.5], [2121.5, 1173.5], [2194.17, 1196.17], [2268.83, 1182.83], [2327.5, 1108.0], [1867.21, 990.63], [1378.95, 1007.71], [1370.5, 1091.62], [1397.03, 1170.18], [1464.8, 1220.07], [1624.83, 1218.66], [1700.83, 1203.5], [2380.58, 1222.78], [2438.62, 1193.44], [2491.71, 1155.33], [2537.6, 1108.85], [1928.1, 1010.96], [1990.15, 1027.29], [2053.05, 1039.98], [2116.56, 1049.28], [2180.46, 1055.46], [2244.57, 1059.11], [2308.75, 1058.9], [2372.85, 1055.67], [2436.51, 1048.07], [2499.63, 1040.46], [1990.17, 1094.17], [2088.83, 1124.83], [2170.83, 1137.5], [2244.83, 1143.5]]",
PBX,Right,pbx011v03_r,../marked_images/landmarked_pbx/marked_tiff/right/PBX011V03_R_MARK.tif,../marked_images/landmarked_pbx/txt/right/PBX011V03_R.txt,../raw_images/pbx/PBX011V03_R.tif,PBX,42,42,autolabel_v1.4,3840,2160,"[[2508.0, 1039.81], [1543.86, 1218.49], [1372.59, 924.48], [1778.47, 1187.5], [1887.59, 1194.5], [1991.35, 1211.69], [2077.89, 1222.84], [2160.83, 1228.48], [2227.49, 1232.59], [2284.72, 1226.38], [1852.5, 1051.17], [1911.83, 1093.83], [2005.83, 1137.83], [2093.83, 1153.17], [2171.83, 1152.5], [2237.17, 1152.5], [2285.0, 1101.5], [1837.57, 970.6], [1368.08, 1004.5], [1363.09, 1084.7], [1398.99, 1155.13], [1465.47, 1199.33], [1621.39, 1202.77], [1699.81, 1194.5], [2341.5, 1205.99], [2395.36, 1177.98], [2440.63, 1137.87], [2481.17, 1092.36], [1894.73, 994.82], [1953.98, 1013.4], [2014.63, 1027.02], [2076.05, 1036.75], [2137.94, 1042.97], [2199.98, 1047.32], [2262.13, 1047.9], [2324.19, 1044.47], [2385.82, 1036.63], [2446.87, 1028.31], [1964.5, 1086.5], [2063.83, 1115.83], [2142.5, 1131.83], [2209.17, 1133.5]]",
PBX,Right,pbx011v05_r,../marked_images/landmarked_pbx/marked_tiff/right/PBX011V05_R_MARK.tif,../marked_images/landmarked_pbx/txt/right/PBX011V05_R.txt,../raw_images/pbx/PBX011V05_R.tif,PBX,42,42,autolabel_v1.4,3840,2160,"[[2528.99, 1067.79], [1532.62, 1243.5], [1371.5, 889.51], [1739.21, 1210.62], [1870.23, 1210.5], [1973.03, 1219.19], [2067.04, 1235.51], [2139.55, 1241.02], [2210.62, 1249.78], [2276.03, 1251.46], [1849.83, 1042.17], [1909.83, 1089.5], [2004.5, 1138.17], [2087.83, 1175.5], [2155.5, 1198.5], [2231.5, 1183.5], [2302.5, 1114.5], [1838.32, 976.9], [1354.57, 986.76], [1347.5, 1084.97], [1376.69, 1177.6], [1440.14, 1222.35], [1601.64, 1233.95], [1670.27, 1221.06], [2338.72, 1234.61], [2397.65, 1206.95], [2454.43, 1172.53], [2500.64, 1124.75], [1897.04, 1002.11], [1958.03, 1021.15], [2020.14, 1035.92], [2082.99, 1047.28], [2146.29, 1055.92], [2209.88, 1062.23], [2273.69, 1065.58], [2337.55, 1065.4], [2401.42, 1063.69], [2465.26, 1063.15], [1959.17, 1092.83], [2059.17, 1120.17], [2135.5, 1135.5], [2207.5, 1145.5]]",
PBX,Right,pbx011v06_r,../marked_images/landmarked_pbx/marked_tiff/right/PBX011V06_R_MARK.tif,../marked_images/landmarked_pbx/txt/right/PBX011V06_R.txt,../raw_images/pbx/PBX011V06_R.tif,PBX,42,42,autolabel_v1.4,3840,2160,"[[2469.49, 1038.38], [1560.18, 1210.5], [1409.04, 949.31], [1794.37, 1174.61], [1893.71, 1180.5], [1998.12, 1192.63], [2088.98, 1202.84], [2153.71, 1208.52], [2225.46, 1210.59], [2288.13, 1201.45], [1859.5, 1054.5], [1922.5, 1099.0], [2011.5, 1135.0], [2096.0, 1152.5], [2167.83, 1156.17], [2231.83, 1151.17], [2275.83, 1092.83], [1846.4, 985.29], [1407.48, 1016.77], [1411.53, 1086.1], [1437.83, 1151.48], [1491.1, 1196.8], [1638.35, 1199.3], [1716.56, 1188.61], [2337.16, 1184.16], [2383.53, 1161.47], [2422.6, 1127.01], [2454.41, 1085.78], [1900.53, 1004.53], [1955.89, 1020.03], [2012.04, 1032.39], [2068.86, 1041.25], [2126.2, 1045.67], [2183.6, 1049.27], [2241.05, 1049.42], [2298.47, 1046.47], [2355.59, 1040.29], [2412.27, 1032.52], [1969.5, 1089.0], [2062.5, 1112.5], [2137.83, 1131.17], [2204.5, 1134.83]]",
PBX,Right,pbx011v07_r,../marked_images/landmarked_pbx/marked_tiff/right/PBX011V07_R_MARK.tif,../marked_images/landmarked_pbx/txt/right/PBX011V07_R.txt,../raw_images/pbx/PBX011V07_R.tif,PBX,42,42,autolabel_v1.4,3840,2160,"[[2512.03, 1068.59], [1558.05, 1225.5], [1399.15, 903.02], [1743.46, 1201.48], [1850.87, 1203.5], [1955.63, 1214.38], [2045.91, 1228.84], [2128.06, 1236.51], [2203.21, 1244.5], [2266.61, 1242.97], [1853.0, 1054.5], [1906.5, 1095.0], [1999.5, 1136.5], [2077.5, 1171.5], [2151.0, 1187.5], [2226.17, 1173.83], [2284.83, 1123.83], [1842.22, 988.94], [1377.68, 989.97], [1371.03, 1079.3], [1397.74, 1164.24], [1468.12, 1220.87], [1619.44, 1214.76], [1681.38, 1207.55], [2328.58, 1229.74], [2386.78, 1204.86], [2439.94, 1169.66], [2483.41, 1122.98], [1899.93, 1012.07], [1959.46, 1029.94], [2019.82, 1044.72], [2080.88, 1056.23], [2142.48, 1064.62], [2204.31, 1071.16], [2266.45, 1073.03], [2328.48, 1070.0], [2390.08, 1062.14], [2451.17, 1055.88], [1961.0, 1098.5], [2052.0, 1128.5], [2126.0, 1147.5], [2202.83, 1153.17]]",
PBX,Right,pbx011v09_r,../marked_images/landmarked_pbx/marked_tiff/right/PBX011V09_R_MARK.tif,../marked_images/landmarked_pbx/txt/right/PBX011V09_R.txt,../raw_images/pbx/PBX011V09_R.tif,PBX,42,42,autolabel_v1.4,3840,2160,"[[2551.11, 1021.69], [1523.76, 1200.5], [1370.5, 901.16], [1724.8, 1178.49], [1880.37, 1191.96], [1982.25, 1209.67], [2070.26, 1222.6], [2148.89, 1225.23], [2222.94, 1228.5], [2290.56, 1224.74], [1848.5, 1040.17], [1917.17, 1094.17], [2012.5, 1134.17], [2096.5, 1155.5], [2174.5, 1170.5], [2250.5, 1154.5], [2309.0, 1096.0], [1837.25, 975.51], [1348.49, 987.12], [1342.5, 1073.06], [1370.84, 1156.24], [1435.29, 1205.11], [1589.97, 1186.15], [1657.28, 1183.18], [2359.29, 1207.09], [2424.88, 1179.57], [2483.89, 1139.57], [2530.0, 1085.21], [1899.78, 996.43], [1963.47, 1013.42], [2027.82, 1027.66], [2092.99, 1036.54], [2158.83, 1040.07], [2224.72, 1042.46], [2290.6, 1040.16], [2356.1, 1033.1], [2421.04, 1021.98], [2485.73, 1013.17], [1976.5, 1088.17], [2069.83, 1109.5], [2151.5, 1122.5], [2231.0, 1127.0]]",
PBX,Right,pbx011v11_r,../marked_images/landmarked_pbx/marked_tiff/right/PBX011V11_R_MARK.tif,../marked_images/landmarked_pbx/txt/right/PBX011V11_R.txt,../raw_images/pbx/PBX011V11_R.tif,PBX,42,42,autolabel_v1.4,3840,2160,"[[2528.59, 1036.81], [1476.43, 1210.5], [1345.66, 895.51], [1749.53, 1185.5], [1874.12, 1197.5], [1983.99, 1215.14], [2068.24, 1227.47], [2143.35, 1227.98], [2220.19, 1232.91], [2285.39, 1225.4], [1852.5, 1056.5], [1916.5, 1095.5], [2014.5, 1134.5], [2095.5, 1165.5], [2174.5, 1163.5], [2256.5, 1145.5], [2300.5, 1097.5], [1841.4, 989.29], [1337.45, 975.17], [1325.5, 1055.02], [1344.91, 1132.3], [1400.49, 1190.52], [1567.2, 1200.09], [1658.23, 1192.5], [2345.79, 1204.97], [2398.24, 1168.17], [2452.54, 1134.13], [2499.75, 1090.71], [1902.97, 1007.99], [1965.78, 1022.27], [2029.34, 1032.72], [2093.77, 1034.63], [2151.01, 1020.53], [2207.68, 1048.62], [2272.13, 1049.4], [2336.46, 1045.68], [2400.43, 1038.24], [2464.29, 1032.23], [1969.5, 1095.5], [2069.5, 1114.5], [2149.5, 1128.5], [2222.5, 1133.5]]",
PBX,Right,pbx011v12_r,../marked_images/landmarked_pbx/marked_tiff/right/PBX011V12_R_MARK.tif,../marked_images/landmarked_pbx/txt/right/PBX011V12_R.txt,../raw_images/pbx/PBX011V12_R.tif,PBX,42,42,autolabel_v1.4,3840,2160,"[[2527.93, 1021.71], [1514.14, 1210.63], [1376.5, 914.84], [1776.41, 1176.5], [1887.31, 1187.5], [1995.62, 1199.38], [2088.54, 1208.69], [2158.86, 1214.09], [2230.39, 1221.5], [2299.02, 1215.24], [1860.17, 1045.83], [1925.5, 1095.83], [2022.83, 1127.83], [2106.17, 1150.5], [2173.5, 1148.0], [2247.5, 1146.5], [2307.0, 1089.0], [1846.35, 971.68], [1362.09, 992.04], [1357.5, 1070.6], [1377.67, 1145.67], [1437.24, 1196.21], [1601.28, 1196.1], [1688.81, 1187.14], [2358.98, 1195.86], [2415.32, 1167.59], [2466.1, 1129.4], [2505.29, 1079.14], [1905.59, 993.01], [1966.44, 1008.99], [2028.25, 1020.92], [2090.61, 1029.62], [2153.35, 1035.21], [2216.28, 1038.07], [2279.26, 1038.25], [2342.02, 1033.88], [2404.06, 1023.77], [2465.5, 1013.31], [1976.83, 1081.17], [2070.17, 1109.83], [2148.5, 1119.0], [2222.0, 1121.5]]",
PBX,Right,pbx011v14_r,../marked_images/landmarked_pbx/marked_tiff/right/PBX011V14_R_MARK.tif,../marked_images/landmarked_pbx/txt/right/PBX011V14_R.txt,../raw_images/pbx/PBX011V14_R.tif,PBX,42,42,autolabel_v1.4,3840,2160,"[[2533.13, 1046.98], [1520.86, 1232.5], [1382.5, 917.78], [1753.39, 1199.27], [1880.42, 1203.5], [1992.49, 1216.43], [2090.75, 1229.06], [2158.14, 1231.46], [2233.19, 1237.09], [2294.99, 1234.86], [1856.5, 1043.5], [1918.5, 1091.0], [2014.5, 1136.5], [2100.5, 1181.0], [2172.5, 1194.5], [2249.0, 1171.0], [2309.5, 1108.5], [1844.78, 979.53], [1367.25, 998.29], [1361.5, 1080.32], [1382.53, 1158.03], [1441.68, 1214.09], [1598.73, 1224.35], [1675.8, 1210.33], [2357.52, 1220.65], [2413.55, 1191.45], [2465.58, 1152.92], [2507.94, 1103.65], [1904.01, 1003.12], [1965.15, 1021.05], [2027.35, 1034.89], [2090.21, 1045.42], [2153.47, 1053.34], [2216.97, 1059.1], [2280.71, 1060.31], [2344.34, 1057.25], [2407.35, 1048.5], [2469.84, 1039.22], [1975.5, 1092.0], [2068.5, 1117.0], [2151.5, 1130.0], [2224.5, 1142.5]]",
PBX,Right,pbx011v16_r,../marked_images/landmarked_pbx/marked_tiff/right/PBX011V16_R_MARK.tif,../marked_images/landmarked_pbx/txt/right/PBX011V16_R.txt,../raw_images/pbx/PBX011V16_R.tif,PBX,42,42,autolabel_v1.4,3840,2160,"[[2475.27, 1057.93], [1573.64, 1215.57], [1401.42, 932.41], [1765.95, 1198.36], [1872.72, 1202.5], [1976.91, 1214.83], [2058.95, 1229.35], [2120.17, 1230.89], [2185.14, 1239.38], [2249.45, 1239.5], [1848.83, 1060.17], [1909.5, 1101.5], [1996.83, 1141.5], [2068.5, 1178.5], [2141.5, 1185.17], [2206.5, 1166.17], [2252.0, 1120.5], [1834.33, 977.23], [1387.08, 1013.53], [1388.54, 1094.97], [1421.94, 1169.72], [1492.68, 1209.05], [1637.58, 1208.21], [1701.86, 1204.44], [2309.19, 1224.11], [2366.4, 1199.83], [2416.11, 1162.39], [2455.1, 1114.1], [1886.3, 1006.79], [1942.7, 1026.55], [2000.49, 1041.63], [2059.19, 1052.73], [2118.46, 1060.45], [2178.05, 1065.32], [2237.79, 1067.81], [2297.55, 1067.36], [2356.81, 1061.2], [2415.68, 1053.15], [1958.17, 1096.17], [2046.17, 1122.17], [2118.5, 1139.83], [2186.83, 1146.83]]",
PBX,Right,pbx011v18_r,../marked_images/landmarked_pbx/marked_tiff/right/PBX011V18_R_MARK.tif,../marked_images/landmarked_pbx/txt/right/PBX011V18_R.txt,../raw_images/pbx/PBX011V18_R.tif,PBX,42,42,autolabel_v1.4,3840,2160,"[[2478.25, 1053.91], [1558.88, 1205.5], [1390.62, 910.73], [1763.06, 1187.13], [1870.12, 1193.45], [1970.01, 1206.85], [2054.71, 1218.41], [2115.13, 1222.1], [2183.39, 1231.5], [2257.1, 1230.34], [1853.17, 1057.17], [1911.83, 1095.17], [1989.17, 1143.17], [2074.5, 1172.5], [2141.5, 1168.5], [2211.5, 1164.5], [2256.17, 1112.5], [1838.77, 969.87], [1374.68, 990.76], [1376.15, 1073.17], [1411.1, 1146.6], [1477.76, 1194.18], [1627.15, 1201.47], [1695.2, 1195.27], [2316.0, 1216.84], [2370.48, 1191.34], [2419.26, 1156.24], [2456.89, 1108.34], [1892.6, 995.57], [1948.84, 1015.16], [2006.17, 1031.54], [2064.42, 1043.68], [2123.72, 1050.01], [2183.13, 1055.3], [2242.75, 1056.53], [2302.23, 1053.24], [2361.37, 1045.86], [2420.04, 1040.92], [1955.17, 1087.17], [2044.5, 1114.5], [2119.83, 1129.83], [2184.5, 1141.5]]",
PBX,Right,pbx012v01_r,../marked_images/landmarked_pbx/marked_tiff/right/PBX012V01_R_MARK.tif,../marked_images/landmarked_pbx/txt/right/PBX012V01_R.txt,../raw_images/pbx/PBX012V01_R.tif,PBX,42,42,autolabel_v1.4,3840,2160,"[[2525.89, 1036.44], [1469.03, 1226.5], [1356.33, 945.1], [1739.95, 1191.16], [1895.17, 1195.5], [1965.96, 1203.85], [2056.8, 1213.63], [2125.92, 1217.55], [2201.42, 1222.73], [2260.3, 1222.09], [1828.17, 1052.83], [1901.5, 1102.83], [2001.5, 1138.83], [2084.17, 1166.17], [2158.5, 1170.5], [2230.5, 1161.5], [2274.17, 1096.5], [1815.44, 982.05], [1329.9, 1016.71], [1314.5, 1090.98], [1336.76, 1162.89], [1394.47, 1211.48], [1559.51, 1216.24], [1649.85, 1205.33], [2327.04, 1208.69], [2391.67, 1184.9], [2448.2, 1145.47], [2496.29, 1096.07], [1877.77, 1001.59], [1941.36, 1016.73], [2005.75, 1027.95], [2070.79, 1034.86], [2136.0, 1039.91], [2201.35, 1042.74], [2266.73, 1042.41], [2332.07, 1039.71], [2397.06, 1033.37], [2461.45, 1025.21], [1960.83, 1087.5], [2060.17, 1111.5], [2135.5, 1124.17], [2209.5, 1131.5]]",
PBX,Right,pbx012v02_r,../marked_images/landmarked_pbx/marked_tiff/right/PBX012V02_R_MARK.tif,../marked_images/landmarked_pbx/txt/right/PBX012V02_R.txt,../raw_images/pbx/PBX012V02_R.tif,PBX,42,42,autolabel_v1.4,3840,2160,"[[2526.93, 1055.59], [1484.05, 1241.5], [1374.5, 917.21], [1729.34, 1216.59], [1856.5, 1215.5], [1972.97, 1225.5], [2059.52, 1235.9], [2121.14, 1236.09], [2194.32, 1241.5], [2268.54, 1242.4], [1832.5, 1050.5], [1904.5, 1109.5], [1999.5, 1141.5], [2072.5, 1169.5], [2143.5, 1188.5], [2222.5, 1183.5], [2277.5, 1110.5], [1821.28, 987.55], [1347.82, 997.04], [1327.5, 1078.97], [1346.95, 1159.18], [1403.25, 1220.67], [1566.02, 1234.3], [1647.89, 1226.61], [2332.31, 1228.04], [2395.08, 1204.11], [2448.75, 1162.77], [2495.13, 1113.4], [1882.69, 1009.32], [1945.42, 1026.78], [2009.1, 1040.35], [2073.47, 1050.17], [2138.33, 1056.41], [2203.36, 1060.44], [2268.49, 1062.05], [2333.53, 1059.41], [2398.23, 1052.23], [2462.55, 1045.51], [1956.5, 1098.5], [2049.5, 1122.5], [2127.5, 1138.5], [2201.5, 1145.5]]",
PBX,Right,pbx012v04_r,../marked_images/landmarked_pbx/marked_tiff/right/PBX012V04_R_MARK.tif,../marked_images/landmarked_pbx/txt/right/PBX012V04_R.txt,../raw_images/pbx/PBX012V04_R.tif,PBX,42,42,autolabel_v1.4,3840,2160,"[[2518.99, 1069.72], [1519.59, 1224.53], [1389.85, 922.09], [1720.5, 1208.5], [1855.63, 1211.5], [1961.62, 1226.12], [2061.43, 1242.5], [2118.73, 1248.5], [2185.73, 1257.43], [2255.04, 1260.46], [1840.0, 1046.0], [1910.0, 1096.5], [2001.0, 1137.5], [2078.83, 1177.83], [2134.17, 1205.83], [2220.83, 1172.5], [2282.17, 1114.5], [1829.76, 979.86], [1368.93, 998.73], [1363.51, 1079.36], [1383.85, 1156.31], [1445.55, 1208.29], [1584.59, 1217.19], [1652.03, 1216.5], [2320.67, 1244.95], [2384.3, 1219.87], [2440.67, 1180.83], [2487.6, 1129.73], [1888.23, 1006.36], [1948.76, 1027.79], [2010.64, 1044.64], [2073.48, 1057.57], [2136.96, 1066.99], [2200.88, 1073.08], [2265.05, 1074.99], [2329.17, 1072.91], [2392.78, 1065.31], [2455.83, 1058.17], [1962.5, 1094.0], [2049.0, 1126.5], [2128.83, 1141.17], [2195.5, 1152.5]]",
PBX,Right,pbx012v05_r,../marked_images/landmarked_pbx/marked_tiff/right/PBX012V05_R_MARK.tif,../marked_images/landmarked_pbx/txt/right/PBX012V05_R.txt,../raw_images/pbx/PBX012V05_R.tif,PBX,42,42,autolabel_v1.4,3840,2160,"[[2521.32, 1055.97], [1534.61, 1229.5], [1388.15, 896.08], [1730.76, 1210.69], [1847.99, 1206.5], [1956.98, 1216.18], [2059.11, 1231.85], [2132.39, 1238.5], [2211.41, 1247.58], [2275.13, 1248.48], [1850.5, 1043.5], [1913.5, 1090.5], [2004.5, 1128.5], [2088.5, 1169.5], [2154.5, 1187.5], [2234.5, 1181.5], [2297.17, 1110.17], [1838.87, 977.38], [1357.3, 978.71], [1345.93, 1068.37], [1370.74, 1162.62], [1441.5, 1221.92], [1600.04, 1223.64], [1665.58, 1218.98], [2339.13, 1233.78], [2400.47, 1207.18], [2451.6, 1164.9], [2494.01, 1113.39], [1897.02, 1002.4], [1957.0, 1022.8], [2018.55, 1037.64], [2080.81, 1049.14], [2143.58, 1057.44], [2206.71, 1062.62], [2270.04, 1064.18], [2333.32, 1062.0], [2396.08, 1054.51], [2458.5, 1047.79], [1962.5, 1091.5], [2060.5, 1123.5], [2138.5, 1135.5], [2208.5, 1144.5]]",
PBX,Right,pbx012v06_r,../marked_images/landmarked_pbx/marked_tiff/right/PBX012V06_R_MARK.tif,../marked_images/landmarked_pbx/txt/right/PBX012V06_R.txt,../raw_images/pbx/PBX012V06_R.tif,PBX,42,42,autolabel_v1.4,3840,2160,"[[2523.31, 1040.14], [1520.37, 1201.04], [1348.39, 937.71], [1768.81, 1170.5], [1892.06, 1178.16], [1990.28, 1192.39], [2080.58, 1205.28], [2158.28, 1208.41], [2230.52, 1218.01], [2301.28, 1213.99], [1844.83, 1046.83], [1916.17, 1092.83], [2006.17, 1130.17], [2099.5, 1155.5], [2174.17, 1167.5], [2247.5, 1153.5], [2298.83, 1098.17], [1833.4, 975.58], [1346.47, 1015.18], [1345.54, 1093.28], [1374.14, 1164.75], [1442.52, 1200.24], [1602.09, 1182.79], [1685.48, 1177.5], [2355.89, 1194.33], [2409.92, 1172.79], [2456.3, 1135.24], [2495.31, 1090.78], [1893.87, 995.74], [1955.44, 1012.16], [2018.14, 1023.77], [2081.52, 1030.86], [2145.06, 1036.26], [2208.56, 1042.11], [2272.19, 1043.3], [2335.79, 1039.18], [2399.05, 1031.31], [2461.71, 1023.65], [1975.5, 1084.17], [2064.17, 1110.17], [2142.17, 1122.83], [2212.83, 1129.5]]",
PBX,Right,pbx012v10_r,../marked_images/landmarked_pbx/marked_tiff/right/PBX012V10_R_MARK.tif,../marked_images/landmarked_pbx/txt/right/PBX012V10_R.txt,../raw_images/pbx/PBX012V10_R.tif,PBX,42,42,autolabel_v1.4,3840,2160,"[[2507.14, 1056.16], [1497.83, 1219.47], [1384.49, 894.91], [1742.85, 1201.64], [1875.1, 1207.51], [1969.65, 1221.5], [2056.61, 1231.6], [2139.55, 1236.74], [2209.83, 1239.92], [2267.16, 1238.32], [1857.5, 1063.5], [1916.5, 1113.5], [2006.5, 1139.5], [2080.5, 1182.5], [2151.5, 1199.5], [2231.5, 1166.5], [2287.0, 1112.5], [1848.03, 1004.96], [1351.09, 976.1], [1324.5, 1061.45], [1342.76, 1147.18], [1411.64, 1201.39], [1581.91, 1207.7], [1665.77, 1205.27], [2329.59, 1226.4], [2387.6, 1200.1], [2438.33, 1161.76], [2478.84, 1112.5], [1905.78, 1024.21], [1964.6, 1039.87], [2024.26, 1051.71], [2084.49, 1060.44], [2145.04, 1066.59], [2205.87, 1068.95], [2266.74, 1068.67], [2327.39, 1064.19], [2387.48, 1054.95], [2447.07, 1046.28], [1965.5, 1102.5], [2060.5, 1125.5], [2138.5, 1141.5], [2202.5, 1146.5]]",
PBX,Right,pbx012v14_r,../marked_images/landmarked_pbx/marked_tiff/right/PBX012V14_R_MARK.tif,../marked_images/landmarked_pbx/txt/right/PBX012V14_R.txt,../raw_images/pbx/PBX012V14_R.tif,PBX,42,42,autolabel_v1.4,3840,2160,"[[2517.33, 1060.17], [1482.93, 1216.5], [1363.38, 945.76], [1744.14, 1188.83], [1853.14, 1194.5], [1969.69, 1207.61], [2047.93, 1220.59], [2127.81, 1226.94], [2196.14, 1234.34], [2261.91, 1233.35], [1830.17, 1044.5], [1898.83, 1094.5], [1991.5, 1138.5], [2080.17, 1166.5], [2143.5, 1183.83], [2226.5, 1167.5], [2274.5, 1110.5], [1819.58, 974.47], [1339.84, 1016.91], [1325.5, 1090.34], [1349.11, 1158.97], [1409.86, 1201.83], [1570.34, 1210.51], [1657.43, 1201.53], [2324.46, 1218.75], [2387.31, 1198.09], [2443.55, 1163.47], [2491.63, 1117.86], [1879.97, 997.18], [1941.83, 1015.59], [2004.71, 1030.19], [2068.37, 1041.14], [2132.43, 1049.33], [2196.73, 1055.36], [2261.2, 1059.08], [2325.73, 1059.24], [2390.07, 1054.56], [2453.91, 1047.95], [1941.5, 1087.17], [2044.83, 1117.83], [2123.5, 1131.83], [2196.83, 1141.83]]",
PBX,Right,pbx012v15_r,../marked_images/landmarked_pbx/marked_tiff/right/PBX012V15_R_MARK.tif,../marked_images/landmarked_pbx/txt/right/PBX012V15_R.txt,../raw_images/pbx/PBX012V15_R.tif,PBX,42,42,autolabel_v1.4,3840,2160,"[[2496.56, 1054.78], [1526.39, 1210.48], [1395.79, 913.28], [1758.06, 1188.5], [1877.25, 1192.91], [1961.86, 1202.77], [2071.46, 1220.97], [2136.93, 1223.5], [2208.32, 1229.5], [2274.28, 1230.54], [1868.5, 1053.17], [1923.17, 1089.17], [2007.83, 1145.17], [2087.83, 1172.5], [2158.5, 1175.17], [2235.83, 1154.5], [2287.17, 1103.17], [1857.56, 984.97], [1379.99, 989.64], [1367.5, 1066.52], [1394.18, 1138.79], [1453.75, 1187.11], [1603.6, 1202.23], [1680.59, 1193.52], [2331.99, 1216.24], [2384.02, 1187.74], [2434.09, 1154.4], [2473.17, 1108.58], [1913.02, 1005.62], [1970.07, 1021.32], [2027.8, 1034.27], [2086.08, 1044.34], [2144.79, 1051.75], [2203.72, 1057.23], [2262.87, 1059.01], [2321.99, 1057.25], [2380.58, 1050.16], [2438.56, 1043.02], [1969.17, 1088.5], [2055.83, 1117.83], [2135.83, 1131.83], [2207.83, 1129.83]]",
PBX,Right,pbx012v18_r,../marked_images/landmarked_pbx/marked_tiff/right/PBX012V18_R_MARK.tif,../marked_images/landmarked_pbx/txt/right/PBX012V18_R.txt,../raw_images/pbx/PBX012V18_R.tif,PBX,42,42,autolabel_v1.4,3840,2160,"[[2518.07, 1073.89], [1516.06, 1229.71], [1378.53, 871.36], [1748.71, 1198.5], [1858.13, 1202.5], [1964.29, 1215.56], [2051.14, 1226.67], [2123.61, 1235.61], [2204.55, 1245.5], [2274.07, 1246.5], [1844.83, 1051.83], [1910.17, 1101.17], [2008.83, 1139.17], [2080.83, 1172.5], [2153.5, 1187.83], [2227.5, 1181.83], [2288.17, 1126.5], [1834.03, 982.36], [1377.07, 966.08], [1346.99, 1056.7], [1357.43, 1151.35], [1426.31, 1211.29], [1518.88, 1166.25], [1596.92, 1212.69], [2335.54, 1233.04], [2395.24, 1213.12], [2449.14, 1178.24], [2492.26, 1130.82], [1893.15, 1005.51], [1953.45, 1025.35], [2014.87, 1041.29], [2077.28, 1053.07], [2140.15, 1062.11], [2203.39, 1068.01], [2266.82, 1071.04], [2330.3, 1070.84], [2393.54, 1066.06], [2456.17, 1059.63], [1964.83, 1100.5], [2057.5, 1118.5], [2132.5, 1143.5], [2204.17, 1156.5]]",
PBX,Right,pbx012v19_r,../marked_images/landmarked_pbx/marked_tiff/right/PBX012V19_R_MARK.tif,../marked_images/landmarked_pbx/txt/right/PBX012V19_R.txt,../raw_images/pbx/PBX012V19_R.tif,PBX,42,42,autolabel_v1.4,3840,2160,"[[2496.63, 1034.9], [1449.4, 1212.49], [1374.58, 931.62], [1739.78, 1184.62], [1860.48, 1191.59], [1962.94, 1203.64], [2043.96, 1213.18], [2112.05, 1216.13], [2195.13, 1217.54], [2258.47, 1209.99], [1847.5, 1053.5], [1909.0, 1097.0], [1996.5, 1137.0], [2074.5, 1160.0], [2146.17, 1171.17], [2223.5, 1150.5], [2282.17, 1099.17], [1836.72, 989.95], [1351.34, 997.72], [1328.79, 1063.9], [1341.06, 1132.66], [1384.07, 1188.07], [1546.57, 1207.74], [1643.93, 1201.5], [2319.2, 1195.21], [2376.89, 1170.82], [2429.27, 1136.41], [2470.82, 1089.79], [1895.31, 1005.44], [1954.64, 1017.68], [2014.41, 1027.64], [2074.52, 1035.1], [2134.95, 1039.54], [2195.53, 1041.29], [2256.12, 1040.79], [2316.63, 1037.79], [2376.85, 1031.5], [2436.74, 1025.64], [1960.5, 1090.5], [2051.0, 1112.0], [2127.5, 1123.5], [2200.83, 1127.17]]",
PBX,Right,pbx012v20_r,../marked_images/landmarked_pbx/marked_tiff/right/PBX012V20_R_MARK.tif,../marked_images/landmarked_pbx/txt/right/PBX012V20_R.txt,../raw_images/pbx/PBX012V20_R.tif,PBX,42,42,autolabel_v1.4,3840,2160,"[[2510.47, 1038.57], [1571.56, 1208.26], [1383.26, 900.59], [1755.84, 1193.5], [1884.87, 1193.51], [1985.29, 1205.5], [2064.37, 1214.52], [2133.27, 1219.05], [2208.23, 1223.62], [2277.69, 1221.92], [1849.5, 1044.17], [1917.5, 1092.17], [2008.83, 1129.5], [2088.83, 1161.5], [2163.5, 1151.5], [2232.17, 1151.5], [2291.5, 1099.5], [1837.12, 975.66], [1378.06, 989.31], [1372.72, 1079.08], [1409.31, 1159.76], [1484.37, 1205.47], [1632.81, 1198.25], [1693.49, 1190.39], [2337.57, 1206.16], [2391.36, 1175.75], [2442.46, 1140.04], [2482.61, 1092.05], [1895.21, 998.61], [1954.72, 1017.43], [2015.42, 1031.95], [2076.99, 1042.26], [2139.12, 1048.74], [2201.45, 1052.95], [2263.9, 1052.85], [2326.15, 1048.41], [2387.74, 1038.71], [2448.74, 1028.97], [1970.83, 1090.83], [2056.17, 1112.17], [2133.5, 1127.0], [2204.17, 1132.17]]",
PBX,Right,pbx012v21_r,../marked_images/landmarked_pbx/marked_tiff/right/PBX012V21_R_MARK.tif,../marked_images/landmarked_pbx/txt/right/PBX012V21_R.txt,../raw_images/pbx/PBX012V21_R.tif,PBX,42,42,autolabel_v1.4,3840,2160,"[[2533.88, 1027.65], [1473.37, 1179.52], [1386.49, 912.93], [1755.21, 1159.81], [1884.02, 1167.5], [1992.11, 1183.46], [2078.31, 1197.28], [2147.1, 1203.03], [2226.19, 1208.09], [2304.08, 1202.13], [1855.5, 1034.17], [1922.83, 1084.83], [2020.83, 1114.83], [2103.5, 1148.83], [2170.83, 1165.5], [2256.17, 1148.83], [2305.5, 1085.5], [1844.31, 956.01], [1358.38, 976.35], [1344.32, 1044.94], [1356.56, 1113.62], [1406.03, 1161.73], [1567.46, 1175.63], [1661.88, 1173.32], [2362.85, 1189.1], [2417.57, 1161.46], [2468.4, 1127.1], [2509.49, 1081.54], [1903.56, 979.69], [1964.41, 998.83], [2026.51, 1013.41], [2089.52, 1023.66], [2153.02, 1030.36], [2216.73, 1034.58], [2280.56, 1036.15], [2344.26, 1033.23], [2407.64, 1025.78], [2470.67, 1018.57], [1982.83, 1078.83], [2072.17, 1102.83], [2155.5, 1120.17], [2228.83, 1124.83]]",
PBX,Right,pbx012v23_r,../marked_images/landmarked_pbx/marked_tiff/right/PBX012V23_R_MARK.tif,../marked_images/landmarked_pbx/txt/right/PBX012V23_R.txt,../raw_images/pbx/PBX012V23_R.tif,PBX,42,42,autolabel_v1.4,3840,2160,"[[2562.27, 1026.05], [1462.7, 1205.29], [1366.5, 930.89], [1773.37, 1179.5], [1906.5, 1186.52], [2012.78, 1201.49], [2105.19, 1212.34], [2176.51, 1210.52], [2242.09, 1208.35], [2299.29, 1202.41], [1873.17, 1053.5], [1938.5, 1096.17], [2033.17, 1128.83], [2116.5, 1157.5], [2193.83, 1168.83], [2264.83, 1153.5], [2316.17, 1091.5], [1862.0, 985.03], [1327.76, 1020.12], [1330.67, 1117.6], [1391.26, 1189.21], [1425.86, 1237.36], [1566.32, 1196.39], [1669.75, 1187.5], [2363.5, 1187.47], [2423.71, 1160.37], [2479.96, 1125.42], [2529.28, 1081.22], [1923.84, 1002.88], [1986.69, 1016.74], [2050.29, 1026.55], [2114.43, 1032.33], [2178.72, 1036.28], [2243.12, 1037.29], [2307.46, 1035.01], [2371.66, 1030.09], [2435.53, 1022.1], [2498.93, 1014.36], [1994.5, 1092.83], [2085.83, 1114.83], [2165.83, 1120.83], [2243.17, 1122.83]]",
PBX,Right,pbx012v25_r,../marked_images/landmarked_pbx/marked_tiff/right/PBX012V25_R_MARK.tif,../marked_images/landmarked_pbx/txt/right/PBX012V25_R.txt,../raw_images/pbx/PBX012V25_R.tif,PBX,42,42,autolabel_v1.4,3840,2160,"[[2495.84, 1062.7], [1507.66, 1210.5], [1411.5, 954.22], [1758.67, 1184.5], [1865.69, 1190.51], [1972.16, 1202.5], [2054.64, 1216.39], [2113.94, 1220.84], [2181.39, 1224.53], [2245.5, 1223.5], [1845.83, 1057.17], [1905.17, 1101.17], [1997.17, 1132.5], [2072.5, 1160.5], [2141.5, 1176.5], [2210.5, 1159.5], [2270.17, 1117.83], [1833.84, 976.96], [1389.99, 1019.7], [1370.44, 1085.75], [1388.89, 1151.03], [1440.53, 1195.54], [1591.08, 1199.66], [1675.36, 1196.02], [2305.87, 1210.55], [2364.75, 1190.41], [2417.12, 1157.05], [2461.19, 1113.31], [1890.49, 1000.47], [1948.77, 1019.4], [2008.45, 1033.5], [2068.99, 1043.54], [2129.93, 1050.83], [2191.18, 1054.57], [2252.53, 1055.5], [2313.88, 1054.14], [2375.15, 1050.75], [2436.09, 1048.69], [1963.83, 1090.5], [2052.5, 1115.17], [2123.83, 1133.17], [2193.5, 1139.5]]",
PBX,Right,pbx013v02_r,../marked_images/landmarked_pbx/marked_tiff/right/PBX013V02_R_MARK.tif,../marked_images/landmarked_pbx/txt/right/PBX013V02_R.txt,../raw_images/pbx/PBX013V02_R.tif,PBX,42,42,autolabel_v1.4,3840,2160,"[[2544.25, 1063.0], [1521.08, 1216.88], [1398.7, 941.38], [1799.61, 1189.97], [1913.18, 1193.5], [2021.79, 1205.44], [2108.29, 1218.96], [2178.6, 1228.0], [2259.31, 1235.5], [2322.42, 1230.22], [1881.5, 1052.5], [1934.5, 1105.5], [2031.5, 1136.5], [2124.5, 1166.5], [2212.5, 1160.5], [2271.5, 1157.5], [2330.5, 1110.0], [1871.39, 985.26], [1385.35, 1010.85], [1376.5, 1081.31], [1402.59, 1147.13], [1452.91, 1197.23], [1613.96, 1208.86], [1706.74, 1201.47], [2375.55, 1211.98], [2427.19, 1189.0], [2474.57, 1153.93], [2516.07, 1112.08], [1929.48, 1007.44], [1989.23, 1024.63], [2050.17, 1037.26], [2111.63, 1047.18], [2173.55, 1053.56], [2235.71, 1056.89], [2297.94, 1057.64], [2360.15, 1055.77], [2422.22, 1051.22], [2483.88, 1047.77], [1996.5, 1098.5], [2095.5, 1121.5], [2173.5, 1135.5], [2241.5, 1143.5]]",
PBX,Right,pbx013v03_r,../marked_images/landmarked_pbx/marked_tiff/right/PBX013V03_R_MARK.tif,../marked_images/landmarked_pbx/txt/right/PBX013V03_R.txt,../raw_images/pbx/PBX013V03_R.tif,PBX,42,42,autolabel_v1.4,3840,2160,"[[2471.3, 1083.1], [1571.63, 1224.5], [1499.88, 952.97], [1784.11, 1199.5], [1893.04, 1202.5], [1993.48, 1216.26], [2065.95, 1229.49], [2130.78, 1235.88], [2198.03, 1243.46], [2248.49, 1239.5], [1881.83, 1065.17], [1927.83, 1101.83], [2010.5, 1135.83], [2083.17, 1165.17], [2150.5, 1181.83], [2213.17, 1168.5], [2272.5, 1123.83], [1873.21, 1010.29], [1443.14, 1002.97], [1438.72, 1060.37], [1448.4, 1136.86], [1500.99, 1194.86], [1639.47, 1218.47], [1711.72, 1208.52], [2304.2, 1227.1], [2357.08, 1205.06], [2402.08, 1170.46], [2443.18, 1130.33], [1924.47, 1031.41], [1977.27, 1048.28], [2030.93, 1062.1], [2085.34, 1072.45], [2140.35, 1079.25], [2195.65, 1083.22], [2251.08, 1083.82], [2306.49, 1082.29], [2361.71, 1077.84], [2416.63, 1073.83], [1977.17, 1105.17], [2054.5, 1124.5], [2127.17, 1140.5], [2191.83, 1148.5]]",
PBX,Right,pbx013v06_r,../marked_images/landmarked_pbx/marked_tiff/right/PBX013V06_R_MARK.tif,../marked_images/landmarked_pbx/txt/right/PBX013V06_R.txt,../raw_images/pbx/PBX013V06_R.tif,PBX,42,42,autolabel_v1.4,3840,2160,"[[2498.77, 1057.17], [1486.68, 1216.29], [1387.97, 902.75], [1748.87, 1182.5], [1879.9, 1188.5], [1970.23, 1202.56], [2056.39, 1217.31], [2131.12, 1226.67], [2206.22, 1235.48], [2271.07, 1230.25], [1845.17, 1047.5], [1908.83, 1095.17], [2000.5, 1131.0], [2080.5, 1168.0], [2166.0, 1161.5], [2229.17, 1169.17], [2279.17, 1119.83], [1834.98, 982.68], [1388.5, 979.93], [1368.35, 1037.49], [1376.72, 1114.66], [1419.17, 1179.67], [1574.26, 1207.84], [1661.1, 1191.68], [2328.81, 1212.9], [2385.36, 1192.57], [2434.8, 1157.01], [2474.53, 1110.79], [1892.69, 1003.68], [1951.36, 1021.78], [2010.95, 1036.49], [2071.34, 1047.59], [2132.26, 1055.43], [2193.47, 1060.62], [2254.84, 1062.86], [2316.22, 1061.79], [2377.27, 1056.09], [2437.89, 1048.97], [1963.83, 1092.5], [2053.5, 1119.0], [2137.0, 1135.5], [2205.83, 1149.83]]",
PBX,Right,pbx013v11_r,../marked_images/landmarked_pbx/marked_tiff/right/PBX013V11_R_MARK.tif,../marked_images/landmarked_pbx/txt/right/PBX013V11_R.txt,../raw_images/pbx/PBX013V11_R.tif,PBX,42,42,autolabel_v1.4,3840,2160,"[[2488.27, 1071.37], [1505.31, 1208.46], [1382.5, 909.07], [1748.95, 1171.87], [1862.15, 1177.63], [1970.18, 1193.18], [2046.78, 1205.62], [2116.87, 1213.95], [2193.55, 1224.5], [2260.9, 1218.22], [1855.5, 1035.5], [1910.0, 1084.0], [2001.0, 1125.5], [2079.5, 1154.0], [2166.5, 1153.17], [2227.83, 1161.17], [2274.5, 1111.83], [1847.07, 975.05], [1361.83, 985.89], [1345.49, 1062.8], [1370.35, 1138.96], [1428.97, 1194.24], [1585.68, 1189.95], [1667.11, 1180.57], [2315.49, 1204.03], [2370.17, 1187.63], [2418.85, 1157.93], [2460.18, 1118.93], [1903.41, 993.96], [1960.15, 1011.62], [2017.81, 1025.69], [2076.18, 1036.9], [2134.68, 1047.29], [2193.66, 1054.63], [2252.86, 1059.77], [2312.21, 1062.03], [2371.52, 1060.12], [2430.43, 1057.71], [1970.5, 1085.5], [2053.5, 1113.5], [2136.5, 1126.5], [2199.83, 1136.5]]",
PBX,Right,pbx013v13_r,../marked_images/landmarked_pbx/marked_tiff/right/PBX013V13_R_MARK.tif,../marked_images/landmarked_pbx/txt/right/PBX013V13_R.txt,../raw_images/pbx/PBX013V13_R.tif,PBX,42,42,autolabel_v1.4,3840,2160,"[[2510.91, 1024.69], [1492.37, 1210.61], [1351.5, 882.39], [1752.98, 1172.54], [1877.75, 1179.93], [1982.15, 1191.88], [2082.45, 1206.59], [2158.97, 1215.51], [2230.0, 1223.14], [2297.23, 1214.19], [1848.5, 1030.17], [1909.83, 1082.17], [1997.83, 1122.17], [2094.5, 1148.17], [2169.17, 1157.5], [2245.83, 1142.83], [2304.0, 1082.5], [1837.05, 967.42], [1336.02, 964.5], [1331.1, 1047.86], [1353.76, 1128.02], [1412.74, 1186.39], [1578.59, 1194.56], [1665.2, 1181.67], [2350.57, 1187.96], [2401.65, 1161.0], [2448.97, 1124.15], [2488.03, 1078.41], [1895.47, 988.54], [1955.64, 1004.04], [2016.67, 1015.47], [2078.22, 1023.74], [2140.08, 1029.54], [2202.08, 1033.59], [2264.2, 1032.73], [2326.28, 1030.16], [2387.94, 1023.48], [2449.26, 1016.94], [1961.83, 1072.17], [2055.17, 1100.17], [2136.5, 1117.5], [2213.83, 1124.17]]",
PBX,Right,pbx013v14_r,../marked_images/landmarked_pbx/marked_tiff/right/PBX013V14_R_MARK.tif,../marked_images/landmarked_pbx/txt/right/PBX013V14_R.txt,../raw_images/pbx/PBX013V14_R.tif,PBX,42,42,autolabel_v1.4,3840,2160,"[[2509.93, 1061.51], [1503.45, 1207.01], [1344.46, 915.95], [1757.95, 1174.5], [1876.66, 1187.5], [1977.7, 1199.41], [2074.85, 1222.89], [2152.15, 1229.04], [2232.7, 1235.5], [2299.06, 1227.12], [1855.17, 1055.17], [1918.5, 1112.5], [2008.5, 1150.5], [2089.5, 1180.5], [2174.5, 1178.5], [2246.5, 1176.5], [2300.5, 1120.5], [1843.88, 977.08], [1333.22, 994.65], [1328.5, 1075.99], [1359.45, 1149.93], [1422.97, 1199.49], [1587.66, 1191.51], [1673.09, 1185.84], [2351.09, 1206.8], [2402.52, 1185.8], [2447.05, 1151.42], [2484.77, 1109.75], [1900.96, 1000.58], [1959.76, 1019.18], [2019.69, 1033.74], [2080.41, 1044.61], [2141.67, 1052.06], [2203.26, 1056.07], [2264.95, 1057.95], [2326.61, 1056.37], [2388.16, 1051.91], [2449.4, 1049.4], [1972.5, 1102.5], [2060.5, 1127.5], [2144.5, 1142.5], [2218.5, 1145.5]]",
PBX,Right,pbx013v15_r,../marked_images/landmarked_pbx/marked_tiff/right/PBX013V15_R_MARK.tif,../marked_images/landmarked_pbx/txt/right/PBX013V15_R.txt,../raw_images/pbx/PBX013V15_R.tif,PBX,42,42,autolabel_v1.4,3840,2160,"[[2489.11, 1044.05], [1538.07, 1209.64], [1379.5, 862.67], [1751.65, 1185.5], [1872.58, 1190.5], [1971.46, 1200.66], [2067.07, 1218.84], [2133.8, 1222.79], [2218.91, 1226.86], [2277.95, 1221.27], [1849.17, 1038.5], [1913.17, 1083.83], [1999.17, 1128.5], [2077.83, 1155.83], [2152.5, 1162.5], [2225.5, 1156.5], [2277.5, 1102.5], [1837.15, 969.48], [1365.33, 952.23], [1355.3, 1041.95], [1385.18, 1126.8], [1453.74, 1186.15], [1608.84, 1197.52], [1680.23, 1191.31], [2330.63, 1199.87], [2382.3, 1176.63], [2428.28, 1140.4], [2466.48, 1096.17], [1893.46, 992.78], [1951.3, 1011.84], [2007.3, 1035.27], [2064.7, 1047.17], [2125.44, 1044.88], [2186.13, 1050.35], [2247.06, 1051.27], [2307.93, 1048.93], [2368.44, 1042.46], [2428.65, 1036.39], [1961.17, 1078.5], [2049.17, 1112.5], [2127.17, 1127.83], [2192.5, 1133.5]]",
PBX,Right,pbx013v17_r,../marked_images/landmarked_pbx/marked_tiff/right/PBX013V17_R_MARK.tif,../marked_images/landmarked_pbx/txt/right/PBX013V17_R.txt,../raw_images/pbx/PBX013V17_R.tif,PBX,42,42,autolabel_v1.4,3840,2160,"[[2526.55, 1058.71], [1469.73, 1228.2], [1352.47, 954.63], [1721.14, 1202.45], [1858.17, 1206.51], [1955.02, 1216.83], [2047.27, 1230.6], [2128.05, 1241.7], [2201.23, 1247.62], [2265.09, 1244.47], [1828.5, 1054.83], [1896.5, 1098.17], [1991.17, 1143.5], [2078.5, 1168.83], [2149.17, 1190.17], [2228.5, 1176.5], [2287.83, 1116.5], [1817.75, 987.79], [1308.85, 1016.02], [1306.47, 1095.39], [1337.65, 1167.08], [1391.49, 1223.49], [1553.21, 1216.07], [1637.26, 1210.5], [2330.04, 1228.16], [2391.13, 1200.69], [2447.19, 1163.29], [2494.63, 1115.33], [1878.98, 1011.23], [1941.69, 1030.22], [2005.58, 1044.63], [2070.33, 1054.78], [2135.57, 1061.43], [2201.05, 1064.94], [2266.6, 1066.19], [2332.09, 1063.93], [2397.16, 1056.75], [2461.73, 1048.83], [1951.17, 1097.5], [2044.83, 1123.5], [2133.83, 1144.17], [2200.5, 1148.5]]",
PBX,Right,pbx013v18_r,../marked_images/landmarked_pbx/marked_tiff/right/PBX013V18_R_MARK.tif,../marked_images/landmarked_pbx/txt/right/PBX013V18_R.txt,../raw_images/pbx/PBX013V18_R.tif,PBX,42,42,autolabel_v1.4,3840,2160,"[[2522.39, 1059.45], [1521.16, 1222.54], [1305.1, 913.84], [1740.48, 1200.52], [1875.57, 1204.5], [1980.55, 1213.01], [2061.4, 1221.52], [2133.91, 1230.5], [2209.32, 1236.28], [2265.76, 1236.93], [1850.5, 1052.5], [1907.5, 1099.0], [2006.5, 1136.0], [2082.5, 1168.5], [2150.83, 1180.5], [2229.17, 1165.17], [2285.83, 1124.83], [1840.53, 991.32], [1260.45, 995.09], [1249.22, 1096.83], [1337.88, 1097.96], [1406.18, 1194.82], [1594.16, 1212.77], [1666.69, 1202.5], [2330.0, 1226.17], [2390.28, 1199.1], [2444.68, 1161.4], [2491.64, 1114.82], [1899.24, 1014.47], [1959.85, 1032.03], [2021.45, 1045.51], [2083.7, 1055.68], [2146.36, 1063.09], [2209.25, 1068.23], [2272.33, 1070.02], [2335.34, 1067.58], [2397.78, 1059.49], [2459.79, 1051.49], [1966.0, 1097.5], [2049.5, 1118.0], [2131.5, 1135.0], [2204.83, 1142.5]]",
PBX,Right,pbx013v19_r,../marked_images/landmarked_pbx/marked_tiff/right/PBX013V19_R_MARK.tif,../marked_images/landmarked_pbx/txt/right/PBX013V19_R.txt,../raw_images/pbx/PBX013V19_R.tif,PBX,42,42,autolabel_v1.4,3840,2160,"[[2559.2, 1044.41], [1466.2, 1223.31], [1348.49, 899.44], [1736.94, 1191.55], [1874.08, 1196.54], [1990.5, 1210.0], [2077.49, 1219.34], [2159.82, 1230.49], [2231.81, 1235.91], [2305.16, 1231.51], [1852.17, 1054.17], [1920.17, 1104.83], [2021.5, 1140.83], [2105.5, 1171.5], [2192.5, 1179.5], [2267.5, 1163.5], [2322.5, 1109.5], [1840.41, 982.37], [1323.67, 978.76], [1309.5, 1063.63], [1324.08, 1145.37], [1382.72, 1207.12], [1556.1, 1209.36], [1646.8, 1203.5], [2368.61, 1216.32], [2428.0, 1187.88], [2480.87, 1147.96], [2525.97, 1099.62], [1903.29, 1003.33], [1967.47, 1019.69], [2032.54, 1032.03], [2098.22, 1040.66], [2164.27, 1046.03], [2230.46, 1049.58], [2296.72, 1050.37], [2362.88, 1047.3], [2428.66, 1039.78], [2493.97, 1032.68], [1979.5, 1094.83], [2080.83, 1115.5], [2165.5, 1132.5], [2239.5, 1139.5]]",
PBX,Right,pbx013v21a_r,../marked_images/landmarked_pbx/marked_tiff/right/PBX013V21a_R_MARK.tif,../marked_images/landmarked_pbx/txt/right/PBX013V21a_R.txt,../raw_images/pbx/PBX013V21a_R.tif,PBX,42,42,autolabel_v1.4,3840,2160,"[[2489.62, 1055.88], [1502.3, 1208.79], [1372.17, 905.3], [1742.72, 1177.5], [1879.34, 1187.5], [1969.16, 1204.37], [2047.88, 1215.69], [2116.47, 1220.01], [2197.25, 1228.2], [2271.16, 1225.5], [1836.17, 1046.83], [1894.83, 1084.83], [1993.5, 1126.17], [2064.17, 1160.17], [2136.5, 1172.5], [2217.5, 1172.5], [2271.5, 1106.5], [1825.41, 977.41], [1359.25, 983.61], [1349.5, 1062.31], [1369.12, 1138.43], [1425.39, 1193.76], [1582.04, 1194.82], [1662.29, 1186.83], [2326.15, 1210.98], [2379.06, 1186.1], [2425.71, 1150.79], [2464.51, 1106.99], [1879.33, 1007.68], [1937.67, 1024.79], [1998.73, 1034.53], [2059.72, 1044.6], [2121.13, 1051.92], [2182.72, 1057.48], [2244.5, 1059.84], [2306.25, 1058.04], [2367.7, 1051.64], [2428.7, 1045.22], [1949.5, 1083.5], [2039.5, 1114.17], [2115.5, 1130.5], [2191.5, 1138.5]]",
PBX,Right,pbx013v22_r,../marked_images/landmarked_pbx/marked_tiff/right/PBX013V22_R_MARK.tif,../marked_images/landmarked_pbx/txt/right/PBX013V22_R.txt,../raw_images/pbx/PBX013V22_R.tif,PBX,42,42,autolabel_v1.4,3840,2160,"[[2523.2, 1044.12], [1512.33, 1206.5], [1378.18, 910.14], [1748.96, 1181.49], [1891.98, 1181.64], [1984.45, 1195.5], [2073.46, 1204.67], [2142.19, 1211.43], [2215.2, 1220.5], [2281.14, 1215.77], [1868.0, 1039.0], [1926.0, 1084.0], [2012.5, 1131.5], [2092.5, 1158.5], [2179.5, 1155.5], [2243.5, 1156.5], [2301.5, 1094.5], [1858.15, 977.69], [1363.45, 987.04], [1351.64, 1067.4], [1375.61, 1143.54], [1432.86, 1200.17], [1590.4, 1194.03], [1669.96, 1191.5], [2340.8, 1199.2], [2393.72, 1170.6], [2446.42, 1137.82], [2492.03, 1095.43], [1916.09, 997.81], [1975.86, 1011.51], [2036.16, 1022.61], [2096.87, 1031.17], [2157.88, 1037.38], [2219.06, 1041.71], [2280.36, 1043.87], [2341.65, 1042.85], [2402.63, 1037.33], [2463.12, 1031.81], [1984.5, 1085.0], [2064.5, 1101.5], [2148.5, 1115.5], [2219.5, 1123.5]]",
PBX,Right,pbx013v23_r,../marked_images/landmarked_pbx/marked_tiff/right/PBX013V23_R_MARK.tif,../marked_images/landmarked_pbx/txt/right/PBX013V23_R.txt,../raw_images/pbx/PBX013V23_R.tif,PBX,42,42,autolabel_v1.4,3840,2160,"[[2506.11, 1062.95], [1504.49, 1223.25], [1388.44, 926.15], [1716.51, 1188.02], [1869.62, 1189.28], [1959.94, 1203.45], [2040.48, 1214.57], [2109.84, 1218.03], [2177.64, 1228.22], [2259.56, 1228.27], [1833.5, 1047.5], [1893.5, 1099.5], [1988.17, 1139.5], [2067.5, 1160.83], [2138.5, 1180.5], [2220.5, 1172.5], [2268.5, 1109.5], [1823.24, 983.4], [1349.94, 997.56], [1340.53, 1078.57], [1365.66, 1155.75], [1423.34, 1214.02], [1574.83, 1208.9], [1646.07, 1201.45], [2320.29, 1213.16], [2379.72, 1194.23], [2433.74, 1162.05], [2478.18, 1117.59], [1881.93, 1006.82], [1942.93, 1023.25], [2004.73, 1036.21], [2067.17, 1045.55], [2130.03, 1051.93], [2192.99, 1057.28], [2256.15, 1059.04], [2319.27, 1057.26], [2382.18, 1051.9], [2444.62, 1048.38], [1948.83, 1092.83], [2044.17, 1120.17], [2125.5, 1133.5], [2191.5, 1140.5]]",
PBX,Right,rx008v06_r,../marked_images/landmarked_pbx/marked_tiff/right/RX008V06_R_MARK.tif,../marked_images/landmarked_pbx/txt/right/RX008V06_R.txt,../raw_images/pbx/RX008V06_R.tif,PBX,42,42,autolabel_v1.4,3840,2160,"[[2528.68, 1051.94], [1510.48, 1219.5], [1389.11, 920.88], [1723.1, 1187.34], [1848.42, 1188.5], [1958.91, 1197.34], [2063.45, 1209.47], [2122.34, 1214.31], [2193.28, 1222.17], [2256.58, 1222.73], [1845.17, 1032.17], [1906.5, 1088.17], [1999.17, 1128.17], [2073.83, 1157.5], [2145.83, 1176.83], [2221.83, 1162.17], [2278.5, 1097.5], [1835.29, 972.16], [1374.03, 996.45], [1363.36, 1072.43], [1381.43, 1146.36], [1436.43, 1199.77], [1581.49, 1209.26], [1651.89, 1195.37], [2322.71, 1211.55], [2385.0, 1186.89], [2443.01, 1152.64], [2490.99, 1105.37], [1895.87, 992.78], [1957.88, 1008.54], [2020.49, 1021.64], [2083.58, 1032.24], [2147.03, 1040.45], [2210.75, 1046.27], [2274.61, 1050.34], [2338.55, 1050.37], [2402.27, 1045.65], [2465.62, 1041.05], [1961.83, 1081.5], [2053.17, 1108.83], [2127.17, 1122.17], [2198.5, 1130.5]]",duplicate_txt_identical
PBX,Right,rx008v07_r,../marked_images/landmarked_pbx/marked_tiff/right/RX008V07_R_MARK.tif,../marked_images/landmarked_pbx/txt/right/RX008V07_R.txt,../raw_images/pbx/RX008V07_R.tif,PBX,42,42,autolabel_v1.4,3840,2160,"[[2539.97, 1078.62], [1522.62, 1212.58], [1399.5, 900.11], [1748.97, 1195.54], [1859.82, 1205.91], [1976.04, 1221.5], [2067.97, 1237.36], [2132.39, 1247.01], [2213.22, 1253.5], [2273.04, 1252.85], [1844.5, 1050.83], [1912.5, 1099.5], [2008.5, 1140.83], [2089.17, 1176.83], [2158.5, 1194.83], [2235.17, 1184.17], [2288.5, 1129.5], [1835.5, 982.5], [1379.06, 980.37], [1366.34, 1062.28], [1383.27, 1142.53], [1440.65, 1201.94], [1598.22, 1208.31], [1673.59, 1201.97], [2337.67, 1237.47], [2401.68, 1216.24], [2459.68, 1182.11], [2508.2, 1135.3], [1895.72, 1007.8], [1957.54, 1028.84], [2020.65, 1045.64], [2084.76, 1058.3], [2149.53, 1067.09], [2214.61, 1073.09], [2279.85, 1077.01], [2345.17, 1078.49], [2410.36, 1075.61], [2475.19, 1069.95], [1974.5, 1100.17], [2061.83, 1129.5], [2137.83, 1148.83], [2206.5, 1160.83]]",duplicate_txt_identical
PBX,Right,rx009v01_r,../marked_images/landmarked_pbx/marked_tiff/right/RX009V01_R_MARK.tif,../marked_images/landmarked_pbx/txt/right/RX009V01_R.txt,../raw_images/pbx/RX009V01_R.tif,PBX,42,42,autolabel_v1.4,3840,2160,"[[2551.04, 1042.86], [1499.53, 1220.99], [1375.5, 896.62], [1731.4, 1202.5], [1856.51, 1205.5], [1961.15, 1214.9], [2066.02, 1225.86], [2134.41, 1226.8], [2207.25, 1234.2], [2277.24, 1233.08], [1846.17, 1042.5], [1911.5, 1093.17], [2006.17, 1129.17], [2088.17, 1162.5], [2148.83, 1190.5], [2231.0, 1176.5], [2294.5, 1103.5], [1835.93, 982.08], [1361.43, 977.1], [1354.39, 1059.43], [1373.23, 1138.99], [1419.68, 1207.16], [1577.0, 1215.64], [1653.88, 1207.5], [2345.84, 1221.55], [2408.17, 1190.16], [2466.93, 1151.92], [2516.34, 1102.19], [1898.33, 1003.68], [1961.73, 1022.09], [2026.09, 1036.62], [2091.27, 1046.86], [2156.99, 1053.24], [2222.85, 1058.04], [2288.85, 1057.03], [2354.71, 1052.74], [2420.18, 1044.58], [2485.32, 1036.42], [1965.5, 1091.83], [2058.83, 1114.5], [2136.83, 1128.5], [2204.0, 1135.5]]",duplicate_txt_identical
Parents,Bottom,ll280xll283-1_b07,../marked_images/landmarked_parents/marked_tiff/bottom/LL280xLL283-1_B07_MARK.tif,../marked_images/landmarked_parents/txt/bottom/LL280xLL283-1_B07.txt,../raw_images/parents/LL280xLL283-1_B07.tif,Parents,38,38,autolabel_v1.4,2560,1920,"[[2051.44, 967.17], [1932.48, 1171.16], [1712.03, 927.75], [1630.81, 920.44], [1555.71, 913.43], [1461.57, 907.01], [1703.6, 1186.58], [1611.1, 1191.18], [1538.81, 1185.25], [1455.83, 1185.93], [472.12, 999.78], [977.91, 820.24], [957.95, 1203.16], [1713.3, 1090.49], [1799.8, 1069.2], [1888.67, 1046.6], [1973.75, 1012.26], [1767.21, 1106.58], [1823.21, 1126.47], [1881.8, 1142.81], [1798.63, 937.24], [1885.51, 935.75], [1972.91, 939.5], [1762.11, 1184.91], [1820.65, 1187.55], [1879.24, 1185.5], [1391.56, 894.18], [1320.08, 895.5], [1253.12, 876.11], [1186.84, 872.78], [1117.03, 854.9], [1046.95, 841.74], [1385.68, 1198.6], [1314.32, 1195.62], [1242.97, 1195.12], [1172.33, 1197.41], [1100.84, 1200.48], [1029.18, 1200.56]]",
Parents,Bottom,ll280xll284-1_b18,../marked_images/landmarked_parents/marked_tiff/bottom/LL280xLL284-1_B18_MARK.tif,../marked_images/landmarked_parents/txt/bottom/LL280xLL284-1_B18.txt,../raw_images/parents/LL280xLL284-1_B18.tif,Parents,38,38,autolabel_v1.4,2560,1920,"[[2115.44, 871.16], [1991.45, 1043.71], [1802.71, 820.48], [1725.46, 813.5], [1646.19, 808.44], [1555.95, 800.35], [1782.64, 1055.53], [1707.65, 1051.53], [1630.16, 1054.59], [1539.16, 1057.64], [565.39, 898.57], [951.46, 693.33], [930.29, 1120.54], [1832.28, 955.8], [1903.35, 939.25], [1976.95, 923.12], [2049.62, 903.0], [1870.41, 979.67], [1913.52, 996.93], [1955.4, 1016.93], [1884.0, 827.5], [1965.31, 834.71], [2046.52, 842.52], [1835.97, 1059.35], [1889.62, 1059.63], [1943.14, 1056.5], [1470.23, 781.01], [1383.48, 774.59], [1298.96, 768.48], [1211.18, 753.15], [1125.68, 730.86], [1037.81, 717.09], [1453.07, 1063.79], [1366.51, 1077.47], [1279.35, 1076.53], [1191.68, 1086.54], [1105.21, 1093.83], [1017.44, 1104.26]]",
Parents,Bottom,ll280xll285-1_b10,../marked_images/landmarked_parents/marked_tiff/bottom/LL280xLL285-1_B10_MARK.tif,../marked_images/landmarked_parents/txt/bottom/LL280xLL285-1_B10.txt,../raw_images/parents/LL280xLL285-1_B10.tif,Parents,38,38,autolabel_v1.4,2560,1920,"[[2076.29, 967.76], [1952.46, 1193.91], [1740.42, 921.23], [1660.94, 917.49], [1587.73, 913.5], [1500.8, 908.75], [1708.85, 1202.63], [1645.14, 1199.5], [1565.72, 1193.61], [1484.7, 1185.52], [590.97, 1010.36], [966.65, 778.51], [991.72, 1237.4], [1632.27, 1055.03], [1743.25, 1062.48], [1859.36, 1044.3], [1973.38, 1015.06], [1717.16, 1074.5], [1799.79, 1106.65], [1880.99, 1143.85], [1825.93, 926.12], [1911.17, 933.64], [1996.36, 941.96], [1770.98, 1205.41], [1832.82, 1204.96], [1894.75, 1202.94], [1422.87, 896.83], [1346.72, 882.48], [1269.58, 870.97], [1192.22, 853.2], [1115.8, 835.06], [1040.52, 808.34], [1413.64, 1183.12], [1344.05, 1189.09], [1272.85, 1185.4], [1202.84, 1199.93], [1132.02, 1206.69], [1060.86, 1216.68]]",
Parents,Bottom,ll280xll288-1_b29,../marked_images/landmarked_parents/marked_tiff/bottom/LL280xLL288-1_B29_MARK.tif,../marked_images/landmarked_parents/txt/bottom/LL280xLL288-1_B29.txt,../raw_images/parents/LL280xLL288-1_B29.tif,Parents,38,38,autolabel_v1.4,2560,1920,"[[1965.36, 864.86], [1851.58, 1063.26], [1617.74, 836.47], [1546.03, 837.49], [1473.96, 829.7], [1413.74, 831.49], [1591.86, 1090.5], [1532.21, 1088.15], [1462.84, 1085.51], [1393.25, 1083.81], [511.68, 916.67], [1025.26, 785.93], [1060.72, 1121.41], [1621.3, 951.43], [1707.04, 934.57], [1796.12, 917.11], [1884.86, 898.14], [1678.94, 979.32], [1737.93, 1004.6], [1798.39, 1028.65], [1706.16, 834.5], [1794.47, 835.5], [1882.76, 842.52], [1659.68, 1092.05], [1727.61, 1092.5], [1794.69, 1083.58], [1360.02, 813.6], [1305.18, 814.34], [1249.53, 805.38], [1193.71, 804.71], [1137.57, 794.61], [1081.7, 795.07], [1344.85, 1087.9], [1300.45, 1086.34], [1252.12, 1097.64], [1206.45, 1099.08], [1157.16, 1103.37], [1109.76, 1117.2]]",
Parents,Bottom,ll280xll297-1_b27,../marked_images/landmarked_parents/marked_tiff/bottom/LL280xLL297-1_B27_MARK.tif,../marked_images/landmarked_parents/txt/bottom/LL280xLL297-1_B27.txt,../raw_images/parents/LL280xLL297-1_B27.tif,Parents,38,38,autolabel_v1.4,2560,1920,"[[2033.31, 899.83], [1899.82, 1097.67], [1705.9, 864.49], [1614.19, 861.5], [1532.99, 858.14], [1445.79, 855.61], [1677.6, 1113.5], [1609.96, 1111.51], [1514.56, 1107.6], [1443.3, 1102.63], [495.29, 919.88], [830.71, 731.75], [903.15, 1146.45], [1735.3, 990.41], [1810.89, 973.4], [1889.43, 956.42], [1967.3, 936.73], [1776.18, 1017.62], [1820.82, 1040.14], [1864.65, 1064.94], [1789.49, 866.5], [1872.89, 871.5], [1956.39, 876.73], [1734.48, 1114.63], [1791.01, 1114.5], [1847.71, 1111.5], [1360.66, 843.09], [1274.44, 818.24], [1186.02, 807.89], [1095.77, 795.52], [1007.59, 775.5], [918.66, 756.09], [1365.46, 1104.68], [1288.38, 1107.27], [1211.49, 1110.2], [1135.61, 1117.5], [1057.77, 1123.73], [980.8, 1135.33]]",
Parents,Bottom,ll280xll298-1_b22,../marked_images/landmarked_parents/marked_tiff/bottom/LL280xLL298-1_B22_MARK.tif,../marked_images/landmarked_parents/txt/bottom/LL280xLL298-1_B22.txt,../raw_images/parents/LL280xLL298-1_B22.tif,Parents,38,38,autolabel_v1.4,2560,1920,"[[2093.13, 855.6], [1967.13, 1037.87], [1750.44, 813.5], [1671.05, 810.49], [1590.54, 806.41], [1508.52, 801.66], [1734.89, 1066.67], [1651.5, 1069.5], [1565.88, 1071.71], [1494.34, 1072.61], [566.49, 867.83], [990.37, 697.95], [990.71, 1125.19], [1753.29, 943.69], [1838.48, 926.62], [1926.19, 910.27], [2013.06, 889.6], [1806.19, 968.39], [1863.84, 983.29], [1919.96, 1005.16], [1837.46, 818.01], [1924.18, 825.14], [2010.84, 832.67], [1793.97, 1064.51], [1852.9, 1059.5], [1911.5, 1051.77], [1435.04, 791.82], [1362.59, 773.42], [1286.71, 769.29], [1213.47, 748.33], [1138.76, 734.62], [1064.18, 718.56], [1421.95, 1077.15], [1348.96, 1076.5], [1277.08, 1083.6], [1204.85, 1084.71], [1132.89, 1096.5], [1061.01, 1105.69]]",
Parents,Bottom,ll280xlx022-1_b20,../marked_images/landmarked_parents/marked_tiff/bottom/LL280xLX022-1_B20_MARK.tif,../marked_images/landmarked_parents/txt/bottom/LL280xLX022-1_B20.txt,../raw_images/parents/LL280xLX022-1_B20.tif,Parents,38,38,autolabel_v1.4,2560,1920,"[[2107.36, 899.1], [1986.66, 1132.91], [1746.11, 868.5], [1672.37, 867.4], [1581.64, 864.5], [1502.14, 863.46], [1721.8, 1151.5], [1648.09, 1149.5], [1570.48, 1145.5], [1492.87, 1141.51], [569.39, 960.4], [1003.95, 754.48], [974.97, 1208.83], [1653.03, 1001.37], [1766.5, 1001.66], [1884.96, 979.83], [2001.58, 948.64], [1739.65, 1016.53], [1825.0, 1049.89], [1910.16, 1084.77], [1837.68, 868.5], [1929.23, 870.5], [2020.8, 874.82], [1790.15, 1152.5], [1858.08, 1152.5], [1925.28, 1145.28], [1430.77, 858.57], [1361.18, 837.35], [1288.13, 832.16], [1216.68, 814.45], [1145.18, 799.2], [1073.86, 779.09], [1418.05, 1138.21], [1344.52, 1148.59], [1270.15, 1149.68], [1196.02, 1163.4], [1121.54, 1171.43], [1047.46, 1186.67]]",
Parents,Bottom,ll282xll255v1-1_b07,../marked_images/landmarked_parents/marked_tiff/bottom/LL282xLL255v1-1_B07_MARK.tif,../marked_images/landmarked_parents/txt/bottom/LL282xLL255v1-1_B07.txt,../raw_images/parents/LL282xLL255v1-1_B07.tif,Parents,38,38,autolabel_v1.4,2560,1920,"[[2107.44, 946.79], [1986.31, 1132.56], [1785.3, 913.5], [1700.18, 904.38], [1618.93, 897.45], [1538.94, 901.12], [1764.84, 1151.55], [1698.29, 1152.25], [1615.63, 1159.21], [1511.92, 1163.51], [575.71, 1004.28], [976.42, 795.31], [986.58, 1185.98], [1780.08, 1072.76], [1871.81, 1048.95], [1964.01, 1021.5], [2027.71, 994.7], [1827.98, 1095.49], [1882.49, 1101.22], [1936.59, 1113.02], [1866.95, 917.49], [1948.76, 923.06], [2030.75, 927.49], [1821.37, 1152.41], [1877.88, 1153.17], [1934.33, 1147.83], [1458.2, 886.15], [1376.25, 883.46], [1295.58, 874.46], [1214.57, 859.53], [1135.03, 839.31], [1054.78, 821.76], [1437.16, 1163.94], [1362.57, 1177.2], [1287.12, 1173.78], [1211.88, 1179.48], [1136.8, 1184.42], [1062.23, 1181.5]]",
Parents,Bottom,ll282xll287-1_b04,../marked_images/landmarked_parents/marked_tiff/bottom/LL282xLL287-1_B04_MARK.tif,../marked_images/landmarked_parents/txt/bottom/LL282xLL287-1_B04.txt,../raw_images/parents/LL282xLL287-1_B04.tif,Parents,38,38,autolabel_v1.4,2560,1920,"[[2168.17, 814.66], [2000.7, 978.04], [1838.25, 783.48], [1766.63, 779.28], [1677.22, 775.5], [1593.71, 773.43], [1829.79, 1009.51], [1754.52, 1013.59], [1677.87, 1017.64], [1588.46, 1023.36], [639.92, 912.77], [1016.12, 691.87], [1023.34, 1115.71], [1862.34, 913.93], [1938.45, 893.51], [2017.79, 873.25], [2096.34, 850.03], [1898.71, 929.73], [1938.57, 938.6], [1977.5, 951.0], [1922.15, 787.5], [2006.18, 791.6], [2090.19, 795.59], [1874.57, 1008.54], [1919.27, 1005.5], [1963.28, 998.41], [1510.96, 767.41], [1427.64, 761.52], [1344.15, 758.85], [1261.13, 747.44], [1179.53, 735.26], [1097.4, 715.63], [1508.57, 1037.02], [1427.65, 1047.61], [1345.7, 1050.56], [1264.35, 1064.46], [1183.48, 1076.0], [1102.51, 1091.97]]",
Parents,Bottom,ll282xll427v1-1_b04,../marked_images/landmarked_parents/marked_tiff/bottom/LL282xLL427v1-1_B04_MARK.tif,../marked_images/landmarked_parents/txt/bottom/LL282xLL427v1-1_B04.txt,../raw_images/parents/LL282xLL427v1-1_B04.tif,Parents,38,38,autolabel_v1.4,2560,1920,"[[2009.96, 828.36], [1889.07, 1107.05], [1679.8, 808.5], [1602.47, 805.5], [1525.09, 802.5], [1460.02, 808.2], [1675.01, 1110.5], [1593.26, 1111.5], [1513.95, 1110.54], [1454.51, 1102.49], [522.48, 945.08], [946.86, 727.09], [937.73, 1166.59], [1585.32, 968.29], [1703.17, 959.57], [1819.56, 925.0], [1931.84, 878.82], [1664.72, 986.63], [1743.58, 1020.85], [1821.64, 1056.18], [1764.12, 809.92], [1848.42, 810.99], [1932.85, 809.5], [1729.02, 1110.51], [1783.01, 1111.5], [1836.8, 1110.5], [1386.65, 803.37], [1311.98, 801.1], [1237.48, 798.33], [1163.21, 786.9], [1091.44, 769.04], [1018.76, 750.32], [1380.31, 1103.8], [1306.05, 1103.18], [1231.66, 1109.92], [1157.26, 1118.48], [1083.77, 1131.43], [1010.49, 1146.24]]",
Parents,Bottom,ll286xll288-1_b38,../marked_images/landmarked_parents/marked_tiff/bottom/LL286xLL288-1_B38_MARK.tif,../marked_images/landmarked_parents/txt/bottom/LL286xLL288-1_B38.txt,../raw_images/parents/LL286xLL288-1_B38.tif,Parents,38,38,autolabel_v1.4,2560,1920,"[[2224.18, 915.42], [2087.12, 1138.29], [1885.07, 878.5], [1791.58, 874.42], [1715.84, 862.67], [1630.26, 857.16], [1827.32, 1146.5], [1769.52, 1144.5], [1689.92, 1141.63], [1610.42, 1138.6], [666.96, 914.94], [1167.87, 766.77], [1091.19, 1210.76], [1753.1, 982.69], [1869.09, 991.22], [1991.15, 979.86], [2112.0, 956.14], [1840.21, 1007.33], [1928.29, 1040.99], [2012.95, 1083.09], [1971.24, 881.5], [2057.02, 886.31], [2143.04, 891.13], [1893.48, 1148.5], [1959.68, 1149.5], [2025.19, 1145.52], [1565.48, 846.49], [1499.5, 832.66], [1432.19, 826.38], [1366.55, 812.26], [1300.39, 795.96], [1234.3, 783.21], [1535.4, 1142.21], [1460.25, 1146.5], [1386.15, 1153.27], [1311.35, 1161.25], [1237.27, 1174.32], [1163.72, 1190.69]]",
Parents,Bottom,ll286xll288-2_b02,../marked_images/landmarked_parents/marked_tiff/bottom/LL286xLL288-2_B02_MARK.tif,../marked_images/landmarked_parents/txt/bottom/LL286xLL288-2_B02.txt,../raw_images/parents/LL286xLL288-2_B02.tif,Parents,38,38,autolabel_v1.4,2560,1920,"[[2083.13, 863.1], [1959.26, 1074.35], [1766.59, 834.23], [1691.78, 832.38], [1616.74, 823.6], [1522.11, 813.31], [1753.35, 1084.5], [1683.95, 1081.51], [1604.64, 1078.51], [1516.87, 1073.56], [575.33, 891.1], [984.99, 714.14], [1003.66, 1135.62], [1776.33, 951.2], [1854.84, 937.46], [1934.72, 919.95], [2013.63, 898.62], [1822.9, 979.84], [1871.24, 1008.57], [1919.64, 1037.14], [1846.67, 835.29], [1926.8, 838.71], [2007.09, 842.43], [1805.79, 1084.63], [1858.11, 1085.7], [1910.48, 1084.49], [1446.53, 801.24], [1371.24, 784.87], [1292.78, 785.02], [1216.21, 764.43], [1138.8, 752.02], [1061.96, 734.12], [1443.9, 1078.89], [1369.9, 1081.54], [1296.12, 1090.64], [1222.85, 1094.91], [1151.02, 1113.59], [1077.43, 1125.23]]",
Parents,Bottom,ll288xll255v2-1_b37,../marked_images/landmarked_parents/marked_tiff/bottom/LL288xLL255v2-1_B37_MARK.tif,../marked_images/landmarked_parents/txt/bottom/LL288xLL255v2-1_B37.txt,../raw_images/parents/LL288xLL255v2-1_B37.tif,Parents,38,38,autolabel_v1.4,2560,1920,"[[2073.53, 948.73], [1953.05, 1147.12], [1721.3, 926.39], [1633.49, 924.41], [1558.95, 924.2], [1467.32, 916.28], [1701.3, 1153.5], [1622.06, 1150.5], [1549.58, 1151.96], [1455.58, 1155.65], [479.71, 1056.32], [955.7, 812.75], [943.98, 1222.83], [1723.28, 1054.15], [1811.9, 1033.66], [1903.63, 1013.96], [1994.18, 989.48], [1780.81, 1076.21], [1841.64, 1094.04], [1901.54, 1114.93], [1810.25, 926.5], [1899.03, 926.5], [1987.54, 931.64], [1764.98, 1156.5], [1828.67, 1159.5], [1892.32, 1156.05], [1394.53, 900.51], [1321.44, 892.31], [1247.31, 887.38], [1174.04, 869.79], [1100.96, 854.15], [1027.78, 835.43], [1383.64, 1166.49], [1310.0, 1173.86], [1236.24, 1171.62], [1162.25, 1180.48], [1089.22, 1187.12], [1015.77, 1201.19]]",
Parents,Bottom,ll288xlx022-2_b01,../marked_images/landmarked_parents/marked_tiff/bottom/LL288xLX022-2_B01_MARK.tif,../marked_images/landmarked_parents/txt/bottom/LL288xLX022-2_B01.txt,../raw_images/parents/LL288xLX022-2_B01.tif,Parents,38,38,autolabel_v1.4,2560,1920,"[[2020.25, 835.39], [1907.77, 1013.54], [1663.75, 795.5], [1588.18, 791.5], [1515.1, 789.37], [1433.1, 780.16], [1655.58, 1024.6], [1578.35, 1020.5], [1509.05, 1025.38], [1424.4, 1027.52], [513.18, 864.23], [954.84, 656.64], [908.45, 1094.83], [1681.29, 929.26], [1765.95, 911.44], [1853.32, 892.79], [1939.77, 870.19], [1737.21, 951.9], [1797.56, 964.74], [1856.98, 982.17], [1754.92, 798.5], [1845.96, 801.88], [1936.69, 809.41], [1719.35, 1026.5], [1782.96, 1026.5], [1846.51, 1023.51], [1364.28, 765.5], [1295.18, 751.55], [1224.99, 741.12], [1157.35, 720.29], [1087.63, 708.4], [1020.67, 683.99], [1350.67, 1034.29], [1276.51, 1045.43], [1202.11, 1041.11], [1127.51, 1050.86], [1052.83, 1051.49], [978.99, 1068.15]]",
Parents,Bottom,lx025xll247v2-1_b08,../marked_images/landmarked_parents/marked_tiff/bottom/LX025xLL247v2-1_B08_MARK.tif,../marked_images/landmarked_parents/txt/bottom/LX025xLL247v2-1_B08.txt,../raw_images/parents/LX025xLL247v2-1_B08.tif,Parents,38,38,autolabel_v1.4,2560,1920,"[[2060.42, 793.66], [1935.38, 1024.47], [1723.01, 767.5], [1655.19, 767.5], [1582.49, 768.5], [1497.18, 766.47], [1697.76, 1033.62], [1628.63, 1025.7], [1569.28, 1023.5], [1488.98, 1021.87], [571.2, 861.99], [1009.7, 659.75], [1006.2, 1091.43], [1705.32, 917.27], [1796.49, 895.35], [1888.4, 868.71], [1979.56, 839.64], [1762.93, 941.82], [1823.38, 964.96], [1883.49, 989.3], [1808.87, 766.5], [1894.44, 768.24], [1980.06, 771.5], [1758.31, 1037.44], [1818.98, 1040.5], [1879.41, 1036.5], [1425.61, 757.59], [1355.28, 747.59], [1285.93, 740.56], [1216.15, 722.36], [1146.41, 706.62], [1077.29, 685.72], [1420.36, 1029.56], [1351.44, 1038.75], [1281.75, 1037.93], [1212.57, 1050.96], [1142.9, 1059.89], [1073.43, 1070.02]]",
Parents,Bottom,lx028xll255v2-1_b06,../marked_images/landmarked_parents/marked_tiff/bottom/LX028xLL255v2-1_B06_MARK.tif,../marked_images/landmarked_parents/txt/bottom/LX028xLL255v2-1_B06.txt,../raw_images/parents/LX028xLL255v2-1_B06.tif,Parents,38,38,autolabel_v1.4,2560,1920,"[[2234.47, 886.54], [2110.84, 1094.31], [1965.86, 846.29], [1906.31, 843.26], [1830.77, 840.31], [1743.43, 837.15], [1955.45, 1112.5], [1867.05, 1111.87], [1814.47, 1110.62], [1716.66, 1115.5], [779.74, 946.13], [1186.06, 745.62], [1119.16, 1157.32], [1877.34, 1008.11], [1971.8, 1005.49], [2067.95, 983.89], [2159.12, 946.41], [1937.74, 1020.5], [2001.68, 1027.55], [2058.39, 1057.92], [2035.79, 848.43], [2105.56, 853.5], [2175.5, 857.05], [1995.32, 1112.5], [2034.92, 1110.2], [2074.31, 1105.5], [1663.16, 829.44], [1582.53, 821.51], [1502.01, 812.68], [1422.03, 801.68], [1343.42, 784.2], [1264.31, 767.27], [1632.28, 1121.27], [1548.35, 1130.44], [1462.67, 1126.18], [1376.96, 1137.13], [1291.02, 1141.5], [1204.83, 1148.5]]",
Parents,Bottom,lx028xll258v2-1_b05,../marked_images/landmarked_parents/marked_tiff/bottom/LX028xLL258v2-1_B05_MARK.tif,../marked_images/landmarked_parents/txt/bottom/LX028xLL258v2-1_B05.txt,../raw_images/parents/LX028xLL258v2-1_B05.tif,Parents,38,38,autolabel_v1.4,2560,1920,"[[2202.09, 935.19], [2078.42, 1160.31], [1891.06, 886.46], [1809.86, 879.5], [1740.35, 874.22], [1660.95, 870.76], [1864.24, 1177.53], [1794.81, 1172.62], [1717.82, 1170.95], [1630.15, 1169.56], [711.97, 987.18], [1081.1, 774.86], [1052.41, 1213.3], [1786.1, 1042.67], [1891.51, 1042.5], [2002.25, 1025.26], [2109.01, 990.83], [1860.93, 1061.88], [1938.11, 1084.02], [2011.57, 1117.09], [1971.78, 887.5], [2051.81, 896.45], [2131.98, 904.32], [1919.19, 1179.67], [1974.16, 1178.62], [2029.11, 1175.5], [1576.02, 864.5], [1491.61, 860.47], [1408.49, 851.5], [1324.71, 843.25], [1244.76, 823.45], [1162.39, 801.47], [1547.19, 1179.16], [1466.57, 1181.78], [1384.39, 1180.29], [1301.57, 1192.97], [1219.19, 1197.91], [1135.79, 1203.34]]",
Parents,Bottom,lx037xll255v2-1_b04,../marked_images/landmarked_parents/marked_tiff/bottom/LX037xLL255v2-1_B04_MARK.tif,../marked_images/landmarked_parents/txt/bottom/LX037xLL255v2-1_B04.txt,../raw_images/parents/LX037xLL255v2-1_B04.tif,Parents,38,38,autolabel_v1.4,2560,1920,"[[2083.49, 949.22], [1951.94, 1146.79], [1788.92, 908.45], [1719.73, 904.48], [1635.38, 900.42], [1558.99, 888.46], [1766.85, 1165.5], [1697.4, 1166.58], [1636.66, 1161.72], [1544.22, 1163.13], [607.7, 971.6], [1021.69, 788.4], [988.79, 1210.92], [1705.18, 1028.28], [1800.99, 1032.52], [1900.18, 1015.56], [1998.36, 992.53], [1770.23, 1043.14], [1836.32, 1069.41], [1898.5, 1103.91], [1864.65, 912.5], [1940.36, 918.82], [2016.14, 923.43], [1814.02, 1162.51], [1861.02, 1161.42], [1908.0, 1157.89], [1483.11, 873.48], [1405.67, 865.53], [1328.23, 855.87], [1251.23, 841.34], [1175.92, 818.33], [1098.89, 804.48], [1466.56, 1169.41], [1387.22, 1175.35], [1307.24, 1179.27], [1227.78, 1178.16], [1148.29, 1189.42], [1068.14, 1197.5]]",
Parents,Bottom,lx037xll258v2-1_b13,../marked_images/landmarked_parents/marked_tiff/bottom/LX037xLL258v2-1_B13_MARK.tif,../marked_images/landmarked_parents/txt/bottom/LX037xLL258v2-1_B13.txt,../raw_images/parents/LX037xLL258v2-1_B13.tif,Parents,38,38,autolabel_v1.4,2560,1920,"[[2165.06, 904.04], [2027.93, 1104.01], [1884.7, 853.26], [1831.69, 849.03], [1740.78, 841.71], [1669.61, 835.97], [1862.64, 1127.86], [1795.34, 1126.83], [1728.1, 1125.02], [1650.71, 1123.5], [645.98, 861.95], [1047.82, 712.57], [1027.7, 1183.59], [1879.36, 990.94], [1953.05, 977.61], [2028.41, 962.75], [2102.48, 942.68], [1916.86, 1017.37], [1955.75, 1044.98], [1995.43, 1071.53], [1956.65, 856.59], [2028.81, 865.41], [2101.48, 873.53], [1905.3, 1127.82], [1947.71, 1122.52], [1990.52, 1121.2], [1580.65, 824.72], [1491.31, 809.18], [1401.83, 798.85], [1313.17, 776.93], [1224.68, 757.65], [1135.98, 736.12], [1561.09, 1123.53], [1471.61, 1123.54], [1382.44, 1127.82], [1293.08, 1137.48], [1204.66, 1148.39], [1115.75, 1163.53]]",
Parents,Bottom,np078xnp060v4-1_b38,../marked_images/landmarked_parents/marked_tiff/bottom/NP078xNP060v4-1_B38_MARK.tif,../marked_images/landmarked_parents/txt/bottom/NP078xNP060v4-1_B38.txt,../raw_images/parents/NP078xNP060v4-1_B38.tif,Parents,38,38,autolabel_v1.4,2560,1920,"[[2058.73, 995.95], [1974.4, 1123.72], [1787.99, 952.5], [1702.66, 951.48], [1608.35, 948.39], [1527.8, 944.44], [1768.87, 1142.67], [1687.79, 1144.62], [1597.64, 1147.84], [1494.18, 1151.03], [642.92, 1033.77], [1075.01, 831.82], [1082.75, 1203.58], [1862.28, 1082.17], [1914.03, 1069.46], [1968.46, 1056.74], [2019.47, 1034.01], [1889.61, 1091.77], [1919.66, 1099.03], [1949.48, 1107.33], [1859.42, 956.23], [1930.63, 961.41], [2001.89, 963.11], [1821.67, 1142.5], [1874.34, 1141.31], [1926.23, 1133.5], [1463.1, 930.85], [1396.59, 924.0], [1330.87, 910.48], [1266.06, 898.89], [1201.4, 879.41], [1136.3, 860.41], [1438.72, 1165.31], [1381.08, 1158.7], [1323.98, 1175.51], [1264.35, 1176.5], [1204.12, 1187.11], [1143.07, 1191.84]]",
Parents,Bottom,np081xnp060v4-1_b05,../marked_images/landmarked_parents/marked_tiff/bottom/NP081xNP060v4-1_B05_MARK.tif,../marked_images/landmarked_parents/txt/bottom/NP081xNP060v4-1_B05.txt,../raw_images/parents/NP081xNP060v4-1_B05.tif,Parents,38,38,autolabel_v1.4,2560,1920,"[[2073.21, 976.44], [1977.42, 1087.99], [1852.25, 947.47], [1760.91, 941.41], [1709.29, 937.49], [1665.32, 936.25], [1846.06, 1115.38], [1758.05, 1122.88], [1717.78, 1133.5], [1663.53, 1133.76], [720.97, 1008.73], [1184.34, 845.29], [1129.35, 1191.53], [1899.28, 1057.25], [1945.19, 1043.63], [1994.0, 1031.16], [2040.41, 1011.49], [1917.82, 1065.61], [1939.14, 1070.86], [1960.32, 1076.6], [1909.44, 950.53], [1966.49, 954.49], [2023.68, 955.03], [1880.0, 1110.42], [1913.59, 1103.19], [1947.49, 1098.5], [1594.84, 929.7], [1525.64, 918.91], [1459.11, 911.92], [1390.43, 894.19], [1321.81, 887.46], [1253.98, 864.17], [1589.27, 1134.71], [1513.36, 1151.75], [1438.07, 1139.98], [1361.62, 1157.99], [1286.4, 1162.97], [1207.47, 1174.77]]",
Parents,Bottom,np086xpx014-1_b27,../marked_images/landmarked_parents/marked_tiff/bottom/NP086xPX014-1_B27_MARK.tif,../marked_images/landmarked_parents/txt/bottom/NP086xPX014-1_B27.txt,../raw_images/parents/NP086xPX014-1_B27.tif,Parents,38,38,autolabel_v1.4,2560,1920,"[[2008.63, 972.56], [1930.16, 1089.77], [1741.19, 934.5], [1651.85, 931.8], [1561.9, 919.51], [1459.94, 907.96], [1725.27, 1102.93], [1643.34, 1098.03], [1554.58, 1106.71], [1476.51, 1105.74], [638.71, 1004.31], [1068.76, 863.74], [1111.65, 1154.29], [1780.28, 1032.76], [1837.74, 1023.5], [1897.87, 1014.9], [1957.03, 1000.83], [1816.1, 1048.65], [1855.56, 1059.34], [1894.46, 1072.11], [1810.76, 938.62], [1880.11, 943.37], [1949.54, 946.76], [1777.48, 1103.54], [1829.5, 1103.11], [1881.42, 1099.0], [1405.17, 893.68], [1351.43, 900.35], [1295.51, 883.79], [1240.81, 881.69], [1184.65, 875.51], [1126.4, 873.14], [1428.75, 1125.41], [1376.14, 1125.77], [1325.2, 1129.19], [1271.49, 1138.04], [1220.2, 1137.76], [1166.13, 1148.49]]",
Parents,Bottom,np089xnp060v2-1_b01,../marked_images/landmarked_parents/marked_tiff/bottom/NP089xNP060v2-1_B01_MARK.tif,../marked_images/landmarked_parents/txt/bottom/NP089xNP060v2-1_B01.txt,../raw_images/parents/NP089xNP060v2-1_B01.tif,Parents,38,38,autolabel_v1.4,2560,1920,"[[2030.79, 980.2], [1935.53, 1110.11], [1782.05, 937.15], [1681.04, 928.5], [1584.65, 920.97], [1486.72, 915.3], [1755.54, 1121.6], [1667.28, 1114.71], [1572.92, 1113.85], [1476.39, 1113.78], [596.2, 974.02], [1072.32, 825.54], [1083.26, 1164.09], [1810.28, 1044.22], [1866.88, 1035.48], [1926.51, 1027.0], [1985.08, 1012.46], [1841.51, 1059.01], [1874.01, 1074.26], [1905.95, 1090.72], [1845.92, 943.42], [1909.45, 950.51], [1973.04, 957.31], [1801.51, 1123.5], [1847.58, 1121.55], [1893.48, 1119.5], [1429.96, 889.92], [1370.94, 897.51], [1312.85, 876.85], [1251.61, 869.47], [1192.52, 858.31], [1131.84, 844.07], [1422.3, 1135.83], [1367.64, 1125.1], [1313.76, 1137.24], [1255.98, 1138.53], [1199.21, 1145.02], [1141.18, 1155.27]]",
Parents,Bottom,np091xpx013-1_b08,../marked_images/landmarked_parents/marked_tiff/bottom/NP091xPX013-1_B08_MARK.tif,../marked_images/landmarked_parents/txt/bottom/NP091xPX013-1_B08.txt,../raw_images/parents/NP091xPX013-1_B08.tif,Parents,38,38,autolabel_v1.4,2560,1920,"[[2055.55, 966.68], [1961.08, 1096.22], [1811.65, 936.28], [1722.42, 933.16], [1627.54, 923.14], [1538.39, 914.68], [1790.72, 1114.5], [1709.24, 1115.5], [1616.49, 1112.5], [1531.11, 1107.84], [655.45, 959.42], [1076.1, 813.38], [1147.26, 1150.61], [1821.31, 1030.61], [1880.35, 1020.02], [1942.97, 1011.11], [2004.62, 996.46], [1856.83, 1044.24], [1893.83, 1057.82], [1929.74, 1074.12], [1873.83, 939.5], [1935.66, 945.24], [1997.77, 948.5], [1834.46, 1112.76], [1878.11, 1110.45], [1921.35, 1104.5], [1474.83, 889.55], [1410.21, 894.07], [1344.42, 873.8], [1278.09, 866.81], [1210.19, 850.92], [1142.84, 831.83], [1477.41, 1119.95], [1423.6, 1116.95], [1368.66, 1123.94], [1312.85, 1128.72], [1258.85, 1134.17], [1202.83, 1140.52]]",
Parents,Bottom,np096xnp081-1_b18,../marked_images/landmarked_parents/marked_tiff/bottom/NP096xNP081-1_B18_MARK.tif,../marked_images/landmarked_parents/txt/bottom/NP096xNP081-1_B18.txt,../raw_images/parents/NP096xNP081-1_B18.tif,Parents,38,38,autolabel_v1.4,2560,1920,"[[2064.49, 1010.35], [1971.31, 1111.97], [1830.14, 962.37], [1741.16, 952.18], [1649.4, 943.47], [1551.33, 927.97], [1806.72, 1135.5], [1725.48, 1139.5], [1636.66, 1139.5], [1532.84, 1143.82], [690.66, 979.4], [1106.76, 838.09], [1082.3, 1193.15], [1887.28, 1064.83], [1932.23, 1056.08], [1980.03, 1049.32], [2026.66, 1036.42], [1907.52, 1076.75], [1931.19, 1084.57], [1953.4, 1095.95], [1890.97, 969.3], [1951.71, 976.49], [2012.34, 984.47], [1848.85, 1132.5], [1890.71, 1126.95], [1932.63, 1121.46], [1487.83, 911.72], [1427.45, 907.24], [1363.07, 891.5], [1299.31, 886.6], [1235.9, 868.42], [1170.79, 855.81], [1468.46, 1151.88], [1404.8, 1143.44], [1341.08, 1158.57], [1276.71, 1156.95], [1212.63, 1171.45], [1146.91, 1179.55]]",
Parents,Bottom,np096xnp086-1_b01,../marked_images/landmarked_parents/marked_tiff/bottom/NP096xNP086-1_B01_MARK.tif,../marked_images/landmarked_parents/txt/bottom/NP096xNP086-1_B01.txt,../raw_images/parents/NP096xNP086-1_B01.tif,Parents,38,38,autolabel_v1.4,2560,1920,"[[2026.82, 1019.91], [1936.24, 1146.43], [1762.78, 978.48], [1685.5, 973.25], [1590.35, 970.49], [1485.97, 961.08], [1754.18, 1164.5], [1667.02, 1165.91], [1578.46, 1165.31], [1480.32, 1172.17], [599.97, 1037.5], [1045.62, 874.83], [1022.67, 1233.43], [1840.33, 1095.2], [1890.2, 1085.27], [1941.89, 1074.42], [1990.81, 1054.34], [1863.1, 1109.2], [1890.18, 1117.96], [1916.29, 1129.23], [1831.16, 984.82], [1899.27, 990.28], [1967.38, 993.45], [1800.55, 1163.5], [1846.49, 1159.64], [1892.37, 1153.64], [1423.03, 951.48], [1358.47, 949.65], [1295.02, 934.5], [1233.56, 931.68], [1170.95, 911.85], [1107.08, 896.78], [1417.45, 1197.78], [1352.91, 1184.12], [1288.33, 1200.72], [1223.91, 1199.52], [1156.72, 1211.16], [1089.42, 1219.8]]",
Parents,Bottom,np096xpx013-1_b10,../marked_images/landmarked_parents/marked_tiff/bottom/NP096xPX013-1_B10_MARK.tif,../marked_images/landmarked_parents/txt/bottom/NP096xPX013-1_B10.txt,../raw_images/parents/NP096xPX013-1_B10.tif,Parents,38,38,autolabel_v1.4,2560,1920,"[[2075.46, 988.27], [1982.02, 1092.12], [1805.15, 949.11], [1720.51, 945.45], [1631.06, 942.2], [1548.51, 933.71], [1799.34, 1130.81], [1716.25, 1139.53], [1625.08, 1144.89], [1515.12, 1153.89], [676.1, 1001.08], [1130.83, 862.57], [1093.46, 1224.69], [1898.3, 1050.38], [1942.64, 1037.39], [1990.62, 1028.25], [2037.49, 1014.5], [1919.23, 1059.88], [1942.5, 1067.34], [1965.15, 1076.55], [1874.66, 952.5], [1944.17, 957.68], [2013.46, 963.47], [1845.96, 1123.51], [1892.65, 1116.38], [1938.37, 1104.82], [1492.37, 914.44], [1432.08, 914.9], [1372.96, 902.31], [1314.05, 893.54], [1253.44, 884.66], [1191.74, 874.5], [1454.58, 1161.47], [1393.21, 1163.42], [1332.75, 1175.55], [1271.89, 1179.33], [1211.56, 1193.53], [1150.55, 1200.66]]",
Parents,Bottom,px013xnp060v4-2_b10,../marked_images/landmarked_parents/marked_tiff/bottom/PX013xNP060v4-2_B10_MARK.tif,../marked_images/landmarked_parents/txt/bottom/PX013xNP060v4-2_B10.txt,../raw_images/parents/PX013xNP060v4-2_B10.tif,Parents,38,38,autolabel_v1.4,2560,1920,"[[2092.45, 1007.95], [1919.59, 1131.15], [1814.31, 978.5], [1722.49, 978.5], [1637.56, 978.47], [1536.84, 971.97], [1800.3, 1153.42], [1719.41, 1160.3], [1620.99, 1154.51], [1539.24, 1174.52], [672.45, 1028.49], [1125.26, 869.24], [1160.73, 1203.7], [1868.31, 1098.54], [1926.7, 1085.44], [1987.61, 1069.96], [2046.26, 1047.62], [1881.53, 1106.35], [1897.05, 1111.78], [1911.96, 1118.74], [1886.18, 977.5], [1958.36, 978.45], [2030.03, 978.7], [1830.91, 1161.53], [1863.68, 1159.21], [1895.94, 1153.5], [1478.37, 954.02], [1418.87, 953.06], [1359.53, 934.59], [1300.4, 929.57], [1241.79, 910.48], [1181.71, 895.01], [1487.47, 1189.35], [1432.15, 1182.76], [1391.6, 1187.67], [1334.04, 1197.31], [1277.06, 1192.17], [1219.27, 1201.24]]",
Parents,Bottom,px013xnp097-1_b07,../marked_images/landmarked_parents/marked_tiff/bottom/PX013xNP097-1_B07_MARK.tif,../marked_images/landmarked_parents/txt/bottom/PX013xNP097-1_B07.txt,../raw_images/parents/PX013xNP097-1_B07.tif,Parents,38,38,autolabel_v1.4,2560,1920,"[[2048.46, 896.12], [1969.69, 1019.94], [1778.6, 847.5], [1701.58, 847.29], [1594.96, 840.42], [1517.75, 836.04], [1771.68, 1038.5], [1677.16, 1040.63], [1585.48, 1042.71], [1507.18, 1046.82], [656.28, 922.8], [1108.08, 747.18], [1085.98, 1118.26], [1832.33, 961.18], [1887.84, 952.58], [1945.21, 942.77], [2001.27, 926.32], [1865.94, 975.67], [1903.63, 985.38], [1940.26, 998.61], [1851.65, 848.61], [1924.54, 851.5], [1997.36, 850.37], [1821.57, 1035.6], [1871.68, 1033.5], [1921.36, 1026.52], [1465.0, 819.75], [1407.12, 814.09], [1346.6, 807.27], [1286.62, 794.56], [1225.94, 785.5], [1165.85, 770.12], [1447.97, 1061.32], [1387.88, 1058.65], [1327.24, 1068.54], [1265.94, 1070.21], [1204.48, 1082.23], [1143.8, 1094.39]]",
Parents,Bottom,px013xpx012-1_b00,../marked_images/landmarked_parents/marked_tiff/bottom/PX013xPX012-1_B00_MARK.tif,../marked_images/landmarked_parents/txt/bottom/PX013xPX012-1_B00.txt,../raw_images/parents/PX013xPX012-1_B00.tif,Parents,38,38,autolabel_v1.4,2560,1920,"[[2036.75, 938.79], [1942.88, 1066.82], [1768.92, 913.12], [1671.15, 915.72], [1616.55, 903.47], [1575.0, 901.47], [1754.84, 1076.56], [1667.74, 1075.32], [1616.31, 1085.46], [1579.39, 1083.36], [620.17, 955.35], [1112.5, 828.32], [1113.13, 1126.63], [1807.31, 1008.4], [1866.87, 999.59], [1929.12, 991.83], [1989.17, 973.82], [1840.42, 1021.31], [1876.4, 1033.31], [1911.63, 1047.37], [1837.58, 912.49], [1906.14, 914.5], [1974.66, 915.24], [1802.95, 1079.52], [1850.96, 1079.5], [1898.85, 1075.5], [1509.69, 896.6], [1445.02, 879.51], [1377.87, 880.42], [1316.9, 863.36], [1248.33, 859.98], [1181.03, 842.5], [1513.89, 1091.45], [1448.75, 1099.18], [1381.82, 1098.12], [1318.91, 1109.88], [1250.44, 1112.6], [1182.98, 1119.7]]",
Parents,Bottom,px014xnp012-5_b01,../marked_images/landmarked_parents/marked_tiff/bottom/PX014xNP012-5_B01_MARK.tif,../marked_images/landmarked_parents/txt/bottom/PX014xNP012-5_B01.txt,../raw_images/parents/PX014xNP012-5_B01.tif,Parents,38,38,autolabel_v1.4,2560,1920,"[[2049.75, 905.79], [1959.93, 1023.6], [1814.65, 867.04], [1725.51, 860.41], [1626.71, 850.57], [1546.04, 841.49], [1799.56, 1044.5], [1715.39, 1039.76], [1620.63, 1042.87], [1512.05, 1050.66], [670.2, 931.94], [879.43, 675.11], [1146.22, 1105.78], [1847.33, 968.24], [1899.77, 959.45], [1954.28, 950.05], [2007.49, 934.66], [1874.56, 981.52], [1905.19, 992.19], [1934.79, 1005.43], [1875.31, 869.96], [1935.44, 878.5], [1995.93, 882.49], [1840.78, 1041.73], [1882.02, 1039.1], [1922.86, 1033.5], [1451.3, 826.07], [1354.53, 806.5], [1256.76, 791.44], [1159.48, 762.9], [1070.69, 715.1], [975.5, 697.87], [1461.88, 1066.16], [1409.88, 1058.84], [1358.56, 1073.96], [1304.99, 1077.19], [1252.59, 1084.48], [1199.79, 1096.5]]",
Parents,Bottom,px014xnp068v1-1_b11,../marked_images/landmarked_parents/marked_tiff/bottom/PX014xNP068v1-1_B11_MARK.tif,../marked_images/landmarked_parents/txt/bottom/PX014xNP068v1-1_ B11.txt,../raw_images/parents/PX014xNP068v1-1_ B11.tif,Parents,38,38,autolabel_v1.4,2560,1920,"[[2005.65, 1019.34], [1919.62, 1167.01], [1737.4, 998.5], [1650.01, 999.1], [1552.83, 995.11], [1473.53, 990.72], [1722.47, 1173.53], [1639.09, 1182.93], [1545.9, 1189.23], [1444.0, 1190.64], [596.97, 1050.19], [1072.17, 891.55], [1031.61, 1220.97], [1774.28, 1115.8], [1836.92, 1103.32], [1901.07, 1086.36], [1963.03, 1062.69], [1809.43, 1129.42], [1848.24, 1138.58], [1886.62, 1149.52], [1805.32, 998.51], [1873.25, 1002.41], [1941.24, 1000.52], [1772.33, 1174.72], [1821.84, 1176.5], [1871.53, 1173.5], [1420.31, 966.71], [1363.76, 966.78], [1305.88, 951.78], [1247.51, 936.17], [1189.57, 927.42], [1129.93, 912.64], [1388.68, 1203.23], [1330.32, 1195.77], [1271.33, 1210.7], [1212.92, 1206.31], [1152.53, 1211.64], [1092.22, 1213.33]]",
Parents,Bottom,px014xnp072-36_b00,../marked_images/landmarked_parents/marked_tiff/bottom/PX014xNP072-36_B00_MARK.tif,../marked_images/landmarked_parents/txt/bottom/PX014xNP072-36_B00.txt,../raw_images/parents/PX014xNP072-36_B00.tif,Parents,38,38,autolabel_v1.4,2560,1920,"[[2089.47, 921.4], [2007.92, 1018.01], [1833.13, 889.5], [1755.82, 885.32], [1654.05, 879.45], [1570.02, 872.14], [1842.23, 1046.81], [1752.95, 1060.64], [1657.97, 1068.23], [1564.15, 1072.46], [714.69, 962.59], [1152.35, 772.43], [1133.66, 1150.94], [1923.27, 994.91], [1966.43, 981.28], [2012.23, 969.04], [2056.58, 952.28], [1942.61, 1002.51], [1965.31, 1005.47], [1987.98, 1008.69], [1898.81, 892.5], [1964.28, 898.2], [2029.98, 901.14], [1884.9, 1043.5], [1927.26, 1037.79], [1969.42, 1030.02], [1510.68, 854.37], [1451.3, 854.04], [1391.2, 835.96], [1330.79, 834.78], [1272.08, 812.84], [1211.05, 796.13], [1505.86, 1099.88], [1445.27, 1085.12], [1384.42, 1108.0], [1323.01, 1105.74], [1259.88, 1119.58], [1196.19, 1132.83]]",
Parents,Bottom,px014xnp072-4_b04,../marked_images/landmarked_parents/marked_tiff/bottom/PX014xNP072-4_B04_MARK.tif,../marked_images/landmarked_parents/txt/bottom/PX014xNP072-4_B04.txt,../raw_images/parents/PX014xNP072-4_B04.tif,Parents,38,38,autolabel_v1.4,2560,1920,"[[2049.1, 996.35], [1961.13, 1130.48], [1755.1, 962.37], [1660.09, 958.37], [1574.55, 956.88], [1488.43, 951.21], [1735.52, 1145.75], [1662.0, 1149.87], [1571.44, 1156.07], [1487.65, 1154.22], [640.68, 1031.29], [1153.54, 877.52], [1099.51, 1207.66], [1805.29, 1082.33], [1867.79, 1068.47], [1933.18, 1054.81], [1996.51, 1033.66], [1843.48, 1094.25], [1884.51, 1102.75], [1925.3, 1112.23], [1830.04, 967.42], [1905.01, 972.58], [1980.22, 973.16], [1792.9, 1146.5], [1850.11, 1145.5], [1906.78, 1138.5], [1443.81, 933.39], [1395.8, 929.27], [1346.62, 924.04], [1297.96, 912.45], [1249.51, 907.21], [1201.88, 891.08], [1435.62, 1178.38], [1381.07, 1167.68], [1329.19, 1181.64], [1272.39, 1186.22], [1215.44, 1192.0], [1157.31, 1198.44]]",
Parents,Left,ll279xll297-1_l04,../marked_images/landmarked_parents/marked_tiff/left_side/LL279xLL297-1_L04_MARK.tif,../marked_images/landmarked_parents/txt/left/LL279xLL297-1_L04.txt,../raw_images/parents/LL279xLL297-1_L04.tif,Parents,40,40,autolabel_v1.4,2560,1920,"[[492.5, 882.5], [1820.51, 1078.5], [2059.38, 750.42], [1540.16, 1038.37], [1378.2, 1054.5], [1187.45, 1067.28], [1048.56, 1084.64], [948.2, 1095.56], [862.38, 1110.03], [707.83, 1114.13], [1422.5, 853.5], [1320.5, 919.5], [1155.5, 975.17], [1031.5, 1009.83], [922.17, 1016.5], [830.17, 1039.17], [759.83, 947.5], [1442.69, 716.67], [2064.93, 850.94], [2067.5, 950.68], [2015.1, 1026.63], [1920.03, 1059.62], [1728.71, 1055.63], [1634.76, 1046.07], [625.5, 1037.5], [557.5, 965.5], [1363.63, 756.45], [1280.65, 787.08], [1195.84, 812.14], [1109.4, 830.39], [1021.67, 841.95], [933.58, 850.59], [845.45, 858.66], [757.16, 864.57], [668.74, 868.38], [580.35, 871.74], [1241.5, 911.5], [1088.83, 953.83], [963.5, 973.83], [863.5, 992.5]]",
Parents,Left,ll280xll284-1_l16,../marked_images/landmarked_parents/marked_tiff/left_side/LL280xLL284-1_L16_MARK.tif,../marked_images/landmarked_parents/txt/left/LL280xLL284-1_L16.txt,../raw_images/parents/LL280xLL284-1_L16.tif,Parents,40,40,autolabel_v1.4,2560,1920,"[[428.5, 967.83], [1821.59, 1237.49], [2025.28, 810.18], [1518.45, 1186.5], [1333.43, 1188.52], [1160.78, 1201.44], [1016.93, 1210.68], [928.32, 1215.79], [831.56, 1233.24], [668.16, 1230.19], [1345.5, 957.5], [1250.5, 1039.5], [1113.17, 1089.17], [993.83, 1125.83], [886.5, 1143.17], [792.5, 1149.5], [708.5, 1058.5], [1363.01, 867.02], [2031.46, 918.72], [2049.4, 1019.54], [2020.22, 1131.02], [1927.83, 1194.17], [1720.63, 1220.04], [1620.67, 1198.05], [583.5, 1149.17], [500.83, 1066.5], [1281.89, 895.81], [1199.49, 920.82], [1115.15, 938.01], [1030.11, 951.27], [944.61, 961.34], [858.82, 968.67], [772.8, 972.6], [686.72, 974.09], [600.64, 972.97], [514.58, 970.05], [1175.17, 1023.83], [1026.5, 1059.83], [910.5, 1079.17], [808.0, 1096.5]]",
Parents,Left,ll280xll285-1_l12,../marked_images/landmarked_parents/marked_tiff/left_side/LL280xLL285-1_L12_MARK.tif,../marked_images/landmarked_parents/txt/left/LL280xLL285-1_L12.txt,../raw_images/parents/LL280xLL285-1_L12.tif,Parents,40,40,autolabel_v1.4,2560,1920,"[[514.5, 989.5], [1798.87, 1214.5], [2038.92, 843.67], [1546.54, 1171.5], [1391.21, 1176.69], [1230.41, 1184.48], [1097.72, 1197.45], [997.76, 1203.48], [909.42, 1214.82], [819.03, 1221.5], [1415.5, 948.5], [1317.5, 1025.5], [1187.5, 1074.5], [1066.5, 1115.5], [969.5, 1144.5], [881.5, 1156.5], [801.17, 1040.5], [1432.24, 852.97], [2041.89, 948.97], [2042.66, 1053.94], [1994.18, 1140.18], [1900.34, 1185.09], [1715.34, 1196.93], [1631.36, 1182.5], [690.5, 1173.17], [595.5, 1086.5], [1352.18, 880.79], [1271.04, 905.23], [1188.69, 925.02], [1105.35, 940.37], [1021.5, 952.76], [937.25, 962.09], [852.92, 970.68], [768.4, 976.83], [683.73, 980.45], [599.02, 983.1], [1244.5, 1022.5], [1116.5, 1055.5], [993.5, 1080.5], [901.5, 1094.5]]",
Parents,Left,ll280xll288-1_l02,../marked_images/landmarked_parents/marked_tiff/left_side/LL280xLL288-1_L02_MARK.tif,../marked_images/landmarked_parents/txt/left/LL280xLL288-1_L02.txt,../raw_images/parents/LL280xLL288-1_L02.tif,Parents,40,40,autolabel_v1.4,2560,1920,"[[415.5, 1010.5], [1780.02, 1251.39], [1996.84, 839.2], [1498.26, 1197.2], [1309.42, 1193.5], [1148.59, 1203.6], [1018.06, 1216.5], [936.24, 1213.77], [846.15, 1228.57], [678.74, 1229.0], [1310.5, 974.5], [1220.17, 1050.5], [1076.83, 1094.5], [980.5, 1135.17], [891.17, 1156.5], [795.5, 1160.5], [699.5, 1068.5], [1332.37, 850.6], [2005.24, 940.56], [2004.24, 1047.52], [1942.78, 1126.47], [1877.53, 1201.45], [1685.13, 1239.42], [1592.95, 1213.31], [591.5, 1166.5], [492.83, 1088.5], [1255.41, 887.88], [1180.18, 928.47], [1096.32, 945.48], [1011.92, 959.38], [927.13, 970.69], [842.05, 979.81], [756.81, 987.18], [671.55, 994.44], [586.18, 999.5], [500.68, 1002.45], [1149.5, 1035.83], [1008.17, 1075.83], [897.83, 1093.83], [804.5, 1107.17]]",
Parents,Left,ll280xll297-1_l13,../marked_images/landmarked_parents/marked_tiff/left_side/LL280xLL297-1_L13_MARK.tif,../marked_images/landmarked_parents/txt/left/LL280xLL297-1_L13.txt,../raw_images/parents/LL280xLL297-1_L13.tif,Parents,40,40,autolabel_v1.4,2560,1920,"[[431.5, 935.83], [1794.79, 1170.5], [2036.76, 771.53], [1533.79, 1119.5], [1358.77, 1121.5], [1189.96, 1133.5], [1036.8, 1142.55], [959.03, 1154.7], [865.05, 1171.35], [695.21, 1171.38], [1353.5, 909.5], [1263.5, 991.5], [1125.5, 1035.5], [1013.5, 1071.5], [905.5, 1087.5], [811.5, 1105.5], [717.5, 1011.5], [1370.9, 808.41], [2052.96, 884.75], [2056.01, 998.48], [2008.57, 1092.98], [1907.6, 1144.94], [1707.19, 1152.8], [1622.91, 1128.49], [600.5, 1097.5], [511.5, 1025.5], [1289.61, 838.48], [1206.68, 863.9], [1122.23, 883.7], [1036.95, 899.34], [951.08, 911.39], [864.79, 920.24], [778.27, 926.43], [691.65, 931.04], [604.96, 933.25], [518.22, 933.91], [1189.5, 979.5], [1045.5, 1013.5], [925.5, 1041.5], [827.5, 1055.5]]",
Parents,Left,ll280xll298-1_l24,../marked_images/landmarked_parents/marked_tiff/left_side/LL280xLL298-1_L24_MARK.tif,../marked_images/landmarked_parents/txt/left/LL280xLL298-1_L24.txt,../raw_images/parents/LL280xLL298-1_L24.tif,Parents,40,40,autolabel_v1.4,2560,1920,"[[442.17, 827.17], [1832.82, 1107.56], [2017.5, 756.38], [1519.82, 1048.5], [1344.89, 1042.5], [1166.26, 1050.5], [1028.59, 1059.27], [938.35, 1064.39], [836.57, 1078.4], [669.64, 1067.73], [1378.17, 832.5], [1274.17, 915.17], [1126.17, 960.5], [1008.83, 991.17], [898.5, 999.5], [803.5, 1017.5], [721.5, 908.5], [1400.05, 723.95], [2046.23, 788.51], [2030.09, 890.9], [2024.6, 962.91], [1966.11, 1063.2], [1727.35, 1096.93], [1624.26, 1069.44], [594.5, 995.5], [516.83, 913.83], [1316.52, 752.24], [1231.42, 775.23], [1145.18, 793.45], [1058.07, 806.95], [970.43, 816.79], [882.87, 827.35], [794.76, 829.42], [706.57, 830.63], [618.43, 829.51], [530.35, 825.72], [1188.83, 901.83], [1044.83, 933.83], [937.5, 947.5], [830.5, 961.5]]",
Parents,Left,ll280xlx022-1_l17,../marked_images/landmarked_parents/marked_tiff/left_side/LL280xLX022-1_L17_MARK.tif,../marked_images/landmarked_parents/txt/left/LL280xLX022-1_L17.txt,../raw_images/parents/LL280xLX022-1_L17.tif,Parents,40,40,autolabel_v1.4,2560,1920,"[[441.5, 1065.5], [1847.75, 1297.5], [2031.5, 899.0], [1556.49, 1236.52], [1369.57, 1241.98], [1207.9, 1262.5], [1069.98, 1280.86], [967.82, 1286.5], [869.56, 1302.41], [692.24, 1300.69], [1395.5, 1019.5], [1290.5, 1103.5], [1151.5, 1158.5], [1035.5, 1195.5], [922.5, 1212.5], [833.5, 1234.5], [723.5, 1126.5], [1411.59, 921.95], [2049.5, 1004.2], [2057.68, 1109.58], [2038.21, 1211.02], [1949.49, 1265.77], [1750.85, 1276.8], [1654.88, 1252.49], [601.5, 1231.5], [517.5, 1155.5], [1327.66, 953.69], [1242.05, 980.52], [1155.11, 1002.49], [1067.15, 1019.99], [978.49, 1033.75], [889.43, 1044.7], [800.04, 1052.37], [710.52, 1058.43], [620.88, 1061.48], [531.17, 1062.12], [1213.5, 1096.5], [1068.5, 1137.5], [946.5, 1160.5], [853.5, 1179.5]]",
Parents,Left,ll282xll255v1-1_l11,../marked_images/landmarked_parents/marked_tiff/left_side/LL282xLL255v1-1_L11_MARK.tif,../marked_images/landmarked_parents/txt/left/LL282xLL255v1-1_L11.txt,../raw_images/parents/LL282xLL255v1-1_L11.tif,Parents,40,40,autolabel_v1.4,2560,1920,"[[435.83, 1065.83], [1739.59, 1233.5], [1940.28, 874.15], [1456.66, 1191.61], [1316.61, 1190.5], [1142.5, 1206.68], [1006.76, 1219.82], [912.48, 1237.67], [829.56, 1252.59], [680.39, 1260.32], [1290.17, 1007.5], [1201.5, 1095.5], [1077.5, 1137.5], [969.5, 1171.5], [871.5, 1187.5], [789.5, 1211.83], [696.5, 1117.5], [1304.9, 892.91], [1962.39, 979.64], [1948.96, 1048.05], [1931.07, 1133.44], [1850.98, 1208.72], [1645.77, 1218.09], [1551.65, 1201.61], [606.17, 1189.83], [529.83, 1131.83], [1229.99, 923.92], [1153.21, 950.02], [1075.54, 973.28], [996.93, 992.97], [917.39, 1008.58], [837.02, 1019.39], [756.33, 1027.4], [675.43, 1032.68], [594.46, 1036.94], [513.65, 1043.0], [1114.17, 1084.17], [998.5, 1121.5], [887.5, 1148.5], [798.83, 1166.5]]",
Parents,Left,ll282xll284-1_l22,../marked_images/landmarked_parents/marked_tiff/left_side/LL282xLL284-1_L22_MARK.tif,../marked_images/landmarked_parents/txt/left/LL282xLL284-1_L22.txt,../raw_images/parents/LL282xLL284-1_L22.tif,Parents,40,40,autolabel_v1.4,2560,1920,"[[439.5, 1058.83], [1830.29, 1237.79], [2007.61, 827.81], [1521.38, 1188.5], [1352.94, 1200.49], [1174.04, 1226.13], [1033.22, 1248.57], [937.64, 1257.3], [850.52, 1275.5], [704.62, 1282.51], [1370.83, 980.83], [1271.83, 1066.17], [1126.5, 1126.17], [1007.5, 1166.5], [897.5, 1188.5], [808.5, 1207.5], [726.5, 1123.5], [1384.1, 877.73], [2020.89, 932.12], [2022.5, 1036.98], [2011.64, 1141.09], [1930.06, 1203.38], [1726.75, 1224.32], [1625.84, 1197.48], [611.5, 1218.83], [522.17, 1148.17], [1302.32, 910.19], [1219.25, 939.13], [1135.27, 965.34], [1050.27, 987.82], [964.04, 1005.27], [877.52, 1021.31], [790.32, 1032.93], [702.91, 1042.93], [615.27, 1050.51], [527.41, 1055.21], [1182.5, 1062.5], [1049.17, 1108.83], [922.5, 1135.5], [829.5, 1155.5]]",
Parents,Left,ll282xll287-1_l00,../marked_images/landmarked_parents/marked_tiff/left_side/LL282xLL287-1_L00_MARK.tif,../marked_images/landmarked_parents/txt/left/LL282xLL287-1_L00.txt,../raw_images/parents/LL282xLL287-1_L00.tif,Parents,40,40,autolabel_v1.4,2560,1920,"[[423.5, 1039.83], [1767.58, 1245.5], [1973.79, 907.69], [1464.74, 1216.5], [1303.41, 1219.5], [1154.93, 1234.5], [1034.5, 1247.41], [925.78, 1253.5], [821.45, 1267.76], [671.11, 1272.67], [1356.5, 1010.5], [1245.5, 1089.5], [1109.5, 1132.5], [986.5, 1174.5], [884.5, 1192.5], [796.5, 1208.5], [708.5, 1110.17], [1375.03, 889.39], [1978.7, 1002.62], [1986.25, 1097.83], [1950.73, 1183.88], [1863.37, 1226.07], [1667.14, 1232.18], [1566.25, 1221.5], [586.5, 1203.5], [495.83, 1120.83], [1293.13, 922.2], [1209.49, 950.4], [1124.73, 975.08], [1039.06, 996.44], [951.75, 1009.6], [864.12, 1020.3], [776.15, 1027.47], [687.96, 1031.62], [599.7, 1033.12], [511.44, 1031.96], [1170.5, 1079.5], [1028.5, 1114.5], [910.5, 1134.5], [815.5, 1151.5]]",
Parents,Left,ll282xll297-1_l30,../marked_images/landmarked_parents/marked_tiff/left_side/LL282xLL297-1_L30_MARK.tif,../marked_images/landmarked_parents/txt/left/LL282xLL297-1_L30.txt,../raw_images/parents/LL282xLL297-1_L30.tif,Parents,40,40,autolabel_v1.4,2560,1920,"[[513.5, 1056.5], [1865.45, 1244.5], [2072.75, 834.91], [1576.73, 1181.61], [1407.98, 1188.85], [1234.13, 1209.1], [1100.37, 1226.78], [998.87, 1236.91], [907.02, 1252.14], [766.58, 1280.68], [1443.5, 965.5], [1343.5, 1044.5], [1197.5, 1099.5], [1077.83, 1151.17], [973.83, 1187.17], [879.17, 1201.83], [794.5, 1108.5], [1457.2, 867.0], [2083.22, 944.1], [2090.3, 1053.96], [2068.17, 1161.11], [1972.35, 1213.82], [1769.37, 1224.54], [1673.77, 1200.85], [676.5, 1204.5], [589.5, 1134.5], [1375.55, 899.65], [1292.71, 929.1], [1208.57, 954.51], [1123.2, 975.63], [1037.19, 994.01], [950.47, 1008.61], [863.33, 1020.43], [775.93, 1030.1], [688.34, 1037.96], [600.68, 1044.93], [1267.5, 1036.5], [1122.5, 1086.5], [997.83, 1121.83], [903.17, 1137.83]]",
Parents,Left,ll282xll427v1-1_l05,../marked_images/landmarked_parents/marked_tiff/left_side/LL282xLL427v1-1_L05_MARK.tif,../marked_images/landmarked_parents/txt/left/LL282xLL427v1-1_L05.txt,../raw_images/parents/LL282xLL427v1-1_L05.tif,Parents,40,40,autolabel_v1.4,2560,1920,"[[389.5, 1042.5], [1712.47, 1249.5], [1918.07, 846.19], [1429.62, 1193.5], [1276.65, 1200.51], [1107.03, 1222.5], [971.32, 1241.79], [875.2, 1251.62], [779.27, 1267.5], [634.58, 1261.48], [1296.5, 961.5], [1193.83, 1049.5], [1053.83, 1100.83], [940.5, 1152.5], [843.5, 1180.5], [748.5, 1192.0], [673.5, 1090.5], [1311.36, 866.52], [1925.94, 954.46], [1927.05, 1065.76], [1912.55, 1171.45], [1821.71, 1227.78], [1621.97, 1214.82], [1527.23, 1197.49], [544.5, 1188.5], [466.5, 1118.5], [1231.62, 898.06], [1150.58, 926.11], [1068.27, 950.04], [984.87, 970.02], [900.88, 987.44], [816.29, 1001.63], [731.21, 1012.38], [645.88, 1021.12], [560.4, 1028.03], [474.81, 1033.56], [1119.17, 1040.17], [978.5, 1082.5], [862.5, 1108.5], [769.5, 1131.5]]",
Parents,Left,ll283xlx024-1_l12,../marked_images/landmarked_parents/marked_tiff/left_side/LL283xLX024-1_L12_MARK.tif,../marked_images/landmarked_parents/txt/left/LL283xLX024-1_L12.txt,../raw_images/parents/LL283xLX024-1_L12.tif,Parents,40,40,autolabel_v1.4,2560,1920,"[[532.5, 1045.5], [1836.06, 1225.5], [2000.73, 786.67], [1533.85, 1185.5], [1393.97, 1205.5], [1224.28, 1223.73], [1089.13, 1242.82], [1000.61, 1252.97], [912.38, 1265.7], [757.13, 1276.37], [1415.5, 986.5], [1309.5, 1058.5], [1177.5, 1109.5], [1065.5, 1170.5], [968.83, 1201.5], [875.5, 1198.83], [738.5, 1122.5], [1435.13, 844.37], [2043.5, 886.78], [2063.9, 1005.89], [2044.38, 1125.39], [1953.01, 1197.61], [1736.25, 1203.8], [1636.13, 1187.32], [662.5, 1212.5], [592.5, 1133.5], [1360.33, 884.66], [1283.24, 920.16], [1203.57, 949.36], [1121.75, 972.23], [1038.91, 991.13], [955.2, 1005.61], [871.16, 1018.12], [786.75, 1027.54], [702.03, 1033.91], [617.21, 1038.85], [1240.5, 1049.5], [1102.5, 1087.5], [988.83, 1142.83], [896.83, 1157.5]]",
Parents,Left,ll286xll288-1_l42,../marked_images/landmarked_parents/marked_tiff/left_side/LL286xLL288-1_L42_MARK.tif,../marked_images/landmarked_parents/txt/left/LL286xLL288-1_L42.txt,../raw_images/parents/LL286xLL288-1_L42.tif,Parents,40,40,autolabel_v1.4,2560,1920,"[[491.5, 1085.5], [1862.99, 1209.5], [2085.96, 853.44], [1585.58, 1167.6], [1427.11, 1180.5], [1237.23, 1210.41], [1096.64, 1239.39], [988.15, 1252.46], [893.26, 1274.46], [740.13, 1290.51], [1433.83, 979.83], [1337.17, 1063.17], [1190.5, 1117.5], [1071.17, 1163.5], [961.17, 1194.17], [863.17, 1219.5], [771.5, 1122.5], [1445.17, 854.48], [2088.62, 951.53], [2087.5, 1050.24], [2047.25, 1136.14], [1958.54, 1180.52], [1770.32, 1196.41], [1678.25, 1180.2], [646.5, 1238.83], [569.17, 1166.83], [1364.89, 894.48], [1281.99, 928.73], [1197.2, 958.01], [1110.95, 982.79], [1023.55, 1003.29], [935.26, 1019.43], [846.61, 1033.51], [757.76, 1046.24], [668.75, 1057.81], [579.62, 1068.42], [1258.5, 1053.5], [1113.17, 1105.5], [995.83, 1136.83], [889.83, 1164.83]]",
Parents,Left,ll286xll288-2_l01,../marked_images/landmarked_parents/marked_tiff/left_side/LL286xLL288-2_L01_MARK.tif,../marked_images/landmarked_parents/txt/left/LL286xLL288-2_L01.txt,../raw_images/parents/LL286xLL288-2_L01.tif,Parents,40,40,autolabel_v1.4,2560,1920,"[[449.5, 1074.5], [1845.62, 1205.23], [1985.36, 817.39], [1541.93, 1174.64], [1359.26, 1183.5], [1194.41, 1209.5], [1059.97, 1235.14], [959.57, 1245.32], [856.35, 1255.31], [700.38, 1276.51], [1353.5, 980.5], [1256.5, 1059.5], [1123.5, 1117.5], [1017.5, 1171.5], [923.5, 1194.5], [819.5, 1213.5], [742.5, 1129.5], [1363.16, 877.38], [1997.63, 912.34], [2022.83, 1009.13], [2017.01, 1108.48], [1941.63, 1173.72], [1743.9, 1201.88], [1643.81, 1182.67], [617.5, 1222.5], [533.5, 1155.5], [1285.28, 912.41], [1205.5, 942.93], [1123.44, 966.47], [1040.57, 987.11], [957.06, 1004.91], [872.84, 1019.18], [788.41, 1032.09], [703.75, 1043.42], [618.85, 1052.72], [533.9, 1061.38], [1191.5, 1055.5], [1053.5, 1113.5], [936.5, 1140.5], [832.5, 1162.5]]",
Parents,Left,ll286xll297-1_l07,../marked_images/landmarked_parents/marked_tiff/left_side/LL286xLL297-1_L07_MARK.tif,../marked_images/landmarked_parents/txt/left/LL286xLL297-1_L07.txt,../raw_images/parents/LL286xLL297-1_L07.tif,Parents,40,40,autolabel_v1.4,2560,1920,"[[429.5, 1027.5], [1832.79, 1203.92], [1987.1, 786.26], [1515.36, 1172.5], [1372.43, 1183.5], [1194.88, 1203.47], [1048.81, 1222.53], [936.76, 1235.69], [845.25, 1252.53], [675.13, 1262.5], [1360.83, 953.17], [1264.83, 1027.83], [1128.83, 1091.83], [999.5, 1130.5], [890.17, 1158.5], [798.5, 1172.5], [724.5, 1091.5], [1372.31, 861.91], [2012.72, 894.26], [2047.42, 985.42], [2023.46, 1087.16], [1942.32, 1164.54], [1726.26, 1199.16], [1621.91, 1176.52], [586.5, 1190.5], [508.5, 1110.5], [1291.81, 896.63], [1209.05, 925.35], [1124.78, 949.32], [1039.45, 969.26], [953.33, 985.55], [866.4, 996.85], [779.21, 1005.9], [691.77, 1011.87], [604.18, 1015.02], [516.61, 1017.71], [1198.17, 1027.83], [1050.17, 1075.83], [924.83, 1106.5], [815.5, 1123.5]]",
Parents,Left,ll286xlx022-1_l15,../marked_images/landmarked_parents/marked_tiff/left_side/LL286xLX022-1_L15_MARK.tif,../marked_images/landmarked_parents/txt/left/LL286xLX022-1_L15.txt,../raw_images/parents/LL286xLX022-1_L15.tif,Parents,40,40,autolabel_v1.4,2560,1920,"[[484.5, 1052.5], [1875.81, 1257.53], [2037.91, 907.8], [1571.85, 1212.63], [1400.69, 1211.53], [1234.14, 1222.46], [1082.57, 1244.26], [978.17, 1255.95], [878.92, 1274.5], [730.47, 1279.41], [1410.5, 998.5], [1309.17, 1076.5], [1165.17, 1132.5], [1046.5, 1168.5], [939.83, 1195.17], [838.5, 1208.5], [773.5, 1114.5], [1428.26, 878.01], [2040.41, 998.06], [2044.99, 1088.41], [2032.72, 1177.24], [1963.87, 1235.59], [1773.78, 1250.52], [1673.85, 1226.41], [634.5, 1211.5], [543.5, 1128.5], [1348.59, 914.48], [1266.21, 944.92], [1182.09, 970.21], [1096.15, 988.75], [1009.49, 1003.44], [922.46, 1015.75], [835.14, 1025.96], [747.6, 1034.09], [659.92, 1040.41], [572.19, 1046.2], [1237.17, 1067.17], [1087.83, 1117.83], [975.83, 1144.5], [869.17, 1160.5]]",
Parents,Left,ll287xlx022-1_l17,../marked_images/landmarked_parents/marked_tiff/left_side/LL287xLX022-1_L17_MARK.tif,../marked_images/landmarked_parents/txt/left/LL287xLX022-1_L17.txt,../raw_images/parents/LL287xLX022-1_L17.tif,Parents,40,40,autolabel_v1.4,2560,1920,"[[470.17, 1000.5], [1783.35, 1245.5], [2038.54, 875.9], [1516.71, 1203.53], [1347.69, 1213.5], [1186.14, 1225.77], [1041.24, 1244.6], [934.24, 1243.03], [839.47, 1259.5], [709.86, 1256.5], [1384.5, 985.5], [1274.17, 1057.5], [1136.83, 1107.5], [1014.17, 1152.83], [918.83, 1179.17], [820.5, 1187.0], [738.5, 1082.5], [1408.47, 857.02], [2039.5, 985.14], [2039.5, 1095.27], [1996.37, 1188.56], [1892.49, 1224.51], [1696.47, 1219.98], [1607.66, 1207.51], [615.5, 1180.5], [544.83, 1095.17], [1328.83, 892.32], [1246.8, 921.41], [1162.99, 944.95], [1077.83, 962.94], [991.59, 975.26], [905.22, 986.63], [818.29, 991.81], [731.23, 994.9], [644.15, 995.69], [557.08, 994.52], [1206.83, 1047.17], [1060.17, 1091.17], [943.5, 1109.0], [844.0, 1119.5]]",
Parents,Left,ll288xll255v2-1_l32,../marked_images/landmarked_parents/marked_tiff/left_side/LL288xLL255v2-1_L32_MARK.tif,../marked_images/landmarked_parents/txt/left/LL288xLL255v2-1_L32.txt,../raw_images/parents/LL288xLL255v2-1_L32.tif,Parents,40,40,autolabel_v1.4,2560,1920,"[[567.17, 1103.17], [1914.83, 1267.68], [2110.11, 887.4], [1606.44, 1241.5], [1459.8, 1255.5], [1286.47, 1279.28], [1159.15, 1299.82], [1054.08, 1303.64], [963.86, 1323.64], [812.24, 1335.57], [1482.5, 1042.5], [1390.5, 1120.83], [1254.5, 1176.83], [1131.83, 1223.5], [1029.5, 1250.17], [940.83, 1268.83], [807.5, 1178.5], [1498.27, 913.34], [2121.55, 988.56], [2122.48, 1090.72], [2102.24, 1190.23], [2013.6, 1239.67], [1811.43, 1263.23], [1710.04, 1243.51], [721.83, 1273.83], [643.17, 1196.5], [1420.03, 951.87], [1339.45, 985.24], [1257.32, 1014.7], [1173.89, 1039.96], [1088.15, 1056.3], [1001.99, 1070.22], [915.47, 1081.67], [828.61, 1089.82], [741.48, 1094.59], [654.25, 1097.38], [1319.83, 1110.17], [1173.17, 1162.17], [1060.17, 1188.5], [961.5, 1206.17]]",
Parents,Left,ll289xll286-1_l10,../marked_images/landmarked_parents/marked_tiff/left_side/LL289xLL286-1_L10_MARK.tif,../marked_images/landmarked_parents/txt/left/LL289xLL286-1_L10.txt,../raw_images/parents/LL289xLL286-1_L10.tif,Parents,40,40,autolabel_v1.4,2560,1920,"[[415.5, 1083.83], [1835.4, 1280.58], [1995.17, 951.68], [1489.86, 1238.5], [1321.22, 1250.5], [1159.66, 1265.29], [1025.3, 1278.78], [906.78, 1287.25], [819.15, 1302.54], [651.28, 1300.91], [1337.5, 1032.5], [1237.5, 1109.5], [1094.5, 1158.5], [971.83, 1198.83], [867.83, 1220.17], [775.83, 1238.83], [705.17, 1140.5], [1354.59, 909.16], [2009.75, 1039.38], [2023.13, 1126.11], [2006.1, 1207.78], [1925.18, 1254.66], [1719.6, 1275.24], [1606.22, 1248.59], [564.83, 1241.17], [495.5, 1169.17], [1273.42, 941.36], [1190.58, 968.88], [1106.97, 994.06], [1022.44, 1015.63], [936.6, 1031.49], [849.81, 1041.18], [763.12, 1051.72], [676.22, 1060.08], [589.12, 1066.24], [502.01, 1071.96], [1160.5, 1100.5], [1017.5, 1146.5], [890.5, 1165.5], [793.17, 1181.5]]",
Parents,Left,lx024xll247v1-1_l11,../marked_images/landmarked_parents/marked_tiff/left_side/LX024xLL247v1-1_L11_MARK.tif,../marked_images/landmarked_parents/txt/left/LX024xLL247v1-1_L11.txt,../raw_images/parents/LX024xLL247v1-1_L11.tif,Parents,40,40,autolabel_v1.4,2560,1920,"[[382.0, 1132.5], [1745.83, 1285.63], [1943.29, 925.43], [1459.38, 1243.47], [1273.96, 1258.5], [1104.9, 1289.55], [974.09, 1315.11], [856.65, 1324.39], [762.86, 1339.62], [607.19, 1331.9], [1294.17, 1066.5], [1192.5, 1142.0], [1053.83, 1199.83], [941.83, 1249.17], [829.5, 1269.5], [731.5, 1286.5], [664.5, 1192.17], [1308.92, 935.09], [1952.74, 1018.29], [1960.6, 1117.18], [1929.13, 1205.8], [1843.94, 1260.74], [1651.6, 1265.74], [1555.92, 1251.41], [529.17, 1267.17], [453.17, 1202.5], [1230.58, 972.24], [1149.67, 1003.48], [1067.07, 1029.89], [983.11, 1051.38], [898.25, 1069.28], [813.05, 1085.52], [727.04, 1096.73], [640.9, 1106.81], [554.57, 1115.1], [468.15, 1122.44], [1117.0, 1131.0], [976.0, 1180.5], [856.0, 1205.5], [759.0, 1225.5]]",
Parents,Left,lx025xll247v2-1_l07,../marked_images/landmarked_parents/marked_tiff/left_side/LX025xLL247v2-1_L07_MARK.tif,../marked_images/landmarked_parents/txt/left/LX025xLL247v2-1_L07.txt,../raw_images/parents/LX025xLL247v2-1_L07.tif,Parents,40,40,autolabel_v1.4,2560,1920,"[[522.5, 1006.5], [1846.49, 1186.59], [2007.28, 805.72], [1565.76, 1149.5], [1386.32, 1156.47], [1217.07, 1173.5], [1083.3, 1192.09], [986.65, 1196.29], [893.14, 1211.77], [765.26, 1222.38], [1395.5, 947.5], [1305.5, 1020.5], [1160.5, 1074.5], [1048.5, 1114.83], [945.83, 1130.5], [859.83, 1149.17], [784.5, 1068.5], [1409.89, 841.73], [2012.65, 903.47], [2026.07, 1003.07], [2027.97, 1098.95], [1945.34, 1157.91], [1752.64, 1174.78], [1660.52, 1155.5], [674.5, 1161.5], [594.5, 1089.5], [1333.89, 873.92], [1255.98, 900.65], [1176.38, 922.39], [1095.88, 940.57], [1014.5, 954.03], [932.78, 965.59], [850.94, 976.2], [768.67, 982.79], [686.32, 988.02], [604.06, 993.88], [1232.5, 1014.5], [1086.5, 1058.17], [970.5, 1085.83], [877.17, 1105.17]]",
Parents,Left,lx028xll258v2-1_l03,../marked_images/landmarked_parents/marked_tiff/left_side/LX028xLL258v2-1_L03_MARK.tif,../marked_images/landmarked_parents/txt/left/LX028xLL258v2-1_L03.txt,../raw_images/parents/LX028xLL258v2-1_L03.tif,Parents,40,40,autolabel_v1.4,2560,1920,"[[468.83, 1068.17], [1824.32, 1279.43], [2030.93, 866.74], [1552.23, 1248.5], [1367.35, 1257.51], [1181.27, 1272.5], [1042.68, 1283.92], [944.05, 1278.13], [861.93, 1290.64], [736.3, 1296.5], [1380.83, 1036.5], [1278.83, 1107.17], [1133.5, 1157.83], [1013.5, 1203.5], [912.5, 1214.5], [817.5, 1228.5], [754.5, 1135.5], [1395.76, 940.74], [2031.18, 979.97], [2038.59, 1091.4], [2033.33, 1198.15], [1934.47, 1248.03], [1736.07, 1254.71], [1644.15, 1254.44], [631.5, 1226.83], [541.5, 1147.5], [1315.62, 970.83], [1233.37, 994.61], [1149.78, 1012.82], [1065.64, 1028.66], [981.19, 1042.37], [895.9, 1049.87], [810.32, 1051.33], [724.72, 1053.15], [639.13, 1054.7], [553.6, 1056.11], [1206.17, 1103.83], [1063.5, 1142.5], [941.5, 1159.0], [844.0, 1177.0]]",
Parents,Left,lx037xll255v2-1_l03,../marked_images/landmarked_parents/marked_tiff/left_side/LX037xLL255v2-1_L03_MARK.tif,../marked_images/landmarked_parents/txt/left/LX037xLL255v2-1_L03.txt,../raw_images/parents/LX037xLL255v2-1_L03.tif,Parents,40,40,autolabel_v1.4,2560,1920,"[[492.5, 943.5], [1812.6, 1172.5], [2020.47, 806.25], [1547.01, 1127.5], [1376.42, 1134.5], [1198.65, 1146.47], [1056.94, 1160.5], [952.02, 1163.82], [856.35, 1179.5], [746.94, 1181.13], [1383.5, 921.5], [1278.17, 998.83], [1136.83, 1044.17], [1016.83, 1082.83], [908.83, 1097.5], [819.5, 1110.5], [751.5, 1016.5], [1404.93, 797.95], [2033.12, 909.09], [2035.5, 1013.03], [2005.46, 1105.03], [1915.11, 1155.41], [1724.93, 1153.73], [1636.79, 1136.67], [645.17, 1111.5], [558.5, 1030.5], [1326.82, 831.06], [1249.61, 866.22], [1168.24, 889.04], [1084.64, 902.37], [1000.21, 910.55], [915.97, 920.65], [831.48, 928.3], [746.8, 933.33], [662.03, 936.61], [577.24, 939.34], [1203.5, 985.5], [1060.83, 1025.5], [926.17, 1050.83], [839.5, 1055.5]]",
Parents,Left,np078xnp060v4-1_l45,../marked_images/landmarked_parents/marked_tiff/left_side/NP078xNP060v4-1_L45_MARK.tif,../marked_images/landmarked_parents/txt/left/NP078xNP060v4-1_L45.txt,../raw_images/parents/NP078xNP060v4-1_L45.tif,Parents,40,40,autolabel_v1.4,2560,1920,"[[504.5, 1006.5], [1821.85, 1205.5], [1901.76, 816.45], [1398.41, 1152.5], [1234.17, 1170.5], [1111.03, 1193.53], [996.25, 1210.79], [892.92, 1224.88], [804.25, 1232.5], [717.82, 1219.32], [1284.5, 1002.83], [1195.17, 1069.5], [1079.17, 1121.5], [980.5, 1165.5], [876.5, 1168.17], [781.83, 1172.17], [687.5, 1093.5], [1298.96, 907.11], [1940.23, 904.58], [1970.5, 997.42], [1971.33, 1094.49], [1911.36, 1170.05], [1681.19, 1178.44], [1539.59, 1174.5], [636.17, 1158.83], [565.5, 1094.5], [1230.38, 933.2], [1160.31, 954.88], [1089.04, 972.28], [1016.94, 985.99], [944.26, 996.22], [871.25, 1003.9], [798.02, 1008.75], [724.67, 1010.59], [651.27, 1010.03], [577.89, 1008.22], [1135.17, 1062.83], [1007.17, 1098.83], [901.83, 1122.83], [808.5, 1134.83]]",
Parents,Left,np081xnp060v4-1_l09,../marked_images/landmarked_parents/marked_tiff/left_side/NP081xNP060v4-1_L09_MARK.tif,../marked_images/landmarked_parents/txt/left/NP081xNP060v4-1_L09.txt,../raw_images/parents/NP081xNP060v4-1_L09.tif,Parents,40,40,autolabel_v1.4,2560,1920,"[[539.5, 1029.17], [1807.02, 1254.54], [1886.5, 923.26], [1405.56, 1213.26], [1237.03, 1225.5], [1113.69, 1251.39], [995.33, 1269.72], [902.1, 1272.47], [786.67, 1274.5], [702.43, 1253.66], [1283.17, 1071.83], [1203.17, 1157.17], [1073.0, 1170.5], [974.83, 1208.83], [874.83, 1223.5], [772.5, 1210.5], [744.17, 1134.5], [1301.69, 967.66], [1919.52, 999.75], [1951.53, 1081.5], [1953.99, 1168.1], [1890.47, 1228.2], [1673.13, 1244.13], [1538.85, 1233.67], [639.83, 1189.83], [580.5, 1115.5], [1235.63, 991.31], [1167.55, 1007.87], [1098.62, 1020.86], [1029.23, 1030.96], [959.43, 1038.05], [889.51, 1043.82], [819.4, 1045.94], [749.25, 1045.52], [679.21, 1042.24], [609.33, 1035.99], [1133.0, 1123.5], [1005.5, 1158.5], [890.17, 1175.5], [798.5, 1175.5]]",
Parents,Left,np086xpx014-1_l30,../marked_images/landmarked_parents/marked_tiff/left_side/NP086xPX014-1_L30_MARK.tif,../marked_images/landmarked_parents/txt/left/NP086xPX014-1_L30.txt,../raw_images/parents/NP086xPX014-1_L30.tif,Parents,40,40,autolabel_v1.4,2560,1920,"[[577.5, 1053.5], [1833.46, 1230.53], [1919.04, 838.35], [1445.71, 1198.39], [1297.41, 1215.5], [1169.28, 1241.8], [1067.71, 1258.96], [972.13, 1263.49], [867.3, 1273.5], [776.56, 1262.74], [1331.5, 1044.5], [1255.5, 1111.5], [1143.5, 1166.5], [1045.5, 1200.5], [951.5, 1216.5], [841.0, 1193.0], [748.5, 1134.5], [1343.43, 959.84], [1951.09, 928.45], [1979.89, 1018.29], [1972.6, 1111.4], [1918.12, 1189.39], [1704.1, 1226.16], [1574.59, 1214.5], [699.5, 1208.5], [629.5, 1135.5], [1277.48, 985.61], [1210.11, 1007.3], [1141.53, 1024.79], [1072.02, 1038.28], [1001.94, 1048.52], [931.35, 1054.29], [860.63, 1058.11], [789.83, 1059.98], [719.03, 1059.36], [648.27, 1056.31], [1189.5, 1105.5], [1067.5, 1139.5], [966.0, 1156.5], [876.0, 1173.0]]",
Parents,Left,np089xnp060v2-1_l05,../marked_images/landmarked_parents/marked_tiff/left_side/NP089xNP060v2-1_L05_MARK.tif,../marked_images/landmarked_parents/txt/left/NP089xNP060v2-1_L05.txt,../raw_images/parents/NP089xNP060v2-1_L05.tif,Parents,40,40,autolabel_v1.4,2560,1920,"[[452.83, 1041.5], [1748.57, 1245.98], [1858.37, 846.47], [1372.65, 1212.5], [1199.91, 1225.5], [1061.87, 1250.89], [945.56, 1269.29], [849.65, 1275.3], [747.47, 1280.4], [652.04, 1263.84], [1237.5, 1060.5], [1153.5, 1124.17], [1036.17, 1180.17], [925.5, 1220.17], [821.5, 1224.17], [729.5, 1222.83], [635.5, 1137.5], [1251.65, 970.81], [1872.21, 941.82], [1923.59, 1036.79], [1925.95, 1144.01], [1853.47, 1220.52], [1623.87, 1227.5], [1497.7, 1229.03], [578.5, 1205.5], [503.5, 1124.17], [1181.99, 994.26], [1111.08, 1013.55], [1039.14, 1028.3], [966.46, 1039.13], [893.37, 1046.91], [819.98, 1051.02], [746.49, 1052.21], [672.99, 1051.98], [599.59, 1049.0], [526.32, 1043.35], [1089.5, 1112.83], [956.17, 1148.17], [846.83, 1164.17], [753.5, 1172.17]]",
Parents,Left,np091xpx013-1_l13,../marked_images/landmarked_parents/marked_tiff/left_side/NP091xPX013-1_L13_MARK.tif,../marked_images/landmarked_parents/txt/left/NP091xPX013-1_L13.txt,../raw_images/parents/NP091xPX013-1_L13.tif,Parents,40,40,autolabel_v1.4,2560,1920,"[[597.5, 1050.5], [1853.49, 1243.5], [1926.2, 858.95], [1476.12, 1201.67], [1311.6, 1214.5], [1178.06, 1234.13], [1064.03, 1251.49], [965.56, 1261.33], [863.44, 1264.5], [785.41, 1251.03], [1341.5, 1050.5], [1257.5, 1115.5], [1140.5, 1159.5], [1041.5, 1202.5], [939.83, 1211.5], [837.83, 1199.5], [819.5, 1133.5], [1355.27, 960.91], [1959.12, 950.73], [1994.8, 1042.48], [2004.5, 1138.39], [1947.0, 1216.12], [1728.93, 1220.31], [1602.23, 1214.5], [711.5, 1195.5], [649.5, 1129.5], [1289.54, 984.55], [1222.31, 1003.5], [1154.1, 1018.3], [1085.23, 1029.89], [1016.0, 1039.1], [946.51, 1046.23], [876.81, 1050.79], [807.0, 1052.89], [737.17, 1052.35], [667.35, 1050.5], [1192.5, 1110.5], [1067.5, 1141.5], [960.5, 1157.5], [866.5, 1167.5]]",
Parents,Left,np096xnp086-1_l08,../marked_images/landmarked_parents/marked_tiff/left_side/NP096xNP086-1_L08_MARK.tif,../marked_images/landmarked_parents/txt/left/NP096xNP086-1_L08.txt,../raw_images/parents/NP096xNP086-1_L08.tif,Parents,40,40,autolabel_v1.4,2560,1920,"[[514.17, 1052.5], [1831.63, 1258.24], [1915.16, 873.99], [1411.27, 1220.5], [1234.33, 1229.5], [1105.16, 1251.5], [1001.8, 1269.57], [905.56, 1273.24], [804.1, 1280.5], [717.5, 1268.66], [1289.5, 1069.5], [1197.5, 1130.5], [1083.5, 1176.5], [981.5, 1212.5], [881.17, 1222.5], [779.83, 1211.17], [700.5, 1140.5], [1305.28, 968.44], [1949.61, 953.96], [1972.35, 1044.16], [1964.72, 1135.35], [1916.67, 1214.63], [1691.51, 1248.34], [1551.82, 1236.27], [636.83, 1206.5], [566.17, 1135.17], [1236.37, 992.19], [1166.19, 1011.87], [1095.07, 1027.84], [1023.2, 1039.98], [950.68, 1047.72], [878.04, 1054.22], [805.19, 1056.57], [732.27, 1056.35], [659.48, 1052.98], [586.9, 1047.19], [1138.5, 1126.5], [1014.5, 1151.5], [902.5, 1172.17], [809.83, 1183.17]]",
Parents,Left,np096xpx013-2_l07,../marked_images/landmarked_parents/marked_tiff/left_side/NP096xPX013-2_L07_MARK.tif,../marked_images/landmarked_parents/txt/left/NP096xPX013-2_L07.txt,../raw_images/parents/NP096xPX013-2_L07.tif,Parents,40,40,autolabel_v1.4,2560,1920,"[[487.83, 1065.17], [1797.07, 1252.5], [1912.92, 822.04], [1384.65, 1228.96], [1229.97, 1242.5], [1094.42, 1264.01], [979.6, 1288.63], [874.97, 1297.19], [779.03, 1302.36], [697.95, 1295.64], [1274.5, 1070.5], [1185.5, 1126.5], [1059.5, 1173.5], [953.5, 1213.5], [838.5, 1215.5], [755.17, 1214.17], [739.5, 1140.5], [1288.16, 975.06], [1957.04, 914.14], [1975.81, 1014.76], [1963.88, 1123.95], [1900.9, 1214.63], [1660.16, 1238.17], [1522.4, 1237.5], [613.5, 1233.83], [535.5, 1153.17], [1219.05, 1001.0], [1148.42, 1022.57], [1076.68, 1040.04], [1003.96, 1053.03], [930.64, 1062.24], [856.98, 1067.96], [783.19, 1071.72], [709.34, 1072.48], [635.5, 1070.2], [561.71, 1066.36], [1110.5, 1122.5], [992.5, 1154.5], [883.5, 1178.5], [789.83, 1196.83]]",
Parents,Left,px013xnp097-1_l11,../marked_images/landmarked_parents/marked_tiff/left_side/PX013xNP097-1_L11_MARK.tif,../marked_images/landmarked_parents/txt/left/PX013xNP097-1_L11.txt,../raw_images/parents/PX013xNP097-1_L11.tif,Parents,40,40,autolabel_v1.4,2560,1920,"[[540.5, 1017.5], [1835.23, 1211.5], [1913.69, 831.82], [1419.71, 1169.5], [1271.29, 1184.5], [1144.65, 1207.95], [1028.66, 1227.41], [935.87, 1237.5], [832.73, 1246.2], [754.18, 1234.68], [1311.5, 1014.5], [1228.5, 1075.5], [1115.0, 1131.0], [1001.5, 1154.17], [904.83, 1166.83], [810.17, 1170.17], [793.5, 1081.5], [1325.97, 917.95], [1945.95, 915.12], [1970.1, 1006.94], [1972.45, 1100.46], [1921.88, 1177.63], [1696.56, 1198.0], [1558.31, 1183.5], [677.5, 1178.5], [605.5, 1111.5], [1258.25, 944.1], [1189.14, 966.04], [1118.65, 983.25], [1047.34, 996.78], [975.42, 1006.74], [903.17, 1013.69], [830.7, 1017.85], [758.14, 1018.96], [685.57, 1017.34], [613.05, 1014.83], [1161.5, 1070.5], [1042.83, 1105.5], [935.5, 1126.5], [845.5, 1140.17]]",
Parents,Left,px013xpx012-1_l04,../marked_images/landmarked_parents/marked_tiff/left_side/PX013xPX012-1_L04_MARK.tif,../marked_images/landmarked_parents/txt/left/PX013xPX012-1_L04.txt,../raw_images/parents/PX013xPX012-1_L04.tif,Parents,40,40,autolabel_v1.4,2560,1920,"[[518.83, 1036.17], [1813.44, 1248.41], [1885.5, 909.18], [1404.0, 1203.5], [1243.5, 1218.5], [1105.02, 1249.85], [997.68, 1261.3], [896.33, 1267.04], [792.66, 1271.28], [707.74, 1251.59], [1270.5, 1062.5], [1206.17, 1146.17], [1082.17, 1184.83], [975.5, 1211.5], [875.5, 1215.5], [779.5, 1211.5], [752.5, 1137.5], [1285.6, 970.39], [1913.71, 988.32], [1939.53, 1069.61], [1940.73, 1154.6], [1894.18, 1222.18], [1676.83, 1234.48], [1540.28, 1220.47], [634.83, 1191.5], [564.17, 1119.5], [1218.05, 990.77], [1149.95, 1009.2], [1081.26, 1025.28], [1011.79, 1036.93], [941.51, 1043.11], [871.11, 1047.91], [800.58, 1049.41], [730.05, 1048.16], [659.64, 1043.96], [589.37, 1037.8], [1118.17, 1126.17], [997.5, 1152.5], [894.5, 1166.5], [803.5, 1171.5]]",
Parents,Left,px014xnp012-5_l05,../marked_images/landmarked_parents/marked_tiff/left_side/PX014xNP012-5_L05_MARK.tif,../marked_images/landmarked_parents/txt/left/PX014xNP012-5_L05.txt,../raw_images/parents/PX014xNP012-5_L05.tif,Parents,40,40,autolabel_v1.4,2560,1920,"[[553.5, 1020.5], [1825.83, 1235.9], [1946.15, 849.3], [1445.78, 1198.5], [1294.76, 1202.57], [1153.33, 1222.4], [1032.78, 1241.95], [938.84, 1248.9], [833.17, 1254.54], [779.71, 1251.04], [1326.5, 1029.5], [1234.0, 1094.5], [1115.0, 1147.5], [1013.5, 1183.5], [913.0, 1177.5], [807.5, 1166.5], [778.5, 1107.5], [1342.78, 933.35], [1971.99, 941.24], [1998.5, 1033.57], [1976.89, 1126.78], [1914.5, 1199.52], [1699.32, 1222.57], [1572.19, 1214.5], [687.5, 1180.5], [615.5, 1109.5], [1274.24, 957.73], [1204.39, 977.91], [1133.4, 993.47], [1061.55, 1004.69], [989.23, 1012.6], [916.65, 1017.45], [843.96, 1020.4], [771.24, 1020.65], [698.56, 1018.09], [625.97, 1014.17], [1173.5, 1087.5], [1046.5, 1121.5], [933.83, 1137.83], [841.83, 1141.83]]",
Parents,Left,px014xnp060v4-2_l08,../marked_images/landmarked_parents/marked_tiff/left_side/PX014xNP060v4-2_L08_MARK.tif,../marked_images/landmarked_parents/txt/left/PX014xNP060v4-2_L08.txt,../raw_images/parents/PX014xNP060v4-2_L08.tif,Parents,40,40,autolabel_v1.4,2560,1920,"[[514.5, 1114.5], [1792.94, 1266.5], [1901.33, 837.81], [1417.82, 1241.5], [1261.6, 1259.5], [1132.63, 1290.44], [1027.98, 1307.98], [931.84, 1320.56], [822.06, 1335.15], [723.77, 1321.56], [1291.83, 1092.17], [1208.5, 1163.5], [1092.5, 1221.5], [992.83, 1251.5], [885.5, 1260.17], [787.83, 1265.83], [772.5, 1193.5], [1303.6, 993.17], [1940.0, 923.78], [1967.11, 1031.99], [1958.11, 1141.99], [1900.96, 1233.92], [1668.19, 1253.69], [1542.62, 1253.5], [646.5, 1263.5], [579.5, 1202.5], [1237.17, 1024.43], [1168.57, 1050.42], [1098.23, 1071.18], [1026.61, 1087.18], [954.18, 1099.13], [881.24, 1107.56], [808.06, 1113.46], [734.73, 1116.72], [661.32, 1117.3], [587.91, 1115.86], [1146.5, 1157.5], [1019.5, 1197.5], [915.5, 1218.17], [819.5, 1232.83]]",
Parents,Left,px014xnp068v1-1_l16,../marked_images/landmarked_parents/marked_tiff/left_side/PX014xNP068v1-1_L16_MARK.tif,../marked_images/landmarked_parents/txt/left/PX014xNP068v1-1_ L16.txt,../raw_images/parents/PX014xNP068v1-1_ L16.tif,Parents,40,40,autolabel_v1.4,2560,1920,"[[495.0, 1008.5], [1815.13, 1220.58], [1881.8, 834.77], [1383.12, 1175.5], [1232.04, 1184.5], [1102.7, 1205.2], [1000.35, 1225.73], [890.43, 1235.5], [790.31, 1242.52], [705.92, 1230.59], [1277.83, 1016.5], [1183.83, 1080.5], [1068.5, 1124.83], [975.17, 1161.5], [851.5, 1163.0], [751.5, 1155.5], [743.5, 1095.5], [1294.93, 910.05], [1917.63, 920.75], [1949.69, 1008.64], [1944.76, 1099.68], [1898.14, 1179.05], [1671.14, 1213.19], [1527.2, 1194.56], [622.5, 1170.17], [549.17, 1091.5], [1227.42, 940.66], [1157.73, 965.46], [1085.92, 983.58], [1012.95, 996.6], [939.39, 1005.85], [865.45, 1011.16], [791.38, 1014.16], [717.26, 1014.45], [643.17, 1012.11], [569.14, 1008.44], [1118.5, 1074.5], [1000.83, 1101.83], [883.5, 1122.0], [785.5, 1132.5]]",
Parents,Left,px014xnp072-36_l01,../marked_images/landmarked_parents/marked_tiff/left_side/PX014xNP072-36_L01_MARK.tif,../marked_images/landmarked_parents/txt/left/PX014xNP072-36_L01.txt,../raw_images/parents/PX014xNP072-36_L01.tif,Parents,40,40,autolabel_v1.4,2560,1920,"[[538.5, 994.5], [1806.15, 1226.5], [2008.13, 884.53], [1425.94, 1181.64], [1258.85, 1187.5], [1135.58, 1207.74], [1035.91, 1221.81], [934.33, 1229.48], [829.87, 1233.08], [740.59, 1219.39], [1307.5, 1022.5], [1218.83, 1089.5], [1107.5, 1134.17], [1011.17, 1167.83], [913.0, 1181.5], [803.5, 1153.5], [796.5, 1074.5], [1323.96, 932.57], [1991.67, 975.34], [1992.61, 1065.08], [1966.93, 1134.9], [1898.54, 1200.8], [1680.37, 1205.3], [1552.83, 1199.52], [669.5, 1160.5], [598.5, 1085.5], [1254.83, 953.12], [1184.8, 970.33], [1113.97, 983.71], [1042.5, 993.45], [970.72, 1000.66], [898.7, 1004.74], [826.58, 1006.16], [754.49, 1004.6], [682.51, 1000.12], [610.64, 994.28], [1164.83, 1076.17], [1040.5, 1103.0], [928.5, 1120.5], [833.0, 1125.5]]",
Parents,Left,px014xnp072-4_l08,../marked_images/landmarked_parents/marked_tiff/left_side/PX014xNP072-4_L08_MARK.tif,../marked_images/landmarked_parents/txt/left/PX014xNP072-4_L08.txt,../raw_images/parents/PX014xNP072-4_L08.tif,Parents,40,40,autolabel_v1.4,2560,1920,"[[538.83, 1093.5], [1813.16, 1248.46], [1939.82, 848.72], [1428.28, 1211.5], [1278.26, 1231.3], [1156.79, 1259.56], [1050.61, 1281.64], [946.46, 1299.59], [847.77, 1310.5], [756.13, 1301.48], [1334.83, 1060.17], [1234.83, 1134.83], [1119.5, 1178.83], [1021.83, 1228.17], [899.17, 1227.17], [814.0, 1221.0], [788.5, 1166.5], [1347.19, 958.55], [1974.46, 945.3], [2002.47, 1046.84], [1989.93, 1150.73], [1913.84, 1219.81], [1686.43, 1222.42], [1557.13, 1223.5], [669.5, 1244.5], [597.5, 1177.5], [1278.4, 988.62], [1207.79, 1014.07], [1135.46, 1034.28], [1062.09, 1050.4], [987.93, 1062.31], [913.46, 1072.09], [838.74, 1079.72], [763.8, 1084.59], [688.72, 1086.37], [613.63, 1086.52], [1181.5, 1125.5], [1046.83, 1163.83], [935.5, 1188.83], [847.17, 1198.83]]",
Parents,Right,ll279xll297-1_r01,../marked_images/landmarked_parents/marked_tiff/right_side/LL279xLL297-1_R01_MARK.tif,../marked_images/landmarked_parents/txt/right/LL279xLL297-1_R01.txt,../raw_images/parents/LL279xLL297-1_R01.tif,Parents,42,42,autolabel_v1.4,2560,1920,"[[2222.16, 1024.04], [745.91, 1243.66], [524.17, 743.31], [1001.21, 1206.5], [1195.25, 1214.47], [1383.35, 1229.63], [1533.09, 1256.54], [1622.51, 1261.37], [1712.63, 1279.61], [1799.12, 1291.51], [1175.5, 960.5], [1278.5, 1044.5], [1430.5, 1103.5], [1555.83, 1155.5], [1655.5, 1182.5], [1748.5, 1197.5], [1835.5, 1083.5], [1160.67, 860.8], [522.59, 869.04], [507.08, 1003.38], [536.72, 1128.2], [610.84, 1225.16], [830.5, 1226.66], [915.31, 1214.5], [1905.06, 1279.67], [2006.18, 1243.44], [2096.33, 1186.11], [2172.8, 1113.01], [1250.9, 900.26], [1344.02, 932.2], [1439.11, 957.46], [1535.66, 976.53], [1633.13, 990.54], [1730.97, 1001.75], [1829.21, 1008.55], [1927.56, 1013.77], [2025.94, 1014.5], [2124.24, 1013.59], [1349.5, 1036.5], [1502.5, 1086.17], [1623.5, 1107.5], [1717.5, 1124.5]]",
Parents,Right,ll280xll284-1_r14,../marked_images/landmarked_parents/marked_tiff/right_side/LL280xLL284-1_R14_MARK.tif,../marked_images/landmarked_parents/txt/right/LL280xLL284-1_R14.txt,../raw_images/parents/LL280xLL284-1_R14.tif,Parents,42,42,autolabel_v1.4,2560,1920,"[[2217.3, 970.3], [804.34, 1258.53], [528.19, 752.25], [1025.52, 1218.59], [1200.42, 1211.5], [1370.66, 1217.61], [1505.3, 1226.57], [1599.32, 1235.95], [1696.35, 1248.08], [1772.5, 1251.59], [1195.17, 942.17], [1275.17, 1018.17], [1413.5, 1069.5], [1534.5, 1107.5], [1639.5, 1130.5], [1729.5, 1133.5], [1814.5, 1044.5], [1179.87, 867.16], [517.5, 906.71], [502.24, 1057.69], [577.36, 1178.57], [653.41, 1277.0], [877.08, 1240.48], [951.27, 1229.65], [1882.66, 1237.93], [1986.94, 1198.62], [2081.31, 1139.93], [2161.55, 1062.79], [1270.16, 898.14], [1362.48, 922.41], [1456.28, 939.68], [1550.85, 952.49], [1645.83, 961.68], [1741.17, 966.47], [1836.63, 967.29], [1932.08, 966.32], [2027.4, 962.01], [2122.5, 959.09], [1339.5, 993.5], [1486.5, 1042.5], [1599.5, 1053.5], [1701.5, 1071.5]]",
Parents,Right,ll280xll285-1_r07,../marked_images/landmarked_parents/marked_tiff/right_side/LL280xLL285-1_R07_MARK.tif,../marked_images/landmarked_parents/txt/right/LL280xLL285-1_R07.txt,../raw_images/parents/LL280xLL285-1_R07.tif,Parents,42,42,autolabel_v1.4,2560,1920,"[[2143.32, 1023.33], [740.89, 1284.54], [528.45, 820.13], [948.93, 1242.54], [1134.15, 1238.5], [1301.47, 1243.41], [1437.81, 1255.32], [1536.03, 1273.64], [1632.0, 1275.18], [1714.6, 1273.5], [1134.5, 980.5], [1221.5, 1059.5], [1360.5, 1114.5], [1472.0, 1159.0], [1577.5, 1178.0], [1665.5, 1189.5], [1752.5, 1093.5], [1117.72, 890.39], [510.51, 946.05], [501.3, 1073.0], [528.56, 1190.03], [613.45, 1269.67], [809.46, 1268.01], [879.17, 1256.85], [1817.93, 1260.13], [1915.53, 1223.46], [2005.3, 1171.68], [2083.41, 1103.15], [1205.33, 926.48], [1295.4, 956.16], [1387.95, 976.75], [1481.45, 992.25], [1575.6, 1003.39], [1670.13, 1010.86], [1764.88, 1014.85], [1859.68, 1017.02], [1954.43, 1014.85], [2049.01, 1013.36], [1306.5, 1063.5], [1435.5, 1097.5], [1543.5, 1113.5], [1642.5, 1134.0]]",
Parents,Right,ll280xll298-1_r19,../marked_images/landmarked_parents/marked_tiff/right_side/LL280xLL298-1_R19_MARK.tif,../marked_images/landmarked_parents/txt/right/LL280xLL298-1_R19.txt,../raw_images/parents/LL280xLL298-1_R19.tif,Parents,42,42,autolabel_v1.4,2560,1920,"[[2211.96, 980.57], [810.76, 1305.93], [542.18, 803.1], [1044.05, 1252.84], [1212.59, 1239.5], [1385.71, 1242.5], [1512.44, 1250.59], [1617.3, 1256.14], [1709.01, 1268.54], [1786.23, 1268.51], [1182.5, 971.5], [1272.17, 1050.83], [1411.5, 1100.83], [1529.17, 1133.17], [1637.17, 1157.5], [1727.83, 1166.5], [1821.17, 1070.5], [1164.65, 894.62], [531.17, 982.52], [551.88, 1165.41], [687.85, 1286.59], [645.58, 1314.68], [889.0, 1290.82], [966.82, 1272.91], [1892.93, 1250.85], [1992.77, 1207.02], [2084.05, 1147.43], [2161.84, 1071.66], [1256.12, 924.74], [1349.3, 949.03], [1443.82, 967.03], [1539.31, 978.77], [1635.38, 985.2], [1731.63, 988.36], [1827.91, 986.94], [1924.14, 983.47], [2020.19, 976.98], [2116.06, 971.75], [1335.5, 1020.17], [1475.5, 1063.5], [1597.83, 1078.83], [1698.5, 1100.17]]",
Parents,Right,ll280xlx022-1_r13,../marked_images/landmarked_parents/marked_tiff/right_side/LL280xLX022-1_R13_MARK.tif,../marked_images/landmarked_parents/txt/right/LL280xLX022-1_R13.txt,../raw_images/parents/LL280xLX022-1_R13.tif,Parents,42,42,autolabel_v1.4,2560,1920,"[[2158.52, 923.4], [768.88, 1199.47], [503.41, 754.82], [983.63, 1144.72], [1156.72, 1143.47], [1329.12, 1157.5], [1464.99, 1170.5], [1566.36, 1174.5], [1654.86, 1186.33], [1738.23, 1188.62], [1144.5, 895.5], [1223.5, 981.5], [1361.5, 1034.5], [1482.5, 1072.5], [1586.5, 1095.5], [1677.5, 1102.5], [1819.83, 997.83], [1127.13, 808.05], [499.85, 882.26], [486.12, 1008.91], [532.86, 1122.35], [645.22, 1181.27], [839.28, 1176.95], [910.24, 1157.05], [1843.13, 1173.68], [1942.89, 1136.61], [2030.1, 1083.06], [2107.33, 1011.03], [1215.93, 842.43], [1307.1, 869.91], [1399.83, 891.23], [1493.66, 907.07], [1588.21, 918.18], [1683.17, 925.32], [1778.33, 928.61], [1873.53, 928.04], [1968.56, 922.99], [2063.46, 917.77], [1297.5, 969.5], [1433.5, 1013.5], [1546.5, 1035.5], [1648.5, 1053.5]]",
Parents,Right,ll282xll284-1_r21,../marked_images/landmarked_parents/marked_tiff/right_side/LL282xLL284-1_R21_MARK.tif,../marked_images/landmarked_parents/txt/right/LL282xLL284-1_R21.txt,../raw_images/parents/LL282xLL284-1_R21.tif,Parents,42,42,autolabel_v1.4,2560,1920,"[[2178.41, 954.56], [765.03, 1245.5], [513.15, 768.94], [1039.08, 1178.84], [1202.16, 1175.44], [1372.36, 1183.95], [1508.48, 1197.5], [1603.16, 1201.48], [1691.18, 1213.32], [1778.1, 1215.11], [1169.5, 928.5], [1257.5, 1012.17], [1405.5, 1062.83], [1529.5, 1100.17], [1626.83, 1126.83], [1714.5, 1138.5], [1797.5, 1027.5], [1152.02, 843.6], [515.51, 893.61], [514.48, 1018.21], [542.45, 1138.93], [646.56, 1204.79], [857.48, 1227.67], [946.48, 1196.77], [1885.97, 1199.87], [1985.39, 1155.08], [2045.2, 1117.13], [2125.46, 1044.53], [1241.58, 874.11], [1332.73, 899.4], [1425.12, 919.71], [1518.44, 935.33], [1612.39, 946.74], [1706.87, 952.49], [1801.46, 955.49], [1896.09, 955.94], [1990.45, 950.82], [2084.4, 943.61], [1325.5, 999.5], [1475.5, 1041.5], [1590.83, 1068.17], [1680.5, 1080.5]]",
Parents,Right,ll282xll287-1_r03,../marked_images/landmarked_parents/marked_tiff/right_side/LL282xLL287-1_R03_MARK.tif,../marked_images/landmarked_parents/txt/right/LL282xLL287-1_R03.txt,../raw_images/parents/LL282xLL287-1_R03.tif,Parents,42,42,autolabel_v1.4,2560,1920,"[[2259.13, 908.99], [717.67, 1278.71], [483.35, 779.57], [979.75, 1228.7], [1181.32, 1206.51], [1364.39, 1201.62], [1505.82, 1207.62], [1622.03, 1208.61], [1717.33, 1215.79], [1802.7, 1215.21], [1157.5, 927.5], [1255.5, 1014.5], [1411.5, 1059.5], [1539.5, 1095.5], [1641.5, 1123.5], [1743.5, 1125.5], [1845.5, 1016.5], [1136.56, 840.18], [464.67, 909.85], [473.56, 1047.28], [516.96, 1174.13], [576.29, 1277.92], [805.57, 1265.64], [892.9, 1248.51], [1916.84, 1196.55], [2022.91, 1148.92], [2120.73, 1087.05], [2203.23, 1006.24], [1235.35, 868.93], [1336.12, 889.99], [1437.86, 905.48], [1540.15, 916.68], [1642.81, 923.67], [1745.71, 926.55], [1848.65, 927.23], [1951.44, 922.54], [2053.91, 913.19], [2156.27, 904.86], [1333.5, 981.5], [1485.5, 1027.5], [1613.5, 1041.5], [1721.5, 1049.5]]",
Parents,Right,ll282xll297-1_r34,../marked_images/landmarked_parents/marked_tiff/right_side/LL282xLL297-1_R34_MARK.tif,../marked_images/landmarked_parents/txt/right/LL282xLL297-1_R34.txt,../raw_images/parents/LL282xLL297-1_R34.tif,Parents,42,42,autolabel_v1.4,2560,1920,"[[2080.7, 1025.97], [700.33, 1312.78], [418.86, 878.54], [916.74, 1251.93], [1107.81, 1239.56], [1280.49, 1250.57], [1418.0, 1265.5], [1509.26, 1271.47], [1600.87, 1282.5], [1687.23, 1277.53], [1062.17, 1009.5], [1163.5, 1084.17], [1315.5, 1125.5], [1436.83, 1174.83], [1536.0, 1200.5], [1623.5, 1214.83], [1723.5, 1146.83], [1041.43, 909.72], [414.75, 1004.92], [412.48, 1132.83], [458.27, 1248.27], [575.18, 1300.17], [771.17, 1289.03], [843.64, 1269.74], [1713.41, 1326.81], [1832.17, 1292.39], [1920.43, 1204.62], [2017.66, 1126.84], [1134.31, 942.45], [1228.8, 970.22], [1324.55, 993.46], [1421.53, 1010.94], [1519.31, 1022.97], [1617.52, 1030.38], [1716.01, 1033.74], [1814.56, 1034.37], [1889.73, 991.2], [1982.28, 1020.87], [1235.5, 1073.5], [1382.0, 1111.5], [1499.0, 1131.0], [1591.5, 1146.83]]",
Parents,Right,ll282xll427v1-1_r03,../marked_images/landmarked_parents/marked_tiff/right_side/LL282xLL427v1-1_R03_MARK.tif,../marked_images/landmarked_parents/txt/right/LL282xLL427v1-1_R03.txt,../raw_images/parents/LL282xLL427v1-1_R03.tif,Parents,42,42,autolabel_v1.4,2560,1920,"[[2115.73, 881.47], [789.99, 1222.4], [521.71, 764.22], [1019.24, 1152.79], [1172.0, 1140.46], [1344.95, 1143.45], [1479.86, 1150.5], [1578.2, 1157.51], [1664.23, 1171.48], [1748.95, 1168.5], [1148.83, 879.17], [1235.5, 950.5], [1377.83, 1006.5], [1496.5, 1041.17], [1599.5, 1068.5], [1681.83, 1073.17], [1752.5, 972.5], [1124.92, 786.16], [521.83, 890.89], [527.29, 1017.34], [558.02, 1138.51], [669.49, 1198.43], [865.8, 1196.0], [940.01, 1166.62], [1846.53, 1145.01], [1936.18, 1098.75], [2017.09, 1038.69], [2093.43, 973.46], [1210.66, 817.65], [1299.2, 840.14], [1388.48, 859.38], [1478.57, 874.08], [1569.35, 884.08], [1660.48, 890.43], [1751.83, 891.42], [1843.15, 889.82], [1934.06, 882.42], [2024.66, 874.3], [1306.17, 940.5], [1448.5, 979.83], [1553.5, 999.17], [1649.5, 1010.5]]",
Parents,Right,ll286xll288-1_r48,../marked_images/landmarked_parents/marked_tiff/right_side/LL286xLL288-1_R48_MARK.tif,../marked_images/landmarked_parents/txt/right/LL286xLL288-1_R48.txt,../raw_images/parents/LL286xLL288-1_R48.tif,Parents,42,42,autolabel_v1.4,2560,1920,"[[2170.28, 928.61], [676.04, 1204.54], [470.26, 682.33], [923.52, 1152.5], [1116.78, 1134.43], [1286.7, 1143.5], [1434.33, 1157.57], [1545.91, 1166.46], [1633.61, 1183.5], [1708.59, 1186.58], [1122.5, 869.5], [1214.5, 946.83], [1359.83, 1002.83], [1479.83, 1049.5], [1581.5, 1074.5], [1684.5, 1083.5], [1787.5, 1015.5], [1104.09, 769.8], [448.5, 825.07], [435.48, 969.42], [493.28, 1094.85], [533.53, 1196.67], [759.49, 1192.41], [842.04, 1174.87], [1819.33, 1178.31], [1924.13, 1140.68], [2019.76, 1084.0], [2106.54, 1014.96], [1195.1, 808.2], [1288.33, 841.06], [1384.2, 865.19], [1481.21, 883.95], [1578.99, 898.21], [1677.31, 908.45], [1776.0, 914.12], [1874.76, 918.58], [1973.52, 917.77], [2072.11, 916.97], [1295.83, 934.83], [1430.5, 981.5], [1553.17, 1009.5], [1658.5, 1029.5]]",
Parents,Right,ll286xll288-2_r05,../marked_images/landmarked_parents/marked_tiff/right_side/LL286xLL288-2_R05_MARK.tif,../marked_images/landmarked_parents/txt/right/LL286xLL288-2_R05.txt,../raw_images/parents/LL286xLL288-2_R05.tif,Parents,42,42,autolabel_v1.4,2560,1920,"[[2119.12, 1028.76], [722.03, 1306.5], [482.18, 866.21], [961.19, 1261.81], [1152.44, 1240.41], [1305.52, 1244.01], [1448.01, 1257.5], [1550.82, 1268.5], [1632.14, 1279.55], [1714.0, 1283.46], [1127.5, 1004.5], [1212.83, 1070.83], [1348.5, 1125.5], [1470.5, 1163.5], [1568.5, 1189.5], [1660.5, 1201.17], [1730.5, 1099.5], [1106.44, 898.58], [484.35, 983.66], [479.09, 1098.91], [520.7, 1204.72], [621.07, 1258.61], [802.71, 1297.58], [881.57, 1278.66], [1815.89, 1276.12], [1912.0, 1240.12], [1997.39, 1183.6], [2072.18, 1114.38], [1193.33, 933.48], [1282.54, 962.0], [1373.74, 983.04], [1465.96, 999.12], [1558.82, 1011.11], [1652.09, 1019.6], [1745.7, 1022.76], [1839.33, 1024.69], [1932.82, 1021.52], [2026.08, 1018.04], [1287.5, 1064.5], [1423.5, 1107.5], [1532.5, 1130.5], [1629.5, 1147.5]]",
Parents,Right,ll286xll297-1_r09,../marked_images/landmarked_parents/marked_tiff/right_side/LL286xLL297-1_R09_MARK.tif,../marked_images/landmarked_parents/txt/right/LL286xLL297-1_R09.txt,../raw_images/parents/LL286xLL297-1_R09.tif,Parents,42,42,autolabel_v1.4,2560,1920,"[[2114.29, 1011.74], [693.09, 1243.63], [465.2, 787.27], [934.42, 1204.6], [1105.34, 1203.5], [1262.23, 1214.53], [1408.71, 1229.51], [1514.78, 1239.44], [1604.62, 1253.53], [1691.71, 1258.53], [1107.17, 959.5], [1184.5, 1032.83], [1325.83, 1087.5], [1444.5, 1136.83], [1528.5, 1176.5], [1627.17, 1191.5], [1713.5, 1081.5], [1092.15, 867.45], [456.5, 907.08], [451.3, 1030.12], [472.93, 1148.64], [578.67, 1210.37], [774.17, 1234.1], [853.39, 1214.6], [1794.31, 1253.78], [1891.74, 1219.68], [1976.98, 1161.49], [2052.49, 1091.15], [1179.25, 904.55], [1269.45, 933.31], [1361.22, 956.35], [1454.1, 974.48], [1547.76, 988.15], [1641.96, 997.57], [1736.53, 1002.25], [1831.18, 1003.49], [1925.81, 1001.48], [2020.27, 1000.55], [1259.17, 1027.5], [1397.83, 1074.17], [1509.83, 1099.5], [1601.83, 1111.5]]",
Parents,Right,ll286xlx022-1_r16,../marked_images/landmarked_parents/marked_tiff/right_side/LL286xLX022-1_R16_MARK.tif,../marked_images/landmarked_parents/txt/right/LL286xLX022-1_R16.txt,../raw_images/parents/LL286xLX022-1_R16.tif,Parents,42,42,autolabel_v1.4,2560,1920,"[[2181.88, 974.2], [778.43, 1270.63], [555.64, 834.43], [1025.18, 1216.44], [1194.18, 1199.5], [1363.08, 1198.66], [1505.87, 1210.62], [1606.37, 1216.05], [1698.22, 1226.56], [1781.71, 1229.5], [1195.17, 962.17], [1285.83, 1031.5], [1416.5, 1080.83], [1535.17, 1120.83], [1637.5, 1150.5], [1720.5, 1166.5], [1800.5, 1050.5], [1175.29, 868.08], [563.65, 950.4], [559.98, 1073.43], [593.84, 1185.35], [670.88, 1262.34], [859.48, 1245.57], [939.95, 1235.11], [1879.49, 1213.94], [1970.37, 1173.26], [2054.56, 1120.53], [2126.68, 1052.82], [1262.29, 900.19], [1351.74, 924.7], [1442.43, 943.59], [1534.04, 957.83], [1626.37, 966.69], [1718.9, 972.82], [1811.55, 976.5], [1904.3, 976.5], [1996.81, 970.52], [2089.32, 968.36], [1359.17, 1024.83], [1491.17, 1066.17], [1608.5, 1090.5], [1700.5, 1104.5]]",
Parents,Right,ll288xll022-1_r41,../marked_images/landmarked_parents/marked_tiff/right_side/LL288xLL022-1_R41_MARK.tif,../marked_images/landmarked_parents/txt/right/LL288xLL022-1_R41.txt,../raw_images/parents/LL288xLL022-1_R41.tif,Parents,42,42,autolabel_v1.4,2560,1920,"[[2134.24, 927.29], [830.11, 1256.68], [565.81, 779.12], [1098.62, 1206.24], [1243.35, 1193.51], [1381.44, 1195.4], [1508.5, 1202.5], [1594.67, 1201.95], [1668.27, 1208.7], [1751.02, 1209.5], [1190.17, 941.83], [1262.17, 1008.83], [1400.83, 1055.17], [1512.83, 1091.17], [1612.5, 1103.17], [1692.83, 1108.17], [1761.83, 1017.83], [1166.01, 846.2], [564.53, 902.98], [563.31, 1029.15], [606.11, 1146.75], [714.78, 1209.96], [920.89, 1248.48], [1009.14, 1224.77], [1853.2, 1201.1], [1946.01, 1157.51], [2026.03, 1093.46], [2095.4, 1017.31], [1249.87, 876.94], [1335.68, 901.62], [1423.0, 920.28], [1511.42, 932.92], [1600.54, 939.62], [1689.86, 942.84], [1779.22, 942.85], [1868.4, 938.14], [1957.13, 927.98], [2045.41, 917.51], [1328.83, 992.83], [1453.5, 1027.5], [1569.83, 1049.17], [1659.83, 1057.17]]",
Parents,Right,ll288xll255v2-1_r30,../marked_images/landmarked_parents/marked_tiff/right_side/LL288xLL255v2-1_R30_MARK.tif,../marked_images/landmarked_parents/txt/right/LL288xLL255v2-1_R30.txt,../raw_images/parents/LL288xLL255v2-1_R30.tif,Parents,42,42,autolabel_v1.4,2560,1920,"[[2171.58, 900.29], [798.38, 1143.04], [540.51, 731.99], [1073.32, 1102.5], [1218.08, 1108.63], [1374.37, 1121.72], [1508.18, 1136.49], [1607.4, 1138.5], [1689.93, 1149.54], [1776.9, 1156.66], [1171.5, 888.5], [1257.5, 963.5], [1400.5, 1015.5], [1520.5, 1052.5], [1624.5, 1076.5], [1711.5, 1073.5], [1786.5, 989.5], [1150.06, 767.22], [534.5, 848.89], [539.5, 965.61], [577.92, 1072.75], [683.22, 1121.94], [891.27, 1132.73], [979.94, 1106.36], [1878.35, 1149.06], [1974.04, 1114.47], [2059.79, 1059.81], [2129.26, 985.43], [1235.9, 807.75], [1324.68, 840.92], [1416.0, 866.52], [1509.01, 885.16], [1603.25, 896.71], [1697.87, 904.47], [1792.69, 909.01], [1887.58, 908.99], [1982.27, 903.4], [2076.74, 895.98], [1332.5, 947.5], [1467.5, 991.5], [1581.5, 1007.5], [1675.5, 1022.5]]",
Parents,Right,ll297xll283-1_r42,../marked_images/landmarked_parents/marked_tiff/right_side/LL297xLL283-1_R42 (1)_MARK.tif,../marked_images/landmarked_parents/txt/right/LL297xLL283-1_R42.txt,../raw_images/parents/LL297xLL283-1_R42.tif,Parents,42,42,autolabel_v1.4,2560,1920,"[[2113.61, 999.28], [804.76, 1270.69], [521.48, 880.7], [992.44, 1227.53], [1170.91, 1226.5], [1330.88, 1230.34], [1465.5, 1237.34], [1570.72, 1242.51], [1648.07, 1254.46], [1731.15, 1256.32], [1150.5, 997.5], [1241.5, 1067.5], [1375.5, 1116.5], [1486.83, 1150.83], [1585.83, 1168.83], [1671.83, 1178.83], [1736.5, 1081.5], [1126.68, 882.65], [520.5, 999.02], [524.94, 1114.33], [586.6, 1209.27], [685.59, 1251.78], [866.71, 1252.9], [928.91, 1237.71], [1830.08, 1247.67], [1922.71, 1211.39], [2006.27, 1157.99], [2074.55, 1085.73], [1208.98, 921.87], [1297.07, 946.05], [1386.42, 964.94], [1476.53, 979.76], [1567.21, 990.58], [1658.3, 997.37], [1749.63, 999.63], [1840.96, 998.54], [1932.07, 992.78], [2022.9, 988.44], [1292.5, 1040.5], [1441.17, 1086.83], [1547.83, 1106.17], [1640.5, 1117.5]]",
Parents,Right,lx024xll247v1-1_r09,../marked_images/landmarked_parents/marked_tiff/right_side/LX024xLL247v1-1_R09_MARK.tif,../marked_images/landmarked_parents/txt/right/LX024xLL247v1-1_R09.txt,../raw_images/parents/LX024xLL247v1-1_R09.tif,Parents,42,42,autolabel_v1.4,2560,1920,"[[2181.26, 950.23], [760.23, 1279.44], [506.71, 818.71], [1009.18, 1218.49], [1202.08, 1207.5], [1337.21, 1209.56], [1499.54, 1222.69], [1631.65, 1227.69], [1723.29, 1235.8], [1805.85, 1230.56], [1165.83, 963.5], [1269.83, 1040.83], [1408.5, 1095.5], [1537.83, 1143.5], [1643.5, 1153.5], [1739.5, 1156.17], [1805.5, 1052.5], [1142.95, 864.73], [498.55, 946.56], [515.82, 1072.65], [570.43, 1190.21], [630.03, 1260.27], [842.95, 1257.31], [925.88, 1236.17], [1902.04, 1203.68], [1978.63, 1152.44], [2064.81, 1104.21], [2137.27, 1035.23], [1232.98, 896.82], [1324.84, 923.35], [1418.3, 943.84], [1513.1, 956.59], [1608.32, 965.53], [1703.82, 971.05], [1799.47, 973.1], [1895.08, 969.53], [1990.37, 961.56], [2085.63, 953.29], [1344.5, 1025.5], [1484.5, 1063.5], [1607.17, 1088.83], [1708.5, 1094.5]]",
Parents,Right,lx025xll247v2-1_r06,../marked_images/landmarked_parents/marked_tiff/right_side/LX025xLL247v2-1_R06_MARK.tif,../marked_images/landmarked_parents/txt/right/LX025xLL247v2-1_R06.txt,../raw_images/parents/LX025xLL247v2-1_R06.tif,Parents,42,42,autolabel_v1.4,2560,1920,"[[2127.97, 983.77], [729.88, 1243.89], [542.3, 759.08], [941.82, 1208.56], [1128.35, 1197.5], [1307.18, 1205.5], [1437.27, 1217.47], [1540.03, 1224.87], [1624.16, 1237.5], [1702.87, 1244.5], [1141.83, 939.83], [1219.17, 1005.17], [1364.5, 1065.17], [1476.5, 1101.17], [1575.17, 1123.83], [1664.5, 1135.17], [1735.5, 1055.5], [1126.2, 855.82], [515.39, 891.6], [491.46, 1025.35], [545.8, 1137.07], [593.36, 1242.59], [799.86, 1228.38], [870.73, 1217.5], [1806.91, 1231.38], [1904.15, 1191.24], [1992.73, 1133.97], [2069.75, 1066.75], [1212.19, 889.96], [1300.19, 918.39], [1389.94, 941.07], [1481.34, 955.88], [1573.31, 966.38], [1665.6, 973.49], [1758.11, 977.48], [1850.7, 976.81], [1943.28, 974.79], [2035.73, 975.65], [1303.17, 997.17], [1435.17, 1035.83], [1547.17, 1063.83], [1642.5, 1083.83]]",
Parents,Right,lx028xll258v2-1_r01,../marked_images/landmarked_parents/marked_tiff/right_side/LX028xLL258v2-1_R01_MARK.tif,../marked_images/landmarked_parents/txt/right/LX028xLL258v2-1_R01.txt,../raw_images/parents/LX028xLL258v2-1_R01.tif,Parents,42,42,autolabel_v1.4,2560,1920,"[[2149.47, 1034.48], [799.76, 1259.5], [494.57, 853.6], [1028.46, 1230.5], [1203.2, 1241.5], [1373.8, 1251.8], [1514.43, 1261.73], [1613.4, 1260.72], [1691.72, 1269.5], [1779.82, 1276.68], [1149.5, 1016.5], [1255.5, 1080.5], [1393.5, 1133.5], [1518.5, 1173.5], [1623.0, 1194.5], [1710.17, 1198.83], [1775.83, 1112.5], [1129.0, 893.54], [507.84, 971.08], [514.34, 1089.3], [577.59, 1184.16], [684.09, 1235.54], [873.36, 1235.78], [951.03, 1236.5], [1871.58, 1264.65], [1956.22, 1225.2], [2031.93, 1170.57], [2101.82, 1109.75], [1215.2, 932.5], [1304.55, 963.0], [1396.28, 986.07], [1489.07, 1004.58], [1582.61, 1018.95], [1676.83, 1027.65], [1771.36, 1031.43], [1865.97, 1033.42], [1960.53, 1032.44], [2055.01, 1028.84], [1322.5, 1077.5], [1462.5, 1117.5], [1583.0, 1138.0], [1680.17, 1152.83]]",
Parents,Right,lx037xll255v2-1_r01,../marked_images/landmarked_parents/marked_tiff/right_side/LX037xLL255v2-1_R01_MARK.tif,../marked_images/landmarked_parents/txt/right/LX037xLL255v2-1_R01.txt,../raw_images/parents/LX037xLL255v2-1_R01.tif,Parents,42,42,autolabel_v1.4,2560,1920,"[[2148.76, 918.08], [716.97, 1105.5], [475.62, 687.12], [967.51, 1068.5], [1162.03, 1081.5], [1327.37, 1098.5], [1457.17, 1113.37], [1561.14, 1118.11], [1649.14, 1136.37], [1747.03, 1145.46], [1134.5, 863.5], [1227.5, 930.5], [1369.5, 988.5], [1488.5, 1042.5], [1600.83, 1056.5], [1686.17, 1081.17], [1760.5, 976.5], [1118.13, 738.45], [465.61, 802.76], [462.88, 919.11], [500.24, 1024.84], [600.58, 1086.02], [799.96, 1088.9], [882.47, 1071.63], [1842.54, 1129.06], [1935.85, 1101.88], [2019.91, 1052.8], [2095.27, 992.27], [1206.51, 776.09], [1293.86, 816.08], [1385.67, 840.87], [1480.59, 855.69], [1575.41, 871.13], [1670.62, 883.96], [1766.13, 894.37], [1861.89, 901.83], [1957.84, 903.88], [2053.66, 904.45], [1283.5, 918.5], [1444.5, 974.5], [1568.17, 1001.17], [1661.5, 1020.5]]",
Parents,Right,np078xnp060v4-1_r41,../marked_images/landmarked_parents/marked_tiff/right_side/NP078xNP060v4-1_R41_MARK.tif,../marked_images/landmarked_parents/txt/right/NP078xNP060v4-1_R41.txt,../raw_images/parents/NP078xNP060v4-1_R41.tif,Parents,42,42,autolabel_v1.4,2560,1920,"[[2013.32, 1055.3], [756.03, 1318.5], [588.53, 909.78], [1108.37, 1258.61], [1261.09, 1261.49], [1373.55, 1275.28], [1502.39, 1295.18], [1594.46, 1302.25], [1677.72, 1305.54], [1759.61, 1291.02], [1213.5, 1090.5], [1282.5, 1147.5], [1385.0, 1193.5], [1500.0, 1225.5], [1596.5, 1239.5], [1681.5, 1226.5], [1770.17, 1141.83], [1192.03, 987.95], [564.21, 1012.36], [554.5, 1116.91], [577.62, 1219.6], [654.61, 1290.4], [873.2, 1296.81], [990.81, 1279.18], [1828.7, 1264.4], [1894.51, 1230.57], [1953.08, 1185.42], [1996.14, 1125.22], [1263.02, 1014.5], [1335.74, 1035.71], [1409.82, 1051.47], [1484.82, 1062.55], [1560.17, 1070.93], [1635.93, 1074.2], [1711.74, 1075.25], [1787.46, 1072.5], [1862.73, 1064.28], [1937.52, 1053.21], [1333.5, 1129.5], [1459.5, 1169.5], [1563.5, 1189.5], [1650.0, 1194.5]]",
Parents,Right,np081xnp060v4-1_r07,../marked_images/landmarked_parents/marked_tiff/right_side/NP081xNP060v4-1_R07_MARK.tif,../marked_images/landmarked_parents/txt/right/NP081xNP060v4-1_R07.txt,../raw_images/parents/NP081xNP060v4-1_R07.tif,Parents,42,42,autolabel_v1.4,2560,1920,"[[2047.25, 1030.19], [740.34, 1264.56], [599.15, 900.49], [1103.84, 1221.23], [1240.58, 1228.5], [1373.81, 1245.43], [1488.35, 1263.68], [1596.89, 1274.23], [1705.63, 1277.47], [1789.19, 1260.82], [1213.17, 1058.5], [1292.5, 1128.5], [1423.5, 1162.5], [1510.5, 1202.17], [1611.5, 1213.5], [1717.17, 1196.5], [1734.5, 1121.5], [1195.59, 960.46], [566.67, 993.21], [540.47, 1089.01], [564.59, 1182.09], [645.58, 1239.12], [861.3, 1248.83], [983.04, 1239.48], [1857.22, 1233.43], [1923.4, 1201.04], [1980.34, 1154.95], [2028.13, 1099.23], [1269.69, 986.48], [1345.49, 1006.95], [1422.54, 1022.26], [1500.34, 1033.42], [1578.52, 1041.5], [1657.05, 1044.75], [1735.63, 1046.05], [1814.19, 1044.42], [1892.06, 1036.0], [1969.0, 1022.76], [1350.5, 1110.5], [1479.83, 1147.5], [1589.5, 1163.5], [1680.5, 1167.5]]",
Parents,Right,np086xpx014-1_r28,../marked_images/landmarked_parents/marked_tiff/right_side/NP086xPX014-1_R28_MARK.tif,../marked_images/landmarked_parents/txt/right/NP086xPX014-1_R28.txt,../raw_images/parents/NP086xPX014-1_R28.tif,Parents,42,42,autolabel_v1.4,2560,1920,"[[2041.65, 1008.94], [750.09, 1255.88], [618.64, 829.95], [1102.79, 1204.92], [1259.58, 1212.5], [1378.7, 1231.0], [1486.64, 1245.39], [1580.05, 1245.0], [1687.74, 1253.5], [1777.68, 1238.96], [1212.83, 1041.5], [1289.5, 1095.5], [1405.83, 1154.83], [1509.83, 1187.5], [1607.17, 1188.83], [1707.17, 1186.17], [1794.83, 1105.83], [1195.96, 953.23], [593.26, 933.94], [568.36, 1038.21], [580.97, 1143.46], [649.32, 1223.24], [867.69, 1241.18], [985.58, 1225.21], [1845.36, 1210.64], [1911.08, 1177.09], [1969.42, 1132.08], [2016.75, 1076.18], [1269.43, 979.11], [1344.53, 999.67], [1420.93, 1014.81], [1498.19, 1024.97], [1575.96, 1030.17], [1653.89, 1031.28], [1731.82, 1030.28], [1809.61, 1025.95], [1886.95, 1016.84], [1963.79, 1005.3], [1355.17, 1091.5], [1476.5, 1119.5], [1581.83, 1136.83], [1676.5, 1144.83]]",
Parents,Right,np089xnp060v2-1_r04,../marked_images/landmarked_parents/marked_tiff/right_side/NP089xNP060v2-1_R04_MARK.tif,../marked_images/landmarked_parents/txt/right/NP089xNP060v2-1_R04.txt,../raw_images/parents/NP089xNP060v2-1_R04.tif,Parents,42,42,autolabel_v1.4,2560,1920,"[[2104.6, 1005.84], [744.78, 1229.5], [630.5, 822.35], [1114.45, 1197.6], [1290.71, 1207.29], [1427.03, 1230.83], [1541.91, 1249.1], [1635.6, 1250.8], [1740.01, 1257.5], [1837.58, 1238.63], [1245.5, 1038.5], [1318.5, 1094.5], [1450.5, 1149.5], [1557.5, 1198.5], [1653.5, 1199.5], [1761.5, 1172.83], [1850.17, 1098.17], [1230.16, 945.24], [601.21, 920.36], [564.42, 1018.17], [573.43, 1122.36], [643.93, 1200.02], [867.82, 1217.42], [991.73, 1216.5], [1905.99, 1209.24], [1971.06, 1172.69], [2030.45, 1128.12], [2078.68, 1072.11], [1306.43, 970.9], [1384.22, 991.34], [1463.13, 1007.02], [1542.8, 1018.15], [1623.04, 1024.63], [1703.47, 1027.92], [1783.94, 1027.15], [1864.33, 1023.37], [1944.37, 1015.5], [2024.1, 1005.52], [1386.5, 1086.5], [1520.5, 1123.5], [1626.5, 1137.5], [1726.17, 1140.17]]",
Parents,Right,np091xpx013-1_r09,../marked_images/landmarked_parents/marked_tiff/right_side/NP091xPX013-1_R09_MARK.tif,../marked_images/landmarked_parents/txt/right/NP091xPX013-1_R09.txt,../raw_images/parents/NP091xPX013-1_R09.tif,Parents,42,42,autolabel_v1.4,2560,1920,"[[2010.26, 1008.22], [712.87, 1257.51], [625.5, 811.02], [1042.51, 1214.48], [1218.94, 1208.64], [1375.06, 1222.66], [1485.32, 1236.99], [1575.53, 1241.53], [1658.51, 1245.5], [1727.46, 1237.01], [1207.83, 1023.17], [1271.17, 1077.17], [1387.83, 1133.17], [1493.83, 1182.5], [1586.5, 1191.5], [1686.0, 1156.0], [1718.5, 1093.83], [1191.06, 935.88], [592.53, 913.38], [557.33, 1016.32], [553.77, 1124.02], [623.27, 1206.85], [823.03, 1245.67], [932.56, 1228.37], [1800.68, 1212.41], [1871.37, 1180.74], [1934.37, 1136.34], [1985.7, 1079.01], [1261.9, 962.02], [1334.15, 984.05], [1408.14, 999.38], [1482.94, 1009.77], [1558.16, 1016.7], [1633.6, 1020.5], [1709.17, 1020.5], [1784.69, 1018.13], [1859.82, 1010.97], [1934.8, 1004.17], [1334.5, 1074.5], [1459.83, 1104.5], [1558.5, 1125.5], [1651.0, 1133.0]]",
Parents,Right,np096xnp081-1_r20,../marked_images/landmarked_parents/marked_tiff/right_side/NP096xNP081-1_R20_MARK.tif,../marked_images/landmarked_parents/txt/right/NP096xNP081-1_R20.txt,../raw_images/parents/NP096xNP081-1_R20.tif,Parents,42,42,autolabel_v1.4,2560,1920,"[[2071.05, 995.64], [768.03, 1256.5], [648.17, 764.13], [1116.09, 1205.84], [1282.55, 1193.5], [1405.15, 1205.56], [1518.62, 1224.7], [1613.43, 1229.73], [1700.24, 1238.5], [1781.15, 1232.5], [1250.0, 1004.0], [1323.0, 1057.0], [1439.5, 1104.5], [1530.83, 1169.83], [1623.5, 1170.17], [1715.5, 1152.17], [1815.5, 1073.5], [1231.07, 909.42], [626.23, 873.58], [596.6, 984.65], [607.4, 1099.2], [677.68, 1189.19], [894.52, 1239.25], [1020.99, 1223.88], [1855.98, 1206.63], [1928.46, 1175.04], [1991.38, 1127.7], [2042.0, 1066.81], [1303.72, 936.49], [1378.15, 958.29], [1453.9, 974.67], [1530.43, 986.96], [1607.47, 995.61], [1684.84, 1000.93], [1762.37, 1002.98], [1839.88, 1001.72], [1917.03, 995.16], [1993.87, 988.04], [1380.0, 1052.5], [1496.0, 1087.5], [1598.0, 1107.0], [1688.17, 1119.5]]",
Parents,Right,np096xnp086-1_r03,../marked_images/landmarked_parents/marked_tiff/right_side/NP096xNP086-1_R03_MARK.tif,../marked_images/landmarked_parents/txt/right/NP096xNP086-1_R03.txt,../raw_images/parents/NP096xNP086-1_R03.tif,Parents,42,42,autolabel_v1.4,2560,1920,"[[2057.01, 1029.69], [714.03, 1282.5], [590.5, 857.54], [1110.17, 1232.1], [1269.0, 1234.5], [1396.91, 1250.35], [1509.88, 1268.81], [1606.03, 1270.14], [1700.8, 1272.5], [1781.59, 1264.23], [1223.17, 1063.17], [1293.0, 1116.0], [1420.5, 1171.17], [1524.5, 1207.17], [1620.0, 1215.0], [1716.83, 1196.17], [1797.83, 1116.5], [1204.61, 964.57], [565.83, 957.22], [547.26, 1058.32], [559.85, 1160.35], [618.56, 1244.02], [846.09, 1266.13], [978.32, 1250.96], [1854.43, 1239.94], [1923.1, 1205.32], [1985.47, 1160.5], [2032.44, 1100.17], [1278.86, 990.32], [1354.64, 1010.97], [1431.68, 1026.47], [1509.52, 1037.4], [1587.85, 1044.2], [1666.42, 1047.36], [1745.02, 1047.1], [1823.56, 1043.75], [1901.52, 1034.95], [1978.71, 1022.51], [1356.5, 1113.83], [1480.5, 1145.5], [1587.5, 1163.5], [1683.5, 1173.5]]",
Parents,Right,np096xpx013-2_r06,../marked_images/landmarked_parents/marked_tiff/right_side/NP096xPX013-2_R06_MARK.tif,../marked_images/landmarked_parents/txt/right/NP096xPX013-2_R06.txt,../raw_images/parents/NP096xPX013-2_R06.tif,Parents,42,42,autolabel_v1.4,2560,1920,"[[2054.6, 980.87], [708.19, 1231.91], [611.5, 785.65], [1071.7, 1192.5], [1246.73, 1190.5], [1383.26, 1204.69], [1496.72, 1225.42], [1590.09, 1225.49], [1677.35, 1226.96], [1765.76, 1215.58], [1220.5, 1008.5], [1282.5, 1057.5], [1410.5, 1100.5], [1515.0, 1135.0], [1601.5, 1154.5], [1694.5, 1146.83], [1787.17, 1070.83], [1205.59, 928.54], [574.11, 883.99], [548.31, 987.34], [555.06, 1092.12], [616.23, 1179.73], [829.6, 1222.49], [950.71, 1207.45], [1842.02, 1195.81], [1913.32, 1163.37], [1973.82, 1113.04], [2021.64, 1050.86], [1279.23, 954.84], [1354.85, 974.91], [1431.74, 989.19], [1509.31, 998.94], [1587.31, 1004.77], [1665.5, 1007.35], [1743.7, 1005.02], [1821.63, 998.39], [1899.08, 987.68], [1976.41, 978.03], [1356.5, 1057.5], [1473.5, 1086.5], [1573.0, 1105.0], [1657.83, 1116.17]]",
Parents,Right,px013xnp060v4-2_r12,../marked_images/landmarked_parents/marked_tiff/right_side/PX013xNP060v4-2_R12_MARK.tif,../marked_images/landmarked_parents/txt/right/PX013xNP060v4-2_R12.txt,../raw_images/parents/PX013xNP060v4-2_R12.tif,Parents,42,42,autolabel_v1.4,2560,1920,"[[2091.53, 996.1], [739.85, 1234.5], [561.87, 824.92], [1112.9, 1186.89], [1282.76, 1203.92], [1416.16, 1227.55], [1526.8, 1233.03], [1636.22, 1237.5], [1726.84, 1234.55], [1808.48, 1216.53], [1238.17, 1022.83], [1296.83, 1088.83], [1434.0, 1144.0], [1537.5, 1180.0], [1641.5, 1156.5], [1736.5, 1157.5], [1751.5, 1082.5], [1222.53, 934.16], [542.38, 932.78], [523.4, 1040.92], [547.35, 1148.09], [630.84, 1216.83], [863.77, 1215.19], [988.78, 1205.51], [1881.19, 1193.62], [1951.66, 1165.24], [2012.5, 1120.51], [2063.6, 1064.85], [1298.11, 960.93], [1375.6, 981.29], [1454.47, 995.54], [1534.13, 1004.92], [1614.09, 1011.52], [1694.25, 1014.81], [1774.43, 1013.41], [1854.53, 1009.01], [1933.83, 998.58], [2012.1, 984.76], [1371.5, 1078.83], [1497.5, 1114.5], [1606.0, 1129.0], [1700.5, 1130.5]]",
Parents,Right,px013xnp097-1_r09,../marked_images/landmarked_parents/marked_tiff/right_side/PX013xNP097-1_R09_MARK.tif,../marked_images/landmarked_parents/txt/right/PX013xNP097-1_R09.txt,../raw_images/parents/PX013xNP097-1_R09.tif,Parents,42,42,autolabel_v1.4,2560,1920,"[[2014.4, 1012.78], [706.04, 1233.54], [552.5, 811.35], [1032.91, 1183.88], [1219.26, 1185.5], [1346.1, 1204.18], [1472.12, 1224.49], [1558.09, 1228.56], [1652.95, 1231.5], [1744.67, 1213.99], [1191.5, 992.5], [1255.5, 1055.5], [1377.5, 1118.5], [1479.5, 1159.5], [1571.5, 1171.5], [1672.83, 1144.83], [1755.5, 1065.5], [1177.7, 910.73], [536.36, 916.95], [511.49, 1022.61], [530.66, 1128.22], [604.53, 1206.99], [815.29, 1219.06], [924.39, 1203.61], [1808.8, 1187.63], [1871.91, 1158.74], [1930.19, 1121.19], [1978.82, 1071.68], [1251.31, 937.2], [1327.04, 956.92], [1403.67, 972.63], [1480.85, 985.39], [1558.49, 994.55], [1636.64, 998.5], [1714.89, 997.71], [1793.02, 993.82], [1870.27, 983.04], [1945.13, 976.38], [1316.5, 1053.5], [1447.5, 1089.5], [1539.5, 1105.5], [1633.5, 1115.5]]",
Parents,Right,px013xpx012-1_r03,../marked_images/landmarked_parents/marked_tiff/right_side/PX013xPX012-1_R03_MARK.tif,../marked_images/landmarked_parents/txt/right/PX013xPX012-1_R03.txt,../raw_images/parents/PX013xPX012-1_R03.tif,Parents,42,42,autolabel_v1.4,2560,1920,"[[2040.16, 997.81], [711.82, 1234.1], [609.33, 839.1], [1118.6, 1189.5], [1251.09, 1202.37], [1383.3, 1222.45], [1497.98, 1238.86], [1588.24, 1242.5], [1686.39, 1247.58], [1770.35, 1232.02], [1226.17, 1026.5], [1284.5, 1083.5], [1405.5, 1141.5], [1508.5, 1176.5], [1600.5, 1177.5], [1696.5, 1166.5], [1723.5, 1104.5], [1210.13, 936.34], [589.9, 928.78], [566.49, 1018.79], [582.57, 1109.19], [632.87, 1186.37], [847.42, 1223.64], [983.02, 1206.52], [1841.47, 1204.69], [1910.23, 1172.03], [1972.39, 1128.09], [2018.8, 1068.04], [1282.33, 961.98], [1356.12, 982.56], [1431.13, 998.21], [1506.98, 1009.32], [1583.36, 1016.04], [1659.97, 1018.84], [1736.62, 1018.26], [1813.17, 1014.29], [1888.96, 1004.2], [1963.83, 990.54], [1350.5, 1069.5], [1463.5, 1106.5], [1565.5, 1124.5], [1655.5, 1133.5]]",
Parents,Right,px014xnp012-5_r00,../marked_images/landmarked_parents/marked_tiff/right_side/PX014xNP012-5_R00_MARK.tif,../marked_images/landmarked_parents/txt/right/PX014xNP012-5_R00.txt,../raw_images/parents/PX014xNP012-5_R00.tif,Parents,42,42,autolabel_v1.4,2560,1920,"[[1998.16, 1002.18], [675.19, 1283.68], [552.5, 838.05], [1036.02, 1234.64], [1201.0, 1224.5], [1329.49, 1235.66], [1446.25, 1252.87], [1539.14, 1255.91], [1630.05, 1256.5], [1722.25, 1242.3], [1167.17, 1030.17], [1234.17, 1086.83], [1360.17, 1128.17], [1457.5, 1178.83], [1541.83, 1209.83], [1649.83, 1152.5], [1735.5, 1083.5], [1146.86, 934.71], [532.47, 939.76], [513.41, 1041.25], [533.33, 1142.56], [594.9, 1224.86], [796.82, 1280.49], [916.41, 1258.79], [1794.9, 1216.94], [1862.22, 1179.67], [1921.59, 1131.16], [1971.07, 1072.41], [1220.54, 961.98], [1296.65, 981.48], [1373.79, 996.07], [1451.55, 1007.18], [1529.68, 1014.96], [1608.22, 1017.4], [1686.78, 1016.51], [1765.08, 1010.88], [1842.9, 1000.48], [1920.33, 991.44], [1307.5, 1071.5], [1417.83, 1107.5], [1521.83, 1120.83], [1615.83, 1129.83]]",
Parents,Right,px014xnp060v4-2_r07,../marked_images/landmarked_parents/marked_tiff/right_side/PX014xNP060v4-2_R07_MARK.tif,../marked_images/landmarked_parents/txt/right/PX014xNP060v4-2_R07.txt,../raw_images/parents/PX014xNP060v4-2_R07.tif,Parents,42,42,autolabel_v1.4,2560,1920,"[[2078.3, 998.31], [710.78, 1264.62], [635.14, 779.09], [1104.74, 1214.93], [1257.91, 1212.5], [1390.98, 1221.6], [1514.93, 1239.94], [1615.57, 1245.7], [1722.33, 1250.5], [1816.09, 1232.83], [1237.5, 1015.5], [1318.5, 1078.5], [1433.5, 1139.5], [1534.83, 1174.5], [1636.83, 1163.17], [1736.83, 1158.83], [1754.5, 1077.5], [1220.41, 927.76], [603.15, 884.56], [567.94, 989.71], [577.31, 1099.76], [629.1, 1196.91], [842.11, 1253.08], [973.64, 1234.6], [1885.3, 1206.11], [1950.59, 1170.96], [2007.3, 1123.75], [2054.25, 1066.98], [1293.6, 958.28], [1369.55, 981.0], [1446.98, 997.67], [1525.39, 1008.97], [1604.38, 1015.7], [1683.63, 1018.34], [1762.91, 1017.0], [1842.06, 1012.62], [1920.75, 1003.63], [1999.13, 993.89], [1369.5, 1072.5], [1493.5, 1107.5], [1603.5, 1125.5], [1701.17, 1130.5]]",
Parents,Right,px014xnp068v1-1_r12,../marked_images/landmarked_parents/marked_tiff/right_side/PX014xNP068v1-1_R12_MARK.tif,../marked_images/landmarked_parents/txt/right/PX014xNP068v1-1_ R12.txt,../raw_images/parents/PX014xNP068v1-1_ R12.tif,Parents,42,42,autolabel_v1.4,2560,1920,"[[2074.49, 1041.65], [684.15, 1299.18], [612.97, 818.01], [1091.36, 1243.61], [1237.91, 1243.5], [1395.46, 1261.5], [1487.3, 1274.9], [1594.82, 1282.82], [1695.62, 1289.5], [1801.42, 1273.75], [1228.5, 1042.17], [1305.83, 1114.17], [1421.83, 1175.5], [1521.83, 1215.5], [1621.17, 1221.5], [1731.17, 1200.17], [1750.5, 1121.5], [1213.8, 962.81], [592.17, 922.87], [556.4, 1029.23], [554.1, 1138.96], [589.32, 1244.63], [820.22, 1283.61], [956.04, 1263.65], [1872.85, 1248.22], [1940.49, 1214.44], [1999.81, 1167.68], [2047.79, 1109.72], [1287.11, 993.87], [1363.12, 1017.52], [1440.72, 1034.88], [1519.4, 1046.48], [1598.71, 1053.24], [1678.26, 1056.36], [1757.87, 1055.74], [1837.41, 1052.52], [1916.46, 1044.17], [1995.14, 1035.14], [1367.17, 1106.17], [1493.83, 1143.5], [1597.17, 1160.83], [1699.17, 1167.5]]",
Parents,Right,px014xnp072-4_r06,../marked_images/landmarked_parents/marked_tiff/right_side/PX014xNP072-4_R06_MARK.tif,../marked_images/landmarked_parents/txt/right/PX014xNP072-4_R06.txt,../raw_images/parents/PX014xNP072-4_R06.tif,Parents,42,42,autolabel_v1.4,2560,1920,"[[1997.53, 1066.57], [725.4, 1291.5], [561.23, 866.39], [1063.35, 1241.5], [1213.91, 1246.12], [1343.21, 1267.25], [1447.95, 1287.84], [1543.08, 1297.66], [1630.17, 1304.84], [1712.74, 1296.57], [1173.83, 1079.5], [1243.17, 1131.5], [1356.5, 1183.5], [1463.0, 1229.0], [1552.83, 1242.17], [1649.5, 1220.17], [1674.17, 1138.17], [1154.75, 971.58], [540.09, 974.22], [517.52, 1081.96], [541.97, 1189.22], [618.68, 1265.98], [836.99, 1267.49], [950.08, 1255.5], [1788.28, 1275.78], [1859.01, 1242.48], [1922.62, 1196.88], [1974.1, 1138.09], [1227.03, 1000.73], [1301.36, 1023.99], [1377.21, 1041.9], [1453.97, 1055.61], [1531.23, 1066.22], [1609.02, 1071.67], [1686.93, 1075.2], [1764.87, 1075.34], [1842.53, 1069.79], [1919.75, 1060.95], [1305.83, 1122.17], [1429.0, 1162.0], [1531.5, 1180.83], [1624.17, 1184.83]]",
